epoch,batch,global_step,loss
0,1,0,6.235143661499023
0,2,1,6.617055416107178
0,3,2,6.874835968017578
0,4,3,6.746580600738525
0,5,4,6.237154483795166
0,6,5,6.265567302703857
0,7,6,6.26274299621582
0,8,7,7.073981285095215
0,9,8,6.7312469482421875
0,10,9,6.673294544219971
0,11,10,6.7831034660339355
0,12,11,6.8442864418029785
0,13,12,6.745736122131348
0,14,13,6.566493988037109
0,15,14,6.533625602722168
0,16,15,6.652770519256592
0,17,16,6.752746105194092
0,18,17,6.462355613708496
0,19,18,6.744426250457764
0,20,19,6.766921520233154
0,21,20,6.6131181716918945
0,22,21,6.510088920593262
0,23,22,6.79533052444458
0,24,23,6.692424297332764
0,25,24,6.687651634216309
0,26,25,6.530037879943848
0,27,26,6.626269817352295
0,28,27,6.468527793884277
0,29,28,6.188337326049805
0,30,29,6.562862873077393
0,31,30,6.4738545417785645
0,32,31,6.22349214553833
0,33,32,5.97454833984375
0,34,33,6.233414649963379
0,35,34,6.261796951293945
0,36,35,5.982007026672363
0,37,36,6.090162754058838
0,38,37,6.183259010314941
0,39,38,6.08873176574707
0,40,39,5.900530815124512
0,41,40,5.746545314788818
0,42,41,5.826867580413818
0,43,42,5.751949310302734
0,44,43,5.7802324295043945
0,45,44,6.033248424530029
0,46,45,5.674266338348389
0,47,46,5.7773661613464355
0,48,47,5.679120063781738
0,49,48,5.6751885414123535
0,50,49,5.706203937530518
0,51,50,5.680393218994141
0,52,51,5.845951557159424
0,53,52,5.570980072021484
0,54,53,5.493589878082275
0,55,54,5.571219444274902
0,56,55,5.556676387786865
0,57,56,5.654067516326904
0,58,57,5.525126934051514
0,59,58,5.407069683074951
0,60,59,5.444104194641113
0,61,60,5.514776229858398
0,62,61,5.49783992767334
0,63,62,5.385206699371338
0,64,63,5.403527736663818
0,65,64,5.406624794006348
0,66,65,5.3382720947265625
0,67,66,5.239011764526367
0,68,67,5.269023895263672
0,69,68,5.279515743255615
0,70,69,5.476685047149658
0,71,70,5.37038516998291
0,72,71,5.263526439666748
0,73,72,5.281771659851074
0,74,73,5.286221027374268
0,75,74,5.233120918273926
0,76,75,5.25985860824585
0,77,76,5.14406156539917
0,78,77,5.307438373565674
0,79,78,5.138850688934326
0,80,79,5.221833229064941
0,81,80,5.196629047393799
0,82,81,5.204480171203613
0,83,82,5.148687839508057
0,84,83,5.181386470794678
0,85,84,5.218527317047119
0,86,85,5.099069118499756
0,87,86,5.0784525871276855
0,88,87,5.015453815460205
0,89,88,5.0960469245910645
0,90,89,5.048031330108643
0,91,90,5.014002799987793
0,92,91,5.026604652404785
0,93,92,5.005370140075684
0,94,93,5.0940423011779785
0,95,94,5.210855484008789
0,96,95,5.122425556182861
0,97,96,5.098010540008545
0,98,97,4.9832987785339355
0,99,98,4.959743022918701
0,100,99,5.090092658996582
0,101,100,4.968838214874268
0,102,101,4.925685882568359
0,103,102,5.12621545791626
0,104,103,4.945214748382568
0,105,104,4.908691883087158
0,106,105,4.99989128112793
0,107,106,4.971246719360352
0,108,107,4.897919178009033
0,109,108,4.862083911895752
0,110,109,4.938390731811523
0,111,110,4.846685409545898
0,112,111,4.853691101074219
0,113,112,4.922601699829102
0,114,113,4.801693916320801
0,115,114,4.8226494789123535
0,116,115,4.9012017250061035
0,117,116,4.9296088218688965
0,118,117,4.812132358551025
0,119,118,5.024294376373291
0,120,119,4.874279499053955
0,121,120,4.790496349334717
0,122,121,4.75734806060791
0,123,122,4.665773868560791
0,124,123,4.810903549194336
0,125,124,4.754833221435547
0,126,125,4.747628211975098
0,127,126,4.644707202911377
0,128,127,4.843644618988037
0,129,128,4.662048816680908
0,130,129,4.784273147583008
0,131,130,4.658824443817139
0,132,131,4.669858932495117
0,133,132,4.682002544403076
0,134,133,4.742361545562744
0,135,134,4.755622863769531
0,136,135,4.83042573928833
0,137,136,4.785899639129639
0,138,137,4.78391170501709
0,139,138,4.786804676055908
0,140,139,4.730984210968018
0,141,140,4.625452041625977
0,142,141,4.61760139465332
0,143,142,4.6527910232543945
0,144,143,4.506925106048584
0,145,144,4.723203182220459
0,146,145,4.562315940856934
0,147,146,4.663206577301025
0,148,147,4.689010143280029
0,149,148,4.610037803649902
0,150,149,4.531860828399658
0,151,150,4.520137786865234
0,152,151,4.516657829284668
0,153,152,4.467296123504639
0,154,153,4.518913269042969
0,155,154,4.615631103515625
0,156,155,4.404025077819824
0,157,156,4.41958475112915
0,158,157,4.421822547912598
0,159,158,4.473505020141602
0,160,159,4.350040435791016
0,161,160,4.451682090759277
0,162,161,4.509716510772705
0,163,162,4.544880390167236
0,164,163,4.452392101287842
0,165,164,4.396208763122559
0,166,165,4.451316833496094
0,167,166,4.474706649780273
0,168,167,4.456345081329346
0,169,168,4.516061305999756
0,170,169,4.454707145690918
0,171,170,4.384787082672119
0,172,171,4.259415626525879
0,173,172,4.384644985198975
0,174,173,4.388940811157227
0,175,174,4.328652858734131
0,176,175,4.296645164489746
0,177,176,4.422182083129883
0,178,177,4.3665056228637695
0,179,178,4.389351844787598
0,180,179,4.407523155212402
0,181,180,4.351234436035156
0,182,181,4.441004753112793
0,183,182,4.402280330657959
0,184,183,4.337339878082275
0,185,184,4.500843524932861
0,186,185,4.170237064361572
0,187,186,4.190437316894531
0,188,187,4.443729877471924
0,189,188,4.190925121307373
0,190,189,4.253590106964111
0,191,190,4.235560894012451
0,192,191,4.21103572845459
0,193,192,4.373022556304932
0,194,193,4.202516555786133
0,195,194,4.134433746337891
0,196,195,4.119878768920898
0,197,196,4.1869916915893555
0,198,197,4.197524547576904
0,199,198,4.222282886505127
0,200,199,4.182199954986572
0,201,200,4.145810127258301
0,202,201,4.091934680938721
0,203,202,4.1320576667785645
0,204,203,4.27820348739624
0,205,204,4.142784118652344
0,206,205,4.251654624938965
0,207,206,4.266937255859375
0,208,207,3.996413230895996
0,209,208,4.305017948150635
0,210,209,4.0543012619018555
0,211,210,4.3008294105529785
0,212,211,4.309759140014648
0,213,212,4.14786958694458
0,214,213,4.151063919067383
0,215,214,4.079850196838379
0,216,215,3.930884599685669
0,217,216,4.064601898193359
0,218,217,4.015773773193359
0,219,218,4.017940521240234
0,220,219,4.035181999206543
0,221,220,3.8559346199035645
0,222,221,3.939779758453369
0,223,222,3.781538724899292
0,224,223,3.9593698978424072
0,225,224,3.9544389247894287
0,226,225,4.043717384338379
0,227,226,3.841794490814209
0,228,227,3.741950035095215
0,229,228,3.966606616973877
0,230,229,3.7503557205200195
0,231,230,3.864104986190796
0,232,231,3.7072436809539795
0,233,232,3.6611149311065674
0,234,233,3.8051445484161377
0,235,234,3.690410614013672
0,236,235,3.9815309047698975
0,237,236,3.758570671081543
0,238,237,3.740049123764038
0,239,238,3.727971076965332
0,240,239,3.824155330657959
0,241,240,3.8435776233673096
0,242,241,3.7755937576293945
0,243,242,3.6106369495391846
0,244,243,3.7019057273864746
0,245,244,3.6176412105560303
0,246,245,3.7410366535186768
0,247,246,3.6418187618255615
0,248,247,3.6734485626220703
0,249,248,3.6123433113098145
0,250,249,3.7828190326690674
0,251,250,3.691322088241577
0,252,251,3.7445223331451416
0,253,252,3.5350468158721924
0,254,253,3.766070604324341
0,255,254,3.5722198486328125
0,256,255,3.624739170074463
0,257,256,3.472482442855835
0,258,257,3.579725503921509
0,259,258,3.5442094802856445
0,260,259,3.627141237258911
0,261,260,3.6205532550811768
0,262,261,3.5429861545562744
0,263,262,3.579484701156616
0,264,263,3.574159622192383
0,265,264,3.5100350379943848
0,266,265,3.505754232406616
0,267,266,3.477545738220215
0,268,267,3.4817004203796387
0,269,268,3.5941178798675537
0,270,269,3.486074924468994
0,271,270,3.5341479778289795
0,272,271,3.4757845401763916
0,273,272,3.566582202911377
0,274,273,3.5348801612854004
0,275,274,3.4022064208984375
0,276,275,3.5773417949676514
0,277,276,3.573853015899658
0,278,277,3.275341510772705
0,279,278,3.4269230365753174
0,280,279,3.3740992546081543
0,281,280,3.463423252105713
0,282,281,3.3577866554260254
0,283,282,3.4583184719085693
0,284,283,3.3975486755371094
0,285,284,3.39117169380188
0,286,285,3.27078914642334
0,287,286,3.2201223373413086
0,288,287,3.4264609813690186
0,289,288,3.329618453979492
0,290,289,3.2716543674468994
0,291,290,3.1970767974853516
0,292,291,3.2424871921539307
0,293,292,3.335644483566284
0,294,293,3.2852063179016113
0,295,294,3.19180965423584
0,296,295,3.288231611251831
0,297,296,3.333726406097412
0,298,297,3.2695865631103516
0,299,298,3.281430244445801
0,300,299,3.2267088890075684
0,301,300,3.235844373703003
0,302,301,3.1155927181243896
0,303,302,3.378109931945801
0,304,303,3.1652958393096924
0,305,304,3.1473281383514404
0,306,305,3.1180567741394043
0,307,306,3.089045524597168
0,308,307,3.2482645511627197
0,309,308,3.054046154022217
0,310,309,3.2248828411102295
0,311,310,3.1484475135803223
0,312,311,3.2358055114746094
0,313,312,3.235726833343506
0,314,313,3.197221279144287
0,315,314,3.218379497528076
0,316,315,3.264533042907715
0,317,316,3.288321018218994
0,318,317,3.0830748081207275
0,319,318,2.9512875080108643
0,320,319,3.0854249000549316
0,321,320,2.975843906402588
0,322,321,2.878472328186035
0,323,322,3.0739822387695312
0,324,323,3.095896005630493
0,325,324,2.981689691543579
0,326,325,3.0786919593811035
0,327,326,2.945286989212036
0,328,327,2.955726146697998
0,329,328,2.9384140968322754
0,330,329,2.8073785305023193
0,331,330,3.168574810028076
0,332,331,2.9432265758514404
0,333,332,2.7303659915924072
0,334,333,2.6962084770202637
0,335,334,2.781301259994507
0,336,335,2.9397075176239014
0,337,336,2.780161142349243
0,338,337,2.8634567260742188
0,339,338,2.7087528705596924
0,340,339,2.5342466831207275
0,341,340,2.531907558441162
0,342,341,2.6761293411254883
0,343,342,2.6584584712982178
0,344,343,2.4122979640960693
0,345,344,2.6043412685394287
0,346,345,2.686253547668457
0,347,346,2.6180059909820557
0,348,347,2.4217424392700195
0,349,348,2.347301483154297
0,350,349,2.7108051776885986
0,351,350,2.4510598182678223
0,352,351,2.2368738651275635
0,353,352,2.459677219390869
0,354,353,2.0506553649902344
0,355,354,2.2788569927215576
0,356,355,2.244483709335327
0,357,356,2.1899378299713135
0,358,357,2.4841785430908203
0,359,358,2.1752381324768066
0,360,359,2.3228111267089844
0,361,360,2.1302528381347656
0,362,361,2.3207783699035645
0,363,362,1.7003676891326904
0,364,363,2.113145112991333
0,365,364,1.6116775274276733
0,366,365,2.0619895458221436
0,367,366,1.9615684747695923
0,368,367,1.9527066946029663
0,369,368,2.219806671142578
0,370,369,1.6500581502914429
0,371,370,2.139863967895508
0,372,371,2.1451776027679443
0,373,372,2.2353193759918213
0,374,373,1.3400814533233643
0,375,374,1.7143340110778809
0,376,375,1.695320963859558
0,377,376,2.1076834201812744
0,378,377,1.8957334756851196
0,379,378,1.9487513303756714
0,380,379,1.8572732210159302
0,381,380,2.03183913230896
0,382,381,1.610754132270813
0,383,382,1.7154381275177002
0,384,383,1.6550471782684326
0,385,384,1.9636770486831665
0,386,385,1.6966900825500488
0,387,386,2.009814977645874
0,388,387,1.596947431564331
0,389,388,1.3167065382003784
0,390,389,1.3588062524795532
0,391,390,1.7726725339889526
0,392,391,1.391819953918457
0,393,392,2.034255266189575
0,394,393,1.8979684114456177
0,395,394,1.4992427825927734
0,396,395,1.791337251663208
0,397,396,1.7096737623214722
0,398,397,1.4881632328033447
0,399,398,1.8851946592330933
0,400,399,1.2104896306991577
0,401,400,1.741329312324524
0,402,401,1.3698134422302246
0,403,402,1.6612200736999512
0,404,403,1.7047538757324219
0,405,404,1.779808759689331
0,406,405,1.2376298904418945
0,407,406,1.144060492515564
0,408,407,1.4182344675064087
0,409,408,1.2653539180755615
0,410,409,1.474677562713623
0,411,410,1.473564624786377
0,412,411,1.3910577297210693
0,413,412,1.3136674165725708
0,414,413,1.4570609331130981
0,415,414,1.059262752532959
0,416,415,1.5225282907485962
0,417,416,1.0339994430541992
0,418,417,1.0188323259353638
0,419,418,1.3757679462432861
0,420,419,1.3495296239852905
0,421,420,1.5911093950271606
0,422,421,1.0055937767028809
0,423,422,1.2674479484558105
0,424,423,1.194420337677002
0,425,424,1.5967658758163452
0,426,425,1.3007616996765137
0,427,426,0.7732734084129333
0,428,427,1.453904628753662
0,429,428,1.3166817426681519
0,430,429,1.0407130718231201
0,431,430,1.144572377204895
0,432,431,1.4009101390838623
0,433,432,1.322341799736023
0,434,433,1.2719241380691528
0,435,434,1.4100009202957153
0,436,435,0.9083347916603088
0,437,436,1.4305986166000366
0,438,437,0.7226184606552124
0,439,438,0.8822463154792786
0,440,439,0.6671990156173706
0,441,440,1.490644931793213
0,442,441,1.2757759094238281
0,443,442,1.1728379726409912
0,444,443,1.3419036865234375
0,445,444,1.115719199180603
0,446,445,1.3519177436828613
0,447,446,1.3892875909805298
0,448,447,1.0754538774490356
0,449,448,1.219804048538208
0,450,449,0.6368057131767273
0,451,450,0.8027130961418152
0,452,451,1.0133761167526245
0,453,452,1.4662644863128662
0,454,453,0.5894184112548828
0,455,454,1.2116867303848267
0,456,455,0.5425540804862976
0,457,456,1.1865617036819458
0,458,457,0.7326098084449768
0,459,458,1.2871263027191162
0,460,459,1.0868948698043823
0,461,460,1.231970191001892
0,462,461,1.53402841091156
0,463,462,1.307735562324524
0,464,463,0.6691928505897522
0,465,464,0.8251756429672241
0,466,465,1.3136260509490967
0,467,466,0.9350348114967346
0,468,467,1.2967828512191772
0,469,468,1.0786399841308594
0,470,469,1.0693163871765137
0,471,470,1.0004545450210571
0,472,471,1.167364239692688
0,473,472,0.6807507872581482
0,474,473,0.9913105368614197
0,475,474,0.9109825491905212
0,476,475,0.83383709192276
0,477,476,1.0075993537902832
0,478,477,0.45783641934394836
0,479,478,0.7995511889457703
0,480,479,0.8386659026145935
0,481,480,0.4063229262828827
0,482,481,1.180381417274475
0,483,482,0.6619913578033447
0,484,483,1.0216113328933716
0,485,484,1.0322370529174805
0,486,485,0.8808671832084656
0,487,486,0.3474152982234955
0,488,487,0.9055034518241882
0,489,488,0.356938898563385
0,490,489,0.7886260747909546
0,491,490,0.7835357189178467
0,492,491,0.9349668025970459
0,493,492,0.8284326195716858
0,494,493,0.9696113467216492
0,495,494,0.7329376339912415
0,496,495,0.3295717239379883
0,497,496,0.5417911410331726
0,498,497,0.5369902849197388
0,499,498,0.7249214053153992
0,500,499,1.0028698444366455
0,501,500,0.8159255385398865
0,502,501,0.7270073890686035
0,503,502,0.9947505593299866
0,504,503,0.8908615112304688
0,505,504,1.0129451751708984
0,506,505,0.690432608127594
0,507,506,0.7455140948295593
0,508,507,0.4899863302707672
0,509,508,0.31661421060562134
0,510,509,0.894126832485199
0,511,510,0.5499163269996643
0,512,511,0.6391199231147766
0,513,512,0.7022619843482971
0,514,513,0.7593815922737122
0,515,514,0.938199520111084
0,516,515,1.0093181133270264
0,517,516,1.333086371421814
0,518,517,0.44635090231895447
0,519,518,0.7789454460144043
0,520,519,0.6068585515022278
0,521,520,0.7785396575927734
0,522,521,0.7707111239433289
0,523,522,0.5409888625144958
0,524,523,0.5932736992835999
0,525,524,0.6335443258285522
0,526,525,0.9622859954833984
0,527,526,0.6432481408119202
0,528,527,1.042730450630188
0,529,528,0.8324369192123413
0,530,529,0.8812647461891174
0,531,530,0.6010721325874329
0,532,531,0.695682942867279
0,533,532,0.9532046914100647
0,534,533,0.6432057023048401
0,535,534,0.7513315081596375
0,536,535,0.8705770969390869
0,537,536,0.6233853101730347
0,538,537,0.6644032001495361
0,539,538,0.40244632959365845
0,540,539,0.8874108791351318
0,541,540,0.6704644560813904
0,542,541,0.5315183997154236
0,543,542,0.8190300464630127
0,544,543,1.0557026863098145
0,545,544,0.504061758518219
0,546,545,0.5282741785049438
0,547,546,0.577491044998169
0,548,547,0.7837790250778198
0,549,548,0.22162669897079468
0,550,549,0.5606291890144348
0,551,550,0.5334558486938477
0,552,551,0.7340496778488159
0,553,552,0.6270666718482971
0,554,553,0.653715968132019
0,555,554,0.4891032576560974
0,556,555,0.6111352443695068
0,557,556,0.5537022948265076
0,558,557,0.5846288204193115
0,559,558,0.4857231378555298
0,560,559,0.4679844379425049
0,561,560,0.49465328454971313
0,562,561,0.5986535549163818
0,563,562,0.30923622846603394
0,564,563,0.17133226990699768
0,565,564,0.3552548289299011
0,566,565,0.8842055201530457
0,567,566,0.15053993463516235
0,568,567,0.46416428685188293
0,569,568,0.48876696825027466
0,570,569,0.841304361820221
0,571,570,0.5475108027458191
0,572,571,0.4318430721759796
0,573,572,0.49029913544654846
0,574,573,0.5857732892036438
0,575,574,0.26934537291526794
0,576,575,0.8768990635871887
0,577,576,0.639213502407074
0,578,577,0.9028253555297852
0,579,578,0.5028411149978638
0,580,579,0.5407955050468445
0,581,580,0.44074007868766785
0,582,581,0.45061665773391724
0,583,582,0.5600834488868713
0,584,583,0.49865275621414185
0,585,584,0.48245078325271606
0,586,585,0.8050706386566162
0,587,586,0.20662179589271545
0,588,587,0.4006328880786896
0,589,588,0.812197744846344
0,590,589,0.2076852172613144
0,591,590,0.587303638458252
0,592,591,0.34946638345718384
0,593,592,0.6157850027084351
0,594,593,0.5593451261520386
0,595,594,0.3345468044281006
0,596,595,0.5015031695365906
0,597,596,0.4987747371196747
0,598,597,0.3564922511577606
0,599,598,0.3783757984638214
0,600,599,0.1541675180196762
0,601,600,0.5548259019851685
0,602,601,0.9191615581512451
0,603,602,0.33249902725219727
0,604,603,0.6719610095024109
0,605,604,0.7452540397644043
0,606,605,0.5186135172843933
0,607,606,0.31390225887298584
0,608,607,0.6200257539749146
0,609,608,0.48620301485061646
0,610,609,0.11607617884874344
0,611,610,0.45441368222236633
0,612,611,0.47899314761161804
0,613,612,0.13277806341648102
0,614,613,0.41894102096557617
0,615,614,0.43524983525276184
0,616,615,0.45586737990379333
0,617,616,0.364053338766098
0,618,617,0.6161040663719177
0,619,618,0.30150091648101807
0,620,619,0.5479256510734558
0,621,620,0.7309193015098572
0,622,621,0.2733043134212494
0,623,622,0.4400065541267395
0,624,623,0.26442041993141174
0,625,624,0.4880506694316864
0,626,625,0.833455502986908
0,627,626,0.6051542162895203
0,628,627,0.5568657517433167
0,629,628,0.48273035883903503
0,630,629,0.5618706941604614
0,631,630,0.5733874440193176
0,632,631,0.3955311179161072
0,633,632,0.5115430951118469
0,634,633,0.7636668682098389
0,635,634,0.286892831325531
0,636,635,0.4327507019042969
0,637,636,0.7177267670631409
0,638,637,0.3129778504371643
0,639,638,0.34340882301330566
0,640,639,0.20767174661159515
0,641,640,0.3655086159706116
0,642,641,0.4444856643676758
0,643,642,0.36891791224479675
0,644,643,0.631924033164978
0,645,644,0.5420022010803223
0,646,645,0.6186408400535583
0,647,646,0.24780312180519104
0,648,647,0.7045481204986572
0,649,648,0.5610237717628479
0,650,649,0.6464636325836182
0,651,650,0.24798904359340668
0,652,651,0.8212859630584717
0,653,652,0.5016126036643982
0,654,653,0.7044855356216431
0,655,654,0.6669794321060181
0,656,655,0.49754542112350464
0,657,656,0.31855276226997375
0,658,657,0.41691458225250244
0,659,658,0.6233657598495483
0,660,659,0.4118100106716156
0,661,660,0.11480188369750977
0,662,661,0.4135173559188843
0,663,662,0.256742924451828
0,664,663,0.4503253102302551
0,665,664,0.4140503406524658
0,666,665,0.27003350853919983
0,667,666,0.26255887746810913
0,668,667,0.34892916679382324
0,669,668,0.29395031929016113
0,670,669,0.33395859599113464
0,671,670,0.6703289151191711
0,672,671,0.28589361906051636
0,673,672,0.3868822455406189
0,674,673,0.26748624444007874
0,675,674,0.155737042427063
0,676,675,0.5628848075866699
0,677,676,0.7146916389465332
0,678,677,0.1937934309244156
0,679,678,0.2620059549808502
0,680,679,0.28960227966308594
0,681,680,0.1751173585653305
0,682,681,0.22476622462272644
0,683,682,0.4003264009952545
0,684,683,0.4226846992969513
0,685,684,0.398197740316391
0,686,685,0.466694712638855
0,687,686,0.3933624029159546
0,688,687,0.36616796255111694
0,689,688,0.2218390852212906
0,690,689,0.4603661298751831
0,691,690,0.5552244782447815
0,692,691,0.3668215870857239
0,693,692,0.5140811204910278
0,694,693,0.24768376350402832
0,695,694,0.45728936791419983
0,696,695,0.12160099297761917
0,697,696,0.4769555628299713
0,698,697,0.36319369077682495
0,699,698,0.4600706696510315
0,700,699,0.23034323751926422
0,701,700,0.4100576341152191
0,702,701,0.4912419021129608
0,703,702,0.44657883048057556
0,704,703,0.08696949481964111
0,705,704,0.261171817779541
0,706,705,0.5873578190803528
0,707,706,0.3371262848377228
0,708,707,0.30137038230895996
0,709,708,0.28313300013542175
0,710,709,0.30539143085479736
0,711,710,0.43422362208366394
0,712,711,0.24438293278217316
0,713,712,0.5931763052940369
0,714,713,0.40868932008743286
0,715,714,0.43415847420692444
0,716,715,0.3708600103855133
0,717,716,0.5504169464111328
0,718,717,0.41261473298072815
0,719,718,0.20574641227722168
0,720,719,0.37898990511894226
0,721,720,0.4504876136779785
0,722,721,0.34183192253112793
0,723,722,0.2990877032279968
0,724,723,0.48174065351486206
0,725,724,0.2912643551826477
0,726,725,0.48873934149742126
0,727,726,0.2714962661266327
0,728,727,0.4643245041370392
0,729,728,0.16374003887176514
0,730,729,0.37298762798309326
0,731,730,0.4348717927932739
0,732,731,0.29411280155181885
0,733,732,0.16948162019252777
0,734,733,0.21210461854934692
0,735,734,0.20143398642539978
0,736,735,0.2354968637228012
0,737,736,0.33334317803382874
0,738,737,0.462591290473938
0,739,738,0.23831868171691895
0,740,739,0.35209372639656067
0,741,740,0.44083109498023987
0,742,741,0.47369006276130676
0,743,742,0.4805290102958679
0,744,743,0.20788796246051788
0,745,744,0.28168362379074097
0,746,745,0.2937025725841522
0,747,746,0.43217018246650696
0,748,747,0.2806464731693268
0,749,748,0.3155894875526428
0,750,749,0.18641310930252075
0,751,750,0.5711943507194519
0,752,751,0.23566843569278717
0,753,752,0.4207500219345093
0,754,753,0.17664049565792084
0,755,754,0.3860439956188202
0,756,755,0.19728730618953705
0,757,756,0.340312659740448
0,758,757,0.11234674602746964
0,759,758,0.2398727685213089
0,760,759,0.3296767771244049
0,761,760,0.41525858640670776
0,762,761,0.16269506514072418
0,763,762,0.1366252601146698
0,764,763,0.15509267151355743
0,765,764,0.05788318067789078
0,766,765,0.40840721130371094
0,767,766,0.23169127106666565
0,768,767,0.3399651348590851
0,769,768,0.17102985084056854
0,770,769,0.06271450966596603
0,771,770,0.28385496139526367
0,772,771,0.4108305871486664
0,773,772,0.2574635148048401
0,774,773,0.41000860929489136
0,775,774,0.26847127079963684
0,776,775,0.20071622729301453
0,777,776,0.31496578454971313
0,778,777,0.3702053427696228
0,779,778,0.264058381319046
0,780,779,0.38279929757118225
0,781,780,0.5706656575202942
0,782,781,0.11275717616081238
0,783,782,0.17089571058750153
0,784,783,0.19880887866020203
0,785,784,0.31409868597984314
0,786,785,0.2911771833896637
0,787,786,0.2978610396385193
0,788,787,0.19884900748729706
0,789,788,0.3528088629245758
0,790,789,0.19621172547340393
0,791,790,0.3222208619117737
0,792,791,0.24704989790916443
0,793,792,0.21274405717849731
0,794,793,0.16827374696731567
0,795,794,0.36294424533843994
0,796,795,0.3729916512966156
0,797,796,0.2955203950405121
0,798,797,0.07762207090854645
0,799,798,0.23937860131263733
0,800,799,0.15559986233711243
0,801,800,0.2087157815694809
0,802,801,0.21802769601345062
0,803,802,0.26514744758605957
0,804,803,0.46422478556632996
0,805,804,0.12782463431358337
0,806,805,0.14328928291797638
0,807,806,0.3833221197128296
0,808,807,0.1577424556016922
0,809,808,0.2032938450574875
0,810,809,0.2862953841686249
0,811,810,0.19083556532859802
0,812,811,0.32603582739830017
0,813,812,0.11334582418203354
0,814,813,0.15227586030960083
0,815,814,0.0910751223564148
0,816,815,0.341640830039978
0,817,816,0.2360134869813919
0,818,817,0.19881975650787354
0,819,818,0.24435386061668396
0,820,819,0.21163539588451385
0,821,820,0.1416383683681488
0,822,821,0.20077016949653625
0,823,822,0.2169298231601715
0,824,823,0.1752537488937378
0,825,824,0.191878542304039
0,826,825,0.359458327293396
0,827,826,0.22638823091983795
0,828,827,0.06399792432785034
0,829,828,0.08311773836612701
0,830,829,0.16640004515647888
0,831,830,0.37371599674224854
0,832,831,0.19514325261116028
0,833,832,0.4450201690196991
0,834,833,0.21273432672023773
0,835,834,0.17080488801002502
0,836,835,0.2391732782125473
0,837,836,0.14367306232452393
0,838,837,0.20200911164283752
0,839,838,0.16196267306804657
0,840,839,0.34604576230049133
0,841,840,0.32262471318244934
0,842,841,0.26952627301216125
0,843,842,0.35394755005836487
0,844,843,0.1946086883544922
0,845,844,0.2691132724285126
0,846,845,0.38019031286239624
0,847,846,0.22513794898986816
0,848,847,0.39369240403175354
0,849,848,0.19964435696601868
0,850,849,0.09903489798307419
0,851,850,0.2326148897409439
0,852,851,0.05518849566578865
0,853,852,0.445355623960495
0,854,853,0.09474115073680878
0,855,854,0.47405049204826355
0,856,855,0.1462298482656479
0,857,856,0.1388966143131256
0,858,857,0.24608798325061798
0,859,858,0.27995336055755615
0,860,859,0.20173941552639008
0,861,860,0.18540169298648834
0,862,861,0.33495551347732544
0,863,862,0.16771866381168365
0,864,863,0.12495166063308716
0,865,864,0.2102327048778534
0,866,865,0.22025449573993683
0,867,866,0.19758108258247375
0,868,867,0.18624234199523926
0,869,868,0.2668440341949463
0,870,869,0.29946812987327576
0,871,870,0.33765628933906555
0,872,871,0.11538255959749222
0,873,872,0.1971692442893982
0,874,873,0.10945796966552734
0,875,874,0.2924117147922516
0,876,875,0.2916460335254669
0,877,876,0.3229965567588806
0,878,877,0.24888460338115692
0,879,878,0.05436043068766594
0,880,879,0.11108516156673431
0,881,880,0.0354682058095932
0,882,881,0.03144964203238487
0,883,882,0.3589686155319214
0,884,883,0.019197462126612663
0,885,884,0.33085566759109497
0,886,885,0.11790033429861069
0,887,886,0.20652039349079132
0,888,887,0.27841633558273315
0,889,888,0.24597632884979248
0,890,889,0.30664780735969543
0,891,890,0.11016010493040085
0,892,891,0.2912645936012268
0,893,892,0.11085308343172073
0,894,893,0.04992438107728958
0,895,894,0.3038957118988037
0,896,895,0.3395073413848877
0,897,896,0.15454471111297607
0,898,897,0.16596268117427826
0,899,898,0.13356883823871613
0,900,899,0.2519044578075409
0,901,900,0.28861817717552185
0,902,901,0.19766344130039215
0,903,902,0.1657947599887848
0,904,903,0.27080297470092773
0,905,904,0.10588154196739197
0,906,905,0.2661677598953247
0,907,906,0.20521362125873566
0,908,907,0.1899269074201584
0,909,908,0.1760060340166092
0,910,909,0.3643723130226135
0,911,910,0.2888292968273163
0,912,911,0.10140283405780792
0,913,912,0.25870242714881897
0,914,913,0.23539400100708008
0,915,914,0.41145649552345276
0,916,915,0.29449447989463806
0,917,916,0.17324195802211761
0,918,917,0.36435386538505554
0,919,918,0.11268593370914459
0,920,919,0.19079472124576569
0,921,920,0.24285098910331726
0,922,921,0.2819250822067261
0,923,922,0.17881187796592712
0,924,923,0.21702632308006287
0,925,924,0.21553100645542145
0,926,925,0.26257187128067017
0,927,926,0.1080280989408493
0,928,927,0.18551012873649597
0,929,928,0.15848548710346222
0,930,929,0.24738870561122894
0,931,930,0.3714846074581146
0,932,931,0.25920596718788147
0,933,932,0.20896822214126587
0,934,933,0.3436029255390167
0,935,934,0.23215143382549286
0,936,935,0.2490352839231491
0,937,936,0.2069777399301529
0,938,937,0.41331979632377625
0,939,938,0.1674628108739853
0,940,939,0.18235626816749573
0,941,940,0.1598101556301117
0,942,941,0.355787456035614
0,943,942,0.15869612991809845
0,944,943,0.1424553096294403
0,945,944,0.10884556919336319
0,946,945,0.29842719435691833
0,947,946,0.27284976840019226
0,948,947,0.10426978766918182
0,949,948,0.17048166692256927
0,950,949,0.42052963376045227
0,951,950,0.43663710355758667
0,952,951,0.11777272075414658
0,953,952,0.12610401213169098
0,954,953,0.26098984479904175
0,955,954,0.13011649250984192
0,956,955,0.22019590437412262
0,957,956,0.22141219675540924
0,958,957,0.30338945984840393
0,959,958,0.1325303018093109
0,960,959,0.3366924226284027
0,961,960,0.22479160130023956
0,962,961,0.32221952080726624
0,963,962,0.2362087517976761
0,964,963,0.1875748485326767
0,965,964,0.21359524130821228
0,966,965,0.3115135431289673
0,967,966,0.2076834887266159
0,968,967,0.26452726125717163
0,969,968,0.24706876277923584
0,970,969,0.31561076641082764
0,971,970,0.16906756162643433
0,972,971,0.15674524009227753
0,973,972,0.1851678490638733
0,974,973,0.17916032671928406
0,975,974,0.31836816668510437
0,976,975,0.2751801609992981
0,977,976,0.12185868620872498
0,978,977,0.16203399002552032
0,979,978,0.15541942417621613
0,980,979,0.18269053101539612
0,981,980,0.19304725527763367
0,982,981,0.10846691578626633
0,983,982,0.08840266615152359
0,984,983,0.10656964778900146
0,985,984,0.0913492813706398
0,986,985,0.10346837341785431
0,987,986,0.10683927685022354
0,988,987,0.19443438947200775
0,989,988,0.3148973286151886
0,990,989,0.30220842361450195
0,991,990,0.12862291932106018
0,992,991,0.12786772847175598
0,993,992,0.21091978251934052
0,994,993,0.16844093799591064
0,995,994,0.30418094992637634
0,996,995,0.16195368766784668
0,997,996,0.11989597231149673
0,998,997,0.07730648666620255
0,999,998,0.040239207446575165
0,1000,999,0.433360755443573
0,1001,1000,0.14788544178009033
0,1002,1001,0.12773677706718445
0,1003,1002,0.3412075340747833
0,1004,1003,0.15171070396900177
0,1005,1004,0.2751222550868988
0,1006,1005,0.22271433472633362
0,1007,1006,0.18103022873401642
0,1008,1007,0.1536194384098053
0,1009,1008,0.15588587522506714
0,1010,1009,0.17898648977279663
0,1011,1010,0.13663144409656525
0,1012,1011,0.11536970734596252
0,1013,1012,0.1445647031068802
0,1014,1013,0.09644854068756104
0,1015,1014,0.20017938315868378
0,1016,1015,0.19957932829856873
0,1017,1016,0.20422254502773285
0,1018,1017,0.26581478118896484
0,1019,1018,0.1765119731426239
0,1020,1019,0.23140841722488403
0,1021,1020,0.04495259001851082
0,1022,1021,0.2646529972553253
0,1023,1022,0.3094421625137329
0,1024,1023,0.24599529802799225
0,1025,1024,0.1759987771511078
0,1026,1025,0.2456645965576172
0,1027,1026,0.12115731090307236
0,1028,1027,0.10084553807973862
0,1029,1028,0.20645615458488464
0,1030,1029,0.2770351767539978
0,1031,1030,0.26308780908584595
0,1032,1031,0.15647397935390472
0,1033,1032,0.06132994219660759
0,1034,1033,0.17365022003650665
0,1035,1034,0.28032195568084717
0,1036,1035,0.24829642474651337
0,1037,1036,0.19675202667713165
0,1038,1037,0.14486335217952728
0,1039,1038,0.19685296714305878
0,1040,1039,0.2890460789203644
0,1041,1040,0.17739535868167877
0,1042,1041,0.317949116230011
0,1043,1042,0.21486128866672516
0,1044,1043,0.2762065529823303
0,1045,1044,0.14788250625133514
0,1046,1045,0.2388274222612381
0,1047,1046,0.22659677267074585
0,1048,1047,0.21918760240077972
0,1049,1048,0.1284654140472412
0,1050,1049,0.21404169499874115
0,1051,1050,0.14700646698474884
0,1052,1051,0.21497130393981934
0,1053,1052,0.13234682381153107
0,1054,1053,0.15762558579444885
0,1055,1054,0.2316407859325409
0,1056,1055,0.048225514590740204
0,1057,1056,0.2421436458826065
0,1058,1057,0.04560123383998871
0,1059,1058,0.24063986539840698
0,1060,1059,0.1873926967382431
0,1061,1060,0.1324617862701416
0,1062,1061,0.2000921070575714
0,1063,1062,0.23876018822193146
0,1064,1063,0.041130807250738144
0,1065,1064,0.11247500777244568
0,1066,1065,0.15521284937858582
0,1067,1066,0.09102688729763031
0,1068,1067,0.15958547592163086
0,1069,1068,0.15220290422439575
0,1070,1069,0.1501840054988861
0,1071,1070,0.17093980312347412
0,1072,1071,0.13260379433631897
0,1073,1072,0.19000637531280518
0,1074,1073,0.3181549310684204
0,1075,1074,0.0504232682287693
0,1076,1075,0.12230895459651947
0,1077,1076,0.02440476603806019
0,1078,1077,0.22444669902324677
0,1079,1078,0.018301209434866905
0,1080,1079,0.030454033985733986
0,1081,1080,0.0965394452214241
0,1082,1081,0.31499767303466797
0,1083,1082,0.18179288506507874
0,1084,1083,0.3386560380458832
0,1085,1084,0.20392705500125885
0,1086,1085,0.02420474775135517
0,1087,1086,0.30161339044570923
0,1088,1087,0.18176795542240143
0,1089,1088,0.08077656477689743
0,1090,1089,0.21862275898456573
0,1091,1090,0.03434985503554344
0,1092,1091,0.18867279589176178
0,1093,1092,0.12995487451553345
0,1094,1093,0.24505923688411713
0,1095,1094,0.17843715846538544
0,1096,1095,0.2382993996143341
0,1097,1096,0.2735907733440399
0,1098,1097,0.15182039141654968
0,1099,1098,0.26174214482307434
0,1100,1099,0.17386968433856964
0,1101,1100,0.16450366377830505
0,1102,1101,0.15775936841964722
0,1103,1102,0.2548394203186035
0,1104,1103,0.17752213776111603
0,1105,1104,0.27544936537742615
0,1106,1105,0.3096330165863037
0,1107,1106,0.2877025902271271
0,1108,1107,0.2484402358531952
0,1109,1108,0.18086428940296173
0,1110,1109,0.20937955379486084
0,1111,1110,0.1997491419315338
0,1112,1111,0.24182389676570892
0,1113,1112,0.09824907034635544
0,1114,1113,0.23143169283866882
0,1115,1114,0.15669122338294983
0,1116,1115,0.3165466785430908
0,1117,1116,0.2739717364311218
0,1118,1117,0.22296006977558136
0,1119,1118,0.13057969510555267
0,1120,1119,0.15306945145130157
0,1121,1120,0.223519429564476
0,1122,1121,0.167894646525383
0,1123,1122,0.17183269560337067
0,1124,1123,0.12965203821659088
0,1125,1124,0.12285634130239487
0,1126,1125,0.28685280680656433
0,1127,1126,0.2210131287574768
0,1128,1127,0.24166321754455566
0,1129,1128,0.1703105866909027
0,1130,1129,0.1440105438232422
0,1131,1130,0.1706080585718155
0,1132,1131,0.21599017083644867
0,1133,1132,0.15989679098129272
0,1134,1133,0.16432222723960876
0,1135,1134,0.25357985496520996
0,1136,1135,0.39223992824554443
0,1137,1136,0.18255558609962463
0,1138,1137,0.1845410019159317
0,1139,1138,0.16684380173683167
0,1140,1139,0.14693380892276764
0,1141,1140,0.23740993440151215
0,1142,1141,0.1637413501739502
0,1143,1142,0.11481081694364548
0,1144,1143,0.20201562345027924
0,1145,1144,0.1849089115858078
0,1146,1145,0.11945502460002899
0,1147,1146,0.2612605094909668
0,1148,1147,0.11591590195894241
0,1149,1148,0.14434845745563507
0,1150,1149,0.19297561049461365
0,1151,1150,0.22677643597126007
0,1152,1151,0.20425286889076233
0,1153,1152,0.1836947649717331
0,1154,1153,0.2879754304885864
0,1155,1154,0.20201340317726135
0,1156,1155,0.23204845190048218
0,1157,1156,0.21540392935276031
0,1158,1157,0.2596677243709564
0,1159,1158,0.14382240176200867
0,1160,1159,0.18088938295841217
0,1161,1160,0.16127532720565796
0,1162,1161,0.24944908916950226
0,1163,1162,0.16776864230632782
0,1164,1163,0.2157503217458725
0,1165,1164,0.24706296622753143
0,1166,1165,0.09871417284011841
0,1167,1166,0.10741739720106125
0,1168,1167,0.1936507523059845
0,1169,1168,0.17946210503578186
0,1170,1169,0.15296924114227295
0,1171,1170,0.19385658204555511
0,1172,1171,0.08527258038520813
0,1173,1172,0.15624839067459106
0,1174,1173,0.1563180387020111
0,1175,1174,0.1426641047000885
0,1176,1175,0.1163945198059082
0,1177,1176,0.01605427823960781
0,1178,1177,0.26108452677726746
0,1179,1178,0.20376768708229065
0,1180,1179,0.24875766038894653
0,1181,1180,0.08233580738306046
0,1182,1181,0.14904993772506714
0,1183,1182,0.16073031723499298
0,1184,1183,0.201461061835289
0,1185,1184,0.22935079038143158
0,1186,1185,0.15099817514419556
0,1187,1186,0.13853344321250916
0,1188,1187,0.13753646612167358
0,1189,1188,0.036000002175569534
0,1190,1189,0.16642479598522186
0,1191,1190,0.15167440474033356
0,1192,1191,0.149495467543602
0,1193,1192,0.15504242479801178
0,1194,1193,0.08739582449197769
0,1195,1194,0.16605710983276367
0,1196,1195,0.15425612032413483
0,1197,1196,0.26402461528778076
0,1198,1197,0.141081765294075
0,1199,1198,0.18531359732151031
0,1200,1199,0.1461709886789322
0,1201,1200,0.2830517590045929
0,1202,1201,0.17648747563362122
0,1203,1202,0.13900253176689148
0,1204,1203,0.15385814011096954
0,1205,1204,0.20261704921722412
0,1206,1205,0.1959155797958374
0,1207,1206,0.0863303616642952
0,1208,1207,0.15326204895973206
0,1209,1208,0.23195134103298187
0,1210,1209,0.17039236426353455
0,1211,1210,0.10343252122402191
0,1212,1211,0.17044492065906525
0,1213,1212,0.20184306800365448
0,1214,1213,0.1315053403377533
0,1215,1214,0.23903486132621765
0,1216,1215,0.17616994678974152
0,1217,1216,0.16757364571094513
0,1218,1217,0.22740545868873596
0,1219,1218,0.20862187445163727
0,1220,1219,0.009321163408458233
0,1221,1220,0.17553909122943878
0,1222,1221,0.2591024935245514
0,1223,1222,0.2029643952846527
0,1224,1223,0.08969009667634964
0,1225,1224,0.09882721304893494
0,1226,1225,0.09819883108139038
0,1227,1226,0.17769858241081238
0,1228,1227,0.16209855675697327
0,1229,1228,0.07816706597805023
0,1230,1229,0.15215612947940826
0,1231,1230,0.23200325667858124
0,1232,1231,0.09562938660383224
0,1233,1232,0.2158038318157196
0,1234,1233,0.14497338235378265
0,1235,1234,0.20166687667369843
0,1236,1235,0.26160821318626404
0,1237,1236,0.09877056628465652
0,1238,1237,0.16263903677463531
0,1239,1238,0.20492051541805267
0,1240,1239,0.22825311124324799
0,1241,1240,0.02235587127506733
0,1242,1241,0.3250364661216736
0,1243,1242,0.11388326436281204
0,1244,1243,0.2081453651189804
0,1245,1244,0.3465709686279297
0,1246,1245,0.23841054737567902
0,1247,1246,0.19585442543029785
0,1248,1247,0.2671431005001068
0,1249,1248,0.15485277771949768
0,1250,1249,0.18745306134223938
0,1251,1250,0.15441523492336273
0,1252,1251,0.09807687997817993
0,1253,1252,0.15800294280052185
0,1254,1253,0.1768665313720703
0,1255,1254,0.20626896619796753
0,1256,1255,0.19974423944950104
0,1257,1256,0.18709836900234222
0,1258,1257,0.09930624067783356
0,1259,1258,0.16652759909629822
0,1260,1259,0.17683149874210358
0,1261,1260,0.2355259507894516
0,1262,1261,0.13176843523979187
0,1263,1262,0.0885314866900444
0,1264,1263,0.17807309329509735
0,1265,1264,0.1740856021642685
0,1266,1265,0.0830012857913971
0,1267,1266,0.214055597782135
0,1268,1267,0.1576744019985199
0,1269,1268,0.20892806351184845
0,1270,1269,0.17041227221488953
0,1271,1270,0.11593911796808243
0,1272,1271,0.09721425920724869
0,1273,1272,0.0276536513119936
0,1274,1273,0.11849554628133774
0,1275,1274,0.1575472205877304
0,1276,1275,0.23122502863407135
0,1277,1276,0.19542546570301056
0,1278,1277,0.12956319749355316
0,1279,1278,0.20320647954940796
0,1280,1279,0.10374176502227783
0,1281,1280,0.10799482464790344
0,1282,1281,0.1307854801416397
0,1283,1282,0.1644948422908783
0,1284,1283,0.16408489644527435
0,1285,1284,0.14154864847660065
0,1286,1285,0.17332160472869873
0,1287,1286,0.16985169053077698
0,1288,1287,0.19660812616348267
0,1289,1288,0.16929130256175995
0,1290,1289,0.22052980959415436
0,1291,1290,0.15848468244075775
0,1292,1291,0.05573805794119835
0,1293,1292,0.21491719782352448
0,1294,1293,0.19959768652915955
0,1295,1294,0.15511053800582886
0,1296,1295,0.28113123774528503
0,1297,1296,0.1252911388874054
0,1298,1297,0.11089545488357544
0,1299,1298,0.17579537630081177
0,1300,1299,0.25311505794525146
0,1301,1300,0.2535344362258911
0,1302,1301,0.14691798388957977
0,1303,1302,0.11576995998620987
0,1304,1303,0.2285517305135727
0,1305,1304,0.025107773020863533
0,1306,1305,0.20554545521736145
0,1307,1306,0.1828525811433792
0,1308,1307,0.055957019329071045
0,1309,1308,0.10503961890935898
0,1310,1309,0.1713321954011917
0,1311,1310,0.13993734121322632
0,1312,1311,0.12014579027891159
0,1313,1312,0.1898040473461151
0,1314,1313,0.19898580014705658
0,1315,1314,0.12567611038684845
0,1316,1315,0.14076772332191467
0,1317,1316,0.09244803339242935
0,1318,1317,0.10548550635576248
0,1319,1318,0.20172904431819916
0,1320,1319,0.0611141175031662
0,1321,1320,0.1483595073223114
0,1322,1321,0.16244669258594513
0,1323,1322,0.21316753327846527
0,1324,1323,0.16847680509090424
0,1325,1324,0.09684409946203232
0,1326,1325,0.14786671102046967
0,1327,1326,0.24481278657913208
0,1328,1327,0.20742614567279816
0,1329,1328,0.19412578642368317
0,1330,1329,0.07675294578075409
0,1331,1330,0.13892340660095215
0,1332,1331,0.22816266119480133
0,1333,1332,0.1948150098323822
0,1334,1333,0.1928175836801529
0,1335,1334,0.024879153817892075
0,1336,1335,0.1705351173877716
0,1337,1336,0.1132994070649147
0,1338,1337,0.2762241065502167
0,1339,1338,0.05863870680332184
0,1340,1339,0.27201399207115173
0,1341,1340,0.0914975106716156
0,1342,1341,0.1883832812309265
0,1343,1342,0.13888725638389587
0,1344,1343,0.22474132478237152
0,1345,1344,0.1348494291305542
0,1346,1345,0.15173526108264923
0,1347,1346,0.14479342103004456
0,1348,1347,0.11138557642698288
0,1349,1348,0.10508757084608078
0,1350,1349,0.15337985754013062
0,1351,1350,0.10885637253522873
0,1352,1351,0.20786446332931519
0,1353,1352,0.019991816952824593
0,1354,1353,0.17689965665340424
0,1355,1354,0.12310324609279633
0,1356,1355,0.17512470483779907
0,1357,1356,0.14209432899951935
0,1358,1357,0.10467040538787842
0,1359,1358,0.14753001928329468
0,1360,1359,0.2324027121067047
0,1361,1360,0.01810183934867382
0,1362,1361,0.1388670802116394
0,1363,1362,0.280809223651886
0,1364,1363,0.11585555225610733
0,1365,1364,0.1219269409775734
0,1366,1365,0.10247399657964706
0,1367,1366,0.23465709388256073
0,1368,1367,0.24433796107769012
0,1369,1368,0.1391843557357788
0,1370,1369,0.08618635684251785
0,1371,1370,0.18487639725208282
0,1372,1371,0.2030767798423767
0,1373,1372,0.13828527927398682
0,1374,1373,0.03049454651772976
0,1375,1374,0.1597050130367279
0,1376,1375,0.2125018835067749
0,1377,1376,0.08490516245365143
0,1378,1377,0.10358845442533493
0,1379,1378,0.07908838242292404
0,1380,1379,0.13843955099582672
0,1381,1380,0.2131805717945099
0,1382,1381,0.08957219123840332
0,1383,1382,0.1075415313243866
0,1384,1383,0.30057311058044434
0,1385,1384,0.076468326151371
0,1386,1385,0.34066125750541687
0,1387,1386,0.14370779693126678
0,1388,1387,0.1903458535671234
0,1389,1388,0.12221017479896545
0,1390,1389,0.18563057482242584
0,1391,1390,0.2457246035337448
0,1392,1391,0.20177222788333893
0,1393,1392,0.03520924970507622
0,1394,1393,0.15910592675209045
0,1395,1394,0.1569853276014328
0,1396,1395,0.1951242983341217
0,1397,1396,0.15705029666423798
0,1398,1397,0.09087949246168137
0,1399,1398,0.19568724930286407
0,1400,1399,0.12392386794090271
0,1401,1400,0.1298736184835434
0,1402,1401,0.12059774994850159
0,1403,1402,0.09021636098623276
0,1404,1403,0.1695212721824646
0,1405,1404,0.0880674347281456
0,1406,1405,0.18426886200904846
0,1407,1406,0.124661386013031
0,1408,1407,0.09732677787542343
0,1409,1408,0.09711753576993942
0,1410,1409,0.19111599028110504
0,1411,1410,0.17185281217098236
0,1412,1411,0.17357546091079712
0,1413,1412,0.21120144426822662
0,1414,1413,0.1532517820596695
0,1415,1414,0.07010990381240845
0,1416,1415,0.21964618563652039
0,1417,1416,0.16357602179050446
0,1418,1417,0.08013530820608139
0,1419,1418,0.03095509298145771
0,1420,1419,0.1770286113023758
0,1421,1420,0.25575733184814453
0,1422,1421,0.2765614092350006
0,1423,1422,0.1773110032081604
0,1424,1423,0.14865216612815857
0,1425,1424,0.2682396173477173
0,1426,1425,0.21831145882606506
0,1427,1426,0.04692588374018669
0,1428,1427,0.2915407419204712
0,1429,1428,0.12357907742261887
0,1430,1429,0.23574402928352356
0,1431,1430,0.21923436224460602
0,1432,1431,0.1035570502281189
0,1433,1432,0.11571431159973145
0,1434,1433,0.28463441133499146
1,1,1434,0.11383488029241562
1,2,1435,0.14798805117607117
1,3,1436,0.025594817474484444
1,4,1437,0.2681368291378021
1,5,1438,0.1637624055147171
1,6,1439,0.31107768416404724
1,7,1440,0.18067894876003265
1,8,1441,0.22194260358810425
1,9,1442,0.21739234030246735
1,10,1443,0.2784020006656647
1,11,1444,0.13529172539710999
1,12,1445,0.1831100881099701
1,13,1446,0.0990864485502243
1,14,1447,0.2240118533372879
1,15,1448,0.21827830374240875
1,16,1449,0.09686650335788727
1,17,1450,0.16870266199111938
1,18,1451,0.1210298016667366
1,19,1452,0.11856741458177567
1,20,1453,0.14555123448371887
1,21,1454,0.1562955379486084
1,22,1455,0.028204884380102158
1,23,1456,0.10098987817764282
1,24,1457,0.2822572886943817
1,25,1458,0.20130188763141632
1,26,1459,0.1632743924856186
1,27,1460,0.07137781381607056
1,28,1461,0.15409140288829803
1,29,1462,0.21469391882419586
1,30,1463,0.2107847034931183
1,31,1464,0.15210281312465668
1,32,1465,0.18322919309139252
1,33,1466,0.29604455828666687
1,34,1467,0.17188452184200287
1,35,1468,0.1120881736278534
1,36,1469,0.053180865943431854
1,37,1470,0.009578526951372623
1,38,1471,0.10183921456336975
1,39,1472,0.12477538734674454
1,40,1473,0.13111041486263275
1,41,1474,0.1615380346775055
1,42,1475,0.22103752195835114
1,43,1476,0.11449392139911652
1,44,1477,0.18983732163906097
1,45,1478,0.23744112253189087
1,46,1479,0.23594918847084045
1,47,1480,0.20094384253025055
1,48,1481,0.2516216039657593
1,49,1482,0.08113466948270798
1,50,1483,0.20636087656021118
1,51,1484,0.08625289797782898
1,52,1485,0.272396981716156
1,53,1486,0.07137343287467957
1,54,1487,0.26149970293045044
1,55,1488,0.16009274125099182
1,56,1489,0.14131048321723938
1,57,1490,0.2136571705341339
1,58,1491,0.1096954345703125
1,59,1492,0.13760122656822205
1,60,1493,0.1712830811738968
1,61,1494,0.2988467812538147
1,62,1495,0.1022176668047905
1,63,1496,0.2776932120323181
1,64,1497,0.2286539226770401
1,65,1498,0.1754135638475418
1,66,1499,0.13622713088989258
1,67,1500,0.0941389873623848
1,68,1501,0.1508098542690277
1,69,1502,0.1267230063676834
1,70,1503,0.11415208876132965
1,71,1504,0.17758889496326447
1,72,1505,0.10030028223991394
1,73,1506,0.1589963287115097
1,74,1507,0.06904692947864532
1,75,1508,0.2911774814128876
1,76,1509,0.12928122282028198
1,77,1510,0.1971689760684967
1,78,1511,0.13608531653881073
1,79,1512,0.2189120054244995
1,80,1513,0.2042824625968933
1,81,1514,0.2178029865026474
1,82,1515,0.18626302480697632
1,83,1516,0.14202718436717987
1,84,1517,0.12475702911615372
1,85,1518,0.19001998007297516
1,86,1519,0.10598429292440414
1,87,1520,0.202127605676651
1,88,1521,0.014773746021091938
1,89,1522,0.1758851706981659
1,90,1523,0.1189686730504036
1,91,1524,0.282705694437027
1,92,1525,0.1341213583946228
1,93,1526,0.15417633950710297
1,94,1527,0.1111658364534378
1,95,1528,0.1902189552783966
1,96,1529,0.27614936232566833
1,97,1530,0.15663118660449982
1,98,1531,0.019043732434511185
1,99,1532,0.02248585782945156
1,100,1533,0.13453947007656097
1,101,1534,0.09284902364015579
1,102,1535,0.055746838450431824
1,103,1536,0.2853926420211792
1,104,1537,0.05125239118933678
1,105,1538,0.10932549834251404
1,106,1539,0.0765485092997551
1,107,1540,0.1269417554140091
1,108,1541,0.1629847288131714
1,109,1542,0.17400693893432617
1,110,1543,0.13737738132476807
1,111,1544,0.12750586867332458
1,112,1545,0.09335925430059433
1,113,1546,0.07542675733566284
1,114,1547,0.0951826274394989
1,115,1548,0.20084449648857117
1,116,1549,0.2141762375831604
1,117,1550,0.22116994857788086
1,118,1551,0.09697599709033966
1,119,1552,0.1624121367931366
1,120,1553,0.09555859118700027
1,121,1554,0.0821412205696106
1,122,1555,0.013396498747169971
1,123,1556,0.10485995560884476
1,124,1557,0.17582595348358154
1,125,1558,0.10314083099365234
1,126,1559,0.14114788174629211
1,127,1560,0.119115449488163
1,128,1561,0.308527410030365
1,129,1562,0.13538698852062225
1,130,1563,0.17046856880187988
1,131,1564,0.11572153121232986
1,132,1565,0.13982346653938293
1,133,1566,0.20486781001091003
1,134,1567,0.23110835254192352
1,135,1568,0.09072239696979523
1,136,1569,0.2625507414340973
1,137,1570,0.22301393747329712
1,138,1571,0.2698175609111786
1,139,1572,0.20772528648376465
1,140,1573,0.2085113823413849
1,141,1574,0.25484710931777954
1,142,1575,0.13013187050819397
1,143,1576,0.15208610892295837
1,144,1577,0.1809408962726593
1,145,1578,0.09727420657873154
1,146,1579,0.13668975234031677
1,147,1580,0.18940743803977966
1,148,1581,0.3301832973957062
1,149,1582,0.1741701066493988
1,150,1583,0.2609226703643799
1,151,1584,0.11632020771503448
1,152,1585,0.19974489510059357
1,153,1586,0.21361035108566284
1,154,1587,0.12297417223453522
1,155,1588,0.22737959027290344
1,156,1589,0.20072010159492493
1,157,1590,0.13072457909584045
1,158,1591,0.11755433678627014
1,159,1592,0.20984932780265808
1,160,1593,0.2484167367219925
1,161,1594,0.19718579947948456
1,162,1595,0.12555408477783203
1,163,1596,0.13597162067890167
1,164,1597,0.11620394885540009
1,165,1598,0.1637609601020813
1,166,1599,0.15574945509433746
1,167,1600,0.108417809009552
1,168,1601,0.17557334899902344
1,169,1602,0.07719331979751587
1,170,1603,0.1508093774318695
1,171,1604,0.12284691631793976
1,172,1605,0.2649312913417816
1,173,1606,0.11319539695978165
1,174,1607,0.11049408465623856
1,175,1608,0.24651707708835602
1,176,1609,0.21103614568710327
1,177,1610,0.0749523788690567
1,178,1611,0.15970878303050995
1,179,1612,0.19223304092884064
1,180,1613,0.15656797587871552
1,181,1614,0.08895330131053925
1,182,1615,0.1820637583732605
1,183,1616,0.16476406157016754
1,184,1617,0.15222865343093872
1,185,1618,0.165027916431427
1,186,1619,0.1404297947883606
1,187,1620,0.2297723889350891
1,188,1621,0.18100792169570923
1,189,1622,0.1380762755870819
1,190,1623,0.18221734464168549
1,191,1624,0.16371940076351166
1,192,1625,0.14303463697433472
1,193,1626,0.4209549129009247
1,194,1627,0.44844749569892883
1,195,1628,0.40140193700790405
1,196,1629,0.47698378562927246
1,197,1630,0.6212255954742432
1,198,1631,0.751700222492218
1,199,1632,0.4206833839416504
1,200,1633,0.32088473439216614
1,201,1634,0.4164814352989197
1,202,1635,0.4457370936870575
1,203,1636,0.2946419417858124
1,204,1637,0.28138673305511475
1,205,1638,0.28868311643600464
1,206,1639,0.2168990969657898
1,207,1640,0.31310155987739563
1,208,1641,0.4299178421497345
1,209,1642,0.31003066897392273
1,210,1643,0.16961602866649628
1,211,1644,0.20117875933647156
1,212,1645,0.2116580307483673
1,213,1646,0.1945267617702484
1,214,1647,0.31934183835983276
1,215,1648,0.2943968176841736
1,216,1649,0.1690455973148346
1,217,1650,0.3176252245903015
1,218,1651,0.3869472146034241
1,219,1652,0.0992693156003952
1,220,1653,0.22273816168308258
1,221,1654,0.12065199017524719
1,222,1655,0.02965519018471241
1,223,1656,0.08691220730543137
1,224,1657,0.35056188702583313
1,225,1658,0.34008359909057617
1,226,1659,0.1845420002937317
1,227,1660,0.18484443426132202
1,228,1661,0.1273776739835739
1,229,1662,0.14861412346363068
1,230,1663,0.23041832447052002
1,231,1664,0.09235382825136185
1,232,1665,0.2570834755897522
1,233,1666,0.1491413712501526
1,234,1667,0.23092305660247803
1,235,1668,0.10784072428941727
1,236,1669,0.09144061803817749
1,237,1670,0.20629435777664185
1,238,1671,0.3186228275299072
1,239,1672,0.23028182983398438
1,240,1673,0.19548919796943665
1,241,1674,0.16499724984169006
1,242,1675,0.11848285794258118
1,243,1676,0.11559779942035675
1,244,1677,0.23510922491550446
1,245,1678,0.19358596205711365
1,246,1679,0.34263038635253906
1,247,1680,0.17359071969985962
1,248,1681,0.07072696834802628
1,249,1682,0.05164696276187897
1,250,1683,0.23104576766490936
1,251,1684,0.26269543170928955
1,252,1685,0.14672566950321198
1,253,1686,0.24306786060333252
1,254,1687,0.3537120223045349
1,255,1688,0.3265994191169739
1,256,1689,0.08261186629533768
1,257,1690,0.2322348952293396
1,258,1691,0.28951677680015564
1,259,1692,0.1918621063232422
1,260,1693,0.11449827253818512
1,261,1694,0.2594035565853119
1,262,1695,0.09789127856492996
1,263,1696,0.15525151789188385
1,264,1697,0.2403748780488968
1,265,1698,0.033014826476573944
1,266,1699,0.1843821406364441
1,267,1700,0.20402902364730835
1,268,1701,0.12128748744726181
1,269,1702,0.18244071304798126
1,270,1703,0.14513127505779266
1,271,1704,0.21189671754837036
1,272,1705,0.20858816802501678
1,273,1706,0.12563568353652954
1,274,1707,0.22767099738121033
1,275,1708,0.1019473448395729
1,276,1709,0.0944506898522377
1,277,1710,0.035928111523389816
1,278,1711,0.11151476204395294
1,279,1712,0.01091061346232891
1,280,1713,0.14091113209724426
1,281,1714,0.17965415120124817
1,282,1715,0.009625937789678574
1,283,1716,0.20310796797275543
1,284,1717,0.2284044623374939
1,285,1718,0.19475910067558289
1,286,1719,0.24329575896263123
1,287,1720,0.11373377591371536
1,288,1721,0.21281477808952332
1,289,1722,0.23409400880336761
1,290,1723,0.1370108276605606
1,291,1724,0.26330503821372986
1,292,1725,0.175308957695961
1,293,1726,0.25358110666275024
1,294,1727,0.11838209629058838
1,295,1728,0.20352032780647278
1,296,1729,0.13467229902744293
1,297,1730,0.17415764927864075
1,298,1731,0.12256887555122375
1,299,1732,0.11163973063230515
1,300,1733,0.09501884877681732
1,301,1734,0.15370193123817444
1,302,1735,0.1730130910873413
1,303,1736,0.14495216310024261
1,304,1737,0.10313958674669266
1,305,1738,0.1683582067489624
1,306,1739,0.28961181640625
1,307,1740,0.16596995294094086
1,308,1741,0.08901277184486389
1,309,1742,0.14808888733386993
1,310,1743,0.1677582710981369
1,311,1744,0.1904546618461609
1,312,1745,0.19911189377307892
1,313,1746,0.14110183715820312
1,314,1747,0.13334016501903534
1,315,1748,0.12904775142669678
1,316,1749,0.18882571160793304
1,317,1750,0.13311444222927094
1,318,1751,0.1813686341047287
1,319,1752,0.21161364018917084
1,320,1753,0.28086745738983154
1,321,1754,0.16058294475078583
1,322,1755,0.2374645471572876
1,323,1756,0.20522528886795044
1,324,1757,0.1739782691001892
1,325,1758,0.13846927881240845
1,326,1759,0.1586371213197708
1,327,1760,0.3051987588405609
1,328,1761,0.057392608374357224
1,329,1762,0.23946073651313782
1,330,1763,0.21172289550304413
1,331,1764,0.2807290852069855
1,332,1765,0.17247068881988525
1,333,1766,0.17802418768405914
1,334,1767,0.08358091861009598
1,335,1768,0.16900022327899933
1,336,1769,0.20940041542053223
1,337,1770,0.19504433870315552
1,338,1771,0.11288643628358841
1,339,1772,0.17262418568134308
1,340,1773,0.13785375654697418
1,341,1774,0.11974138021469116
1,342,1775,0.12443940341472626
1,343,1776,0.24192917346954346
1,344,1777,0.08406377583742142
1,345,1778,0.10927540808916092
1,346,1779,0.058735549449920654
1,347,1780,0.05868899077177048
1,348,1781,0.2565886080265045
1,349,1782,0.21221762895584106
1,350,1783,0.12680357694625854
1,351,1784,0.2475363314151764
1,352,1785,0.07925901561975479
1,353,1786,0.19892537593841553
1,354,1787,0.24606217443943024
1,355,1788,0.1341584026813507
1,356,1789,0.23733365535736084
1,357,1790,0.19428440928459167
1,358,1791,0.1256895214319229
1,359,1792,0.18413187563419342
1,360,1793,0.18289992213249207
1,361,1794,0.17352835834026337
1,362,1795,0.16416238248348236
1,363,1796,0.15191613137722015
1,364,1797,0.17873261868953705
1,365,1798,0.19626949727535248
1,366,1799,0.2317676544189453
1,367,1800,0.09790657460689545
1,368,1801,0.10699008405208588
1,369,1802,0.10018419474363327
1,370,1803,0.09396209567785263
1,371,1804,0.10789472609758377
1,372,1805,0.13222886621952057
1,373,1806,0.2209744155406952
1,374,1807,0.054871026426553726
1,375,1808,0.1290544718503952
1,376,1809,0.1465793251991272
1,377,1810,0.13406971096992493
1,378,1811,0.14754162728786469
1,379,1812,0.09662216901779175
1,380,1813,0.1951555609703064
1,381,1814,0.20499074459075928
1,382,1815,0.14743095636367798
1,383,1816,0.22682958841323853
1,384,1817,0.1529756486415863
1,385,1818,0.136703759431839
1,386,1819,0.1249251589179039
1,387,1820,0.1440049707889557
1,388,1821,0.13924425840377808
1,389,1822,0.06320563703775406
1,390,1823,0.09738082438707352
1,391,1824,0.14198465645313263
1,392,1825,0.12522220611572266
1,393,1826,0.15535087883472443
1,394,1827,0.17625795304775238
1,395,1828,0.1274067610502243
1,396,1829,0.12038473784923553
1,397,1830,0.22136421501636505
1,398,1831,0.15988273918628693
1,399,1832,0.22896569967269897
1,400,1833,0.14269502460956573
1,401,1834,0.03281988948583603
1,402,1835,0.26091447472572327
1,403,1836,0.12466059625148773
1,404,1837,0.1324162632226944
1,405,1838,0.11700237542390823
1,406,1839,0.25594562292099
1,407,1840,0.10865951329469681
1,408,1841,0.0168497022241354
1,409,1842,0.11341395229101181
1,410,1843,0.2781566083431244
1,411,1844,0.2483767569065094
1,412,1845,0.1592092663049698
1,413,1846,0.14711911976337433
1,414,1847,0.18849755823612213
1,415,1848,0.24015595018863678
1,416,1849,0.1639958918094635
1,417,1850,0.18351683020591736
1,418,1851,0.1710796356201172
1,419,1852,0.021268082782626152
1,420,1853,0.21035316586494446
1,421,1854,0.09399732202291489
1,422,1855,0.16285724937915802
1,423,1856,0.0825444832444191
1,424,1857,0.11394352465867996
1,425,1858,0.18776282668113708
1,426,1859,0.07899802923202515
1,427,1860,0.1352229118347168
1,428,1861,0.021730441600084305
1,429,1862,0.195917546749115
1,430,1863,0.1335163712501526
1,431,1864,0.11383642256259918
1,432,1865,0.10976701974868774
1,433,1866,0.197036474943161
1,434,1867,0.21752575039863586
1,435,1868,0.20724011957645416
1,436,1869,0.12318920344114304
1,437,1870,0.1552119106054306
1,438,1871,0.16376791894435883
1,439,1872,0.11114451289176941
1,440,1873,0.1533961445093155
1,441,1874,0.028446706011891365
1,442,1875,0.18715061247348785
1,443,1876,0.19750894606113434
1,444,1877,0.24883563816547394
1,445,1878,0.15246595442295074
1,446,1879,0.10026836395263672
1,447,1880,0.1418815553188324
1,448,1881,0.044670045375823975
1,449,1882,0.1632847785949707
1,450,1883,0.19700416922569275
1,451,1884,0.14860738813877106
1,452,1885,0.24361500144004822
1,453,1886,0.1462389975786209
1,454,1887,0.09588979184627533
1,455,1888,0.11789721995592117
1,456,1889,0.17533327639102936
1,457,1890,0.0766463503241539
1,458,1891,0.22831706702709198
1,459,1892,0.14817798137664795
1,460,1893,0.12903599441051483
1,461,1894,0.0366329662501812
1,462,1895,0.21133649349212646
1,463,1896,0.08947458863258362
1,464,1897,0.07677439600229263
1,465,1898,0.21736004948616028
1,466,1899,0.21062247455120087
1,467,1900,0.11658056080341339
1,468,1901,0.2312893569469452
1,469,1902,0.1492721438407898
1,470,1903,0.07919251173734665
1,471,1904,0.1792859584093094
1,472,1905,0.19506336748600006
1,473,1906,0.12427116185426712
1,474,1907,0.14274978637695312
1,475,1908,0.09899260103702545
1,476,1909,0.018146153539419174
1,477,1910,0.18884053826332092
1,478,1911,0.15886767208576202
1,479,1912,0.10770893841981888
1,480,1913,0.16835036873817444
1,481,1914,0.14197950065135956
1,482,1915,0.08549682796001434
1,483,1916,0.13610981404781342
1,484,1917,0.21591439843177795
1,485,1918,0.17421142756938934
1,486,1919,0.03773856908082962
1,487,1920,0.2059534192085266
1,488,1921,0.1411581188440323
1,489,1922,0.08788789063692093
1,490,1923,0.23083142936229706
1,491,1924,0.1224755346775055
1,492,1925,0.029073242098093033
1,493,1926,0.16625384986400604
1,494,1927,0.11876426637172699
1,495,1928,0.07658062875270844
1,496,1929,0.1936117261648178
1,497,1930,0.15137076377868652
1,498,1931,0.04949909448623657
1,499,1932,0.20206019282341003
1,500,1933,0.09811023622751236
1,501,1934,0.1220710352063179
1,502,1935,0.31987035274505615
1,503,1936,0.1267843395471573
1,504,1937,0.17632362246513367
1,505,1938,0.20359289646148682
1,506,1939,0.1145041435956955
1,507,1940,0.09957823902368546
1,508,1941,0.13604888319969177
1,509,1942,0.16074874997138977
1,510,1943,0.14493028819561005
1,511,1944,0.20806068181991577
1,512,1945,0.18384377658367157
1,513,1946,0.18190811574459076
1,514,1947,0.24312351644039154
1,515,1948,0.227903813123703
1,516,1949,0.12268662452697754
1,517,1950,0.1268952488899231
1,518,1951,0.1526183784008026
1,519,1952,0.06675678491592407
1,520,1953,0.16845697164535522
1,521,1954,0.13859476149082184
1,522,1955,0.14828574657440186
1,523,1956,0.18341249227523804
1,524,1957,0.12919364869594574
1,525,1958,0.19766993820667267
1,526,1959,0.17621614038944244
1,527,1960,0.10323917120695114
1,528,1961,0.09704020619392395
1,529,1962,0.08100250363349915
1,530,1963,0.09795573353767395
1,531,1964,0.1798166036605835
1,532,1965,0.034740813076496124
1,533,1966,0.06900499016046524
1,534,1967,0.10271947085857391
1,535,1968,0.1330554187297821
1,536,1969,0.26915639638900757
1,537,1970,0.16946156322956085
1,538,1971,0.23998962342739105
1,539,1972,0.13436439633369446
1,540,1973,0.09396623820066452
1,541,1974,0.17116858065128326
1,542,1975,0.20716917514801025
1,543,1976,0.10228905081748962
1,544,1977,0.28387361764907837
1,545,1978,0.11980103701353073
1,546,1979,0.1486799418926239
1,547,1980,0.15117885172367096
1,548,1981,0.13668109476566315
1,549,1982,0.18382133543491364
1,550,1983,0.14255627989768982
1,551,1984,0.15195384621620178
1,552,1985,0.14541101455688477
1,553,1986,0.1379392296075821
1,554,1987,0.16637301445007324
1,555,1988,0.22886411845684052
1,556,1989,0.12605881690979004
1,557,1990,0.09204263240098953
1,558,1991,0.12350164353847504
1,559,1992,0.10845371335744858
1,560,1993,0.20406374335289001
1,561,1994,0.17686232924461365
1,562,1995,0.12973155081272125
1,563,1996,0.1278313249349594
1,564,1997,0.2433999627828598
1,565,1998,0.16169396042823792
1,566,1999,0.18901076912879944
1,567,2000,0.10016626864671707
1,568,2001,0.20083843171596527
1,569,2002,0.1351088285446167
1,570,2003,0.13201212882995605
1,571,2004,0.11380117386579514
1,572,2005,0.14866292476654053
1,573,2006,0.13379769027233124
1,574,2007,0.09696728736162186
1,575,2008,0.07664849609136581
1,576,2009,0.16561934351921082
1,577,2010,0.10859071463346481
1,578,2011,0.1887923628091812
1,579,2012,0.16848252713680267
1,580,2013,0.24310392141342163
1,581,2014,0.10706647485494614
1,582,2015,0.055796485394239426
1,583,2016,0.13329927623271942
1,584,2017,0.18851438164710999
1,585,2018,0.20060086250305176
1,586,2019,0.10041401535272598
1,587,2020,0.020627548918128014
1,588,2021,0.011709344573318958
1,589,2022,0.1224653422832489
1,590,2023,0.1811593621969223
1,591,2024,0.22344976663589478
1,592,2025,0.22528132796287537
1,593,2026,0.23942600190639496
1,594,2027,0.15624666213989258
1,595,2028,0.170986145734787
1,596,2029,0.09509143233299255
1,597,2030,0.1505523920059204
1,598,2031,0.15841014683246613
1,599,2032,0.13595370948314667
1,600,2033,0.11616331338882446
1,601,2034,0.15065723657608032
1,602,2035,0.1618281900882721
1,603,2036,0.1850835233926773
1,604,2037,0.20358321070671082
1,605,2038,0.17608989775180817
1,606,2039,0.13082149624824524
1,607,2040,0.10462687164545059
1,608,2041,0.07532994449138641
1,609,2042,0.11217717081308365
1,610,2043,0.017079466953873634
1,611,2044,0.1541692465543747
1,612,2045,0.13531796634197235
1,613,2046,0.24557752907276154
1,614,2047,0.0692170262336731
1,615,2048,0.177101731300354
1,616,2049,0.1857040375471115
1,617,2050,0.05631736293435097
1,618,2051,0.1831129640340805
1,619,2052,0.1497512012720108
1,620,2053,0.12053687870502472
1,621,2054,0.1649925261735916
1,622,2055,0.1055881679058075
1,623,2056,0.13170869648456573
1,624,2057,0.1096474900841713
1,625,2058,0.11003591865301132
1,626,2059,0.10021764039993286
1,627,2060,0.16653303802013397
1,628,2061,0.013980615884065628
1,629,2062,0.08814433217048645
1,630,2063,0.16590148210525513
1,631,2064,0.15057775378227234
1,632,2065,0.21013320982456207
1,633,2066,0.23544494807720184
1,634,2067,0.1367001235485077
1,635,2068,0.12673331797122955
1,636,2069,0.04804650694131851
1,637,2070,0.05850822106003761
1,638,2071,0.12047107517719269
1,639,2072,0.08405832201242447
1,640,2073,0.26336658000946045
1,641,2074,0.1571628600358963
1,642,2075,0.12094608694314957
1,643,2076,0.17214567959308624
1,644,2077,0.19821183383464813
1,645,2078,0.1038287878036499
1,646,2079,0.18382547795772552
1,647,2080,0.20460452139377594
1,648,2081,0.1618475764989853
1,649,2082,0.22766171395778656
1,650,2083,0.1375991404056549
1,651,2084,0.10961419343948364
1,652,2085,0.09412669390439987
1,653,2086,0.1189548522233963
1,654,2087,0.0887945219874382
1,655,2088,0.17530998587608337
1,656,2089,0.11330312490463257
1,657,2090,0.17614033818244934
1,658,2091,0.2422153651714325
1,659,2092,0.19007238745689392
1,660,2093,0.18988698720932007
1,661,2094,0.16276833415031433
1,662,2095,0.2139662206172943
1,663,2096,0.1017700657248497
1,664,2097,0.06870629638433456
1,665,2098,0.29414623975753784
1,666,2099,0.1427936851978302
1,667,2100,0.1784495711326599
1,668,2101,0.16210685670375824
1,669,2102,0.10747277736663818
1,670,2103,0.17359597980976105
1,671,2104,0.20985618233680725
1,672,2105,0.17642344534397125
1,673,2106,0.17370052635669708
1,674,2107,0.1706286370754242
1,675,2108,0.09165091067552567
1,676,2109,0.1712026745080948
1,677,2110,0.2406539022922516
1,678,2111,0.028692662715911865
1,679,2112,0.1609327644109726
1,680,2113,0.23561601340770721
1,681,2114,0.11151944100856781
1,682,2115,0.1332894265651703
1,683,2116,0.09321986138820648
1,684,2117,0.10652696341276169
1,685,2118,0.11494816094636917
1,686,2119,0.060451995581388474
1,687,2120,0.16109216213226318
1,688,2121,0.13148713111877441
1,689,2122,0.17136913537979126
1,690,2123,0.25342682003974915
1,691,2124,0.16041959822177887
1,692,2125,0.1517128348350525
1,693,2126,0.09565690159797668
1,694,2127,0.11328549683094025
1,695,2128,0.12798568606376648
1,696,2129,0.06436886638402939
1,697,2130,0.1285967230796814
1,698,2131,0.14427538216114044
1,699,2132,0.09654021263122559
1,700,2133,0.2749825417995453
1,701,2134,0.06207524985074997
1,702,2135,0.11816719174385071
1,703,2136,0.11323254555463791
1,704,2137,0.2315402776002884
1,705,2138,0.20142003893852234
1,706,2139,0.028051083907485008
1,707,2140,0.19726575911045074
1,708,2141,0.1942574828863144
1,709,2142,0.2705079913139343
1,710,2143,0.09084149450063705
1,711,2144,0.11690609902143478
1,712,2145,0.13660623133182526
1,713,2146,0.17417888343334198
1,714,2147,0.0840420052409172
1,715,2148,0.24261005222797394
1,716,2149,0.00849947426468134
1,717,2150,0.14604361355304718
1,718,2151,0.014542803168296814
1,719,2152,0.15526293218135834
1,720,2153,0.054623082280159
1,721,2154,0.11596693098545074
1,722,2155,0.03960173949599266
1,723,2156,0.156272292137146
1,724,2157,0.1744038611650467
1,725,2158,0.07184381783008575
1,726,2159,0.12290823459625244
1,727,2160,0.12556886672973633
1,728,2161,0.0962042436003685
1,729,2162,0.19227783381938934
1,730,2163,0.14427931606769562
1,731,2164,0.06287068128585815
1,732,2165,0.1438199132680893
1,733,2166,0.08796554803848267
1,734,2167,0.1287814974784851
1,735,2168,0.10124760121107101
1,736,2169,0.12857891619205475
1,737,2170,0.03828057274222374
1,738,2171,0.15133844316005707
1,739,2172,0.22939184308052063
1,740,2173,0.1820221245288849
1,741,2174,0.19547490775585175
1,742,2175,0.16022135317325592
1,743,2176,0.14945659041404724
1,744,2177,0.11947905272245407
1,745,2178,0.05071457102894783
1,746,2179,0.1609373688697815
1,747,2180,0.1338394731283188
1,748,2181,0.21010716259479523
1,749,2182,0.07102485746145248
1,750,2183,0.16814664006233215
1,751,2184,0.13550440967082977
1,752,2185,0.19107511639595032
1,753,2186,0.011930693872272968
1,754,2187,0.14232441782951355
1,755,2188,0.13463053107261658
1,756,2189,0.14212079346179962
1,757,2190,0.2094581425189972
1,758,2191,0.08976618945598602
1,759,2192,0.2687859833240509
1,760,2193,0.12627598643302917
1,761,2194,0.237426295876503
1,762,2195,0.1175333559513092
1,763,2196,0.19480907917022705
1,764,2197,0.16895939409732819
1,765,2198,0.1877344697713852
1,766,2199,0.15542660653591156
1,767,2200,0.19203324615955353
1,768,2201,0.2233227789402008
1,769,2202,0.1934080570936203
1,770,2203,0.14946074783802032
1,771,2204,0.16960981488227844
1,772,2205,0.179255872964859
1,773,2206,0.057772375643253326
1,774,2207,0.10405907034873962
1,775,2208,0.12153878808021545
1,776,2209,0.18875522911548615
1,777,2210,0.0921657606959343
1,778,2211,0.15848413109779358
1,779,2212,0.08717966079711914
1,780,2213,0.13995732367038727
1,781,2214,0.207203671336174
1,782,2215,0.12544387578964233
1,783,2216,0.12647929787635803
1,784,2217,0.14285415410995483
1,785,2218,0.09611743688583374
1,786,2219,0.07966049015522003
1,787,2220,0.20091725885868073
1,788,2221,0.19304519891738892
1,789,2222,0.09569340199232101
1,790,2223,0.11416000872850418
1,791,2224,0.21612823009490967
1,792,2225,0.1584426760673523
1,793,2226,0.14868412911891937
1,794,2227,0.0810268297791481
1,795,2228,0.17831817269325256
1,796,2229,0.0851685106754303
1,797,2230,0.0984504446387291
1,798,2231,0.18313652276992798
1,799,2232,0.1662212610244751
1,800,2233,0.09420573711395264
1,801,2234,0.10234740376472473
1,802,2235,0.07331254333257675
1,803,2236,0.16096939146518707
1,804,2237,0.1303800791501999
1,805,2238,0.19012582302093506
1,806,2239,0.09595992416143417
1,807,2240,0.11597120016813278
1,808,2241,0.13997778296470642
1,809,2242,0.1756247729063034
1,810,2243,0.13325384259223938
1,811,2244,0.14298805594444275
1,812,2245,0.13987134397029877
1,813,2246,0.14764952659606934
1,814,2247,0.1481224149465561
1,815,2248,0.08022978156805038
1,816,2249,0.00526560191065073
1,817,2250,0.07970590889453888
1,818,2251,0.032262783497571945
1,819,2252,0.1938052475452423
1,820,2253,0.14784494042396545
1,821,2254,0.15480196475982666
1,822,2255,0.10040651261806488
1,823,2256,0.00900975987315178
1,824,2257,0.13786345720291138
1,825,2258,0.16804416477680206
1,826,2259,0.10245043784379959
1,827,2260,0.0773552656173706
1,828,2261,0.1352585405111313
1,829,2262,0.10633984953165054
1,830,2263,0.1599256545305252
1,831,2264,0.1310691386461258
1,832,2265,0.2265716940164566
1,833,2266,0.07484607398509979
1,834,2267,0.1583661139011383
1,835,2268,0.20216964185237885
1,836,2269,0.13014143705368042
1,837,2270,0.14052972197532654
1,838,2271,0.07452810555696487
1,839,2272,0.1579066663980484
1,840,2273,0.07961982488632202
1,841,2274,0.2831806242465973
1,842,2275,0.13776688277721405
1,843,2276,0.13412104547023773
1,844,2277,0.055461667478084564
1,845,2278,0.16555455327033997
1,846,2279,0.12120945751667023
1,847,2280,0.02462376467883587
1,848,2281,0.09362517297267914
1,849,2282,0.11454439908266068
1,850,2283,0.18280930817127228
1,851,2284,0.13885530829429626
1,852,2285,0.13906314969062805
1,853,2286,0.11351893842220306
1,854,2287,0.05920293927192688
1,855,2288,0.11267892271280289
1,856,2289,0.06933807581663132
1,857,2290,0.12837626039981842
1,858,2291,0.14068615436553955
1,859,2292,0.16589364409446716
1,860,2293,0.08095663040876389
1,861,2294,0.18768832087516785
1,862,2295,0.07870529592037201
1,863,2296,0.08975525945425034
1,864,2297,0.008427785709500313
1,865,2298,0.09098843485116959
1,866,2299,0.2893289029598236
1,867,2300,0.15437403321266174
1,868,2301,0.08675171434879303
1,869,2302,0.13250191509723663
1,870,2303,0.11739549040794373
1,871,2304,0.23349106311798096
1,872,2305,0.13419321179389954
1,873,2306,0.07528791576623917
1,874,2307,0.12050576508045197
1,875,2308,0.05613504722714424
1,876,2309,0.09059210121631622
1,877,2310,0.17631623148918152
1,878,2311,0.12262024730443954
1,879,2312,0.1262074112892151
1,880,2313,0.10272503644227982
1,881,2314,0.2645232677459717
1,882,2315,0.1551836133003235
1,883,2316,0.09330833703279495
1,884,2317,0.1671752631664276
1,885,2318,0.2587161958217621
1,886,2319,0.2082837074995041
1,887,2320,0.18067960441112518
1,888,2321,0.16768209636211395
1,889,2322,0.09384201467037201
1,890,2323,0.13852117955684662
1,891,2324,0.07002991437911987
1,892,2325,0.10895566642284393
1,893,2326,0.08505295217037201
1,894,2327,0.22506926953792572
1,895,2328,0.13006503880023956
1,896,2329,0.23206427693367004
1,897,2330,0.2478465884923935
1,898,2331,0.14625677466392517
1,899,2332,0.1432138979434967
1,900,2333,0.11995863914489746
1,901,2334,0.15296006202697754
1,902,2335,0.08559513837099075
1,903,2336,0.12993097305297852
1,904,2337,0.20342692732810974
1,905,2338,0.13498207926750183
1,906,2339,0.13186639547348022
1,907,2340,0.17611141502857208
1,908,2341,0.17879949510097504
1,909,2342,0.10295148938894272
1,910,2343,0.15620988607406616
1,911,2344,0.15011587738990784
1,912,2345,0.14727653563022614
1,913,2346,0.1434476226568222
1,914,2347,0.07517937570810318
1,915,2348,0.16064701974391937
1,916,2349,0.19602032005786896
1,917,2350,0.2809849679470062
1,918,2351,0.07091318070888519
1,919,2352,0.11007636785507202
1,920,2353,0.2314714938402176
1,921,2354,0.17410968244075775
1,922,2355,0.12740863859653473
1,923,2356,0.0741172656416893
1,924,2357,0.10829755663871765
1,925,2358,0.1030365452170372
1,926,2359,0.21767844259738922
1,927,2360,0.15661701560020447
1,928,2361,0.17702457308769226
1,929,2362,0.13131453096866608
1,930,2363,0.11364251375198364
1,931,2364,0.10380825400352478
1,932,2365,0.15448035299777985
1,933,2366,0.14942112565040588
1,934,2367,0.13848493993282318
1,935,2368,0.1504867970943451
1,936,2369,0.1723373383283615
1,937,2370,0.249383807182312
1,938,2371,0.054936036467552185
1,939,2372,0.123203344643116
1,940,2373,0.10082747787237167
1,941,2374,0.14168250560760498
1,942,2375,0.10894922912120819
1,943,2376,0.03390692546963692
1,944,2377,0.09019448608160019
1,945,2378,0.005744109395891428
1,946,2379,0.13013720512390137
1,947,2380,0.15313345193862915
1,948,2381,0.15763939917087555
1,949,2382,0.17177726328372955
1,950,2383,0.022434957325458527
1,951,2384,0.1979624629020691
1,952,2385,0.19733776152133942
1,953,2386,0.06584680825471878
1,954,2387,0.18760807812213898
1,955,2388,0.17594799399375916
1,956,2389,0.1614094227552414
1,957,2390,0.1080041155219078
1,958,2391,0.0707329511642456
1,959,2392,0.13509878516197205
1,960,2393,0.12996436655521393
1,961,2394,0.18494337797164917
1,962,2395,0.09011819213628769
1,963,2396,0.15450069308280945
1,964,2397,0.01309998519718647
1,965,2398,0.08338053524494171
1,966,2399,0.004590990021824837
1,967,2400,0.2218286544084549
1,968,2401,0.1411965787410736
1,969,2402,0.17581629753112793
1,970,2403,0.22381722927093506
1,971,2404,0.16482581198215485
1,972,2405,0.18767081201076508
1,973,2406,0.1714518517255783
1,974,2407,0.16247732937335968
1,975,2408,0.08978349715471268
1,976,2409,0.10938499867916107
1,977,2410,0.20700572431087494
1,978,2411,0.1088268980383873
1,979,2412,0.22807930409908295
1,980,2413,0.17887862026691437
1,981,2414,0.10845618695020676
1,982,2415,0.054433029145002365
1,983,2416,0.09889168292284012
1,984,2417,0.18785952031612396
1,985,2418,0.09455199539661407
1,986,2419,0.10327329486608505
1,987,2420,0.14844508469104767
1,988,2421,0.15129823982715607
1,989,2422,0.11248791962862015
1,990,2423,0.12731949985027313
1,991,2424,0.14862237870693207
1,992,2425,0.12386957556009293
1,993,2426,0.1422412395477295
1,994,2427,0.11986890435218811
1,995,2428,0.25850972533226013
1,996,2429,0.12644435465335846
1,997,2430,0.12638677656650543
1,998,2431,0.15737347304821014
1,999,2432,0.07487654685974121
1,1000,2433,0.07075564563274384
1,1001,2434,0.11993217468261719
1,1002,2435,0.0424872562289238
1,1003,2436,0.1890018880367279
1,1004,2437,0.19037018716335297
1,1005,2438,0.04546939581632614
1,1006,2439,0.08994434773921967
1,1007,2440,0.07374247908592224
1,1008,2441,0.16494566202163696
1,1009,2442,0.15334659814834595
1,1010,2443,0.24312305450439453
1,1011,2444,0.12652291357517242
1,1012,2445,0.12798014283180237
1,1013,2446,0.16414420306682587
1,1014,2447,0.1302231401205063
1,1015,2448,0.1808653622865677
1,1016,2449,0.18597538769245148
1,1017,2450,0.21886475384235382
1,1018,2451,0.07638933509588242
1,1019,2452,0.11004701256752014
1,1020,2453,0.1210678443312645
1,1021,2454,0.136672243475914
1,1022,2455,0.18790346384048462
1,1023,2456,0.13046330213546753
1,1024,2457,0.12383710592985153
1,1025,2458,0.13656555116176605
1,1026,2459,0.12389925122261047
1,1027,2460,0.11543383449316025
1,1028,2461,0.10737865418195724
1,1029,2462,0.12917456030845642
1,1030,2463,0.1422448456287384
1,1031,2464,0.1433529257774353
1,1032,2465,0.14522947371006012
1,1033,2466,0.07819470763206482
1,1034,2467,0.12620621919631958
1,1035,2468,0.12755317986011505
1,1036,2469,0.21368089318275452
1,1037,2470,0.2656330466270447
1,1038,2471,0.13628873229026794
1,1039,2472,0.18138949573040009
1,1040,2473,0.06652651727199554
1,1041,2474,0.15371280908584595
1,1042,2475,0.11560433357954025
1,1043,2476,0.2888173758983612
1,1044,2477,0.10130154341459274
1,1045,2478,0.13825900852680206
1,1046,2479,0.186189666390419
1,1047,2480,0.09540160745382309
1,1048,2481,0.16463777422904968
1,1049,2482,0.12387208640575409
1,1050,2483,0.16482777893543243
1,1051,2484,0.05721951648592949
1,1052,2485,0.09203226864337921
1,1053,2486,0.10963083058595657
1,1054,2487,0.008609491400420666
1,1055,2488,0.1372554451227188
1,1056,2489,0.004397662356495857
1,1057,2490,0.25833600759506226
1,1058,2491,0.004403463564813137
1,1059,2492,0.10755600035190582
1,1060,2493,0.15375642478466034
1,1061,2494,0.08048741519451141
1,1062,2495,0.14977556467056274
1,1063,2496,0.09191251546144485
1,1064,2497,0.23548173904418945
1,1065,2498,0.13035179674625397
1,1066,2499,0.07834950089454651
1,1067,2500,0.05466173216700554
1,1068,2501,0.22194655239582062
1,1069,2502,0.06132682040333748
1,1070,2503,0.15109968185424805
1,1071,2504,0.14452598989009857
1,1072,2505,0.12523852288722992
1,1073,2506,0.04938061907887459
1,1074,2507,0.16732126474380493
1,1075,2508,0.20802558958530426
1,1076,2509,0.08341319113969803
1,1077,2510,0.09275644272565842
1,1078,2511,0.08837992697954178
1,1079,2512,0.17124100029468536
1,1080,2513,0.19724492728710175
1,1081,2514,0.1551903337240219
1,1082,2515,0.07831370830535889
1,1083,2516,0.08530557155609131
1,1084,2517,0.10491474717855453
1,1085,2518,0.13021135330200195
1,1086,2519,0.1022183895111084
1,1087,2520,0.12305555492639542
1,1088,2521,0.14204242825508118
1,1089,2522,0.21488501131534576
1,1090,2523,0.11431744694709778
1,1091,2524,0.15603090822696686
1,1092,2525,0.12452971190214157
1,1093,2526,0.16393645107746124
1,1094,2527,0.20735755562782288
1,1095,2528,0.05506144091486931
1,1096,2529,0.23967036604881287
1,1097,2530,0.16054439544677734
1,1098,2531,0.14946357905864716
1,1099,2532,0.09443895518779755
1,1100,2533,0.16096286475658417
1,1101,2534,0.060278549790382385
1,1102,2535,0.15832073986530304
1,1103,2536,0.08124899864196777
1,1104,2537,0.19841691851615906
1,1105,2538,0.1293952763080597
1,1106,2539,0.18291783332824707
1,1107,2540,0.11904734373092651
1,1108,2541,0.11303236335515976
1,1109,2542,0.21964269876480103
1,1110,2543,0.1670898199081421
1,1111,2544,0.19939613342285156
1,1112,2545,0.16324077546596527
1,1113,2546,0.05395989865064621
1,1114,2547,0.18308839201927185
1,1115,2548,0.16193841397762299
1,1116,2549,0.1806977391242981
1,1117,2550,0.1434035450220108
1,1118,2551,0.1844279021024704
1,1119,2552,0.1807180792093277
1,1120,2553,0.22506901621818542
1,1121,2554,0.10969783365726471
1,1122,2555,0.2497638761997223
1,1123,2556,0.21091702580451965
1,1124,2557,0.15480253100395203
1,1125,2558,0.20724241435527802
1,1126,2559,0.11610664427280426
1,1127,2560,0.075144924223423
1,1128,2561,0.020293427631258965
1,1129,2562,0.14152634143829346
1,1130,2563,0.12978923320770264
1,1131,2564,0.16952216625213623
1,1132,2565,0.05306527391076088
1,1133,2566,0.08414758741855621
1,1134,2567,0.17056559026241302
1,1135,2568,0.09773910790681839
1,1136,2569,0.125093474984169
1,1137,2570,0.12322086095809937
1,1138,2571,0.055785100907087326
1,1139,2572,0.0794675201177597
1,1140,2573,0.09107812494039536
1,1141,2574,0.14560706913471222
1,1142,2575,0.13461518287658691
1,1143,2576,0.0835510864853859
1,1144,2577,0.07892997562885284
1,1145,2578,0.23659834265708923
1,1146,2579,0.11390981078147888
1,1147,2580,0.11620353907346725
1,1148,2581,0.11525416374206543
1,1149,2582,0.08312535285949707
1,1150,2583,0.04410826042294502
1,1151,2584,0.08806569874286652
1,1152,2585,0.0800677016377449
1,1153,2586,0.2258988320827484
1,1154,2587,0.1599704921245575
1,1155,2588,0.07869111746549606
1,1156,2589,0.07369066774845123
1,1157,2590,0.08090905100107193
1,1158,2591,0.05170831084251404
1,1159,2592,0.1550806164741516
1,1160,2593,0.19578765332698822
1,1161,2594,0.0732201635837555
1,1162,2595,0.08877702057361603
1,1163,2596,0.21130819618701935
1,1164,2597,0.1318899542093277
1,1165,2598,0.09883846342563629
1,1166,2599,0.25273969769477844
1,1167,2600,0.05580649897456169
1,1168,2601,0.26923897862434387
1,1169,2602,0.23144659399986267
1,1170,2603,0.19889521598815918
1,1171,2604,0.1312827616930008
1,1172,2605,0.1749025285243988
1,1173,2606,0.15263482928276062
1,1174,2607,0.16220755875110626
1,1175,2608,0.14256282150745392
1,1176,2609,0.14824515581130981
1,1177,2610,0.14458422362804413
1,1178,2611,0.1525741070508957
1,1179,2612,0.08269020915031433
1,1180,2613,0.17226439714431763
1,1181,2614,0.015699302777647972
1,1182,2615,0.0935412049293518
1,1183,2616,0.20256632566452026
1,1184,2617,0.09734135121107101
1,1185,2618,0.1587141454219818
1,1186,2619,0.08226955682039261
1,1187,2620,0.08748260140419006
1,1188,2621,0.11179592460393906
1,1189,2622,0.18199077248573303
1,1190,2623,0.10473387688398361
1,1191,2624,0.04978262633085251
1,1192,2625,0.07172329723834991
1,1193,2626,0.004557914100587368
1,1194,2627,0.1535036414861679
1,1195,2628,0.19123110175132751
1,1196,2629,0.21932750940322876
1,1197,2630,0.07207060605287552
1,1198,2631,0.07420731335878372
1,1199,2632,0.1109919399023056
1,1200,2633,0.057313334196805954
1,1201,2634,0.32474473118782043
1,1202,2635,0.07267896831035614
1,1203,2636,0.19291484355926514
1,1204,2637,0.14356645941734314
1,1205,2638,0.08702387660741806
1,1206,2639,0.18656399846076965
1,1207,2640,0.23391106724739075
1,1208,2641,0.18381498754024506
1,1209,2642,0.07843299955129623
1,1210,2643,0.14702335000038147
1,1211,2644,0.1708528995513916
1,1212,2645,0.09786910563707352
1,1213,2646,0.2855704128742218
1,1214,2647,0.13527394831180573
1,1215,2648,0.10699955374002457
1,1216,2649,0.15855200588703156
1,1217,2650,0.14405615627765656
1,1218,2651,0.09196291863918304
1,1219,2652,0.07165218889713287
1,1220,2653,0.13912586867809296
1,1221,2654,0.08264292776584625
1,1222,2655,0.17217053472995758
1,1223,2656,0.1430073380470276
1,1224,2657,0.02529546618461609
1,1225,2658,0.1997477412223816
1,1226,2659,0.08618111908435822
1,1227,2660,0.2610650658607483
1,1228,2661,0.1615247130393982
1,1229,2662,0.23883317410945892
1,1230,2663,0.1912219077348709
1,1231,2664,0.15602782368659973
1,1232,2665,0.11265130341053009
1,1233,2666,0.012515151873230934
1,1234,2667,0.08018374443054199
1,1235,2668,0.243125781416893
1,1236,2669,0.12637998163700104
1,1237,2670,0.09515486657619476
1,1238,2671,0.17187534272670746
1,1239,2672,0.10411060601472855
1,1240,2673,0.14894552528858185
1,1241,2674,0.08934269845485687
1,1242,2675,0.1602206975221634
1,1243,2676,0.14451634883880615
1,1244,2677,0.08819105476140976
1,1245,2678,0.13755211234092712
1,1246,2679,0.09219034016132355
1,1247,2680,0.25432348251342773
1,1248,2681,0.13628171384334564
1,1249,2682,0.17057766020298004
1,1250,2683,0.13743196427822113
1,1251,2684,0.19237516820430756
1,1252,2685,0.09613505750894547
1,1253,2686,0.18284523487091064
1,1254,2687,0.02911730669438839
1,1255,2688,0.17232342064380646
1,1256,2689,0.1434592604637146
1,1257,2690,0.197844460606575
1,1258,2691,0.22532358765602112
1,1259,2692,0.17010167241096497
1,1260,2693,0.1515863686800003
1,1261,2694,0.10602332651615143
1,1262,2695,0.09365462511777878
1,1263,2696,0.12259451299905777
1,1264,2697,0.19921180605888367
1,1265,2698,0.12556970119476318
1,1266,2699,0.10629545897245407
1,1267,2700,0.10450149327516556
1,1268,2701,0.0659642219543457
1,1269,2702,0.13809634745121002
1,1270,2703,0.24941585958003998
1,1271,2704,0.2436085343360901
1,1272,2705,0.16641846299171448
1,1273,2706,0.05720562860369682
1,1274,2707,0.1657712459564209
1,1275,2708,0.0775151476264
1,1276,2709,0.152902290225029
1,1277,2710,0.16311432421207428
1,1278,2711,0.19051681458950043
1,1279,2712,0.25528377294540405
1,1280,2713,0.10721347481012344
1,1281,2714,0.14118310809135437
1,1282,2715,0.1827831119298935
1,1283,2716,0.10469146817922592
1,1284,2717,0.08168043941259384
1,1285,2718,0.09083610028028488
1,1286,2719,0.20952074229717255
1,1287,2720,0.057390354573726654
1,1288,2721,0.17770661413669586
1,1289,2722,0.08829028904438019
1,1290,2723,0.1481800377368927
1,1291,2724,0.180741086602211
1,1292,2725,0.07547634094953537
1,1293,2726,0.06834401190280914
1,1294,2727,0.16115468740463257
1,1295,2728,0.1354929357767105
1,1296,2729,0.10144759714603424
1,1297,2730,0.1561116725206375
1,1298,2731,0.11292925477027893
1,1299,2732,0.19110026955604553
1,1300,2733,0.06637229025363922
1,1301,2734,0.12754131853580475
1,1302,2735,0.0569431446492672
1,1303,2736,0.1291002482175827
1,1304,2737,0.17754070460796356
1,1305,2738,0.11547696590423584
1,1306,2739,0.11627908051013947
1,1307,2740,0.19917386770248413
1,1308,2741,0.10259508341550827
1,1309,2742,0.09229325503110886
1,1310,2743,0.12210074812173843
1,1311,2744,0.1475052684545517
1,1312,2745,0.12415143847465515
1,1313,2746,0.1352897584438324
1,1314,2747,0.12601333856582642
1,1315,2748,0.16608840227127075
1,1316,2749,0.14072273671627045
1,1317,2750,0.26489582657814026
1,1318,2751,0.2836586833000183
1,1319,2752,0.006965207867324352
1,1320,2753,0.1785624474287033
1,1321,2754,0.10862081497907639
1,1322,2755,0.05693093314766884
1,1323,2756,0.20729529857635498
1,1324,2757,0.13227351009845734
1,1325,2758,0.16520605981349945
1,1326,2759,0.11319756507873535
1,1327,2760,0.1635196954011917
1,1328,2761,0.17199331521987915
1,1329,2762,0.13734376430511475
1,1330,2763,0.14897334575653076
1,1331,2764,0.14584487676620483
1,1332,2765,0.07175781577825546
1,1333,2766,0.1661013811826706
1,1334,2767,0.04565596953034401
1,1335,2768,0.22569331526756287
1,1336,2769,0.02046338841319084
1,1337,2770,0.14290665090084076
1,1338,2771,0.15107102692127228
1,1339,2772,0.13760662078857422
1,1340,2773,0.08876015245914459
1,1341,2774,0.1640060693025589
1,1342,2775,0.191778764128685
1,1343,2776,0.13061019778251648
1,1344,2777,0.11892729997634888
1,1345,2778,0.08402373641729355
1,1346,2779,0.11796291172504425
1,1347,2780,0.19279269874095917
1,1348,2781,0.13451479375362396
1,1349,2782,0.12778623402118683
1,1350,2783,0.2048628181219101
1,1351,2784,0.14452290534973145
1,1352,2785,0.2096187025308609
1,1353,2786,0.1460948884487152
1,1354,2787,0.23801788687705994
1,1355,2788,0.07360415905714035
1,1356,2789,0.12292925268411636
1,1357,2790,0.07239821553230286
1,1358,2791,0.16478615999221802
1,1359,2792,0.1583322435617447
1,1360,2793,0.08561354875564575
1,1361,2794,0.1488887220621109
1,1362,2795,0.12376121431589127
1,1363,2796,0.228059321641922
1,1364,2797,0.05741007998585701
1,1365,2798,0.20709416270256042
1,1366,2799,0.0355265811085701
1,1367,2800,0.13352416455745697
1,1368,2801,0.08792367577552795
1,1369,2802,0.15633922815322876
1,1370,2803,0.12075670063495636
1,1371,2804,0.25746864080429077
1,1372,2805,0.17217420041561127
1,1373,2806,0.10570681095123291
1,1374,2807,0.1060008630156517
1,1375,2808,0.17715516686439514
1,1376,2809,0.10489536821842194
1,1377,2810,0.09198817610740662
1,1378,2811,0.07641694694757462
1,1379,2812,0.13857273757457733
1,1380,2813,0.22177264094352722
1,1381,2814,0.16458770632743835
1,1382,2815,0.13426706194877625
1,1383,2816,0.1086413785815239
1,1384,2817,0.21818144619464874
1,1385,2818,0.16190627217292786
1,1386,2819,0.14894941449165344
1,1387,2820,0.12594735622406006
1,1388,2821,0.09240494668483734
1,1389,2822,0.13866561651229858
1,1390,2823,0.13132178783416748
1,1391,2824,0.0770300030708313
1,1392,2825,0.0744357705116272
1,1393,2826,0.12330833077430725
1,1394,2827,0.03704418987035751
1,1395,2828,0.09155202656984329
1,1396,2829,0.07193829864263535
1,1397,2830,0.14090631902217865
1,1398,2831,0.11805715411901474
1,1399,2832,0.19190698862075806
1,1400,2833,0.16665583848953247
1,1401,2834,0.1082514300942421
1,1402,2835,0.16807691752910614
1,1403,2836,0.1404327005147934
1,1404,2837,0.19525806605815887
1,1405,2838,0.1176687702536583
1,1406,2839,0.1556682139635086
1,1407,2840,0.12541325390338898
1,1408,2841,0.11396002769470215
1,1409,2842,0.057782262563705444
1,1410,2843,0.2583691477775574
1,1411,2844,0.08669012039899826
1,1412,2845,0.07805299013853073
1,1413,2846,0.1411110758781433
1,1414,2847,0.06170313060283661
1,1415,2848,0.16834424436092377
1,1416,2849,0.13629987835884094
1,1417,2850,0.21916531026363373
1,1418,2851,0.13547129929065704
1,1419,2852,0.20843888819217682
1,1420,2853,0.1381322592496872
1,1421,2854,0.05289096385240555
1,1422,2855,0.1417011320590973
1,1423,2856,0.10926807671785355
1,1424,2857,0.1255893111228943
1,1425,2858,0.158633291721344
1,1426,2859,0.21857301890850067
1,1427,2860,0.10259397327899933
1,1428,2861,0.12923216819763184
1,1429,2862,0.16756772994995117
1,1430,2863,0.13310009241104126
1,1431,2864,0.13936224579811096
1,1432,2865,0.10885727405548096
1,1433,2866,0.0967973992228508
1,1434,2867,0.016369653865695
2,1,2868,0.10657288134098053
2,2,2869,0.049346745014190674
2,3,2870,0.21952705085277557
2,4,2871,0.07063062489032745
2,5,2872,0.1488606184720993
2,6,2873,0.16071505844593048
2,7,2874,0.036953434348106384
2,8,2875,0.17428316175937653
2,9,2876,0.123046875
2,10,2877,0.1906394511461258
2,11,2878,0.04602779075503349
2,12,2879,0.16131311655044556
2,13,2880,0.163824200630188
2,14,2881,0.0738903358578682
2,15,2882,0.18407930433750153
2,16,2883,0.1596682369709015
2,17,2884,0.1535884290933609
2,18,2885,0.17042645812034607
2,19,2886,0.08800734579563141
2,20,2887,0.055695220828056335
2,21,2888,0.13598577678203583
2,22,2889,0.149680957198143
2,23,2890,0.10430926084518433
2,24,2891,0.005427306983619928
2,25,2892,0.121206134557724
2,26,2893,0.10129962116479874
2,27,2894,0.12737594544887543
2,28,2895,0.0432361364364624
2,29,2896,0.12480271607637405
2,30,2897,0.08856076747179031
2,31,2898,0.11738330125808716
2,32,2899,0.12938286364078522
2,33,2900,0.18105709552764893
2,34,2901,0.09088490903377533
2,35,2902,0.1891755610704422
2,36,2903,0.11331915855407715
2,37,2904,0.1945708692073822
2,38,2905,0.12627942860126495
2,39,2906,0.06709200888872147
2,40,2907,0.08957630395889282
2,41,2908,0.1857042908668518
2,42,2909,0.1953871101140976
2,43,2910,0.14743219316005707
2,44,2911,0.04890226200222969
2,45,2912,0.13360042870044708
2,46,2913,0.23254194855690002
2,47,2914,0.1877780258655548
2,48,2915,0.16359709203243256
2,49,2916,0.16887100040912628
2,50,2917,0.08907100558280945
2,51,2918,0.07015371322631836
2,52,2919,0.0586228221654892
2,53,2920,0.13139081001281738
2,54,2921,0.15738672018051147
2,55,2922,0.22304634749889374
2,56,2923,0.13366100192070007
2,57,2924,0.11205052584409714
2,58,2925,0.11031891405582428
2,59,2926,0.13159185647964478
2,60,2927,0.12512849271297455
2,61,2928,0.11869554966688156
2,62,2929,0.16379901766777039
2,63,2930,0.12210047245025635
2,64,2931,0.12023570388555527
2,65,2932,0.08672220259904861
2,66,2933,0.12122882902622223
2,67,2934,0.13978810608386993
2,68,2935,0.11678118258714676
2,69,2936,0.08860006183385849
2,70,2937,0.11624829471111298
2,71,2938,0.021364329382777214
2,72,2939,0.18214726448059082
2,73,2940,0.1965930312871933
2,74,2941,0.05855465680360794
2,75,2942,0.2083761841058731
2,76,2943,0.11255935579538345
2,77,2944,0.07453159987926483
2,78,2945,0.2119532823562622
2,79,2946,0.16446779668331146
2,80,2947,0.10825145989656448
2,81,2948,0.1633496880531311
2,82,2949,0.1588040441274643
2,83,2950,0.1296040117740631
2,84,2951,0.08443346619606018
2,85,2952,0.0517205074429512
2,86,2953,0.04230167716741562
2,87,2954,0.21450285613536835
2,88,2955,0.12953844666481018
2,89,2956,0.12238622456789017
2,90,2957,0.13165897130966187
2,91,2958,0.12614673376083374
2,92,2959,0.011058834381401539
2,93,2960,0.19838543236255646
2,94,2961,0.17271070182323456
2,95,2962,0.1267811357975006
2,96,2963,0.029625970870256424
2,97,2964,0.18314482271671295
2,98,2965,0.14886115491390228
2,99,2966,0.11171004921197891
2,100,2967,0.0791366845369339
2,101,2968,0.21991470456123352
2,102,2969,0.00913112424314022
2,103,2970,0.13538475334644318
2,104,2971,0.005808971356600523
2,105,2972,0.19490380585193634
2,106,2973,0.1923653781414032
2,107,2974,0.1135004311800003
2,108,2975,0.08093005418777466
2,109,2976,0.1422312706708908
2,110,2977,0.15448807179927826
2,111,2978,0.1697579026222229
2,112,2979,0.1884908676147461
2,113,2980,0.10005274415016174
2,114,2981,0.08286803215742111
2,115,2982,0.17615802586078644
2,116,2983,0.12409108877182007
2,117,2984,0.03125229850411415
2,118,2985,0.10889202356338501
2,119,2986,0.33652111887931824
2,120,2987,0.18866439163684845
2,121,2988,0.04308149591088295
2,122,2989,0.18804368376731873
2,123,2990,0.061921585351228714
2,124,2991,0.027441678568720818
2,125,2992,0.17512089014053345
2,126,2993,0.1433931142091751
2,127,2994,0.21181991696357727
2,128,2995,0.08534851670265198
2,129,2996,0.1571110635995865
2,130,2997,0.1100565567612648
2,131,2998,0.1587027907371521
2,132,2999,0.12422798573970795
2,133,3000,0.1545594334602356
2,134,3001,0.14830897748470306
2,135,3002,0.14714942872524261
2,136,3003,0.12440694868564606
2,137,3004,0.11435569822788239
2,138,3005,0.03505782410502434
2,139,3006,0.07847947627305984
2,140,3007,0.1445837914943695
2,141,3008,0.13303406536579132
2,142,3009,0.14021903276443481
2,143,3010,0.07240834087133408
2,144,3011,0.07177218049764633
2,145,3012,0.11141487210988998
2,146,3013,0.17579278349876404
2,147,3014,0.2412562221288681
2,148,3015,0.13384637236595154
2,149,3016,0.17390692234039307
2,150,3017,0.19181689620018005
2,151,3018,0.1298752874135971
2,152,3019,0.09658344089984894
2,153,3020,0.10344818234443665
2,154,3021,0.15117566287517548
2,155,3022,0.1280207484960556
2,156,3023,0.0038473911117762327
2,157,3024,0.16977612674236298
2,158,3025,0.2578318119049072
2,159,3026,0.2036704123020172
2,160,3027,0.0963766872882843
2,161,3028,0.19500590860843658
2,162,3029,0.11526361852884293
2,163,3030,0.14837874472141266
2,164,3031,0.14674721658229828
2,165,3032,0.12008209526538849
2,166,3033,0.1628260761499405
2,167,3034,0.11888892948627472
2,168,3035,0.12637925148010254
2,169,3036,0.09137524664402008
2,170,3037,0.1427215039730072
2,171,3038,0.16569256782531738
2,172,3039,0.13122326135635376
2,173,3040,0.09103412181138992
2,174,3041,0.06903432309627533
2,175,3042,0.15476316213607788
2,176,3043,0.16470056772232056
2,177,3044,0.09133851528167725
2,178,3045,0.19913290441036224
2,179,3046,0.19104504585266113
2,180,3047,0.17141465842723846
2,181,3048,0.17955511808395386
2,182,3049,0.24979150295257568
2,183,3050,0.10543433576822281
2,184,3051,0.05908115953207016
2,185,3052,0.10149141401052475
2,186,3053,0.11802282929420471
2,187,3054,0.13194383680820465
2,188,3055,0.07004918903112411
2,189,3056,0.1002877876162529
2,190,3057,0.18042846024036407
2,191,3058,0.13264194130897522
2,192,3059,0.07281076908111572
2,193,3060,0.23100067675113678
2,194,3061,0.11824636161327362
2,195,3062,0.1239701509475708
2,196,3063,0.1123296469449997
2,197,3064,0.11965975910425186
2,198,3065,0.1435387283563614
2,199,3066,0.11713435500860214
2,200,3067,0.13022089004516602
2,201,3068,0.12933410704135895
2,202,3069,0.1422649323940277
2,203,3070,0.07490643113851547
2,204,3071,0.054707471281290054
2,205,3072,0.13747762143611908
2,206,3073,0.16642118990421295
2,207,3074,0.07398438453674316
2,208,3075,0.1248059868812561
2,209,3076,0.06478992104530334
2,210,3077,0.15018148720264435
2,211,3078,0.06145697832107544
2,212,3079,0.07537093013525009
2,213,3080,0.12557624280452728
2,214,3081,0.19205377995967865
2,215,3082,0.06530514359474182
2,216,3083,0.06629834324121475
2,217,3084,0.10861410945653915
2,218,3085,0.24099020659923553
2,219,3086,0.1158975139260292
2,220,3087,0.09450484067201614
2,221,3088,0.11917699873447418
2,222,3089,0.2148965448141098
2,223,3090,0.14111383259296417
2,224,3091,0.038125257939100266
2,225,3092,0.16407561302185059
2,226,3093,0.02100273407995701
2,227,3094,0.09645023196935654
2,228,3095,0.13479530811309814
2,229,3096,0.17865516245365143
2,230,3097,0.058885928243398666
2,231,3098,0.1476992815732956
2,232,3099,0.22462685406208038
2,233,3100,0.10442517697811127
2,234,3101,0.04935288056731224
2,235,3102,0.03155926242470741
2,236,3103,0.1289604902267456
2,237,3104,0.1338426172733307
2,238,3105,0.07868341356515884
2,239,3106,0.1151198074221611
2,240,3107,0.23968839645385742
2,241,3108,0.20332999527454376
2,242,3109,0.15663771331310272
2,243,3110,0.010160895064473152
2,244,3111,0.06124260649085045
2,245,3112,0.18328358232975006
2,246,3113,0.15092511475086212
2,247,3114,0.05590890720486641
2,248,3115,0.1997617483139038
2,249,3116,0.09724730998277664
2,250,3117,0.08933721482753754
2,251,3118,0.1479993760585785
2,252,3119,0.13580968976020813
2,253,3120,0.1785729080438614
2,254,3121,0.1574520468711853
2,255,3122,0.12439201027154922
2,256,3123,0.184758260846138
2,257,3124,0.025411399081349373
2,258,3125,0.2191021740436554
2,259,3126,0.09949269145727158
2,260,3127,0.1937623769044876
2,261,3128,0.07410090416669846
2,262,3129,0.08730460703372955
2,263,3130,0.08242018520832062
2,264,3131,0.2103649526834488
2,265,3132,0.1800883263349533
2,266,3133,0.18637938797473907
2,267,3134,0.14054925739765167
2,268,3135,0.04427870362997055
2,269,3136,0.0678177922964096
2,270,3137,0.08249089121818542
2,271,3138,0.08464992046356201
2,272,3139,0.19213515520095825
2,273,3140,0.08596638590097427
2,274,3141,0.1318768560886383
2,275,3142,0.15947815775871277
2,276,3143,0.06637444347143173
2,277,3144,0.0588424950838089
2,278,3145,0.24253612756729126
2,279,3146,0.20631499588489532
2,280,3147,0.19184783101081848
2,281,3148,0.07692120969295502
2,282,3149,0.13689273595809937
2,283,3150,0.06974818557500839
2,284,3151,0.05806809291243553
2,285,3152,0.13871721923351288
2,286,3153,0.15267130732536316
2,287,3154,0.159887433052063
2,288,3155,0.18974199891090393
2,289,3156,0.07525899261236191
2,290,3157,0.18960370123386383
2,291,3158,0.18511734902858734
2,292,3159,0.13386312127113342
2,293,3160,0.16607771813869476
2,294,3161,0.15752661228179932
2,295,3162,0.14648132026195526
2,296,3163,0.12834948301315308
2,297,3164,0.17559601366519928
2,298,3165,0.13300755620002747
2,299,3166,0.1569441258907318
2,300,3167,0.11632023006677628
2,301,3168,0.18043091893196106
2,302,3169,0.15839262306690216
2,303,3170,0.15717263519763947
2,304,3171,0.1639649122953415
2,305,3172,0.1175219714641571
2,306,3173,0.1318400502204895
2,307,3174,0.0649232268333435
2,308,3175,0.09221839904785156
2,309,3176,0.19338704645633698
2,310,3177,0.11275331676006317
2,311,3178,0.06949979066848755
2,312,3179,0.14658032357692719
2,313,3180,0.10598336160182953
2,314,3181,0.10046105831861496
2,315,3182,0.21419963240623474
2,316,3183,0.08784259110689163
2,317,3184,0.07510992139577866
2,318,3185,0.09012725204229355
2,319,3186,0.17739169299602509
2,320,3187,0.19816552102565765
2,321,3188,0.05829823017120361
2,322,3189,0.13235493004322052
2,323,3190,0.19083063304424286
2,324,3191,0.11460106819868088
2,325,3192,0.08802912384271622
2,326,3193,0.1393287032842636
2,327,3194,0.16901081800460815
2,328,3195,0.26948168873786926
2,329,3196,0.15264542400836945
2,330,3197,0.1501293033361435
2,331,3198,0.04517114534974098
2,332,3199,0.17653359472751617
2,333,3200,0.1684473156929016
2,334,3201,0.13138793408870697
2,335,3202,0.16458798944950104
2,336,3203,0.1341256946325302
2,337,3204,0.14064615964889526
2,338,3205,0.0813223347067833
2,339,3206,0.11277947574853897
2,340,3207,0.054701559245586395
2,341,3208,0.1782972514629364
2,342,3209,0.17715880274772644
2,343,3210,0.2296019345521927
2,344,3211,0.05558478459715843
2,345,3212,0.15960800647735596
2,346,3213,0.06007347255945206
2,347,3214,0.17123928666114807
2,348,3215,0.18226221203804016
2,349,3216,0.09109973907470703
2,350,3217,0.15959274768829346
2,351,3218,0.10553513467311859
2,352,3219,0.14630624651908875
2,353,3220,0.15122893452644348
2,354,3221,0.02666581980884075
2,355,3222,0.15586359798908234
2,356,3223,0.011281232349574566
2,357,3224,0.12541936337947845
2,358,3225,0.14713384211063385
2,359,3226,0.21452954411506653
2,360,3227,0.14797167479991913
2,361,3228,0.17906562983989716
2,362,3229,0.06798630207777023
2,363,3230,0.11882676929235458
2,364,3231,0.10502229630947113
2,365,3232,0.13614442944526672
2,366,3233,0.13061653077602386
2,367,3234,0.10354666411876678
2,368,3235,0.1498068869113922
2,369,3236,0.2002854198217392
2,370,3237,0.14223942160606384
2,371,3238,0.2201714813709259
2,372,3239,0.10040776431560516
2,373,3240,0.1273839920759201
2,374,3241,0.15296462178230286
2,375,3242,0.05538157373666763
2,376,3243,0.0983954519033432
2,377,3244,0.14845174551010132
2,378,3245,0.11035654693841934
2,379,3246,0.20602892339229584
2,380,3247,0.046223971992731094
2,381,3248,0.15113911032676697
2,382,3249,0.15278729796409607
2,383,3250,0.17272178828716278
2,384,3251,0.14427992701530457
2,385,3252,0.0494440533220768
2,386,3253,0.10806365311145782
2,387,3254,0.015168603509664536
2,388,3255,0.1417943239212036
2,389,3256,0.16030876338481903
2,390,3257,0.08633773773908615
2,391,3258,0.12921079993247986
2,392,3259,0.09958424419164658
2,393,3260,0.009788885712623596
2,394,3261,0.13937856256961823
2,395,3262,0.1042967215180397
2,396,3263,0.047434091567993164
2,397,3264,0.11400024592876434
2,398,3265,0.13576053082942963
2,399,3266,0.04832424968481064
2,400,3267,0.14017300307750702
2,401,3268,0.0835777297616005
2,402,3269,0.08927571028470993
2,403,3270,0.06024773046374321
2,404,3271,0.26075050234794617
2,405,3272,0.06067636236548424
2,406,3273,0.08126802742481232
2,407,3274,0.10843607783317566
2,408,3275,0.1284787505865097
2,409,3276,0.16888202726840973
2,410,3277,0.1656389683485031
2,411,3278,0.10941176116466522
2,412,3279,0.21684855222702026
2,413,3280,0.06479635089635849
2,414,3281,0.2203478217124939
2,415,3282,0.03432121500372887
2,416,3283,0.16549238562583923
2,417,3284,0.1501706838607788
2,418,3285,0.0981256291270256
2,419,3286,0.21390147507190704
2,420,3287,0.1721896380186081
2,421,3288,0.171255424618721
2,422,3289,0.11478875577449799
2,423,3290,0.09454193711280823
2,424,3291,0.2134730964899063
2,425,3292,0.16687729954719543
2,426,3293,0.10808377712965012
2,427,3294,0.13348448276519775
2,428,3295,0.16509394347667694
2,429,3296,0.0775408074259758
2,430,3297,0.13617762923240662
2,431,3298,0.1486794501543045
2,432,3299,0.10896815359592438
2,433,3300,0.08508055657148361
2,434,3301,0.13797961175441742
2,435,3302,0.24876843392848969
2,436,3303,0.17690886557102203
2,437,3304,0.12571179866790771
2,438,3305,0.13246586918830872
2,439,3306,0.03910202533006668
2,440,3307,0.1438325196504593
2,441,3308,0.12030481547117233
2,442,3309,0.01418830081820488
2,443,3310,0.17245420813560486
2,444,3311,0.1787697821855545
2,445,3312,0.14313621819019318
2,446,3313,0.2534474730491638
2,447,3314,0.11066462844610214
2,448,3315,0.12060774862766266
2,449,3316,0.15785041451454163
2,450,3317,0.14331510663032532
2,451,3318,0.1620149463415146
2,452,3319,0.10605163872241974
2,453,3320,0.0990063026547432
2,454,3321,0.22272208333015442
2,455,3322,0.12799717485904694
2,456,3323,0.10149000585079193
2,457,3324,0.05785858631134033
2,458,3325,0.11022103577852249
2,459,3326,0.009062498807907104
2,460,3327,0.2256413996219635
2,461,3328,0.01538496557623148
2,462,3329,0.04097079858183861
2,463,3330,0.18280214071273804
2,464,3331,0.14686903357505798
2,465,3332,0.12309540808200836
2,466,3333,0.1259985715150833
2,467,3334,0.12487504631280899
2,468,3335,0.1543460488319397
2,469,3336,0.17284522950649261
2,470,3337,0.08668050169944763
2,471,3338,0.10078245401382446
2,472,3339,0.16881805658340454
2,473,3340,0.0954887643456459
2,474,3341,0.09939847886562347
2,475,3342,0.1199251040816307
2,476,3343,0.18442440032958984
2,477,3344,0.10740828514099121
2,478,3345,0.2671588957309723
2,479,3346,0.1404331773519516
2,480,3347,0.10887972265481949
2,481,3348,0.0158790685236454
2,482,3349,0.08991531282663345
2,483,3350,0.09373249113559723
2,484,3351,0.1586303859949112
2,485,3352,0.06408295780420303
2,486,3353,0.11334215849637985
2,487,3354,0.1053759977221489
2,488,3355,0.22520671784877777
2,489,3356,0.11370011419057846
2,490,3357,0.1256534457206726
2,491,3358,0.17081893980503082
2,492,3359,0.12694399058818817
2,493,3360,0.16594785451889038
2,494,3361,0.19451454281806946
2,495,3362,0.1426144242286682
2,496,3363,0.09713900834321976
2,497,3364,0.11366690695285797
2,498,3365,0.10678067058324814
2,499,3366,0.08427286893129349
2,500,3367,0.11518921703100204
2,501,3368,0.05540149286389351
2,502,3369,0.08369866758584976
2,503,3370,0.0782901719212532
2,504,3371,0.11240147799253464
2,505,3372,0.10480286180973053
2,506,3373,0.011137698777019978
2,507,3374,0.07215797901153564
2,508,3375,0.005346825812011957
2,509,3376,0.15595608949661255
2,510,3377,0.10494603961706161
2,511,3378,0.16287508606910706
2,512,3379,0.13386110961437225
2,513,3380,0.07559943944215775
2,514,3381,0.1261104792356491
2,515,3382,0.08408080041408539
2,516,3383,0.18898552656173706
2,517,3384,0.15818840265274048
2,518,3385,0.2729739248752594
2,519,3386,0.038454290479421616
2,520,3387,0.13997039198875427
2,521,3388,0.12921883165836334
2,522,3389,0.1786716729402542
2,523,3390,0.13048136234283447
2,524,3391,0.09087567031383514
2,525,3392,0.12920218706130981
2,526,3393,0.09219620376825333
2,527,3394,0.020096439868211746
2,528,3395,0.13184846937656403
2,529,3396,0.08706458657979965
2,530,3397,0.11958591639995575
2,531,3398,0.10011894255876541
2,532,3399,0.05058321729302406
2,533,3400,0.12588542699813843
2,534,3401,0.07673220336437225
2,535,3402,0.0924733355641365
2,536,3403,0.15196318924427032
2,537,3404,0.08559326082468033
2,538,3405,0.17581424117088318
2,539,3406,0.004492820240557194
2,540,3407,0.15646260976791382
2,541,3408,0.09871050715446472
2,542,3409,0.1350618451833725
2,543,3410,0.13443847000598907
2,544,3411,0.17421185970306396
2,545,3412,0.10595545172691345
2,546,3413,0.09149791300296783
2,547,3414,0.04336727783083916
2,548,3415,0.1655057966709137
2,549,3416,0.09554597735404968
2,550,3417,0.08793473988771439
2,551,3418,0.11853262782096863
2,552,3419,0.14359304308891296
2,553,3420,0.12031303346157074
2,554,3421,0.22361856698989868
2,555,3422,0.16185633838176727
2,556,3423,0.17872174084186554
2,557,3424,0.18208354711532593
2,558,3425,0.12587057054042816
2,559,3426,0.15446880459785461
2,560,3427,0.13253699243068695
2,561,3428,0.26643821597099304
2,562,3429,0.0417293980717659
2,563,3430,0.19547039270401
2,564,3431,0.19946208596229553
2,565,3432,0.10262957215309143
2,566,3433,0.17350181937217712
2,567,3434,0.053653400391340256
2,568,3435,0.11611703783273697
2,569,3436,0.08389493823051453
2,570,3437,0.17610391974449158
2,571,3438,0.1084924191236496
2,572,3439,0.1660066843032837
2,573,3440,0.09924403578042984
2,574,3441,0.11130321025848389
2,575,3442,0.10516969114542007
2,576,3443,0.18536825478076935
2,577,3444,0.055710818618535995
2,578,3445,0.07520134747028351
2,579,3446,0.1615142524242401
2,580,3447,0.1356869637966156
2,581,3448,0.10544959455728531
2,582,3449,0.005199190694838762
2,583,3450,0.1864842027425766
2,584,3451,0.17536450922489166
2,585,3452,0.033673688769340515
2,586,3453,0.13748115301132202
2,587,3454,0.1136440858244896
2,588,3455,0.1521422415971756
2,589,3456,0.15663111209869385
2,590,3457,0.12670713663101196
2,591,3458,0.1411113440990448
2,592,3459,0.17737175524234772
2,593,3460,0.06146297603845596
2,594,3461,0.002145803766325116
2,595,3462,0.13203562796115875
2,596,3463,0.0627070888876915
2,597,3464,0.12621276080608368
2,598,3465,0.003844696097075939
2,599,3466,0.1082138642668724
2,600,3467,0.11818034201860428
2,601,3468,0.1862487941980362
2,602,3469,0.16021303832530975
2,603,3470,0.12898015975952148
2,604,3471,0.11035033315420151
2,605,3472,0.06842385977506638
2,606,3473,0.13002783060073853
2,607,3474,0.12063228338956833
2,608,3475,0.09592922776937485
2,609,3476,0.13753585517406464
2,610,3477,0.08745754510164261
2,611,3478,0.08880840986967087
2,612,3479,0.13218139111995697
2,613,3480,0.10582957416772842
2,614,3481,0.14767278730869293
2,615,3482,0.020816044881939888
2,616,3483,0.0022446925286203623
2,617,3484,0.04440740868449211
2,618,3485,0.10950341820716858
2,619,3486,0.1522745043039322
2,620,3487,0.04703298211097717
2,621,3488,0.11692573875188828
2,622,3489,0.05737640708684921
2,623,3490,0.19084109365940094
2,624,3491,0.1092366948723793
2,625,3492,0.17688129842281342
2,626,3493,0.11187534779310226
2,627,3494,0.13914842903614044
2,628,3495,0.12641994655132294
2,629,3496,0.06348541378974915
2,630,3497,0.18868336081504822
2,631,3498,0.10351192206144333
2,632,3499,0.048830796033144
2,633,3500,0.2554301917552948
2,634,3501,0.1419152319431305
2,635,3502,0.04853827878832817
2,636,3503,0.12137269228696823
2,637,3504,0.0792141780257225
2,638,3505,0.1216031163930893
2,639,3506,0.11059896647930145
2,640,3507,0.17901623249053955
2,641,3508,0.14413698017597198
2,642,3509,0.13499122858047485
2,643,3510,0.16175933182239532
2,644,3511,0.0680292546749115
2,645,3512,0.11944132298231125
2,646,3513,0.05393562465906143
2,647,3514,0.10799305140972137
2,648,3515,0.03898554667830467
2,649,3516,0.025970643386244774
2,650,3517,0.19232966005802155
2,651,3518,0.0064442395232617855
2,652,3519,0.15364475548267365
2,653,3520,0.31828635931015015
2,654,3521,0.0105635030195117
2,655,3522,0.10279763489961624
2,656,3523,0.1172231137752533
2,657,3524,0.027969712391495705
2,658,3525,0.0788622498512268
2,659,3526,0.07963617146015167
2,660,3527,0.08323285728693008
2,661,3528,0.09692040085792542
2,662,3529,0.10056596249341965
2,663,3530,0.1866355538368225
2,664,3531,0.17950493097305298
2,665,3532,0.002775577362626791
2,666,3533,0.22417788207530975
2,667,3534,0.14684787392616272
2,668,3535,0.10513641685247421
2,669,3536,0.0967443585395813
2,670,3537,0.14508885145187378
2,671,3538,0.06629273295402527
2,672,3539,0.1328025460243225
2,673,3540,0.09055973589420319
2,674,3541,0.09417429566383362
2,675,3542,0.06735314428806305
2,676,3543,0.10441800951957703
2,677,3544,0.15642626583576202
2,678,3545,0.13645726442337036
2,679,3546,0.15070530772209167
2,680,3547,0.12232542037963867
2,681,3548,0.18277552723884583
2,682,3549,0.11863163858652115
2,683,3550,0.03136248514056206
2,684,3551,0.056268349289894104
2,685,3552,0.015142909251153469
2,686,3553,0.0681241974234581
2,687,3554,0.15491755306720734
2,688,3555,0.08555128425359726
2,689,3556,0.15424959361553192
2,690,3557,0.09780645370483398
2,691,3558,0.16964015364646912
2,692,3559,0.03933839499950409
2,693,3560,0.017353473231196404
2,694,3561,0.0986061617732048
2,695,3562,0.08721542358398438
2,696,3563,0.18994639813899994
2,697,3564,0.11771640181541443
2,698,3565,0.09039118140935898
2,699,3566,0.051858752965927124
2,700,3567,0.1318819522857666
2,701,3568,0.11559899151325226
2,702,3569,0.11860765516757965
2,703,3570,0.1353568732738495
2,704,3571,0.06318867951631546
2,705,3572,0.1291932612657547
2,706,3573,0.1593388468027115
2,707,3574,0.13198426365852356
2,708,3575,0.11999206244945526
2,709,3576,0.06924945116043091
2,710,3577,0.09354212880134583
2,711,3578,0.11481089144945145
2,712,3579,0.13442477583885193
2,713,3580,0.11334818601608276
2,714,3581,0.1620694100856781
2,715,3582,0.11870972812175751
2,716,3583,0.12655530869960785
2,717,3584,0.08065689355134964
2,718,3585,0.0890311449766159
2,719,3586,0.11591104418039322
2,720,3587,0.16703976690769196
2,721,3588,0.12026692181825638
2,722,3589,0.14447864890098572
2,723,3590,0.12205866724252701
2,724,3591,0.10415995121002197
2,725,3592,0.1614355742931366
2,726,3593,0.0027642359491437674
2,727,3594,0.05651833489537239
2,728,3595,0.17468765377998352
2,729,3596,0.021849628537893295
2,730,3597,0.15740355849266052
2,731,3598,0.08055923134088516
2,732,3599,0.07670963555574417
2,733,3600,0.17516069114208221
2,734,3601,0.07826631516218185
2,735,3602,0.13115905225276947
2,736,3603,0.11888068169355392
2,737,3604,0.0916493684053421
2,738,3605,0.09682415425777435
2,739,3606,0.13030323386192322
2,740,3607,0.05042576417326927
2,741,3608,0.07834082841873169
2,742,3609,0.08925719559192657
2,743,3610,0.06854259222745895
2,744,3611,0.0021911864168941975
2,745,3612,0.12526936829090118
2,746,3613,0.14344139397144318
2,747,3614,0.0824800655245781
2,748,3615,0.15779531002044678
2,749,3616,0.11880280077457428
2,750,3617,0.08107413351535797
2,751,3618,0.04732320457696915
2,752,3619,0.12021918594837189
2,753,3620,0.06377612799406052
2,754,3621,0.12955257296562195
2,755,3622,0.10442585498094559
2,756,3623,0.16292202472686768
2,757,3624,0.1550036370754242
2,758,3625,0.16780826449394226
2,759,3626,0.16146016120910645
2,760,3627,0.08983159810304642
2,761,3628,0.02617562748491764
2,762,3629,0.17662975192070007
2,763,3630,0.15429505705833435
2,764,3631,0.2065039873123169
2,765,3632,0.07480964064598083
2,766,3633,0.12738078832626343
2,767,3634,0.07654314488172531
2,768,3635,0.02944578416645527
2,769,3636,0.20198212563991547
2,770,3637,0.02848568558692932
2,771,3638,0.11071184277534485
2,772,3639,0.20487213134765625
2,773,3640,0.12037809938192368
2,774,3641,0.0773785337805748
2,775,3642,0.03668884187936783
2,776,3643,0.1680137664079666
2,777,3644,0.12293098866939545
2,778,3645,0.19243119657039642
2,779,3646,0.11397482454776764
2,780,3647,0.17979326844215393
2,781,3648,0.07976669818162918
2,782,3649,0.17931413650512695
2,783,3650,0.1285809725522995
2,784,3651,0.0874561294913292
2,785,3652,0.017491551116108894
2,786,3653,0.11151976883411407
2,787,3654,0.008282553404569626
2,788,3655,0.059046950191259384
2,789,3656,0.12384551763534546
2,790,3657,0.2670435309410095
2,791,3658,0.09405504167079926
2,792,3659,0.10342530161142349
2,793,3660,0.1335292011499405
2,794,3661,0.08606405556201935
2,795,3662,0.1193423792719841
2,796,3663,0.20941592752933502
2,797,3664,0.1890943944454193
2,798,3665,0.09014873206615448
2,799,3666,0.05731253698468208
2,800,3667,0.18381093442440033
2,801,3668,0.069304920732975
2,802,3669,0.11507105827331543
2,803,3670,0.19994375109672546
2,804,3671,0.11301954090595245
2,805,3672,0.13997069001197815
2,806,3673,0.0816044732928276
2,807,3674,0.14709161221981049
2,808,3675,0.16259007155895233
2,809,3676,0.0385122075676918
2,810,3677,0.12318605184555054
2,811,3678,0.13521800935268402
2,812,3679,0.1691293865442276
2,813,3680,0.12660570442676544
2,814,3681,0.1691853404045105
2,815,3682,0.16745205223560333
2,816,3683,0.1124505028128624
2,817,3684,0.15734940767288208
2,818,3685,0.2179240882396698
2,819,3686,0.11383196711540222
2,820,3687,0.13984324038028717
2,821,3688,0.1762433499097824
2,822,3689,0.16901589930057526
2,823,3690,0.134336456656456
2,824,3691,0.11088092625141144
2,825,3692,0.1675717979669571
2,826,3693,0.14360374212265015
2,827,3694,0.12206626683473587
2,828,3695,0.1094609797000885
2,829,3696,0.1115667074918747
2,830,3697,0.116783507168293
2,831,3698,0.08133135735988617
2,832,3699,0.1103251725435257
2,833,3700,0.10591262578964233
2,834,3701,0.06867779791355133
2,835,3702,0.04343462362885475
2,836,3703,0.14862753450870514
2,837,3704,0.11263041943311691
2,838,3705,0.11259133368730545
2,839,3706,0.07110379636287689
2,840,3707,0.13060249388217926
2,841,3708,0.14603333175182343
2,842,3709,0.23138976097106934
2,843,3710,0.1387268751859665
2,844,3711,0.1001671552658081
2,845,3712,0.04637071117758751
2,846,3713,0.06187662482261658
2,847,3714,0.2996416389942169
2,848,3715,0.062303125858306885
2,849,3716,0.2008369415998459
2,850,3717,0.12498630583286285
2,851,3718,0.14168167114257812
2,852,3719,0.10835658758878708
2,853,3720,0.1447460949420929
2,854,3721,0.11899907886981964
2,855,3722,0.10587962716817856
2,856,3723,0.1791350394487381
2,857,3724,0.11127070337533951
2,858,3725,0.10206855833530426
2,859,3726,0.09611333906650543
2,860,3727,0.10220283269882202
2,861,3728,0.07418446987867355
2,862,3729,0.11122579127550125
2,863,3730,0.08381778746843338
2,864,3731,0.06769368797540665
2,865,3732,0.05844912678003311
2,866,3733,0.12336061894893646
2,867,3734,0.10146772116422653
2,868,3735,0.06668337434530258
2,869,3736,0.1364634782075882
2,870,3737,0.16705267131328583
2,871,3738,0.14685459434986115
2,872,3739,0.04497861489653587
2,873,3740,0.20669443905353546
2,874,3741,0.0636746734380722
2,875,3742,0.14917035400867462
2,876,3743,0.16576994955539703
2,877,3744,0.10030096769332886
2,878,3745,0.16830290853977203
2,879,3746,0.04657942056655884
2,880,3747,0.047350335866212845
2,881,3748,0.084562748670578
2,882,3749,0.23730407655239105
2,883,3750,0.16760386526584625
2,884,3751,0.16553635895252228
2,885,3752,0.06319435685873032
2,886,3753,0.08104811608791351
2,887,3754,0.18801511824131012
2,888,3755,0.20565839111804962
2,889,3756,0.13659200072288513
2,890,3757,0.12261638045310974
2,891,3758,0.00977562740445137
2,892,3759,0.08475763350725174
2,893,3760,0.12167981266975403
2,894,3761,0.05445355549454689
2,895,3762,0.17787715792655945
2,896,3763,0.12548325955867767
2,897,3764,0.19943463802337646
2,898,3765,0.0738840326666832
2,899,3766,0.10442942380905151
2,900,3767,0.20368772745132446
2,901,3768,0.14925260841846466
2,902,3769,0.08432869613170624
2,903,3770,0.14834614098072052
2,904,3771,0.24090488255023956
2,905,3772,0.044198498129844666
2,906,3773,0.09078610688447952
2,907,3774,0.12499430030584335
2,908,3775,0.07367904484272003
2,909,3776,0.16164259612560272
2,910,3777,0.09305407106876373
2,911,3778,0.1159178763628006
2,912,3779,0.0972556620836258
2,913,3780,0.1251029223203659
2,914,3781,0.02761361002922058
2,915,3782,0.16926218569278717
2,916,3783,0.10684933513402939
2,917,3784,0.03621284291148186
2,918,3785,0.14767417311668396
2,919,3786,0.09837853163480759
2,920,3787,0.0020052706822752953
2,921,3788,0.20574575662612915
2,922,3789,0.13949646055698395
2,923,3790,0.23488512635231018
2,924,3791,0.12444773316383362
2,925,3792,0.13033385574817657
2,926,3793,0.07793179899454117
2,927,3794,0.0963955894112587
2,928,3795,0.17314735054969788
2,929,3796,0.07915674149990082
2,930,3797,0.0803070142865181
2,931,3798,0.09511101245880127
2,932,3799,0.21916113793849945
2,933,3800,0.06191110610961914
2,934,3801,0.09146104007959366
2,935,3802,0.1605624556541443
2,936,3803,0.07092288136482239
2,937,3804,0.09297776967287064
2,938,3805,0.17730742692947388
2,939,3806,0.10059762746095657
2,940,3807,0.09380076825618744
2,941,3808,0.1248907595872879
2,942,3809,0.16638655960559845
2,943,3810,0.16964556276798248
2,944,3811,0.23132185637950897
2,945,3812,0.12120001763105392
2,946,3813,0.09295229613780975
2,947,3814,0.13706976175308228
2,948,3815,0.1213153526186943
2,949,3816,0.12409544736146927
2,950,3817,0.09197977185249329
2,951,3818,0.11832243204116821
2,952,3819,0.07824543118476868
2,953,3820,0.13064716756343842
2,954,3821,0.048165034502744675
2,955,3822,0.08240530639886856
2,956,3823,0.12224738299846649
2,957,3824,0.08870816230773926
2,958,3825,0.2741245925426483
2,959,3826,0.12485776096582413
2,960,3827,0.09857481718063354
2,961,3828,0.11072652041912079
2,962,3829,0.1251990795135498
2,963,3830,0.09936509281396866
2,964,3831,0.020688064396381378
2,965,3832,0.16207633912563324
2,966,3833,0.08106477558612823
2,967,3834,0.046309009194374084
2,968,3835,0.08383335173130035
2,969,3836,0.023939821869134903
2,970,3837,0.16104622185230255
2,971,3838,0.16292911767959595
2,972,3839,0.0025943696964532137
2,973,3840,0.09246180951595306
2,974,3841,0.1755121350288391
2,975,3842,0.09432277828454971
2,976,3843,0.16686633229255676
2,977,3844,0.11296124756336212
2,978,3845,0.12416984140872955
2,979,3846,0.20901013910770416
2,980,3847,0.14471185207366943
2,981,3848,0.17881815135478973
2,982,3849,0.1044064462184906
2,983,3850,0.10163237899541855
2,984,3851,0.10935600101947784
2,985,3852,0.143440380692482
2,986,3853,0.08930426090955734
2,987,3854,0.2509787082672119
2,988,3855,0.15285560488700867
2,989,3856,0.0900728777050972
2,990,3857,0.020007016137242317
2,991,3858,0.016230517998337746
2,992,3859,0.08567226678133011
2,993,3860,0.1648087054491043
2,994,3861,0.23049776256084442
2,995,3862,0.06010880321264267
2,996,3863,0.11608170717954636
2,997,3864,0.048126839101314545
2,998,3865,0.10162948071956635
2,999,3866,0.10811285674571991
2,1000,3867,0.13482177257537842
2,1001,3868,0.0638928934931755
2,1002,3869,0.13384999334812164
2,1003,3870,0.20928502082824707
2,1004,3871,0.13388003408908844
2,1005,3872,0.13682323694229126
2,1006,3873,0.1019345074892044
2,1007,3874,0.0907357782125473
2,1008,3875,0.036212582141160965
2,1009,3876,0.08476091921329498
2,1010,3877,0.06545859575271606
2,1011,3878,0.11954738944768906
2,1012,3879,0.11566468328237534
2,1013,3880,0.0930599719285965
2,1014,3881,0.05960763245820999
2,1015,3882,0.020510951057076454
2,1016,3883,0.1215331107378006
2,1017,3884,0.051618438214063644
2,1018,3885,0.16043895483016968
2,1019,3886,0.03928050026297569
2,1020,3887,0.20261438190937042
2,1021,3888,0.05051158741116524
2,1022,3889,0.15097814798355103
2,1023,3890,0.09665773063898087
2,1024,3891,0.12500819563865662
2,1025,3892,0.0805695652961731
2,1026,3893,0.16040566563606262
2,1027,3894,0.11930327117443085
2,1028,3895,0.06897195428609848
2,1029,3896,0.08665810525417328
2,1030,3897,0.19259445369243622
2,1031,3898,0.18423940241336823
2,1032,3899,0.1595730036497116
2,1033,3900,0.09762518852949142
2,1034,3901,0.08649314194917679
2,1035,3902,0.09868766367435455
2,1036,3903,0.08263925462961197
2,1037,3904,0.09583019465208054
2,1038,3905,0.1401607096195221
2,1039,3906,0.09522656351327896
2,1040,3907,0.11398201435804367
2,1041,3908,0.15029679238796234
2,1042,3909,0.05135761573910713
2,1043,3910,0.0910956934094429
2,1044,3911,0.06917605549097061
2,1045,3912,0.010412435978651047
2,1046,3913,0.3127642273902893
2,1047,3914,0.06739836186170578
2,1048,3915,0.15867018699645996
2,1049,3916,0.0942377895116806
2,1050,3917,0.03271199390292168
2,1051,3918,0.09580357372760773
2,1052,3919,0.18526239693164825
2,1053,3920,0.14579468965530396
2,1054,3921,0.1420285403728485
2,1055,3922,0.1836281418800354
2,1056,3923,0.1355668157339096
2,1057,3924,0.17624586820602417
2,1058,3925,0.08707576990127563
2,1059,3926,0.10573404282331467
2,1060,3927,0.14730620384216309
2,1061,3928,0.16963031888008118
2,1062,3929,0.1506952941417694
2,1063,3930,0.1293230801820755
2,1064,3931,0.11149974912405014
2,1065,3932,0.08269190788269043
2,1066,3933,0.1748923808336258
2,1067,3934,0.23877489566802979
2,1068,3935,0.12852147221565247
2,1069,3936,0.00985073670744896
2,1070,3937,0.06748999655246735
2,1071,3938,0.06777976453304291
2,1072,3939,0.150705486536026
2,1073,3940,0.02684161067008972
2,1074,3941,0.07370126992464066
2,1075,3942,0.12056204676628113
2,1076,3943,0.0978475958108902
2,1077,3944,0.07284152507781982
2,1078,3945,0.1571422964334488
2,1079,3946,0.055595509707927704
2,1080,3947,0.10681982338428497
2,1081,3948,0.06962756812572479
2,1082,3949,0.12733565270900726
2,1083,3950,0.12466519325971603
2,1084,3951,0.10639975219964981
2,1085,3952,0.09717144817113876
2,1086,3953,0.05006398633122444
2,1087,3954,0.09274391829967499
2,1088,3955,0.09378999471664429
2,1089,3956,0.0818072259426117
2,1090,3957,0.1109217032790184
2,1091,3958,0.10654786229133606
2,1092,3959,0.10674244165420532
2,1093,3960,0.11404763907194138
2,1094,3961,0.133229598402977
2,1095,3962,0.24442172050476074
2,1096,3963,0.1837964951992035
2,1097,3964,0.10574741661548615
2,1098,3965,0.10322058200836182
2,1099,3966,0.2133254110813141
2,1100,3967,0.09763901680707932
2,1101,3968,0.11236423999071121
2,1102,3969,0.09303318709135056
2,1103,3970,0.09875405579805374
2,1104,3971,0.14485745131969452
2,1105,3972,0.128811314702034
2,1106,3973,0.18416260182857513
2,1107,3974,0.21479147672653198
2,1108,3975,0.10742927342653275
2,1109,3976,0.09458618611097336
2,1110,3977,0.09683886170387268
2,1111,3978,0.17728792130947113
2,1112,3979,0.056981611996889114
2,1113,3980,0.15322710573673248
2,1114,3981,0.13163867592811584
2,1115,3982,0.10942669212818146
2,1116,3983,0.04752888157963753
2,1117,3984,0.07821513712406158
2,1118,3985,0.11884763091802597
2,1119,3986,0.09885220229625702
2,1120,3987,0.1681223213672638
2,1121,3988,0.09402275085449219
2,1122,3989,0.04039280116558075
2,1123,3990,0.04367524012923241
2,1124,3991,0.08055400103330612
2,1125,3992,0.17553755640983582
2,1126,3993,0.11705759167671204
2,1127,3994,0.1627391129732132
2,1128,3995,0.10452451556921005
2,1129,3996,0.1074230745434761
2,1130,3997,0.07748221606016159
2,1131,3998,0.15494458377361298
2,1132,3999,0.09177860617637634
2,1133,4000,0.05971274897456169
2,1134,4001,0.06439720094203949
2,1135,4002,0.1649703085422516
2,1136,4003,0.11735658347606659
2,1137,4004,0.09214301407337189
2,1138,4005,0.0672731101512909
2,1139,4006,0.12092585116624832
2,1140,4007,0.1065433993935585
2,1141,4008,0.09689993411302567
2,1142,4009,0.18698211014270782
2,1143,4010,0.16894063353538513
2,1144,4011,0.12985296547412872
2,1145,4012,0.08479820191860199
2,1146,4013,0.20430243015289307
2,1147,4014,0.10419180244207382
2,1148,4015,0.08316773176193237
2,1149,4016,0.09286151081323624
2,1150,4017,0.10006217658519745
2,1151,4018,0.067008838057518
2,1152,4019,0.06039384752511978
2,1153,4020,0.15754334628582
2,1154,4021,0.05794873833656311
2,1155,4022,0.06310734897851944
2,1156,4023,0.18224157392978668
2,1157,4024,0.17326244711875916
2,1158,4025,0.08735732734203339
2,1159,4026,0.12344646453857422
2,1160,4027,0.05707615986466408
2,1161,4028,0.059620510786771774
2,1162,4029,0.12740060687065125
2,1163,4030,0.1929445117712021
2,1164,4031,0.09039703011512756
2,1165,4032,0.022859057411551476
2,1166,4033,0.15622493624687195
2,1167,4034,0.05372359976172447
2,1168,4035,0.05676687881350517
2,1169,4036,0.10650601983070374
2,1170,4037,0.1259518414735794
2,1171,4038,0.0015106737846508622
2,1172,4039,0.10069645196199417
2,1173,4040,0.07082629948854446
2,1174,4041,0.11041650921106339
2,1175,4042,0.10861915349960327
2,1176,4043,0.02768217958509922
2,1177,4044,0.22343404591083527
2,1178,4045,0.14162494242191315
2,1179,4046,0.13889193534851074
2,1180,4047,0.2551141083240509
2,1181,4048,0.08911357074975967
2,1182,4049,0.09382963180541992
2,1183,4050,0.09786241501569748
2,1184,4051,0.19745007157325745
2,1185,4052,0.14785631000995636
2,1186,4053,0.09337040781974792
2,1187,4054,0.08856912702322006
2,1188,4055,0.11299818009138107
2,1189,4056,0.08727187663316727
2,1190,4057,0.09091668576002121
2,1191,4058,0.11448248475790024
2,1192,4059,0.21234537661075592
2,1193,4060,0.012724327854812145
2,1194,4061,0.10202888399362564
2,1195,4062,0.12249086052179337
2,1196,4063,0.19250226020812988
2,1197,4064,0.12078554928302765
2,1198,4065,0.08768819272518158
2,1199,4066,0.07442941516637802
2,1200,4067,0.08549381047487259
2,1201,4068,0.13995951414108276
2,1202,4069,0.1186935231089592
2,1203,4070,0.16047804057598114
2,1204,4071,0.08310162276029587
2,1205,4072,0.12073501199483871
2,1206,4073,0.06464188545942307
2,1207,4074,0.07319628447294235
2,1208,4075,0.10843440890312195
2,1209,4076,0.11838002502918243
2,1210,4077,0.117160364985466
2,1211,4078,0.06934556365013123
2,1212,4079,0.09088192135095596
2,1213,4080,0.061779748648405075
2,1214,4081,0.04768959432840347
2,1215,4082,0.10701345652341843
2,1216,4083,0.24978090822696686
2,1217,4084,0.10504491627216339
2,1218,4085,0.07716003805398941
2,1219,4086,0.18915435671806335
2,1220,4087,0.17835181951522827
2,1221,4088,0.11434571444988251
2,1222,4089,0.12797006964683533
2,1223,4090,0.011847483925521374
2,1224,4091,0.08160137385129929
2,1225,4092,0.0629865899682045
2,1226,4093,0.1529007852077484
2,1227,4094,0.2647341191768646
2,1228,4095,0.11221887916326523
2,1229,4096,0.03425777330994606
2,1230,4097,0.17738419771194458
2,1231,4098,0.05241543427109718
2,1232,4099,0.11514628678560257
2,1233,4100,0.1401737630367279
2,1234,4101,0.11745712906122208
2,1235,4102,0.09672003239393234
2,1236,4103,0.06986743211746216
2,1237,4104,0.198453888297081
2,1238,4105,0.10442361980676651
2,1239,4106,0.11338244378566742
2,1240,4107,0.16457822918891907
2,1241,4108,0.1011444702744484
2,1242,4109,0.13288094103336334
2,1243,4110,0.1135919988155365
2,1244,4111,0.09033777564764023
2,1245,4112,0.1370691955089569
2,1246,4113,0.1745366007089615
2,1247,4114,0.17313356697559357
2,1248,4115,0.09571828693151474
2,1249,4116,0.0982595831155777
2,1250,4117,0.07783220708370209
2,1251,4118,0.09070894122123718
2,1252,4119,0.10114136338233948
2,1253,4120,0.06196426600217819
2,1254,4121,0.0627916231751442
2,1255,4122,0.05007774382829666
2,1256,4123,0.2105291336774826
2,1257,4124,0.1902795135974884
2,1258,4125,0.09547344595193863
2,1259,4126,0.11503475159406662
2,1260,4127,0.10738127678632736
2,1261,4128,0.13337165117263794
2,1262,4129,0.09101878106594086
2,1263,4130,0.09968575090169907
2,1264,4131,0.08638276159763336
2,1265,4132,0.11419672518968582
2,1266,4133,0.04793325439095497
2,1267,4134,0.1402176022529602
2,1268,4135,0.19462227821350098
2,1269,4136,0.009523469023406506
2,1270,4137,0.09326585382223129
2,1271,4138,0.09206339716911316
2,1272,4139,0.11057797074317932
2,1273,4140,0.09833212941884995
2,1274,4141,0.11641108244657516
2,1275,4142,0.10279324650764465
2,1276,4143,0.15289750695228577
2,1277,4144,0.09635646641254425
2,1278,4145,0.16786633431911469
2,1279,4146,0.05055198818445206
2,1280,4147,0.050174299627542496
2,1281,4148,0.15327364206314087
2,1282,4149,0.08623341470956802
2,1283,4150,0.17856572568416595
2,1284,4151,0.0627530887722969
2,1285,4152,0.09238559752702713
2,1286,4153,0.14055350422859192
2,1287,4154,0.14291256666183472
2,1288,4155,0.1711685061454773
2,1289,4156,0.18304608762264252
2,1290,4157,0.07816745340824127
2,1291,4158,0.16175419092178345
2,1292,4159,0.11066695302724838
2,1293,4160,0.09614398330450058
2,1294,4161,0.11235112696886063
2,1295,4162,0.040794093161821365
2,1296,4163,0.07617955654859543
2,1297,4164,0.016045931726694107
2,1298,4165,0.0857747420668602
2,1299,4166,0.07301255315542221
2,1300,4167,0.10172954201698303
2,1301,4168,0.10001102834939957
2,1302,4169,0.09670604765415192
2,1303,4170,0.08883274346590042
2,1304,4171,0.046782396733760834
2,1305,4172,0.023926423862576485
2,1306,4173,0.06759869307279587
2,1307,4174,0.09880217909812927
2,1308,4175,0.08585391938686371
2,1309,4176,0.10178698599338531
2,1310,4177,0.05879157409071922
2,1311,4178,0.09873522073030472
2,1312,4179,0.025718966498970985
2,1313,4180,0.031774867326021194
2,1314,4181,0.07914559543132782
2,1315,4182,0.0952593982219696
2,1316,4183,0.051459286361932755
2,1317,4184,0.10314252972602844
2,1318,4185,0.104041688144207
2,1319,4186,0.08966841548681259
2,1320,4187,0.09413070976734161
2,1321,4188,0.1915944367647171
2,1322,4189,0.06926877051591873
2,1323,4190,0.2194724678993225
2,1324,4191,0.03581894934177399
2,1325,4192,0.07261162996292114
2,1326,4193,0.1366206556558609
2,1327,4194,0.08258262276649475
2,1328,4195,0.14344355463981628
2,1329,4196,0.16538667678833008
2,1330,4197,0.09137656539678574
2,1331,4198,0.09132622927427292
2,1332,4199,0.13506868481636047
2,1333,4200,0.08057192713022232
2,1334,4201,0.031189553439617157
2,1335,4202,0.113890640437603
2,1336,4203,0.14671455323696136
2,1337,4204,0.1007840484380722
2,1338,4205,0.027640577405691147
2,1339,4206,0.127385213971138
2,1340,4207,0.14588019251823425
2,1341,4208,0.19226518273353577
2,1342,4209,0.09360528737306595
2,1343,4210,0.12898893654346466
2,1344,4211,0.11938443034887314
2,1345,4212,0.05941222235560417
2,1346,4213,0.10345569998025894
2,1347,4214,0.09286072850227356
2,1348,4215,0.0945703312754631
2,1349,4216,0.08885667473077774
2,1350,4217,0.07077787816524506
2,1351,4218,0.24555189907550812
2,1352,4219,0.14315851032733917
2,1353,4220,0.11871808767318726
2,1354,4221,0.181150421500206
2,1355,4222,0.1177145466208458
2,1356,4223,0.1678152233362198
2,1357,4224,0.12923969328403473
2,1358,4225,0.18042775988578796
2,1359,4226,0.08210895955562592
2,1360,4227,0.16923141479492188
2,1361,4228,0.11585157364606857
2,1362,4229,0.06600064039230347
2,1363,4230,0.05469812825322151
2,1364,4231,0.0603773295879364
2,1365,4232,0.13346044719219208
2,1366,4233,0.07078591734170914
2,1367,4234,0.12987162172794342
2,1368,4235,0.051177408546209335
2,1369,4236,0.06272206455469131
2,1370,4237,0.10375089198350906
2,1371,4238,0.09860073029994965
2,1372,4239,0.15508468449115753
2,1373,4240,0.1407216638326645
2,1374,4241,0.08623988926410675
2,1375,4242,0.027437085285782814
2,1376,4243,0.1509341299533844
2,1377,4244,0.058294810354709625
2,1378,4245,0.04996003955602646
2,1379,4246,0.18020470440387726
2,1380,4247,0.07927743345499039
2,1381,4248,0.07031767815351486
2,1382,4249,0.169808030128479
2,1383,4250,0.11054714024066925
2,1384,4251,0.0965409055352211
2,1385,4252,0.14134857058525085
2,1386,4253,0.1463613361120224
2,1387,4254,0.11836815625429153
2,1388,4255,0.13735686242580414
2,1389,4256,0.08093459159135818
2,1390,4257,0.06043513864278793
2,1391,4258,0.05081915482878685
2,1392,4259,0.10985507071018219
2,1393,4260,0.11764057725667953
2,1394,4261,0.09258875995874405
2,1395,4262,0.187728151679039
2,1396,4263,0.017351986840367317
2,1397,4264,0.2127326875925064
2,1398,4265,0.03910823166370392
2,1399,4266,0.12789471447467804
2,1400,4267,0.10447025299072266
2,1401,4268,0.23952941596508026
2,1402,4269,0.1373637169599533
2,1403,4270,0.08589226007461548
2,1404,4271,0.18714356422424316
2,1405,4272,0.11093489080667496
2,1406,4273,0.08705634623765945
2,1407,4274,0.1775769293308258
2,1408,4275,0.0365474559366703
2,1409,4276,0.03321344777941704
2,1410,4277,0.11381325125694275
2,1411,4278,0.1603078991174698
2,1412,4279,0.20352160930633545
2,1413,4280,0.11483269184827805
2,1414,4281,0.05736420303583145
2,1415,4282,0.12593230605125427
2,1416,4283,0.06853415071964264
2,1417,4284,0.15610386431217194
2,1418,4285,0.09397299587726593
2,1419,4286,0.15123696625232697
2,1420,4287,0.12325450032949448
2,1421,4288,0.06591298431158066
2,1422,4289,0.10897301137447357
2,1423,4290,0.11708461493253708
2,1424,4291,0.10381990671157837
2,1425,4292,0.06016192585229874
2,1426,4293,0.1057329848408699
2,1427,4294,0.15288153290748596
2,1428,4295,0.1089860200881958
2,1429,4296,0.04950418695807457
2,1430,4297,0.21821200847625732
2,1431,4298,0.010077143087983131
2,1432,4299,0.04250539466738701
2,1433,4300,0.05083340033888817
2,1434,4301,0.16977152228355408
3,1,4302,0.13316084444522858
3,2,4303,0.12443516403436661
3,3,4304,0.16061986982822418
3,4,4305,0.1894674152135849
3,5,4306,0.1408650130033493
3,6,4307,0.06738153100013733
3,7,4308,0.07991427183151245
3,8,4309,0.16821300983428955
3,9,4310,0.13584667444229126
3,10,4311,0.1340193748474121
3,11,4312,0.18828828632831573
3,12,4313,0.0988478809595108
3,13,4314,0.0721278116106987
3,14,4315,0.12396316230297089
3,15,4316,0.046491678804159164
3,16,4317,0.16012556850910187
3,17,4318,0.0973593220114708
3,18,4319,0.10609011352062225
3,19,4320,0.14427152276039124
3,20,4321,0.1435052454471588
3,21,4322,0.04454526677727699
3,22,4323,0.07756337523460388
3,23,4324,0.19482438266277313
3,24,4325,0.07197203487157822
3,25,4326,0.0912807360291481
3,26,4327,0.09875713288784027
3,27,4328,0.13892525434494019
3,28,4329,0.23503421247005463
3,29,4330,0.12478674203157425
3,30,4331,0.007198934443295002
3,31,4332,0.01848696917295456
3,32,4333,0.06899359077215195
3,33,4334,0.08897289633750916
3,34,4335,0.08104559034109116
3,35,4336,0.18058180809020996
3,36,4337,0.04996812716126442
3,37,4338,0.06919600814580917
3,38,4339,0.14300355315208435
3,39,4340,0.1313323974609375
3,40,4341,0.15901321172714233
3,41,4342,0.13062569499015808
3,42,4343,0.13123372197151184
3,43,4344,0.13693541288375854
3,44,4345,0.09228222072124481
3,45,4346,0.1242096945643425
3,46,4347,0.038494061678647995
3,47,4348,0.0776628851890564
3,48,4349,0.08807604759931564
3,49,4350,0.10508391261100769
3,50,4351,0.14929766952991486
3,51,4352,0.09930581599473953
3,52,4353,0.1741761863231659
3,53,4354,0.14826761186122894
3,54,4355,0.03926511108875275
3,55,4356,0.07821302115917206
3,56,4357,0.10767985135316849
3,57,4358,0.005772753152996302
3,58,4359,0.06222343072295189
3,59,4360,0.13452763855457306
3,60,4361,0.08610580116510391
3,61,4362,0.1775839477777481
3,62,4363,0.07384533435106277
3,63,4364,0.11273028701543808
3,64,4365,0.13580884039402008
3,65,4366,0.10294383019208908
3,66,4367,0.08574545383453369
3,67,4368,0.16990341246128082
3,68,4369,0.05682976171374321
3,69,4370,0.10353978723287582
3,70,4371,0.1323787271976471
3,71,4372,0.13889934122562408
3,72,4373,0.03253484517335892
3,73,4374,0.08561842888593674
3,74,4375,0.040598057210445404
3,75,4376,0.10518253594636917
3,76,4377,0.09044159948825836
3,77,4378,0.03116711787879467
3,78,4379,0.039832953363657
3,79,4380,0.07352877408266068
3,80,4381,0.13974516093730927
3,81,4382,0.12553997337818146
3,82,4383,0.07692476361989975
3,83,4384,0.10808397829532623
3,84,4385,0.09149137884378433
3,85,4386,0.11628762632608414
3,86,4387,0.14895175397396088
3,87,4388,0.1672457903623581
3,88,4389,0.22238412499427795
3,89,4390,0.1691829115152359
3,90,4391,0.027139373123645782
3,91,4392,0.12780717015266418
3,92,4393,0.09579191356897354
3,93,4394,0.2197287380695343
3,94,4395,0.10188456624746323
3,95,4396,0.10871610045433044
3,96,4397,0.07118696719408035
3,97,4398,0.10281787067651749
3,98,4399,0.0771787241101265
3,99,4400,0.0827610194683075
3,100,4401,0.014861677773296833
3,101,4402,0.17601315677165985
3,102,4403,0.11307920515537262
3,103,4404,0.12335117906332016
3,104,4405,0.003931630868464708
3,105,4406,0.12789127230644226
3,106,4407,0.04885212704539299
3,107,4408,0.2052922397851944
3,108,4409,0.06338833272457123
3,109,4410,0.09020822495222092
3,110,4411,0.1794019192457199
3,111,4412,0.07548388093709946
3,112,4413,0.09550090879201889
3,113,4414,0.07042430341243744
3,114,4415,0.09711772948503494
3,115,4416,0.048189420253038406
3,116,4417,0.1251853108406067
3,117,4418,0.08103512972593307
3,118,4419,0.07570628076791763
3,119,4420,0.08325400203466415
3,120,4421,0.005707552656531334
3,121,4422,0.04144519567489624
3,122,4423,0.08558059483766556
3,123,4424,0.01960589922964573
3,124,4425,0.11842651665210724
3,125,4426,0.18439406156539917
3,126,4427,0.15040990710258484
3,127,4428,0.08547347784042358
3,128,4429,0.06773670762777328
3,129,4430,0.13042011857032776
3,130,4431,0.11329501867294312
3,131,4432,0.11022031307220459
3,132,4433,0.1244184821844101
3,133,4434,0.1073504313826561
3,134,4435,0.08321500569581985
3,135,4436,0.0980316773056984
3,136,4437,0.08047585189342499
3,137,4438,0.10539582371711731
3,138,4439,0.12522774934768677
3,139,4440,0.08870366960763931
3,140,4441,0.022921200841665268
3,141,4442,0.1851719468832016
3,142,4443,0.11008823662996292
3,143,4444,0.11148986965417862
3,144,4445,0.07193415611982346
3,145,4446,0.1566133052110672
3,146,4447,0.10817131400108337
3,147,4448,0.1388668566942215
3,148,4449,0.22707907855510712
3,149,4450,0.08097024261951447
3,150,4451,0.07823940366506577
3,151,4452,0.11722767353057861
3,152,4453,0.1496344953775406
3,153,4454,0.16554877161979675
3,154,4455,0.13299573957920074
3,155,4456,0.1563260853290558
3,156,4457,0.1323300451040268
3,157,4458,0.14260797202587128
3,158,4459,0.12538747489452362
3,159,4460,0.1538374423980713
3,160,4461,0.0967361256480217
3,161,4462,0.12329352647066116
3,162,4463,0.10440178960561752
3,163,4464,0.02960837259888649
3,164,4465,0.05374174937605858
3,165,4466,0.1122763603925705
3,166,4467,0.10287371277809143
3,167,4468,0.07458209246397018
3,168,4469,0.12000732868909836
3,169,4470,0.08419737219810486
3,170,4471,0.10277687758207321
3,171,4472,0.1267232745885849
3,172,4473,0.02854790724813938
3,173,4474,0.06341847032308578
3,174,4475,0.11207494139671326
3,175,4476,0.12693478167057037
3,176,4477,0.10723980516195297
3,177,4478,0.041079796850681305
3,178,4479,0.06483560800552368
3,179,4480,0.09982691705226898
3,180,4481,0.08744128048419952
3,181,4482,0.09576176851987839
3,182,4483,0.1395346075296402
3,183,4484,0.08664412796497345
3,184,4485,0.02870386838912964
3,185,4486,0.10126706957817078
3,186,4487,0.15631218254566193
3,187,4488,0.1585792899131775
3,188,4489,0.032201699912548065
3,189,4490,0.12874746322631836
3,190,4491,0.013148474507033825
3,191,4492,0.08161616325378418
3,192,4493,0.08238599449396133
3,193,4494,0.10941629111766815
3,194,4495,0.191322922706604
3,195,4496,0.18460193276405334
3,196,4497,0.05140862241387367
3,197,4498,0.15539996325969696
3,198,4499,0.06777416914701462
3,199,4500,0.10060887783765793
3,200,4501,0.10394322127103806
3,201,4502,0.09603416174650192
3,202,4503,0.07233475893735886
3,203,4504,0.04524713754653931
3,204,4505,0.04260983318090439
3,205,4506,0.10291527211666107
3,206,4507,0.12720857560634613
3,207,4508,0.06448237597942352
3,208,4509,0.17281757295131683
3,209,4510,0.10642673075199127
3,210,4511,0.059930820018053055
3,211,4512,0.11246369034051895
3,212,4513,0.08795115351676941
3,213,4514,0.12198731303215027
3,214,4515,0.1330285370349884
3,215,4516,0.05888966843485832
3,216,4517,0.06662579625844955
3,217,4518,0.06353428214788437
3,218,4519,0.06636831164360046
3,219,4520,0.17584183812141418
3,220,4521,0.0647023618221283
3,221,4522,0.1605633795261383
3,222,4523,0.05682248994708061
3,223,4524,0.05723908543586731
3,224,4525,0.07974234223365784
3,225,4526,0.14547199010849
3,226,4527,0.07745729386806488
3,227,4528,0.15030628442764282
3,228,4529,0.10874944180250168
3,229,4530,0.06781497597694397
3,230,4531,0.10523782670497894
3,231,4532,0.011114203371107578
3,232,4533,0.07648526132106781
3,233,4534,0.24090583622455597
3,234,4535,0.04908148944377899
3,235,4536,0.13073620200157166
3,236,4537,0.12685313820838928
3,237,4538,0.16537724435329437
3,238,4539,0.11004578322172165
3,239,4540,0.03273099288344383
3,240,4541,0.11350751668214798
3,241,4542,0.030265307053923607
3,242,4543,0.10341048240661621
3,243,4544,0.014549502171576023
3,244,4545,0.19643202424049377
3,245,4546,0.018647216260433197
3,246,4547,0.08296408504247665
3,247,4548,0.046614862978458405
3,248,4549,0.011098448187112808
3,249,4550,0.2453462779521942
3,250,4551,0.16904833912849426
3,251,4552,0.20972591638565063
3,252,4553,0.1573401242494583
3,253,4554,0.09782403707504272
3,254,4555,0.08319876343011856
3,255,4556,0.12574081122875214
3,256,4557,0.08377296477556229
3,257,4558,0.09968338161706924
3,258,4559,0.1928621381521225
3,259,4560,0.027869123965501785
3,260,4561,0.07520222663879395
3,261,4562,0.042643338441848755
3,262,4563,0.14871881902217865
3,263,4564,0.1613353192806244
3,264,4565,0.07213300466537476
3,265,4566,0.10686619579792023
3,266,4567,0.11074128746986389
3,267,4568,0.18143422901630402
3,268,4569,0.1320820450782776
3,269,4570,0.08053614944219589
3,270,4571,0.0514080636203289
3,271,4572,0.08811391144990921
3,272,4573,0.06600403785705566
3,273,4574,0.11669115722179413
3,274,4575,0.06332747638225555
3,275,4576,0.11935834586620331
3,276,4577,0.10741263628005981
3,277,4578,0.054654814302921295
3,278,4579,0.07093479484319687
3,279,4580,0.06587576866149902
3,280,4581,0.08063997328281403
3,281,4582,0.05105122551321983
3,282,4583,0.11117347329854965
3,283,4584,0.074681855738163
3,284,4585,0.028035473078489304
3,285,4586,0.1334940642118454
3,286,4587,0.09603163599967957
3,287,4588,0.10988955199718475
3,288,4589,0.03492189943790436
3,289,4590,0.09146291017532349
3,290,4591,0.06992157548666
3,291,4592,0.10843589901924133
3,292,4593,0.1178085133433342
3,293,4594,0.19801294803619385
3,294,4595,0.16020871698856354
3,295,4596,0.05077534541487694
3,296,4597,0.08522552996873856
3,297,4598,0.0053727212361991405
3,298,4599,0.10384748131036758
3,299,4600,0.13558486104011536
3,300,4601,0.0032185735180974007
3,301,4602,0.10596912354230881
3,302,4603,0.09694603085517883
3,303,4604,0.06902480870485306
3,304,4605,0.16275793313980103
3,305,4606,0.1145256906747818
3,306,4607,0.12901315093040466
3,307,4608,0.10128665715456009
3,308,4609,0.026708953082561493
3,309,4610,0.08065684139728546
3,310,4611,0.11739876866340637
3,311,4612,0.04485577344894409
3,312,4613,0.1978052705526352
3,313,4614,0.15192382037639618
3,314,4615,0.41650813817977905
3,315,4616,0.20157365500926971
3,316,4617,0.13734650611877441
3,317,4618,0.07794998586177826
3,318,4619,0.23491616547107697
3,319,4620,0.20128542184829712
3,320,4621,0.06774356961250305
3,321,4622,0.2734875977039337
3,322,4623,0.319955050945282
3,323,4624,0.14622841775417328
3,324,4625,0.1303214132785797
3,325,4626,0.07140091061592102
3,326,4627,0.3518719971179962
3,327,4628,0.23483458161354065
3,328,4629,0.23674258589744568
3,329,4630,0.06579939275979996
3,330,4631,0.41428855061531067
3,331,4632,0.3327314853668213
3,332,4633,0.14003007113933563
3,333,4634,0.10730944573879242
3,334,4635,0.22421278059482574
3,335,4636,0.21993198990821838
3,336,4637,0.19479025900363922
3,337,4638,0.1249498799443245
3,338,4639,0.18235181272029877
3,339,4640,0.048933714628219604
3,340,4641,0.1131989136338234
3,341,4642,0.16564063727855682
3,342,4643,0.1278575360774994
3,343,4644,0.14999203383922577
3,344,4645,0.21256546676158905
3,345,4646,0.10852903872728348
3,346,4647,0.07893528789281845
3,347,4648,0.18566003441810608
3,348,4649,0.13599206507205963
3,349,4650,0.16618894040584564
3,350,4651,0.07295551151037216
3,351,4652,0.06809451431035995
3,352,4653,0.16100656986236572
3,353,4654,0.10065078735351562
3,354,4655,0.07406102120876312
3,355,4656,0.08447574079036713
3,356,4657,0.07340820878744125
3,357,4658,0.15453658998012543
3,358,4659,0.08611313253641129
3,359,4660,0.08185385167598724
3,360,4661,0.22029303014278412
3,361,4662,0.12417392432689667
3,362,4663,0.20368343591690063
3,363,4664,0.0953667163848877
3,364,4665,0.12048114091157913
3,365,4666,0.11108215153217316
3,366,4667,0.1379299908876419
3,367,4668,0.15562669932842255
3,368,4669,0.12260240316390991
3,369,4670,0.15273185074329376
3,370,4671,0.10727666318416595
3,371,4672,0.09091034531593323
3,372,4673,0.14606064558029175
3,373,4674,0.06935589760541916
3,374,4675,0.08991273492574692
3,375,4676,0.16764932870864868
3,376,4677,0.12053302675485611
3,377,4678,0.10671266168355942
3,378,4679,0.1508457362651825
3,379,4680,0.1866893768310547
3,380,4681,0.11961686611175537
3,381,4682,0.03791241720318794
3,382,4683,0.11506517231464386
3,383,4684,0.18099527060985565
3,384,4685,0.10831895470619202
3,385,4686,0.012163328938186169
3,386,4687,0.11457478255033493
3,387,4688,0.0695219486951828
3,388,4689,0.09631800651550293
3,389,4690,0.061130400747060776
3,390,4691,0.10028926283121109
3,391,4692,0.10946410149335861
3,392,4693,0.01085959654301405
3,393,4694,0.08113643527030945
3,394,4695,0.053945187479257584
3,395,4696,0.010678377002477646
3,396,4697,0.14406634867191315
3,397,4698,0.14841823279857635
3,398,4699,0.2720574736595154
3,399,4700,0.08053209632635117
3,400,4701,0.059995267540216446
3,401,4702,0.06739267706871033
3,402,4703,0.11620154976844788
3,403,4704,0.08743450790643692
3,404,4705,0.025478815659880638
3,405,4706,0.09116171300411224
3,406,4707,0.19805262982845306
3,407,4708,0.06761427223682404
3,408,4709,0.07582081109285355
3,409,4710,0.17777276039123535
3,410,4711,0.1623574197292328
3,411,4712,0.056256480515003204
3,412,4713,0.07740476727485657
3,413,4714,0.1954353153705597
3,414,4715,0.14781427383422852
3,415,4716,0.12390018999576569
3,416,4717,0.1848682463169098
3,417,4718,0.10015784204006195
3,418,4719,0.02975204773247242
3,419,4720,0.13513779640197754
3,420,4721,0.04683057963848114
3,421,4722,0.12140920758247375
3,422,4723,0.1873534917831421
3,423,4724,0.20892885327339172
3,424,4725,0.13083748519420624
3,425,4726,0.08058194816112518
3,426,4727,0.11651419848203659
3,427,4728,0.06628592312335968
3,428,4729,0.09413765370845795
3,429,4730,0.13016825914382935
3,430,4731,0.13972441852092743
3,431,4732,0.11636251211166382
3,432,4733,0.1512208878993988
3,433,4734,0.10387269407510757
3,434,4735,0.2208459973335266
3,435,4736,0.23088501393795013
3,436,4737,0.06985952705144882
3,437,4738,0.23079955577850342
3,438,4739,0.07515274733304977
3,439,4740,0.156887948513031
3,440,4741,0.1410454958677292
3,441,4742,0.0626504197716713
3,442,4743,0.09545810520648956
3,443,4744,0.14544926583766937
3,444,4745,0.10167243331670761
3,445,4746,0.14039145410060883
3,446,4747,0.07121793925762177
3,447,4748,0.08273614943027496
3,448,4749,0.08608808368444443
3,449,4750,0.12364962697029114
3,450,4751,0.0520625039935112
3,451,4752,0.0022148124407976866
3,452,4753,0.09427440911531448
3,453,4754,0.06702722609043121
3,454,4755,0.26470011472702026
3,455,4756,0.1723954975605011
3,456,4757,0.17386026680469513
3,457,4758,0.04045184329152107
3,458,4759,0.05854552611708641
3,459,4760,0.015511549077928066
3,460,4761,0.08916707336902618
3,461,4762,0.0383952334523201
3,462,4763,0.016545500606298447
3,463,4764,0.010766505263745785
3,464,4765,0.05236149951815605
3,465,4766,0.10120455920696259
3,466,4767,0.058937545865774155
3,467,4768,0.03275085613131523
3,468,4769,0.12972818315029144
3,469,4770,0.09011910855770111
3,470,4771,0.04427303373813629
3,471,4772,0.0903063714504242
3,472,4773,0.2263937145471573
3,473,4774,0.18075302243232727
3,474,4775,0.08317676931619644
3,475,4776,0.1573968380689621
3,476,4777,0.06850657612085342
3,477,4778,0.13178938627243042
3,478,4779,0.13477317988872528
3,479,4780,0.14205262064933777
3,480,4781,0.16582144796848297
3,481,4782,0.17590415477752686
3,482,4783,0.1574409008026123
3,483,4784,0.002538644475862384
3,484,4785,0.0037725281435996294
3,485,4786,0.08238936960697174
3,486,4787,0.10444790869951248
3,487,4788,0.12353788316249847
3,488,4789,0.20070523023605347
3,489,4790,0.2953149676322937
3,490,4791,0.06382898986339569
3,491,4792,0.1923189014196396
3,492,4793,0.14531195163726807
3,493,4794,0.09000679105520248
3,494,4795,0.04511990025639534
3,495,4796,0.10777168720960617
3,496,4797,0.13684391975402832
3,497,4798,0.006072787567973137
3,498,4799,0.11450230330228806
3,499,4800,0.043722983449697495
3,500,4801,0.041681718081235886
3,501,4802,0.08599772304296494
3,502,4803,0.1479060798883438
3,503,4804,0.07064522057771683
3,504,4805,0.10765650868415833
3,505,4806,0.0953410267829895
3,506,4807,0.07567375898361206
3,507,4808,0.11175177246332169
3,508,4809,0.12960992753505707
3,509,4810,0.10391630977392197
3,510,4811,0.07691855728626251
3,511,4812,0.10360512882471085
3,512,4813,0.12327171117067337
3,513,4814,0.1053396537899971
3,514,4815,0.13377518951892853
3,515,4816,0.14442078769207
3,516,4817,0.04181978851556778
3,517,4818,0.1083267480134964
3,518,4819,0.07293891906738281
3,519,4820,0.10048229247331619
3,520,4821,0.14543510973453522
3,521,4822,0.04795864596962929
3,522,4823,0.1516822874546051
3,523,4824,0.08159632980823517
3,524,4825,0.09410472959280014
3,525,4826,0.14095273613929749
3,526,4827,0.06259314715862274
3,527,4828,0.03748698905110359
3,528,4829,0.07897772639989853
3,529,4830,0.13291189074516296
3,530,4831,0.12992307543754578
3,531,4832,0.11321187019348145
3,532,4833,0.02830555848777294
3,533,4834,0.11508665978908539
3,534,4835,0.12006593495607376
3,535,4836,0.06690122932195663
3,536,4837,0.1024722158908844
3,537,4838,0.07509370148181915
3,538,4839,0.004373220261186361
3,539,4840,0.10324059426784515
3,540,4841,0.1751823127269745
3,541,4842,0.10226792097091675
3,542,4843,0.11096848547458649
3,543,4844,0.060151368379592896
3,544,4845,0.1583542376756668
3,545,4846,0.07456785440444946
3,546,4847,0.03139965981245041
3,547,4848,0.06621332466602325
3,548,4849,0.04292069748044014
3,549,4850,0.11762653291225433
3,550,4851,0.10819816589355469
3,551,4852,0.10828173905611038
3,552,4853,0.073283351957798
3,553,4854,0.05936005711555481
3,554,4855,0.08804930746555328
3,555,4856,0.08328527957201004
3,556,4857,0.08769191056489944
3,557,4858,0.08992738276720047
3,558,4859,0.09284166246652603
3,559,4860,0.09985782206058502
3,560,4861,0.052525706589221954
3,561,4862,0.15333382785320282
3,562,4863,0.0835551917552948
3,563,4864,0.10808728635311127
3,564,4865,0.16975368559360504
3,565,4866,0.15369170904159546
3,566,4867,0.11271168291568756
3,567,4868,0.10815366357564926
3,568,4869,0.09168506413698196
3,569,4870,0.0784759446978569
3,570,4871,0.11918754875659943
3,571,4872,0.08232272416353226
3,572,4873,0.049412596970796585
3,573,4874,0.2908307611942291
3,574,4875,0.04674966633319855
3,575,4876,0.0921645238995552
3,576,4877,0.17368130385875702
3,577,4878,0.11393239349126816
3,578,4879,0.16260004043579102
3,579,4880,0.08240433037281036
3,580,4881,0.13382694125175476
3,581,4882,0.11692502349615097
3,582,4883,0.10513107478618622
3,583,4884,0.15515698492527008
3,584,4885,0.11006082594394684
3,585,4886,0.08838077634572983
3,586,4887,0.12089408189058304
3,587,4888,0.20746873319149017
3,588,4889,0.10922104865312576
3,589,4890,0.14216262102127075
3,590,4891,0.13831152021884918
3,591,4892,0.09595157951116562
3,592,4893,0.12321045249700546
3,593,4894,0.010869516991078854
3,594,4895,0.15615426003932953
3,595,4896,0.05995503067970276
3,596,4897,0.13953116536140442
3,597,4898,0.07932434231042862
3,598,4899,0.2245810329914093
3,599,4900,0.06190207228064537
3,600,4901,0.12680983543395996
3,601,4902,0.061552245169878006
3,602,4903,0.11569680273532867
3,603,4904,0.03310833126306534
3,604,4905,0.09605489671230316
3,605,4906,0.16272525489330292
3,606,4907,0.1322030872106552
3,607,4908,0.08490917831659317
3,608,4909,0.09920524805784225
3,609,4910,0.06447697430849075
3,610,4911,0.10943403095006943
3,611,4912,0.0635325163602829
3,612,4913,0.16514970362186432
3,613,4914,0.11089132726192474
3,614,4915,0.09390028566122055
3,615,4916,0.10281417518854141
3,616,4917,0.06198132410645485
3,617,4918,0.11350193619728088
3,618,4919,0.08622558414936066
3,619,4920,0.03459539636969566
3,620,4921,0.13841146230697632
3,621,4922,0.11576201766729355
3,622,4923,0.212814062833786
3,623,4924,0.14893530309200287
3,624,4925,0.07301090657711029
3,625,4926,0.0911652222275734
3,626,4927,0.0585409477353096
3,627,4928,0.1124735176563263
3,628,4929,0.1425931602716446
3,629,4930,0.13526783883571625
3,630,4931,0.09757841378450394
3,631,4932,0.07407072931528091
3,632,4933,0.04153516888618469
3,633,4934,0.11439689248800278
3,634,4935,0.034321654587984085
3,635,4936,0.1064814105629921
3,636,4937,0.12289230525493622
3,637,4938,0.15331585705280304
3,638,4939,0.08083958178758621
3,639,4940,0.05956815555691719
3,640,4941,0.10883238166570663
3,641,4942,0.07849351316690445
3,642,4943,0.10634131729602814
3,643,4944,0.11205213516950607
3,644,4945,0.09385370463132858
3,645,4946,0.03758196532726288
3,646,4947,0.02953963354229927
3,647,4948,0.1193222776055336
3,648,4949,0.10835174471139908
3,649,4950,0.059586916118860245
3,650,4951,0.08085520565509796
3,651,4952,0.14408749341964722
3,652,4953,0.10168030858039856
3,653,4954,0.003320710500702262
3,654,4955,0.0736202672123909
3,655,4956,0.035758741199970245
3,656,4957,0.11825541406869888
3,657,4958,0.0722714439034462
3,658,4959,0.030566811561584473
3,659,4960,0.2116643637418747
3,660,4961,0.12910090386867523
3,661,4962,0.08040716499090195
3,662,4963,0.19319237768650055
3,663,4964,0.04444127157330513
3,664,4965,0.13612186908721924
3,665,4966,0.13439646363258362
3,666,4967,0.062468741089105606
3,667,4968,0.07607540488243103
3,668,4969,0.05286692455410957
3,669,4970,0.048501837998628616
3,670,4971,0.09300407767295837
3,671,4972,0.12265634536743164
3,672,4973,0.0021551065146923065
3,673,4974,0.10466758161783218
3,674,4975,0.12725839018821716
3,675,4976,0.0447709895670414
3,676,4977,0.10281223058700562
3,677,4978,0.09141821414232254
3,678,4979,0.0622345507144928
3,679,4980,0.2157803177833557
3,680,4981,0.07741568982601166
3,681,4982,0.10847102105617523
3,682,4983,0.11388102918863297
3,683,4984,0.13745300471782684
3,684,4985,0.03772411867976189
3,685,4986,0.04532766342163086
3,686,4987,0.07528766989707947
3,687,4988,0.058378394693136215
3,688,4989,0.0973849967122078
3,689,4990,0.08949172496795654
3,690,4991,0.0929851084947586
3,691,4992,0.21587920188903809
3,692,4993,0.06764091551303864
3,693,4994,0.08597277104854584
3,694,4995,0.08711227774620056
3,695,4996,0.02613028697669506
3,696,4997,0.06320179998874664
3,697,4998,0.0703601986169815
3,698,4999,0.1761297881603241
3,699,5000,0.07003813982009888
3,700,5001,0.09450718760490417
3,701,5002,0.10767589509487152
3,702,5003,0.14039291441440582
3,703,5004,0.041718825697898865
3,704,5005,0.017453040927648544
3,705,5006,0.061541441828012466
3,706,5007,0.1720360666513443
3,707,5008,0.09953360259532928
3,708,5009,0.13141180574893951
3,709,5010,0.04385986179113388
3,710,5011,0.06206119433045387
3,711,5012,0.08174709975719452
3,712,5013,0.0851706936955452
3,713,5014,0.04989233985543251
3,714,5015,0.10048775374889374
3,715,5016,0.04396359249949455
3,716,5017,0.10052341222763062
3,717,5018,0.057169221341609955
3,718,5019,0.08942674845457077
3,719,5020,0.10628645122051239
3,720,5021,0.12902209162712097
3,721,5022,0.1404133290052414
3,722,5023,0.07773079723119736
3,723,5024,0.11232642084360123
3,724,5025,0.04648860543966293
3,725,5026,0.11882225424051285
3,726,5027,0.12326638400554657
3,727,5028,0.051506608724594116
3,728,5029,0.06989184767007828
3,729,5030,0.07013818621635437
3,730,5031,0.12537916004657745
3,731,5032,0.059010569006204605
3,732,5033,0.0861925557255745
3,733,5034,0.0756402239203453
3,734,5035,0.07980119436979294
3,735,5036,0.057458799332380295
3,736,5037,0.16847102344036102
3,737,5038,0.06503106653690338
3,738,5039,0.08575174957513809
3,739,5040,0.05238347873091698
3,740,5041,0.05300825089216232
3,741,5042,0.16088995337486267
3,742,5043,0.046001136302948
3,743,5044,0.09210382401943207
3,744,5045,0.05930174142122269
3,745,5046,0.09682828187942505
3,746,5047,0.06614150106906891
3,747,5048,0.1168680265545845
3,748,5049,0.1496742069721222
3,749,5050,0.14976564049720764
3,750,5051,0.12900996208190918
3,751,5052,0.05628063902258873
3,752,5053,0.04394456744194031
3,753,5054,0.08939322829246521
3,754,5055,0.13723158836364746
3,755,5056,0.08927972614765167
3,756,5057,0.10569889843463898
3,757,5058,0.07236267626285553
3,758,5059,0.024640554562211037
3,759,5060,0.08274640887975693
3,760,5061,0.10137321799993515
3,761,5062,0.1988290399312973
3,762,5063,0.09591470658779144
3,763,5064,0.08430538326501846
3,764,5065,0.10134255886077881
3,765,5066,0.031051572412252426
3,766,5067,0.15611031651496887
3,767,5068,0.06362389773130417
3,768,5069,0.12910647690296173
3,769,5070,0.12202350050210953
3,770,5071,0.038968510925769806
3,771,5072,0.1423536092042923
3,772,5073,0.07532401382923126
3,773,5074,0.252978652715683
3,774,5075,0.1743946224451065
3,775,5076,0.08423659950494766
3,776,5077,0.16472704708576202
3,777,5078,0.07310496270656586
3,778,5079,0.05092040076851845
3,779,5080,0.06667616963386536
3,780,5081,0.02828812226653099
3,781,5082,0.08281946927309036
3,782,5083,0.18433937430381775
3,783,5084,0.1396929919719696
3,784,5085,0.08951724320650101
3,785,5086,0.040029481053352356
3,786,5087,0.03736052289605141
3,787,5088,0.11575482040643692
3,788,5089,0.12029708176851273
3,789,5090,0.1480458527803421
3,790,5091,0.04498356208205223
3,791,5092,0.10302427411079407
3,792,5093,0.12375689297914505
3,793,5094,0.05763716250658035
3,794,5095,0.06897001713514328
3,795,5096,0.12411299347877502
3,796,5097,0.13136138021945953
3,797,5098,0.046399470418691635
3,798,5099,0.10352570563554764
3,799,5100,0.1201041042804718
3,800,5101,0.09472671151161194
3,801,5102,0.15684404969215393
3,802,5103,0.031235113739967346
3,803,5104,0.07222920656204224
3,804,5105,0.08811970055103302
3,805,5106,0.052598852664232254
3,806,5107,0.022441597655415535
3,807,5108,0.07994907349348068
3,808,5109,0.15039633214473724
3,809,5110,0.00604730611667037
3,810,5111,0.04357023537158966
3,811,5112,0.1536465287208557
3,812,5113,0.1426059752702713
3,813,5114,0.1844681352376938
3,814,5115,0.18063580989837646
3,815,5116,0.06587003916501999
3,816,5117,0.08881695568561554
3,817,5118,0.16158320009708405
3,818,5119,0.07657012343406677
3,819,5120,0.134553000330925
3,820,5121,0.06003287062048912
3,821,5122,0.15752331912517548
3,822,5123,0.10760907828807831
3,823,5124,0.11378621309995651
3,824,5125,0.061904504895210266
3,825,5126,0.15387855470180511
3,826,5127,0.036687299609184265
3,827,5128,0.027704203501343727
3,828,5129,0.08316994458436966
3,829,5130,0.009929592721164227
3,830,5131,0.15819580852985382
3,831,5132,0.1468595415353775
3,832,5133,0.08720956742763519
3,833,5134,0.0946558266878128
3,834,5135,0.10523954033851624
3,835,5136,0.12391963601112366
3,836,5137,0.15888535976409912
3,837,5138,0.08870135992765427
3,838,5139,0.07001769542694092
3,839,5140,0.043227098882198334
3,840,5141,0.13351638615131378
3,841,5142,0.08194541186094284
3,842,5143,0.1568083018064499
3,843,5144,0.09370335191488266
3,844,5145,0.1070413812994957
3,845,5146,0.15635699033737183
3,846,5147,0.06514395028352737
3,847,5148,0.03895769640803337
3,848,5149,0.023285694420337677
3,849,5150,0.1162438690662384
3,850,5151,0.10054101049900055
3,851,5152,0.041118837893009186
3,852,5153,0.07241354882717133
3,853,5154,0.11252089589834213
3,854,5155,0.13488394021987915
3,855,5156,0.011013694107532501
3,856,5157,0.12116232514381409
3,857,5158,0.15723253786563873
3,858,5159,0.07813698053359985
3,859,5160,0.025049515068531036
3,860,5161,0.17314206063747406
3,861,5162,0.07473395019769669
3,862,5163,0.07862813025712967
3,863,5164,0.04558093100786209
3,864,5165,0.061953525990247726
3,865,5166,0.1259928196668625
3,866,5167,0.09237468987703323
3,867,5168,0.14506524801254272
3,868,5169,0.03637855127453804
3,869,5170,0.13190345466136932
3,870,5171,0.057953912764787674
3,871,5172,0.02793615311384201
3,872,5173,0.05258055403828621
3,873,5174,0.07902788370847702
3,874,5175,0.11936559528112411
3,875,5176,0.13988155126571655
3,876,5177,0.06459353864192963
3,877,5178,0.12476402521133423
3,878,5179,0.10963205993175507
3,879,5180,0.057803843170404434
3,880,5181,0.011299139820039272
3,881,5182,0.11822777986526489
3,882,5183,0.011400964111089706
3,883,5184,0.025975383818149567
3,884,5185,0.05315358564257622
3,885,5186,0.04587715119123459
3,886,5187,0.06463722139596939
3,887,5188,0.1419275552034378
3,888,5189,0.08118075132369995
3,889,5190,0.023490577936172485
3,890,5191,0.16882260143756866
3,891,5192,0.08657006919384003
3,892,5193,0.0572764053940773
3,893,5194,0.05898718163371086
3,894,5195,0.08295729756355286
3,895,5196,0.0032817821484059095
3,896,5197,0.09431307762861252
3,897,5198,0.10114121437072754
3,898,5199,0.058405373245477676
3,899,5200,0.03142130747437477
3,900,5201,0.09039591252803802
3,901,5202,0.1000170037150383
3,902,5203,0.11530795693397522
3,903,5204,0.04478604719042778
3,904,5205,0.0551333874464035
3,905,5206,0.09157363325357437
3,906,5207,0.008519385010004044
3,907,5208,0.06333773583173752
3,908,5209,0.08542273193597794
3,909,5210,0.12492381036281586
3,910,5211,0.12398494780063629
3,911,5212,0.10511315613985062
3,912,5213,0.1714065670967102
3,913,5214,0.11291324347257614
3,914,5215,0.022628119215369225
3,915,5216,0.12406624853610992
3,916,5217,0.056806959211826324
3,917,5218,0.07645643502473831
3,918,5219,0.07793078571557999
3,919,5220,0.12005764245986938
3,920,5221,0.1310143917798996
3,921,5222,0.0887397900223732
3,922,5223,0.09283141791820526
3,923,5224,0.09557288140058517
3,924,5225,0.046574365347623825
3,925,5226,0.08434321731328964
3,926,5227,0.16432175040245056
3,927,5228,0.043676942586898804
3,928,5229,0.04531574249267578
3,929,5230,0.12187773734331131
3,930,5231,0.1892486959695816
3,931,5232,0.1270616054534912
3,932,5233,0.03856367617845535
3,933,5234,0.07193367183208466
3,934,5235,0.09030545502901077
3,935,5236,0.04126383364200592
3,936,5237,0.05925172194838524
3,937,5238,0.05859207734465599
3,938,5239,0.11866278201341629
3,939,5240,0.11012498289346695
3,940,5241,0.105484239757061
3,941,5242,0.08638045936822891
3,942,5243,0.21433371305465698
3,943,5244,0.04715365171432495
3,944,5245,0.08353006094694138
3,945,5246,0.027916714549064636
3,946,5247,0.20156888663768768
3,947,5248,0.08677483350038528
3,948,5249,0.07973587512969971
3,949,5250,0.12040975689888
3,950,5251,0.17987371981143951
3,951,5252,0.10300619900226593
3,952,5253,0.01574561558663845
3,953,5254,0.13920238614082336
3,954,5255,0.05896160751581192
3,955,5256,0.1584552675485611
3,956,5257,0.09515669196844101
3,957,5258,0.05184502899646759
3,958,5259,0.09433519840240479
3,959,5260,0.10289514809846878
3,960,5261,0.07104294747114182
3,961,5262,0.11447620391845703
3,962,5263,0.056876540184020996
3,963,5264,0.02264273352921009
3,964,5265,0.0936213806271553
3,965,5266,0.0683140829205513
3,966,5267,0.044397950172424316
3,967,5268,0.18435890972614288
3,968,5269,0.042795926332473755
3,969,5270,0.044150982052087784
3,970,5271,0.025204448029398918
3,971,5272,0.14625981450080872
3,972,5273,0.1301954835653305
3,973,5274,0.05493549257516861
3,974,5275,0.04990877956151962
3,975,5276,0.1027599647641182
3,976,5277,0.10596153140068054
3,977,5278,0.1897120177745819
3,978,5279,0.05444565787911415
3,979,5280,0.028902241960167885
3,980,5281,0.042569685727357864
3,981,5282,0.12235916405916214
3,982,5283,0.09709753841161728
3,983,5284,0.1146823987364769
3,984,5285,0.08845961093902588
3,985,5286,0.08725664019584656
3,986,5287,0.10791794210672379
3,987,5288,0.08788438141345978
3,988,5289,0.01534328330308199
3,989,5290,0.09776042401790619
3,990,5291,0.09992048889398575
3,991,5292,0.10551130771636963
3,992,5293,0.07240087538957596
3,993,5294,0.10352375358343124
3,994,5295,0.10541272163391113
3,995,5296,0.05616554990410805
3,996,5297,0.061749961227178574
3,997,5298,0.05620778724551201
3,998,5299,0.05241887643933296
3,999,5300,0.06845530867576599
3,1000,5301,0.056094296276569366
3,1001,5302,0.093353770673275
3,1002,5303,0.11717407405376434
3,1003,5304,0.07114765793085098
3,1004,5305,0.09301917254924774
3,1005,5306,0.09933101385831833
3,1006,5307,0.13553999364376068
3,1007,5308,0.08686696738004684
3,1008,5309,0.0735536515712738
3,1009,5310,0.142764151096344
3,1010,5311,0.031396787613630295
3,1011,5312,0.038892023265361786
3,1012,5313,0.13915711641311646
3,1013,5314,0.040203869342803955
3,1014,5315,0.10515588521957397
3,1015,5316,0.10377109050750732
3,1016,5317,0.10353958606719971
3,1017,5318,0.23415803909301758
3,1018,5319,0.017970748245716095
3,1019,5320,0.03792916238307953
3,1020,5321,0.07403071224689484
3,1021,5322,0.09664344787597656
3,1022,5323,0.13960866630077362
3,1023,5324,0.08014995604753494
3,1024,5325,0.09426037967205048
3,1025,5326,0.09442775696516037
3,1026,5327,0.07426507025957108
3,1027,5328,0.08378619700670242
3,1028,5329,0.10872137546539307
3,1029,5330,0.07380502671003342
3,1030,5331,0.1244102269411087
3,1031,5332,0.0416673943400383
3,1032,5333,0.061624832451343536
3,1033,5334,0.03755441680550575
3,1034,5335,0.06349867582321167
3,1035,5336,0.19557468593120575
3,1036,5337,0.13845065236091614
3,1037,5338,0.046732593327760696
3,1038,5339,0.14800433814525604
3,1039,5340,0.07186079770326614
3,1040,5341,0.1701141595840454
3,1041,5342,0.13505403697490692
3,1042,5343,0.04810193181037903
3,1043,5344,0.04709121212363243
3,1044,5345,0.23184716701507568
3,1045,5346,0.3339574933052063
3,1046,5347,0.08625077456235886
3,1047,5348,0.07709624618291855
3,1048,5349,0.012635535560548306
3,1049,5350,0.15111365914344788
3,1050,5351,0.06212116405367851
3,1051,5352,0.041676927357912064
3,1052,5353,0.13003532588481903
3,1053,5354,0.09897259622812271
3,1054,5355,0.15090858936309814
3,1055,5356,0.1270812600851059
3,1056,5357,0.044362179934978485
3,1057,5358,0.0371030829846859
3,1058,5359,0.08751102536916733
3,1059,5360,0.07995809614658356
3,1060,5361,0.12031538039445877
3,1061,5362,0.029346797615289688
3,1062,5363,0.07417371869087219
3,1063,5364,0.1537260115146637
3,1064,5365,0.13485483825206757
3,1065,5366,0.09236206859350204
3,1066,5367,0.04004340246319771
3,1067,5368,0.08432114124298096
3,1068,5369,0.019208911806344986
3,1069,5370,0.10815686732530594
3,1070,5371,0.016068628057837486
3,1071,5372,0.003605723148211837
3,1072,5373,0.042462367564439774
3,1073,5374,0.22821277379989624
3,1074,5375,0.08908256143331528
3,1075,5376,0.03862254321575165
3,1076,5377,0.07166153192520142
3,1077,5378,0.11483940482139587
3,1078,5379,0.08853979408740997
3,1079,5380,0.08704985678195953
3,1080,5381,0.0787755697965622
3,1081,5382,0.032162461429834366
3,1082,5383,0.057907961308956146
3,1083,5384,0.046271082013845444
3,1084,5385,0.04167432337999344
3,1085,5386,0.15675455331802368
3,1086,5387,0.07491420209407806
3,1087,5388,0.06697729974985123
3,1088,5389,0.20969590544700623
3,1089,5390,0.13318997621536255
3,1090,5391,0.10713470727205276
3,1091,5392,0.13051767647266388
3,1092,5393,0.03658316284418106
3,1093,5394,0.10943480581045151
3,1094,5395,0.07525134086608887
3,1095,5396,0.09471015632152557
3,1096,5397,0.09389422833919525
3,1097,5398,0.051282770931720734
3,1098,5399,0.08804558962583542
3,1099,5400,0.06336427479982376
3,1100,5401,0.04363445192575455
3,1101,5402,0.12107913941144943
3,1102,5403,0.14503929018974304
3,1103,5404,0.03238333389163017
3,1104,5405,0.017224863171577454
3,1105,5406,0.07353876531124115
3,1106,5407,0.037990257143974304
3,1107,5408,0.04633001238107681
3,1108,5409,0.11434445530176163
3,1109,5410,0.17521880567073822
3,1110,5411,0.08706047385931015
3,1111,5412,0.11372742801904678
3,1112,5413,0.16997763514518738
3,1113,5414,0.06611020863056183
3,1114,5415,0.09311869740486145
3,1115,5416,0.0822686031460762
3,1116,5417,0.06833966821432114
3,1117,5418,0.1050969585776329
3,1118,5419,0.12981082499027252
3,1119,5420,0.06093110144138336
3,1120,5421,0.03495603799819946
3,1121,5422,0.057467248290777206
3,1122,5423,0.04079410806298256
3,1123,5424,0.10674263536930084
3,1124,5425,0.14063845574855804
3,1125,5426,0.10956139117479324
3,1126,5427,0.07725643366575241
3,1127,5428,0.05290435627102852
3,1128,5429,0.08665526658296585
3,1129,5430,0.07263881713151932
3,1130,5431,0.04814906790852547
3,1131,5432,0.04444056376814842
3,1132,5433,0.02176123671233654
3,1133,5434,0.009918040595948696
3,1134,5435,0.10098343342542648
3,1135,5436,0.09047798812389374
3,1136,5437,0.168219193816185
3,1137,5438,0.040559493005275726
3,1138,5439,0.07817558944225311
3,1139,5440,0.03129792958498001
3,1140,5441,0.08388855308294296
3,1141,5442,0.10378572344779968
3,1142,5443,0.08399535715579987
3,1143,5444,0.14070792496204376
3,1144,5445,0.08589709550142288
3,1145,5446,0.07337873429059982
3,1146,5447,0.058042701333761215
3,1147,5448,0.15404081344604492
3,1148,5449,0.07945220172405243
3,1149,5450,0.12619751691818237
3,1150,5451,0.04451926797628403
3,1151,5452,0.02848704345524311
3,1152,5453,0.06516527384519577
3,1153,5454,0.12559841573238373
3,1154,5455,0.031315140426158905
3,1155,5456,0.027860097587108612
3,1156,5457,0.020952023565769196
3,1157,5458,0.04498922824859619
3,1158,5459,0.11122561991214752
3,1159,5460,0.0931088775396347
3,1160,5461,0.0036929561756551266
3,1161,5462,0.09423129260540009
3,1162,5463,0.05553283169865608
3,1163,5464,0.10040602833032608
3,1164,5465,0.04258769378066063
3,1165,5466,0.017925364896655083
3,1166,5467,0.017112277448177338
3,1167,5468,0.039219941943883896
3,1168,5469,0.11078206449747086
3,1169,5470,0.0941004827618599
3,1170,5471,0.04306243360042572
3,1171,5472,0.12217460572719574
3,1172,5473,0.008512723259627819
3,1173,5474,0.08590556681156158
3,1174,5475,0.06844435632228851
3,1175,5476,0.017104480415582657
3,1176,5477,0.11506388336420059
3,1177,5478,0.0559375174343586
3,1178,5479,0.08389802277088165
3,1179,5480,0.10793101042509079
3,1180,5481,0.041219890117645264
3,1181,5482,0.045492906123399734
3,1182,5483,0.11870571970939636
3,1183,5484,0.07836426049470901
3,1184,5485,0.16064868867397308
3,1185,5486,0.07117009162902832
3,1186,5487,0.16842466592788696
3,1187,5488,0.0934334248304367
3,1188,5489,0.17887988686561584
3,1189,5490,0.07126601040363312
3,1190,5491,0.1583535075187683
3,1191,5492,0.13310426473617554
3,1192,5493,0.058787040412425995
3,1193,5494,0.090608149766922
3,1194,5495,0.048439960926771164
3,1195,5496,0.06515881419181824
3,1196,5497,0.0675751343369484
3,1197,5498,0.10861232876777649
3,1198,5499,0.08009980618953705
3,1199,5500,0.12023546546697617
3,1200,5501,0.0285971499979496
3,1201,5502,0.029457032680511475
3,1202,5503,0.05647028982639313
3,1203,5504,0.1347297877073288
3,1204,5505,0.09488347172737122
3,1205,5506,0.028754666447639465
3,1206,5507,0.10047630965709686
3,1207,5508,0.0803145095705986
3,1208,5509,0.09456402063369751
3,1209,5510,0.08231766521930695
3,1210,5511,0.04002169519662857
3,1211,5512,0.09957432746887207
3,1212,5513,0.02784644067287445
3,1213,5514,0.07284902781248093
3,1214,5515,0.00924406386911869
3,1215,5516,0.02689182385802269
3,1216,5517,0.03956998884677887
3,1217,5518,0.02156025543808937
3,1218,5519,0.06144358590245247
3,1219,5520,0.08125077933073044
3,1220,5521,0.08311274647712708
3,1221,5522,0.1838139444589615
3,1222,5523,0.04731505736708641
3,1223,5524,0.1404702067375183
3,1224,5525,0.07083600759506226
3,1225,5526,0.10779636353254318
3,1226,5527,0.0470844991505146
3,1227,5528,0.04850779101252556
3,1228,5529,0.03642791882157326
3,1229,5530,0.10238274931907654
3,1230,5531,0.10104265809059143
3,1231,5532,0.08090920001268387
3,1232,5533,0.059245865792036057
3,1233,5534,0.2031644880771637
3,1234,5535,0.09333742409944534
3,1235,5536,0.0025241333059966564
3,1236,5537,0.027184803038835526
3,1237,5538,0.036695536226034164
3,1238,5539,0.1726529747247696
3,1239,5540,0.22777999937534332
3,1240,5541,0.1353711187839508
3,1241,5542,0.05299026519060135
3,1242,5543,0.0482197068631649
3,1243,5544,0.05035007745027542
3,1244,5545,0.08587246388196945
3,1245,5546,0.06972254067659378
3,1246,5547,0.08548413217067719
3,1247,5548,0.09690986573696136
3,1248,5549,0.062011171132326126
3,1249,5550,0.16741138696670532
3,1250,5551,0.010524032637476921
3,1251,5552,0.07719416916370392
3,1252,5553,0.00700089056044817
3,1253,5554,0.10439084470272064
3,1254,5555,0.07609224319458008
3,1255,5556,0.0561847947537899
3,1256,5557,0.14796669781208038
3,1257,5558,0.049999918788671494
3,1258,5559,0.05537443235516548
3,1259,5560,0.0889783427119255
3,1260,5561,0.07898548245429993
3,1261,5562,0.014192067086696625
3,1262,5563,0.06398724764585495
3,1263,5564,0.1538688987493515
3,1264,5565,0.18688566982746124
3,1265,5566,0.12001200765371323
3,1266,5567,0.1166730746626854
3,1267,5568,0.1160273402929306
3,1268,5569,0.0779319480061531
3,1269,5570,0.13737286627292633
3,1270,5571,0.07558824867010117
3,1271,5572,0.061104364693164825
3,1272,5573,0.017558952793478966
3,1273,5574,0.08460594713687897
3,1274,5575,0.08690287917852402
3,1275,5576,0.0879557654261589
3,1276,5577,0.03237081691622734
3,1277,5578,0.046009715646505356
3,1278,5579,0.11459814757108688
3,1279,5580,0.05265503376722336
3,1280,5581,0.09558787941932678
3,1281,5582,0.08929745107889175
3,1282,5583,0.14506934583187103
3,1283,5584,0.05740217864513397
3,1284,5585,0.038625240325927734
3,1285,5586,0.09614650905132294
3,1286,5587,0.18758539855480194
3,1287,5588,0.0993257462978363
3,1288,5589,0.15216153860092163
3,1289,5590,0.1408780962228775
3,1290,5591,0.1271355152130127
3,1291,5592,0.05626964569091797
3,1292,5593,0.06840874254703522
3,1293,5594,0.038234494626522064
3,1294,5595,0.09381333738565445
3,1295,5596,0.10521511733531952
3,1296,5597,0.08797647058963776
3,1297,5598,0.01820453815162182
3,1298,5599,0.07753591239452362
3,1299,5600,0.07702868431806564
3,1300,5601,0.08247700333595276
3,1301,5602,0.12420115619897842
3,1302,5603,0.13446129858493805
3,1303,5604,0.03325856849551201
3,1304,5605,0.12650348246097565
3,1305,5606,0.05682975426316261
3,1306,5607,0.05282699316740036
3,1307,5608,0.058700256049633026
3,1308,5609,0.1568623185157776
3,1309,5610,0.04464317113161087
3,1310,5611,0.08714191615581512
3,1311,5612,0.04509933665394783
3,1312,5613,0.07566467672586441
3,1313,5614,0.013850156217813492
3,1314,5615,0.1228579431772232
3,1315,5616,0.1074945479631424
3,1316,5617,0.0532686747610569
3,1317,5618,0.08999080210924149
3,1318,5619,0.10741864889860153
3,1319,5620,0.10840383917093277
3,1320,5621,0.016147548332810402
3,1321,5622,0.07766785472631454
3,1322,5623,0.07482820749282837
3,1323,5624,0.11879388988018036
3,1324,5625,0.08542847633361816
3,1325,5626,0.03098464570939541
3,1326,5627,0.14155280590057373
3,1327,5628,0.1502915918827057
3,1328,5629,0.1252056509256363
3,1329,5630,0.10295777022838593
3,1330,5631,0.06647730618715286
3,1331,5632,0.054223623126745224
3,1332,5633,0.01522037759423256
3,1333,5634,0.08474434167146683
3,1334,5635,0.006109380628913641
3,1335,5636,0.03912116214632988
3,1336,5637,0.026741793379187584
3,1337,5638,0.027598755434155464
3,1338,5639,0.04628467187285423
3,1339,5640,0.039176493883132935
3,1340,5641,0.012306194752454758
3,1341,5642,0.06844568252563477
3,1342,5643,0.05669445917010307
3,1343,5644,0.025162694975733757
3,1344,5645,0.008080887608230114
3,1345,5646,0.04879215732216835
3,1346,5647,0.08529032766819
3,1347,5648,0.05177924036979675
3,1348,5649,0.10064259171485901
3,1349,5650,0.05763428285717964
3,1350,5651,0.09666316956281662
3,1351,5652,0.09046938270330429
3,1352,5653,0.06312880665063858
3,1353,5654,0.08420739322900772
3,1354,5655,0.07299391180276871
3,1355,5656,0.079407699406147
3,1356,5657,0.052996326237916946
3,1357,5658,0.06051180139183998
3,1358,5659,0.1534668505191803
3,1359,5660,0.04190754517912865
3,1360,5661,0.056622255593538284
3,1361,5662,0.10202533006668091
3,1362,5663,0.07351858168840408
3,1363,5664,0.10858684778213501
3,1364,5665,0.02064955048263073
3,1365,5666,0.04809071123600006
3,1366,5667,0.043613582849502563
3,1367,5668,0.06710786372423172
3,1368,5669,0.04973553121089935
3,1369,5670,0.06531810015439987
3,1370,5671,0.048438165336847305
3,1371,5672,0.03240066394209862
3,1372,5673,0.007072123233228922
3,1373,5674,0.11912994086742401
3,1374,5675,0.008606504648923874
3,1375,5676,0.102275550365448
3,1376,5677,0.07625366747379303
3,1377,5678,0.13466542959213257
3,1378,5679,0.08254779130220413
3,1379,5680,0.03821666166186333
3,1380,5681,0.18665234744548798
3,1381,5682,0.0809655636548996
3,1382,5683,0.0732741728425026
3,1383,5684,0.17861591279506683
3,1384,5685,0.15840034186840057
3,1385,5686,0.04657778888940811
3,1386,5687,0.05989482253789902
3,1387,5688,0.07996613532304764
3,1388,5689,0.03473590314388275
3,1389,5690,0.07126221060752869
3,1390,5691,0.11134311556816101
3,1391,5692,0.05711253732442856
3,1392,5693,0.07730752229690552
3,1393,5694,0.10722150653600693
3,1394,5695,0.0762830525636673
3,1395,5696,0.01830146834254265
3,1396,5697,0.05330993980169296
3,1397,5698,0.03779510781168938
3,1398,5699,0.12020912021398544
3,1399,5700,0.11999630182981491
3,1400,5701,0.11748335510492325
3,1401,5702,0.011648361571133137
3,1402,5703,0.09485964477062225
3,1403,5704,0.07825270295143127
3,1404,5705,0.034137602895498276
3,1405,5706,0.07729212194681168
3,1406,5707,0.14151625335216522
3,1407,5708,0.22952254116535187
3,1408,5709,0.16561947762966156
3,1409,5710,0.031343795359134674
3,1410,5711,0.10281020402908325
3,1411,5712,0.06055430695414543
3,1412,5713,0.07427609711885452
3,1413,5714,0.025921791791915894
3,1414,5715,0.08817272633314133
3,1415,5716,0.015058442018926144
3,1416,5717,0.1336989402770996
3,1417,5718,0.0598352812230587
3,1418,5719,0.06928873062133789
3,1419,5720,0.06595393270254135
3,1420,5721,0.15289446711540222
3,1421,5722,0.07249248772859573
3,1422,5723,0.03259306028485298
3,1423,5724,0.02711975947022438
3,1424,5725,0.2030276656150818
3,1425,5726,0.07978645712137222
3,1426,5727,0.15404927730560303
3,1427,5728,0.006305567920207977
3,1428,5729,0.018146591261029243
3,1429,5730,0.030294477939605713
3,1430,5731,0.08104445040225983
3,1431,5732,0.10006288439035416
3,1432,5733,0.04739103093743324
3,1433,5734,0.10631684213876724
3,1434,5735,0.0417693667113781
4,1,5736,0.043961815536022186
4,2,5737,0.010989382863044739
4,3,5738,0.011066927574574947
4,4,5739,0.036955576390028
4,5,5740,0.10803390294313431
4,6,5741,0.15927499532699585
4,7,5742,0.034014422446489334
4,8,5743,0.10641214996576309
4,9,5744,0.09377951920032501
4,10,5745,0.04431190341711044
4,11,5746,0.10491656512022018
4,12,5747,0.12177792936563492
4,13,5748,0.03145718201994896
4,14,5749,0.03005039133131504
4,15,5750,0.06818860024213791
4,16,5751,0.08275200426578522
4,17,5752,0.021579701453447342
4,18,5753,0.0279021505266428
4,19,5754,0.11924832314252853
4,20,5755,0.1517270803451538
4,21,5756,0.2233959436416626
4,22,5757,0.1578885018825531
4,23,5758,0.04447665810585022
4,24,5759,0.07043083012104034
4,25,5760,0.05125347152352333
4,26,5761,0.13240179419517517
4,27,5762,0.11172866821289062
4,28,5763,0.06668373197317123
4,29,5764,0.016051242128014565
4,30,5765,0.07735422998666763
4,31,5766,0.11148898303508759
4,32,5767,0.02496526762843132
4,33,5768,0.13011601567268372
4,34,5769,0.032178279012441635
4,35,5770,0.048757705837488174
4,36,5771,0.11124689877033234
4,37,5772,0.08120683580636978
4,38,5773,0.10396350920200348
4,39,5774,0.1881120502948761
4,40,5775,0.17195239663124084
4,41,5776,0.13620784878730774
4,42,5777,0.10128653794527054
4,43,5778,0.13640999794006348
4,44,5779,0.06646598130464554
4,45,5780,0.12787508964538574
4,46,5781,0.07873498648405075
4,47,5782,0.07986544072628021
4,48,5783,0.03736783191561699
4,49,5784,0.12202628701925278
4,50,5785,0.07105499505996704
4,51,5786,0.10512425750494003
4,52,5787,0.17012865841388702
4,53,5788,0.07338039577007294
4,54,5789,0.17620745301246643
4,55,5790,0.027736295014619827
4,56,5791,0.07840994000434875
4,57,5792,0.005920110270380974
4,58,5793,0.15015682578086853
4,59,5794,0.07600319385528564
4,60,5795,0.09225612133741379
4,61,5796,0.16908909380435944
4,62,5797,0.07067129015922546
4,63,5798,0.10562920570373535
4,64,5799,0.01632639206945896
4,65,5800,0.07301768660545349
4,66,5801,0.06659383326768875
4,67,5802,0.14544372260570526
4,68,5803,0.05145299434661865
4,69,5804,0.12571533024311066
4,70,5805,0.10001105815172195
4,71,5806,0.08147154003381729
4,72,5807,0.03802257031202316
4,73,5808,0.09471827745437622
4,74,5809,0.12730874121189117
4,75,5810,0.008245362900197506
4,76,5811,0.07126207649707794
4,77,5812,0.07580654323101044
4,78,5813,0.05115816742181778
4,79,5814,0.07985259592533112
4,80,5815,0.040650058537721634
4,81,5816,0.11935612559318542
4,82,5817,0.04890827462077141
4,83,5818,0.042834289371967316
4,84,5819,0.06213292106986046
4,85,5820,0.04347618296742439
4,86,5821,0.049321249127388
4,87,5822,0.17017871141433716
4,88,5823,0.043385203927755356
4,89,5824,0.03700226545333862
4,90,5825,0.13488218188285828
4,91,5826,0.03853136673569679
4,92,5827,0.07647641748189926
4,93,5828,0.049135103821754456
4,94,5829,0.021747609600424767
4,95,5830,0.061343081295490265
4,96,5831,0.08383402973413467
4,97,5832,0.04341212287545204
4,98,5833,0.0505446158349514
4,99,5834,0.1501901000738144
4,100,5835,0.12845824658870697
4,101,5836,0.08084007352590561
4,102,5837,0.09899388253688812
4,103,5838,0.06530855596065521
4,104,5839,0.09079847484827042
4,105,5840,0.14783541858196259
4,106,5841,0.18793974816799164
4,107,5842,0.08936288207769394
4,108,5843,0.17577829957008362
4,109,5844,0.0686032697558403
4,110,5845,0.0893876701593399
4,111,5846,0.051004067063331604
4,112,5847,0.14429304003715515
4,113,5848,0.04380197450518608
4,114,5849,0.13205401599407196
4,115,5850,0.11326626688241959
4,116,5851,0.0706629678606987
4,117,5852,0.05548626556992531
4,118,5853,0.1325809359550476
4,119,5854,0.037495896220207214
4,120,5855,0.11297094821929932
4,121,5856,0.0902707502245903
4,122,5857,0.10995800793170929
4,123,5858,0.11508592218160629
4,124,5859,0.061411913484334946
4,125,5860,0.07271328568458557
4,126,5861,0.038933370262384415
4,127,5862,0.27594998478889465
4,128,5863,0.0362454429268837
4,129,5864,0.06515546888113022
4,130,5865,0.033357251435518265
4,131,5866,0.04602774977684021
4,132,5867,0.05099139362573624
4,133,5868,0.07810240238904953
4,134,5869,0.028982458636164665
4,135,5870,0.030050043016672134
4,136,5871,0.020379360765218735
4,137,5872,0.012625087052583694
4,138,5873,0.08234184980392456
4,139,5874,0.042964741587638855
4,140,5875,0.041518256068229675
4,141,5876,0.027685394510626793
4,142,5877,0.024095945060253143
4,143,5878,0.14844679832458496
4,144,5879,0.05632472410798073
4,145,5880,0.21161019802093506
4,146,5881,0.0882861316204071
4,147,5882,0.0739954486489296
4,148,5883,0.012404220178723335
4,149,5884,0.058904435485601425
4,150,5885,0.14674584567546844
4,151,5886,0.08719877153635025
4,152,5887,0.08826202154159546
4,153,5888,0.018881669268012047
4,154,5889,0.04366728663444519
4,155,5890,0.06798527389764786
4,156,5891,0.06481068581342697
4,157,5892,0.09054818749427795
4,158,5893,0.06728238612413406
4,159,5894,0.09195584058761597
4,160,5895,0.04461480677127838
4,161,5896,0.02994326502084732
4,162,5897,0.046824898570775986
4,163,5898,0.11897451430559158
4,164,5899,0.08564916253089905
4,165,5900,0.08093982934951782
4,166,5901,0.026115594431757927
4,167,5902,0.038506798446178436
4,168,5903,0.055208440870046616
4,169,5904,0.1369631141424179
4,170,5905,0.017103243619203568
4,171,5906,0.08642863482236862
4,172,5907,0.056472405791282654
4,173,5908,0.1294165998697281
4,174,5909,0.014914801344275475
4,175,5910,0.07754917442798615
4,176,5911,0.11558374762535095
4,177,5912,0.1472846418619156
4,178,5913,0.10563670843839645
4,179,5914,0.11998499929904938
4,180,5915,0.10672642290592194
4,181,5916,0.1015835627913475
4,182,5917,0.12371192127466202
4,183,5918,0.035469383001327515
4,184,5919,0.059201356023550034
4,185,5920,0.0764421746134758
4,186,5921,0.049256082624197006
4,187,5922,0.015040694735944271
4,188,5923,0.1288061887025833
4,189,5924,0.06469404697418213
4,190,5925,0.1052539125084877
4,191,5926,0.0966685339808464
4,192,5927,0.15436609089374542
4,193,5928,0.04223963990807533
4,194,5929,0.07199970632791519
4,195,5930,0.0421498566865921
4,196,5931,0.014116848818957806
4,197,5932,0.1413051038980484
4,198,5933,0.11629652231931686
4,199,5934,0.1631884127855301
4,200,5935,0.1418686956167221
4,201,5936,0.02223862148821354
4,202,5937,0.10125169903039932
4,203,5938,0.09168054908514023
4,204,5939,0.07469374686479568
4,205,5940,0.10722119361162186
4,206,5941,0.07855492830276489
4,207,5942,0.07131358236074448
4,208,5943,0.05655887350440025
4,209,5944,0.10923868417739868
4,210,5945,0.030240152031183243
4,211,5946,0.026893451809883118
4,212,5947,0.039390139281749725
4,213,5948,0.04188883677124977
4,214,5949,0.18129760026931763
4,215,5950,0.16136015951633453
4,216,5951,0.052703578025102615
4,217,5952,0.032846756279468536
4,218,5953,0.05135296285152435
4,219,5954,0.07610421627759933
4,220,5955,0.09009799361228943
4,221,5956,0.055774737149477005
4,222,5957,0.04540322721004486
4,223,5958,0.024135690182447433
4,224,5959,0.05474081635475159
4,225,5960,0.057199522852897644
4,226,5961,0.1195099875330925
4,227,5962,0.05405427888035774
4,228,5963,0.05089607834815979
4,229,5964,0.056374166160821915
4,230,5965,0.04390978440642357
4,231,5966,0.15501214563846588
4,232,5967,0.05945982411503792
4,233,5968,0.03041108511388302
4,234,5969,0.10745657980442047
4,235,5970,0.07252833247184753
4,236,5971,0.027336381375789642
4,237,5972,0.0768003910779953
4,238,5973,0.0902785137295723
4,239,5974,0.11460210382938385
4,240,5975,0.09673510491847992
4,241,5976,0.05247412621974945
4,242,5977,0.11282875388860703
4,243,5978,0.18074123561382294
4,244,5979,0.05041388422250748
4,245,5980,0.025376012548804283
4,246,5981,0.050323035567998886
4,247,5982,0.13470014929771423
4,248,5983,0.08006765693426132
4,249,5984,0.16629239916801453
4,250,5985,0.04301465302705765
4,251,5986,0.05926532670855522
4,252,5987,0.0619831345975399
4,253,5988,0.038434676826000214
4,254,5989,0.04297121241688728
4,255,5990,0.06806732714176178
4,256,5991,0.0151459826156497
4,257,5992,0.06596237421035767
4,258,5993,0.20773151516914368
4,259,5994,0.02243797667324543
4,260,5995,0.02384640835225582
4,261,5996,0.0706220492720604
4,262,5997,0.05881377309560776
4,263,5998,0.02265085093677044
4,264,5999,0.031765080988407135
4,265,6000,0.06155959516763687
4,266,6001,0.10540353506803513
4,267,6002,0.014446871355175972
4,268,6003,0.04245733097195625
4,269,6004,0.1266189068555832
4,270,6005,0.046721044927835464
4,271,6006,0.11046558618545532
4,272,6007,0.10786135494709015
4,273,6008,0.0174777302891016
4,274,6009,0.042715929448604584
4,275,6010,0.0299698319286108
4,276,6011,0.07018446177244186
4,277,6012,0.041359156370162964
4,278,6013,0.038176894187927246
4,279,6014,0.0434066504240036
4,280,6015,0.07698144018650055
4,281,6016,0.0486031211912632
4,282,6017,0.03860379382967949
4,283,6018,0.026704050600528717
4,284,6019,0.053859543055295944
4,285,6020,0.0417332723736763
4,286,6021,0.029041709378361702
4,287,6022,0.03768778219819069
4,288,6023,0.02098812721669674
4,289,6024,0.12067791819572449
4,290,6025,0.07602281123399734
4,291,6026,0.0822204202413559
4,292,6027,0.1140899732708931
4,293,6028,0.019969047978520393
4,294,6029,0.04843052104115486
4,295,6030,0.029309086501598358
4,296,6031,0.059455886483192444
4,297,6032,0.0436527356505394
4,298,6033,0.02411649562418461
4,299,6034,0.07059217989444733
4,300,6035,0.12104585766792297
4,301,6036,0.13253793120384216
4,302,6037,0.09297381341457367
4,303,6038,0.08396230638027191
4,304,6039,0.10082291811704636
4,305,6040,0.04449707642197609
4,306,6041,0.08813276141881943
4,307,6042,0.15752321481704712
4,308,6043,0.006291999947279692
4,309,6044,0.16677811741828918
4,310,6045,0.06395944952964783
4,311,6046,0.09969247132539749
4,312,6047,0.147712841629982
4,313,6048,0.07632162421941757
4,314,6049,0.03043045476078987
4,315,6050,0.14484341442584991
4,316,6051,0.013477430678904057
4,317,6052,0.09946329891681671
4,318,6053,0.11041850596666336
4,319,6054,0.1217932254076004
4,320,6055,0.07753601670265198
4,321,6056,0.11112598329782486
4,322,6057,0.0962429866194725
4,323,6058,0.06615562736988068
4,324,6059,0.09277240931987762
4,325,6060,0.10121652483940125
4,326,6061,0.11553993821144104
4,327,6062,0.13576732575893402
4,328,6063,0.08906926959753036
4,329,6064,0.034182704985141754
4,330,6065,0.119364432990551
4,331,6066,0.03624903783202171
4,332,6067,0.0291385967284441
4,333,6068,0.16339290142059326
4,334,6069,0.06600379198789597
4,335,6070,0.019613098353147507
4,336,6071,0.01706836372613907
4,337,6072,0.058771371841430664
4,338,6073,0.03108457289636135
4,339,6074,0.11684207618236542
4,340,6075,0.08303738385438919
4,341,6076,0.02140222303569317
4,342,6077,0.11529713869094849
4,343,6078,0.09004070609807968
4,344,6079,0.09416723996400833
4,345,6080,0.09990400820970535
4,346,6081,0.10729524493217468
4,347,6082,0.1612587720155716
4,348,6083,0.0871637761592865
4,349,6084,0.023686157539486885
4,350,6085,0.013437979854643345
4,351,6086,0.03303598612546921
4,352,6087,0.049291253089904785
4,353,6088,0.12771636247634888
4,354,6089,0.1869291514158249
4,355,6090,0.021892067044973373
4,356,6091,0.06401355564594269
4,357,6092,0.03644777834415436
4,358,6093,0.09769906103610992
4,359,6094,0.07834970206022263
4,360,6095,0.053887832909822464
4,361,6096,0.03622943162918091
4,362,6097,0.05773866921663284
4,363,6098,0.04328541457653046
4,364,6099,0.03136095032095909
4,365,6100,0.04662510007619858
4,366,6101,0.09600810706615448
4,367,6102,0.12305168062448502
4,368,6103,0.045770999044179916
4,369,6104,0.020062962546944618
4,370,6105,0.03886367008090019
4,371,6106,0.02225590869784355
4,372,6107,0.1998203545808792
4,373,6108,0.0639285147190094
4,374,6109,0.1338590532541275
4,375,6110,0.028155747801065445
4,376,6111,0.03926246240735054
4,377,6112,0.14179646968841553
4,378,6113,0.06811769306659698
4,379,6114,0.03350577875971794
4,380,6115,0.03638147562742233
4,381,6116,0.03822365775704384
4,382,6117,0.010428150184452534
4,383,6118,0.059322357177734375
4,384,6119,0.07605447620153427
4,385,6120,0.09672047942876816
4,386,6121,0.017142700031399727
4,387,6122,0.03241543471813202
4,388,6123,0.01869765669107437
4,389,6124,0.05845212936401367
4,390,6125,0.062274057418107986
4,391,6126,0.08298412710428238
4,392,6127,0.14052873849868774
4,393,6128,0.1032363697886467
4,394,6129,0.1730213165283203
4,395,6130,0.06133371591567993
4,396,6131,0.024646984413266182
4,397,6132,0.12527678906917572
4,398,6133,0.035389795899391174
4,399,6134,0.04692657291889191
4,400,6135,0.0453718826174736
4,401,6136,0.15045787394046783
4,402,6137,0.052804332226514816
4,403,6138,0.06532419472932816
4,404,6139,0.056736551225185394
4,405,6140,0.005413355305790901
4,406,6141,0.06954840570688248
4,407,6142,0.10416655242443085
4,408,6143,0.019931374117732048
4,409,6144,0.08705569058656693
4,410,6145,0.06960667669773102
4,411,6146,0.07887159287929535
4,412,6147,0.03858601674437523
4,413,6148,0.06475792080163956
4,414,6149,0.06382516771554947
4,415,6150,0.03736787289381027
4,416,6151,0.11334149539470673
4,417,6152,0.08827263861894608
4,418,6153,0.10150859504938126
4,419,6154,0.06416084617376328
4,420,6155,0.03400590643286705
4,421,6156,0.039924003183841705
4,422,6157,0.07167115807533264
4,423,6158,0.08103155344724655
4,424,6159,0.021275483071804047
4,425,6160,0.11886367201805115
4,426,6161,0.018274478614330292
4,427,6162,0.0375896655023098
4,428,6163,0.03978613391518593
4,429,6164,0.034025732427835464
4,430,6165,0.024365728721022606
4,431,6166,0.0815521851181984
4,432,6167,0.057902418076992035
4,433,6168,0.027234220877289772
4,434,6169,0.1054854691028595
4,435,6170,0.06952691823244095
4,436,6171,0.03890593722462654
4,437,6172,0.0903310626745224
4,438,6173,0.10555826127529144
4,439,6174,0.01629224419593811
4,440,6175,0.11660221964120865
4,441,6176,0.030399225652217865
4,442,6177,0.08183760941028595
4,443,6178,0.01719108782708645
4,444,6179,0.07311807572841644
4,445,6180,0.08514387160539627
4,446,6181,0.0901501476764679
4,447,6182,0.026504172012209892
4,448,6183,0.04903794080018997
4,449,6184,0.024206580594182014
4,450,6185,0.0060159689746797085
4,451,6186,0.1274390071630478
4,452,6187,0.013667138293385506
4,453,6188,0.023936275392770767
4,454,6189,0.016269713640213013
4,455,6190,0.06014076992869377
4,456,6191,0.10062851011753082
4,457,6192,0.027348415926098824
4,458,6193,0.13133329153060913
4,459,6194,0.027097487822175026
4,460,6195,0.13809767365455627
4,461,6196,0.09629261493682861
4,462,6197,0.0938740074634552
4,463,6198,0.08830588310956955
4,464,6199,0.045843884348869324
4,465,6200,0.07544396072626114
4,466,6201,0.09708987176418304
4,467,6202,0.020268838852643967
4,468,6203,0.08075514435768127
4,469,6204,0.13179372251033783
4,470,6205,0.06617200374603271
4,471,6206,0.054090313613414764
4,472,6207,0.03221207857131958
4,473,6208,0.012854385189712048
4,474,6209,0.04639965668320656
4,475,6210,0.0348408967256546
4,476,6211,0.14918319880962372
4,477,6212,0.07037937641143799
4,478,6213,0.04103131592273712
4,479,6214,0.07017093151807785
4,480,6215,0.06617952883243561
4,481,6216,0.015067520551383495
4,482,6217,0.09160803258419037
4,483,6218,0.027425002306699753
4,484,6219,0.0008911576005630195
4,485,6220,0.20294471085071564
4,486,6221,0.03690148890018463
4,487,6222,0.07187332212924957
4,488,6223,0.08256157487630844
4,489,6224,0.02319178730249405
4,490,6225,0.03988869860768318
4,491,6226,0.06975150853395462
4,492,6227,0.01956889219582081
4,493,6228,0.10932213813066483
4,494,6229,0.04187816381454468
4,495,6230,0.03337344527244568
4,496,6231,0.11477137356996536
4,497,6232,0.01853150688111782
4,498,6233,0.05883292853832245
4,499,6234,0.0026500688400119543
4,500,6235,0.05474758893251419
4,501,6236,0.03360709547996521
4,502,6237,0.01895034685730934
4,503,6238,0.011421749368309975
4,504,6239,0.11996337026357651
4,505,6240,0.05701019987463951
4,506,6241,0.03614962473511696
4,507,6242,0.011240584775805473
4,508,6243,0.01297477725893259
4,509,6244,0.009018243290483952
4,510,6245,0.034454766660928726
4,511,6246,0.03438141942024231
4,512,6247,0.014372596517205238
4,513,6248,0.07494959980249405
4,514,6249,0.060931332409381866
4,515,6250,0.037765294313430786
4,516,6251,0.024688400328159332
4,517,6252,0.02845071442425251
4,518,6253,0.06651677191257477
4,519,6254,0.06554815173149109
4,520,6255,0.09714280068874359
4,521,6256,0.057915762066841125
4,522,6257,1.6323951482772827
4,523,6258,3.412421703338623
4,524,6259,0.812917172908783
4,525,6260,0.9888094663619995
4,526,6261,0.869647741317749
4,527,6262,0.8296604752540588
4,528,6263,0.2993270456790924
4,529,6264,0.37231501936912537
4,530,6265,0.31360378861427307
4,531,6266,0.23838447034358978
4,532,6267,0.4031153917312622
4,533,6268,0.18653924763202667
4,534,6269,0.39376458525657654
4,535,6270,0.4007188677787781
4,536,6271,0.18148654699325562
4,537,6272,0.09627941250801086
4,538,6273,0.3802456259727478
4,539,6274,0.05784071981906891
4,540,6275,0.2817172706127167
4,541,6276,0.028232429176568985
4,542,6277,0.030689215287566185
4,543,6278,0.3087400496006012
4,544,6279,0.11777421087026596
4,545,6280,0.21207718551158905
4,546,6281,0.022620895877480507
4,547,6282,0.19229856133460999
4,548,6283,0.10684281587600708
4,549,6284,0.09645955264568329
4,550,6285,0.1522851437330246
4,551,6286,0.09580165147781372
4,552,6287,0.1783646047115326
4,553,6288,0.08546379208564758
4,554,6289,0.20246393978595734
4,555,6290,0.11092045158147812
4,556,6291,0.21601451933383942
4,557,6292,0.09002804756164551
4,558,6293,0.15729926526546478
4,559,6294,0.1588250994682312
4,560,6295,0.07262494415044785
4,561,6296,0.17424075305461884
4,562,6297,0.13090786337852478
4,563,6298,0.22418178617954254
4,564,6299,0.017211521044373512
4,565,6300,0.17893017828464508
4,566,6301,0.15740153193473816
4,567,6302,0.08358246833086014
4,568,6303,0.10490221530199051
4,569,6304,0.09557787328958511
4,570,6305,0.1651856154203415
4,571,6306,0.12204072624444962
4,572,6307,0.13866190612316132
4,573,6308,0.11792460829019547
4,574,6309,0.11499566584825516
4,575,6310,0.1635461300611496
4,576,6311,0.114866241812706
4,577,6312,0.1533191204071045
4,578,6313,0.15086524188518524
4,579,6314,0.1579471230506897
4,580,6315,0.07595854997634888
4,581,6316,0.13029250502586365
4,582,6317,0.1985713690519333
4,583,6318,0.06249014288187027
4,584,6319,0.12436243891716003
4,585,6320,0.11253217607736588
4,586,6321,0.11513034254312515
4,587,6322,0.10330232232809067
4,588,6323,0.051172174513339996
4,589,6324,0.11053919792175293
4,590,6325,0.09208574146032333
4,591,6326,0.1419307291507721
4,592,6327,0.14910292625427246
4,593,6328,0.20485928654670715
4,594,6329,0.06633059680461884
4,595,6330,0.19467802345752716
4,596,6331,0.03824908286333084
4,597,6332,0.09747664630413055
4,598,6333,0.13263458013534546
4,599,6334,0.11455365270376205
4,600,6335,0.032299287617206573
4,601,6336,0.10415233671665192
4,602,6337,0.12904363870620728
4,603,6338,0.0831308588385582
4,604,6339,0.19751475751399994
4,605,6340,0.08869165927171707
4,606,6341,0.09430157393217087
4,607,6342,0.05972786992788315
4,608,6343,0.0666271299123764
4,609,6344,0.12899649143218994
4,610,6345,0.13807794451713562
4,611,6346,0.1645076721906662
4,612,6347,0.08244641870260239
4,613,6348,0.16941697895526886
4,614,6349,0.1162404716014862
4,615,6350,0.15232156217098236
4,616,6351,0.1514539122581482
4,617,6352,0.1153399720788002
4,618,6353,0.10387388616800308
4,619,6354,0.10108966380357742
4,620,6355,0.010099047794938087
4,621,6356,0.09744825959205627
4,622,6357,0.058912597596645355
4,623,6358,0.04684469848871231
4,624,6359,0.18084076046943665
4,625,6360,0.07834743708372116
4,626,6361,0.15284882485866547
4,627,6362,0.11749478429555893
4,628,6363,0.18829645216464996
4,629,6364,0.09358898550271988
4,630,6365,0.11789872497320175
4,631,6366,0.011992144398391247
4,632,6367,0.07603135704994202
4,633,6368,0.1806151270866394
4,634,6369,0.19251137971878052
4,635,6370,0.03651997819542885
4,636,6371,0.10004059225320816
4,637,6372,0.15107449889183044
4,638,6373,0.05379744991660118
4,639,6374,0.13743644952774048
4,640,6375,0.09888676553964615
4,641,6376,0.049240607768297195
4,642,6377,0.05830587074160576
4,643,6378,0.17560391128063202
4,644,6379,0.06538285315036774
4,645,6380,0.024802254512906075
4,646,6381,0.11068876087665558
4,647,6382,0.125615194439888
4,648,6383,0.15551899373531342
4,649,6384,0.13469937443733215
4,650,6385,0.12819147109985352
4,651,6386,0.09771347045898438
4,652,6387,0.04810352250933647
4,653,6388,0.10205504298210144
4,654,6389,0.06766347587108612
4,655,6390,0.08311571925878525
4,656,6391,0.17195400595664978
4,657,6392,0.1226452961564064
4,658,6393,0.11544152349233627
4,659,6394,0.1051202118396759
4,660,6395,0.09549703449010849
4,661,6396,0.13310031592845917
4,662,6397,0.1339617669582367
4,663,6398,0.011397812515497208
4,664,6399,0.060764264315366745
4,665,6400,0.0541846863925457
4,666,6401,0.16498395800590515
4,667,6402,0.10143376141786575
4,668,6403,0.12946166098117828
4,669,6404,0.14044389128684998
4,670,6405,0.09068040549755096
4,671,6406,0.10443069785833359
4,672,6407,0.014301430433988571
4,673,6408,0.08494211733341217
4,674,6409,0.09049617499113083
4,675,6410,0.06943735480308533
4,676,6411,0.11736263334751129
4,677,6412,0.1535520702600479
4,678,6413,0.09011908620595932
4,679,6414,0.0850033313035965
4,680,6415,0.0940825417637825
4,681,6416,0.05433792620897293
4,682,6417,0.07907846570014954
4,683,6418,0.09818221628665924
4,684,6419,0.07437895238399506
4,685,6420,0.06587431579828262
4,686,6421,0.11517338454723358
4,687,6422,0.19626900553703308
4,688,6423,0.0950661227107048
4,689,6424,0.03154829144477844
4,690,6425,0.06761465221643448
4,691,6426,0.0663728415966034
4,692,6427,0.09281228482723236
4,693,6428,0.1207033321261406
4,694,6429,0.0469876267015934
4,695,6430,0.24711355566978455
4,696,6431,0.0555848628282547
4,697,6432,0.0933995246887207
4,698,6433,0.078843854367733
4,699,6434,0.14291028678417206
4,700,6435,0.056289661675691605
4,701,6436,0.07758191972970963
4,702,6437,0.07129712402820587
4,703,6438,0.11980800330638885
4,704,6439,0.12185762822628021
4,705,6440,0.028347015380859375
4,706,6441,0.07395437359809875
4,707,6442,0.08550923317670822
4,708,6443,0.07902342826128006
4,709,6444,0.08398301899433136
4,710,6445,0.09685537964105606
4,711,6446,0.08849357068538666
4,712,6447,0.09579490125179291
4,713,6448,0.07766488939523697
4,714,6449,0.04406382888555527
4,715,6450,0.07751058787107468
4,716,6451,0.054953787475824356
4,717,6452,0.08762377500534058
4,718,6453,0.04554060474038124
4,719,6454,0.061891503632068634
4,720,6455,0.12035486847162247
4,721,6456,0.04981537163257599
4,722,6457,0.05040208250284195
4,723,6458,0.1001504510641098
4,724,6459,0.09399079531431198
4,725,6460,0.11599257588386536
4,726,6461,0.024896396324038506
4,727,6462,0.10308672487735748
4,728,6463,0.0480344220995903
4,729,6464,0.08997894823551178
4,730,6465,0.062165744602680206
4,731,6466,0.05589990317821503
4,732,6467,0.07888486981391907
4,733,6468,0.04264155775308609
4,734,6469,0.06818706542253494
4,735,6470,0.11124103516340256
4,736,6471,0.12095942348241806
4,737,6472,0.04910409450531006
4,738,6473,0.0513899102807045
4,739,6474,0.061681464314460754
4,740,6475,0.0989883542060852
4,741,6476,0.027610421180725098
4,742,6477,0.11736352741718292
4,743,6478,0.08655072748661041
4,744,6479,0.08403435349464417
4,745,6480,0.046193256974220276
4,746,6481,0.046092867851257324
4,747,6482,0.1564216911792755
4,748,6483,0.0816674530506134
4,749,6484,0.032988954335451126
4,750,6485,0.04765762388706207
4,751,6486,0.04080468416213989
4,752,6487,0.08791600167751312
4,753,6488,0.04395540431141853
4,754,6489,0.06683093309402466
4,755,6490,0.10117712616920471
4,756,6491,0.06760045886039734
4,757,6492,0.04344363883137703
4,758,6493,0.1054476946592331
4,759,6494,0.07720836251974106
4,760,6495,0.07616519927978516
4,761,6496,0.09754640609025955
4,762,6497,0.03832210227847099
4,763,6498,0.06452371925115585
4,764,6499,0.02409721165895462
4,765,6500,0.1273568719625473
4,766,6501,0.14497749507427216
4,767,6502,0.18809686601161957
4,768,6503,0.09915158152580261
4,769,6504,0.0730929970741272
4,770,6505,0.049242909997701645
4,771,6506,0.05460311844944954
4,772,6507,0.03576287999749184
4,773,6508,0.07297523319721222
4,774,6509,0.05767822265625
4,775,6510,0.04088592529296875
4,776,6511,0.13233910501003265
4,777,6512,0.1325933039188385
4,778,6513,0.14429984986782074
4,779,6514,0.07691438496112823
4,780,6515,0.02290523797273636
4,781,6516,0.036761339753866196
4,782,6517,0.03657858818769455
4,783,6518,0.1113927811384201
4,784,6519,0.1523895561695099
4,785,6520,0.037363290786743164
4,786,6521,0.0538000613451004
4,787,6522,0.12297090142965317
4,788,6523,0.06456071883440018
4,789,6524,0.07532097399234772
4,790,6525,0.016776232048869133
4,791,6526,0.1139952689409256
4,792,6527,0.042630016803741455
4,793,6528,0.05670890957117081
4,794,6529,0.10653112828731537
4,795,6530,0.016951916739344597
4,796,6531,0.036684583872556686
4,797,6532,0.057733189314603806
4,798,6533,0.026332776993513107
4,799,6534,0.04746492952108383
4,800,6535,0.05360019952058792
4,801,6536,0.12045937776565552
4,802,6537,0.06395957618951797
4,803,6538,0.04663996770977974
4,804,6539,0.1259952038526535
4,805,6540,0.07736735045909882
4,806,6541,0.0762229934334755
4,807,6542,0.09929721802473068
4,808,6543,0.0400003083050251
4,809,6544,0.038609009236097336
4,810,6545,0.019695157185196877
4,811,6546,0.01953577622771263
4,812,6547,0.02282598614692688
4,813,6548,0.05097775161266327
4,814,6549,0.16589055955410004
4,815,6550,0.001175608136691153
4,816,6551,0.08289306610822678
4,817,6552,0.11508920788764954
4,818,6553,0.012231336906552315
4,819,6554,0.016121508553624153
4,820,6555,0.029175469651818275
4,821,6556,0.03977727144956589
4,822,6557,0.1473667025566101
4,823,6558,0.0443396270275116
4,824,6559,0.16467951238155365
4,825,6560,0.0978512391448021
4,826,6561,0.06744074076414108
4,827,6562,0.09518402069807053
4,828,6563,0.0884692370891571
4,829,6564,0.11268901824951172
4,830,6565,0.06004803255200386
4,831,6566,0.097000852227211
4,832,6567,0.06077146530151367
4,833,6568,0.08417371660470963
4,834,6569,0.10799069702625275
4,835,6570,0.08270000666379929
4,836,6571,0.035650402307510376
4,837,6572,0.07416982203722
4,838,6573,0.09798026084899902
4,839,6574,0.11282212287187576
4,840,6575,0.0429665744304657
4,841,6576,0.04792783036828041
4,842,6577,0.0462186299264431
4,843,6578,0.041000846773386
4,844,6579,0.11567283421754837
4,845,6580,0.08524864166975021
4,846,6581,0.023840324953198433
4,847,6582,0.0847814679145813
4,848,6583,0.010060428641736507
4,849,6584,0.03219742327928543
4,850,6585,0.018305333331227303
4,851,6586,0.15195420384407043
4,852,6587,0.03739196062088013
4,853,6588,0.07323689013719559
4,854,6589,0.01952747069299221
4,855,6590,0.05663251131772995
4,856,6591,0.02563771791756153
4,857,6592,0.11969282478094101
4,858,6593,0.06420926749706268
4,859,6594,0.10797004401683807
4,860,6595,0.11250926554203033
4,861,6596,0.0755821168422699
4,862,6597,0.04569551721215248
4,863,6598,0.052655696868896484
4,864,6599,0.0671076700091362
4,865,6600,0.0769084021449089
4,866,6601,0.03170178458094597
4,867,6602,0.07831171900033951
4,868,6603,0.0791570395231247
4,869,6604,0.04005560278892517
4,870,6605,0.04046926274895668
4,871,6606,0.0866776555776596
4,872,6607,0.11345560848712921
4,873,6608,0.06619567424058914
4,874,6609,0.036285728216171265
4,875,6610,0.05839812010526657
4,876,6611,0.03157692402601242
4,877,6612,0.032526880502700806
4,878,6613,0.05444560945034027
4,879,6614,0.06036107614636421
4,880,6615,0.01781480386853218
4,881,6616,0.07649501413106918
4,882,6617,0.14087635278701782
4,883,6618,0.08083801716566086
4,884,6619,0.06244692951440811
4,885,6620,0.07025403529405594
4,886,6621,0.10415776073932648
4,887,6622,0.15783055126667023
4,888,6623,0.0696130096912384
4,889,6624,0.061183862388134
4,890,6625,0.0351400300860405
4,891,6626,0.04472210258245468
4,892,6627,0.03903526812791824
4,893,6628,0.09597252309322357
4,894,6629,0.0842670127749443
4,895,6630,0.07720518857240677
4,896,6631,0.11235646903514862
4,897,6632,0.104212686419487
4,898,6633,0.11418836563825607
4,899,6634,0.06749901175498962
4,900,6635,0.07580579817295074
4,901,6636,0.12161359190940857
4,902,6637,0.01531885378062725
4,903,6638,0.09426818788051605
4,904,6639,0.1146983653306961
4,905,6640,0.05867130681872368
4,906,6641,0.044409964233636856
4,907,6642,0.1772010326385498
4,908,6643,0.06715002655982971
4,909,6644,0.024700315669178963
4,910,6645,0.027177898213267326
4,911,6646,0.06514759361743927
4,912,6647,0.05267040431499481
4,913,6648,0.04210736230015755
4,914,6649,0.04502725973725319
4,915,6650,0.04826343432068825
4,916,6651,0.05394122377038002
4,917,6652,0.010563228279352188
4,918,6653,0.095457524061203
4,919,6654,0.02726784721016884
4,920,6655,0.012355192564427853
4,921,6656,0.0944507047533989
4,922,6657,0.05595877394080162
4,923,6658,0.029703548178076744
4,924,6659,0.07069319486618042
4,925,6660,0.04046211764216423
4,926,6661,0.0707203596830368
4,927,6662,0.05480821430683136
4,928,6663,0.044377971440553665
4,929,6664,0.08989997953176498
4,930,6665,0.04850039258599281
4,931,6666,0.062934510409832
4,932,6667,0.09079841524362564
4,933,6668,0.12954182922840118
4,934,6669,0.0481727160513401
4,935,6670,0.017842108383774757
4,936,6671,0.08913049101829529
4,937,6672,0.057575076818466187
4,938,6673,0.2292790561914444
4,939,6674,0.14934733510017395
4,940,6675,0.1628330796957016
4,941,6676,0.11982836574316025
4,942,6677,0.006933352444320917
4,943,6678,0.017630891874432564
4,944,6679,0.10593776404857635
4,945,6680,0.03975723311305046
4,946,6681,0.03415320813655853
4,947,6682,0.01008386630564928
4,948,6683,0.04011552408337593
4,949,6684,0.10015165060758591
4,950,6685,0.11789444833993912
4,951,6686,0.060134343802928925
4,952,6687,0.016982726752758026
4,953,6688,0.05473741888999939
4,954,6689,0.11495369672775269
4,955,6690,0.04824160039424896
4,956,6691,0.17100214958190918
4,957,6692,0.009401797316968441
4,958,6693,0.025915229693055153
4,959,6694,0.054223932325839996
4,960,6695,0.16921070218086243
4,961,6696,0.09971128404140472
4,962,6697,0.06001608818769455
4,963,6698,0.13106977939605713
4,964,6699,0.05163998901844025
4,965,6700,0.05576508119702339
4,966,6701,0.08649396151304245
4,967,6702,0.008491842076182365
4,968,6703,0.07383305579423904
4,969,6704,0.14608822762966156
4,970,6705,0.03728526458144188
4,971,6706,0.053507305681705475
4,972,6707,0.026499584317207336
4,973,6708,0.012151358649134636
4,974,6709,0.1030610054731369
4,975,6710,0.034005049616098404
4,976,6711,0.011965878307819366
4,977,6712,0.10969279706478119
4,978,6713,0.04991792514920235
4,979,6714,0.021932242438197136
4,980,6715,0.07421272993087769
4,981,6716,0.04272807016968727
4,982,6717,0.02783079445362091
4,983,6718,0.05941517651081085
4,984,6719,0.06369666755199432
4,985,6720,0.09929702430963516
4,986,6721,0.09718295931816101
4,987,6722,0.023032190278172493
4,988,6723,0.016127198934555054
4,989,6724,0.0846794843673706
4,990,6725,0.0464981347322464
4,991,6726,0.04005095362663269
4,992,6727,0.08481486886739731
4,993,6728,0.05016522482037544
4,994,6729,0.0038745866622775793
4,995,6730,0.012172479182481766
4,996,6731,0.03948501870036125
4,997,6732,0.02444940246641636
4,998,6733,0.06768396496772766
4,999,6734,0.0632338747382164
4,1000,6735,0.056220609694719315
4,1001,6736,0.016407907009124756
4,1002,6737,0.07710860669612885
4,1003,6738,0.1474543809890747
4,1004,6739,0.005001054611057043
4,1005,6740,0.051027532666921616
4,1006,6741,0.053042344748973846
4,1007,6742,0.012377283535897732
4,1008,6743,0.023346394300460815
4,1009,6744,0.022383032366633415
4,1010,6745,0.008338573388755322
4,1011,6746,0.031520914286375046
4,1012,6747,0.04087844863533974
4,1013,6748,0.030298808589577675
4,1014,6749,0.004515399225056171
4,1015,6750,0.1363086849451065
4,1016,6751,0.016585590317845345
4,1017,6752,0.023908665403723717
4,1018,6753,0.006113329902291298
4,1019,6754,0.04849347472190857
4,1020,6755,0.08763883262872696
4,1021,6756,0.06590992212295532
4,1022,6757,0.04570571333169937
4,1023,6758,0.07542647421360016
4,1024,6759,0.039913587272167206
4,1025,6760,0.016388991847634315
4,1026,6761,0.045116402208805084
4,1027,6762,0.0875873938202858
4,1028,6763,0.1585370898246765
4,1029,6764,0.00740033620968461
4,1030,6765,0.03627008572220802
4,1031,6766,0.1886359453201294
4,1032,6767,0.032133784145116806
4,1033,6768,0.11774443835020065
4,1034,6769,0.05194896459579468
4,1035,6770,0.04600615054368973
4,1036,6771,0.0609339103102684
4,1037,6772,0.013984148390591145
4,1038,6773,0.047406233847141266
4,1039,6774,0.01211152970790863
4,1040,6775,0.06226012855768204
4,1041,6776,0.015619136393070221
4,1042,6777,0.08894524723291397
4,1043,6778,0.0933891013264656
4,1044,6779,0.025490419939160347
4,1045,6780,0.004700845573097467
4,1046,6781,0.06391668319702148
4,1047,6782,0.05224553123116493
4,1048,6783,0.06980989873409271
4,1049,6784,0.02879723161458969
4,1050,6785,0.06723631918430328
4,1051,6786,0.18178877234458923
4,1052,6787,0.04721813648939133
4,1053,6788,0.14704948663711548
4,1054,6789,0.03118046000599861
4,1055,6790,0.06875409185886383
4,1056,6791,0.058399613946676254
4,1057,6792,0.15646260976791382
4,1058,6793,0.09556413441896439
4,1059,6794,0.08485286682844162
4,1060,6795,0.033707574009895325
4,1061,6796,0.0285190362483263
4,1062,6797,0.08671252429485321
4,1063,6798,0.022808799520134926
4,1064,6799,0.04578659310936928
4,1065,6800,0.011964669451117516
4,1066,6801,0.15733633935451508
4,1067,6802,0.1100449487566948
4,1068,6803,0.06738360226154327
4,1069,6804,0.11887650936841965
4,1070,6805,0.07552620768547058
4,1071,6806,0.02271316573023796
4,1072,6807,0.08420506119728088
4,1073,6808,0.05376603081822395
4,1074,6809,0.052229639142751694
4,1075,6810,0.0247656162828207
4,1076,6811,0.11528760194778442
4,1077,6812,0.060529109090566635
4,1078,6813,0.03907835856080055
4,1079,6814,0.08028242737054825
4,1080,6815,0.05858364701271057
4,1081,6816,0.02226295880973339
4,1082,6817,0.045755382627248764
4,1083,6818,0.02030886337161064
4,1084,6819,0.026823049411177635
4,1085,6820,0.035822153091430664
4,1086,6821,0.04596817120909691
4,1087,6822,0.08993379026651382
4,1088,6823,0.01863388530910015
4,1089,6824,0.05563078448176384
4,1090,6825,0.06637979298830032
4,1091,6826,0.017303796485066414
4,1092,6827,0.08088847249746323
4,1093,6828,0.06264867633581161
4,1094,6829,0.15092410147190094
4,1095,6830,0.04095572605729103
4,1096,6831,0.0540967732667923
4,1097,6832,0.06157597899436951
4,1098,6833,0.04462500661611557
4,1099,6834,0.046601444482803345
4,1100,6835,0.03550361469388008
4,1101,6836,0.14213471114635468
4,1102,6837,0.05503767728805542
4,1103,6838,0.037560682743787766
4,1104,6839,0.06400105357170105
4,1105,6840,0.17228032648563385
4,1106,6841,0.020129529759287834
4,1107,6842,0.01676119863986969
4,1108,6843,0.07962271571159363
4,1109,6844,0.030000833794474602
4,1110,6845,0.013291319832205772
4,1111,6846,0.050300147384405136
4,1112,6847,0.06728809326887131
4,1113,6848,0.009194002486765385
4,1114,6849,0.026041865348815918
4,1115,6850,0.09330150485038757
4,1116,6851,0.09570768475532532
4,1117,6852,0.02700413018465042
4,1118,6853,0.1466056853532791
4,1119,6854,0.050526488572359085
4,1120,6855,0.0727773979306221
4,1121,6856,0.02379762753844261
4,1122,6857,0.025016948580741882
4,1123,6858,0.0792795792222023
4,1124,6859,0.08279424905776978
4,1125,6860,0.04183892905712128
4,1126,6861,0.0919492244720459
4,1127,6862,0.05773145332932472
4,1128,6863,0.017032742500305176
4,1129,6864,0.11412617564201355
4,1130,6865,0.02838726155459881
4,1131,6866,0.12406201660633087
4,1132,6867,0.011101922951638699
4,1133,6868,0.14823558926582336
4,1134,6869,0.039687853306531906
4,1135,6870,0.0893794521689415
4,1136,6871,0.03311050310730934
4,1137,6872,0.03278990089893341
4,1138,6873,0.03891080245375633
4,1139,6874,0.020881889387965202
4,1140,6875,0.17748577892780304
4,1141,6876,0.06347774714231491
4,1142,6877,0.0778479129076004
4,1143,6878,0.024080824106931686
4,1144,6879,0.08039320260286331
4,1145,6880,0.1523032784461975
4,1146,6881,0.1048739105463028
4,1147,6882,0.06911597400903702
4,1148,6883,0.10246969759464264
4,1149,6884,0.02878658100962639
4,1150,6885,0.05840201675891876
4,1151,6886,0.019836632534861565
4,1152,6887,0.10834948718547821
4,1153,6888,0.011826830916106701
4,1154,6889,0.12952126562595367
4,1155,6890,0.1218051016330719
4,1156,6891,0.09817508608102798
4,1157,6892,0.1073746457695961
4,1158,6893,0.09895366430282593
4,1159,6894,0.04053116589784622
4,1160,6895,0.09052114933729172
4,1161,6896,0.05788438394665718
4,1162,6897,0.07599417120218277
4,1163,6898,0.10040630400180817
4,1164,6899,0.03399527445435524
4,1165,6900,0.04589271545410156
4,1166,6901,0.046775903552770615
4,1167,6902,0.0028835099656134844
4,1168,6903,0.03746775537729263
4,1169,6904,0.06752149015665054
4,1170,6905,0.1256280243396759
4,1171,6906,0.033362094312906265
4,1172,6907,0.026727430522441864
4,1173,6908,0.05207109451293945
4,1174,6909,0.09305822849273682
4,1175,6910,0.05331335589289665
4,1176,6911,0.11536488682031631
4,1177,6912,0.02504567988216877
4,1178,6913,0.07028454542160034
4,1179,6914,0.06965015083551407
4,1180,6915,0.03709926828742027
4,1181,6916,0.028907418251037598
4,1182,6917,0.03703990578651428
4,1183,6918,0.06912031769752502
4,1184,6919,0.03552031144499779
4,1185,6920,0.12163699418306351
4,1186,6921,0.022529978305101395
4,1187,6922,0.12476673722267151
4,1188,6923,0.06865260750055313
4,1189,6924,0.04910409823060036
4,1190,6925,0.03687642514705658
4,1191,6926,0.006522676441818476
4,1192,6927,0.0071190535090863705
4,1193,6928,0.11194120347499847
4,1194,6929,0.08361868560314178
4,1195,6930,0.05587306618690491
4,1196,6931,0.05731462687253952
4,1197,6932,0.04060075432062149
4,1198,6933,0.04332144185900688
4,1199,6934,0.021034086123108864
4,1200,6935,0.12321945279836655
4,1201,6936,0.10483735799789429
4,1202,6937,0.08757501095533371
4,1203,6938,0.024977250024676323
4,1204,6939,0.067510686814785
4,1205,6940,0.02388310246169567
4,1206,6941,0.05720788240432739
4,1207,6942,0.0070155407302081585
4,1208,6943,0.09754818677902222
4,1209,6944,0.05272833630442619
4,1210,6945,0.12172148376703262
4,1211,6946,0.08011126518249512
4,1212,6947,0.1487043797969818
4,1213,6948,0.02927369624376297
4,1214,6949,0.04064764827489853
4,1215,6950,0.05470729246735573
4,1216,6951,0.063033826649189
4,1217,6952,0.02196338400244713
4,1218,6953,0.042299073189496994
4,1219,6954,0.09958364069461823
4,1220,6955,0.16106174886226654
4,1221,6956,0.03520260378718376
4,1222,6957,0.09564128518104553
4,1223,6958,0.01316726766526699
4,1224,6959,0.07380605489015579
4,1225,6960,0.041197292506694794
4,1226,6961,0.04713491350412369
4,1227,6962,0.010839934460818768
4,1228,6963,0.12022783607244492
4,1229,6964,0.12356576323509216
4,1230,6965,0.04144428297877312
4,1231,6966,0.06835029274225235
4,1232,6967,0.015924200415611267
4,1233,6968,0.03652271255850792
4,1234,6969,0.18077994883060455
4,1235,6970,0.0733952596783638
4,1236,6971,0.06880980730056763
4,1237,6972,0.04548955336213112
4,1238,6973,0.035809919238090515
4,1239,6974,0.06327885389328003
4,1240,6975,0.0036757285706698895
4,1241,6976,0.06862232089042664
4,1242,6977,0.011870292015373707
4,1243,6978,0.1097375825047493
4,1244,6979,0.045318860560655594
4,1245,6980,0.04808657616376877
4,1246,6981,0.017609385773539543
4,1247,6982,0.05686884745955467
4,1248,6983,0.08800715208053589
4,1249,6984,0.039706576615571976
4,1250,6985,0.06257512420415878
4,1251,6986,0.06559602171182632
4,1252,6987,0.09294750541448593
4,1253,6988,0.10437598824501038
4,1254,6989,0.023050669580698013
4,1255,6990,0.011592775583267212
4,1256,6991,0.026834124699234962
4,1257,6992,0.11472369730472565
4,1258,6993,0.07303933054208755
4,1259,6994,0.11919286102056503
4,1260,6995,0.09897605329751968
4,1261,6996,0.03394732624292374
4,1262,6997,0.06138249486684799
4,1263,6998,0.06174769252538681
4,1264,6999,0.15067552030086517
4,1265,7000,0.06983553618192673
4,1266,7001,0.052519284188747406
4,1267,7002,0.13762785494327545
4,1268,7003,0.08647802472114563
4,1269,7004,0.07887131720781326
4,1270,7005,0.038644686341285706
4,1271,7006,0.05540744215250015
4,1272,7007,0.02793193608522415
4,1273,7008,0.053290918469429016
4,1274,7009,0.07806279510259628
4,1275,7010,0.04934112727642059
4,1276,7011,0.025610053911805153
4,1277,7012,0.11938963830471039
4,1278,7013,0.06191578134894371
4,1279,7014,0.028421910479664803
4,1280,7015,0.04443502053618431
4,1281,7016,0.10152026265859604
4,1282,7017,0.02679363824427128
4,1283,7018,0.06660261750221252
4,1284,7019,0.012697314843535423
4,1285,7020,0.03352782875299454
4,1286,7021,0.013016699813306332
4,1287,7022,0.11246111243963242
4,1288,7023,0.05869476497173309
4,1289,7024,0.030885159969329834
4,1290,7025,0.0668993666768074
4,1291,7026,0.0433138906955719
4,1292,7027,0.06034931540489197
4,1293,7028,0.04125519469380379
4,1294,7029,0.0192283745855093
4,1295,7030,0.0563407801091671
4,1296,7031,0.09589613974094391
4,1297,7032,0.039358433336019516
4,1298,7033,0.09380616992712021
4,1299,7034,0.06002045050263405
4,1300,7035,0.10580426454544067
4,1301,7036,0.02977822534739971
4,1302,7037,0.07301656156778336
4,1303,7038,0.12264485657215118
4,1304,7039,0.09478873014450073
4,1305,7040,0.013495588675141335
4,1306,7041,0.022701241075992584
4,1307,7042,0.008249480277299881
4,1308,7043,0.04486479610204697
4,1309,7044,0.06412479281425476
4,1310,7045,0.1110733151435852
4,1311,7046,0.10591037571430206
4,1312,7047,0.05554482340812683
4,1313,7048,0.11683008074760437
4,1314,7049,0.09715178608894348
4,1315,7050,0.032252393662929535
4,1316,7051,0.012228249572217464
4,1317,7052,0.04188358411192894
4,1318,7053,0.03801967576146126
4,1319,7054,0.07559570670127869
4,1320,7055,0.05137908458709717
4,1321,7056,0.05041588842868805
4,1322,7057,0.12087774276733398
4,1323,7058,0.02922963909804821
4,1324,7059,0.0754709541797638
4,1325,7060,0.09870908409357071
4,1326,7061,0.07718437165021896
4,1327,7062,0.02880685031414032
4,1328,7063,0.08179555088281631
4,1329,7064,0.11569353938102722
4,1330,7065,0.07736240327358246
4,1331,7066,0.08377208560705185
4,1332,7067,0.03502120450139046
4,1333,7068,0.06978879123926163
4,1334,7069,0.021991517394781113
4,1335,7070,0.06581825762987137
4,1336,7071,0.1490633338689804
4,1337,7072,0.032337117940187454
4,1338,7073,0.017242178320884705
4,1339,7074,0.0840194970369339
4,1340,7075,0.059245429933071136
4,1341,7076,0.07657812535762787
4,1342,7077,0.06967415660619736
4,1343,7078,0.1277010142803192
4,1344,7079,0.015286574140191078
4,1345,7080,0.06755165010690689
4,1346,7081,0.11298280209302902
4,1347,7082,0.007323949132114649
4,1348,7083,0.035158492624759674
4,1349,7084,0.06528197973966599
4,1350,7085,0.08737724274396896
4,1351,7086,0.045902788639068604
4,1352,7087,0.05726597458124161
4,1353,7088,0.05417444556951523
4,1354,7089,0.05342834070324898
4,1355,7090,0.09227804839611053
4,1356,7091,0.09221531450748444
4,1357,7092,0.04497871547937393
4,1358,7093,0.018329882994294167
4,1359,7094,0.0957619771361351
4,1360,7095,0.08073373138904572
4,1361,7096,0.03163217753171921
4,1362,7097,0.036417216062545776
4,1363,7098,0.002644959604367614
4,1364,7099,0.036362797021865845
4,1365,7100,0.055835139006376266
4,1366,7101,0.04585207626223564
4,1367,7102,0.04397311434149742
4,1368,7103,0.020786002278327942
4,1369,7104,0.04333808273077011
4,1370,7105,0.015723364427685738
4,1371,7106,0.023711495101451874
4,1372,7107,0.09941636770963669
4,1373,7108,0.06304961442947388
4,1374,7109,0.049671221524477005
4,1375,7110,0.013839298859238625
4,1376,7111,0.04841798171401024
4,1377,7112,0.06008933112025261
4,1378,7113,0.05035564303398132
4,1379,7114,0.09511277824640274
4,1380,7115,0.011288715526461601
4,1381,7116,0.007485517766326666
4,1382,7117,0.02917398326098919
4,1383,7118,0.07780997455120087
4,1384,7119,0.05024535953998566
4,1385,7120,0.008306813426315784
4,1386,7121,0.050521932542324066
4,1387,7122,0.038370199501514435
4,1388,7123,0.019445130601525307
4,1389,7124,0.0357188880443573
4,1390,7125,0.08332032710313797
4,1391,7126,0.019435320049524307
4,1392,7127,0.0884956642985344
4,1393,7128,0.062417469918727875
4,1394,7129,0.07800169289112091
4,1395,7130,0.06759081035852432
4,1396,7131,0.045541487634181976
4,1397,7132,0.05973421037197113
4,1398,7133,0.09769413620233536
4,1399,7134,0.05970786139369011
4,1400,7135,0.04646400362253189
4,1401,7136,0.17044971883296967
4,1402,7137,0.07711569219827652
4,1403,7138,0.019525449723005295
4,1404,7139,0.03409542888402939
4,1405,7140,0.08231869339942932
4,1406,7141,0.0065991878509521484
4,1407,7142,0.030651254579424858
4,1408,7143,0.11698735505342484
4,1409,7144,0.042248960584402084
4,1410,7145,0.027893254533410072
4,1411,7146,0.012203587219119072
4,1412,7147,0.07855473458766937
4,1413,7148,0.04209532588720322
4,1414,7149,0.05421219766139984
4,1415,7150,0.045643992722034454
4,1416,7151,0.10688493400812149
4,1417,7152,0.03388424590229988
4,1418,7153,0.014486987143754959
4,1419,7154,0.06781607121229172
4,1420,7155,0.03782361000776291
4,1421,7156,0.04296452924609184
4,1422,7157,0.051575012505054474
4,1423,7158,0.03063487634062767
4,1424,7159,0.016130302101373672
4,1425,7160,0.03823229670524597
4,1426,7161,0.03002912737429142
4,1427,7162,0.0922970250248909
4,1428,7163,0.01436801627278328
4,1429,7164,0.015446245670318604
4,1430,7165,0.05927349627017975
4,1431,7166,0.08619619160890579
4,1432,7167,0.03448329120874405
4,1433,7168,0.043507058173418045
4,1434,7169,0.08311723917722702
5,1,7170,0.09461692720651627
5,2,7171,0.0381787046790123
5,3,7172,0.07990728318691254
5,4,7173,0.009374292567372322
5,5,7174,0.013856018893420696
5,6,7175,0.008463813923299313
5,7,7176,0.07182741910219193
5,8,7177,0.05446235090494156
5,9,7178,0.07573185116052628
5,10,7179,0.08133282512426376
5,11,7180,0.003536973148584366
5,12,7181,0.03753801807761192
5,13,7182,0.15384826064109802
5,14,7183,0.038187459111213684
5,15,7184,0.05725180357694626
5,16,7185,0.024188410490751266
5,17,7186,0.058642588555812836
5,18,7187,0.011821706779301167
5,19,7188,0.03371131047606468
5,20,7189,0.15697278082370758
5,21,7190,0.03969217464327812
5,22,7191,0.045918017625808716
5,23,7192,0.0524558387696743
5,24,7193,0.0208491962403059
5,25,7194,0.0953793004155159
5,26,7195,0.07741628587245941
5,27,7196,0.08380354195833206
5,28,7197,0.08922379463911057
5,29,7198,0.02548084780573845
5,30,7199,0.05285340175032616
5,31,7200,0.03626049682497978
5,32,7201,0.081622414290905
5,33,7202,0.04348202794790268
5,34,7203,0.12884992361068726
5,35,7204,0.017387257888913155
5,36,7205,0.028532320633530617
5,37,7206,0.03598181530833244
5,38,7207,0.0737319216132164
5,39,7208,0.002282636472955346
5,40,7209,0.1378931701183319
5,41,7210,0.1389356553554535
5,42,7211,0.038569796830415726
5,43,7212,0.08121031522750854
5,44,7213,0.055951040238142014
5,45,7214,0.02062864415347576
5,46,7215,0.051158320158720016
5,47,7216,0.06244819611310959
5,48,7217,0.023770179599523544
5,49,7218,0.04597519338130951
5,50,7219,0.004993080161511898
5,51,7220,0.0562765896320343
5,52,7221,0.05648143216967583
5,53,7222,0.06097136437892914
5,54,7223,0.02150588668882847
5,55,7224,0.029856977984309196
5,56,7225,0.019039662554860115
5,57,7226,0.04585160315036774
5,58,7227,0.04164666309952736
5,59,7228,0.03897778317332268
5,60,7229,0.11785156279802322
5,61,7230,0.004355326760560274
5,62,7231,0.14130733907222748
5,63,7232,0.08031104505062103
5,64,7233,0.007744533009827137
5,65,7234,0.032771289348602295
5,66,7235,0.04437799006700516
5,67,7236,0.016725176945328712
5,68,7237,0.06793912500143051
5,69,7238,0.01728927530348301
5,70,7239,0.03433283790946007
5,71,7240,0.01565101556479931
5,72,7241,0.025591284036636353
5,73,7242,0.057816002517938614
5,74,7243,0.039275672286748886
5,75,7244,0.047183819115161896
5,76,7245,0.007475408725440502
5,77,7246,0.05819130316376686
5,78,7247,0.07387499511241913
5,79,7248,0.09420827031135559
5,80,7249,0.05726197734475136
5,81,7250,0.02574744261801243
5,82,7251,0.11364500224590302
5,83,7252,0.03616761788725853
5,84,7253,0.026732835918664932
5,85,7254,0.029613396152853966
5,86,7255,0.007991105318069458
5,87,7256,0.09573090076446533
5,88,7257,0.04479873925447464
5,89,7258,0.08474654704332352
5,90,7259,0.02543959580361843
5,91,7260,0.027362970635294914
5,92,7261,0.06702596694231033
5,93,7262,0.08974804729223251
5,94,7263,0.04844344034790993
5,95,7264,0.03934777155518532
5,96,7265,0.05646192282438278
5,97,7266,0.014071826823055744
5,98,7267,0.03657282888889313
5,99,7268,0.029117563739418983
5,100,7269,0.042496439069509506
5,101,7270,0.08730538934469223
5,102,7271,0.07397588342428207
5,103,7272,0.07948696613311768
5,104,7273,0.03362226113677025
5,105,7274,0.009438724257051945
5,106,7275,0.035528190433979034
5,107,7276,0.08603713661432266
5,108,7277,0.006203746888786554
5,109,7278,0.027195654809474945
5,110,7279,0.07170131057500839
5,111,7280,0.02547878585755825
5,112,7281,0.0325164832174778
5,113,7282,0.07331167161464691
5,114,7283,0.08214525878429413
5,115,7284,0.01062849536538124
5,116,7285,0.00873568095266819
5,117,7286,0.05921873450279236
5,118,7287,0.14524847269058228
5,119,7288,0.07438159734010696
5,120,7289,0.018613971769809723
5,121,7290,0.05569259449839592
5,122,7291,0.02818257361650467
5,123,7292,0.031754020601511
5,124,7293,0.05408479645848274
5,125,7294,0.1091289073228836
5,126,7295,0.09463930875062943
5,127,7296,0.039925772696733475
5,128,7297,0.05700616165995598
5,129,7298,0.036540862172842026
5,130,7299,0.07092052698135376
5,131,7300,0.0032717781141400337
5,132,7301,0.03001776710152626
5,133,7302,0.060779571533203125
5,134,7303,0.05312066525220871
5,135,7304,0.05753428116440773
5,136,7305,0.014081621542572975
5,137,7306,0.06710143387317657
5,138,7307,0.010978388600051403
5,139,7308,0.061578165739774704
5,140,7309,0.04151792824268341
5,141,7310,0.06261908262968063
5,142,7311,0.1051364466547966
5,143,7312,0.05796319246292114
5,144,7313,0.14403091371059418
5,145,7314,0.08608563989400864
5,146,7315,0.02092408761382103
5,147,7316,0.03153225779533386
5,148,7317,0.018983783200383186
5,149,7318,0.07173171639442444
5,150,7319,0.07409339398145676
5,151,7320,0.1353157013654709
5,152,7321,0.1140226274728775
5,153,7322,0.007848229259252548
5,154,7323,0.01991538144648075
5,155,7324,0.004206915386021137
5,156,7325,0.044043686240911484
5,157,7326,0.10457966476678848
5,158,7327,0.0380774587392807
5,159,7328,0.01615709811449051
5,160,7329,0.0678931325674057
5,161,7330,0.13920769095420837
5,162,7331,0.05699193477630615
5,163,7332,0.03544559329748154
5,164,7333,0.025705015286803246
5,165,7334,0.017465708777308464
5,166,7335,0.026297692209482193
5,167,7336,0.03518655523657799
5,168,7337,0.06305304169654846
5,169,7338,0.07741064578294754
5,170,7339,0.07909761369228363
5,171,7340,0.05226978659629822
5,172,7341,0.010206162929534912
5,173,7342,0.05167108774185181
5,174,7343,0.10856632888317108
5,175,7344,0.022754374891519547
5,176,7345,0.02764795534312725
5,177,7346,0.04712332412600517
5,178,7347,0.031896091997623444
5,179,7348,0.0714266449213028
5,180,7349,0.027370408177375793
5,181,7350,0.024406591430306435
5,182,7351,0.11653704941272736
5,183,7352,0.020959530025720596
5,184,7353,0.007250126451253891
5,185,7354,0.022920116782188416
5,186,7355,0.055831633508205414
5,187,7356,0.0409591980278492
5,188,7357,0.05112256109714508
5,189,7358,0.02042805589735508
5,190,7359,0.08798012882471085
5,191,7360,0.0212528295814991
5,192,7361,0.0783664733171463
5,193,7362,0.031815845519304276
5,194,7363,0.01876286417245865
5,195,7364,0.045990101993083954
5,196,7365,0.07853594422340393
5,197,7366,0.04804117605090141
5,198,7367,0.0973639041185379
5,199,7368,0.04063576087355614
5,200,7369,0.06317824870347977
5,201,7370,0.11810015887022018
5,202,7371,0.080558180809021
5,203,7372,0.15878619253635406
5,204,7373,0.07003632932901382
5,205,7374,0.03836923837661743
5,206,7375,0.08693522214889526
5,207,7376,0.009194712154567242
5,208,7377,0.07724733650684357
5,209,7378,0.04044518247246742
5,210,7379,0.0266921017318964
5,211,7380,0.02619970589876175
5,212,7381,0.021236063912510872
5,213,7382,0.03370903432369232
5,214,7383,0.03134286031126976
5,215,7384,0.10467690229415894
5,216,7385,0.04064910486340523
5,217,7386,0.12836013734340668
5,218,7387,0.13530024886131287
5,219,7388,0.007816823199391365
5,220,7389,0.10727342218160629
5,221,7390,0.11409586668014526
5,222,7391,0.020006513223052025
5,223,7392,0.05079304054379463
5,224,7393,0.03625909239053726
5,225,7394,0.013729727827012539
5,226,7395,0.03748030215501785
5,227,7396,0.027330799028277397
5,228,7397,0.1043013259768486
5,229,7398,0.018603399395942688
5,230,7399,0.056122150272130966
5,231,7400,0.014835061505436897
5,232,7401,0.027233432978391647
5,233,7402,0.09757102280855179
5,234,7403,0.14684230089187622
5,235,7404,0.036746203899383545
5,236,7405,0.008229070343077183
5,237,7406,0.004594678524881601
5,238,7407,0.13603141903877258
5,239,7408,0.06310568004846573
5,240,7409,0.04986727610230446
5,241,7410,0.014413307420909405
5,242,7411,0.09478700160980225
5,243,7412,0.04449469968676567
5,244,7413,0.035657938569784164
5,245,7414,0.09878402948379517
5,246,7415,0.03277955204248428
5,247,7416,0.030433230102062225
5,248,7417,0.058269768953323364
5,249,7418,0.05331319943070412
5,250,7419,0.07391958683729172
5,251,7420,0.023345936089754105
5,252,7421,0.013240340165793896
5,253,7422,0.07520102709531784
5,254,7423,0.07729173451662064
5,255,7424,0.010039309971034527
5,256,7425,0.05875878408551216
5,257,7426,0.09549248218536377
5,258,7427,0.036035116761922836
5,259,7428,0.03315037861466408
5,260,7429,0.06971391290426254
5,261,7430,0.05901519954204559
5,262,7431,0.07741985470056534
5,263,7432,0.05397649481892586
5,264,7433,0.08252262324094772
5,265,7434,0.03278043121099472
5,266,7435,0.04124951362609863
5,267,7436,0.053030867129564285
5,268,7437,0.01209643017500639
5,269,7438,0.04449410364031792
5,270,7439,0.036843299865722656
5,271,7440,0.17952090501785278
5,272,7441,0.06544721871614456
5,273,7442,0.09942003339529037
5,274,7443,0.0610356405377388
5,275,7444,0.07071109861135483
5,276,7445,0.0439261868596077
5,277,7446,0.010594475083053112
5,278,7447,0.021125616505742073
5,279,7448,0.0325925275683403
5,280,7449,0.019453784450888634
5,281,7450,0.052649300545454025
5,282,7451,0.06258303672075272
5,283,7452,0.06407799571752548
5,284,7453,0.027445651590824127
5,285,7454,0.03355880081653595
5,286,7455,0.003994221333414316
5,287,7456,0.07858802378177643
5,288,7457,0.01213806215673685
5,289,7458,0.05449289083480835
5,290,7459,0.020594997331500053
5,291,7460,0.05015663057565689
5,292,7461,0.05621882155537605
5,293,7462,0.04432348161935806
5,294,7463,0.07953532785177231
5,295,7464,0.07809919863939285
5,296,7465,0.13246633112430573
5,297,7466,0.0513681061565876
5,298,7467,0.09069477766752243
5,299,7468,0.054771214723587036
5,300,7469,0.1391529142856598
5,301,7470,0.05349499359726906
5,302,7471,0.03947843238711357
5,303,7472,0.03271426633000374
5,304,7473,0.06705310195684433
5,305,7474,0.07208258658647537
5,306,7475,0.006861763074994087
5,307,7476,0.08188331872224808
5,308,7477,0.07112730294466019
5,309,7478,0.05838737264275551
5,310,7479,0.05661226809024811
5,311,7480,0.023072008043527603
5,312,7481,0.0031506011728197336
5,313,7482,0.03676817938685417
5,314,7483,0.09222763031721115
5,315,7484,0.014169648289680481
5,316,7485,0.05387139320373535
5,317,7486,0.02943522296845913
5,318,7487,0.14159250259399414
5,319,7488,0.025065241381525993
5,320,7489,0.0374474972486496
5,321,7490,0.03206992149353027
5,322,7491,0.09877098351716995
5,323,7492,0.031908225268125534
5,324,7493,0.03342382609844208
5,325,7494,0.005404635798186064
5,326,7495,0.10839978605508804
5,327,7496,0.022070975974202156
5,328,7497,0.0697319358587265
5,329,7498,0.015003208070993423
5,330,7499,0.02496250532567501
5,331,7500,0.029534190893173218
5,332,7501,0.008260427042841911
5,333,7502,0.04570825770497322
5,334,7503,0.10194472223520279
5,335,7504,0.011871647089719772
5,336,7505,0.08218343555927277
5,337,7506,0.0860411748290062
5,338,7507,0.05984604358673096
5,339,7508,0.03150905668735504
5,340,7509,0.07231695204973221
5,341,7510,0.05108772963285446
5,342,7511,0.019318923354148865
5,343,7512,0.023808293044567108
5,344,7513,0.025891099125146866
5,345,7514,0.01877676509320736
5,346,7515,0.016637908294796944
5,347,7516,0.013717030175030231
5,348,7517,0.09250203520059586
5,349,7518,0.008356843143701553
5,350,7519,0.010841479524970055
5,351,7520,0.011714750900864601
5,352,7521,0.02288830652832985
5,353,7522,0.029763836413621902
5,354,7523,0.12937016785144806
5,355,7524,0.03888947144150734
5,356,7525,0.014421531930565834
5,357,7526,0.14761419594287872
5,358,7527,0.014707322232425213
5,359,7528,0.022815434262156487
5,360,7529,0.04356321319937706
5,361,7530,0.05436712130904198
5,362,7531,0.130854070186615
5,363,7532,0.024053122848272324
5,364,7533,0.009407770819962025
5,365,7534,0.020871562883257866
5,366,7535,0.07021034508943558
5,367,7536,0.09868473559617996
5,368,7537,0.06573806703090668
5,369,7538,0.1143728569149971
5,370,7539,0.017111310735344887
5,371,7540,0.10511817783117294
5,372,7541,0.019506869837641716
5,373,7542,0.04766055569052696
5,374,7543,0.07585503160953522
5,375,7544,0.05494511500000954
5,376,7545,0.05015094578266144
5,377,7546,0.07275357097387314
5,378,7547,0.006300115957856178
5,379,7548,0.009969356469810009
5,380,7549,0.015757881104946136
5,381,7550,0.11844424903392792
5,382,7551,0.08000563830137253
5,383,7552,0.06673737615346909
5,384,7553,0.08560524135828018
5,385,7554,0.01920667476952076
5,386,7555,0.030680833384394646
5,387,7556,0.007854048162698746
5,388,7557,0.0482272170484066
5,389,7558,0.034847091883420944
5,390,7559,0.05274239182472229
5,391,7560,0.02283269725739956
5,392,7561,0.036407697945833206
5,393,7562,0.035973235964775085
5,394,7563,0.10333289951086044
5,395,7564,0.06597235798835754
5,396,7565,0.04120407998561859
5,397,7566,0.03034156933426857
5,398,7567,0.008830061182379723
5,399,7568,0.05876642465591431
5,400,7569,0.04015376791357994
5,401,7570,0.012216240167617798
5,402,7571,0.1330353021621704
5,403,7572,0.05191002041101456
5,404,7573,0.045502591878175735
5,405,7574,0.13712435960769653
5,406,7575,0.04312438145279884
5,407,7576,0.015757422894239426
5,408,7577,0.014941737987101078
5,409,7578,0.031162237748503685
5,410,7579,0.02462351880967617
5,411,7580,0.03566122055053711
5,412,7581,0.05178358033299446
5,413,7582,0.09552372992038727
5,414,7583,0.05290288105607033
5,415,7584,0.033954866230487823
5,416,7585,0.03469221666455269
5,417,7586,0.1075301393866539
5,418,7587,0.03926077485084534
5,419,7588,0.08391517400741577
5,420,7589,0.011789445765316486
5,421,7590,0.02922966331243515
5,422,7591,0.06001659110188484
5,423,7592,0.1449345052242279
5,424,7593,0.012816504575312138
5,425,7594,0.06269370019435883
5,426,7595,0.04694712162017822
5,427,7596,0.03733472526073456
5,428,7597,0.15693239867687225
5,429,7598,0.006811679806560278
5,430,7599,0.002289127092808485
5,431,7600,0.01402202621102333
5,432,7601,0.03310810774564743
5,433,7602,0.04506545886397362
5,434,7603,0.08013860136270523
5,435,7604,0.15484318137168884
5,436,7605,0.1251872479915619
5,437,7606,0.1026681661605835
5,438,7607,0.07863495498895645
5,439,7608,0.05531688407063484
5,440,7609,0.059221480041742325
5,441,7610,0.06360933929681778
5,442,7611,0.037956543266773224
5,443,7612,0.07858093827962875
5,444,7613,0.031082741916179657
5,445,7614,0.08808604627847672
5,446,7615,0.05227358266711235
5,447,7616,0.055053044110536575
5,448,7617,0.047894492745399475
5,449,7618,0.05636050924658775
5,450,7619,0.037792883813381195
5,451,7620,0.022176677361130714
5,452,7621,0.07879187911748886
5,453,7622,0.027276627719402313
5,454,7623,0.03424566611647606
5,455,7624,0.04520680382847786
5,456,7625,0.044025301933288574
5,457,7626,0.02235446870326996
5,458,7627,0.04930960014462471
5,459,7628,0.0038670231588184834
5,460,7629,0.008202629163861275
5,461,7630,0.08774222433567047
5,462,7631,0.024551499634981155
5,463,7632,0.056776318699121475
5,464,7633,0.025550195947289467
5,465,7634,0.07265231013298035
5,466,7635,0.02919776551425457
5,467,7636,0.1055775135755539
5,468,7637,0.035502489656209946
5,469,7638,0.06455186754465103
5,470,7639,0.010698346421122551
5,471,7640,0.006905608344823122
5,472,7641,0.04348830506205559
5,473,7642,0.029886120930314064
5,474,7643,0.1185801774263382
5,475,7644,0.02875613234937191
5,476,7645,0.012998857535421848
5,477,7646,0.07069771736860275
5,478,7647,0.037109509110450745
5,479,7648,0.0645337700843811
5,480,7649,0.03450509160757065
5,481,7650,0.023797696456313133
5,482,7651,0.05878658965229988
5,483,7652,0.003340973751619458
5,484,7653,0.0979153960943222
5,485,7654,0.01815129816532135
5,486,7655,0.0997123122215271
5,487,7656,0.11846093088388443
5,488,7657,0.08949684351682663
5,489,7658,0.0436367504298687
5,490,7659,0.08151661604642868
5,491,7660,0.06734727323055267
5,492,7661,0.05684252828359604
5,493,7662,0.021717863157391548
5,494,7663,0.029202429577708244
5,495,7664,0.0482800118625164
5,496,7665,0.008761217817664146
5,497,7666,0.1419573575258255
5,498,7667,0.07311591506004333
5,499,7668,0.00479202950373292
5,500,7669,0.029930023476481438
5,501,7670,0.15241648256778717
5,502,7671,0.01502947136759758
5,503,7672,0.03282273933291435
5,504,7673,0.052803002297878265
5,505,7674,0.04705561697483063
5,506,7675,0.022409917786717415
5,507,7676,0.05111226439476013
5,508,7677,0.022212913259863853
5,509,7678,0.026110203936696053
5,510,7679,0.08540669083595276
5,511,7680,0.09898146241903305
5,512,7681,0.08166041225194931
5,513,7682,0.04467276856303215
5,514,7683,0.059087954461574554
5,515,7684,0.044960010796785355
5,516,7685,0.04648495092988014
5,517,7686,0.007191127631813288
5,518,7687,0.039446745067834854
5,519,7688,0.19322803616523743
5,520,7689,0.025311505421996117
5,521,7690,0.07297366112470627
5,522,7691,0.07015829533338547
5,523,7692,0.035288237035274506
5,524,7693,0.072870634496212
5,525,7694,0.03582359105348587
5,526,7695,0.052113763988018036
5,527,7696,0.09109212458133698
5,528,7697,0.016611669212579727
5,529,7698,0.029551208019256592
5,530,7699,0.02595776692032814
5,531,7700,0.03274776041507721
5,532,7701,0.00927495863288641
5,533,7702,0.11655723303556442
5,534,7703,0.06392388790845871
5,535,7704,0.04049164801836014
5,536,7705,0.03228944540023804
5,537,7706,0.0031813348177820444
5,538,7707,0.017241550609469414
5,539,7708,0.1138196587562561
5,540,7709,0.25373575091362
5,541,7710,0.045257363468408585
5,542,7711,0.05401260778307915
5,543,7712,0.042899664491415024
5,544,7713,0.039662398397922516
5,545,7714,0.0999005138874054
5,546,7715,0.07025294750928879
5,547,7716,0.050389450043439865
5,548,7717,0.021883368492126465
5,549,7718,0.08898022770881653
5,550,7719,0.03542681783437729
5,551,7720,0.014306146651506424
5,552,7721,0.0449504628777504
5,553,7722,0.1156645268201828
5,554,7723,0.11487634479999542
5,555,7724,0.07395840436220169
5,556,7725,0.004327514208853245
5,557,7726,0.010574596002697945
5,558,7727,0.058568958193063736
5,559,7728,0.018743621185421944
5,560,7729,0.12947867810726166
5,561,7730,0.06007783114910126
5,562,7731,0.0557241216301918
5,563,7732,0.030084773898124695
5,564,7733,0.032026950269937515
5,565,7734,0.1388901323080063
5,566,7735,0.11370459944009781
5,567,7736,0.03826134651899338
5,568,7737,0.023082338273525238
5,569,7738,0.03417276218533516
5,570,7739,0.033265676349401474
5,571,7740,0.01622074283659458
5,572,7741,0.033855337649583817
5,573,7742,0.12413541227579117
5,574,7743,0.014997250400483608
5,575,7744,0.07559121400117874
5,576,7745,0.020709244534373283
5,577,7746,0.05293174088001251
5,578,7747,0.06737333536148071
5,579,7748,0.04645541310310364
5,580,7749,0.03250253200531006
5,581,7750,0.05826868861913681
5,582,7751,0.11069091409444809
5,583,7752,0.0420687198638916
5,584,7753,0.08498398214578629
5,585,7754,0.019250525161623955
5,586,7755,0.02836092747747898
5,587,7756,0.031820256263017654
5,588,7757,0.023741424083709717
5,589,7758,0.03403028845787048
5,590,7759,0.022755783051252365
5,591,7760,0.0657421201467514
5,592,7761,0.012684312649071217
5,593,7762,0.041014403104782104
5,594,7763,0.036808937788009644
5,595,7764,0.07426594942808151
5,596,7765,0.03009006567299366
5,597,7766,0.01446874625980854
5,598,7767,0.09873926639556885
5,599,7768,0.039172347635030746
5,600,7769,0.033703990280628204
5,601,7770,0.07934461534023285
5,602,7771,0.055395372211933136
5,603,7772,0.010090447962284088
5,604,7773,0.07247550785541534
5,605,7774,0.010430493392050266
5,606,7775,0.06041405722498894
5,607,7776,0.032924406230449677
5,608,7777,0.033769309520721436
5,609,7778,0.017720889300107956
5,610,7779,0.03063625656068325
5,611,7780,0.044052962213754654
5,612,7781,0.04178944230079651
5,613,7782,0.02999735251069069
5,614,7783,0.036165643483400345
5,615,7784,0.054295286536216736
5,616,7785,0.03190592676401138
5,617,7786,0.09335002303123474
5,618,7787,0.04873780533671379
5,619,7788,0.05738840997219086
5,620,7789,0.037072714418172836
5,621,7790,0.021189481019973755
5,622,7791,0.02261311188340187
5,623,7792,0.0819009393453598
5,624,7793,0.0511632040143013
5,625,7794,0.03675965964794159
5,626,7795,0.023304037749767303
5,627,7796,0.05684051662683487
5,628,7797,0.07428920269012451
5,629,7798,0.026350516825914383
5,630,7799,0.009184225462377071
5,631,7800,0.055978626012802124
5,632,7801,0.04381236061453819
5,633,7802,0.008485374040901661
5,634,7803,0.020001152530312538
5,635,7804,0.11922399699687958
5,636,7805,0.05367432162165642
5,637,7806,0.05983762443065643
5,638,7807,0.03179958835244179
5,639,7808,0.09377069771289825
5,640,7809,0.05424327403306961
5,641,7810,0.023858603090047836
5,642,7811,0.030507108196616173
5,643,7812,0.04499708488583565
5,644,7813,0.03751251846551895
5,645,7814,0.024683140218257904
5,646,7815,0.011379475705325603
5,647,7816,0.07359074801206589
5,648,7817,0.06178911402821541
5,649,7818,0.038609828799963
5,650,7819,0.023240424692630768
5,651,7820,0.07224856317043304
5,652,7821,0.0736347883939743
5,653,7822,0.032501861453056335
5,654,7823,0.03368840739130974
5,655,7824,0.012895633466541767
5,656,7825,0.06505122035741806
5,657,7826,0.11742853373289108
5,658,7827,0.016201205551624298
5,659,7828,0.0498928427696228
5,660,7829,0.0676046758890152
5,661,7830,0.052259646356105804
5,662,7831,0.03613332659006119
5,663,7832,0.09271015971899033
5,664,7833,0.04264812171459198
5,665,7834,0.03684627264738083
5,666,7835,0.023158125579357147
5,667,7836,0.04455594718456268
5,668,7837,0.060795098543167114
5,669,7838,0.18171583116054535
5,670,7839,0.05756622925400734
5,671,7840,0.03743385523557663
5,672,7841,0.05138144642114639
5,673,7842,0.15738870203495026
5,674,7843,0.03377573564648628
5,675,7844,0.037357330322265625
5,676,7845,0.06475898623466492
5,677,7846,0.021596066653728485
5,678,7847,0.007471524178981781
5,679,7848,0.06184251233935356
5,680,7849,0.0817168802022934
5,681,7850,0.02116421051323414
5,682,7851,0.13693246245384216
5,683,7852,0.15083692967891693
5,684,7853,0.047061849385499954
5,685,7854,0.0670846626162529
5,686,7855,0.118744395673275
5,687,7856,0.03613658621907234
5,688,7857,0.06955809146165848
5,689,7858,0.0540754534304142
5,690,7859,0.02237340621650219
5,691,7860,0.10017532855272293
5,692,7861,0.05630173906683922
5,693,7862,0.037926264107227325
5,694,7863,0.12979784607887268
5,695,7864,0.049206919968128204
5,696,7865,0.0832430049777031
5,697,7866,0.018078451976180077
5,698,7867,0.006022706627845764
5,699,7868,0.01590794138610363
5,700,7869,0.2119457721710205
5,701,7870,0.026429535821080208
5,702,7871,0.02933107502758503
5,703,7872,0.04786721244454384
5,704,7873,0.15083099901676178
5,705,7874,0.05870121717453003
5,706,7875,0.051185742020606995
5,707,7876,0.11460655182600021
5,708,7877,0.02136101946234703
5,709,7878,0.027294211089611053
5,710,7879,0.056436341255903244
5,711,7880,0.027174880728125572
5,712,7881,0.0240706168115139
5,713,7882,0.19907662272453308
5,714,7883,0.0400761179625988
5,715,7884,0.02991766482591629
5,716,7885,0.08603179454803467
5,717,7886,0.06286093592643738
5,718,7887,0.026923850178718567
5,719,7888,0.02056790515780449
5,720,7889,0.03688308969140053
5,721,7890,0.08636301755905151
5,722,7891,0.06069929152727127
5,723,7892,0.04866628348827362
5,724,7893,0.11910142004489899
5,725,7894,0.06352447718381882
5,726,7895,0.057285845279693604
5,727,7896,0.01826079562306404
5,728,7897,0.03713001310825348
5,729,7898,0.009859922342002392
5,730,7899,0.06961124390363693
5,731,7900,0.023455476388335228
5,732,7901,0.06767746061086655
5,733,7902,0.057371001690626144
5,734,7903,0.04250984266400337
5,735,7904,0.08810535073280334
5,736,7905,0.0773380771279335
5,737,7906,0.006851292680948973
5,738,7907,0.040201663970947266
5,739,7908,0.06353043019771576
5,740,7909,0.04501471668481827
5,741,7910,0.037607040256261826
5,742,7911,0.031200941652059555
5,743,7912,0.020361993461847305
5,744,7913,0.12202131003141403
5,745,7914,0.037056826055049896
5,746,7915,0.05446846783161163
5,747,7916,0.057672880589962006
5,748,7917,0.03617990389466286
5,749,7918,0.051128316670656204
5,750,7919,0.06832686811685562
5,751,7920,0.09347088634967804
5,752,7921,0.10340932756662369
5,753,7922,0.003133484860882163
5,754,7923,0.005303397309035063
5,755,7924,0.05284940451383591
5,756,7925,0.03919568285346031
5,757,7926,0.11871660500764847
5,758,7927,0.0814576968550682
5,759,7928,0.05957149714231491
5,760,7929,0.021549835801124573
5,761,7930,0.05924205482006073
5,762,7931,0.005074420012533665
5,763,7932,0.01635940745472908
5,764,7933,0.026820311322808266
5,765,7934,0.03359649330377579
5,766,7935,0.042277656495571136
5,767,7936,0.027056701481342316
5,768,7937,0.021072909235954285
5,769,7938,0.017232798039913177
5,770,7939,0.044086579233407974
5,771,7940,0.04262179508805275
5,772,7941,0.06963632255792618
5,773,7942,0.038670673966407776
5,774,7943,0.01261280570179224
5,775,7944,0.02295934222638607
5,776,7945,0.05402763560414314
5,777,7946,0.03133585304021835
5,778,7947,0.007061981130391359
5,779,7948,0.02969730831682682
5,780,7949,0.039852503687143326
5,781,7950,0.008088242262601852
5,782,7951,0.0095683503895998
5,783,7952,0.14538709819316864
5,784,7953,0.03034081868827343
5,785,7954,0.05896788462996483
5,786,7955,0.04202690348029137
5,787,7956,0.07429128140211105
5,788,7957,0.10467067360877991
5,789,7958,0.0022861778270453215
5,790,7959,0.10812993347644806
5,791,7960,0.03765306621789932
5,792,7961,0.026573671028017998
5,793,7962,0.04339538887143135
5,794,7963,0.04385734722018242
5,795,7964,0.0032469001598656178
5,796,7965,0.04678165912628174
5,797,7966,0.022161388769745827
5,798,7967,0.087786465883255
5,799,7968,0.05960109084844589
5,800,7969,0.030675513669848442
5,801,7970,0.005226325709372759
5,802,7971,0.03372980281710625
5,803,7972,0.1594879925251007
5,804,7973,0.02442355267703533
5,805,7974,0.04487740993499756
5,806,7975,0.022889629006385803
5,807,7976,0.07523753494024277
5,808,7977,0.013262062333524227
5,809,7978,0.05721955746412277
5,810,7979,0.026792634278535843
5,811,7980,0.06304748356342316
5,812,7981,0.04055234417319298
5,813,7982,0.035026002675294876
5,814,7983,0.02405748888850212
5,815,7984,0.13198408484458923
5,816,7985,0.03440725430846214
5,817,7986,0.05019683763384819
5,818,7987,0.012161989696323872
5,819,7988,0.008874674327671528
5,820,7989,0.02212623879313469
5,821,7990,0.011127673089504242
5,822,7991,0.0035103478003293276
5,823,7992,0.027549339458346367
5,824,7993,0.053721554577350616
5,825,7994,0.022852806374430656
5,826,7995,0.04834254831075668
5,827,7996,0.013985047116875648
5,828,7997,0.05742544308304787
5,829,7998,0.026265377178788185
5,830,7999,0.004930420313030481
5,831,8000,0.018810220062732697
5,832,8001,0.04553820565342903
5,833,8002,0.01386740431189537
5,834,8003,0.14932143688201904
5,835,8004,0.0162969958037138
5,836,8005,0.01559685543179512
5,837,8006,0.053741324692964554
5,838,8007,0.004735763184726238
5,839,8008,0.0655900239944458
5,840,8009,0.015305324457585812
5,841,8010,0.07052457332611084
5,842,8011,0.025524334982037544
5,843,8012,0.00694848271086812
5,844,8013,0.027067705988883972
5,845,8014,0.015029010362923145
5,846,8015,0.014323031529784203
5,847,8016,0.040006645023822784
5,848,8017,0.0016267559258267283
5,849,8018,0.04039839655160904
5,850,8019,0.045132141560316086
5,851,8020,0.011921199038624763
5,852,8021,0.020665278658270836
5,853,8022,0.04260031878948212
5,854,8023,0.068205326795578
5,855,8024,0.07148934155702591
5,856,8025,0.04027975723147392
5,857,8026,0.04394543915987015
5,858,8027,0.007665819488465786
5,859,8028,0.09350376576185226
5,860,8029,0.08001801371574402
5,861,8030,0.017214477062225342
5,862,8031,0.007203435059636831
5,863,8032,0.02518300525844097
5,864,8033,0.0479956716299057
5,865,8034,0.03645319864153862
5,866,8035,0.017775338143110275
5,867,8036,0.0809890627861023
5,868,8037,0.015606062486767769
5,869,8038,0.06208179146051407
5,870,8039,0.013190194964408875
5,871,8040,0.052684929221868515
5,872,8041,0.07951312512159348
5,873,8042,0.06219321861863136
5,874,8043,0.00846577063202858
5,875,8044,0.011639312840998173
5,876,8045,0.06954649090766907
5,877,8046,0.011983533389866352
5,878,8047,0.020504510030150414
5,879,8048,0.07031919062137604
5,880,8049,0.07671552151441574
5,881,8050,0.018065761774778366
5,882,8051,0.00897512212395668
5,883,8052,0.01931808888912201
5,884,8053,0.07710276544094086
5,885,8054,0.004165756981819868
5,886,8055,0.033399052917957306
5,887,8056,0.024974331259727478
5,888,8057,0.022394102066755295
5,889,8058,0.004400266800075769
5,890,8059,0.015252429060637951
5,891,8060,0.04444633796811104
5,892,8061,0.01816660910844803
5,893,8062,0.15485024452209473
5,894,8063,0.017296388745307922
5,895,8064,0.125986710190773
5,896,8065,0.026533419266343117
5,897,8066,0.010083060711622238
5,898,8067,0.09866665303707123
5,899,8068,0.011641986668109894
5,900,8069,0.035954780876636505
5,901,8070,0.02225232683122158
5,902,8071,0.11400944739580154
5,903,8072,0.040826085954904556
5,904,8073,0.09647893160581589
5,905,8074,0.03922058269381523
5,906,8075,0.09273625165224075
5,907,8076,0.02922966331243515
5,908,8077,0.017310839146375656
5,909,8078,0.011275572702288628
5,910,8079,0.015981653705239296
5,911,8080,0.011221173219382763
5,912,8081,0.04772964492440224
5,913,8082,0.04314260184764862
5,914,8083,0.04019446671009064
5,915,8084,0.006659179460257292
5,916,8085,0.059150341898202896
5,917,8086,0.15759000182151794
5,918,8087,0.003665356198325753
5,919,8088,0.0423332154750824
5,920,8089,0.04773378372192383
5,921,8090,0.047551777213811874
5,922,8091,0.01008879579603672
5,923,8092,0.05535927787423134
5,924,8093,0.025803912431001663
5,925,8094,0.04765501618385315
5,926,8095,0.044013649225234985
5,927,8096,0.019305264577269554
5,928,8097,0.006237726658582687
5,929,8098,0.08148487657308578
5,930,8099,0.03223927691578865
5,931,8100,0.07501091063022614
5,932,8101,0.04686993733048439
5,933,8102,0.023127371445298195
5,934,8103,0.10240354388952255
5,935,8104,0.05329633876681328
5,936,8105,0.032321181148290634
5,937,8106,0.023900268599390984
5,938,8107,0.05173022300004959
5,939,8108,0.013166622258722782
5,940,8109,0.09607594460248947
5,941,8110,0.060607779771089554
5,942,8111,0.012551591731607914
5,943,8112,0.04577691853046417
5,944,8113,0.04074406251311302
5,945,8114,0.020715920254588127
5,946,8115,0.10515438765287399
5,947,8116,0.013991720043122768
5,948,8117,0.026889530941843987
5,949,8118,0.010140172205865383
5,950,8119,0.04790597781538963
5,951,8120,0.026675527915358543
5,952,8121,0.017014916986227036
5,953,8122,0.027986425906419754
5,954,8123,0.03949682042002678
5,955,8124,0.04127250239253044
5,956,8125,0.01695878989994526
5,957,8126,0.006865485571324825
5,958,8127,0.09988491982221603
5,959,8128,0.009300298057496548
5,960,8129,0.05821200832724571
5,961,8130,0.00914624985307455
5,962,8131,0.07297556102275848
5,963,8132,0.005785387009382248
5,964,8133,0.015304562635719776
5,965,8134,0.022550562396645546
5,966,8135,0.027109935879707336
5,967,8136,0.08754739910364151
5,968,8137,0.13159406185150146
5,969,8138,0.018648454919457436
5,970,8139,0.017524253576993942
5,971,8140,0.045153167098760605
5,972,8141,0.03331588953733444
5,973,8142,0.01553365308791399
5,974,8143,0.058279041200876236
5,975,8144,0.02889923006296158
5,976,8145,0.016759002581238747
5,977,8146,0.10210432857275009
5,978,8147,0.030079815536737442
5,979,8148,0.031378377228975296
5,980,8149,0.026397768408060074
5,981,8150,0.0020372411236166954
5,982,8151,0.009575722739100456
5,983,8152,0.0034634373150765896
5,984,8153,0.003677929751574993
5,985,8154,0.057482823729515076
5,986,8155,0.08033959567546844
5,987,8156,0.04976726323366165
5,988,8157,0.010741285979747772
5,989,8158,0.028592754155397415
5,990,8159,0.06305897235870361
5,991,8160,0.03689813241362572
5,992,8161,0.05056663230061531
5,993,8162,0.05644770339131355
5,994,8163,0.031319547444581985
5,995,8164,0.018198365345597267
5,996,8165,0.04711799696087837
5,997,8166,0.03947243466973305
5,998,8167,0.005684882868081331
5,999,8168,0.007753056939691305
5,1000,8169,0.03271935135126114
5,1001,8170,0.02811857871711254
5,1002,8171,0.11291952431201935
5,1003,8172,0.08602210134267807
5,1004,8173,0.048900604248046875
5,1005,8174,0.004890496376901865
5,1006,8175,0.0982593521475792
5,1007,8176,0.049531131982803345
5,1008,8177,0.03016766719520092
5,1009,8178,0.052879467606544495
5,1010,8179,0.0190250463783741
5,1011,8180,0.0033301273360848427
5,1012,8181,0.0030864698346704245
5,1013,8182,0.05168887600302696
5,1014,8183,0.012371578253805637
5,1015,8184,0.030108191072940826
5,1016,8185,0.13121356070041656
5,1017,8186,0.027466168627142906
5,1018,8187,0.09348788112401962
5,1019,8188,0.010460777208209038
5,1020,8189,0.04899551346898079
5,1021,8190,0.010162984021008015
5,1022,8191,0.027607522904872894
5,1023,8192,0.03856102004647255
5,1024,8193,0.028706202283501625
5,1025,8194,0.0687485933303833
5,1026,8195,0.0697919949889183
5,1027,8196,0.08205596357584
5,1028,8197,0.028996048495173454
5,1029,8198,0.0740872174501419
5,1030,8199,0.04451962187886238
5,1031,8200,0.013321902602910995
5,1032,8201,0.09981541335582733
5,1033,8202,0.1479492485523224
5,1034,8203,0.026489727199077606
5,1035,8204,0.05016661062836647
5,1036,8205,0.06749892979860306
5,1037,8206,0.027562273666262627
5,1038,8207,0.05754721164703369
5,1039,8208,0.06758960336446762
5,1040,8209,0.08047277480363846
5,1041,8210,0.10944408178329468
5,1042,8211,0.05379113182425499
5,1043,8212,0.021501604467630386
5,1044,8213,0.07298178970813751
5,1045,8214,0.017028305679559708
5,1046,8215,0.017694147303700447
5,1047,8216,0.03685309365391731
5,1048,8217,0.03015623427927494
5,1049,8218,0.07428165525197983
5,1050,8219,0.09189987182617188
5,1051,8220,0.04741799831390381
5,1052,8221,0.06273463368415833
5,1053,8222,0.013931778259575367
5,1054,8223,0.014136304147541523
5,1055,8224,0.013002760708332062
5,1056,8225,0.07941876351833344
5,1057,8226,0.050113704055547714
5,1058,8227,0.028579935431480408
5,1059,8228,0.013603860512375832
5,1060,8229,0.049456413835287094
5,1061,8230,0.06647409498691559
5,1062,8231,0.040895264595746994
5,1063,8232,0.01328825019299984
5,1064,8233,0.02360614389181137
5,1065,8234,0.05165853351354599
5,1066,8235,0.044346362352371216
5,1067,8236,0.04034401476383209
5,1068,8237,0.1176358014345169
5,1069,8238,0.16653409600257874
5,1070,8239,0.12714548408985138
5,1071,8240,0.0027584717608988285
5,1072,8241,0.030106356367468834
5,1073,8242,0.05989592894911766
5,1074,8243,0.09485603123903275
5,1075,8244,0.011787336319684982
5,1076,8245,0.041353121399879456
5,1077,8246,0.007365457247942686
5,1078,8247,0.07124438136816025
5,1079,8248,0.024491306394338608
5,1080,8249,0.013821727596223354
5,1081,8250,0.08581457287073135
5,1082,8251,0.04958796128630638
5,1083,8252,0.09233524650335312
5,1084,8253,0.062093235552310944
5,1085,8254,0.038596395403146744
5,1086,8255,0.1427428275346756
5,1087,8256,0.024619674310088158
5,1088,8257,0.04183422774076462
5,1089,8258,0.011939913965761662
5,1090,8259,0.14727014303207397
5,1091,8260,0.11810333281755447
5,1092,8261,0.023029863834381104
5,1093,8262,0.03803584724664688
5,1094,8263,0.018633658066391945
5,1095,8264,0.01794290728867054
5,1096,8265,0.08145537972450256
5,1097,8266,0.03894280642271042
5,1098,8267,0.07650186121463776
5,1099,8268,0.015048070810735226
5,1100,8269,0.019962068647146225
5,1101,8270,0.0364893414080143
5,1102,8271,0.05890348553657532
5,1103,8272,0.013392969965934753
5,1104,8273,0.019128821790218353
5,1105,8274,0.00840066559612751
5,1106,8275,0.004346148576587439
5,1107,8276,0.036365628242492676
5,1108,8277,0.040202461183071136
5,1109,8278,0.0032870396971702576
5,1110,8279,0.03981834650039673
5,1111,8280,0.0036205837968736887
5,1112,8281,0.04827191308140755
5,1113,8282,0.06692781299352646
5,1114,8283,0.005327173974364996
5,1115,8284,0.17825186252593994
5,1116,8285,0.058782074600458145
5,1117,8286,0.01620122417807579
5,1118,8287,0.024340307340025902
5,1119,8288,0.0422295518219471
5,1120,8289,0.009225592948496342
5,1121,8290,0.13532748818397522
5,1122,8291,0.02311617136001587
5,1123,8292,0.023934107273817062
5,1124,8293,0.18758229911327362
5,1125,8294,0.05936887115240097
5,1126,8295,0.00673472648486495
5,1127,8296,0.01273497287184
5,1128,8297,0.03701368719339371
5,1129,8298,0.046075329184532166
5,1130,8299,0.024324387311935425
5,1131,8300,0.011684516444802284
5,1132,8301,0.06502455472946167
5,1133,8302,0.10566262900829315
5,1134,8303,0.0925990641117096
5,1135,8304,0.047406237572431564
5,1136,8305,0.03486122936010361
5,1137,8306,0.05868728831410408
5,1138,8307,0.026887740939855576
5,1139,8308,0.01630217954516411
5,1140,8309,0.03142490237951279
5,1141,8310,0.021813740953803062
5,1142,8311,0.05575812608003616
5,1143,8312,0.06726137548685074
5,1144,8313,0.04758705571293831
5,1145,8314,0.010307409800589085
5,1146,8315,0.006191988009959459
5,1147,8316,0.020570868626236916
5,1148,8317,0.007688105572015047
5,1149,8318,0.07039286941289902
5,1150,8319,0.010948590002954006
5,1151,8320,0.035400763154029846
5,1152,8321,0.04877227917313576
5,1153,8322,0.04997999593615532
5,1154,8323,0.0374554805457592
5,1155,8324,0.06116537004709244
5,1156,8325,0.018568500876426697
5,1157,8326,0.04813022166490555
5,1158,8327,0.05995778739452362
5,1159,8328,0.034160077571868896
5,1160,8329,0.04043343663215637
5,1161,8330,0.004065776709467173
5,1162,8331,0.02870635688304901
5,1163,8332,0.04785497114062309
5,1164,8333,0.01981491968035698
5,1165,8334,0.05099814757704735
5,1166,8335,0.04197590798139572
5,1167,8336,0.02712412364780903
5,1168,8337,0.08233959227800369
5,1169,8338,0.018232082948088646
5,1170,8339,0.008424016647040844
5,1171,8340,0.015303300693631172
5,1172,8341,0.07037284970283508
5,1173,8342,0.07039573788642883
5,1174,8343,0.05917010083794594
5,1175,8344,0.08660813421010971
5,1176,8345,0.05258796736598015
5,1177,8346,0.02911205030977726
5,1178,8347,0.16349488496780396
5,1179,8348,0.0044216010719537735
5,1180,8349,0.02408464439213276
5,1181,8350,0.02072376385331154
5,1182,8351,0.0827687531709671
5,1183,8352,0.015245635993778706
5,1184,8353,0.017328308895230293
5,1185,8354,0.025647621601819992
5,1186,8355,0.013306324370205402
5,1187,8356,0.01588374748826027
5,1188,8357,0.11225195974111557
5,1189,8358,0.09529677778482437
5,1190,8359,0.0007658127578906715
5,1191,8360,0.012701603583991528
5,1192,8361,0.01586276851594448
5,1193,8362,0.014401490800082684
5,1194,8363,0.0201201643794775
5,1195,8364,0.03330804407596588
5,1196,8365,0.03320261090993881
5,1197,8366,0.018685288727283478
5,1198,8367,0.03888101130723953
5,1199,8368,0.09590525180101395
5,1200,8369,0.19599708914756775
5,1201,8370,0.02824976108968258
5,1202,8371,0.04571813344955444
5,1203,8372,0.10818265378475189
5,1204,8373,0.09835685044527054
5,1205,8374,0.007132439874112606
5,1206,8375,0.037361204624176025
5,1207,8376,0.002060561440885067
5,1208,8377,0.03370247036218643
5,1209,8378,0.027812734246253967
5,1210,8379,0.033180318772792816
5,1211,8380,0.060967765748500824
5,1212,8381,0.010839423164725304
5,1213,8382,0.028504464775323868
5,1214,8383,0.011694062501192093
5,1215,8384,0.04325687140226364
5,1216,8385,0.02231292985379696
5,1217,8386,0.054198697209358215
5,1218,8387,0.008877440355718136
5,1219,8388,0.018011434003710747
5,1220,8389,0.01780935563147068
5,1221,8390,0.03374852240085602
5,1222,8391,0.06064717844128609
5,1223,8392,0.01126121822744608
5,1224,8393,0.0368381030857563
5,1225,8394,0.047989826649427414
5,1226,8395,0.0021257875487208366
5,1227,8396,0.0061555602587759495
5,1228,8397,0.007216885685920715
5,1229,8398,0.018720215186476707
5,1230,8399,0.047213539481163025
5,1231,8400,0.03375374898314476
5,1232,8401,0.010336915962398052
5,1233,8402,0.013806828297674656
5,1234,8403,0.0013938951306045055
5,1235,8404,0.0464712455868721
5,1236,8405,0.01647319085896015
5,1237,8406,0.0985720083117485
5,1238,8407,0.026471085846424103
5,1239,8408,0.021045299246907234
5,1240,8409,0.0026916484348475933
5,1241,8410,0.025134555995464325
5,1242,8411,0.006839173845946789
5,1243,8412,0.013561902567744255
5,1244,8413,0.13003993034362793
5,1245,8414,0.007949615828692913
5,1246,8415,0.021575963124632835
5,1247,8416,0.012313560582697392
5,1248,8417,0.0139856468886137
5,1249,8418,0.1807056963443756
5,1250,8419,0.05070497840642929
5,1251,8420,0.007442552596330643
5,1252,8421,0.06488730013370514
5,1253,8422,0.04972437769174576
5,1254,8423,0.025935158133506775
5,1255,8424,0.02323438599705696
5,1256,8425,0.03230249509215355
5,1257,8426,0.04949284717440605
5,1258,8427,0.06602589040994644
5,1259,8428,0.023686306551098824
5,1260,8429,0.001888735219836235
5,1261,8430,0.008315118961036205
5,1262,8431,0.023099297657608986
5,1263,8432,0.10174108296632767
5,1264,8433,0.049313515424728394
5,1265,8434,0.0021107334177941084
5,1266,8435,0.07185874879360199
5,1267,8436,0.016178656369447708
5,1268,8437,0.05714843049645424
5,1269,8438,0.010893916711211205
5,1270,8439,0.02858542464673519
5,1271,8440,0.02787204645574093
5,1272,8441,0.041192710399627686
5,1273,8442,0.06456374377012253
5,1274,8443,0.04759465530514717
5,1275,8444,0.016988269984722137
5,1276,8445,0.08899178355932236
5,1277,8446,0.0023316352162510157
5,1278,8447,0.1283857822418213
5,1279,8448,0.057401929050683975
5,1280,8449,0.04178769513964653
5,1281,8450,0.004400089383125305
5,1282,8451,0.008102615363895893
5,1283,8452,0.008157257921993732
5,1284,8453,0.05115773156285286
5,1285,8454,0.018665563315153122
5,1286,8455,0.02843828685581684
5,1287,8456,0.047778818756341934
5,1288,8457,0.025312455371022224
5,1289,8458,0.10720407217741013
5,1290,8459,0.04629077762365341
5,1291,8460,0.010838890448212624
5,1292,8461,0.028701845556497574
5,1293,8462,0.023116586729884148
5,1294,8463,0.038902007043361664
5,1295,8464,0.05679231509566307
5,1296,8465,0.030192697420716286
5,1297,8466,0.11994804441928864
5,1298,8467,0.015729451552033424
5,1299,8468,0.011261842213571072
5,1300,8469,0.05437338352203369
5,1301,8470,0.10594409704208374
5,1302,8471,0.010595791041851044
5,1303,8472,0.09879277646541595
5,1304,8473,0.07968585193157196
5,1305,8474,0.07617435604333878
5,1306,8475,0.01787574589252472
5,1307,8476,0.011294799856841564
5,1308,8477,0.031994763761758804
5,1309,8478,0.030608508735895157
5,1310,8479,0.03450779616832733
5,1311,8480,0.027341792359948158
5,1312,8481,0.011062347330152988
5,1313,8482,0.016605442389845848
5,1314,8483,0.0468704029917717
5,1315,8484,0.018694831058382988
5,1316,8485,0.0298078004270792
5,1317,8486,0.008828897960484028
5,1318,8487,0.07884673029184341
5,1319,8488,0.00513110077008605
5,1320,8489,0.005841293837875128
5,1321,8490,0.0297431368380785
5,1322,8491,0.08922995626926422
5,1323,8492,0.028718749061226845
5,1324,8493,0.05289604887366295
5,1325,8494,0.026223085820674896
5,1326,8495,0.02182842791080475
5,1327,8496,0.05726729705929756
5,1328,8497,0.022967373952269554
5,1329,8498,0.017442207783460617
5,1330,8499,0.051087819039821625
5,1331,8500,0.10645534843206406
5,1332,8501,0.006355696357786655
5,1333,8502,0.0674000233411789
5,1334,8503,0.06564445793628693
5,1335,8504,0.037602879106998444
5,1336,8505,0.04434173181653023
5,1337,8506,0.03385500982403755
5,1338,8507,0.028675448149442673
5,1339,8508,0.018844662234187126
5,1340,8509,0.001536277704872191
5,1341,8510,0.013869930990040302
5,1342,8511,0.049644794315099716
5,1343,8512,0.05730540677905083
5,1344,8513,0.07034078985452652
5,1345,8514,0.042670294642448425
5,1346,8515,0.07882575690746307
5,1347,8516,0.04680030420422554
5,1348,8517,0.022965610027313232
5,1349,8518,0.016630686819553375
5,1350,8519,0.011159476824104786
5,1351,8520,0.0641336515545845
5,1352,8521,0.05997510999441147
5,1353,8522,0.031150640919804573
5,1354,8523,0.01909053698182106
5,1355,8524,0.009339636191725731
5,1356,8525,0.10281822830438614
5,1357,8526,0.08300109207630157
5,1358,8527,0.07706613093614578
5,1359,8528,0.07085559517145157
5,1360,8529,0.029213037341833115
5,1361,8530,0.0798679068684578
5,1362,8531,0.0013441253686323762
5,1363,8532,0.017334667965769768
5,1364,8533,0.0760297104716301
5,1365,8534,0.03761313110589981
5,1366,8535,0.13391771912574768
5,1367,8536,0.036172352731227875
5,1368,8537,0.034015409648418427
5,1369,8538,0.09274657070636749
5,1370,8539,0.026334187015891075
5,1371,8540,0.0222474317997694
5,1372,8541,0.008510847575962543
5,1373,8542,0.03382933884859085
5,1374,8543,0.05932968854904175
5,1375,8544,0.04063846170902252
5,1376,8545,0.012682871893048286
5,1377,8546,0.11867358535528183
5,1378,8547,0.01162686012685299
5,1379,8548,0.018116548657417297
5,1380,8549,0.0028251060284674168
5,1381,8550,0.01417027972638607
5,1382,8551,0.04901868477463722
5,1383,8552,0.053156498819589615
5,1384,8553,0.01879061944782734
5,1385,8554,0.08924788981676102
5,1386,8555,0.02987847663462162
5,1387,8556,0.07491379231214523
5,1388,8557,0.035045333206653595
5,1389,8558,0.13229647278785706
5,1390,8559,0.014806557446718216
5,1391,8560,0.024255160242319107
5,1392,8561,0.025621525943279266
5,1393,8562,0.09151435643434525
5,1394,8563,0.029746850952506065
5,1395,8564,0.011146889999508858
5,1396,8565,0.015597852878272533
5,1397,8566,0.05281669646501541
5,1398,8567,0.10717263072729111
5,1399,8568,0.0037038729060441256
5,1400,8569,0.05551717430353165
5,1401,8570,0.005380474962294102
5,1402,8571,0.014826010912656784
5,1403,8572,0.19320189952850342
5,1404,8573,0.056146711111068726
5,1405,8574,0.07316188514232635
5,1406,8575,0.03316366299986839
5,1407,8576,0.04138714447617531
5,1408,8577,0.06396941840648651
5,1409,8578,0.07894477993249893
5,1410,8579,0.022684330120682716
5,1411,8580,0.09240732342004776
5,1412,8581,0.052685219794511795
5,1413,8582,0.06097330525517464
5,1414,8583,0.03881795331835747
5,1415,8584,0.05208626016974449
5,1416,8585,0.020867396146059036
5,1417,8586,0.11428031325340271
5,1418,8587,0.09929215908050537
5,1419,8588,0.07393033057451248
5,1420,8589,0.03174961730837822
5,1421,8590,0.05441584438085556
5,1422,8591,0.007993933744728565
5,1423,8592,0.03354937583208084
5,1424,8593,0.19083884358406067
5,1425,8594,0.138082355260849
5,1426,8595,0.023225892335176468
5,1427,8596,0.06266449391841888
5,1428,8597,0.03467694669961929
5,1429,8598,0.026707123965024948
5,1430,8599,0.0642516016960144
5,1431,8600,0.08289340883493423
5,1432,8601,0.04546479880809784
5,1433,8602,0.035396214574575424
5,1434,8603,0.03398376330733299
6,1,8604,0.007502981461584568
6,2,8605,0.013481894508004189
6,3,8606,0.01660459116101265
6,4,8607,0.03924994543194771
6,5,8608,0.059042684733867645
6,6,8609,0.06049102544784546
6,7,8610,0.06325143575668335
6,8,8611,0.04333501681685448
6,9,8612,0.06301503628492355
6,10,8613,0.019596252590417862
6,11,8614,0.06362161785364151
6,12,8615,0.028631165623664856
6,13,8616,0.047329798340797424
6,14,8617,0.034211158752441406
6,15,8618,0.027239685878157616
6,16,8619,0.02388194017112255
6,17,8620,0.03696879744529724
6,18,8621,0.002087548840790987
6,19,8622,0.038102637976408005
6,20,8623,0.07217542827129364
6,21,8624,0.005352632142603397
6,22,8625,0.07202579826116562
6,23,8626,0.012572316452860832
6,24,8627,0.02429627627134323
6,25,8628,0.003929093945771456
6,26,8629,0.06593897938728333
6,27,8630,0.08792746067047119
6,28,8631,0.09333965927362442
6,29,8632,0.044506121426820755
6,30,8633,0.038070064038038254
6,31,8634,0.03230913728475571
6,32,8635,0.007342285010963678
6,33,8636,0.017651738598942757
6,34,8637,0.01495558861643076
6,35,8638,0.030124466866254807
6,36,8639,0.04349760338664055
6,37,8640,0.05956875905394554
6,38,8641,0.10844438523054123
6,39,8642,0.035760581493377686
6,40,8643,0.0027403763961046934
6,41,8644,0.0061342730186879635
6,42,8645,0.04393168166279793
6,43,8646,0.009545083157718182
6,44,8647,0.019355352967977524
6,45,8648,0.030334047973155975
6,46,8649,0.0447130911052227
6,47,8650,0.04961741343140602
6,48,8651,0.073958620429039
6,49,8652,0.0601813942193985
6,50,8653,0.005021809134632349
6,51,8654,0.02067737467586994
6,52,8655,0.04064881429076195
6,53,8656,0.01328545343130827
6,54,8657,0.10308424383401871
6,55,8658,0.05898565053939819
6,56,8659,0.01098161656409502
6,57,8660,0.06791769713163376
6,58,8661,0.01749010570347309
6,59,8662,0.016304228454828262
6,60,8663,0.023799218237400055
6,61,8664,0.04118059575557709
6,62,8665,0.011014190502464771
6,63,8666,0.03724796697497368
6,64,8667,0.029212549328804016
6,65,8668,0.02534601464867592
6,66,8669,0.006852706428617239
6,67,8670,0.13938510417938232
6,68,8671,0.024574633687734604
6,69,8672,0.04331247881054878
6,70,8673,0.05935683473944664
6,71,8674,0.07975573092699051
6,72,8675,0.01412876509130001
6,73,8676,0.0072234803810715675
6,74,8677,0.034037232398986816
6,75,8678,0.02828633226454258
6,76,8679,0.00998202059417963
6,77,8680,0.009295612573623657
6,78,8681,0.025141360238194466
6,79,8682,0.03915979713201523
6,80,8683,0.07508637756109238
6,81,8684,0.010337571613490582
6,82,8685,0.04946717247366905
6,83,8686,0.06615743786096573
6,84,8687,0.030103126540780067
6,85,8688,0.08810169249773026
6,86,8689,0.0550813302397728
6,87,8690,0.09227202832698822
6,88,8691,0.022716326639056206
6,89,8692,0.020129157230257988
6,90,8693,0.014260740019381046
6,91,8694,0.016136974096298218
6,92,8695,0.03919603303074837
6,93,8696,0.033291254192590714
6,94,8697,0.010456412099301815
6,95,8698,0.0013212411431595683
6,96,8699,0.008495776914060116
6,97,8700,0.008204794488847256
6,98,8701,0.04520939663052559
6,99,8702,0.025560250505805016
6,100,8703,0.005295829847455025
6,101,8704,0.03277576342225075
6,102,8705,0.0044797686859965324
6,103,8706,0.10974878072738647
6,104,8707,0.00572028337046504
6,105,8708,0.10164083540439606
6,106,8709,0.04669610410928726
6,107,8710,0.03908120095729828
6,108,8711,0.08460104465484619
6,109,8712,0.04290280118584633
6,110,8713,0.04063855856657028
6,111,8714,0.045838069170713425
6,112,8715,0.043931011110544205
6,113,8716,0.0030841019470244646
6,114,8717,0.021034078672528267
6,115,8718,0.014480876736342907
6,116,8719,0.007111099548637867
6,117,8720,0.038516707718372345
6,118,8721,0.030882641673088074
6,119,8722,0.09074020385742188
6,120,8723,0.04892655089497566
6,121,8724,0.027133570984005928
6,122,8725,0.07397814840078354
6,123,8726,0.016283812001347542
6,124,8727,0.027213366702198982
6,125,8728,0.051161028444767
6,126,8729,0.06801469624042511
6,127,8730,0.02086784318089485
6,128,8731,0.031752582639455795
6,129,8732,0.04453492909669876
6,130,8733,0.024558084085583687
6,131,8734,0.04213862493634224
6,132,8735,0.05018497630953789
6,133,8736,0.11688488721847534
6,134,8737,0.09192386269569397
6,135,8738,0.027666689828038216
6,136,8739,0.028262585401535034
6,137,8740,0.06818236410617828
6,138,8741,0.01637439616024494
6,139,8742,0.07007391005754471
6,140,8743,0.022138122469186783
6,141,8744,0.008672174997627735
6,142,8745,0.05265850946307182
6,143,8746,0.019700758159160614
6,144,8747,0.06968735158443451
6,145,8748,0.00454117963090539
6,146,8749,0.011382528580725193
6,147,8750,0.0815410390496254
6,148,8751,0.006835511885583401
6,149,8752,0.01777634769678116
6,150,8753,0.06004974618554115
6,151,8754,0.0325012169778347
6,152,8755,0.012673419900238514
6,153,8756,0.15203379094600677
6,154,8757,0.01922490820288658
6,155,8758,0.025971250608563423
6,156,8759,0.07513285428285599
6,157,8760,0.03106750175356865
6,158,8761,0.021191004663705826
6,159,8762,0.07668141275644302
6,160,8763,0.014157747849822044
6,161,8764,0.03461780026555061
6,162,8765,0.05631504952907562
6,163,8766,0.0935603454709053
6,164,8767,0.04215780273079872
6,165,8768,0.10655616223812103
6,166,8769,0.010778346098959446
6,167,8770,0.00833879690617323
6,168,8771,0.024532876908779144
6,169,8772,0.044567786157131195
6,170,8773,0.012332409620285034
6,171,8774,0.042893532663583755
6,172,8775,0.036160800606012344
6,173,8776,0.056584205478429794
6,174,8777,0.09579814970493317
6,175,8778,0.04029596596956253
6,176,8779,0.017444033175706863
6,177,8780,0.010572523809969425
6,178,8781,0.008678366430103779
6,179,8782,0.008715594187378883
6,180,8783,0.06631474941968918
6,181,8784,0.018326837569475174
6,182,8785,0.04267662763595581
6,183,8786,0.049046773463487625
6,184,8787,0.006962135434150696
6,185,8788,0.02831362374126911
6,186,8789,0.049160417169332504
6,187,8790,0.04315138980746269
6,188,8791,0.07661858946084976
6,189,8792,0.016276396811008453
6,190,8793,0.025056319311261177
6,191,8794,0.02151321992278099
6,192,8795,0.020600736141204834
6,193,8796,0.05590546503663063
6,194,8797,0.11707797646522522
6,195,8798,0.040206119418144226
6,196,8799,0.12493979185819626
6,197,8800,0.10906942933797836
6,198,8801,0.025498108938336372
6,199,8802,0.010648922063410282
6,200,8803,0.08750271797180176
6,201,8804,0.013488281518220901
6,202,8805,0.032748475670814514
6,203,8806,0.10988423973321915
6,204,8807,0.06159238889813423
6,205,8808,0.006416904740035534
6,206,8809,0.0397992879152298
6,207,8810,0.07574009150266647
6,208,8811,0.0575333908200264
6,209,8812,0.06908424198627472
6,210,8813,0.013860141858458519
6,211,8814,0.011411909013986588
6,212,8815,0.09942006319761276
6,213,8816,0.0669010803103447
6,214,8817,0.011644164100289345
6,215,8818,0.11154249310493469
6,216,8819,0.04531080648303032
6,217,8820,0.040121231228113174
6,218,8821,0.12117502838373184
6,219,8822,0.031524233520030975
6,220,8823,0.05896399915218353
6,221,8824,0.05254804342985153
6,222,8825,0.1089043989777565
6,223,8826,0.073388010263443
6,224,8827,0.0394928902387619
6,225,8828,0.0379149504005909
6,226,8829,0.03829796984791756
6,227,8830,0.01829393580555916
6,228,8831,0.016398226842284203
6,229,8832,0.022500887513160706
6,230,8833,0.03539550304412842
6,231,8834,0.0672704353928566
6,232,8835,0.0367467999458313
6,233,8836,0.011021688580513
6,234,8837,0.026023011654615402
6,235,8838,0.015747802332043648
6,236,8839,0.0407172255218029
6,237,8840,0.01276707649230957
6,238,8841,0.02274700440466404
6,239,8842,0.012715567834675312
6,240,8843,0.0748550221323967
6,241,8844,0.05752715468406677
6,242,8845,0.03311736136674881
6,243,8846,0.0507986955344677
6,244,8847,0.074261374771595
6,245,8848,0.04360061138868332
6,246,8849,0.009334218688309193
6,247,8850,0.011202372610569
6,248,8851,0.009450751356780529
6,249,8852,0.032406922429800034
6,250,8853,0.028837895020842552
6,251,8854,0.036676496267318726
6,252,8855,0.074744813144207
6,253,8856,0.012939544394612312
6,254,8857,0.05714406073093414
6,255,8858,0.06352810561656952
6,256,8859,0.003541393671184778
6,257,8860,0.004419439937919378
6,258,8861,0.027681216597557068
6,259,8862,0.016586579382419586
6,260,8863,0.06244666129350662
6,261,8864,0.08472485095262527
6,262,8865,0.02324923500418663
6,263,8866,0.0031985067762434483
6,264,8867,0.03854440152645111
6,265,8868,0.01403007097542286
6,266,8869,0.08920859545469284
6,267,8870,0.01735914871096611
6,268,8871,0.04820951446890831
6,269,8872,0.011559806764125824
6,270,8873,0.013664987869560719
6,271,8874,0.016688145697116852
6,272,8875,0.016349611803889275
6,273,8876,0.021268479526042938
6,274,8877,0.027963358908891678
6,275,8878,0.03267146646976471
6,276,8879,0.005730332341045141
6,277,8880,0.08228698372840881
6,278,8881,0.0351170189678669
6,279,8882,0.028724057599902153
6,280,8883,0.01512332446873188
6,281,8884,0.04471904784440994
6,282,8885,0.006791203282773495
6,283,8886,0.07081227749586105
6,284,8887,0.004211375955492258
6,285,8888,0.022399578243494034
6,286,8889,0.07313988357782364
6,287,8890,0.033265914767980576
6,288,8891,0.022441789507865906
6,289,8892,0.0232373159378767
6,290,8893,0.00746602937579155
6,291,8894,0.03500405326485634
6,292,8895,0.019149217754602432
6,293,8896,0.02883364073932171
6,294,8897,0.003763285232707858
6,295,8898,0.008218427188694477
6,296,8899,0.010763874277472496
6,297,8900,0.0856429934501648
6,298,8901,0.019683843478560448
6,299,8902,0.02225259505212307
6,300,8903,0.06634540110826492
6,301,8904,0.07970219105482101
6,302,8905,0.013061361387372017
6,303,8906,0.12299085408449173
6,304,8907,0.03034898452460766
6,305,8908,0.005756024736911058
6,306,8909,0.0033360496163368225
6,307,8910,0.026381708681583405
6,308,8911,0.004328767769038677
6,309,8912,0.024559972807765007
6,310,8913,0.09269893914461136
6,311,8914,0.10337106138467789
6,312,8915,0.02775202877819538
6,313,8916,0.009809553623199463
6,314,8917,0.10041498392820358
6,315,8918,0.019319452345371246
6,316,8919,0.030575571581721306
6,317,8920,0.04889892414212227
6,318,8921,0.06132880598306656
6,319,8922,0.09154941886663437
6,320,8923,0.03760916739702225
6,321,8924,0.03165151923894882
6,322,8925,0.05128036066889763
6,323,8926,0.01464856043457985
6,324,8927,0.01113580446690321
6,325,8928,0.06422676891088486
6,326,8929,0.15497611463069916
6,327,8930,0.027431339025497437
6,328,8931,0.03178107738494873
6,329,8932,0.0051942565478384495
6,330,8933,0.11589124798774719
6,331,8934,0.015902675688266754
6,332,8935,0.07316195964813232
6,333,8936,0.03698780760169029
6,334,8937,0.05151395872235298
6,335,8938,0.019307417795062065
6,336,8939,0.013215062208473682
6,337,8940,0.05130815505981445
6,338,8941,0.024260761216282845
6,339,8942,0.03025289997458458
6,340,8943,0.016526851803064346
6,341,8944,0.023273667320609093
6,342,8945,0.05515341833233833
6,343,8946,0.05830113962292671
6,344,8947,0.0038176702801138163
6,345,8948,0.01665426231920719
6,346,8949,0.027593012899160385
6,347,8950,0.017862539738416672
6,348,8951,0.00463146110996604
6,349,8952,0.04016489535570145
6,350,8953,0.012876392342150211
6,351,8954,0.043066371232271194
6,352,8955,0.013934568502008915
6,353,8956,0.011541628278791904
6,354,8957,0.00654315110296011
6,355,8958,0.006923201959580183
6,356,8959,0.012410848401486874
6,357,8960,0.01839747466146946
6,358,8961,0.0023681672755628824
6,359,8962,0.04334751144051552
6,360,8963,0.07212270051240921
6,361,8964,0.011205923743546009
6,362,8965,0.01635182648897171
6,363,8966,0.04775932803750038
6,364,8967,0.029162302613258362
6,365,8968,0.05044043809175491
6,366,8969,0.014330720528960228
6,367,8970,0.04797971248626709
6,368,8971,0.04011183977127075
6,369,8972,0.013396717607975006
6,370,8973,0.011115537025034428
6,371,8974,0.013674534857273102
6,372,8975,0.0316205658018589
6,373,8976,0.032850481569767
6,374,8977,0.02765754424035549
6,375,8978,0.003756188787519932
6,376,8979,0.03482036665081978
6,377,8980,0.026561934500932693
6,378,8981,0.007255615666508675
6,379,8982,0.0849243775010109
6,380,8983,0.01574634201824665
6,381,8984,0.11923424899578094
6,382,8985,0.005695168394595385
6,383,8986,0.025806410238146782
6,384,8987,0.03821847587823868
6,385,8988,0.02666594833135605
6,386,8989,0.01656133122742176
6,387,8990,0.01603258214890957
6,388,8991,0.07450113445520401
6,389,8992,0.010041886940598488
6,390,8993,0.06678348779678345
6,391,8994,0.05185382813215256
6,392,8995,0.019375110045075417
6,393,8996,0.05411391705274582
6,394,8997,0.008237920701503754
6,395,8998,0.00959513895213604
6,396,8999,0.06990929692983627
6,397,9000,0.058552954345941544
6,398,9001,0.01124471053481102
6,399,9002,0.07170236110687256
6,400,9003,0.038855649530887604
6,401,9004,0.017889395356178284
6,402,9005,0.004287755582481623
6,403,9006,0.011138361878693104
6,404,9007,0.033543962985277176
6,405,9008,0.023160016164183617
6,406,9009,0.00629642466083169
6,407,9010,0.02679802104830742
6,408,9011,0.035430844873189926
6,409,9012,0.03885790705680847
6,410,9013,0.017558304592967033
6,411,9014,0.01520003005862236
6,412,9015,0.007195065729320049
6,413,9016,0.08475249260663986
6,414,9017,0.022204915061593056
6,415,9018,0.06290528178215027
6,416,9019,0.08834562450647354
6,417,9020,0.03795306384563446
6,418,9021,0.0032521928660571575
6,419,9022,0.010685025714337826
6,420,9023,0.036189451813697815
6,421,9024,0.024228738620877266
6,422,9025,0.0039281053468585014
6,423,9026,0.03628002479672432
6,424,9027,0.07052697241306305
6,425,9028,0.009667718783020973
6,426,9029,0.09405043721199036
6,427,9030,0.029684321954846382
6,428,9031,0.02789044938981533
6,429,9032,0.004111567046493292
6,430,9033,0.004190555773675442
6,431,9034,0.007834170944988728
6,432,9035,0.09047240763902664
6,433,9036,0.013227383606135845
6,434,9037,0.12337404489517212
6,435,9038,0.15519112348556519
6,436,9039,0.02266833744943142
6,437,9040,0.014662233181297779
6,438,9041,0.015308348461985588
6,439,9042,0.07203982770442963
6,440,9043,0.024740472435951233
6,441,9044,0.023555593565106392
6,442,9045,0.0544920414686203
6,443,9046,0.014047525823116302
6,444,9047,0.007524645421653986
6,445,9048,0.017155863344669342
6,446,9049,0.04324505478143692
6,447,9050,0.11109858751296997
6,448,9051,0.005805043037980795
6,449,9052,0.007900708355009556
6,450,9053,0.019529208540916443
6,451,9054,0.008571675047278404
6,452,9055,0.01475021056830883
6,453,9056,0.007782675325870514
6,454,9057,0.016026007011532784
6,455,9058,0.015035894699394703
6,456,9059,0.09298231452703476
6,457,9060,0.011150812730193138
6,458,9061,0.0038573741912841797
6,459,9062,0.011151613667607307
6,460,9063,0.07472406327724457
6,461,9064,0.004638503305613995
6,462,9065,0.0269464123994112
6,463,9066,0.018483195453882217
6,464,9067,0.03145459294319153
6,465,9068,0.15679578483104706
6,466,9069,0.006594380363821983
6,467,9070,0.015386709943413734
6,468,9071,0.05686144530773163
6,469,9072,0.009813695214688778
6,470,9073,0.07585473358631134
6,471,9074,0.027751028537750244
6,472,9075,0.013855877332389355
6,473,9076,0.010239653289318085
6,474,9077,0.017283538356423378
6,475,9078,0.008703420870006084
6,476,9079,0.04967399686574936
6,477,9080,0.07671325653791428
6,478,9081,0.025514304637908936
6,479,9082,0.016393113881349564
6,480,9083,0.004186626523733139
6,481,9084,0.009456437081098557
6,482,9085,0.037898335605859756
6,483,9086,0.023566043004393578
6,484,9087,0.017705919221043587
6,485,9088,0.011603682301938534
6,486,9089,0.004426083993166685
6,487,9090,0.0860905796289444
6,488,9091,0.005348799284547567
6,489,9092,0.00675021018832922
6,490,9093,0.0035804049111902714
6,491,9094,0.02877153269946575
6,492,9095,0.06897590309381485
6,493,9096,0.02488248236477375
6,494,9097,0.004962137900292873
6,495,9098,0.03221151605248451
6,496,9099,0.04292340949177742
6,497,9100,0.0963207557797432
6,498,9101,0.0067198011092841625
6,499,9102,0.012080389074981213
6,500,9103,0.06993883848190308
6,501,9104,0.013315846212208271
6,502,9105,0.038276705890893936
6,503,9106,0.005541829392313957
6,504,9107,0.019942674785852432
6,505,9108,0.01982080563902855
6,506,9109,0.02230389229953289
6,507,9110,0.02866218239068985
6,508,9111,0.05131587013602257
6,509,9112,0.045111723244190216
6,510,9113,0.011528043076395988
6,511,9114,0.025795627385377884
6,512,9115,0.07493092119693756
6,513,9116,0.020708665251731873
6,514,9117,0.04070238769054413
6,515,9118,0.01787387952208519
6,516,9119,0.037199195474386215
6,517,9120,0.02473851852118969
6,518,9121,0.060925815254449844
6,519,9122,0.044756144285202026
6,520,9123,0.01776866987347603
6,521,9124,0.03184118866920471
6,522,9125,0.12743254005908966
6,523,9126,0.04972993955016136
6,524,9127,0.01452805008739233
6,525,9128,0.042352404445409775
6,526,9129,0.021358534693717957
6,527,9130,0.010830344632267952
6,528,9131,0.0527305044233799
6,529,9132,0.06259698420763016
6,530,9133,0.005333420354872942
6,531,9134,0.022841397672891617
6,532,9135,0.03553033620119095
6,533,9136,0.01019039936363697
6,534,9137,0.14398205280303955
6,535,9138,0.050509918481111526
6,536,9139,0.04578595981001854
6,537,9140,0.01023473683744669
6,538,9141,0.018022937700152397
6,539,9142,0.012128431349992752
6,540,9143,0.014258906245231628
6,541,9144,0.09902851283550262
6,542,9145,0.04349616542458534
6,543,9146,0.07967051863670349
6,544,9147,0.016199756413698196
6,545,9148,0.0624595545232296
6,546,9149,0.030731631442904472
6,547,9150,0.023636197671294212
6,548,9151,0.03315548226237297
6,549,9152,0.025745246559381485
6,550,9153,0.002967558102682233
6,551,9154,0.007009029388427734
6,552,9155,0.04056970402598381
6,553,9156,0.005283952224999666
6,554,9157,0.029366319999098778
6,555,9158,0.022562390193343163
6,556,9159,0.024215079843997955
6,557,9160,0.06977769732475281
6,558,9161,0.03498600795865059
6,559,9162,0.027204863727092743
6,560,9163,0.08146414905786514
6,561,9164,0.07697433978319168
6,562,9165,0.006491673178970814
6,563,9166,0.029104283079504967
6,564,9167,0.016859181225299835
6,565,9168,0.03010169416666031
6,566,9169,0.005790338385850191
6,567,9170,0.1748436987400055
6,568,9171,0.011211089789867401
6,569,9172,0.03511308878660202
6,570,9173,0.01895134709775448
6,571,9174,0.030530743300914764
6,572,9175,0.026482898741960526
6,573,9176,0.015893328934907913
6,574,9177,0.013776907697319984
6,575,9178,0.01926988922059536
6,576,9179,0.021426847204566002
6,577,9180,0.05978529900312424
6,578,9181,0.024067720398306847
6,579,9182,0.10087378323078156
6,580,9183,0.005568561609834433
6,581,9184,0.06796450912952423
6,582,9185,0.024230368435382843
6,583,9186,0.006992484908550978
6,584,9187,0.004833124112337828
6,585,9188,0.053101811558008194
6,586,9189,0.0345623716711998
6,587,9190,0.005092596169561148
6,588,9191,0.0032690276857465506
6,589,9192,0.02413409762084484
6,590,9193,0.006408607121556997
6,591,9194,0.09416228532791138
6,592,9195,0.007917933166027069
6,593,9196,0.048088569194078445
6,594,9197,0.049882274121046066
6,595,9198,0.008402155712246895
6,596,9199,0.035704970359802246
6,597,9200,0.0071806153282523155
6,598,9201,0.010831531137228012
6,599,9202,0.11727534979581833
6,600,9203,0.04026734456419945
6,601,9204,0.029720164835453033
6,602,9205,0.012172755785286427
6,603,9206,0.03259684145450592
6,604,9207,0.011779235675930977
6,605,9208,0.0459049791097641
6,606,9209,0.06190107762813568
6,607,9210,0.006898884661495686
6,608,9211,0.06233379244804382
6,609,9212,0.10607846081256866
6,610,9213,0.012042372487485409
6,611,9214,0.01213333010673523
6,612,9215,0.006084452383220196
6,613,9216,0.002654385520145297
6,614,9217,0.03155749291181564
6,615,9218,0.004322433844208717
6,616,9219,0.051665596663951874
6,617,9220,0.010788987390697002
6,618,9221,0.0184690672904253
6,619,9222,0.009978972375392914
6,620,9223,0.044011376798152924
6,621,9224,0.059020284563302994
6,622,9225,0.03764000162482262
6,623,9226,0.02131378836929798
6,624,9227,0.02106008306145668
6,625,9228,0.05856639891862869
6,626,9229,0.008459394797682762
6,627,9230,0.004163298290222883
6,628,9231,0.013613395392894745
6,629,9232,0.03866283595561981
6,630,9233,0.025793420150876045
6,631,9234,0.005993968807160854
6,632,9235,0.00784986186772585
6,633,9236,0.0230999905616045
6,634,9237,0.045465778559446335
6,635,9238,0.058303553611040115
6,636,9239,0.008155681192874908
6,637,9240,0.0032781963236629963
6,638,9241,0.006224516313523054
6,639,9242,0.03738633170723915
6,640,9243,0.0059176902286708355
6,641,9244,0.04422388970851898
6,642,9245,0.13830417394638062
6,643,9246,0.023495595902204514
6,644,9247,0.07032061368227005
6,645,9248,0.004939848091453314
6,646,9249,0.10757624357938766
6,647,9250,0.01743079349398613
6,648,9251,0.04811067879199982
6,649,9252,0.022731468081474304
6,650,9253,0.010604397393763065
6,651,9254,0.011665120720863342
6,652,9255,0.008928092196583748
6,653,9256,0.11793509125709534
6,654,9257,0.021127503365278244
6,655,9258,0.00956842303276062
6,656,9259,0.07194044440984726
6,657,9260,0.01722143031656742
6,658,9261,0.02400561049580574
6,659,9262,0.02447695843875408
6,660,9263,0.05335717648267746
6,661,9264,0.06010819599032402
6,662,9265,0.09325039386749268
6,663,9266,0.10557542741298676
6,664,9267,0.01068764366209507
6,665,9268,0.013860863633453846
6,666,9269,0.010664379224181175
6,667,9270,0.026593396440148354
6,668,9271,0.030504649505019188
6,669,9272,0.013525531627237797
6,670,9273,0.03820262849330902
6,671,9274,0.09249132871627808
6,672,9275,0.03332015499472618
6,673,9276,0.12254473567008972
6,674,9277,0.1250145137310028
6,675,9278,0.017570296302437782
6,676,9279,0.057642579078674316
6,677,9280,0.10094987601041794
6,678,9281,0.056102972477674484
6,679,9282,0.013134058564901352
6,680,9283,0.0302946288138628
6,681,9284,0.014676996506750584
6,682,9285,0.01385023258626461
6,683,9286,0.015288597904145718
6,684,9287,0.03933379426598549
6,685,9288,0.020656028762459755
6,686,9289,0.03679920360445976
6,687,9290,0.0617172010242939
6,688,9291,0.03373292088508606
6,689,9292,0.051856592297554016
6,690,9293,0.02748458832502365
6,691,9294,0.05506082624197006
6,692,9295,0.053564369678497314
6,693,9296,0.009684184566140175
6,694,9297,0.011630724184215069
6,695,9298,0.025994012132287025
6,696,9299,0.06225498020648956
6,697,9300,0.003492612624540925
6,698,9301,0.034639641642570496
6,699,9302,0.010238082148134708
6,700,9303,0.04024897515773773
6,701,9304,0.042609501630067825
6,702,9305,0.0312916561961174
6,703,9306,0.09128782898187637
6,704,9307,0.0072984853759408
6,705,9308,0.04016532376408577
6,706,9309,0.04431161284446716
6,707,9310,0.04140784591436386
6,708,9311,0.011057005263864994
6,709,9312,0.002721209544688463
6,710,9313,0.009396146982908249
6,711,9314,0.05820215865969658
6,712,9315,0.10736948996782303
6,713,9316,0.06951165944337845
6,714,9317,0.02286153845489025
6,715,9318,0.027147416025400162
6,716,9319,0.01124947052448988
6,717,9320,0.04764164984226227
6,718,9321,0.05111671984195709
6,719,9322,0.04763907939195633
6,720,9323,0.013672951608896255
6,721,9324,0.028408082202076912
6,722,9325,0.010881498456001282
6,723,9326,0.01975535787642002
6,724,9327,0.08228277415037155
6,725,9328,0.1454152762889862
6,726,9329,0.01462510321289301
6,727,9330,0.004206583369523287
6,728,9331,0.008900532498955727
6,729,9332,0.12237384170293808
6,730,9333,0.026928234845399857
6,731,9334,0.01648624613881111
6,732,9335,0.01560054812580347
6,733,9336,0.006321081891655922
6,734,9337,0.01618228480219841
6,735,9338,0.07401054352521896
6,736,9339,0.002180454321205616
6,737,9340,0.024686627089977264
6,738,9341,0.01981978677213192
6,739,9342,0.041381269693374634
6,740,9343,0.0062627182342112064
6,741,9344,0.0048030526377260685
6,742,9345,0.02550613507628441
6,743,9346,0.06101835146546364
6,744,9347,0.025314802303910255
6,745,9348,0.1421484798192978
6,746,9349,0.017674289643764496
6,747,9350,0.07242909073829651
6,748,9351,0.0022728436160832644
6,749,9352,0.0537957102060318
6,750,9353,0.07229185849428177
6,751,9354,0.021445777267217636
6,752,9355,0.014068945311009884
6,753,9356,0.013125253841280937
6,754,9357,0.03391275554895401
6,755,9358,0.06469536572694778
6,756,9359,0.07217655330896378
6,757,9360,0.01130626443773508
6,758,9361,0.011941018514335155
6,759,9362,0.007256899494677782
6,760,9363,0.008242388255894184
6,761,9364,0.026273472234606743
6,762,9365,0.01641237363219261
6,763,9366,0.06105802208185196
6,764,9367,0.10516057908535004
6,765,9368,0.00984076876193285
6,766,9369,0.017513999715447426
6,767,9370,0.030863957479596138
6,768,9371,0.00965430960059166
6,769,9372,0.03502810746431351
6,770,9373,0.12692533433437347
6,771,9374,0.05319596454501152
6,772,9375,0.02436281554400921
6,773,9376,0.012698092497885227
6,774,9377,0.030874982476234436
6,775,9378,0.06068156659603119
6,776,9379,0.013714170083403587
6,777,9380,0.060091301798820496
6,778,9381,0.021831637248396873
6,779,9382,0.04334283992648125
6,780,9383,0.022843772545456886
6,781,9384,0.03390546515583992
6,782,9385,0.03215942159295082
6,783,9386,0.03294885531067848
6,784,9387,0.02142183855175972
6,785,9388,0.03931872174143791
6,786,9389,0.031675610691308975
6,787,9390,0.01419411227107048
6,788,9391,0.035251278430223465
6,789,9392,0.0031085496302694082
6,790,9393,0.0074097211472690105
6,791,9394,0.007158202584832907
6,792,9395,0.005755655933171511
6,793,9396,0.1505661904811859
6,794,9397,0.005291577894240618
6,795,9398,0.03283783048391342
6,796,9399,0.015211264602839947
6,797,9400,0.05727119743824005
6,798,9401,0.055281393229961395
6,799,9402,0.012895409017801285
6,800,9403,0.020437126979231834
6,801,9404,0.006357929203659296
6,802,9405,0.11603592336177826
6,803,9406,0.14372067153453827
6,804,9407,0.008640398271381855
6,805,9408,0.09163203090429306
6,806,9409,0.01748352311551571
6,807,9410,0.12485335022211075
6,808,9411,0.0704222172498703
6,809,9412,0.045347318053245544
6,810,9413,0.11901149153709412
6,811,9414,0.021673094481229782
6,812,9415,0.008757224306464195
6,813,9416,0.006544331554323435
6,814,9417,0.058170776814222336
6,815,9418,0.019309664145112038
6,816,9419,0.03826991841197014
6,817,9420,0.07164699584245682
6,818,9421,0.014160321094095707
6,819,9422,0.014341739937663078
6,820,9423,0.034411635249853134
6,821,9424,0.026071252301335335
6,822,9425,0.06749802082777023
6,823,9426,0.01994914375245571
6,824,9427,0.08006686717271805
6,825,9428,0.06386452168226242
6,826,9429,0.08502589166164398
6,827,9430,0.012855920009315014
6,828,9431,0.02606058120727539
6,829,9432,0.06148367002606392
6,830,9433,0.010023389011621475
6,831,9434,0.02760920114815235
6,832,9435,0.09276238083839417
6,833,9436,0.06380058079957962
6,834,9437,0.020498208701610565
6,835,9438,0.02248283103108406
6,836,9439,0.011297611519694328
6,837,9440,0.016669778153300285
6,838,9441,0.026050787419080734
6,839,9442,0.04548602178692818
6,840,9443,0.042085934430360794
6,841,9444,0.004548202734440565
6,842,9445,0.011984788812696934
6,843,9446,0.09911605715751648
6,844,9447,0.0019093792652711272
6,845,9448,0.013813735917210579
6,846,9449,0.055977776646614075
6,847,9450,0.027994634583592415
6,848,9451,0.12951496243476868
6,849,9452,0.023575063794851303
6,850,9453,0.019154230132699013
6,851,9454,0.02973746694624424
6,852,9455,0.052324943244457245
6,853,9456,0.0449562594294548
6,854,9457,0.005028204061090946
6,855,9458,0.061808496713638306
6,856,9459,0.01432847697287798
6,857,9460,0.021367866545915604
6,858,9461,0.013292200863361359
6,859,9462,0.04333292692899704
6,860,9463,0.05714941397309303
6,861,9464,0.004737778101116419
6,862,9465,0.0581294521689415
6,863,9466,0.01779586263000965
6,864,9467,0.06964212656021118
6,865,9468,0.013028857298195362
6,866,9469,0.003689195727929473
6,867,9470,0.05831458047032356
6,868,9471,0.03442874178290367
6,869,9472,0.050910864025354385
6,870,9473,0.07844003289937973
6,871,9474,0.0022134582977741957
6,872,9475,0.03689073771238327
6,873,9476,0.039934322237968445
6,874,9477,0.013339659199118614
6,875,9478,0.011941853910684586
6,876,9479,0.004826519638299942
6,877,9480,0.02531595341861248
6,878,9481,0.10403190553188324
6,879,9482,0.03549296781420708
6,880,9483,0.09407458454370499
6,881,9484,0.019487086683511734
6,882,9485,0.035535022616386414
6,883,9486,0.004674422554671764
6,884,9487,0.02853945456445217
6,885,9488,0.03416483849287033
6,886,9489,0.021266961470246315
6,887,9490,0.01209601853042841
6,888,9491,0.03637225180864334
6,889,9492,0.026696573942899704
6,890,9493,0.013563682325184345
6,891,9494,0.02176210656762123
6,892,9495,0.03157135099172592
6,893,9496,0.08489270508289337
6,894,9497,0.04959724843502045
6,895,9498,0.032475546002388
6,896,9499,0.05529874190688133
6,897,9500,0.027726205065846443
6,898,9501,0.004945119842886925
6,899,9502,0.030478399246931076
6,900,9503,0.04789118096232414
6,901,9504,0.048482976853847504
6,902,9505,0.019367128610610962
6,903,9506,0.18870152533054352
6,904,9507,0.11451395601034164
6,905,9508,0.02833438664674759
6,906,9509,0.017213141545653343
6,907,9510,0.04617493972182274
6,908,9511,0.02218993380665779
6,909,9512,0.02244967222213745
6,910,9513,0.03985898941755295
6,911,9514,0.045897599309682846
6,912,9515,0.021038062870502472
6,913,9516,0.05166875571012497
6,914,9517,0.014808760955929756
6,915,9518,0.011665064841508865
6,916,9519,0.009999898262321949
6,917,9520,0.07001986354589462
6,918,9521,0.022855626419186592
6,919,9522,0.034662507474422455
6,920,9523,0.022964326664805412
6,921,9524,0.01613483764231205
6,922,9525,0.08743709325790405
6,923,9526,0.08012596517801285
6,924,9527,0.01864117942750454
6,925,9528,0.01617286168038845
6,926,9529,0.08135431259870529
6,927,9530,0.012104060500860214
6,928,9531,0.04495561495423317
6,929,9532,0.07351629436016083
6,930,9533,0.02977553755044937
6,931,9534,0.03980764001607895
6,932,9535,0.11503344029188156
6,933,9536,0.0893697664141655
6,934,9537,0.011960359290242195
6,935,9538,0.005820032209157944
6,936,9539,0.009206293150782585
6,937,9540,0.004090373404324055
6,938,9541,0.0017183375312015414
6,939,9542,0.016439028084278107
6,940,9543,0.04423937946557999
6,941,9544,0.004526148084551096
6,942,9545,0.03232000395655632
6,943,9546,0.02711263857781887
6,944,9547,0.028389817103743553
6,945,9548,0.012823509983718395
6,946,9549,0.0021430666092783213
6,947,9550,0.025553777813911438
6,948,9551,0.06912939250469208
6,949,9552,0.016716519370675087
6,950,9553,0.019844358786940575
6,951,9554,0.004569126293063164
6,952,9555,0.02925080992281437
6,953,9556,0.018715107813477516
6,954,9557,0.0040795705281198025
6,955,9558,0.03516697511076927
6,956,9559,0.039926592260599136
6,957,9560,0.02118559181690216
6,958,9561,0.011656379327178001
6,959,9562,0.06227155402302742
6,960,9563,0.0020625784527510405
6,961,9564,0.010953434742987156
6,962,9565,0.03775807097554207
6,963,9566,0.005173007491976023
6,964,9567,0.010320443660020828
6,965,9568,0.003950981888920069
6,966,9569,0.006821482442319393
6,967,9570,0.006970483344048262
6,968,9571,0.03355248272418976
6,969,9572,0.024027705192565918
6,970,9573,0.0532318651676178
6,971,9574,0.0083039915189147
6,972,9575,0.02349708415567875
6,973,9576,0.011723917908966541
6,974,9577,0.019724108278751373
6,975,9578,0.015888141468167305
6,976,9579,0.009082319214940071
6,977,9580,0.007555864751338959
6,978,9581,0.05334882810711861
6,979,9582,0.0070686438120901585
6,980,9583,0.00552923372015357
6,981,9584,0.009284762665629387
6,982,9585,0.0005644708871841431
6,983,9586,0.03233252093195915
6,984,9587,0.0207296721637249
6,985,9588,0.00103677564766258
6,986,9589,0.004005220253020525
6,987,9590,0.006071774289011955
6,988,9591,0.03244875743985176
6,989,9592,0.017419539391994476
6,990,9593,0.014462004415690899
6,991,9594,0.010457311756908894
6,992,9595,0.03358599171042442
6,993,9596,0.009815331548452377
6,994,9597,0.010186064057052135
6,995,9598,0.10570987313985825
6,996,9599,0.007612243760377169
6,997,9600,0.031955186277627945
6,998,9601,0.02066859044134617
6,999,9602,0.03042951598763466
6,1000,9603,0.012466241605579853
6,1001,9604,0.0669381320476532
6,1002,9605,0.0043683587573468685
6,1003,9606,0.04890653118491173
6,1004,9607,0.1054748147726059
6,1005,9608,0.15675705671310425
6,1006,9609,0.01621844805777073
6,1007,9610,0.16020412743091583
6,1008,9611,0.043583713471889496
6,1009,9612,0.0886196717619896
6,1010,9613,0.0047403848730027676
6,1011,9614,0.03903576731681824
6,1012,9615,0.08758111298084259
6,1013,9616,0.046774618327617645
6,1014,9617,0.002965350868180394
6,1015,9618,0.01108403131365776
6,1016,9619,0.0350593663752079
6,1017,9620,0.07974682748317719
6,1018,9621,0.04290356487035751
6,1019,9622,0.008201271295547485
6,1020,9623,0.0103538166731596
6,1021,9624,0.039223432540893555
6,1022,9625,0.09699364751577377
6,1023,9626,0.05890955030918121
6,1024,9627,0.09340347349643707
6,1025,9628,0.009636159054934978
6,1026,9629,0.03829358145594597
6,1027,9630,0.04586256295442581
6,1028,9631,0.029360873624682426
6,1029,9632,0.02063850127160549
6,1030,9633,0.08919229358434677
6,1031,9634,0.004768612794578075
6,1032,9635,0.015657423064112663
6,1033,9636,0.032064612954854965
6,1034,9637,0.02260267548263073
6,1035,9638,0.02579580992460251
6,1036,9639,0.007381906732916832
6,1037,9640,0.020988216623663902
6,1038,9641,0.007197867147624493
6,1039,9642,0.04839737340807915
6,1040,9643,0.018810158595442772
6,1041,9644,0.050910353660583496
6,1042,9645,0.035659950226545334
6,1043,9646,0.026536012068390846
6,1044,9647,0.01215103268623352
6,1045,9648,0.022651879116892815
6,1046,9649,0.01853243075311184
6,1047,9650,0.009183425456285477
6,1048,9651,0.013706513680517673
6,1049,9652,0.0153966611251235
6,1050,9653,0.035749468952417374
6,1051,9654,0.010618355125188828
6,1052,9655,0.015645865350961685
6,1053,9656,0.07229164987802505
6,1054,9657,0.06760802865028381
6,1055,9658,0.015144923701882362
6,1056,9659,0.025600899010896683
6,1057,9660,0.006505319382995367
6,1058,9661,0.06637295335531235
6,1059,9662,0.003455879632383585
6,1060,9663,0.0016953417798504233
6,1061,9664,0.006950634066015482
6,1062,9665,0.05880170315504074
6,1063,9666,0.014685207046568394
6,1064,9667,0.022058604285120964
6,1065,9668,0.026212189346551895
6,1066,9669,0.01965387724339962
6,1067,9670,0.020410457625985146
6,1068,9671,0.0023303567431867123
6,1069,9672,0.03243637830018997
6,1070,9673,0.015257998369634151
6,1071,9674,0.0028805823531001806
6,1072,9675,0.006381040904670954
6,1073,9676,0.007534103933721781
6,1074,9677,0.01085724774748087
6,1075,9678,0.01124508585780859
6,1076,9679,0.0014143330045044422
6,1077,9680,0.007338936440646648
6,1078,9681,0.0028801860753446817
6,1079,9682,0.008781716227531433
6,1080,9683,0.01727815717458725
6,1081,9684,0.031143225729465485
6,1082,9685,0.029281456023454666
6,1083,9686,0.08972077071666718
6,1084,9687,0.05678116902709007
6,1085,9688,0.004909372888505459
6,1086,9689,0.0054590036161243916
6,1087,9690,0.15897779166698456
6,1088,9691,0.13646817207336426
6,1089,9692,0.025018684566020966
6,1090,9693,0.02320658601820469
6,1091,9694,0.15329228341579437
6,1092,9695,0.02077702432870865
6,1093,9696,0.013711935840547085
6,1094,9697,0.023483771830797195
6,1095,9698,0.01674131117761135
6,1096,9699,0.03999841585755348
6,1097,9700,0.12269524484872818
6,1098,9701,0.034807220101356506
6,1099,9702,0.05125139653682709
6,1100,9703,0.040951404720544815
6,1101,9704,0.00281911320053041
6,1102,9705,0.030142130330204964
6,1103,9706,0.02299344167113304
6,1104,9707,0.009167828597128391
6,1105,9708,0.1750410497188568
6,1106,9709,0.051513105630874634
6,1107,9710,0.00812364462763071
6,1108,9711,0.029053756967186928
6,1109,9712,0.002439261181280017
6,1110,9713,0.007647426798939705
6,1111,9714,0.09449245035648346
6,1112,9715,0.006448215339332819
6,1113,9716,0.011351916007697582
6,1114,9717,0.027543924748897552
6,1115,9718,0.07413075864315033
6,1116,9719,0.025776663795113564
6,1117,9720,0.08716100454330444
6,1118,9721,0.024182701483368874
6,1119,9722,0.023206572979688644
6,1120,9723,0.05047440528869629
6,1121,9724,0.025856051594018936
6,1122,9725,0.04608025774359703
6,1123,9726,0.0411042720079422
6,1124,9727,0.03853880241513252
6,1125,9728,0.0049740467220544815
6,1126,9729,0.0818759873509407
6,1127,9730,0.008647100068628788
6,1128,9731,0.08414582163095474
6,1129,9732,0.0034701679833233356
6,1130,9733,0.00206207949668169
6,1131,9734,0.00864223763346672
6,1132,9735,0.019228501245379448
6,1133,9736,0.0025722787249833345
6,1134,9737,0.0063317022286355495
6,1135,9738,0.04921919107437134
6,1136,9739,0.0081515247002244
6,1137,9740,0.0023441510275006294
6,1138,9741,0.014462044462561607
6,1139,9742,0.05247141420841217
6,1140,9743,0.012979326769709587
6,1141,9744,0.002285267459228635
6,1142,9745,0.003329135477542877
6,1143,9746,0.08243610709905624
6,1144,9747,0.008463451638817787
6,1145,9748,0.00837197806686163
6,1146,9749,0.020452385768294334
6,1147,9750,0.030888985842466354
6,1148,9751,0.016158366575837135
6,1149,9752,0.009197431616485119
6,1150,9753,0.01936400681734085
6,1151,9754,0.026591217145323753
6,1152,9755,0.0366685725748539
6,1153,9756,0.0035280759911984205
6,1154,9757,0.023630328476428986
6,1155,9758,0.0398070365190506
6,1156,9759,0.02678604982793331
6,1157,9760,0.019105814397335052
6,1158,9761,0.013105236925184727
6,1159,9762,0.03714064508676529
6,1160,9763,0.034557364881038666
6,1161,9764,0.004416049923747778
6,1162,9765,0.00206224387511611
6,1163,9766,0.02011677250266075
6,1164,9767,0.020501548424363136
6,1165,9768,0.045273058116436005
6,1166,9769,0.01112138107419014
6,1167,9770,0.026748722419142723
6,1168,9771,0.06818076223134995
6,1169,9772,0.001614852575585246
6,1170,9773,0.008457276038825512
6,1171,9774,0.014117518439888954
6,1172,9775,0.022336138412356377
6,1173,9776,0.011121370829641819
6,1174,9777,0.0009827412432059646
6,1175,9778,0.0031540554482489824
6,1176,9779,0.018347207456827164
6,1177,9780,0.010179521515965462
6,1178,9781,0.007938106544315815
6,1179,9782,0.01138116791844368
6,1180,9783,0.019261136651039124
6,1181,9784,0.020020540803670883
6,1182,9785,0.09925328940153122
6,1183,9786,0.0023100299295037985
6,1184,9787,0.005953930784016848
6,1185,9788,0.008359975181519985
6,1186,9789,0.018778298050165176
6,1187,9790,0.12032917141914368
6,1188,9791,0.0020464793778955936
6,1189,9792,0.03442109376192093
6,1190,9793,0.009422346018254757
6,1191,9794,0.1701347380876541
6,1192,9795,0.041387852281332016
6,1193,9796,0.06980910897254944
6,1194,9797,0.05169996991753578
6,1195,9798,0.07136586308479309
6,1196,9799,0.02828376367688179
6,1197,9800,0.03663923591375351
6,1198,9801,0.0038828905671834946
6,1199,9802,0.07685314118862152
6,1200,9803,0.06055324152112007
6,1201,9804,0.08832401037216187
6,1202,9805,0.06772138178348541
6,1203,9806,0.00788943376392126
6,1204,9807,0.012551669962704182
6,1205,9808,0.025641411542892456
6,1206,9809,0.030013032257556915
6,1207,9810,0.009898767806589603
6,1208,9811,0.05023210495710373
6,1209,9812,0.011984826065599918
6,1210,9813,0.05877076834440231
6,1211,9814,0.07689820230007172
6,1212,9815,0.0861462950706482
6,1213,9816,0.02113492414355278
6,1214,9817,0.012772057205438614
6,1215,9818,0.03592100366950035
6,1216,9819,0.013624259270727634
6,1217,9820,0.05876069515943527
6,1218,9821,0.01709195412695408
6,1219,9822,0.18508537113666534
6,1220,9823,0.046824581921100616
6,1221,9824,0.017653023824095726
6,1222,9825,0.1299891620874405
6,1223,9826,0.07808127999305725
6,1224,9827,0.13407473266124725
6,1225,9828,0.011158626526594162
6,1226,9829,0.026374533772468567
6,1227,9830,0.04454417899250984
6,1228,9831,0.07144609093666077
6,1229,9832,0.02368755266070366
6,1230,9833,0.054707515984773636
6,1231,9834,0.04507668688893318
6,1232,9835,0.03332449495792389
6,1233,9836,0.014568154700100422
6,1234,9837,0.02513590268790722
6,1235,9838,0.05043196305632591
6,1236,9839,0.07876236736774445
6,1237,9840,0.04861230403184891
6,1238,9841,0.011498330160975456
6,1239,9842,0.017876464873552322
6,1240,9843,0.07586277276277542
6,1241,9844,0.03041660785675049
6,1242,9845,0.017703622579574585
6,1243,9846,0.012060285545885563
6,1244,9847,0.047542817890644073
6,1245,9848,0.02252579852938652
6,1246,9849,0.016173144802451134
6,1247,9850,0.00821022130548954
6,1248,9851,0.012658849358558655
6,1249,9852,0.010648426599800587
6,1250,9853,0.07483547925949097
6,1251,9854,0.0019380826270207763
6,1252,9855,0.018801508471369743
6,1253,9856,0.008485987782478333
6,1254,9857,0.005466495640575886
6,1255,9858,0.006449206732213497
6,1256,9859,0.036741677671670914
6,1257,9860,0.0016103149391710758
6,1258,9861,0.02596714347600937
6,1259,9862,0.039982859045267105
6,1260,9863,0.052343398332595825
6,1261,9864,0.09126341342926025
6,1262,9865,0.004021149128675461
6,1263,9866,0.011744742281734943
6,1264,9867,0.0108277453109622
6,1265,9868,0.0022973166778683662
6,1266,9869,0.025839529931545258
6,1267,9870,0.010997748002409935
6,1268,9871,0.005702507216483355
6,1269,9872,0.029528440907597542
6,1270,9873,0.016573576256632805
6,1271,9874,0.02804598957300186
6,1272,9875,0.014646136201918125
6,1273,9876,0.0031679030507802963
6,1274,9877,0.04761015996336937
6,1275,9878,0.090706966817379
6,1276,9879,0.05015549436211586
6,1277,9880,0.022700464352965355
6,1278,9881,0.012311776168644428
6,1279,9882,0.04860985279083252
6,1280,9883,0.008896623738110065
6,1281,9884,0.046987731009721756
6,1282,9885,0.04491877928376198
6,1283,9886,0.01755409874022007
6,1284,9887,0.017710039392113686
6,1285,9888,0.031154649332165718
6,1286,9889,0.009508538991212845
6,1287,9890,0.013443910516798496
6,1288,9891,0.038511041551828384
6,1289,9892,0.05033571273088455
6,1290,9893,0.011016979813575745
6,1291,9894,0.0057297395542263985
6,1292,9895,0.016772055998444557
6,1293,9896,0.08536572009325027
6,1294,9897,0.03819470480084419
6,1295,9898,0.007398521527647972
6,1296,9899,0.051455508917570114
6,1297,9900,0.0058822473511099815
6,1298,9901,0.029864603653550148
6,1299,9902,0.011827221140265465
6,1300,9903,0.005234650336205959
6,1301,9904,0.030261419713497162
6,1302,9905,0.022263696417212486
6,1303,9906,0.0640682801604271
6,1304,9907,0.03578658774495125
6,1305,9908,0.007471891585737467
6,1306,9909,0.010044848546385765
6,1307,9910,0.016637355089187622
6,1308,9911,0.031360745429992676
6,1309,9912,0.011118613183498383
6,1310,9913,0.01835675537586212
6,1311,9914,0.14411242306232452
6,1312,9915,0.0313141904771328
6,1313,9916,0.014392170123755932
6,1314,9917,0.008134262636303902
6,1315,9918,0.011998948641121387
6,1316,9919,0.01919841766357422
6,1317,9920,0.014771593734622002
6,1318,9921,0.009527189657092094
6,1319,9922,0.002621738938614726
6,1320,9923,0.010216417722404003
6,1321,9924,0.004947509150952101
6,1322,9925,0.040382012724876404
6,1323,9926,0.028209157288074493
6,1324,9927,0.0014182479353621602
6,1325,9928,0.017844265326857567
6,1326,9929,0.13309858739376068
6,1327,9930,0.002108509186655283
6,1328,9931,0.010087136179208755
6,1329,9932,0.046660151332616806
6,1330,9933,0.0031516544986516237
6,1331,9934,0.037961848080158234
6,1332,9935,0.00750483013689518
6,1333,9936,0.0064767030999064445
6,1334,9937,0.0295022614300251
6,1335,9938,0.008698735386133194
6,1336,9939,0.0757758840918541
6,1337,9940,0.008779652416706085
6,1338,9941,0.004756140988320112
6,1339,9942,0.010676685720682144
6,1340,9943,0.011143900454044342
6,1341,9944,0.035830289125442505
6,1342,9945,0.015709474682807922
6,1343,9946,0.004609926603734493
6,1344,9947,0.03086560033261776
6,1345,9948,0.005536757875233889
6,1346,9949,0.010940591804683208
6,1347,9950,0.02590673416852951
6,1348,9951,0.001858218340203166
6,1349,9952,0.0244095828384161
6,1350,9953,0.025512024760246277
6,1351,9954,0.018917422741651535
6,1352,9955,0.01858965866267681
6,1353,9956,0.0011622464517131448
6,1354,9957,0.026575852185487747
6,1355,9958,0.007738072425127029
6,1356,9959,0.007853246293962002
6,1357,9960,0.03280946612358093
6,1358,9961,0.011756575666368008
6,1359,9962,0.08538828045129776
6,1360,9963,0.030194943770766258
6,1361,9964,0.0016541894292458892
6,1362,9965,0.008424975909292698
6,1363,9966,0.010037101805210114
6,1364,9967,0.0159289613366127
6,1365,9968,0.008091980591416359
6,1366,9969,0.025452325120568275
6,1367,9970,0.012289652600884438
6,1368,9971,0.07371682673692703
6,1369,9972,0.0857417955994606
6,1370,9973,0.0383601039648056
6,1371,9974,0.03434627503156662
6,1372,9975,0.02076244354248047
6,1373,9976,0.008783030323684216
6,1374,9977,0.020627345889806747
6,1375,9978,0.0771409422159195
6,1376,9979,0.025119628757238388
6,1377,9980,0.002041939413174987
6,1378,9981,0.012126509100198746
6,1379,9982,0.02713893912732601
6,1380,9983,0.04788133502006531
6,1381,9984,0.04776475206017494
6,1382,9985,0.015786904841661453
6,1383,9986,0.008075104095041752
6,1384,9987,0.0667712464928627
6,1385,9988,0.03809196129441261
6,1386,9989,0.050409212708473206
6,1387,9990,0.0030231319833546877
6,1388,9991,0.021660223603248596
6,1389,9992,0.040193911641836166
6,1390,9993,0.09749000519514084
6,1391,9994,0.0501522570848465
6,1392,9995,0.10236702859401703
6,1393,9996,0.05145991966128349
6,1394,9997,0.0926867127418518
6,1395,9998,0.030503900721669197
6,1396,9999,0.013536334969103336
6,1397,10000,0.0227337833493948
6,1398,10001,0.17872582376003265
6,1399,10002,0.016724416986107826
6,1400,10003,0.07077214121818542
6,1401,10004,0.002574002603068948
6,1402,10005,0.06591831892728806
6,1403,10006,0.07638853043317795
6,1404,10007,0.09707293659448624
6,1405,10008,0.023946547880768776
6,1406,10009,0.042711034417152405
6,1407,10010,0.07867518067359924
6,1408,10011,0.002251641359180212
6,1409,10012,0.04009496793150902
6,1410,10013,0.019958553835749626
6,1411,10014,0.013645600527524948
6,1412,10015,0.03895986080169678
6,1413,10016,0.00751868961378932
6,1414,10017,0.027722761034965515
6,1415,10018,0.008194387890398502
6,1416,10019,0.028564130887389183
6,1417,10020,0.0031159117352217436
6,1418,10021,0.035416796803474426
6,1419,10022,0.04335639625787735
6,1420,10023,0.01316642202436924
6,1421,10024,0.002765318611636758
6,1422,10025,0.006651065777987242
6,1423,10026,0.007937697693705559
6,1424,10027,0.01787523552775383
6,1425,10028,0.007942549884319305
6,1426,10029,0.011961162090301514
6,1427,10030,0.03269052505493164
6,1428,10031,0.048673249781131744
6,1429,10032,0.01015305332839489
6,1430,10033,0.011142423376441002
6,1431,10034,0.05056601017713547
6,1432,10035,0.042558006942272186
6,1433,10036,0.06578223407268524
6,1434,10037,0.010430995374917984
7,1,10038,0.15202470123767853
7,2,10039,0.008403540588915348
7,3,10040,0.010387233458459377
7,4,10041,0.052063994109630585
7,5,10042,0.01734267920255661
7,6,10043,0.11850662529468536
7,7,10044,0.009024830535054207
7,8,10045,0.057956255972385406
7,9,10046,0.013576686382293701
7,10,10047,0.013895074836909771
7,11,10048,0.014004845172166824
7,12,10049,0.002285334514454007
7,13,10050,0.015110274776816368
7,14,10051,0.006444320548325777
7,15,10052,0.039559703320264816
7,16,10053,0.027586041018366814
7,17,10054,0.07109671086072922
7,18,10055,0.020496539771556854
7,19,10056,0.016682231798768044
7,20,10057,0.006072878837585449
7,21,10058,0.03474488481879234
7,22,10059,0.01080313790589571
7,23,10060,0.0056268745101988316
7,24,10061,0.005984313320368528
7,25,10062,0.0975143238902092
7,26,10063,0.06882663816213608
7,27,10064,0.0077180624939501286
7,28,10065,0.026510613039135933
7,29,10066,0.032750505954027176
7,30,10067,0.016652200371026993
7,31,10068,0.019285373389720917
7,32,10069,0.0029253147076815367
7,33,10070,0.018362432718276978
7,34,10071,0.04780395328998566
7,35,10072,0.004144820384681225
7,36,10073,0.040829289704561234
7,37,10074,0.02094184048473835
7,38,10075,0.05631069466471672
7,39,10076,0.012522784993052483
7,40,10077,0.004913919139653444
7,41,10078,0.050501104444265366
7,42,10079,0.010246935300529003
7,43,10080,0.03168601915240288
7,44,10081,0.01538772787898779
7,45,10082,0.010974676348268986
7,46,10083,0.04709335044026375
7,47,10084,0.06904777884483337
7,48,10085,0.009755950421094894
7,49,10086,0.0021682055667042732
7,50,10087,0.00634382339194417
7,51,10088,0.01434002723544836
7,52,10089,0.01049602311104536
7,53,10090,0.019738122820854187
7,54,10091,0.0034583720844238997
7,55,10092,0.006084805354475975
7,56,10093,0.014212806709110737
7,57,10094,0.020707223564386368
7,58,10095,0.02021823078393936
7,59,10096,0.0045568132773041725
7,60,10097,0.016682090237736702
7,61,10098,0.016424544155597687
7,62,10099,0.009838386438786983
7,63,10100,0.058053456246852875
7,64,10101,0.0244922935962677
7,65,10102,0.004950745962560177
7,66,10103,0.020875906571745872
7,67,10104,0.018651796504855156
7,68,10105,0.0020102111157029867
7,69,10106,0.0034705856814980507
7,70,10107,0.023239806294441223
7,71,10108,0.027652591466903687
7,72,10109,0.036925047636032104
7,73,10110,0.01981009915471077
7,74,10111,0.004491749685257673
7,75,10112,0.048223480582237244
7,76,10113,0.011763973161578178
7,77,10114,0.013109157793223858
7,78,10115,0.006288149859756231
7,79,10116,0.047320082783699036
7,80,10117,0.03746361285448074
7,81,10118,0.0026592197827994823
7,82,10119,0.04542962834239006
7,83,10120,0.002592614386230707
7,84,10121,0.004430599510669708
7,85,10122,0.05735079199075699
7,86,10123,0.008180543780326843
7,87,10124,0.01273108460009098
7,88,10125,0.018562810495495796
7,89,10126,0.019315699115395546
7,90,10127,0.018682964146137238
7,91,10128,0.043497759848833084
7,92,10129,0.023457445204257965
7,93,10130,0.002497053937986493
7,94,10131,0.020304422825574875
7,95,10132,0.014776669442653656
7,96,10133,0.0033428450115025043
7,97,10134,0.016937268897891045
7,98,10135,0.06674157083034515
7,99,10136,0.011333027854561806
7,100,10137,0.006956763565540314
7,101,10138,0.0026854758616536856
7,102,10139,0.01732107810676098
7,103,10140,0.011638717725872993
7,104,10141,0.007076936773955822
7,105,10142,0.004128795117139816
7,106,10143,0.031295519322156906
7,107,10144,0.02533346600830555
7,108,10145,0.07189124822616577
7,109,10146,0.003850312903523445
7,110,10147,0.015798741951584816
7,111,10148,0.028552144765853882
7,112,10149,0.007638349197804928
7,113,10150,0.008198169060051441
7,114,10151,0.02272948995232582
7,115,10152,0.010293565690517426
7,116,10153,0.0014685160713270307
7,117,10154,0.01790350116789341
7,118,10155,0.03065343201160431
7,119,10156,0.0057801781222224236
7,120,10157,0.013376610353589058
7,121,10158,0.002261875430122018
7,122,10159,0.03972218930721283
7,123,10160,0.01266818679869175
7,124,10161,0.02499900572001934
7,125,10162,0.06484578549861908
7,126,10163,0.06436369568109512
7,127,10164,0.009893708862364292
7,128,10165,0.03571765124797821
7,129,10166,0.012971301563084126
7,130,10167,0.006050083786249161
7,131,10168,0.005479161627590656
7,132,10169,0.08566677570343018
7,133,10170,0.0191433597356081
7,134,10171,0.03974349796772003
7,135,10172,0.010856488719582558
7,136,10173,0.007353060878813267
7,137,10174,0.058886654675006866
7,138,10175,0.0043726591393351555
7,139,10176,0.0228420402854681
7,140,10177,0.009577464312314987
7,141,10178,0.04227663576602936
7,142,10179,0.01440831832587719
7,143,10180,0.003812354290857911
7,144,10181,0.005748381372541189
7,145,10182,0.030315829440951347
7,146,10183,0.04143416881561279
7,147,10184,0.009306513704359531
7,148,10185,0.006788600701838732
7,149,10186,0.017901893705129623
7,150,10187,0.04253564029932022
7,151,10188,0.0037719167303293943
7,152,10189,0.005174749065190554
7,153,10190,0.0019055306911468506
7,154,10191,0.02384454384446144
7,155,10192,0.004452765919268131
7,156,10193,0.007301906123757362
7,157,10194,0.02005501091480255
7,158,10195,0.009332936257123947
7,159,10196,0.03114166110754013
7,160,10197,0.051756877452135086
7,161,10198,0.012848228216171265
7,162,10199,0.016757352277636528
7,163,10200,0.0016779993893578649
7,164,10201,0.03602266684174538
7,165,10202,0.02032717876136303
7,166,10203,0.007380835246294737
7,167,10204,0.0032516128849238157
7,168,10205,0.002808511024340987
7,169,10206,0.006328761577606201
7,170,10207,0.021986672654747963
7,171,10208,0.026620393618941307
7,172,10209,0.01668027602136135
7,173,10210,0.02111225202679634
7,174,10211,0.016443664208054543
7,175,10212,0.001988115720450878
7,176,10213,0.010482725687325
7,177,10214,0.00963758397847414
7,178,10215,0.05561432987451553
7,179,10216,0.023781143128871918
7,180,10217,0.0055344849824905396
7,181,10218,0.005589006934314966
7,182,10219,0.003904597833752632
7,183,10220,0.05041336268186569
7,184,10221,0.017978833988308907
7,185,10222,0.019460342824459076
7,186,10223,0.03849368169903755
7,187,10224,0.015994088724255562
7,188,10225,0.04376044124364853
7,189,10226,0.028956059366464615
7,190,10227,0.02186836488544941
7,191,10228,0.05734914168715477
7,192,10229,0.02961227484047413
7,193,10230,0.003386430675163865
7,194,10231,0.008440063335001469
7,195,10232,0.009628994390368462
7,196,10233,0.00994375441223383
7,197,10234,0.004431058652698994
7,198,10235,0.05344398319721222
7,199,10236,0.007523439824581146
7,200,10237,0.012277745641767979
7,201,10238,0.014638124033808708
7,202,10239,0.002298902254551649
7,203,10240,0.046915944665670395
7,204,10241,0.05415857955813408
7,205,10242,0.0019372031092643738
7,206,10243,0.014110690914094448
7,207,10244,0.028775228187441826
7,208,10245,0.004614126868546009
7,209,10246,0.035921886563301086
7,210,10247,0.014695074409246445
7,211,10248,0.00635136105120182
7,212,10249,0.021797513589262962
7,213,10250,0.0023374673910439014
7,214,10251,0.004895015154033899
7,215,10252,0.003528088564053178
7,216,10253,0.003259661141782999
7,217,10254,0.013573337346315384
7,218,10255,0.008434607647359371
7,219,10256,0.0037067558150738478
7,220,10257,0.00474172830581665
7,221,10258,0.03546358644962311
7,222,10259,0.0036397764924913645
7,223,10260,0.017552033066749573
7,224,10261,0.007406875491142273
7,225,10262,0.005024666897952557
7,226,10263,0.006879853084683418
7,227,10264,0.05851943418383598
7,228,10265,0.02828388847410679
7,229,10266,0.016192760318517685
7,230,10267,0.0010222464334219694
7,231,10268,0.002141308970749378
7,232,10269,0.0037134892772883177
7,233,10270,0.0027427885215729475
7,234,10271,0.0758039578795433
7,235,10272,0.017241528257727623
7,236,10273,0.001397226587869227
7,237,10274,0.05949167162179947
7,238,10275,0.0016001210315153003
7,239,10276,0.004557201638817787
7,240,10277,0.022103847935795784
7,241,10278,0.0270981565117836
7,242,10279,0.06028229370713234
7,243,10280,0.06687995046377182
7,244,10281,0.026781683787703514
7,245,10282,0.06145339459180832
7,246,10283,0.053082242608070374
7,247,10284,0.0030776781495660543
7,248,10285,0.005675707943737507
7,249,10286,0.006286385469138622
7,250,10287,0.00730099156498909
7,251,10288,0.0038353174459189177
7,252,10289,0.0360119566321373
7,253,10290,0.01330475602298975
7,254,10291,0.013106628321111202
7,255,10292,0.00399127509444952
7,256,10293,0.030741803348064423
7,257,10294,0.01459669042378664
7,258,10295,0.0042084017768502235
7,259,10296,0.002004144713282585
7,260,10297,0.023385655134916306
7,261,10298,0.0032333743292838335
7,262,10299,0.018622323870658875
7,263,10300,0.004096477758139372
7,264,10301,0.06669219583272934
7,265,10302,0.004815071355551481
7,266,10303,0.003935990855097771
7,267,10304,0.012741965241730213
7,268,10305,0.007906598038971424
7,269,10306,0.033028483390808105
7,270,10307,0.013753973878920078
7,271,10308,0.04659371078014374
7,272,10309,0.03363201767206192
7,273,10310,0.006387806497514248
7,274,10311,0.06387803703546524
7,275,10312,0.009585937485098839
7,276,10313,0.006224691402167082
7,277,10314,0.10697973519563675
7,278,10315,0.009205378592014313
7,279,10316,0.023967094719409943
7,280,10317,0.00667536212131381
7,281,10318,0.059474535286426544
7,282,10319,0.004345279186964035
7,283,10320,0.008749165572226048
7,284,10321,0.007716586347669363
7,285,10322,0.08713843673467636
7,286,10323,0.04327692836523056
7,287,10324,0.008603177964687347
7,288,10325,0.008056512102484703
7,289,10326,0.07201015204191208
7,290,10327,0.022999783977866173
7,291,10328,0.0018714879406616092
7,292,10329,0.06840318441390991
7,293,10330,0.10865186899900436
7,294,10331,0.035385891795158386
7,295,10332,0.023924730718135834
7,296,10333,0.006809131242334843
7,297,10334,0.08597399294376373
7,298,10335,0.05277372896671295
7,299,10336,0.04530276358127594
7,300,10337,0.01235143281519413
7,301,10338,0.03401603177189827
7,302,10339,0.00707975821569562
7,303,10340,0.010533809661865234
7,304,10341,0.014521017670631409
7,305,10342,0.11184629052877426
7,306,10343,0.0617336742579937
7,307,10344,0.005808892194181681
7,308,10345,0.044448643922805786
7,309,10346,0.015548626892268658
7,310,10347,0.026364052668213844
7,311,10348,0.009522943757474422
7,312,10349,0.05808696895837784
7,313,10350,0.008570884354412556
7,314,10351,0.01779298670589924
7,315,10352,0.019795117899775505
7,316,10353,0.005003980360925198
7,317,10354,0.0688215047121048
7,318,10355,0.004458350595086813
7,319,10356,0.016066929325461388
7,320,10357,0.08631888777017593
7,321,10358,0.018586022779345512
7,322,10359,0.010472766123712063
7,323,10360,0.0058214678429067135
7,324,10361,0.005301664583384991
7,325,10362,0.07522977888584137
7,326,10363,0.021192874759435654
7,327,10364,0.027469109743833542
7,328,10365,0.017961887642741203
7,329,10366,0.019460566341876984
7,330,10367,0.007293990347534418
7,331,10368,0.007657963782548904
7,332,10369,0.004556742962449789
7,333,10370,0.03088105097413063
7,334,10371,0.0922127515077591
7,335,10372,0.00954911857843399
7,336,10373,0.01927049458026886
7,337,10374,0.0056273299269378185
7,338,10375,0.00950351171195507
7,339,10376,0.03588661178946495
7,340,10377,0.04399416968226433
7,341,10378,0.06022217497229576
7,342,10379,0.049577370285987854
7,343,10380,0.03773011639714241
7,344,10381,0.02503581903874874
7,345,10382,0.03917485848069191
7,346,10383,0.04344550147652626
7,347,10384,0.09806375205516815
7,348,10385,0.013918960466980934
7,349,10386,0.0062018646858632565
7,350,10387,0.020996825769543648
7,351,10388,0.03335149586200714
7,352,10389,0.010298608802258968
7,353,10390,0.010148086585104465
7,354,10391,0.014404797926545143
7,355,10392,0.020522013306617737
7,356,10393,0.07045077532529831
7,357,10394,0.0034032396506518126
7,358,10395,0.028392687439918518
7,359,10396,0.05042944476008415
7,360,10397,0.017468908801674843
7,361,10398,0.01478017121553421
7,362,10399,0.008701552636921406
7,363,10400,0.03703923523426056
7,364,10401,0.04832710698246956
7,365,10402,0.0654693990945816
7,366,10403,0.01064879447221756
7,367,10404,0.01728922128677368
7,368,10405,0.1016344204545021
7,369,10406,0.019781259819865227
7,370,10407,0.003368793288245797
7,371,10408,0.012502172030508518
7,372,10409,0.018542880192399025
7,373,10410,0.021610474213957787
7,374,10411,0.010939420200884342
7,375,10412,0.0004953316529281437
7,376,10413,0.009775600396096706
7,377,10414,0.002291741082444787
7,378,10415,0.0034957730676978827
7,379,10416,0.031540047377347946
7,380,10417,0.07418260723352432
7,381,10418,0.028692027553915977
7,382,10419,0.03769927844405174
7,383,10420,0.0011357010807842016
7,384,10421,0.09567752480506897
7,385,10422,0.013055265881121159
7,386,10423,0.01639656163752079
7,387,10424,0.007860959507524967
7,388,10425,0.08666817843914032
7,389,10426,0.05167710408568382
7,390,10427,0.028022343292832375
7,391,10428,0.11709540337324142
7,392,10429,0.01245234627276659
7,393,10430,0.016801349818706512
7,394,10431,0.03873935341835022
7,395,10432,0.012343942187726498
7,396,10433,0.02167695201933384
7,397,10434,0.014615364372730255
7,398,10435,0.13005761802196503
7,399,10436,0.004711136221885681
7,400,10437,0.007495116908103228
7,401,10438,0.016507383435964584
7,402,10439,0.005487642250955105
7,403,10440,0.012746766209602356
7,404,10441,0.014299117028713226
7,405,10442,0.01608414016664028
7,406,10443,0.016425054520368576
7,407,10444,0.011320020072162151
7,408,10445,0.05516970902681351
7,409,10446,0.011335853487253189
7,410,10447,0.0014856503112241626
7,411,10448,0.09556688368320465
7,412,10449,0.007213704753667116
7,413,10450,0.002772090956568718
7,414,10451,0.04532897099852562
7,415,10452,0.0026254241820424795
7,416,10453,0.0511743538081646
7,417,10454,0.006225261837244034
7,418,10455,0.006082630250602961
7,419,10456,0.007991671562194824
7,420,10457,0.020723024383187294
7,421,10458,0.03245949745178223
7,422,10459,0.00091644556960091
7,423,10460,0.009855436161160469
7,424,10461,0.05948952957987785
7,425,10462,0.011199809610843658
7,426,10463,0.0068649230524897575
7,427,10464,0.004211802501231432
7,428,10465,0.007266180124133825
7,429,10466,0.05380997061729431
7,430,10467,0.028972957283258438
7,431,10468,0.026551956310868263
7,432,10469,0.01191593986004591
7,433,10470,0.06240828335285187
7,434,10471,0.004391286056488752
7,435,10472,0.04237420856952667
7,436,10473,0.03025718219578266
7,437,10474,0.00446214247494936
7,438,10475,0.03488241136074066
7,439,10476,0.01792183145880699
7,440,10477,0.060809310525655746
7,441,10478,0.0073359874077141285
7,442,10479,0.08354528993368149
7,443,10480,0.04333236441016197
7,444,10481,0.008652370423078537
7,445,10482,0.020379524677991867
7,446,10483,0.01474627573043108
7,447,10484,0.011451276019215584
7,448,10485,0.03625115007162094
7,449,10486,0.007385288365185261
7,450,10487,0.04658186063170433
7,451,10488,0.00833513680845499
7,452,10489,0.011548025533556938
7,453,10490,0.003359694965183735
7,454,10491,0.019951289519667625
7,455,10492,0.003691854188218713
7,456,10493,0.002537434222176671
7,457,10494,0.024705687537789345
7,458,10495,0.00440381933003664
7,459,10496,0.06377100944519043
7,460,10497,0.006897196173667908
7,461,10498,0.002571042627096176
7,462,10499,0.007184144575148821
7,463,10500,0.0003093309060204774
7,464,10501,0.026203317567706108
7,465,10502,0.00265036360360682
7,466,10503,0.018765557557344437
7,467,10504,0.0734722763299942
7,468,10505,0.017436791211366653
7,469,10506,0.014369694516062737
7,470,10507,0.01065782830119133
7,471,10508,0.002012467011809349
7,472,10509,0.06725183129310608
7,473,10510,0.024080844596028328
7,474,10511,0.02314017526805401
7,475,10512,0.024983679875731468
7,476,10513,0.05258490890264511
7,477,10514,0.010637437924742699
7,478,10515,0.0058469995856285095
7,479,10516,0.016221415251493454
7,480,10517,0.015040627680718899
7,481,10518,0.00954296812415123
7,482,10519,0.02636321261525154
7,483,10520,0.002040602033957839
7,484,10521,0.0309254489839077
7,485,10522,0.020406251773238182
7,486,10523,0.02398073300719261
7,487,10524,0.0049907490611076355
7,488,10525,0.03186739608645439
7,489,10526,0.002803776180371642
7,490,10527,0.01229272224009037
7,491,10528,0.005420565605163574
7,492,10529,0.040141280740499496
7,493,10530,0.0033068463671952486
7,494,10531,0.06303171068429947
7,495,10532,0.10089738667011261
7,496,10533,0.016055146232247353
7,497,10534,0.003150591626763344
7,498,10535,0.014630681835114956
7,499,10536,0.06033722311258316
7,500,10537,0.007732655853033066
7,501,10538,0.01739339530467987
7,502,10539,0.012142376974225044
7,503,10540,0.022256772965192795
7,504,10541,0.12053809314966202
7,505,10542,0.00970869604498148
7,506,10543,0.07317343354225159
7,507,10544,0.023420194163918495
7,508,10545,0.026436183601617813
7,509,10546,0.039939746260643005
7,510,10547,0.02327459119260311
7,511,10548,0.01288831327110529
7,512,10549,0.005567916203290224
7,513,10550,0.08329186588525772
7,514,10551,0.0359145849943161
7,515,10552,0.010095790959894657
7,516,10553,0.013060130178928375
7,517,10554,0.01617756485939026
7,518,10555,0.0029813931323587894
7,519,10556,0.07685369998216629
7,520,10557,0.04617598280310631
7,521,10558,0.08529745042324066
7,522,10559,0.02581784874200821
7,523,10560,0.006511634215712547
7,524,10561,0.01626685820519924
7,525,10562,0.010684371925890446
7,526,10563,0.07285230606794357
7,527,10564,0.038305364549160004
7,528,10565,0.0515371598303318
7,529,10566,0.0059148105792701244
7,530,10567,0.0068427626974880695
7,531,10568,0.059794265776872635
7,532,10569,0.04678573086857796
7,533,10570,0.0892614871263504
7,534,10571,0.025100549682974815
7,535,10572,0.019850846379995346
7,536,10573,0.011146231554448605
7,537,10574,0.0017671118257567286
7,538,10575,0.040614452213048935
7,539,10576,0.003120505716651678
7,540,10577,0.027039475739002228
7,541,10578,0.05965747684240341
7,542,10579,0.013696914538741112
7,543,10580,0.09488033503293991
7,544,10581,0.0034157733898609877
7,545,10582,0.010709100402891636
7,546,10583,0.007718377280980349
7,547,10584,0.03227115049958229
7,548,10585,0.015202867798507214
7,549,10586,0.07649890333414078
7,550,10587,0.014725086279213428
7,551,10588,0.07147523760795593
7,552,10589,0.028718892484903336
7,553,10590,0.003075813641771674
7,554,10591,0.003311689244583249
7,555,10592,0.0831686481833458
7,556,10593,0.0035179925616830587
7,557,10594,0.0017863751854747534
7,558,10595,0.02285458892583847
7,559,10596,0.01770426519215107
7,560,10597,0.030081171542406082
7,561,10598,0.0005991293583065271
7,562,10599,0.08696653693914413
7,563,10600,0.17162613570690155
7,564,10601,0.005462056491523981
7,565,10602,0.03448382765054703
7,566,10603,0.06666575372219086
7,567,10604,0.05624869465827942
7,568,10605,0.01038780715316534
7,569,10606,0.03094564937055111
7,570,10607,0.052450891584157944
7,571,10608,0.031121879816055298
7,572,10609,0.049090076237916946
7,573,10610,0.04842417687177658
7,574,10611,0.09152683615684509
7,575,10612,0.04594733938574791
7,576,10613,0.011309459805488586
7,577,10614,0.02629147097468376
7,578,10615,0.04616148769855499
7,579,10616,0.013080698437988758
7,580,10617,0.008625374175608158
7,581,10618,0.018344800919294357
7,582,10619,0.003989153075963259
7,583,10620,0.018795618787407875
7,584,10621,0.007974461652338505
7,585,10622,0.02123594842851162
7,586,10623,0.009616829454898834
7,587,10624,0.051303423941135406
7,588,10625,0.12225136905908585
7,589,10626,0.019492175430059433
7,590,10627,0.07343041896820068
7,591,10628,0.038613300770521164
7,592,10629,0.006218225695192814
7,593,10630,0.013223404996097088
7,594,10631,0.006091397721320391
7,595,10632,0.04003489762544632
7,596,10633,0.007717751897871494
7,597,10634,0.058923956006765366
7,598,10635,0.009586821310222149
7,599,10636,0.013975863344967365
7,600,10637,0.02604769356548786
7,601,10638,0.039828184992074966
7,602,10639,0.006699530873447657
7,603,10640,0.0350627675652504
7,604,10641,0.04238006845116615
7,605,10642,0.0059702442958951
7,606,10643,0.009620597586035728
7,607,10644,0.0017423754325136542
7,608,10645,0.05844055488705635
7,609,10646,0.04232000559568405
7,610,10647,0.01238984428346157
7,611,10648,0.015157101675868034
7,612,10649,0.02402586117386818
7,613,10650,0.040897004306316376
7,614,10651,0.003816718701273203
7,615,10652,0.005162885878235102
7,616,10653,0.001417430117726326
7,617,10654,0.01399914175271988
7,618,10655,0.01796509511768818
7,619,10656,0.07336652278900146
7,620,10657,0.012137604877352715
7,621,10658,0.10755284875631332
7,622,10659,0.04035218805074692
7,623,10660,0.007810302544385195
7,624,10661,0.027475440874695778
7,625,10662,0.009861307218670845
7,626,10663,0.04176650941371918
7,627,10664,0.022712307050824165
7,628,10665,0.002648422960191965
7,629,10666,0.017199894413352013
7,630,10667,0.007676864508539438
7,631,10668,0.014899792149662971
7,632,10669,0.010220411233603954
7,633,10670,0.034248024225234985
7,634,10671,0.02432166412472725
7,635,10672,0.04835942015051842
7,636,10673,0.0062028635293245316
7,637,10674,0.016351841390132904
7,638,10675,0.008933295495808125
7,639,10676,0.02097013220191002
7,640,10677,0.0032998870592564344
7,641,10678,0.008910322561860085
7,642,10679,0.04119005426764488
7,643,10680,0.01220761239528656
7,644,10681,0.008073831908404827
7,645,10682,0.039971739053726196
7,646,10683,0.014963480643928051
7,647,10684,0.037292953580617905
7,648,10685,0.0026397386100143194
7,649,10686,0.0015857089310884476
7,650,10687,0.061820272356271744
7,651,10688,0.003952741157263517
7,652,10689,0.003291585948318243
7,653,10690,0.0024014697410166264
7,654,10691,0.04670347645878792
7,655,10692,0.03294485807418823
7,656,10693,0.015589674934744835
7,657,10694,0.025553463026881218
7,658,10695,0.04076410457491875
7,659,10696,0.01782774180173874
7,660,10697,0.0069926027208566666
7,661,10698,0.005909442435950041
7,662,10699,0.013742662034928799
7,663,10700,0.05170873552560806
7,664,10701,0.06328514963388443
7,665,10702,0.001948850811459124
7,666,10703,0.04877543821930885
7,667,10704,0.009449067525565624
7,668,10705,0.10802990198135376
7,669,10706,0.005938970483839512
7,670,10707,0.049643658101558685
7,671,10708,0.005297827068716288
7,672,10709,0.05181989073753357
7,673,10710,0.00461303535848856
7,674,10711,0.03252939134836197
7,675,10712,0.06857205182313919
7,676,10713,0.005191083066165447
7,677,10714,0.03954894095659256
7,678,10715,0.03301939740777016
7,679,10716,0.011637001298367977
7,680,10717,0.05134887620806694
7,681,10718,0.0036137441638857126
7,682,10719,0.06345907598733902
7,683,10720,0.03136783465743065
7,684,10721,0.033798910677433014
7,685,10722,0.013184084556996822
7,686,10723,0.00387793080881238
7,687,10724,0.004661644343286753
7,688,10725,0.002389585832133889
7,689,10726,0.037981923669576645
7,690,10727,0.01723659597337246
7,691,10728,0.080928735435009
7,692,10729,0.014171602204442024
7,693,10730,0.045769739896059036
7,694,10731,0.006865633651614189
7,695,10732,0.014979311265051365
7,696,10733,0.02059835009276867
7,697,10734,0.022488558664917946
7,698,10735,0.027009589597582817
7,699,10736,0.003626014105975628
7,700,10737,0.03128659725189209
7,701,10738,0.004923650994896889
7,702,10739,0.12630365788936615
7,703,10740,0.02443491667509079
7,704,10741,0.00467210216447711
7,705,10742,0.02420905791223049
7,706,10743,0.007754521910101175
7,707,10744,0.06555405259132385
7,708,10745,0.14067524671554565
7,709,10746,0.0020242384634912014
7,710,10747,0.04750543832778931
7,711,10748,0.013188974931836128
7,712,10749,0.018055105581879616
7,713,10750,0.02796441875398159
7,714,10751,0.005397330038249493
7,715,10752,0.021043673157691956
7,716,10753,0.020847156643867493
7,717,10754,0.0029623156879097223
7,718,10755,0.005328437779098749
7,719,10756,0.005337508395314217
7,720,10757,0.08988604694604874
7,721,10758,0.0034949893597513437
7,722,10759,0.014534354209899902
7,723,10760,0.017378488555550575
7,724,10761,0.04674344137310982
7,725,10762,0.00820494256913662
7,726,10763,0.0015645702369511127
7,727,10764,0.0024142712354660034
7,728,10765,0.005392027087509632
7,729,10766,0.00949570070952177
7,730,10767,0.009613463655114174
7,731,10768,0.011996978893876076
7,732,10769,0.00572001188993454
7,733,10770,0.08839316666126251
7,734,10771,0.07285598665475845
7,735,10772,0.01853863149881363
7,736,10773,0.028943944722414017
7,737,10774,0.023438962176442146
7,738,10775,0.0007372337277047336
7,739,10776,0.03383916988968849
7,740,10777,0.0545814074575901
7,741,10778,0.0038905709516257048
7,742,10779,0.09293932467699051
7,743,10780,0.07818856835365295
7,744,10781,0.01044648326933384
7,745,10782,0.06788691133260727
7,746,10783,0.0014190806541591883
7,747,10784,0.06559444218873978
7,748,10785,0.058819081634283066
7,749,10786,0.006904474925249815
7,750,10787,0.028974391520023346
7,751,10788,0.006406871136277914
7,752,10789,0.007175944745540619
7,753,10790,0.006098918616771698
7,754,10791,0.01792607456445694
7,755,10792,0.029675107449293137
7,756,10793,0.016284218057990074
7,757,10794,0.002513028448447585
7,758,10795,0.003914485685527325
7,759,10796,0.1424402892589569
7,760,10797,0.011269149370491505
7,761,10798,0.009439305402338505
7,762,10799,0.06827487796545029
7,763,10800,0.049077730625867844
7,764,10801,0.09309476613998413
7,765,10802,0.014055408537387848
7,766,10803,0.00306794629432261
7,767,10804,0.014969482086598873
7,768,10805,0.01045540627092123
7,769,10806,0.02261699177324772
7,770,10807,0.0058085499331355095
7,771,10808,0.03978471830487251
7,772,10809,0.013478386215865612
7,773,10810,0.0037972605787217617
7,774,10811,0.031052835285663605
7,775,10812,0.017955666407942772
7,776,10813,0.005691321566700935
7,777,10814,0.003270201850682497
7,778,10815,0.16811342537403107
7,779,10816,0.0641753152012825
7,780,10817,0.016498714685440063
7,781,10818,0.0022264793515205383
7,782,10819,0.057106226682662964
7,783,10820,0.06524919718503952
7,784,10821,0.056635092943906784
7,785,10822,0.050353068858385086
7,786,10823,0.033123940229415894
7,787,10824,0.006720605306327343
7,788,10825,0.022691432386636734
7,789,10826,0.06970667093992233
7,790,10827,0.008913092315196991
7,791,10828,0.00483068497851491
7,792,10829,0.002027173526585102
7,793,10830,0.015356016345322132
7,794,10831,0.006368186324834824
7,795,10832,0.019562359899282455
7,796,10833,0.032406944781541824
7,797,10834,0.014876551926136017
7,798,10835,0.08191632479429245
7,799,10836,0.042851246893405914
7,800,10837,0.0030384359415620565
7,801,10838,0.009059559553861618
7,802,10839,0.07432876527309418
7,803,10840,0.00308823655359447
7,804,10841,0.02492009475827217
7,805,10842,0.06870508939027786
7,806,10843,0.029732830822467804
7,807,10844,0.022168168798089027
7,808,10845,0.00827229954302311
7,809,10846,0.0626581534743309
7,810,10847,0.00787664856761694
7,811,10848,0.051455989480018616
7,812,10849,0.01800159178674221
7,813,10850,0.05271650478243828
7,814,10851,0.01447875052690506
7,815,10852,0.04422063007950783
7,816,10853,0.01042221486568451
7,817,10854,0.0049308473244309425
7,818,10855,0.00823916681110859
7,819,10856,0.08932109922170639
7,820,10857,0.02296862006187439
7,821,10858,0.00701939919963479
7,822,10859,0.026746749877929688
7,823,10860,0.001727457158267498
7,824,10861,0.012829756364226341
7,825,10862,0.003441525623202324
7,826,10863,0.015351789072155952
7,827,10864,0.01646018773317337
7,828,10865,0.024406850337982178
7,829,10866,0.002702844562008977
7,830,10867,0.01023950707167387
7,831,10868,0.03864842280745506
7,832,10869,0.005324607715010643
7,833,10870,0.02376026101410389
7,834,10871,0.02547384425997734
7,835,10872,0.001743811066262424
7,836,10873,0.01754450984299183
7,837,10874,0.017468145117163658
7,838,10875,0.03976874798536301
7,839,10876,0.00960173923522234
7,840,10877,0.002985504223033786
7,841,10878,0.002791397972032428
7,842,10879,0.010796092450618744
7,843,10880,0.007835670374333858
7,844,10881,0.034290947020053864
7,845,10882,0.01961231604218483
7,846,10883,0.025820594280958176
7,847,10884,0.05659094825387001
7,848,10885,0.0065428391098976135
7,849,10886,0.03634500131011009
7,850,10887,0.007496010046452284
7,851,10888,0.03610613942146301
7,852,10889,0.01960604451596737
7,853,10890,0.031244264915585518
7,854,10891,0.005131725687533617
7,855,10892,0.009889346547424793
7,856,10893,0.006819015368819237
7,857,10894,0.018559535965323448
7,858,10895,0.022254427894949913
7,859,10896,0.004432207904756069
7,860,10897,0.007328223902732134
7,861,10898,0.048504602164030075
7,862,10899,0.04802995175123215
7,863,10900,0.07439668476581573
7,864,10901,0.0014337811153382063
7,865,10902,0.008779117837548256
7,866,10903,0.04587824270129204
7,867,10904,0.015762638300657272
7,868,10905,0.002409639535471797
7,869,10906,0.003967946860939264
7,870,10907,0.005832472816109657
7,871,10908,0.01075455080717802
7,872,10909,0.023400502279400826
7,873,10910,0.01027663517743349
7,874,10911,0.016929300501942635
7,875,10912,0.04428793117403984
7,876,10913,0.0036737066693603992
7,877,10914,0.054121725261211395
7,878,10915,0.016995323821902275
7,879,10916,0.0026970375329256058
7,880,10917,0.016959963366389275
7,881,10918,0.004484629724174738
7,882,10919,0.010685328394174576
7,883,10920,0.03984379395842552
7,884,10921,0.0025432819966226816
7,885,10922,0.0011392757296562195
7,886,10923,0.010053110308945179
7,887,10924,0.03164445608854294
7,888,10925,0.03701833635568619
7,889,10926,0.04012621194124222
7,890,10927,0.002763400785624981
7,891,10928,0.003059048904106021
7,892,10929,0.03947056457400322
7,893,10930,0.005709869787096977
7,894,10931,0.0064664194360375404
7,895,10932,0.005706063937395811
7,896,10933,0.001254027709364891
7,897,10934,0.005031932611018419
7,898,10935,0.007818884216248989
7,899,10936,0.030097058042883873
7,900,10937,0.023631207644939423
7,901,10938,0.019687671214342117
7,902,10939,0.0022370023652911186
7,903,10940,0.011931045912206173
7,904,10941,0.022008245810866356
7,905,10942,0.08169319480657578
7,906,10943,0.007514503318816423
7,907,10944,0.007738390006124973
7,908,10945,0.020662223920226097
7,909,10946,0.020658448338508606
7,910,10947,0.03503727540373802
7,911,10948,0.05608025938272476
7,912,10949,0.005097298417240381
7,913,10950,0.008133391849696636
7,914,10951,0.026448458433151245
7,915,10952,0.00796040054410696
7,916,10953,0.03731732815504074
7,917,10954,0.050632353872060776
7,918,10955,0.058152880519628525
7,919,10956,0.026808077469468117
7,920,10957,0.007007395848631859
7,921,10958,0.011358115822076797
7,922,10959,0.006778337527066469
7,923,10960,0.08781420439481735
7,924,10961,0.0035118020605295897
7,925,10962,0.02368200570344925
7,926,10963,0.11276885867118835
7,927,10964,0.06739852577447891
7,928,10965,0.03300965204834938
7,929,10966,0.029822906479239464
7,930,10967,0.04699163883924484
7,931,10968,0.0327412411570549
7,932,10969,0.051826607435941696
7,933,10970,0.01276168692857027
7,934,10971,0.06935036182403564
7,935,10972,0.0027708241250365973
7,936,10973,0.006680852267891169
7,937,10974,0.007276953663676977
7,938,10975,0.021904539316892624
7,939,10976,0.09615276008844376
7,940,10977,0.006834174040704966
7,941,10978,0.0059607489965856075
7,942,10979,0.0034362736623734236
7,943,10980,0.05293038859963417
7,944,10981,0.007995710708200932
7,945,10982,0.004564945586025715
7,946,10983,0.0053092846646904945
7,947,10984,0.012759603559970856
7,948,10985,0.06480811536312103
7,949,10986,0.003453159471973777
7,950,10987,0.00309215416200459
7,951,10988,0.08546056598424911
7,952,10989,0.037479840219020844
7,953,10990,0.0076889898627996445
7,954,10991,0.00411200663074851
7,955,10992,0.005605688318610191
7,956,10993,0.02503916807472706
7,957,10994,0.012802480719983578
7,958,10995,0.057017892599105835
7,959,10996,0.008619553409516811
7,960,10997,0.02943374402821064
7,961,10998,0.005047264974564314
7,962,10999,0.006990351714193821
7,963,11000,0.017634976655244827
7,964,11001,0.008975771255791187
7,965,11002,0.0357050746679306
7,966,11003,0.008534377440810204
7,967,11004,0.014012065716087818
7,968,11005,0.02067696675658226
7,969,11006,0.01867442950606346
7,970,11007,0.01231912337243557
7,971,11008,0.0025757073890417814
7,972,11009,0.007298123091459274
7,973,11010,0.015201077796518803
7,974,11011,0.017819911241531372
7,975,11012,0.02604217827320099
7,976,11013,0.007345914375036955
7,977,11014,0.016519097611308098
7,978,11015,0.01748477667570114
7,979,11016,0.00250586261972785
7,980,11017,0.05636156350374222
7,981,11018,0.03823977708816528
7,982,11019,0.008024875074625015
7,983,11020,0.008516237139701843
7,984,11021,0.002222446957603097
7,985,11022,0.009131040424108505
7,986,11023,0.003243934828788042
7,987,11024,0.03380630910396576
7,988,11025,0.04322536662220955
7,989,11026,0.05024389177560806
7,990,11027,0.08602167665958405
7,991,11028,0.005513436160981655
7,992,11029,0.003157969331368804
7,993,11030,0.01723577454686165
7,994,11031,0.004224546253681183
7,995,11032,0.0029117129743099213
7,996,11033,0.04919115826487541
7,997,11034,0.002510534366592765
7,998,11035,0.02862139418721199
7,999,11036,0.003011756343767047
7,1000,11037,0.02919195033609867
7,1001,11038,0.044075846672058105
7,1002,11039,0.031246908009052277
7,1003,11040,0.0061060115694999695
7,1004,11041,0.013856731355190277
7,1005,11042,0.004017102997750044
7,1006,11043,0.020222220569849014
7,1007,11044,0.004310304298996925
7,1008,11045,0.02287757210433483
7,1009,11046,0.05867921933531761
7,1010,11047,0.013898704200983047
7,1011,11048,0.004877798724919558
7,1012,11049,0.041655659675598145
7,1013,11050,0.006481186952441931
7,1014,11051,0.041440337896347046
7,1015,11052,0.0036374488845467567
7,1016,11053,0.04741538688540459
7,1017,11054,0.007430484984070063
7,1018,11055,0.0025598574429750443
7,1019,11056,0.0029916020575910807
7,1020,11057,0.008600153960287571
7,1021,11058,0.08230795711278915
7,1022,11059,0.03261706978082657
7,1023,11060,0.005134211853146553
7,1024,11061,0.016838477924466133
7,1025,11062,0.037227142602205276
7,1026,11063,0.0014109229668974876
7,1027,11064,0.009902535006403923
7,1028,11065,0.005837102886289358
7,1029,11066,0.002897869795560837
7,1030,11067,0.03334436193108559
7,1031,11068,0.015364597551524639
7,1032,11069,0.00491354102268815
7,1033,11070,0.00475264061242342
7,1034,11071,0.08745987713336945
7,1035,11072,0.01124537643045187
7,1036,11073,0.01934688165783882
7,1037,11074,0.010502461344003677
7,1038,11075,0.030750133097171783
7,1039,11076,0.010563172399997711
7,1040,11077,0.0167617816478014
7,1041,11078,0.029138701036572456
7,1042,11079,0.01266054529696703
7,1043,11080,0.004760405980050564
7,1044,11081,0.0023387393448501825
7,1045,11082,0.015294509939849377
7,1046,11083,0.004162115510553122
7,1047,11084,0.06874258816242218
7,1048,11085,0.05132446810603142
7,1049,11086,0.037026356905698776
7,1050,11087,0.007328334264457226
7,1051,11088,0.03939163684844971
7,1052,11089,0.011494105681777
7,1053,11090,0.007039232645183802
7,1054,11091,0.03670484945178032
7,1055,11092,0.001498313737101853
7,1056,11093,0.011514830403029919
7,1057,11094,0.007134908810257912
7,1058,11095,0.030163023620843887
7,1059,11096,0.002810382517054677
7,1060,11097,0.04878542572259903
7,1061,11098,0.07606983929872513
7,1062,11099,0.005979240406304598
7,1063,11100,0.033325597643852234
7,1064,11101,0.016478156670928
7,1065,11102,0.0032813958823680878
7,1066,11103,0.013040119782090187
7,1067,11104,0.0076861390843987465
7,1068,11105,0.0047349100932478905
7,1069,11106,0.024714557453989983
7,1070,11107,0.06157778948545456
7,1071,11108,0.02731867879629135
7,1072,11109,0.004625116940587759
7,1073,11110,0.006954200100153685
7,1074,11111,0.009455588646233082
7,1075,11112,0.04376460239291191
7,1076,11113,0.0008229828672483563
7,1077,11114,0.003279860829934478
7,1078,11115,0.006738151889294386
7,1079,11116,0.0020061894319951534
7,1080,11117,0.0012118223821744323
7,1081,11118,0.03988419845700264
7,1082,11119,0.01983281411230564
7,1083,11120,0.002252609236165881
7,1084,11121,0.02014504373073578
7,1085,11122,0.0017824167152866721
7,1086,11123,0.0037958433385938406
7,1087,11124,0.009573198854923248
7,1088,11125,0.017687203362584114
7,1089,11126,0.007860945537686348
7,1090,11127,0.06023132801055908
7,1091,11128,0.0014621363952755928
7,1092,11129,0.003914580214768648
7,1093,11130,0.01458908710628748
7,1094,11131,0.06562376767396927
7,1095,11132,0.007432957645505667
7,1096,11133,0.004230813588947058
7,1097,11134,0.004707165993750095
7,1098,11135,0.03644891455769539
7,1099,11136,0.009869595989584923
7,1100,11137,0.004888402298092842
7,1101,11138,0.0027829278260469437
7,1102,11139,0.05632524564862251
7,1103,11140,0.003765660570934415
7,1104,11141,0.004393404815346003
7,1105,11142,0.00997411273419857
7,1106,11143,0.0074532292783260345
7,1107,11144,0.006161140277981758
7,1108,11145,0.007829963229596615
7,1109,11146,0.021972691640257835
7,1110,11147,0.015808088704943657
7,1111,11148,0.00791650079190731
7,1112,11149,0.00062511523719877
7,1113,11150,0.007237202022224665
7,1114,11151,0.011376040056347847
7,1115,11152,0.0021073317620903254
7,1116,11153,0.05362594872713089
7,1117,11154,0.0018798916134983301
7,1118,11155,0.06611014157533646
7,1119,11156,0.037955980747938156
7,1120,11157,0.010710923932492733
7,1121,11158,0.02141510508954525
7,1122,11159,0.008217213675379753
7,1123,11160,0.04198472946882248
7,1124,11161,0.029568560421466827
7,1125,11162,0.004533589351922274
7,1126,11163,0.0013397701550275087
7,1127,11164,0.009931501001119614
7,1128,11165,0.010717307217419147
7,1129,11166,0.016100063920021057
7,1130,11167,0.002042706124484539
7,1131,11168,0.016157561913132668
7,1132,11169,0.08449400961399078
7,1133,11170,0.012537299655377865
7,1134,11171,0.010218007490038872
7,1135,11172,0.014970861375331879
7,1136,11173,0.0007949757273308933
7,1137,11174,0.010509478859603405
7,1138,11175,0.002270443132147193
7,1139,11176,0.0018244790844619274
7,1140,11177,0.016096359118819237
7,1141,11178,0.0009571058908477426
7,1142,11179,0.020592793822288513
7,1143,11180,0.00645457161590457
7,1144,11181,0.012011218816041946
7,1145,11182,0.006572323851287365
7,1146,11183,0.007871938869357109
7,1147,11184,0.0021845614537596703
7,1148,11185,0.05116245150566101
7,1149,11186,0.0039001391269266605
7,1150,11187,0.0034477042499929667
7,1151,11188,0.004933077376335859
7,1152,11189,0.021643968299031258
7,1153,11190,0.0021759646479040384
7,1154,11191,0.012581168673932552
7,1155,11192,0.018596503883600235
7,1156,11193,0.0032957815565168858
7,1157,11194,0.014070470817387104
7,1158,11195,0.007618613075464964
7,1159,11196,0.0812925174832344
7,1160,11197,0.0338335745036602
7,1161,11198,0.011549991555511951
7,1162,11199,0.011875253170728683
7,1163,11200,0.005190291907638311
7,1164,11201,0.020121341571211815
7,1165,11202,0.009847421199083328
7,1166,11203,0.013019729405641556
7,1167,11204,0.000856927246786654
7,1168,11205,0.020145246759057045
7,1169,11206,0.004119444638490677
7,1170,11207,0.0359276607632637
7,1171,11208,0.001314448774792254
7,1172,11209,0.0013295694952830672
7,1173,11210,0.04070815071463585
7,1174,11211,0.0007397607550956309
7,1175,11212,0.005420195870101452
7,1176,11213,0.022169223055243492
7,1177,11214,0.05046067759394646
7,1178,11215,0.029462287202477455
7,1179,11216,0.01220797561109066
7,1180,11217,0.0020336005836725235
7,1181,11218,0.006917959079146385
7,1182,11219,0.007139842491596937
7,1183,11220,0.021895689889788628
7,1184,11221,0.0011852277675643563
7,1185,11222,0.0120897451415658
7,1186,11223,0.02070479653775692
7,1187,11224,0.009881406091153622
7,1188,11225,0.0012186005478724837
7,1189,11226,0.0015654631424695253
7,1190,11227,0.010625083930790424
7,1191,11228,0.04941168799996376
7,1192,11229,0.020140334963798523
7,1193,11230,0.07884079217910767
7,1194,11231,0.01260721031576395
7,1195,11232,0.005087151192128658
7,1196,11233,0.009211466647684574
7,1197,11234,0.03389478474855423
7,1198,11235,0.021159082651138306
7,1199,11236,0.06640766561031342
7,1200,11237,0.0033068773336708546
7,1201,11238,0.02276996336877346
7,1202,11239,0.03684823587536812
7,1203,11240,0.021268660202622414
7,1204,11241,0.005501834210008383
7,1205,11242,0.05327967181801796
7,1206,11243,0.025408955290913582
7,1207,11244,0.004415860399603844
7,1208,11245,0.039049092680215836
7,1209,11246,0.02448415756225586
7,1210,11247,0.0163757111877203
7,1211,11248,0.016805417835712433
7,1212,11249,0.02598288096487522
7,1213,11250,0.0029976237565279007
7,1214,11251,0.003934431355446577
7,1215,11252,0.037570443004369736
7,1216,11253,0.005873886868357658
7,1217,11254,0.03804323449730873
7,1218,11255,0.0031703724525868893
7,1219,11256,0.00801125355064869
7,1220,11257,0.005007526837289333
7,1221,11258,0.0037646593991667032
7,1222,11259,0.0023784739896655083
7,1223,11260,0.027358178049325943
7,1224,11261,0.0314859077334404
7,1225,11262,0.0021689131390303373
7,1226,11263,0.0036312066949903965
7,1227,11264,0.06255806982517242
7,1228,11265,0.0318395234644413
7,1229,11266,0.04531557112932205
7,1230,11267,0.02289336733520031
7,1231,11268,0.007645751815289259
7,1232,11269,0.01696738973259926
7,1233,11270,0.0034955707378685474
7,1234,11271,0.00713467737659812
7,1235,11272,0.022979682311415672
7,1236,11273,0.004855635575950146
7,1237,11274,0.08487187325954437
7,1238,11275,0.07083873450756073
7,1239,11276,0.00488212751224637
7,1240,11277,0.004813610576093197
7,1241,11278,0.006352543830871582
7,1242,11279,0.01906675472855568
7,1243,11280,0.11072101444005966
7,1244,11281,0.011302336119115353
7,1245,11282,0.0014056750806048512
7,1246,11283,0.0038554605562239885
7,1247,11284,0.023105710744857788
7,1248,11285,0.027157342061400414
7,1249,11286,0.00205226824618876
7,1250,11287,0.017705976963043213
7,1251,11288,0.015114832669496536
7,1252,11289,0.0361618809401989
7,1253,11290,0.03289078176021576
7,1254,11291,0.02129560336470604
7,1255,11292,0.05293738469481468
7,1256,11293,0.024520961567759514
7,1257,11294,0.0035548319574445486
7,1258,11295,0.02794252149760723
7,1259,11296,0.006682104431092739
7,1260,11297,0.022060485556721687
7,1261,11298,0.019628165289759636
7,1262,11299,0.01552323717623949
7,1263,11300,0.023276299238204956
7,1264,11301,0.07461337745189667
7,1265,11302,0.022540604695677757
7,1266,11303,0.0031570091377943754
7,1267,11304,0.05402001738548279
7,1268,11305,0.0017034494085237384
7,1269,11306,0.04934656247496605
7,1270,11307,0.05262257158756256
7,1271,11308,0.009652717038989067
7,1272,11309,0.031610261648893356
7,1273,11310,0.014520078897476196
7,1274,11311,0.007849705405533314
7,1275,11312,0.08853505551815033
7,1276,11313,0.04167068377137184
7,1277,11314,0.022565264254808426
7,1278,11315,0.026026664301753044
7,1279,11316,0.016529085114598274
7,1280,11317,0.007068296894431114
7,1281,11318,0.0514000728726387
7,1282,11319,0.05248973146080971
7,1283,11320,0.007636218797415495
7,1284,11321,0.06077573820948601
7,1285,11322,0.011279779486358166
7,1286,11323,0.041568078100681305
7,1287,11324,0.006792867556214333
7,1288,11325,0.014417403377592564
7,1289,11326,0.013679025694727898
7,1290,11327,0.0033229212276637554
7,1291,11328,0.003646823577582836
7,1292,11329,0.017533067613840103
7,1293,11330,0.08758228272199631
7,1294,11331,0.06070162355899811
7,1295,11332,0.029319243505597115
7,1296,11333,0.004538785200566053
7,1297,11334,0.0021423879079520702
7,1298,11335,0.008384578861296177
7,1299,11336,0.0045194560661911964
7,1300,11337,0.033234450966119766
7,1301,11338,0.0038819671608507633
7,1302,11339,0.002525871153920889
7,1303,11340,0.07388468086719513
7,1304,11341,0.014818849973380566
7,1305,11342,0.03819971904158592
7,1306,11343,0.0014205977786332369
7,1307,11344,0.0036509474739432335
7,1308,11345,0.0436381921172142
7,1309,11346,0.0157856997102499
7,1310,11347,0.006510022561997175
7,1311,11348,0.00396298710256815
7,1312,11349,0.06137295067310333
7,1313,11350,0.009401712566614151
7,1314,11351,0.0029653403908014297
7,1315,11352,0.005840142723172903
7,1316,11353,0.0014495219802483916
7,1317,11354,0.0013548004208132625
7,1318,11355,0.0587332583963871
7,1319,11356,0.08647909015417099
7,1320,11357,0.0014712022384628654
7,1321,11358,0.06295700371265411
7,1322,11359,0.001560920150950551
7,1323,11360,0.007994444109499454
7,1324,11361,0.002401432953774929
7,1325,11362,0.009720914997160435
7,1326,11363,0.062048207968473434
7,1327,11364,0.018227940425276756
7,1328,11365,0.11771193891763687
7,1329,11366,0.011717552319169044
7,1330,11367,0.011835305020213127
7,1331,11368,0.04867105558514595
7,1332,11369,0.00791662372648716
7,1333,11370,0.03589461371302605
7,1334,11371,0.033921416848897934
7,1335,11372,0.004946188535541296
7,1336,11373,0.006512787193059921
7,1337,11374,0.04081899672746658
7,1338,11375,0.0010700963903218508
7,1339,11376,0.003926720470190048
7,1340,11377,0.037287142127752304
7,1341,11378,0.007058389484882355
7,1342,11379,0.06720507889986038
7,1343,11380,0.006095239892601967
7,1344,11381,0.004525699187070131
7,1345,11382,0.007258153520524502
7,1346,11383,0.047034621238708496
7,1347,11384,0.0061828321777284145
7,1348,11385,0.04594917967915535
7,1349,11386,0.014098142273724079
7,1350,11387,0.02072364278137684
7,1351,11388,0.0021416544914245605
7,1352,11389,0.030733000487089157
7,1353,11390,0.004658381454646587
7,1354,11391,0.07324495166540146
7,1355,11392,0.10436809808015823
7,1356,11393,0.026665551587939262
7,1357,11394,0.03986584022641182
7,1358,11395,0.018793730065226555
7,1359,11396,0.025992460548877716
7,1360,11397,0.0383780263364315
7,1361,11398,0.007462967652827501
7,1362,11399,0.027193140238523483
7,1363,11400,0.03236650303006172
7,1364,11401,0.03790539875626564
7,1365,11402,0.003407491836696863
7,1366,11403,0.0067599983885884285
7,1367,11404,0.0177061315625906
7,1368,11405,0.048244304955005646
7,1369,11406,0.0023425568360835314
7,1370,11407,0.014890224672853947
7,1371,11408,0.01520575676113367
7,1372,11409,0.052593279629945755
7,1373,11410,0.017320293933153152
7,1374,11411,0.013644308783113956
7,1375,11412,0.011524070985615253
7,1376,11413,0.040451936423778534
7,1377,11414,0.004187747370451689
7,1378,11415,0.08969556540250778
7,1379,11416,0.016740774735808372
7,1380,11417,0.013693328946828842
7,1381,11418,0.006630393676459789
7,1382,11419,0.0005480748950503767
7,1383,11420,0.026346156373620033
7,1384,11421,0.029447851702570915
7,1385,11422,0.017476432025432587
7,1386,11423,0.01612202450633049
7,1387,11424,0.028687801212072372
7,1388,11425,0.013032804243266582
7,1389,11426,0.010554970242083073
7,1390,11427,0.005469811614602804
7,1391,11428,0.006811300292611122
7,1392,11429,0.002912340220063925
7,1393,11430,0.0011550344061106443
7,1394,11431,0.0805339589715004
7,1395,11432,0.022177204489707947
7,1396,11433,0.0032798009924590588
7,1397,11434,0.008582569658756256
7,1398,11435,0.008210891857743263
7,1399,11436,0.004205884877592325
7,1400,11437,0.012168367393314838
7,1401,11438,0.02472124807536602
7,1402,11439,0.003498102305456996
7,1403,11440,0.0017585260793566704
7,1404,11441,0.050741635262966156
7,1405,11442,0.0010091346921399236
7,1406,11443,0.030645301565527916
7,1407,11444,0.0037656237836927176
7,1408,11445,0.05326654389500618
7,1409,11446,0.00931149534881115
7,1410,11447,0.006720340810716152
7,1411,11448,0.006439669523388147
7,1412,11449,0.24581760168075562
7,1413,11450,0.03950024023652077
7,1414,11451,0.010581807233393192
7,1415,11452,0.00819383654743433
7,1416,11453,0.001885681413114071
7,1417,11454,0.001084288815036416
7,1418,11455,0.015240582637488842
7,1419,11456,0.08219623565673828
7,1420,11457,0.002703983336687088
7,1421,11458,0.007933501154184341
7,1422,11459,0.0004455855814740062
7,1423,11460,0.04588186368346214
7,1424,11461,0.014910989440977573
7,1425,11462,0.006342743523418903
7,1426,11463,0.00814012624323368
7,1427,11464,0.007696941494941711
7,1428,11465,0.0017377734184265137
7,1429,11466,0.1415833681821823
7,1430,11467,0.005787346977740526
7,1431,11468,0.008774171583354473
7,1432,11469,0.027596157044172287
7,1433,11470,0.020686622709035873
7,1434,11471,0.00021808418387081474
8,1,11472,0.03260428458452225
8,2,11473,0.022554276511073112
8,3,11474,0.004398960620164871
8,4,11475,0.010747897438704967
8,5,11476,0.028377700597047806
8,6,11477,0.0037456382997334003
8,7,11478,0.008907043375074863
8,8,11479,0.008758575655519962
8,9,11480,0.009452328085899353
8,10,11481,0.002734523732215166
8,11,11482,0.016703657805919647
8,12,11483,0.016581613570451736
8,13,11484,0.00925334170460701
8,14,11485,0.01118655875325203
8,15,11486,0.013595061376690865
8,16,11487,0.06425787508487701
8,17,11488,0.06532243639230728
8,18,11489,0.005487930495291948
8,19,11490,0.01613488607108593
8,20,11491,0.001972143305465579
8,21,11492,0.011562531813979149
8,22,11493,0.005292578600347042
8,23,11494,0.0135290352627635
8,24,11495,0.0020700108725577593
8,25,11496,0.00623687170445919
8,26,11497,0.02193824201822281
8,27,11498,0.002768690697848797
8,28,11499,0.007828859612345695
8,29,11500,0.0015156235313042998
8,30,11501,0.014942174777388573
8,31,11502,0.05921434983611107
8,32,11503,0.0016385335475206375
8,33,11504,0.012797442264854908
8,34,11505,0.0010453693103045225
8,35,11506,0.002118257340043783
8,36,11507,0.007960005663335323
8,37,11508,0.01132833119481802
8,38,11509,0.01341454591602087
8,39,11510,0.053329020738601685
8,40,11511,0.020859409123659134
8,41,11512,0.0028724120929837227
8,42,11513,0.004573984537273645
8,43,11514,0.0044202678836882114
8,44,11515,0.015355659648776054
8,45,11516,0.0376836359500885
8,46,11517,0.006038597319275141
8,47,11518,0.018272172659635544
8,48,11519,0.003607433056458831
8,49,11520,0.0016555977053940296
8,50,11521,0.03240736573934555
8,51,11522,0.010697513818740845
8,52,11523,0.0015427196631208062
8,53,11524,0.00208129920065403
8,54,11525,0.002581697190180421
8,55,11526,0.02029605396091938
8,56,11527,0.0019777663983404636
8,57,11528,0.014410018920898438
8,58,11529,0.038816213607788086
8,59,11530,0.038489311933517456
8,60,11531,0.000605717592407018
8,61,11532,0.018525004386901855
8,62,11533,0.03367975354194641
8,63,11534,0.007141455542296171
8,64,11535,0.003886796534061432
8,65,11536,0.1097937598824501
8,66,11537,0.05242646485567093
8,67,11538,0.009209112264215946
8,68,11539,0.011123907752335072
8,69,11540,0.007621127646416426
8,70,11541,0.009873198345303535
8,71,11542,0.010677997022867203
8,72,11543,0.051881954073905945
8,73,11544,0.012417030520737171
8,74,11545,0.03332018479704857
8,75,11546,0.004717100877314806
8,76,11547,0.0025575710460543633
8,77,11548,0.007441764231771231
8,78,11549,0.0004124478728044778
8,79,11550,0.005286077968776226
8,80,11551,0.012186978943645954
8,81,11552,0.009703259915113449
8,82,11553,0.029645834118127823
8,83,11554,0.06472254544496536
8,84,11555,0.016259469091892242
8,85,11556,0.0005052373744547367
8,86,11557,0.0025044328067451715
8,87,11558,0.027065156027674675
8,88,11559,0.009263367392122746
8,89,11560,0.022168973460793495
8,90,11561,0.007675659377127886
8,91,11562,0.014862222597002983
8,92,11563,0.0012155900476500392
8,93,11564,0.002372694667428732
8,94,11565,0.04039799049496651
8,95,11566,0.0041170623153448105
8,96,11567,0.01723276823759079
8,97,11568,0.01680513098835945
8,98,11569,0.018352292478084564
8,99,11570,0.005061395466327667
8,100,11571,0.002630172297358513
8,101,11572,0.00907629169523716
8,102,11573,0.02977038361132145
8,103,11574,0.00892719067633152
8,104,11575,0.007058799732476473
8,105,11576,0.002188055543228984
8,106,11577,0.00850708782672882
8,107,11578,0.010760474018752575
8,108,11579,0.004837424494326115
8,109,11580,0.002695937640964985
8,110,11581,0.0013290627393871546
8,111,11582,0.030141809955239296
8,112,11583,0.001740354229696095
8,113,11584,0.008737717755138874
8,114,11585,0.005224866326898336
8,115,11586,0.031211381778120995
8,116,11587,0.0019652980845421553
8,117,11588,0.003834798000752926
8,118,11589,0.015041480772197247
8,119,11590,0.0330694280564785
8,120,11591,0.0040785809978842735
8,121,11592,0.07248298078775406
8,122,11593,0.0061205849051475525
8,123,11594,0.005935463588684797
8,124,11595,0.014036756008863449
8,125,11596,0.005541764199733734
8,126,11597,0.010560582391917706
8,127,11598,0.06323390454053879
8,128,11599,0.004450621083378792
8,129,11600,0.012750384397804737
8,130,11601,0.0060447934083640575
8,131,11602,0.0007505104877054691
8,132,11603,0.002845076145604253
8,133,11604,0.011014996096491814
8,134,11605,0.06625913828611374
8,135,11606,0.014555915258824825
8,136,11607,0.02412519045174122
8,137,11608,0.023142777383327484
8,138,11609,0.0017110503977164626
8,139,11610,0.02714115008711815
8,140,11611,0.01540366094559431
8,141,11612,0.003769923700019717
8,142,11613,0.040994156152009964
8,143,11614,0.006167892832309008
8,144,11615,0.008656037971377373
8,145,11616,0.022282799705863
8,146,11617,0.02470744587481022
8,147,11618,0.011432144790887833
8,148,11619,0.01939733698964119
8,149,11620,0.00921633280813694
8,150,11621,0.03731657192111015
8,151,11622,0.007157436106353998
8,152,11623,0.0029658868443220854
8,153,11624,0.008335025981068611
8,154,11625,0.005782451014965773
8,155,11626,0.009724168106913567
8,156,11627,0.00571775296702981
8,157,11628,0.005578803364187479
8,158,11629,0.017808562144637108
8,159,11630,0.004062221851199865
8,160,11631,0.007083991542458534
8,161,11632,0.003943488933146
8,162,11633,0.021592864766716957
8,163,11634,0.004888817202299833
8,164,11635,0.003225811291486025
8,165,11636,0.0024679622147232294
8,166,11637,0.01476007979363203
8,167,11638,0.002239998197183013
8,168,11639,0.006848814897239208
8,169,11640,0.013442100025713444
8,170,11641,0.010375060141086578
8,171,11642,0.038523152470588684
8,172,11643,0.017878370359539986
8,173,11644,0.010330840945243835
8,174,11645,0.03010610118508339
8,175,11646,0.0018517293501645327
8,176,11647,0.03213987126946449
8,177,11648,0.042827676981687546
8,178,11649,0.01464688777923584
8,179,11650,0.0022309080231934786
8,180,11651,0.0020591642241925
8,181,11652,0.0018095058621838689
8,182,11653,0.0034593932796269655
8,183,11654,0.005671274848282337
8,184,11655,0.010869220830500126
8,185,11656,0.009317677468061447
8,186,11657,0.005290737375617027
8,187,11658,0.009342997334897518
8,188,11659,0.015980232506990433
8,189,11660,0.002897226018831134
8,190,11661,0.0005559399141930044
8,191,11662,0.002742622746154666
8,192,11663,0.004603845998644829
8,193,11664,0.002094254596158862
8,194,11665,0.003992614336311817
8,195,11666,0.0008916016668081284
8,196,11667,0.009982245974242687
8,197,11668,0.007523225154727697
8,198,11669,0.0011886756401509047
8,199,11670,0.0006962309707887471
8,200,11671,0.002998555079102516
8,201,11672,0.014411205425858498
8,202,11673,0.011084354482591152
8,203,11674,0.006934591103345156
8,204,11675,0.0039068954065442085
8,205,11676,0.012456650845706463
8,206,11677,0.03445274010300636
8,207,11678,0.004564006347209215
8,208,11679,0.002534538274630904
8,209,11680,0.010869690217077732
8,210,11681,0.006806043442338705
8,211,11682,0.0007632928900420666
8,212,11683,0.0011812631273642182
8,213,11684,0.002512612845748663
8,214,11685,0.004415525123476982
8,215,11686,0.06055634841322899
8,216,11687,0.0013319742865860462
8,217,11688,0.001597456750459969
8,218,11689,0.01942412182688713
8,219,11690,0.0065275197848677635
8,220,11691,0.001798498909920454
8,221,11692,0.003754944307729602
8,222,11693,0.003994487226009369
8,223,11694,0.0017982893623411655
8,224,11695,0.0667344406247139
8,225,11696,0.06009982153773308
8,226,11697,0.001197488745674491
8,227,11698,0.003697238862514496
8,228,11699,0.0529041551053524
8,229,11700,0.00040990201523527503
8,230,11701,0.034057971090078354
8,231,11702,0.007589593064039946
8,232,11703,0.06052436679601669
8,233,11704,0.08567178249359131
8,234,11705,0.005668125115334988
8,235,11706,0.01489681750535965
8,236,11707,0.07812502235174179
8,237,11708,0.002092858776450157
8,238,11709,0.07372163981199265
8,239,11710,0.0009757199441082776
8,240,11711,0.012279998511075974
8,241,11712,0.10382989794015884
8,242,11713,0.009049151092767715
8,243,11714,0.020342091098427773
8,244,11715,0.021636392921209335
8,245,11716,0.024676689878106117
8,246,11717,0.0034332529176026583
8,247,11718,0.04452933371067047
8,248,11719,0.005777951795607805
8,249,11720,0.01644095592200756
8,250,11721,0.007825328968465328
8,251,11722,0.010581878945231438
8,252,11723,0.011233649216592312
8,253,11724,0.003046200843527913
8,254,11725,0.016248352825641632
8,255,11726,0.018002567812800407
8,256,11727,0.003969523124396801
8,257,11728,0.007351592183113098
8,258,11729,0.04744881018996239
8,259,11730,0.030523575842380524
8,260,11731,0.017186425626277924
8,261,11732,0.1395849883556366
8,262,11733,0.01062585599720478
8,263,11734,0.0025314537342637777
8,264,11735,0.004924635402858257
8,265,11736,0.0016467670211568475
8,266,11737,0.0016181312967091799
8,267,11738,0.009082234464585781
8,268,11739,0.0021367117296904325
8,269,11740,0.0032825381495058537
8,270,11741,0.005555886309593916
8,271,11742,0.0062701026909053326
8,272,11743,0.10169105231761932
8,273,11744,0.05732845515012741
8,274,11745,0.01202573161572218
8,275,11746,0.015974096953868866
8,276,11747,0.04499399662017822
8,277,11748,0.001768468413501978
8,278,11749,0.004130220040678978
8,279,11750,0.12189073860645294
8,280,11751,0.004915130790323019
8,281,11752,0.002502312883734703
8,282,11753,0.005750386510044336
8,283,11754,0.013207401148974895
8,284,11755,0.002428665291517973
8,285,11756,0.01763363741338253
8,286,11757,0.008518501184880733
8,287,11758,0.11958601325750351
8,288,11759,0.0026965225115418434
8,289,11760,0.02110988087952137
8,290,11761,0.06355811655521393
8,291,11762,0.09337518364191055
8,292,11763,0.0069108339957892895
8,293,11764,0.0262526273727417
8,294,11765,0.04614928737282753
8,295,11766,0.04351091757416725
8,296,11767,0.014226285740733147
8,297,11768,0.01987713947892189
8,298,11769,0.006616808008402586
8,299,11770,0.033930644392967224
8,300,11771,0.01458520907908678
8,301,11772,0.016632862389087677
8,302,11773,0.002853767480701208
8,303,11774,0.00428817979991436
8,304,11775,0.0019926452077925205
8,305,11776,0.0061339810490608215
8,306,11777,0.01615281216800213
8,307,11778,0.009170890785753727
8,308,11779,0.035196173936128616
8,309,11780,0.008291704580187798
8,310,11781,0.00528668612241745
8,311,11782,0.016733795404434204
8,312,11783,0.06593478471040726
8,313,11784,0.017214335501194
8,314,11785,0.038039326667785645
8,315,11786,0.026858802884817123
8,316,11787,0.009026304818689823
8,317,11788,0.0059660389088094234
8,318,11789,0.07300283759832382
8,319,11790,0.0034181077498942614
8,320,11791,0.002512566978111863
8,321,11792,0.006360335741192102
8,322,11793,0.022168109193444252
8,323,11794,0.04646893963217735
8,324,11795,0.004472106229513884
8,325,11796,0.03495432808995247
8,326,11797,0.03507921099662781
8,327,11798,0.016433335840702057
8,328,11799,0.007770698517560959
8,329,11800,0.05244484171271324
8,330,11801,0.008033768273890018
8,331,11802,0.016837814822793007
8,332,11803,0.00503202760592103
8,333,11804,0.00924433022737503
8,334,11805,0.025766972452402115
8,335,11806,0.0034327195025980473
8,336,11807,0.021317334845662117
8,337,11808,0.013744048774242401
8,338,11809,0.009505312889814377
8,339,11810,0.002080362755805254
8,340,11811,0.003125601215288043
8,341,11812,0.013593555428087711
8,342,11813,0.017636049538850784
8,343,11814,0.00322935963049531
8,344,11815,0.002325314562767744
8,345,11816,0.0003084609634242952
8,346,11817,0.002519970526918769
8,347,11818,0.0014029908925294876
8,348,11819,0.04664419963955879
8,349,11820,0.010080660693347454
8,350,11821,0.01941198855638504
8,351,11822,0.030424175783991814
8,352,11823,0.007967020384967327
8,353,11824,0.0026195752434432507
8,354,11825,0.002451646141707897
8,355,11826,0.011585280299186707
8,356,11827,0.001174330711364746
8,357,11828,0.017315903678536415
8,358,11829,0.0425967313349247
8,359,11830,0.0016455246368423104
8,360,11831,0.004929983522742987
8,361,11832,0.0140839209780097
8,362,11833,0.0005662278854288161
8,363,11834,0.002850589342415333
8,364,11835,0.004761178977787495
8,365,11836,0.03864118456840515
8,366,11837,0.02295812964439392
8,367,11838,0.003011493245139718
8,368,11839,0.0066542779095470905
8,369,11840,0.004567699506878853
8,370,11841,0.0031101168133318424
8,371,11842,0.004708047024905682
8,372,11843,0.008314096368849277
8,373,11844,0.05426638573408127
8,374,11845,0.009469371289014816
8,375,11846,0.034920208156108856
8,376,11847,0.04420986771583557
8,377,11848,0.030531009659171104
8,378,11849,0.0943722277879715
8,379,11850,0.01506117731332779
8,380,11851,0.003669899422675371
8,381,11852,0.00818846095353365
8,382,11853,0.039642736315727234
8,383,11854,0.010122697800397873
8,384,11855,0.05897430703043938
8,385,11856,0.01058170385658741
8,386,11857,0.016030319035053253
8,387,11858,0.014839012175798416
8,388,11859,0.03495863080024719
8,389,11860,0.0014021712122485042
8,390,11861,0.02793271839618683
8,391,11862,0.07610688358545303
8,392,11863,0.003769803559407592
8,393,11864,0.03555861487984657
8,394,11865,0.012538215145468712
8,395,11866,0.019233813509345055
8,396,11867,0.009751289151608944
8,397,11868,0.0019545143004506826
8,398,11869,0.010400405153632164
8,399,11870,0.026646768674254417
8,400,11871,0.07159731537103653
8,401,11872,0.01156923733651638
8,402,11873,0.001429608790203929
8,403,11874,0.018351031467318535
8,404,11875,0.02307821623980999
8,405,11876,0.004426850471645594
8,406,11877,0.029479527845978737
8,407,11878,0.00399472052231431
8,408,11879,0.030210869386792183
8,409,11880,0.036781273782253265
8,410,11881,0.0015455560060217977
8,411,11882,0.09651944786310196
8,412,11883,0.015432771295309067
8,413,11884,0.006750491913408041
8,414,11885,0.021177392452955246
8,415,11886,0.05838383361697197
8,416,11887,0.061107337474823
8,417,11888,0.003031614702194929
8,418,11889,0.0034068964887410402
8,419,11890,0.009916153736412525
8,420,11891,0.007992331869900227
8,421,11892,0.009328384883701801
8,422,11893,0.07466474175453186
8,423,11894,0.0009160743211396039
8,424,11895,0.010446159169077873
8,425,11896,0.0045430404134094715
8,426,11897,0.015702160075306892
8,427,11898,0.0048293136060237885
8,428,11899,0.005139821209013462
8,429,11900,0.023811370134353638
8,430,11901,0.0029103788547217846
8,431,11902,0.009137396700680256
8,432,11903,0.027680225670337677
8,433,11904,0.004606770817190409
8,434,11905,0.02703363448381424
8,435,11906,0.007529412396252155
8,436,11907,0.08364910632371902
8,437,11908,0.02891344018280506
8,438,11909,0.0040192860178649426
8,439,11910,0.048003386706113815
8,440,11911,0.024559641256928444
8,441,11912,0.044488634914159775
8,442,11913,0.0016714761732146144
8,443,11914,0.029580581933259964
8,444,11915,0.008243439719080925
8,445,11916,0.0064268559217453
8,446,11917,0.0027083582244813442
8,447,11918,0.003169364994391799
8,448,11919,0.024615583941340446
8,449,11920,0.010734056122601032
8,450,11921,0.00980379618704319
8,451,11922,0.01408609189093113
8,452,11923,0.003112775506451726
8,453,11924,0.015889843925833702
8,454,11925,0.0021878972183912992
8,455,11926,0.005188488867133856
8,456,11927,0.019826587289571762
8,457,11928,0.004156771115958691
8,458,11929,0.0015706331469118595
8,459,11930,0.002672230126336217
8,460,11931,0.01119164377450943
8,461,11932,0.0073180049657821655
8,462,11933,0.006919805891811848
8,463,11934,0.006741561461240053
8,464,11935,0.0056242309510707855
8,465,11936,0.00038327861693687737
8,466,11937,0.0010526446858420968
8,467,11938,0.017686808481812477
8,468,11939,0.02177264168858528
8,469,11940,0.014491870068013668
8,470,11941,0.043990638107061386
8,471,11942,0.012891007587313652
8,472,11943,0.0021675387397408485
8,473,11944,0.005025495775043964
8,474,11945,0.0024487909395247698
8,475,11946,0.011138414032757282
8,476,11947,0.028293652459979057
8,477,11948,0.027940720319747925
8,478,11949,0.03454677388072014
8,479,11950,0.008181262761354446
8,480,11951,0.008290383033454418
8,481,11952,0.008524665609002113
8,482,11953,0.0016051295679062605
8,483,11954,0.0014616753906011581
8,484,11955,0.0837881937623024
8,485,11956,0.034046903252601624
8,486,11957,0.05869412049651146
8,487,11958,0.04855196177959442
8,488,11959,0.01975991204380989
8,489,11960,0.044150568544864655
8,490,11961,0.01171163935214281
8,491,11962,0.0025195118505507708
8,492,11963,0.0038517003413289785
8,493,11964,0.0027257956098765135
8,494,11965,0.03765725716948509
8,495,11966,0.00898619182407856
8,496,11967,0.04372745752334595
8,497,11968,0.029091481119394302
8,498,11969,0.019163409247994423
8,499,11970,0.058102503418922424
8,500,11971,0.01754944585263729
8,501,11972,0.008057878352701664
8,502,11973,0.06403836607933044
8,503,11974,0.006495774257928133
8,504,11975,0.0009151302510872483
8,505,11976,0.08205855637788773
8,506,11977,0.008786915801465511
8,507,11978,0.01121812965720892
8,508,11979,0.013775673694908619
8,509,11980,0.015905313193798065
8,510,11981,0.03382640331983566
8,511,11982,0.0019254932412877679
8,512,11983,0.0054013412445783615
8,513,11984,0.008823786862194538
8,514,11985,0.014243547804653645
8,515,11986,0.07301836460828781
8,516,11987,0.046461768448352814
8,517,11988,0.026563750579953194
8,518,11989,0.005573653616011143
8,519,11990,0.0012998557649552822
8,520,11991,0.012400781735777855
8,521,11992,0.04054160416126251
8,522,11993,0.007541568484157324
8,523,11994,0.016303203999996185
8,524,11995,0.0005064359284006059
8,525,11996,0.015572579577565193
8,526,11997,0.05830375850200653
8,527,11998,0.024468963965773582
8,528,11999,0.03316211327910423
8,529,12000,0.006209660321474075
8,530,12001,0.04013228416442871
8,531,12002,0.005794981028884649
8,532,12003,0.0072740111500024796
8,533,12004,0.014947689138352871
8,534,12005,0.0012933347607031465
8,535,12006,0.021128535270690918
8,536,12007,0.0014148354530334473
8,537,12008,0.01332913152873516
8,538,12009,0.017577165737748146
8,539,12010,0.004996459931135178
8,540,12011,0.01667051762342453
8,541,12012,0.019891757518053055
8,542,12013,0.03374902531504631
8,543,12014,0.018448863178491592
8,544,12015,0.014583392068743706
8,545,12016,0.06273024529218674
8,546,12017,0.005597678478807211
8,547,12018,0.003086016746237874
8,548,12019,0.040089044719934464
8,549,12020,0.01683107018470764
8,550,12021,0.01813455857336521
8,551,12022,0.008559029549360275
8,552,12023,0.010619446635246277
8,553,12024,0.004568333737552166
8,554,12025,0.004488465376198292
8,555,12026,0.0007907786639407277
8,556,12027,0.002506265649572015
8,557,12028,0.002752327360212803
8,558,12029,0.014122417196631432
8,559,12030,0.003796842647716403
8,560,12031,0.001098443754017353
8,561,12032,0.004083481151610613
8,562,12033,0.0016677541425451636
8,563,12034,0.012177443131804466
8,564,12035,0.03107929788529873
8,565,12036,0.0016003852942958474
8,566,12037,0.005353124812245369
8,567,12038,0.00261988234706223
8,568,12039,0.022097360342741013
8,569,12040,0.06345813721418381
8,570,12041,0.0008786766557022929
8,571,12042,0.0007590314489789307
8,572,12043,0.00425608828663826
8,573,12044,0.03293484449386597
8,574,12045,0.00030423590214923024
8,575,12046,0.006339753046631813
8,576,12047,0.002993335947394371
8,577,12048,0.0008304007351398468
8,578,12049,0.017684748396277428
8,579,12050,0.012760927900671959
8,580,12051,0.07053246349096298
8,581,12052,0.0017620989819988608
8,582,12053,0.0021897456608712673
8,583,12054,0.004829951096326113
8,584,12055,0.002060385886579752
8,585,12056,0.010077581740915775
8,586,12057,0.00194555486086756
8,587,12058,0.0008756660390645266
8,588,12059,0.0382336750626564
8,589,12060,0.009851113893091679
8,590,12061,0.038112495094537735
8,591,12062,0.0060241930186748505
8,592,12063,0.004413803573697805
8,593,12064,0.002171474741771817
8,594,12065,0.009310249239206314
8,595,12066,0.0464349165558815
8,596,12067,0.07890871167182922
8,597,12068,0.005359694827347994
8,598,12069,0.02294476330280304
8,599,12070,0.006543593946844339
8,600,12071,0.019470887258648872
8,601,12072,0.04844074696302414
8,602,12073,0.004186964128166437
8,603,12074,0.016213033348321915
8,604,12075,0.021225666627287865
8,605,12076,0.004459430929273367
8,606,12077,0.0403699055314064
8,607,12078,0.021449191495776176
8,608,12079,0.03327858820557594
8,609,12080,0.015716644003987312
8,610,12081,0.0024776689242571592
8,611,12082,0.01106992270797491
8,612,12083,0.019769171252846718
8,613,12084,0.0038847369141876698
8,614,12085,0.009968717582523823
8,615,12086,0.008031588979065418
8,616,12087,0.028407804667949677
8,617,12088,0.0019899432081729174
8,618,12089,0.005277650896459818
8,619,12090,0.026620160788297653
8,620,12091,0.0008719602483324707
8,621,12092,0.0010425547370687127
8,622,12093,0.005444660317152739
8,623,12094,0.07261829823255539
8,624,12095,0.017489755526185036
8,625,12096,0.02663503773510456
8,626,12097,0.00630304217338562
8,627,12098,0.007847591303288937
8,628,12099,0.004202014766633511
8,629,12100,0.016296593472361565
8,630,12101,0.001578366500325501
8,631,12102,0.0010580170201137662
8,632,12103,0.0031810682266950607
8,633,12104,0.012312569655478
8,634,12105,0.010145946405827999
8,635,12106,0.0016293526859954
8,636,12107,0.0014155409298837185
8,637,12108,0.03231728449463844
8,638,12109,0.003207483561709523
8,639,12110,0.006496282760053873
8,640,12111,0.0074317799881100655
8,641,12112,0.0021634020376950502
8,642,12113,0.02139102853834629
8,643,12114,0.025543102994561195
8,644,12115,0.006440616212785244
8,645,12116,0.012972989119589329
8,646,12117,0.00238784565590322
8,647,12118,0.003077116794884205
8,648,12119,0.00583549914881587
8,649,12120,0.010432885959744453
8,650,12121,0.0006829849444329739
8,651,12122,0.03348714858293533
8,652,12123,0.010219022631645203
8,653,12124,0.0005034433561377227
8,654,12125,0.0015825475566089153
8,655,12126,0.0022986356634646654
8,656,12127,0.0031058129388839006
8,657,12128,0.010112538002431393
8,658,12129,0.008000664412975311
8,659,12130,0.024837253615260124
8,660,12131,0.01320272870361805
8,661,12132,0.019789356738328934
8,662,12133,0.0013629120076075196
8,663,12134,0.009122680872678757
8,664,12135,0.0016528551932424307
8,665,12136,0.0019237734377384186
8,666,12137,0.048669375479221344
8,667,12138,0.0003472888784017414
8,668,12139,0.0019557143095880747
8,669,12140,0.04109835997223854
8,670,12141,0.004749834071844816
8,671,12142,0.013621499761939049
8,672,12143,0.028796449303627014
8,673,12144,0.0044206492602825165
8,674,12145,0.01148255169391632
8,675,12146,0.0016928563127294183
8,676,12147,0.0034234998747706413
8,677,12148,0.0009942054748535156
8,678,12149,0.0016094202874228358
8,679,12150,0.003222656436264515
8,680,12151,0.003783970372751355
8,681,12152,0.006962686311453581
8,682,12153,0.0017331248382106423
8,683,12154,0.014069383032619953
8,684,12155,0.011242867447435856
8,685,12156,0.0021018616389483213
8,686,12157,0.000809832417871803
8,687,12158,0.002966643311083317
8,688,12159,0.03272339701652527
8,689,12160,0.0281219519674778
8,690,12161,0.07629194855690002
8,691,12162,0.0017098579555749893
8,692,12163,0.00016695413796696812
8,693,12164,0.0009095853893086314
8,694,12165,0.04590057209134102
8,695,12166,0.012288056313991547
8,696,12167,0.07071306556463242
8,697,12168,0.0068704611621797085
8,698,12169,0.06356373429298401
8,699,12170,0.00479399086907506
8,700,12171,0.0506395660340786
8,701,12172,0.0007234236691147089
8,702,12173,0.007384803611785173
8,703,12174,0.002415070543065667
8,704,12175,0.003156763268634677
8,705,12176,0.03557303920388222
8,706,12177,0.07984048873186111
8,707,12178,0.008893023245036602
8,708,12179,0.004962071310728788
8,709,12180,0.03028641827404499
8,710,12181,0.008305253461003304
8,711,12182,0.026797620579600334
8,712,12183,0.00989463273435831
8,713,12184,0.037091951817274094
8,714,12185,0.1487991213798523
8,715,12186,0.018652940168976784
8,716,12187,0.05573270842432976
8,717,12188,0.006643671542406082
8,718,12189,0.03067617118358612
8,719,12190,0.05927317216992378
8,720,12191,0.00705409562215209
8,721,12192,0.004190468229353428
8,722,12193,0.0084355678409338
8,723,12194,0.008550717495381832
8,724,12195,0.015370208770036697
8,725,12196,0.013866191729903221
8,726,12197,0.019067253917455673
8,727,12198,0.027954522520303726
8,728,12199,0.06317652761936188
8,729,12200,0.018689148128032684
8,730,12201,0.026575032621622086
8,731,12202,0.05768156051635742
8,732,12203,0.004516715183854103
8,733,12204,0.0007711129146628082
8,734,12205,0.0009331810288131237
8,735,12206,0.0014565646415576339
8,736,12207,0.02539542317390442
8,737,12208,0.04811878129839897
8,738,12209,0.10101267695426941
8,739,12210,0.00587489316239953
8,740,12211,0.004651506897062063
8,741,12212,0.0011163594899699092
8,742,12213,0.020382734015583992
8,743,12214,0.02100031077861786
8,744,12215,0.0021135720890015364
8,745,12216,0.019478507339954376
8,746,12217,0.02530304156243801
8,747,12218,0.07937238365411758
8,748,12219,0.05080914869904518
8,749,12220,0.023519618436694145
8,750,12221,0.0037557294126600027
8,751,12222,0.07496561855077744
8,752,12223,0.020226536318659782
8,753,12224,0.03106151893734932
8,754,12225,0.013903282582759857
8,755,12226,0.10397039353847504
8,756,12227,0.0029456608463078737
8,757,12228,0.01053309440612793
8,758,12229,0.03659459948539734
8,759,12230,0.00935655739158392
8,760,12231,0.025338245555758476
8,761,12232,0.008915011771023273
8,762,12233,0.050284575670957565
8,763,12234,0.0443454310297966
8,764,12235,0.003986697178333998
8,765,12236,0.019847825169563293
8,766,12237,0.06501209735870361
8,767,12238,0.01791403442621231
8,768,12239,0.044655974954366684
8,769,12240,0.00299816788174212
8,770,12241,0.010160926729440689
8,771,12242,0.07683800905942917
8,772,12243,0.05342891812324524
8,773,12244,0.006742351222783327
8,774,12245,0.07355643808841705
8,775,12246,0.06309739500284195
8,776,12247,0.060268811881542206
8,777,12248,0.07156714797019958
8,778,12249,0.03380145505070686
8,779,12250,0.01454610750079155
8,780,12251,0.05139988288283348
8,781,12252,0.03030651994049549
8,782,12253,0.01451618131250143
8,783,12254,0.009690683335065842
8,784,12255,0.04110802710056305
8,785,12256,0.025473613291978836
8,786,12257,0.007554595358669758
8,787,12258,0.03949882462620735
8,788,12259,0.0037786392495036125
8,789,12260,0.01333554182201624
8,790,12261,0.0026068121660500765
8,791,12262,0.039965786039829254
8,792,12263,0.014187345281243324
8,793,12264,0.012919755652546883
8,794,12265,0.0584983266890049
8,795,12266,0.008634965866804123
8,796,12267,0.003278635675087571
8,797,12268,0.01913282833993435
8,798,12269,0.012912392616271973
8,799,12270,0.0030144345946609974
8,800,12271,0.03156762197613716
8,801,12272,0.013317512348294258
8,802,12273,0.01599212735891342
8,803,12274,0.007368525955826044
8,804,12275,0.021682703867554665
8,805,12276,0.03659769520163536
8,806,12277,0.00211732042953372
8,807,12278,0.0381314791738987
8,808,12279,0.014339921995997429
8,809,12280,0.004708623979240656
8,810,12281,0.003446045331656933
8,811,12282,0.008083649910986423
8,812,12283,0.07440754026174545
8,813,12284,0.00424358993768692
8,814,12285,0.007248174864798784
8,815,12286,0.06691538542509079
8,816,12287,0.014736901037395
8,817,12288,0.0020409286953508854
8,818,12289,0.009008854627609253
8,819,12290,0.00516773946583271
8,820,12291,0.015498174354434013
8,821,12292,0.002248425967991352
8,822,12293,0.013848853297531605
8,823,12294,0.0032411515712738037
8,824,12295,0.03961199149489403
8,825,12296,0.00343574327416718
8,826,12297,0.0005156247061677277
8,827,12298,0.005187332164496183
8,828,12299,0.015272083692252636
8,829,12300,0.001978132873773575
8,830,12301,0.002070746151730418
8,831,12302,0.0032437487971037626
8,832,12303,0.0034625264815986156
8,833,12304,0.017777392640709877
8,834,12305,0.01936079002916813
8,835,12306,0.005688684526830912
8,836,12307,0.0028694728389382362
8,837,12308,0.007814698852598667
8,838,12309,0.011188522912561893
8,839,12310,0.015902722254395485
8,840,12311,0.06382019817829132
8,841,12312,0.0006769984029233456
8,842,12313,0.012258820235729218
8,843,12314,0.026958655565977097
8,844,12315,0.008625244721770287
8,845,12316,0.07235570251941681
8,846,12317,0.0014075557701289654
8,847,12318,0.007372729014605284
8,848,12319,0.005989352241158485
8,849,12320,0.00662267068400979
8,850,12321,0.054043181240558624
8,851,12322,0.0038111612666398287
8,852,12323,0.003031159285455942
8,853,12324,0.014757749624550343
8,854,12325,0.05754917114973068
8,855,12326,0.01313587836921215
8,856,12327,0.02288726717233658
8,857,12328,0.03214142099022865
8,858,12329,0.00555178988724947
8,859,12330,0.044682472944259644
8,860,12331,0.06299275904893875
8,861,12332,0.030000636354088783
8,862,12333,0.0059700640849769115
8,863,12334,0.004646921996027231
8,864,12335,0.01990187168121338
8,865,12336,0.0036955897230654955
8,866,12337,0.0027579166926443577
8,867,12338,0.02880985103547573
8,868,12339,0.006834378466010094
8,869,12340,0.03442417457699776
8,870,12341,0.010885222814977169
8,871,12342,0.012753424234688282
8,872,12343,0.0033858150709420443
8,873,12344,0.007390888407826424
8,874,12345,0.03299906104803085
8,875,12346,0.018189623951911926
8,876,12347,0.006909873802214861
8,877,12348,0.0022623806726187468
8,878,12349,0.007891514338552952
8,879,12350,0.007662186399102211
8,880,12351,0.006024074740707874
8,881,12352,0.010255693458020687
8,882,12353,0.0190078504383564
8,883,12354,0.0069779991172254086
8,884,12355,0.05398840829730034
8,885,12356,0.003908761311322451
8,886,12357,0.010891882702708244
8,887,12358,0.008916880935430527
8,888,12359,0.01780029758810997
8,889,12360,0.014941283501684666
8,890,12361,0.023200461640954018
8,891,12362,0.0046297707594931126
8,892,12363,0.05096157640218735
8,893,12364,0.0040228767320513725
8,894,12365,0.003267761552706361
8,895,12366,0.030180340632796288
8,896,12367,0.0014513001078739762
8,897,12368,0.003987530712038279
8,898,12369,0.011954338289797306
8,899,12370,0.0009376541711390018
8,900,12371,0.0338934101164341
8,901,12372,0.008232935331761837
8,902,12373,0.0017690720269456506
8,903,12374,0.00689639151096344
8,904,12375,0.0013763277092948556
8,905,12376,0.02491641417145729
8,906,12377,0.004351119045168161
8,907,12378,0.0018274592002853751
8,908,12379,0.002161517972126603
8,909,12380,0.037815261632204056
8,910,12381,0.0009835923556238413
8,911,12382,0.0011542775901034474
8,912,12383,0.002566939452663064
8,913,12384,0.003197230165824294
8,914,12385,0.019460489973425865
8,915,12386,0.014644662849605083
8,916,12387,0.009791439399123192
8,917,12388,0.08356232196092606
8,918,12389,0.03932872414588928
8,919,12390,0.03427636995911598
8,920,12391,0.001516113174147904
8,921,12392,0.00823732279241085
8,922,12393,0.005361220799386501
8,923,12394,0.0005537854740396142
8,924,12395,0.0472114235162735
8,925,12396,0.01081813033670187
8,926,12397,0.00868823379278183
8,927,12398,0.0013172902399674058
8,928,12399,0.06327099353075027
8,929,12400,0.005281019490212202
8,930,12401,0.016947364434599876
8,931,12402,0.04107687249779701
8,932,12403,0.005020680371671915
8,933,12404,0.0351305790245533
8,934,12405,0.0076784053817391396
8,935,12406,0.0023034641053527594
8,936,12407,0.021505367010831833
8,937,12408,0.007813443429768085
8,938,12409,0.03830213472247124
8,939,12410,0.0029224874451756477
8,940,12411,0.03189822658896446
8,941,12412,0.012155505828559399
8,942,12413,0.053791869431734085
8,943,12414,0.008412427268922329
8,944,12415,0.013220432214438915
8,945,12416,0.001996797975152731
8,946,12417,0.002583119086921215
8,947,12418,0.020589767023921013
8,948,12419,0.04065481200814247
8,949,12420,0.04181496426463127
8,950,12421,0.044347457587718964
8,951,12422,0.005244409199804068
8,952,12423,0.031178032979369164
8,953,12424,0.014685788191854954
8,954,12425,0.008241746574640274
8,955,12426,0.13495950400829315
8,956,12427,0.0008775476017035544
8,957,12428,0.03429727628827095
8,958,12429,0.020777303725481033
8,959,12430,0.02803889475762844
8,960,12431,0.003003394464030862
8,961,12432,0.05226445570588112
8,962,12433,0.001868213526904583
8,963,12434,0.053244948387145996
8,964,12435,0.04713672026991844
8,965,12436,0.02649656869471073
8,966,12437,0.0036594001576304436
8,967,12438,0.003565730294212699
8,968,12439,0.063783660531044
8,969,12440,0.015383679419755936
8,970,12441,0.004506843630224466
8,971,12442,0.05603417754173279
8,972,12443,0.03268485143780708
8,973,12444,0.01932845264673233
8,974,12445,0.03224978595972061
8,975,12446,0.005745830480009317
8,976,12447,0.04444297403097153
8,977,12448,0.03276802599430084
8,978,12449,0.0050004273653030396
8,979,12450,0.019530517980456352
8,980,12451,0.002010079799219966
8,981,12452,0.009913260117173195
8,982,12453,0.004039149731397629
8,983,12454,0.00785845797508955
8,984,12455,0.008549836464226246
8,985,12456,0.008931594900786877
8,986,12457,0.002465586643666029
8,987,12458,0.0019034284632652998
8,988,12459,0.006937568075954914
8,989,12460,0.001739590778015554
8,990,12461,0.002067020395770669
8,991,12462,0.000645324878860265
8,992,12463,0.010213667526841164
8,993,12464,0.028335822746157646
8,994,12465,0.04135137051343918
8,995,12466,0.008035694248974323
8,996,12467,0.04576819762587547
8,997,12468,0.0015069724759086967
8,998,12469,0.015020996332168579
8,999,12470,0.05677173659205437
8,1000,12471,0.0014932333724573255
8,1001,12472,0.006045672111213207
8,1002,12473,0.002396077150478959
8,1003,12474,0.0022994212340563536
8,1004,12475,0.0186164453625679
8,1005,12476,0.001189730828627944
8,1006,12477,0.026371587067842484
8,1007,12478,0.0006917057908140123
8,1008,12479,0.047836340963840485
8,1009,12480,0.0017629630165174603
8,1010,12481,0.01599542237818241
8,1011,12482,0.005850675981491804
8,1012,12483,0.009526065550744534
8,1013,12484,0.025943947955965996
8,1014,12485,0.012435401789844036
8,1015,12486,0.006588812917470932
8,1016,12487,0.011847875081002712
8,1017,12488,0.047188956290483475
8,1018,12489,0.003333806758746505
8,1019,12490,0.02084975503385067
8,1020,12491,0.002424308331683278
8,1021,12492,0.005912195425480604
8,1022,12493,0.008045057766139507
8,1023,12494,0.0011850796872749925
8,1024,12495,0.004472142085433006
8,1025,12496,0.00963624007999897
8,1026,12497,0.10426505655050278
8,1027,12498,0.022303426638245583
8,1028,12499,0.00897043477743864
8,1029,12500,0.015988994389772415
8,1030,12501,0.030953790992498398
8,1031,12502,0.04564711079001427
8,1032,12503,0.008311204612255096
8,1033,12504,0.0023337609600275755
8,1034,12505,0.029033616185188293
8,1035,12506,0.0035625998862087727
8,1036,12507,0.09967460483312607
8,1037,12508,0.011461175046861172
8,1038,12509,0.032807689160108566
8,1039,12510,0.015895960852503777
8,1040,12511,0.010286728851497173
8,1041,12512,0.0008108518668450415
8,1042,12513,0.001461358624510467
8,1043,12514,0.00619658175855875
8,1044,12515,0.02628636546432972
8,1045,12516,0.04866280406713486
8,1046,12517,0.005776088219136
8,1047,12518,0.002558943582698703
8,1048,12519,0.0035788584500551224
8,1049,12520,0.014944128692150116
8,1050,12521,0.006657396908849478
8,1051,12522,0.017720578238368034
8,1052,12523,0.0033597752917557955
8,1053,12524,0.052335433661937714
8,1054,12525,0.005349788814783096
8,1055,12526,0.02086430788040161
8,1056,12527,0.007157516665756702
8,1057,12528,0.0199847724288702
8,1058,12529,0.03498739004135132
8,1059,12530,0.032951537519693375
8,1060,12531,0.0007110963924787939
8,1061,12532,0.01173479575663805
8,1062,12533,0.009861977770924568
8,1063,12534,0.013020948506891727
8,1064,12535,0.019803529605269432
8,1065,12536,0.03908616676926613
8,1066,12537,0.009563915431499481
8,1067,12538,0.005603749770671129
8,1068,12539,0.015581492334604263
8,1069,12540,0.0013044477673247457
8,1070,12541,0.0076485732570290565
8,1071,12542,0.00916893221437931
8,1072,12543,0.03944296017289162
8,1073,12544,0.029408616945147514
8,1074,12545,0.0037914635613560677
8,1075,12546,0.0033079839777201414
8,1076,12547,0.0033816725481301546
8,1077,12548,0.003906988073140383
8,1078,12549,0.003741556778550148
8,1079,12550,0.01999312825500965
8,1080,12551,0.03573052957653999
8,1081,12552,0.08642062544822693
8,1082,12553,0.006636951118707657
8,1083,12554,0.01629355177283287
8,1084,12555,0.008724646642804146
8,1085,12556,0.005471974611282349
8,1086,12557,0.027280336245894432
8,1087,12558,0.007956035435199738
8,1088,12559,0.004261483438313007
8,1089,12560,0.05613190308213234
8,1090,12561,0.010659154504537582
8,1091,12562,0.0420568473637104
8,1092,12563,0.021787447854876518
8,1093,12564,0.032393716275691986
8,1094,12565,0.00431779632344842
8,1095,12566,0.0138989994302392
8,1096,12567,0.0023623956367373466
8,1097,12568,0.003742970060557127
8,1098,12569,0.04301265999674797
8,1099,12570,0.01965991035103798
8,1100,12571,0.0031337423715740442
8,1101,12572,0.005072299856692553
8,1102,12573,0.005921185482293367
8,1103,12574,0.00366811640560627
8,1104,12575,0.015515469014644623
8,1105,12576,0.014099153690040112
8,1106,12577,0.0021371536422520876
8,1107,12578,0.007281451486051083
8,1108,12579,0.002551144687458873
8,1109,12580,0.00748964911326766
8,1110,12581,0.026341291144490242
8,1111,12582,0.006489494815468788
8,1112,12583,0.002093057380989194
8,1113,12584,0.06349535286426544
8,1114,12585,0.02479737251996994
8,1115,12586,0.13032034039497375
8,1116,12587,0.0033452061470597982
8,1117,12588,0.011514236219227314
8,1118,12589,0.015674162656068802
8,1119,12590,0.006931695155799389
8,1120,12591,0.002308132592588663
8,1121,12592,0.0047833300195634365
8,1122,12593,0.026330653578042984
8,1123,12594,0.003285275772213936
8,1124,12595,0.00287454342469573
8,1125,12596,0.003594205481931567
8,1126,12597,0.11137188225984573
8,1127,12598,0.0024764020927250385
8,1128,12599,0.004863327369093895
8,1129,12600,0.013669103384017944
8,1130,12601,0.013393781147897243
8,1131,12602,0.0031625216361135244
8,1132,12603,0.0016585051780566573
8,1133,12604,0.00246000150218606
8,1134,12605,0.014177044853568077
8,1135,12606,0.004999819211661816
8,1136,12607,0.02002691477537155
8,1137,12608,0.0018048729980364442
8,1138,12609,0.005103403236716986
8,1139,12610,0.03715047240257263
8,1140,12611,0.005254318471997976
8,1141,12612,0.05682171508669853
8,1142,12613,0.0081641785800457
8,1143,12614,0.009685859084129333
8,1144,12615,0.01517254114151001
8,1145,12616,0.0066750384867191315
8,1146,12617,0.003842414589598775
8,1147,12618,0.020388511940836906
8,1148,12619,0.10882795602083206
8,1149,12620,0.0016659662360325456
8,1150,12621,0.0019503281218931079
8,1151,12622,0.008859875611960888
8,1152,12623,0.005486913491040468
8,1153,12624,0.015021064318716526
8,1154,12625,0.007338322699069977
8,1155,12626,0.0033996934071183205
8,1156,12627,0.008387187495827675
8,1157,12628,0.0939413458108902
8,1158,12629,0.003599688410758972
8,1159,12630,0.002191597130149603
8,1160,12631,0.007908040657639503
8,1161,12632,0.005891161039471626
8,1162,12633,0.0009716245112940669
8,1163,12634,0.008458053693175316
8,1164,12635,0.06673810631036758
8,1165,12636,0.003266847925260663
8,1166,12637,0.009300888516008854
8,1167,12638,0.043307315558195114
8,1168,12639,0.023807398974895477
8,1169,12640,0.03649037703871727
8,1170,12641,0.025829534977674484
8,1171,12642,0.02529393881559372
8,1172,12643,0.003246899927034974
8,1173,12644,0.020851371809840202
8,1174,12645,0.057185277342796326
8,1175,12646,0.0482601597905159
8,1176,12647,0.007293496746569872
8,1177,12648,0.04963742569088936
8,1178,12649,0.016705863177776337
8,1179,12650,0.03409730643033981
8,1180,12651,0.0036120577715337276
8,1181,12652,0.003541212063282728
8,1182,12653,0.025906305760145187
8,1183,12654,0.011657623574137688
8,1184,12655,0.010367554612457752
8,1185,12656,0.005709902383387089
8,1186,12657,0.05734080821275711
8,1187,12658,0.0152885802090168
8,1188,12659,0.004326838068664074
8,1189,12660,0.0047567724250257015
8,1190,12661,0.005233275704085827
8,1191,12662,0.03100285492837429
8,1192,12663,0.00105064339004457
8,1193,12664,0.027980711311101913
8,1194,12665,0.028316287323832512
8,1195,12666,0.047555774450302124
8,1196,12667,0.003258486744016409
8,1197,12668,0.003777027130126953
8,1198,12669,0.006870389450341463
8,1199,12670,0.036147408187389374
8,1200,12671,0.00864873081445694
8,1201,12672,0.02480437234044075
8,1202,12673,0.002492134692147374
8,1203,12674,0.0038268102798610926
8,1204,12675,0.02826637774705887
8,1205,12676,0.0031029018573462963
8,1206,12677,0.0027280193753540516
8,1207,12678,0.008908526040613651
8,1208,12679,0.003593596164137125
8,1209,12680,0.0033954731188714504
8,1210,12681,0.03605963662266731
8,1211,12682,0.0013475848827511072
8,1212,12683,0.002253520069643855
8,1213,12684,0.0012768066953867674
8,1214,12685,0.005933417472988367
8,1215,12686,0.025025876238942146
8,1216,12687,0.010709687136113644
8,1217,12688,0.009389796294271946
8,1218,12689,0.0073988852091133595
8,1219,12690,0.002469039987772703
8,1220,12691,0.002137655857950449
8,1221,12692,0.0270277988165617
8,1222,12693,0.12313860654830933
8,1223,12694,0.0035243157763034105
8,1224,12695,0.005870871711522341
8,1225,12696,0.0014359574997797608
8,1226,12697,0.008249289356172085
8,1227,12698,0.024361038580536842
8,1228,12699,0.02265653759241104
8,1229,12700,0.008366567082703114
8,1230,12701,0.007061362266540527
8,1231,12702,0.012289753183722496
8,1232,12703,0.0955546572804451
8,1233,12704,0.02688555233180523
8,1234,12705,0.010596012696623802
8,1235,12706,0.03671204298734665
8,1236,12707,0.002137011382728815
8,1237,12708,0.006968450732529163
8,1238,12709,0.005387104116380215
8,1239,12710,0.023862360045313835
8,1240,12711,0.002428807085379958
8,1241,12712,0.023201582953333855
8,1242,12713,0.000962070538662374
8,1243,12714,0.0056207794696092606
8,1244,12715,0.0023221459705382586
8,1245,12716,0.003914735745638609
8,1246,12717,0.006138922180980444
8,1247,12718,0.016837377101182938
8,1248,12719,0.0023664601612836123
8,1249,12720,0.08855497092008591
8,1250,12721,0.041658688336610794
8,1251,12722,0.015802955254912376
8,1252,12723,0.010373491793870926
8,1253,12724,0.00461270147934556
8,1254,12725,0.07632841914892197
8,1255,12726,0.002103605307638645
8,1256,12727,0.05158521234989166
8,1257,12728,0.00268016685731709
8,1258,12729,0.008159831166267395
8,1259,12730,0.014925036579370499
8,1260,12731,0.07979969680309296
8,1261,12732,0.0025727986358106136
8,1262,12733,0.006573470775038004
8,1263,12734,0.0038935192860662937
8,1264,12735,0.0186221394687891
8,1265,12736,0.006074069067835808
8,1266,12737,0.0021191921550780535
8,1267,12738,0.005741672124713659
8,1268,12739,0.033500999212265015
8,1269,12740,0.06639531254768372
8,1270,12741,0.010537448339164257
8,1271,12742,0.1130736768245697
8,1272,12743,0.03452290967106819
8,1273,12744,0.009458058513700962
8,1274,12745,0.002189347054809332
8,1275,12746,0.02596614882349968
8,1276,12747,0.08354464918375015
8,1277,12748,0.003174861893057823
8,1278,12749,0.0244157612323761
8,1279,12750,0.0652197003364563
8,1280,12751,0.0043060146272182465
8,1281,12752,0.004426651168614626
8,1282,12753,0.1239790990948677
8,1283,12754,0.020453423261642456
8,1284,12755,0.07608628273010254
8,1285,12756,0.02661898173391819
8,1286,12757,0.004068776965141296
8,1287,12758,0.007889405824244022
8,1288,12759,0.023693304508924484
8,1289,12760,0.14685148000717163
8,1290,12761,0.03156435862183571
8,1291,12762,0.0071225580759346485
8,1292,12763,0.02244339883327484
8,1293,12764,0.03873063623905182
8,1294,12765,0.031471483409404755
8,1295,12766,0.10695298761129379
8,1296,12767,0.007613163907080889
8,1297,12768,0.0009562780032865703
8,1298,12769,0.019358675926923752
8,1299,12770,0.0653681829571724
8,1300,12771,0.04012792184948921
8,1301,12772,0.0075605083256959915
8,1302,12773,0.006081089377403259
8,1303,12774,0.027958223596215248
8,1304,12775,0.01772659458220005
8,1305,12776,0.02616717480123043
8,1306,12777,0.03298347070813179
8,1307,12778,0.02219035103917122
8,1308,12779,0.0029710636008530855
8,1309,12780,0.025415796786546707
8,1310,12781,0.015500287525355816
8,1311,12782,0.022122034803032875
8,1312,12783,0.022198723629117012
8,1313,12784,0.006145796738564968
8,1314,12785,0.023758362978696823
8,1315,12786,0.06808218359947205
8,1316,12787,0.009646294638514519
8,1317,12788,0.0036380102392286062
8,1318,12789,0.0698690265417099
8,1319,12790,0.028982751071453094
8,1320,12791,0.004461600445210934
8,1321,12792,0.02615751326084137
8,1322,12793,0.00962867122143507
8,1323,12794,0.0450703427195549
8,1324,12795,0.006471578031778336
8,1325,12796,0.0092739537358284
8,1326,12797,0.006134992931038141
8,1327,12798,0.030061569064855576
8,1328,12799,0.002607442205771804
8,1329,12800,0.001519115874543786
8,1330,12801,0.006891259923577309
8,1331,12802,0.0027306017000228167
8,1332,12803,0.0035826216917485
8,1333,12804,0.026112906634807587
8,1334,12805,0.11270856112241745
8,1335,12806,0.0029898667708039284
8,1336,12807,0.03136245906352997
8,1337,12808,0.005058073438704014
8,1338,12809,0.03656616061925888
8,1339,12810,0.008433148264884949
8,1340,12811,0.001990425633266568
8,1341,12812,0.025285236537456512
8,1342,12813,0.004423744045197964
8,1343,12814,0.01848844438791275
8,1344,12815,0.0019669339526444674
8,1345,12816,0.021481551229953766
8,1346,12817,0.022739185020327568
8,1347,12818,0.05170430243015289
8,1348,12819,0.04902643710374832
8,1349,12820,0.008598427288234234
8,1350,12821,0.002488285768777132
8,1351,12822,0.004092985764145851
8,1352,12823,0.004431087523698807
8,1353,12824,0.005728383082896471
8,1354,12825,0.004890410229563713
8,1355,12826,0.006692369002848864
8,1356,12827,0.018929965794086456
8,1357,12828,0.0433051660656929
8,1358,12829,0.019903428852558136
8,1359,12830,0.0364156998693943
8,1360,12831,0.017131078988313675
8,1361,12832,0.0026591182686388493
8,1362,12833,0.049521710723638535
8,1363,12834,0.008657249622046947
8,1364,12835,0.06256606429815292
8,1365,12836,0.002661694074049592
8,1366,12837,0.0046087345108389854
8,1367,12838,0.002577449893578887
8,1368,12839,0.005132667720317841
8,1369,12840,0.002169260522350669
8,1370,12841,0.02188689075410366
8,1371,12842,0.0028206342831254005
8,1372,12843,0.0048533109948039055
8,1373,12844,0.00924104917794466
8,1374,12845,0.03425326198339462
8,1375,12846,0.0037820518482476473
8,1376,12847,0.01295007299631834
8,1377,12848,0.005435202736407518
8,1378,12849,0.00443509966135025
8,1379,12850,0.0019010952673852444
8,1380,12851,0.09970929473638535
8,1381,12852,0.016811883077025414
8,1382,12853,0.003352878149598837
8,1383,12854,0.04248102754354477
8,1384,12855,0.008416500873863697
8,1385,12856,0.011485157534480095
8,1386,12857,0.0025046460796147585
8,1387,12858,0.002505197888240218
8,1388,12859,0.0034281995613127947
8,1389,12860,0.03559943661093712
8,1390,12861,0.0017667660722509027
8,1391,12862,0.003040991025045514
8,1392,12863,0.02952185831964016
8,1393,12864,0.06504171341657639
8,1394,12865,0.0032253102399408817
8,1395,12866,0.001558594754897058
8,1396,12867,0.005388480145484209
8,1397,12868,0.004536930937319994
8,1398,12869,0.030079839751124382
8,1399,12870,0.003521708305925131
8,1400,12871,0.008017155341804028
8,1401,12872,0.013203117065131664
8,1402,12873,0.0013795518316328526
8,1403,12874,0.007102109957486391
8,1404,12875,0.0032217891421169043
8,1405,12876,0.01670663245022297
8,1406,12877,0.0027056445833295584
8,1407,12878,0.0024759212974458933
8,1408,12879,0.022056709975004196
8,1409,12880,0.0035641430877149105
8,1410,12881,0.0022933080326765776
8,1411,12882,0.005208100192248821
8,1412,12883,0.0035393349826335907
8,1413,12884,0.0037291061598807573
8,1414,12885,0.0004514917964115739
8,1415,12886,0.0006423500017262995
8,1416,12887,0.0019793773535639048
8,1417,12888,0.024549977853894234
8,1418,12889,0.012862857431173325
8,1419,12890,0.021792594343423843
8,1420,12891,0.002809824887663126
8,1421,12892,0.0034116716124117374
8,1422,12893,0.0010817459551617503
8,1423,12894,0.0027027097530663013
8,1424,12895,0.0036997096613049507
8,1425,12896,0.05534150078892708
8,1426,12897,0.0030318396165966988
8,1427,12898,0.0015076900599524379
8,1428,12899,0.005816771648824215
8,1429,12900,0.0010713584488257766
8,1430,12901,0.014525948092341423
8,1431,12902,0.024817420169711113
8,1432,12903,0.0032133660279214382
8,1433,12904,0.0046813953667879105
8,1434,12905,0.0013845787616446614
9,1,12906,0.0036965692415833473
9,2,12907,0.03454449772834778
9,3,12908,0.0028643570840358734
9,4,12909,0.03095916472375393
9,5,12910,0.021231455728411674
9,6,12911,0.00041237910045310855
9,7,12912,0.009326770901679993
9,8,12913,0.004140657372772694
9,9,12914,0.012893270701169968
9,10,12915,0.0020006780978292227
9,11,12916,0.008264380507171154
9,12,12917,0.00038311866228468716
9,13,12918,0.005520810838788748
9,14,12919,0.0028354490641504526
9,15,12920,0.004322373308241367
9,16,12921,0.029313214123249054
9,17,12922,0.0017529689939692616
9,18,12923,0.031627751886844635
9,19,12924,0.003282351652160287
9,20,12925,0.017390264198184013
9,21,12926,0.0022453616838902235
9,22,12927,0.004384578671306372
9,23,12928,0.0041299075819551945
9,24,12929,0.0016981817316263914
9,25,12930,0.008544592186808586
9,26,12931,0.0013429176760837436
9,27,12932,0.003948327153921127
9,28,12933,0.02819787710905075
9,29,12934,0.027972735464572906
9,30,12935,0.0012963562039658427
9,31,12936,0.002868354320526123
9,32,12937,0.004032640717923641
9,33,12938,0.0022765258327126503
9,34,12939,0.002497735433280468
9,35,12940,0.0019466695375740528
9,36,12941,0.014787659980356693
9,37,12942,0.003689521923661232
9,38,12943,0.0038592990022152662
9,39,12944,0.0043744430877268314
9,40,12945,0.006712974980473518
9,41,12946,0.0007057673647068441
9,42,12947,0.004435668233782053
9,43,12948,0.002580383326858282
9,44,12949,0.002515520201995969
9,45,12950,0.0014162450097501278
9,46,12951,0.024483246728777885
9,47,12952,0.003052324987947941
9,48,12953,0.0038917595520615578
9,49,12954,0.0010311499936506152
9,50,12955,0.0017986733000725508
9,51,12956,0.0018072458915412426
9,52,12957,0.007154228165745735
9,53,12958,0.0007675965898670256
9,54,12959,0.022598637267947197
9,55,12960,0.0010748818749561906
9,56,12961,0.04706486314535141
9,57,12962,0.000581792090088129
9,58,12963,0.002286437666043639
9,59,12964,0.0006834806990809739
9,60,12965,0.0009025488398037851
9,61,12966,0.002890312112867832
9,62,12967,0.0026213699020445347
9,63,12968,0.0006311024189926684
9,64,12969,0.0010767709463834763
9,65,12970,0.03812343254685402
9,66,12971,0.00522811571136117
9,67,12972,0.006103964056819677
9,68,12973,0.00299392594024539
9,69,12974,0.006746899802237749
9,70,12975,0.036929965019226074
9,71,12976,0.011290031485259533
9,72,12977,0.0008903780253604054
9,73,12978,0.003596422728151083
9,74,12979,0.010673663578927517
9,75,12980,0.017811158671975136
9,76,12981,0.02123824693262577
9,77,12982,0.004162408411502838
9,78,12983,0.006200304254889488
9,79,12984,0.00181705376598984
9,80,12985,0.0033656323794275522
9,81,12986,0.002825165633112192
9,82,12987,0.0006310653989203274
9,83,12988,0.002101784572005272
9,84,12989,0.01531098410487175
9,85,12990,0.022179342806339264
9,86,12991,0.03277141600847244
9,87,12992,0.02278129570186138
9,88,12993,0.04717819020152092
9,89,12994,0.047567788511514664
9,90,12995,0.02083684131503105
9,91,12996,0.0040335701778531075
9,92,12997,0.0009978471789509058
9,93,12998,0.04650013521313667
9,94,12999,0.007416258566081524
9,95,13000,0.0018922669114544988
9,96,13001,0.001769308466464281
9,97,13002,0.0014754761941730976
9,98,13003,0.002305390080437064
9,99,13004,0.015386177226901054
9,100,13005,0.0020626040641218424
9,101,13006,0.004233025945723057
9,102,13007,0.023590659722685814
9,103,13008,0.024187538772821426
9,104,13009,0.001330417231656611
9,105,13010,0.003532041097059846
9,106,13011,0.002269057324156165
9,107,13012,0.004042100161314011
9,108,13013,0.006214897148311138
9,109,13014,0.0027926380280405283
9,110,13015,0.014123577624559402
9,111,13016,0.004714101552963257
9,112,13017,0.03625831753015518
9,113,13018,0.004695442039519548
9,114,13019,0.004113390576094389
9,115,13020,0.023716745898127556
9,116,13021,0.009372967295348644
9,117,13022,0.011699388734996319
9,118,13023,0.014915775507688522
9,119,13024,0.059926968067884445
9,120,13025,0.005144817288964987
9,121,13026,0.05274529755115509
9,122,13027,0.01584935374557972
9,123,13028,0.0037805212195962667
9,124,13029,0.024428244680166245
9,125,13030,0.006436177063733339
9,126,13031,0.0021698048803955317
9,127,13032,0.008753377012908459
9,128,13033,0.0510498471558094
9,129,13034,0.0019879669416695833
9,130,13035,0.003986534662544727
9,131,13036,0.014226702973246574
9,132,13037,0.004344448447227478
9,133,13038,0.009965739212930202
9,134,13039,0.011021883226931095
9,135,13040,0.004461916163563728
9,136,13041,0.016737064346671104
9,137,13042,0.000995946116745472
9,138,13043,0.0015284438850358129
9,139,13044,0.00477355532348156
9,140,13045,0.0296976026147604
9,141,13046,0.0021460081916302443
9,142,13047,0.05245232954621315
9,143,13048,0.0024627605453133583
9,144,13049,0.022220108658075333
9,145,13050,0.009374790824949741
9,146,13051,0.04957474023103714
9,147,13052,0.03602244704961777
9,148,13053,0.02537718042731285
9,149,13054,0.0014107896713539958
9,150,13055,0.03163938969373703
9,151,13056,0.04375617206096649
9,152,13057,0.021020211279392242
9,153,13058,0.003675066400319338
9,154,13059,0.0010957344202324748
9,155,13060,0.045016493648290634
9,156,13061,0.011055671609938145
9,157,13062,0.004341605585068464
9,158,13063,0.016810936853289604
9,159,13064,0.020479800179600716
9,160,13065,0.023727931082248688
9,161,13066,0.002737803151831031
9,162,13067,0.014699778519570827
9,163,13068,0.007203474175184965
9,164,13069,0.0014693005941808224
9,165,13070,0.016325531527400017
9,166,13071,0.0017572228098288178
9,167,13072,0.0023010256700217724
9,168,13073,0.053122758865356445
9,169,13074,0.0011322953505441546
9,170,13075,0.010937342420220375
9,171,13076,0.00585212791338563
9,172,13077,0.007292221765965223
9,173,13078,0.014931250363588333
9,174,13079,0.023524513468146324
9,175,13080,0.021792255342006683
9,176,13081,0.007687127683311701
9,177,13082,0.001374821295030415
9,178,13083,0.008443695493042469
9,179,13084,0.0015664699021726847
9,180,13085,0.0016870968975126743
9,181,13086,0.03190217539668083
9,182,13087,0.004983120132237673
9,183,13088,0.004636065568774939
9,184,13089,0.011936578899621964
9,185,13090,0.004005225375294685
9,186,13091,0.003526189597323537
9,187,13092,0.004509284161031246
9,188,13093,0.00538443261757493
9,189,13094,0.057919714599847794
9,190,13095,0.0038484339602291584
9,191,13096,0.0020159000996500254
9,192,13097,0.006361081264913082
9,193,13098,0.015191005542874336
9,194,13099,0.007048321887850761
9,195,13100,0.012523189187049866
9,196,13101,0.005840688943862915
9,197,13102,0.002109099179506302
9,198,13103,0.003670872189104557
9,199,13104,0.011957812123000622
9,200,13105,0.001970345852896571
9,201,13106,0.004056109581142664
9,202,13107,0.001740493462421
9,203,13108,0.05465949699282646
9,204,13109,0.029890842735767365
9,205,13110,0.023301662877202034
9,206,13111,0.0057511902414262295
9,207,13112,0.0007027810788713396
9,208,13113,0.0037467542570084333
9,209,13114,0.02645903453230858
9,210,13115,0.012758901342749596
9,211,13116,0.003003493882715702
9,212,13117,0.01034198421984911
9,213,13118,0.0019790956284850836
9,214,13119,0.001794000156223774
9,215,13120,0.0018817634554579854
9,216,13121,0.014913774095475674
9,217,13122,0.08177560567855835
9,218,13123,0.009928339160978794
9,219,13124,0.0012483675964176655
9,220,13125,0.00686262222006917
9,221,13126,0.013681555166840553
9,222,13127,0.011767900548875332
9,223,13128,0.018521443009376526
9,224,13129,0.0030478870030492544
9,225,13130,0.007654343731701374
9,226,13131,0.0016680615954101086
9,227,13132,0.001149487099610269
9,228,13133,0.0038173545617610216
9,229,13134,0.03312309831380844
9,230,13135,0.0041287303902208805
9,231,13136,0.0015369812026619911
9,232,13137,0.0013539232313632965
9,233,13138,0.0010774992406368256
9,234,13139,0.033356938511133194
9,235,13140,0.004439391661435366
9,236,13141,0.00413547083735466
9,237,13142,0.0014911778271198273
9,238,13143,0.0011849013390019536
9,239,13144,0.07524663209915161
9,240,13145,0.011444594711065292
9,241,13146,0.020868772640824318
9,242,13147,0.0028953056316822767
9,243,13148,0.0019354529213160276
9,244,13149,0.027823686599731445
9,245,13150,0.03564300015568733
9,246,13151,0.00940771121531725
9,247,13152,0.009026107378304005
9,248,13153,0.021663079038262367
9,249,13154,0.002497774548828602
9,250,13155,0.012743551284074783
9,251,13156,0.0028513616416603327
9,252,13157,0.0033314030151814222
9,253,13158,0.0028072665445506573
9,254,13159,0.045340362936258316
9,255,13160,0.016619285568594933
9,256,13161,0.07127448916435242
9,257,13162,0.0013454294530674815
9,258,13163,0.0023824123200029135
9,259,13164,0.0038582533597946167
9,260,13165,0.007643881253898144
9,261,13166,0.014409513212740421
9,262,13167,0.0011873162584379315
9,263,13168,0.029125088825821877
9,264,13169,0.0048057688400149345
9,265,13170,0.00952580850571394
9,266,13171,0.0047337692230939865
9,267,13172,0.00308713736012578
9,268,13173,0.0020493308547884226
9,269,13174,0.012167125940322876
9,270,13175,0.0017375645693391562
9,271,13176,0.09254957735538483
9,272,13177,0.004153067246079445
9,273,13178,0.002371987560763955
9,274,13179,0.020038101822137833
9,275,13180,0.00105882971547544
9,276,13181,0.0014872803585603833
9,277,13182,0.002375223208218813
9,278,13183,0.0008375338511541486
9,279,13184,0.015482652932405472
9,280,13185,0.001890365150757134
9,281,13186,0.010536236688494682
9,282,13187,0.006489994004368782
9,283,13188,0.012256796471774578
9,284,13189,0.0023210979998111725
9,285,13190,0.005901318043470383
9,286,13191,0.0034678454976528883
9,287,13192,0.03936785086989403
9,288,13193,0.0004753675020765513
9,289,13194,0.0005190008087083697
9,290,13195,0.002114728558808565
9,291,13196,0.036720722913742065
9,292,13197,0.004491516388952732
9,293,13198,0.000978706288151443
9,294,13199,0.0021298553328961134
9,295,13200,0.01728932559490204
9,296,13201,0.0047004446387290955
9,297,13202,0.0037505419459193945
9,298,13203,0.003455508965998888
9,299,13204,0.004602776374667883
9,300,13205,0.013608437962830067
9,301,13206,0.0015805182047188282
9,302,13207,0.001551579567603767
9,303,13208,0.01968764327466488
9,304,13209,0.0019336488330736756
9,305,13210,0.0023956885561347008
9,306,13211,0.019239813089370728
9,307,13212,0.02354111336171627
9,308,13213,0.009279858320951462
9,309,13214,0.00773258414119482
9,310,13215,0.0018695176113396883
9,311,13216,0.030139392241835594
9,312,13217,0.0019672904163599014
9,313,13218,0.0012589673278853297
9,314,13219,0.0897769033908844
9,315,13220,0.00280815945006907
9,316,13221,0.02821512334048748
9,317,13222,0.014812801964581013
9,318,13223,0.006747128441929817
9,319,13224,0.0039057405665516853
9,320,13225,0.007015545386821032
9,321,13226,0.0319601409137249
9,322,13227,0.0005884834099560976
9,323,13228,0.007743021938949823
9,324,13229,0.04411768540740013
9,325,13230,0.00808502547442913
9,326,13231,0.010625317692756653
9,327,13232,0.0022840669844299555
9,328,13233,0.001676559797488153
9,329,13234,0.018676241859793663
9,330,13235,0.0018913708627223969
9,331,13236,0.10625672340393066
9,332,13237,0.006650086492300034
9,333,13238,0.0101349838078022
9,334,13239,0.031193522736430168
9,335,13240,0.026530856266617775
9,336,13241,0.00819867942482233
9,337,13242,0.0013269067276269197
9,338,13243,0.004162606317549944
9,339,13244,0.06957320123910904
9,340,13245,0.0008838946232572198
9,341,13246,0.014411980286240578
9,342,13247,0.011130765080451965
9,343,13248,0.006439455784857273
9,344,13249,0.04656252637505531
9,345,13250,0.0015763238770887256
9,346,13251,0.002481065923348069
9,347,13252,0.020439082756638527
9,348,13253,0.04094814136624336
9,349,13254,0.0030400711111724377
9,350,13255,0.05187926068902016
9,351,13256,0.006084518041461706
9,352,13257,0.09172287583351135
9,353,13258,0.0037217389326542616
9,354,13259,0.0022861496545374393
9,355,13260,0.008594437502324581
9,356,13261,0.06474962830543518
9,357,13262,0.003540048375725746
9,358,13263,0.005437738262116909
9,359,13264,0.014252066612243652
9,360,13265,0.003260935889557004
9,361,13266,0.011411537416279316
9,362,13267,0.0020324350334703922
9,363,13268,0.010000757873058319
9,364,13269,0.009245348162949085
9,365,13270,0.005674340762197971
9,366,13271,0.03493272885680199
9,367,13272,0.0022839803714305162
9,368,13273,0.0010174182243645191
9,369,13274,0.05071142315864563
9,370,13275,0.0007197561790235341
9,371,13276,0.0017757234163582325
9,372,13277,0.00021399812249001116
9,373,13278,0.003811382921412587
9,374,13279,0.002481132512912154
9,375,13280,0.0032351084519177675
9,376,13281,0.006422904320061207
9,377,13282,0.009727724827826023
9,378,13283,0.003247962100431323
9,379,13284,0.004321870394051075
9,380,13285,0.012835280038416386
9,381,13286,0.0009708440629765391
9,382,13287,0.0008602066081948578
9,383,13288,0.00020530118490569293
9,384,13289,0.001166483503766358
9,385,13290,0.037727631628513336
9,386,13291,0.020036499947309494
9,387,13292,0.0037796280812472105
9,388,13293,0.005577166099101305
9,389,13294,0.08236309885978699
9,390,13295,0.00437502097338438
9,391,13296,0.0016225457657128572
9,392,13297,0.023995082825422287
9,393,13298,0.0011461656540632248
9,394,13299,0.0036110940854996443
9,395,13300,0.0014762087957933545
9,396,13301,0.0008099756087176502
9,397,13302,0.05403461679816246
9,398,13303,0.02866639941930771
9,399,13304,0.0024850701447576284
9,400,13305,0.06152673438191414
9,401,13306,0.007215925492346287
9,402,13307,0.007348573300987482
9,403,13308,0.001552902045659721
9,404,13309,0.006464475300163031
9,405,13310,0.0013604862615466118
9,406,13311,0.009400072507560253
9,407,13312,0.013017602264881134
9,408,13313,0.0033334121108055115
9,409,13314,0.005431203171610832
9,410,13315,0.0029427192639559507
9,411,13316,0.034232448786497116
9,412,13317,0.001613436616025865
9,413,13318,0.03839419037103653
9,414,13319,0.0026322542689740658
9,415,13320,0.027079632505774498
9,416,13321,0.0033930307254195213
9,417,13322,0.002262677764520049
9,418,13323,0.0014901962131261826
9,419,13324,0.001951417070813477
9,420,13325,0.004855248145759106
9,421,13326,0.007612605579197407
9,422,13327,0.026435889303684235
9,423,13328,0.0030432678759098053
9,424,13329,0.019658640027046204
9,425,13330,0.005067266058176756
9,426,13331,0.010008787736296654
9,427,13332,0.0025698489043861628
9,428,13333,0.011126192286610603
9,429,13334,0.0036034020595252514
9,430,13335,0.0065676551312208176
9,431,13336,0.001343855750747025
9,432,13337,0.04748519882559776
9,433,13338,0.015643281862139702
9,434,13339,0.0006310330936685205
9,435,13340,0.009771998040378094
9,436,13341,0.0015363952843472362
9,437,13342,0.0025965578388422728
9,438,13343,0.002169538289308548
9,439,13344,0.0013128708815202117
9,440,13345,0.0014263709308579564
9,441,13346,0.0027552912943065166
9,442,13347,0.017824048176407814
9,443,13348,0.0007363837212324142
9,444,13349,0.0555163137614727
9,445,13350,0.009362708777189255
9,446,13351,0.0024751664604991674
9,447,13352,0.007507243659347296
9,448,13353,0.005481173750013113
9,449,13354,0.026161765679717064
9,450,13355,0.001242964412085712
9,451,13356,0.004184538498520851
9,452,13357,0.006058989092707634
9,453,13358,0.004786685109138489
9,454,13359,0.0033661627676337957
9,455,13360,0.0016108452109619975
9,456,13361,0.003055352484807372
9,457,13362,0.011273182928562164
9,458,13363,0.004702920559793711
9,459,13364,0.006558808498084545
9,460,13365,0.11681864410638809
9,461,13366,0.0024959018919616938
9,462,13367,0.0008644638583064079
9,463,13368,0.006230358965694904
9,464,13369,0.0009121567709371448
9,465,13370,0.004974296782165766
9,466,13371,0.0014197499258443713
9,467,13372,0.0068741487339138985
9,468,13373,0.021207986399531364
9,469,13374,0.041627343744039536
9,470,13375,0.00429348973557353
9,471,13376,0.03043626993894577
9,472,13377,0.00188323890324682
9,473,13378,0.01917230524122715
9,474,13379,0.0022185964044183493
9,475,13380,0.05168313905596733
9,476,13381,0.008127821609377861
9,477,13382,0.001942895003594458
9,478,13383,0.004467910621315241
9,479,13384,0.004157200455665588
9,480,13385,0.043238505721092224
9,481,13386,0.04550831764936447
9,482,13387,0.017350677400827408
9,483,13388,0.010777099058032036
9,484,13389,0.008459636010229588
9,485,13390,0.001905918586999178
9,486,13391,0.016816722229123116
9,487,13392,0.01242148783057928
9,488,13393,0.00897210743278265
9,489,13394,0.001446084468625486
9,490,13395,0.012945490889251232
9,491,13396,0.04782244563102722
9,492,13397,0.002258127322420478
9,493,13398,0.002882993081584573
9,494,13399,0.005066072102636099
9,495,13400,0.0018495813710615039
9,496,13401,0.0049621728248894215
9,497,13402,0.008360828272998333
9,498,13403,0.007704968564212322
9,499,13404,0.011229114606976509
9,500,13405,0.0010013784049078822
9,501,13406,0.02183162420988083
9,502,13407,0.004598403349518776
9,503,13408,0.016965124756097794
9,504,13409,0.0008628760697320104
9,505,13410,0.0033409518655389547
9,506,13411,0.002097619464620948
9,507,13412,0.004739904776215553
9,508,13413,0.057239990681409836
9,509,13414,0.008414416573941708
9,510,13415,0.06390095502138138
9,511,13416,0.012180100195109844
9,512,13417,0.018881656229496002
9,513,13418,0.003285841317847371
9,514,13419,0.03293007239699364
9,515,13420,0.002885562600567937
9,516,13421,0.001430364092811942
9,517,13422,0.0027577513828873634
9,518,13423,0.041987668722867966
9,519,13424,0.0014754103031009436
9,520,13425,0.011355359107255936
9,521,13426,0.0007809915696270764
9,522,13427,0.0017391941510140896
9,523,13428,0.0008595408289693296
9,524,13429,0.004333851858973503
9,525,13430,0.003460121341049671
9,526,13431,0.00025720507255755365
9,527,13432,0.08035553991794586
9,528,13433,0.015237887389957905
9,529,13434,0.0031958248000591993
9,530,13435,0.002190388971939683
9,531,13436,0.0010597503278404474
9,532,13437,0.0006155414739623666
9,533,13438,0.0033973234239965677
9,534,13439,0.0013386524515226483
9,535,13440,0.0014041179092600942
9,536,13441,0.0018956073326990008
9,537,13442,0.013379842042922974
9,538,13443,0.0005345835816115141
9,539,13444,0.0014064684510231018
9,540,13445,0.08302643150091171
9,541,13446,0.00026090414030477405
9,542,13447,0.007543396670371294
9,543,13448,0.009705823846161366
9,544,13449,0.009316659532487392
9,545,13450,0.008411937393248081
9,546,13451,0.010326048359274864
9,547,13452,0.0077552152797579765
9,548,13453,0.03026510775089264
9,549,13454,0.007393826264888048
9,550,13455,0.005660471506416798
9,551,13456,0.0038355260621756315
9,552,13457,0.010558070614933968
9,553,13458,0.003705559531226754
9,554,13459,0.04690387099981308
9,555,13460,0.006805322598665953
9,556,13461,0.0012277208734303713
9,557,13462,0.017314283177256584
9,558,13463,0.01478378102183342
9,559,13464,0.06801658868789673
9,560,13465,0.014372781850397587
9,561,13466,0.022855494171380997
9,562,13467,0.03781546652317047
9,563,13468,0.003662161063402891
9,564,13469,0.0032355652656406164
9,565,13470,0.008737627416849136
9,566,13471,0.014220780692994595
9,567,13472,0.0781417116522789
9,568,13473,0.006076632998883724
9,569,13474,0.008357210084795952
9,570,13475,0.005196132697165012
9,571,13476,0.005862351506948471
9,572,13477,0.0012439754791557789
9,573,13478,0.02761702612042427
9,574,13479,0.015069541521370411
9,575,13480,0.011069897562265396
9,576,13481,0.0046557411551475525
9,577,13482,0.00538795767351985
9,578,13483,0.034204792231321335
9,579,13484,0.00994406919926405
9,580,13485,0.0015063472092151642
9,581,13486,0.03298560529947281
9,582,13487,0.0335913822054863
9,583,13488,0.0005001138197258115
9,584,13489,0.020114975050091743
9,585,13490,0.003644272917881608
9,586,13491,0.0030579608865082264
9,587,13492,0.002377602970227599
9,588,13493,0.061870425939559937
9,589,13494,0.06206722930073738
9,590,13495,0.003653979394584894
9,591,13496,0.014968638308346272
9,592,13497,0.00235302303917706
9,593,13498,0.003222706960514188
9,594,13499,0.012118793092668056
9,595,13500,0.0011471688048914075
9,596,13501,0.012656359933316708
9,597,13502,0.03460909053683281
9,598,13503,0.04011493921279907
9,599,13504,0.0017841295339167118
9,600,13505,0.004011103883385658
9,601,13506,0.006747720297425985
9,602,13507,0.0009718327783048153
9,603,13508,0.007612030953168869
9,604,13509,0.0008980734855867922
9,605,13510,0.004576671402901411
9,606,13511,0.003672249848023057
9,607,13512,0.018893439322710037
9,608,13513,0.04217885434627533
9,609,13514,0.006999470759183168
9,610,13515,0.003653643885627389
9,611,13516,0.006488709710538387
9,612,13517,0.010020420886576176
9,613,13518,0.0036827092990279198
9,614,13519,0.0060007087886333466
9,615,13520,0.005234387703239918
9,616,13521,0.002808879828080535
9,617,13522,0.0012117985170334578
9,618,13523,0.0014997789403423667
9,619,13524,0.004512282554060221
9,620,13525,0.0009184833616018295
9,621,13526,0.00917233806103468
9,622,13527,0.009362139739096165
9,623,13528,0.0013337613781914115
9,624,13529,0.0004801689647138119
9,625,13530,0.002763555385172367
9,626,13531,0.0037114140577614307
9,627,13532,0.005034368485212326
9,628,13533,0.023512454703450203
9,629,13534,0.008179018273949623
9,630,13535,0.0018555006245151162
9,631,13536,0.0005180230364203453
9,632,13537,0.00021743473189417273
9,633,13538,0.0005574008682742715
9,634,13539,0.007725532166659832
9,635,13540,0.0011134122032672167
9,636,13541,0.0008298583561554551
9,637,13542,0.0040831854566931725
9,638,13543,0.008628789335489273
9,639,13544,0.02135099098086357
9,640,13545,0.0366334468126297
9,641,13546,0.0015329808229580522
9,642,13547,0.0022604954428970814
9,643,13548,0.0004131793975830078
9,644,13549,0.02645561471581459
9,645,13550,0.014850453473627567
9,646,13551,0.0003819577977992594
9,647,13552,0.05661017820239067
9,648,13553,0.0002748580009210855
9,649,13554,0.06775360554456711
9,650,13555,0.0010097007034346461
9,651,13556,0.03149791806936264
9,652,13557,0.0020107056479901075
9,653,13558,0.00021962843311484903
9,654,13559,0.041167765855789185
9,655,13560,0.0014369371347129345
9,656,13561,0.0087467385455966
9,657,13562,0.008283525705337524
9,658,13563,0.0023309127427637577
9,659,13564,0.020481936633586884
9,660,13565,0.009679222479462624
9,661,13566,0.003635169006884098
9,662,13567,0.015192517079412937
9,663,13568,0.023614078760147095
9,664,13569,0.007050512824207544
9,665,13570,0.08389860391616821
9,666,13571,0.00336787523701787
9,667,13572,0.001182876410894096
9,668,13573,0.011764577589929104
9,669,13574,0.0060316589660942554
9,670,13575,0.004006236791610718
9,671,13576,0.0021856995299458504
9,672,13577,0.03686227276921272
9,673,13578,0.040196456015110016
9,674,13579,0.02606840990483761
9,675,13580,0.004274935927242041
9,676,13581,0.006539094261825085
9,677,13582,0.006097713019698858
9,678,13583,0.0034513650462031364
9,679,13584,0.0012634616577997804
9,680,13585,0.011358948424458504
9,681,13586,0.009203450754284859
9,682,13587,0.0917244628071785
9,683,13588,0.08463139832019806
9,684,13589,0.006353957578539848
9,685,13590,0.011020490899682045
9,686,13591,0.027623046189546585
9,687,13592,0.006384544540196657
9,688,13593,0.009771623648703098
9,689,13594,0.05643439665436745
9,690,13595,0.002561623463407159
9,691,13596,0.034617308527231216
9,692,13597,0.023914650082588196
9,693,13598,0.0029658630955964327
9,694,13599,0.0022586043924093246
9,695,13600,0.03365188091993332
9,696,13601,0.008676900528371334
9,697,13602,0.0017031226307153702
9,698,13603,0.0015008701011538506
9,699,13604,0.004023658577352762
9,700,13605,0.047589097172021866
9,701,13606,0.005623015109449625
9,702,13607,0.0013357746647670865
9,703,13608,0.00097665807697922
9,704,13609,0.002498945686966181
9,705,13610,0.028410857543349266
9,706,13611,0.022134196013212204
9,707,13612,0.002441266318783164
9,708,13613,0.0017434536712244153
9,709,13614,0.03486813232302666
9,710,13615,0.007130176294595003
9,711,13616,0.01194040384143591
9,712,13617,0.004636585712432861
9,713,13618,0.006299182306975126
9,714,13619,0.006308614742010832
9,715,13620,0.010315746068954468
9,716,13621,0.0026372054126113653
9,717,13622,0.003793904557824135
9,718,13623,0.02286604978144169
9,719,13624,0.0026718927547335625
9,720,13625,0.01589607633650303
9,721,13626,0.01078493706882
9,722,13627,0.0011491163168102503
9,723,13628,0.009234669618308544
9,724,13629,0.0011257465230301023
9,725,13630,0.004194668028503656
9,726,13631,0.004461122676730156
9,727,13632,0.07361204922199249
9,728,13633,0.0009685529512353241
9,729,13634,0.0007149991579353809
9,730,13635,0.011495686136186123
9,731,13636,0.01324361190199852
9,732,13637,0.0009409064659848809
9,733,13638,0.04140950366854668
9,734,13639,0.009076767601072788
9,735,13640,0.005250447429716587
9,736,13641,0.031438615173101425
9,737,13642,0.0779847800731659
9,738,13643,0.012861009687185287
9,739,13644,0.003956242464482784
9,740,13645,0.0007224776200018823
9,741,13646,0.011691192165017128
9,742,13647,0.004209349863231182
9,743,13648,0.003144199727103114
9,744,13649,0.009374122135341167
9,745,13650,0.025576790794730186
9,746,13651,0.01748574525117874
9,747,13652,0.04726431518793106
9,748,13653,0.009410320781171322
9,749,13654,0.02230120822787285
9,750,13655,0.020637771114706993
9,751,13656,0.0009939136216416955
9,752,13657,0.002544567221775651
9,753,13658,0.004355220589786768
9,754,13659,0.005368387792259455
9,755,13660,0.0017916691722348332
9,756,13661,0.001037701265886426
9,757,13662,0.003978303633630276
9,758,13663,0.011340479366481304
9,759,13664,0.013672745786607265
9,760,13665,0.0013837445294484496
9,761,13666,0.03314399719238281
9,762,13667,0.004412311129271984
9,763,13668,0.0020451354794204235
9,764,13669,0.010624472983181477
9,765,13670,0.013944114558398724
9,766,13671,0.005410297308117151
9,767,13672,0.025268884375691414
9,768,13673,0.002520059933885932
9,769,13674,0.03906255215406418
9,770,13675,0.1395944356918335
9,771,13676,0.008596966974437237
9,772,13677,0.024199990555644035
9,773,13678,0.01930359937250614
9,774,13679,0.005007163155823946
9,775,13680,0.0033027688041329384
9,776,13681,0.0011378146009519696
9,777,13682,0.006180650554597378
9,778,13683,0.009070158004760742
9,779,13684,0.009627895429730415
9,780,13685,0.003578669624403119
9,781,13686,0.012627762742340565
9,782,13687,0.005910955369472504
9,783,13688,0.021751241758465767
9,784,13689,0.004373928532004356
9,785,13690,0.01674349047243595
9,786,13691,0.03927183896303177
9,787,13692,0.08325181901454926
9,788,13693,0.022240562364459038
9,789,13694,0.0028086937963962555
9,790,13695,0.05450025200843811
9,791,13696,0.002162579447031021
9,792,13697,0.0029814457520842552
9,793,13698,0.0020391978323459625
9,794,13699,0.002901594853028655
9,795,13700,0.0018945519113913178
9,796,13701,0.02175922878086567
9,797,13702,0.0011592500377446413
9,798,13703,0.058149173855781555
9,799,13704,0.0017861167434602976
9,800,13705,0.0014999464619904757
9,801,13706,0.030483711510896683
9,802,13707,0.019980283454060555
9,803,13708,0.003107452532276511
9,804,13709,0.0013237062375992537
9,805,13710,0.000526720832567662
9,806,13711,0.003544568782672286
9,807,13712,0.003853009082376957
9,808,13713,0.04975738376379013
9,809,13714,0.036179207265377045
9,810,13715,0.0037164969835430384
9,811,13716,0.004480427596718073
9,812,13717,0.08676578104496002
9,813,13718,0.018361888825893402
9,814,13719,0.0015606635715812445
9,815,13720,0.0034755279775708914
9,816,13721,0.004666208289563656
9,817,13722,0.00869660172611475
9,818,13723,0.010491164401173592
9,819,13724,0.0027312468737363815
9,820,13725,0.08593778312206268
9,821,13726,0.002998224925249815
9,822,13727,0.014145579189062119
9,823,13728,0.010265283286571503
9,824,13729,0.0037353551015257835
9,825,13730,0.025185441598296165
9,826,13731,0.046211834996938705
9,827,13732,0.012181807309389114
9,828,13733,0.006172471679747105
9,829,13734,0.011000526137650013
9,830,13735,0.0020557029638439417
9,831,13736,0.004050345625728369
9,832,13737,0.00086387520423159
9,833,13738,0.024709779769182205
9,834,13739,0.0007362717296928167
9,835,13740,0.0006775225629098713
9,836,13741,0.0622982531785965
9,837,13742,0.0012473382521420717
9,838,13743,0.0026932568289339542
9,839,13744,0.004034422338008881
9,840,13745,0.018893396481871605
9,841,13746,0.0017489363672211766
9,842,13747,0.008274799212813377
9,843,13748,0.0022052242420613766
9,844,13749,0.014682386070489883
9,845,13750,0.010140581987798214
9,846,13751,0.0009913032408803701
9,847,13752,0.019201938062906265
9,848,13753,0.0028728581964969635
9,849,13754,0.032776039093732834
9,850,13755,0.004297387320548296
9,851,13756,0.0010088233975693583
9,852,13757,0.003985076677054167
9,853,13758,0.008024965412914753
9,854,13759,0.0024504633620381355
9,855,13760,0.03123481757938862
9,856,13761,0.001550579909235239
9,857,13762,0.0011355855967849493
9,858,13763,0.030880119651556015
9,859,13764,0.004367375746369362
9,860,13765,0.0039002017583698034
9,861,13766,0.02664862759411335
9,862,13767,0.0018438365077599883
9,863,13768,0.03480750322341919
9,864,13769,0.0015112931141629815
9,865,13770,0.012345856986939907
9,866,13771,0.004054354038089514
9,867,13772,0.007515632547438145
9,868,13773,0.002494238084182143
9,869,13774,0.022719426080584526
9,870,13775,0.0239675622433424
9,871,13776,0.0306467954069376
9,872,13777,0.002109118038788438
9,873,13778,0.009990828111767769
9,874,13779,0.0026180625427514315
9,875,13780,0.004029256757348776
9,876,13781,0.004609677009284496
9,877,13782,0.0004535804037004709
9,878,13783,0.0021198152098804712
9,879,13784,0.0032151970081031322
9,880,13785,0.0015105161583051085
9,881,13786,0.022468559443950653
9,882,13787,0.002654340351000428
9,883,13788,0.001939479960128665
9,884,13789,0.0028834405820816755
9,885,13790,0.00730219716206193
9,886,13791,0.0015897705452516675
9,887,13792,0.0033863727003335953
9,888,13793,0.002695252653211355
9,889,13794,0.0007103012758307159
9,890,13795,0.0014503025449812412
9,891,13796,0.008322198875248432
9,892,13797,0.0017235544510185719
9,893,13798,0.0034088524989783764
9,894,13799,0.0034831268712878227
9,895,13800,0.04007209092378616
9,896,13801,0.0016644468996673822
9,897,13802,0.002628662856295705
9,898,13803,0.0009056854178197682
9,899,13804,0.007065878249704838
9,900,13805,0.0009723919210955501
9,901,13806,0.010530168190598488
9,902,13807,0.004621770232915878
9,903,13808,0.0056454818695783615
9,904,13809,0.007366372272372246
9,905,13810,0.008250822313129902
9,906,13811,0.001907896832562983
9,907,13812,0.0013734931126236916
9,908,13813,0.008296031504869461
9,909,13814,0.008764339610934258
9,910,13815,0.0021716647315770388
9,911,13816,0.0007063658558763564
9,912,13817,0.002391036134213209
9,913,13818,0.0011042660335078835
9,914,13819,0.01785053126513958
9,915,13820,0.0019331504590809345
9,916,13821,0.007953230291604996
9,917,13822,0.01497095637023449
9,918,13823,0.0007538177887909114
9,919,13824,0.00042589372606016695
9,920,13825,0.005336016416549683
9,921,13826,0.017683586105704308
9,922,13827,0.05270472168922424
9,923,13828,0.0019200294045731425
9,924,13829,0.10498574376106262
9,925,13830,0.026545042172074318
9,926,13831,0.0008167620981112123
9,927,13832,0.0012704527471214533
9,928,13833,0.0007538554491475224
9,929,13834,0.01260997075587511
9,930,13835,0.003266391344368458
9,931,13836,0.0036576329730451107
9,932,13837,0.001901190378703177
9,933,13838,0.0006533824489451945
9,934,13839,0.0034891923423856497
9,935,13840,0.0026843457017093897
9,936,13841,0.02918117865920067
9,937,13842,0.008407793939113617
9,938,13843,0.0018002500291913748
9,939,13844,0.0015366951702162623
9,940,13845,0.055775634944438934
9,941,13846,0.006593140307813883
9,942,13847,0.003139338456094265
9,943,13848,0.002660436322912574
9,944,13849,0.0040553053840994835
9,945,13850,0.012055638246238232
9,946,13851,0.0009690456208772957
9,947,13852,0.0005714526632800698
9,948,13853,0.008958655409514904
9,949,13854,0.07319245487451553
9,950,13855,0.0013536333572119474
9,951,13856,0.0006554009160026908
9,952,13857,0.008853867650032043
9,953,13858,0.00839554239064455
9,954,13859,0.021282389760017395
9,955,13860,0.027890633791685104
9,956,13861,0.01077916007488966
9,957,13862,0.003933385480195284
9,958,13863,0.07673835009336472
9,959,13864,0.004501171410083771
9,960,13865,0.006367743946611881
9,961,13866,0.007297581993043423
9,962,13867,0.029261058196425438
9,963,13868,0.0036568695213645697
9,964,13869,0.0010963563108816743
9,965,13870,0.002988120075315237
9,966,13871,0.0006124627543613315
9,967,13872,0.010849053040146828
9,968,13873,0.00816129520535469
9,969,13874,0.013033551163971424
9,970,13875,0.01106637716293335
9,971,13876,0.0038135387003421783
9,972,13877,0.000495492247864604
9,973,13878,0.0015800005057826638
9,974,13879,0.01376980822533369
9,975,13880,0.001205219654366374
9,976,13881,0.04912269860506058
9,977,13882,0.0005369907594285905
9,978,13883,0.00480246264487505
9,979,13884,0.0003091178077738732
9,980,13885,0.013040267862379551
9,981,13886,0.0009885068284347653
9,982,13887,0.0046180556528270245
9,983,13888,0.0017783731454983354
9,984,13889,0.0018430178752169013
9,985,13890,0.0035924685653299093
9,986,13891,0.00223697442561388
9,987,13892,0.017461679875850677
9,988,13893,0.00702962651848793
9,989,13894,0.0005557181430049241
9,990,13895,0.010241047479212284
9,991,13896,0.0030670545529574156
9,992,13897,0.0012126887449994683
9,993,13898,0.0006116211297921836
9,994,13899,0.027334261685609818
9,995,13900,0.0014247511280700564
9,996,13901,0.0012961967149749398
9,997,13902,0.0023892507888376713
9,998,13903,0.024669507518410683
9,999,13904,0.002103241626173258
9,1000,13905,0.012688758783042431
9,1001,13906,0.0020278305746614933
9,1002,13907,0.04587440937757492
9,1003,13908,0.06065749004483223
9,1004,13909,0.04500121623277664
9,1005,13910,0.026733936741948128
9,1006,13911,0.0015572851989418268
9,1007,13912,0.0009566816734150052
9,1008,13913,0.0012717453064396977
9,1009,13914,0.013270835392177105
9,1010,13915,0.0037272190675139427
9,1011,13916,0.0026176024693995714
9,1012,13917,0.006258506793528795
9,1013,13918,0.053873103111982346
9,1014,13919,0.003314721630886197
9,1015,13920,0.010694941505789757
9,1016,13921,0.0294706542044878
9,1017,13922,0.0009128358797170222
9,1018,13923,0.009110654704272747
9,1019,13924,0.006377236917614937
9,1020,13925,0.0021495597902685404
9,1021,13926,0.00713033601641655
9,1022,13927,0.0573899932205677
9,1023,13928,0.0023473540786653757
9,1024,13929,0.03899190574884415
9,1025,13930,0.03974035382270813
9,1026,13931,0.0033950116485357285
9,1027,13932,0.024430852383375168
9,1028,13933,0.0076096742413938046
9,1029,13934,0.0057738847099244595
9,1030,13935,0.02327326126396656
9,1031,13936,0.0034789489582180977
9,1032,13937,0.01438937522470951
9,1033,13938,0.005277198273688555
9,1034,13939,0.0014646584168076515
9,1035,13940,0.015253941528499126
9,1036,13941,0.0015579672763124108
9,1037,13942,0.0010003299685195088
9,1038,13943,0.004763311240822077
9,1039,13944,0.002549906726926565
9,1040,13945,0.006354647222906351
9,1041,13946,0.09188265353441238
9,1042,13947,0.07493598759174347
9,1043,13948,0.004755184520035982
9,1044,13949,0.004890312906354666
9,1045,13950,0.08586235344409943
9,1046,13951,0.01725352182984352
9,1047,13952,0.011326072737574577
9,1048,13953,0.02058294229209423
9,1049,13954,0.0035641733556985855
9,1050,13955,0.035081177949905396
9,1051,13956,0.0022349106147885323
9,1052,13957,0.004578461404889822
9,1053,13958,0.034801412373781204
9,1054,13959,0.006224601995199919
9,1055,13960,0.01729440875351429
9,1056,13961,0.021895602345466614
9,1057,13962,0.029920538887381554
9,1058,13963,0.0016347066266462207
9,1059,13964,0.00432543084025383
9,1060,13965,0.003160618944093585
9,1061,13966,0.008508709259331226
9,1062,13967,0.001959913643077016
9,1063,13968,0.003427803749218583
9,1064,13969,0.039194513112306595
9,1065,13970,0.003942599054425955
9,1066,13971,0.00951864942908287
9,1067,13972,0.0031015542335808277
9,1068,13973,0.029360460117459297
9,1069,13974,0.03309618681669235
9,1070,13975,0.010097225196659565
9,1071,13976,0.004019525367766619
9,1072,13977,0.00034209215664304793
9,1073,13978,0.0247761532664299
9,1074,13979,0.026296112686395645
9,1075,13980,0.019406018778681755
9,1076,13981,0.0030288975685834885
9,1077,13982,0.003221500664949417
9,1078,13983,0.004598197061568499
9,1079,13984,0.0009133209241554141
9,1080,13985,0.004007989075034857
9,1081,13986,0.002354165306314826
9,1082,13987,0.003071700455620885
9,1083,13988,0.004666234366595745
9,1084,13989,0.006077559664845467
9,1085,13990,0.0022065211087465286
9,1086,13991,0.02265343815088272
9,1087,13992,0.0003327569575048983
9,1088,13993,0.019456686452031136
9,1089,13994,0.011414690874516964
9,1090,13995,0.017044685781002045
9,1091,13996,0.005953088868409395
9,1092,13997,0.06438881903886795
9,1093,13998,0.0017270949902012944
9,1094,13999,0.001718431361950934
9,1095,14000,0.0046449219807982445
9,1096,14001,0.04307938739657402
9,1097,14002,0.00971192866563797
9,1098,14003,0.0009100222960114479
9,1099,14004,0.0042602550238370895
9,1100,14005,0.001212257775478065
9,1101,14006,0.0011409089202061296
9,1102,14007,0.015377725474536419
9,1103,14008,0.009518144652247429
9,1104,14009,0.00093903171364218
9,1105,14010,0.007428905460983515
9,1106,14011,0.05351075530052185
9,1107,14012,0.10880183428525925
9,1108,14013,0.0035250051878392696
9,1109,14014,0.02531813643872738
9,1110,14015,0.003673169296234846
9,1111,14016,0.01167631521821022
9,1112,14017,0.003522201208397746
9,1113,14018,0.004119638819247484
9,1114,14019,0.04161900281906128
9,1115,14020,0.005176297388970852
9,1116,14021,0.007954977452754974
9,1117,14022,0.0022610395681113005
9,1118,14023,0.007307133171707392
9,1119,14024,0.01273278146982193
9,1120,14025,0.005190655589103699
9,1121,14026,0.005087803117930889
9,1122,14027,0.003284964244812727
9,1123,14028,0.00331647926941514
9,1124,14029,0.0008970745257101953
9,1125,14030,0.0041426317766308784
9,1126,14031,0.013397111557424068
9,1127,14032,0.014968675561249256
9,1128,14033,0.002756571164354682
9,1129,14034,0.00665684137493372
9,1130,14035,0.011426486074924469
9,1131,14036,0.0038805536460131407
9,1132,14037,0.010237100534141064
9,1133,14038,0.0010889682453125715
9,1134,14039,0.002584967063739896
9,1135,14040,0.0007313492242246866
9,1136,14041,0.022296348586678505
9,1137,14042,0.008958501741290092
9,1138,14043,0.0030777649953961372
9,1139,14044,0.012386827729642391
9,1140,14045,0.020598052069544792
9,1141,14046,0.0021442403085529804
9,1142,14047,0.008075655438005924
9,1143,14048,0.008847890421748161
9,1144,14049,0.003478534985333681
9,1145,14050,0.010465451516211033
9,1146,14051,0.0018917553825303912
9,1147,14052,0.0026829326525330544
9,1148,14053,0.0008017749642021954
9,1149,14054,0.07121483236551285
9,1150,14055,0.025188667699694633
9,1151,14056,0.0011373995803296566
9,1152,14057,0.0007215020013973117
9,1153,14058,0.009626668877899647
9,1154,14059,0.0026389253325760365
9,1155,14060,0.005634775850921869
9,1156,14061,0.0007486754329875112
9,1157,14062,0.04497784376144409
9,1158,14063,0.009848441928625107
9,1159,14064,0.01580483838915825
9,1160,14065,0.0010056012542918324
9,1161,14066,0.0007496272446587682
9,1162,14067,0.0028156889602541924
9,1163,14068,0.016678519546985626
9,1164,14069,0.0005470538162626326
9,1165,14070,0.000946404819842428
9,1166,14071,0.0031389060895889997
9,1167,14072,0.0010875206207856536
9,1168,14073,0.05910806357860565
9,1169,14074,0.05329059064388275
9,1170,14075,0.019300539046525955
9,1171,14076,0.0165302325040102
9,1172,14077,0.017446905374526978
9,1173,14078,0.010871367529034615
9,1174,14079,0.0747106671333313
9,1175,14080,0.001340992283076048
9,1176,14081,0.005152535624802113
9,1177,14082,0.00326446071267128
9,1178,14083,0.04943963140249252
9,1179,14084,0.0006219031056389213
9,1180,14085,0.030889984220266342
9,1181,14086,0.0030384331475943327
9,1182,14087,0.0027075258549302816
9,1183,14088,0.001280434662476182
9,1184,14089,0.005685134790837765
9,1185,14090,0.010242546908557415
9,1186,14091,0.03810744360089302
9,1187,14092,0.001315165776759386
9,1188,14093,0.0017101654084399343
9,1189,14094,0.008464052341878414
9,1190,14095,0.0010489131091162562
9,1191,14096,0.004023856017738581
9,1192,14097,0.0012593887513503432
9,1193,14098,0.0012947991490364075
9,1194,14099,0.03352887183427811
9,1195,14100,0.01293886173516512
9,1196,14101,0.0018508326029404998
9,1197,14102,0.003998559433966875
9,1198,14103,0.0014021294191479683
9,1199,14104,0.05492737516760826
9,1200,14105,0.0028432297986000776
9,1201,14106,0.0017237209249287844
9,1202,14107,0.01983170583844185
9,1203,14108,0.023542730137705803
9,1204,14109,0.018327435478568077
9,1205,14110,0.0035264333710074425
9,1206,14111,0.0066970763728022575
9,1207,14112,0.0015985562931746244
9,1208,14113,0.038142647594213486
9,1209,14114,0.017925599589943886
9,1210,14115,0.024565985426306725
9,1211,14116,0.05138052627444267
9,1212,14117,0.0072047715075314045
9,1213,14118,0.005184287205338478
9,1214,14119,0.025064652785658836
9,1215,14120,0.026345424354076385
9,1216,14121,0.011155497282743454
9,1217,14122,0.0030181994661688805
9,1218,14123,0.02350238524377346
9,1219,14124,0.023757025599479675
9,1220,14125,0.008609216660261154
9,1221,14126,0.006660455372184515
9,1222,14127,0.03540581837296486
9,1223,14128,0.013458740897476673
9,1224,14129,0.0035582424607127905
9,1225,14130,0.018280040472745895
9,1226,14131,0.00254817889072001
9,1227,14132,0.0014440276427194476
9,1228,14133,0.004829565994441509
9,1229,14134,0.007102525793015957
9,1230,14135,0.0019732112996280193
9,1231,14136,0.05597416311502457
9,1232,14137,0.005460673477500677
9,1233,14138,0.11362206190824509
9,1234,14139,0.006276912055909634
9,1235,14140,0.014193568378686905
9,1236,14141,0.002175501547753811
9,1237,14142,0.0011288273381069303
9,1238,14143,0.0011708269594237208
9,1239,14144,0.05881325900554657
9,1240,14145,0.0074426233768463135
9,1241,14146,0.07479958236217499
9,1242,14147,0.03511283919215202
9,1243,14148,0.001915464992634952
9,1244,14149,0.05315275117754936
9,1245,14150,0.002789968391880393
9,1246,14151,0.00831407867372036
9,1247,14152,0.005183964502066374
9,1248,14153,0.005108860321342945
9,1249,14154,0.002382969483733177
9,1250,14155,0.025764305144548416
9,1251,14156,0.005878098774701357
9,1252,14157,0.0014390365686267614
9,1253,14158,0.014206585474312305
9,1254,14159,0.0021862266585230827
9,1255,14160,0.025929424911737442
9,1256,14161,0.0022495973389595747
9,1257,14162,0.003104102797806263
9,1258,14163,0.005422460846602917
9,1259,14164,0.012721214443445206
9,1260,14165,0.008188444189727306
9,1261,14166,0.02789616957306862
9,1262,14167,0.0012673180317506194
9,1263,14168,0.01819748803973198
9,1264,14169,0.009560948237776756
9,1265,14170,0.005979145411401987
9,1266,14171,0.010896616615355015
9,1267,14172,0.0035069389268755913
9,1268,14173,0.0028476209845393896
9,1269,14174,0.03374616429209709
9,1270,14175,0.019905177876353264
9,1271,14176,0.0205951239913702
9,1272,14177,0.007054850459098816
9,1273,14178,0.01712610013782978
9,1274,14179,0.08680303394794464
9,1275,14180,0.033298298716545105
9,1276,14181,0.006243549752980471
9,1277,14182,0.025137685239315033
9,1278,14183,0.011886642314493656
9,1279,14184,0.07634497433900833
9,1280,14185,0.007322177290916443
9,1281,14186,0.004712924361228943
9,1282,14187,0.01035379059612751
9,1283,14188,0.0030388336163014174
9,1284,14189,0.007443373557180166
9,1285,14190,0.016722509637475014
9,1286,14191,0.0018181020859628916
9,1287,14192,0.018668372184038162
9,1288,14193,0.0012428866466507316
9,1289,14194,0.03816845640540123
9,1290,14195,0.06876752525568008
9,1291,14196,0.003903997829183936
9,1292,14197,0.020886234939098358
9,1293,14198,0.09389431029558182
9,1294,14199,0.011028438806533813
9,1295,14200,0.00419424194842577
9,1296,14201,0.003211335279047489
9,1297,14202,0.012727614492177963
9,1298,14203,0.01612263359129429
9,1299,14204,0.0010879467008635402
9,1300,14205,0.0409250445663929
9,1301,14206,0.009279685094952583
9,1302,14207,0.005949723534286022
9,1303,14208,0.005145892035216093
9,1304,14209,0.004575731232762337
9,1305,14210,0.011161540634930134
9,1306,14211,0.008169492706656456
9,1307,14212,0.03209102526307106
9,1308,14213,0.01185198687016964
9,1309,14214,0.03837881609797478
9,1310,14215,0.05629022791981697
9,1311,14216,0.0027080937288701534
9,1312,14217,0.0010493553709238768
9,1313,14218,0.0031728700269013643
9,1314,14219,0.003992912359535694
9,1315,14220,0.031765542924404144
9,1316,14221,0.02406458370387554
9,1317,14222,0.003024117322638631
9,1318,14223,0.005626300815492868
9,1319,14224,0.0060937185771763325
9,1320,14225,0.005575478542596102
9,1321,14226,0.0038902012165635824
9,1322,14227,0.02557343989610672
9,1323,14228,0.003890812397003174
9,1324,14229,0.00907618273049593
9,1325,14230,0.006327210459858179
9,1326,14231,0.002531350590288639
9,1327,14232,0.015035645104944706
9,1328,14233,0.002566075650975108
9,1329,14234,0.004192650318145752
9,1330,14235,0.0031440993770956993
9,1331,14236,0.005448117386549711
9,1332,14237,0.002578913467004895
9,1333,14238,0.0016223686980083585
9,1334,14239,0.0030116448178887367
9,1335,14240,0.023427557200193405
9,1336,14241,0.006016721483319998
9,1337,14242,0.007791592739522457
9,1338,14243,0.004459150601178408
9,1339,14244,0.0038576596416532993
9,1340,14245,0.0005249427631497383
9,1341,14246,0.0019411904504522681
9,1342,14247,0.031261179596185684
9,1343,14248,0.0025262567214667797
9,1344,14249,0.02415081486105919
9,1345,14250,0.0015925224870443344
9,1346,14251,0.0011833749013021588
9,1347,14252,0.0011947816237807274
9,1348,14253,0.004676275420933962
9,1349,14254,0.0063849687576293945
9,1350,14255,0.023017149418592453
9,1351,14256,0.02651400864124298
9,1352,14257,0.04151420295238495
9,1353,14258,0.0011361161014065146
9,1354,14259,0.001819749129936099
9,1355,14260,0.026873648166656494
9,1356,14261,0.0014099186519160867
9,1357,14262,0.04901452362537384
9,1358,14263,0.0065749455243349075
9,1359,14264,0.025582633912563324
9,1360,14265,0.017970075830817223
9,1361,14266,0.004511489067226648
9,1362,14267,0.0007164853159338236
9,1363,14268,0.0025401965249329805
9,1364,14269,0.0008751400746405125
9,1365,14270,0.007527733687311411
9,1366,14271,0.04183201864361763
9,1367,14272,0.052366167306900024
9,1368,14273,0.002408861881121993
9,1369,14274,0.000871317635755986
9,1370,14275,0.0013157433131709695
9,1371,14276,0.000646493281237781
9,1372,14277,0.034371066838502884
9,1373,14278,0.016396446153521538
9,1374,14279,0.006683401297777891
9,1375,14280,0.009922578930854797
9,1376,14281,0.007476691622287035
9,1377,14282,0.010562554001808167
9,1378,14283,0.03530612587928772
9,1379,14284,0.013419218361377716
9,1380,14285,0.002430571475997567
9,1381,14286,0.006029430776834488
9,1382,14287,0.0019470721017569304
9,1383,14288,0.014225644990801811
9,1384,14289,0.006641158368438482
9,1385,14290,0.002043861197307706
9,1386,14291,0.004347317386418581
9,1387,14292,0.018053634092211723
9,1388,14293,0.0006970083341002464
9,1389,14294,0.0018145593348890543
9,1390,14295,0.0016909108962863684
9,1391,14296,0.0009777977829799056
9,1392,14297,0.008005461655557156
9,1393,14298,0.0030945600010454655
9,1394,14299,0.0007250577327795327
9,1395,14300,0.0023784262593835592
9,1396,14301,0.0017056850483641028
9,1397,14302,0.00146203744225204
9,1398,14303,0.0005758388433605433
9,1399,14304,0.0010694487718865275
9,1400,14305,0.009194614365696907
9,1401,14306,0.059195030480623245
9,1402,14307,0.0015556090511381626
9,1403,14308,0.004705309867858887
9,1404,14309,0.020102180540561676
9,1405,14310,0.01906079612672329
9,1406,14311,0.0012222194345667958
9,1407,14312,0.001367141492664814
9,1408,14313,0.0014718095771968365
9,1409,14314,0.005132209975272417
9,1410,14315,0.024984247982501984
9,1411,14316,0.031214741989970207
9,1412,14317,0.0058052134700119495
9,1413,14318,0.0015426093013957143
9,1414,14319,0.0005956497043371201
9,1415,14320,0.013446497730910778
9,1416,14321,0.017829615622758865
9,1417,14322,0.001559248543344438
9,1418,14323,0.0030838767997920513
9,1419,14324,0.0030601643957197666
9,1420,14325,0.004785668104887009
9,1421,14326,0.05010366439819336
9,1422,14327,0.009513801895081997
9,1423,14328,0.004021586384624243
9,1424,14329,0.04103827476501465
9,1425,14330,0.0003896740672644228
9,1426,14331,0.03859105333685875
9,1427,14332,0.0034200982190668583
9,1428,14333,0.0012394709046930075
9,1429,14334,0.015022261999547482
9,1430,14335,0.07616987079381943
9,1431,14336,0.001698988489806652
9,1432,14337,0.023887215182185173
9,1433,14338,0.0009312044712714851
9,1434,14339,0.007944845594465733
10,1,14340,0.0017514550127089024
10,2,14341,0.0006141415797173977
10,3,14342,0.0026500390376895666
10,4,14343,0.0014367427211254835
10,5,14344,0.013657883740961552
10,6,14345,0.0006621450302191079
10,7,14346,0.05326220765709877
10,8,14347,0.007348178885877132
10,9,14348,0.0010630458127707243
10,10,14349,0.0011539807310327888
10,11,14350,0.008611154742538929
10,12,14351,0.0022557887714356184
10,13,14352,0.0008633038960397243
10,14,14353,0.0034061253536492586
10,15,14354,0.0008882133988663554
10,16,14355,0.0032652707304805517
10,17,14356,0.0023972513154149055
10,18,14357,0.0003744805871974677
10,19,14358,0.011848109774291515
10,20,14359,0.006786918733268976
10,21,14360,0.0184499379247427
10,22,14361,0.011937673203647137
10,23,14362,0.0030525997281074524
10,24,14363,0.0015703982207924128
10,25,14364,0.0006991926347836852
10,26,14365,0.002085926244035363
10,27,14366,0.003944688476622105
10,28,14367,0.008556478656828403
10,29,14368,0.01861507259309292
10,30,14369,0.0067266542464494705
10,31,14370,0.00797638576477766
10,32,14371,0.0007429120014421642
10,33,14372,0.0012820212868973613
10,34,14373,0.0022262088023126125
10,35,14374,0.0025769148487597704
10,36,14375,0.0006822767318226397
10,37,14376,0.004129255656152964
10,38,14377,0.002495482098311186
10,39,14378,0.03129935264587402
10,40,14379,0.008686642162501812
10,41,14380,0.0034482362680137157
10,42,14381,0.0011643461184576154
10,43,14382,0.005857185926288366
10,44,14383,0.0010331032099202275
10,45,14384,0.0006188607076182961
10,46,14385,0.0053075454197824
10,47,14386,0.0005452136974781752
10,48,14387,0.0024184545036405325
10,49,14388,0.019261803478002548
10,50,14389,0.0017371844733133912
10,51,14390,0.0017403874080628157
10,52,14391,0.07765643298625946
10,53,14392,0.0005218798178248107
10,54,14393,0.013934147544205189
10,55,14394,0.024354491382837296
10,56,14395,0.0016606899444013834
10,57,14396,0.002412523841485381
10,58,14397,0.009557218290865421
10,59,14398,0.0012545696226879954
10,60,14399,0.012020903639495373
10,61,14400,0.0021513905376195908
10,62,14401,0.0007797439466230571
10,63,14402,0.007944299839437008
10,64,14403,0.002874281955882907
10,65,14404,0.0012548472732305527
10,66,14405,0.0292110126465559
10,67,14406,0.002374390373006463
10,68,14407,0.0018269916763529181
10,69,14408,0.0032944492995738983
10,70,14409,0.00395167013630271
10,71,14410,0.0019557613413780928
10,72,14411,0.03894664719700813
10,73,14412,0.014734509401023388
10,74,14413,0.020208170637488365
10,75,14414,0.0064444830641150475
10,76,14415,0.0029393297154456377
10,77,14416,0.006103325169533491
10,78,14417,0.0036870185285806656
10,79,14418,0.02207522839307785
10,80,14419,0.0081255491822958
10,81,14420,0.0012825301382690668
10,82,14421,0.00830616895109415
10,83,14422,0.002394341165199876
10,84,14423,0.004477768205106258
10,85,14424,0.0011660613818094134
10,86,14425,0.011034284718334675
10,87,14426,0.0023296112194657326
10,88,14427,0.003961267881095409
10,89,14428,0.0025699252728372812
10,90,14429,0.0008800450596027076
10,91,14430,0.02658168412744999
10,92,14431,0.023030126467347145
10,93,14432,0.0038520446978509426
10,94,14433,0.0017878812504932284
10,95,14434,0.0037943245843052864
10,96,14435,0.0021658563055098057
10,97,14436,0.07250417023897171
10,98,14437,0.0021329980809241533
10,99,14438,0.00040277690277434886
10,100,14439,0.0006624345551244915
10,101,14440,0.008074064739048481
10,102,14441,0.007127470336854458
10,103,14442,0.0010274158557876945
10,104,14443,0.04531792551279068
10,105,14444,0.002672829432412982
10,106,14445,0.004260985646396875
10,107,14446,0.052094779908657074
10,108,14447,0.00031024907366372645
10,109,14448,0.006851938087493181
10,110,14449,0.019659413024783134
10,111,14450,0.027772778645157814
10,112,14451,0.0007643172284588218
10,113,14452,0.0009860920254141092
10,114,14453,0.0013692921493202448
10,115,14454,0.0028508424293249846
10,116,14455,0.01669904962182045
10,117,14456,0.0013150590239092708
10,118,14457,0.002098862547427416
10,119,14458,0.0012398435501381755
10,120,14459,0.004545904230326414
10,121,14460,0.0011156672844663262
10,122,14461,0.004911585245281458
10,123,14462,0.002179122297093272
10,124,14463,0.0215495303273201
10,125,14464,0.04337158054113388
10,126,14465,0.000994158792309463
10,127,14466,0.019340118393301964
10,128,14467,0.019467880949378014
10,129,14468,0.018404310569167137
10,130,14469,0.0012987627414986491
10,131,14470,0.0009516945574432611
10,132,14471,0.000884212669916451
10,133,14472,0.008175414055585861
10,134,14473,0.01504956092685461
10,135,14474,0.00234312005341053
10,136,14475,0.0029370610136538744
10,137,14476,0.015225210227072239
10,138,14477,0.0019080870551988482
10,139,14478,0.0008042575209401548
10,140,14479,0.0016710744239389896
10,141,14480,0.0018042823066934943
10,142,14481,0.004761124029755592
10,143,14482,0.0037941758055239916
10,144,14483,0.001221777987666428
10,145,14484,0.011391464620828629
10,146,14485,0.0005431994795799255
10,147,14486,0.0032015074975788593
10,148,14487,0.0016722813015803695
10,149,14488,0.0007717504631727934
10,150,14489,0.0012953311670571566
10,151,14490,0.002430613385513425
10,152,14491,0.0018053007079288363
10,153,14492,0.003732055425643921
10,154,14493,0.045556019991636276
10,155,14494,0.010336331091821194
10,156,14495,0.014093981124460697
10,157,14496,0.0030806290451437235
10,158,14497,0.0010040134657174349
10,159,14498,0.0009272429160773754
10,160,14499,0.0013619901146739721
10,161,14500,0.0020469443406909704
10,162,14501,0.012630430981516838
10,163,14502,0.005432766396552324
10,164,14503,0.00023374572629109025
10,165,14504,0.0012891482328996062
10,166,14505,0.001170261180959642
10,167,14506,0.0020722884219139814
10,168,14507,0.0006427383050322533
10,169,14508,0.01099024061113596
10,170,14509,0.00028771968209184706
10,171,14510,0.06813272833824158
10,172,14511,0.004694721195846796
10,173,14512,0.01448188815265894
10,174,14513,0.023181485012173653
10,175,14514,0.0032226676121354103
10,176,14515,0.0005389615544117987
10,177,14516,0.010388556867837906
10,178,14517,0.0016763083403930068
10,179,14518,0.005989616736769676
10,180,14519,0.00039165932685136795
10,181,14520,0.0012469227658584714
10,182,14521,0.029323283582925797
10,183,14522,0.02266536094248295
10,184,14523,0.0013182936236262321
10,185,14524,0.010925526730716228
10,186,14525,0.0066920495592057705
10,187,14526,0.0052958386950194836
10,188,14527,0.002780602313578129
10,189,14528,0.00471372390165925
10,190,14529,0.002413676818832755
10,191,14530,0.004043557681143284
10,192,14531,0.012310399673879147
10,193,14532,0.0049254703335464
10,194,14533,0.0017794515006244183
10,195,14534,0.0031452158000320196
10,196,14535,0.0014184580650180578
10,197,14536,0.004172181244939566
10,198,14537,0.008999105542898178
10,199,14538,0.0032676071859896183
10,200,14539,0.0020179366692900658
10,201,14540,0.009643543511629105
10,202,14541,0.011751862242817879
10,203,14542,0.0033936873078346252
10,204,14543,0.0025119532365351915
10,205,14544,0.003989049699157476
10,206,14545,0.004493712913244963
10,207,14546,0.00900338962674141
10,208,14547,0.003697679378092289
10,209,14548,0.007522535044699907
10,210,14549,0.0013850845862179995
10,211,14550,0.0018625096417963505
10,212,14551,0.0004206893499940634
10,213,14552,0.0003030377847608179
10,214,14553,0.004248086363077164
10,215,14554,0.0029437625780701637
10,216,14555,0.0002775474276859313
10,217,14556,0.0014490444445982575
10,218,14557,0.0008857884095050395
10,219,14558,0.008833633735775948
10,220,14559,0.0020153906662017107
10,221,14560,0.0005458099185489118
10,222,14561,0.0016749484930187464
10,223,14562,0.002220821799710393
10,224,14563,0.00022417226864490658
10,225,14564,0.0007014077855274081
10,226,14565,0.0005570213543251157
10,227,14566,0.0009579405304975808
10,228,14567,0.037261392921209335
10,229,14568,0.011533922515809536
10,230,14569,0.0009732655598782003
10,231,14570,0.0007595847127959132
10,232,14571,0.0006915565463714302
10,233,14572,0.009566553868353367
10,234,14573,0.015761317685246468
10,235,14574,0.03450256586074829
10,236,14575,0.0008156969561241567
10,237,14576,0.007163232658058405
10,238,14577,0.020463211461901665
10,239,14578,0.000957456708420068
10,240,14579,0.0006148996180854738
10,241,14580,0.0026697267312556505
10,242,14581,0.0006988720269873738
10,243,14582,0.01890801638364792
10,244,14583,0.0010360891465097666
10,245,14584,0.021396273747086525
10,246,14585,0.0045729270204901695
10,247,14586,0.0016735210083425045
10,248,14587,0.0016709559131413698
10,249,14588,0.0044904365204274654
10,250,14589,0.041709791868925095
10,251,14590,0.02577809803187847
10,252,14591,0.0003284545964561403
10,253,14592,0.004745488055050373
10,254,14593,0.003728010691702366
10,255,14594,0.0006661353399977088
10,256,14595,0.0162039827555418
10,257,14596,0.029907865449786186
10,258,14597,0.0011478550732135773
10,259,14598,0.0044218613766133785
10,260,14599,0.0007095295586623251
10,261,14600,0.0007557409699074924
10,262,14601,0.05538368970155716
10,263,14602,0.00294690509326756
10,264,14603,0.09367968887090683
10,265,14604,0.005067961756139994
10,266,14605,0.001139649422839284
10,267,14606,0.0008801798685453832
10,268,14607,0.015632839873433113
10,269,14608,0.026526182889938354
10,270,14609,0.005108098965138197
10,271,14610,0.0013798512518405914
10,272,14611,0.01806413196027279
10,273,14612,0.0013553985627368093
10,274,14613,0.0008517377427779138
10,275,14614,0.03605182096362114
10,276,14615,0.028578758239746094
10,277,14616,0.031012453138828278
10,278,14617,0.02696882002055645
10,279,14618,0.0013998700305819511
10,280,14619,0.000640904763713479
10,281,14620,0.019079692661762238
10,282,14621,0.010246030054986477
10,283,14622,0.005474999081343412
10,284,14623,0.01863580383360386
10,285,14624,0.0054699634201824665
10,286,14625,0.009532618336379528
10,287,14626,0.005306688603013754
10,288,14627,0.003998253028839827
10,289,14628,0.0011977548711001873
10,290,14629,0.05495893582701683
10,291,14630,0.0013223045971244574
10,292,14631,0.0006257953937165439
10,293,14632,0.005173064768314362
10,294,14633,0.003570161061361432
10,295,14634,0.001188653870485723
10,296,14635,0.002843403024598956
10,297,14636,0.001953303115442395
10,298,14637,0.0010581539245322347
10,299,14638,0.027845166623592377
10,300,14639,0.017010964453220367
10,301,14640,0.002493724226951599
10,302,14641,0.002731273416429758
10,303,14642,0.02528170868754387
10,304,14643,0.002223525894805789
10,305,14644,0.0019094102317467332
10,306,14645,0.03176046907901764
10,307,14646,0.0031963102519512177
10,308,14647,0.0017269478412345052
10,309,14648,0.0031992450822144747
10,310,14649,0.0045798844657838345
10,311,14650,0.004117393866181374
10,312,14651,0.01030981820076704
10,313,14652,0.0010719532147049904
10,314,14653,0.002089550020173192
10,315,14654,0.0024428563192486763
10,316,14655,0.003195428056642413
10,317,14656,0.002414981834590435
10,318,14657,0.002930206246674061
10,319,14658,0.001274963840842247
10,320,14659,0.0024818722158670425
10,321,14660,0.0006664599641226232
10,322,14661,0.007453945465385914
10,323,14662,0.0004759994044434279
10,324,14663,0.042853377759456635
10,325,14664,0.008608943782746792
10,326,14665,0.020843641832470894
10,327,14666,0.0008751638233661652
10,328,14667,0.0014798479387536645
10,329,14668,0.027851225808262825
10,330,14669,0.0014690682291984558
10,331,14670,0.01714406907558441
10,332,14671,0.0016499956836923957
10,333,14672,0.0040342481806874275
10,334,14673,0.001249112538062036
10,335,14674,0.002476557157933712
10,336,14675,0.0010497785406187177
10,337,14676,0.0007206210866570473
10,338,14677,0.003805939806625247
10,339,14678,0.005839375779032707
10,340,14679,0.0014439938822761178
10,341,14680,0.015943467617034912
10,342,14681,0.03911026939749718
10,343,14682,0.0010230725165456533
10,344,14683,0.03260352090001106
10,345,14684,0.0005602128803730011
10,346,14685,0.0029994691722095013
10,347,14686,0.00117196305654943
10,348,14687,0.004371303133666515
10,349,14688,0.0018999588210135698
10,350,14689,0.0023506146389991045
10,351,14690,0.041149549186229706
10,352,14691,0.03073033131659031
10,353,14692,0.022220782935619354
10,354,14693,0.009364315308630466
10,355,14694,0.03173188865184784
10,356,14695,0.053628839552402496
10,357,14696,0.027698146179318428
10,358,14697,0.0011052761692553759
10,359,14698,0.001318380469456315
10,360,14699,0.02205091528594494
10,361,14700,0.000899512495379895
10,362,14701,0.02134527452290058
10,363,14702,0.0042982869781553745
10,364,14703,0.0024972129613161087
10,365,14704,0.02806747891008854
10,366,14705,0.010325424373149872
10,367,14706,0.06360829621553421
10,368,14707,0.0046257502399384975
10,369,14708,0.0013866402441635728
10,370,14709,0.007171385455876589
10,371,14710,0.0032805053051561117
10,372,14711,0.004559800960123539
10,373,14712,0.008188539184629917
10,374,14713,0.0031997845508158207
10,375,14714,0.004032171331346035
10,376,14715,0.03221948817372322
10,377,14716,0.08523198962211609
10,378,14717,0.002113926922902465
10,379,14718,0.009012745693325996
10,380,14719,0.003961458802223206
10,381,14720,0.03686153516173363
10,382,14721,0.0014160607242956758
10,383,14722,0.003588906256482005
10,384,14723,0.0787227600812912
10,385,14724,0.010990851558744907
10,386,14725,0.003519269172102213
10,387,14726,0.04723304882645607
10,388,14727,0.0018776565557345748
10,389,14728,0.014671562239527702
10,390,14729,0.003608626313507557
10,391,14730,0.037259314209222794
10,392,14731,0.01143727172166109
10,393,14732,0.026868415996432304
10,394,14733,0.001359282643534243
10,395,14734,0.004064794629812241
10,396,14735,0.0016273525543510914
10,397,14736,0.0018086243653669953
10,398,14737,0.05137915909290314
10,399,14738,0.04340576007962227
10,400,14739,0.003871346591040492
10,401,14740,0.002666605869308114
10,402,14741,0.006066787056624889
10,403,14742,0.020448369905352592
10,404,14743,0.0012835762463510036
10,405,14744,0.0023908151779323816
10,406,14745,0.002474698470905423
10,407,14746,0.0034317628014832735
10,408,14747,0.00338573451153934
10,409,14748,0.0011805505491793156
10,410,14749,0.013571773655712605
10,411,14750,0.0031456155702471733
10,412,14751,0.003630935214459896
10,413,14752,0.011827435344457626
10,414,14753,0.0271515604108572
10,415,14754,0.0033094121608883142
10,416,14755,0.03130868822336197
10,417,14756,0.0162601750344038
10,418,14757,0.011902674101293087
10,419,14758,0.004340401850640774
10,420,14759,0.012137684971094131
10,421,14760,0.007519210688769817
10,422,14761,0.0043742903508245945
10,423,14762,0.0012681419029831886
10,424,14763,0.0036643031053245068
10,425,14764,0.0022977942135185003
10,426,14765,0.001485851826146245
10,427,14766,0.000609399052336812
10,428,14767,0.006547125056385994
10,429,14768,0.014204403385519981
10,430,14769,0.055103905498981476
10,431,14770,0.0006157640018500388
10,432,14771,0.004251101054251194
10,433,14772,0.0009131204569712281
10,434,14773,0.013356662355363369
10,435,14774,0.0007619265816174448
10,436,14775,0.00044721938320435584
10,437,14776,0.0008426558342762291
10,438,14777,0.0003085909120272845
10,439,14778,0.003370994236320257
10,440,14779,0.0005523124127648771
10,441,14780,0.06953305006027222
10,442,14781,0.017509825527668
10,443,14782,0.021372543647885323
10,444,14783,0.00022983223607297987
10,445,14784,0.00358847388997674
10,446,14785,0.025440409779548645
10,447,14786,0.07703616470098495
10,448,14787,0.011675611138343811
10,449,14788,0.0014956117374822497
10,450,14789,0.0032648565247654915
10,451,14790,0.008328909054398537
10,452,14791,0.0028006229549646378
10,453,14792,0.0008898344240151346
10,454,14793,0.0031675121281296015
10,455,14794,0.004408680833876133
10,456,14795,0.03582088276743889
10,457,14796,0.015491302125155926
10,458,14797,0.020258793607354164
10,459,14798,0.03244083374738693
10,460,14799,0.023115981370210648
10,461,14800,0.001362655428238213
10,462,14801,0.0006137407035566866
10,463,14802,0.002292988821864128
10,464,14803,0.004356181249022484
10,465,14804,0.0308887530118227
10,466,14805,0.00951829832047224
10,467,14806,0.000675679708365351
10,468,14807,0.0026069132145494223
10,469,14808,0.002798341680318117
10,470,14809,0.0005745380185544491
10,471,14810,0.018021585419774055
10,472,14811,0.01236265990883112
10,473,14812,0.0018813259666785598
10,474,14813,0.005801025778055191
10,475,14814,0.00035032149753533304
10,476,14815,0.003379376605153084
10,477,14816,0.006036268547177315
10,478,14817,0.030348317697644234
10,479,14818,0.0053697251714766026
10,480,14819,0.001054993481375277
10,481,14820,0.005957995541393757
10,482,14821,0.001260081073269248
10,483,14822,0.01526668667793274
10,484,14823,0.0021451888605952263
10,485,14824,0.0012491499073803425
10,486,14825,0.0011743534123525023
10,487,14826,0.000813759455922991
10,488,14827,0.07207189500331879
10,489,14828,0.003152388846501708
10,490,14829,0.004960918799042702
10,491,14830,0.04569320008158684
10,492,14831,0.001567183993756771
10,493,14832,0.0007951216539368033
10,494,14833,0.001612151856534183
10,495,14834,0.0015267428243532777
10,496,14835,0.0006270902813412249
10,497,14836,0.008618554100394249
10,498,14837,0.0011542598949745297
10,499,14838,0.01431546825915575
10,500,14839,0.004239243920892477
10,501,14840,0.002251958241686225
10,502,14841,0.020971691235899925
10,503,14842,0.006722163874655962
10,504,14843,0.0012250585714355111
10,505,14844,0.05920426547527313
10,506,14845,0.0026048794388771057
10,507,14846,0.009298433549702168
10,508,14847,0.0010347348870709538
10,509,14848,0.0029267603531479836
10,510,14849,0.0007482729852199554
10,511,14850,0.0024199539329856634
10,512,14851,0.0010621176334097981
10,513,14852,0.007172540295869112
10,514,14853,0.002872432116419077
10,515,14854,0.0010376134887337685
10,516,14855,0.06859469413757324
10,517,14856,0.003053950145840645
10,518,14857,0.0030352063477039337
10,519,14858,0.03295062482357025
10,520,14859,0.0280163437128067
10,521,14860,0.0062578157521784306
10,522,14861,0.00037207407876849174
10,523,14862,0.0015802948037162423
10,524,14863,0.0010041026398539543
10,525,14864,0.009894585236907005
10,526,14865,0.003060669871047139
10,527,14866,0.0025702626444399357
10,528,14867,0.005673774518072605
10,529,14868,0.0018507734639570117
10,530,14869,0.007093014195561409
10,531,14870,0.002696304814890027
10,532,14871,0.007181395310908556
10,533,14872,0.030746763572096825
10,534,14873,0.021456629037857056
10,535,14874,0.0012894982937723398
10,536,14875,0.009492656216025352
10,537,14876,0.030736321583390236
10,538,14877,0.003040311159566045
10,539,14878,0.005658624693751335
10,540,14879,0.003179752267897129
10,541,14880,0.0009370183106511831
10,542,14881,0.002558926586061716
10,543,14882,0.0032801153138279915
10,544,14883,0.0540933832526207
10,545,14884,0.02130264788866043
10,546,14885,0.0007606216822750866
10,547,14886,0.07794622331857681
10,548,14887,0.007117059081792831
10,549,14888,0.005855262279510498
10,550,14889,0.013147429563105106
10,551,14890,0.0038787536323070526
10,552,14891,0.029504593461751938
10,553,14892,0.0045080105774104595
10,554,14893,0.009315051138401031
10,555,14894,0.0051079802215099335
10,556,14895,0.004954948555678129
10,557,14896,0.004003940150141716
10,558,14897,0.08054094016551971
10,559,14898,0.002170660998672247
10,560,14899,0.0029069294687360525
10,561,14900,0.0016254077199846506
10,562,14901,0.0032258429564535618
10,563,14902,0.009623684920370579
10,564,14903,0.009133213199675083
10,565,14904,0.040352027863264084
10,566,14905,0.01576271280646324
10,567,14906,0.029242374002933502
10,568,14907,0.006998704746365547
10,569,14908,0.0021254948806017637
10,570,14909,0.0010208329185843468
10,571,14910,0.0041944654658436775
10,572,14911,0.0031798742711544037
10,573,14912,0.0028478698804974556
10,574,14913,0.006650790572166443
10,575,14914,0.00732392305508256
10,576,14915,0.011519687250256538
10,577,14916,0.013151641003787518
10,578,14917,0.00046232028398662806
10,579,14918,0.0012329025194048882
10,580,14919,0.003947567660361528
10,581,14920,0.0016181539976969361
10,582,14921,0.0056183552369475365
10,583,14922,0.017981605604290962
10,584,14923,0.008311031386256218
10,585,14924,0.0015434403903782368
10,586,14925,0.07758471369743347
10,587,14926,0.0038203580770641565
10,588,14927,0.000865781563334167
10,589,14928,0.002839723601937294
10,590,14929,0.00788248423486948
10,591,14930,0.07519004493951797
10,592,14931,0.012363993562757969
10,593,14932,0.010422519408166409
10,594,14933,0.024675242602825165
10,595,14934,0.009639880619943142
10,596,14935,0.01847790740430355
10,597,14936,0.002002100460231304
10,598,14937,0.004406583961099386
10,599,14938,0.021676460281014442
10,600,14939,0.01780128665268421
10,601,14940,0.0005329576088115573
10,602,14941,0.024931930005550385
10,603,14942,0.005136959720402956
10,604,14943,0.011191019788384438
10,605,14944,0.0008581082220189273
10,606,14945,0.06696384400129318
10,607,14946,0.09591545164585114
10,608,14947,0.0013946978142485023
10,609,14948,0.0018780124373733997
10,610,14949,0.0013471026904881
10,611,14950,0.08669626712799072
10,612,14951,0.0018864830490201712
10,613,14952,0.0016363599570468068
10,614,14953,0.0012175275478512049
10,615,14954,0.017160538583993912
10,616,14955,0.004513541702181101
10,617,14956,0.0072776079177856445
10,618,14957,0.044950082898139954
10,619,14958,0.017437823116779327
10,620,14959,0.0025032225530594587
10,621,14960,0.0034088052343577147
10,622,14961,0.0012815487571060658
10,623,14962,0.017721081152558327
10,624,14963,0.0032925650011748075
10,625,14964,0.006377045996487141
10,626,14965,0.006384760141372681
10,627,14966,0.0009606561507098377
10,628,14967,0.011838128790259361
10,629,14968,0.003087980905547738
10,630,14969,0.040876392275094986
10,631,14970,0.05942673608660698
10,632,14971,0.0020303246565163136
10,633,14972,0.07449708878993988
10,634,14973,0.033075641840696335
10,635,14974,0.03464649245142937
10,636,14975,0.0008062830893322825
10,637,14976,0.012671059928834438
10,638,14977,0.006699629593640566
10,639,14978,0.016986649483442307
10,640,14979,0.002380110090598464
10,641,14980,0.003649336053058505
10,642,14981,0.0028601856902241707
10,643,14982,0.009975486434996128
10,644,14983,0.006293429993093014
10,645,14984,0.014790583401918411
10,646,14985,0.04827812314033508
10,647,14986,0.0219650249928236
10,648,14987,0.023515861481428146
10,649,14988,0.016731489449739456
10,650,14989,0.0015946916537359357
10,651,14990,0.013883796520531178
10,652,14991,0.0006648578564636409
10,653,14992,0.0014609419740736485
10,654,14993,0.014376670122146606
10,655,14994,0.0011541639687493443
10,656,14995,0.0032153313513845205
10,657,14996,0.02338801510632038
10,658,14997,0.0009726810385473073
10,659,14998,0.002219878602772951
10,660,14999,0.00904726143926382
10,661,15000,0.001338084344752133
10,662,15001,0.0013172740582376719
10,663,15002,0.003529322799295187
10,664,15003,0.03600097447633743
10,665,15004,0.004584420006722212
10,666,15005,0.0019194597844034433
10,667,15006,0.00880609080195427
10,668,15007,0.003357223467901349
10,669,15008,0.001468626200221479
10,670,15009,0.0045489598996937275
10,671,15010,0.0016847798833623528
10,672,15011,0.011130150407552719
10,673,15012,0.001272738678380847
10,674,15013,0.001770851667970419
10,675,15014,0.008909020572900772
10,676,15015,0.00593996187672019
10,677,15016,0.0009212563163600862
10,678,15017,0.0028240089304745197
10,679,15018,0.0013079564087092876
10,680,15019,0.0074421619065105915
10,681,15020,0.001995987491682172
10,682,15021,0.0044998712837696075
10,683,15022,0.0014211909146979451
10,684,15023,0.0019228534074500203
10,685,15024,0.009084762074053288
10,686,15025,0.007539467886090279
10,687,15026,0.09145337343215942
10,688,15027,0.0007719920249655843
10,689,15028,0.0006043759058229625
10,690,15029,0.011269602924585342
10,691,15030,0.0019552952144294977
10,692,15031,0.0009533394477330148
10,693,15032,0.010064071044325829
10,694,15033,0.0043740044347941875
10,695,15034,0.0029030698351562023
10,696,15035,0.012367580085992813
10,697,15036,0.009930985048413277
10,698,15037,0.050472766160964966
10,699,15038,0.000743362819775939
10,700,15039,0.0014364597154781222
10,701,15040,0.0082926657050848
10,702,15041,0.005044708028435707
10,703,15042,0.0047030579298734665
10,704,15043,0.00253488146699965
10,705,15044,0.026972414925694466
10,706,15045,0.0074376752600073814
10,707,15046,0.005942561198025942
10,708,15047,0.060743920505046844
10,709,15048,0.01584257185459137
10,710,15049,0.0012368097668513656
10,711,15050,0.002086973050609231
10,712,15051,0.001332039013504982
10,713,15052,0.0020857322961091995
10,714,15053,0.0006962611805647612
10,715,15054,0.027787381783127785
10,716,15055,0.0017478319350630045
10,717,15056,0.0007073077722452581
10,718,15057,0.0030184932984411716
10,719,15058,0.0009907546918839216
10,720,15059,0.028109153732657433
10,721,15060,0.0005230766837485135
10,722,15061,0.0159814041107893
10,723,15062,0.004207422491163015
10,724,15063,0.005672496743500233
10,725,15064,0.0006654308526776731
10,726,15065,0.011005519889295101
10,727,15066,0.010465506464242935
10,728,15067,0.0020466239657253027
10,729,15068,0.006960408296436071
10,730,15069,0.003955705091357231
10,731,15070,0.0069145383313298225
10,732,15071,0.0018545411294326186
10,733,15072,0.002570821437984705
10,734,15073,0.013927142135798931
10,735,15074,0.0015031362418085337
10,736,15075,0.003702351823449135
10,737,15076,0.01317838579416275
10,738,15077,0.0009292451431974769
10,739,15078,0.006805658806115389
10,740,15079,0.0013454644940793514
10,741,15080,0.0026901517994701862
10,742,15081,0.00889758113771677
10,743,15082,0.012302552349865437
10,744,15083,0.006332456599920988
10,745,15084,0.004113674163818359
10,746,15085,0.00120638869702816
10,747,15086,0.007751361466944218
10,748,15087,0.0005304539226926863
10,749,15088,0.007491309195756912
10,750,15089,0.0008145865285769105
10,751,15090,0.0010527299018576741
10,752,15091,0.0007558167562820017
10,753,15092,0.0009168324177153409
10,754,15093,0.011059989221394062
10,755,15094,0.00036523572634905577
10,756,15095,0.0006801801500841975
10,757,15096,0.0010948512936010957
10,758,15097,0.004964502528309822
10,759,15098,0.013888436369597912
10,760,15099,0.0016358009306713939
10,761,15100,0.0011199675500392914
10,762,15101,0.0026907920837402344
10,763,15102,0.1388244479894638
10,764,15103,0.005419956054538488
10,765,15104,0.005129512399435043
10,766,15105,0.004621867556124926
10,767,15106,0.000798550492618233
10,768,15107,0.000773188192397356
10,769,15108,0.0019487011013552547
10,770,15109,0.014012154191732407
10,771,15110,0.05648306757211685
10,772,15111,0.0008880117675289512
10,773,15112,0.0019640850368887186
10,774,15113,0.03309468552470207
10,775,15114,0.0025094631128013134
10,776,15115,0.005288342945277691
10,777,15116,0.0628594383597374
10,778,15117,0.000517498585395515
10,779,15118,0.0028406893834471703
10,780,15119,0.00097948859911412
10,781,15120,0.0003476617275737226
10,782,15121,0.01922970451414585
10,783,15122,0.00318638002499938
10,784,15123,0.0019572775345295668
10,785,15124,0.004683871287852526
10,786,15125,0.003888142528012395
10,787,15126,0.000582234060857445
10,788,15127,0.003403198206797242
10,789,15128,0.003566192928701639
10,790,15129,0.0018289027502760291
10,791,15130,0.05082343518733978
10,792,15131,0.0010088159469887614
10,793,15132,0.012859269976615906
10,794,15133,0.0031867981888353825
10,795,15134,0.0102074658498168
10,796,15135,0.0054422239772975445
10,797,15136,0.0066876718774437904
10,798,15137,0.002135556424036622
10,799,15138,0.015095958486199379
10,800,15139,0.008084936067461967
10,801,15140,0.001486957655288279
10,802,15141,0.007543366402387619
10,803,15142,0.014185711741447449
10,804,15143,0.008739262819290161
10,805,15144,0.0012095345882698894
10,806,15145,0.0012592746643349528
10,807,15146,0.0028760498389601707
10,808,15147,0.001268100691959262
10,809,15148,0.0021476775873452425
10,810,15149,0.0009366777376271784
10,811,15150,0.0015287138521671295
10,812,15151,0.0012514026602730155
10,813,15152,0.0026300230529159307
10,814,15153,0.0008419541991315782
10,815,15154,0.0010638986714184284
10,816,15155,0.005140562541782856
10,817,15156,0.0059308018535375595
10,818,15157,0.0013334407703951001
10,819,15158,0.0026024137623608112
10,820,15159,0.0013177270302549005
10,821,15160,0.0015890860231593251
10,822,15161,0.0020137117244303226
10,823,15162,0.08804253488779068
10,824,15163,0.002531112404540181
10,825,15164,0.0008168966742232442
10,826,15165,0.0004421185585670173
10,827,15166,0.01699802838265896
10,828,15167,0.041335925459861755
10,829,15168,0.013435950502753258
10,830,15169,0.0016987448325380683
10,831,15170,0.0046536726877093315
10,832,15171,0.0008140287827700377
10,833,15172,0.0015178124886006117
10,834,15173,0.0005702913622371852
10,835,15174,0.000991441891528666
10,836,15175,0.0007379796006716788
10,837,15176,0.0064082518219947815
10,838,15177,0.01079650316387415
10,839,15178,0.005571131594479084
10,840,15179,0.02111108787357807
10,841,15180,0.02523672953248024
10,842,15181,0.002658873563632369
10,843,15182,0.0017022484680637717
10,844,15183,0.000943345541600138
10,845,15184,0.0011001363163813949
10,846,15185,0.0038095784839242697
10,847,15186,0.0005584511091001332
10,848,15187,0.01921590231359005
10,849,15188,0.0038779652677476406
10,850,15189,0.0003888352366629988
10,851,15190,0.0022274067159742117
10,852,15191,0.0026982661802321672
10,853,15192,0.042282529175281525
10,854,15193,0.03149118274450302
10,855,15194,0.0010305055184289813
10,856,15195,0.007904274389147758
10,857,15196,0.007676617708057165
10,858,15197,0.0022131989244371653
10,859,15198,0.006813551299273968
10,860,15199,0.001322288764640689
10,861,15200,0.001744670793414116
10,862,15201,0.0023437375202775
10,863,15202,0.030336178839206696
10,864,15203,0.007060244679450989
10,865,15204,0.0008018345688469708
10,866,15205,0.008881710469722748
10,867,15206,0.0007458339678123593
10,868,15207,0.0009151248959824443
10,869,15208,0.0011870171874761581
10,870,15209,0.0006996593438088894
10,871,15210,0.05112665519118309
10,872,15211,0.019388308748602867
10,873,15212,0.0008798005874268711
10,874,15213,0.0015675618778914213
10,875,15214,0.0015930490335449576
10,876,15215,0.008212701417505741
10,877,15216,0.0005556634278036654
10,878,15217,0.013318810611963272
10,879,15218,0.0007795349811203778
10,880,15219,0.0030964554753154516
10,881,15220,0.000723484845366329
10,882,15221,0.0021527823992073536
10,883,15222,0.0008331382414326072
10,884,15223,0.0012823850847780704
10,885,15224,0.002794886939227581
10,886,15225,0.005222367122769356
10,887,15226,0.0006475873524323106
10,888,15227,0.0045836009085178375
10,889,15228,0.018234791234135628
10,890,15229,0.005640153773128986
10,891,15230,0.000723691307939589
10,892,15231,0.0017937219236046076
10,893,15232,0.014236515387892723
10,894,15233,0.0011083013378083706
10,895,15234,0.0047357771545648575
10,896,15235,0.0017624336760491133
10,897,15236,0.010644471272826195
10,898,15237,0.05441606044769287
10,899,15238,0.0013428013771772385
10,900,15239,0.0008085750741884112
10,901,15240,0.0025195416528731585
10,902,15241,0.001495341188274324
10,903,15242,0.0012885326286777854
10,904,15243,0.005242495331913233
10,905,15244,0.0013198743108659983
10,906,15245,0.027619782835245132
10,907,15246,0.0016040646005421877
10,908,15247,0.0013876392040401697
10,909,15248,0.02445310913026333
10,910,15249,0.0007045813836157322
10,911,15250,0.0017575046513229609
10,912,15251,0.001902601681649685
10,913,15252,0.0031035623978823423
10,914,15253,0.0008688022498972714
10,915,15254,0.0022836080752313137
10,916,15255,0.00043483919580467045
10,917,15256,0.002531475853174925
10,918,15257,0.00229103141464293
10,919,15258,0.005661298055201769
10,920,15259,0.00044157481170259416
10,921,15260,0.001429703552275896
10,922,15261,0.0013231636257842183
10,923,15262,0.0005981834838166833
10,924,15263,0.0024102376773953438
10,925,15264,0.007570033892989159
10,926,15265,0.0005539863486774266
10,927,15266,0.0006211928557604551
10,928,15267,0.0006017263513058424
10,929,15268,0.003715910017490387
10,930,15269,0.0007656357483938336
10,931,15270,0.0007485747919417918
10,932,15271,0.000414798385463655
10,933,15272,0.0005818489589728415
10,934,15273,0.0009428230696357787
10,935,15274,0.05470534414052963
10,936,15275,0.011036583222448826
10,937,15276,0.0007420395850203931
10,938,15277,0.003274263348430395
10,939,15278,0.001020166091620922
10,940,15279,0.002773975022137165
10,941,15280,0.010314442217350006
10,942,15281,0.005298727657645941
10,943,15282,0.002647621789947152
10,944,15283,0.0008513426291756332
10,945,15284,0.0010362640023231506
10,946,15285,0.0023550218902528286
10,947,15286,0.0030984296463429928
10,948,15287,0.004922997206449509
10,949,15288,0.0012679448118433356
10,950,15289,0.0005918446695432067
10,951,15290,0.0012503323378041387
10,952,15291,0.0005927812308073044
10,953,15292,0.0010392876574769616
10,954,15293,0.01065968256443739
10,955,15294,0.0006005747709423304
10,956,15295,0.0029001140501350164
10,957,15296,0.026214446872472763
10,958,15297,0.005333272274583578
10,959,15298,0.01159845944494009
10,960,15299,0.0656333789229393
10,961,15300,0.002971973968669772
10,962,15301,0.0027573215775191784
10,963,15302,0.0015985800419002771
10,964,15303,0.00046771441702730954
10,965,15304,0.002744097961112857
10,966,15305,0.00272827479057014
10,967,15306,0.0007862451602704823
10,968,15307,0.004914702847599983
10,969,15308,0.0008948674658313394
10,970,15309,0.0039474740624427795
10,971,15310,0.0005670652608387172
10,972,15311,0.0022622360847890377
10,973,15312,0.0046451459638774395
10,974,15313,0.013065437786281109
10,975,15314,0.011508991941809654
10,976,15315,0.0046552252024412155
10,977,15316,0.014675733633339405
10,978,15317,0.07304240018129349
10,979,15318,0.008129240013659
10,980,15319,0.0008604043978266418
10,981,15320,0.000624144624453038
10,982,15321,0.0024843052960932255
10,983,15322,0.000613215088378638
10,984,15323,0.0025266241282224655
10,985,15324,0.0016932087019085884
10,986,15325,0.0013624270213767886
10,987,15326,0.019793575629591942
10,988,15327,0.0007481939974240959
10,989,15328,0.001244963612407446
10,990,15329,0.016935355961322784
10,991,15330,0.002650561975315213
10,992,15331,0.07072196900844574
10,993,15332,0.0008177161798812449
10,994,15333,0.0020243534818291664
10,995,15334,0.0008566735195927322
10,996,15335,0.013272633776068687
10,997,15336,0.000860445317812264
10,998,15337,0.0011833092430606484
10,999,15338,0.0032506936695426702
10,1000,15339,0.0026208050549030304
10,1001,15340,0.000796481326688081
10,1002,15341,0.0020148062612861395
10,1003,15342,0.0016206797445192933
10,1004,15343,0.014192079193890095
10,1005,15344,0.00569142447784543
10,1006,15345,0.003979819361120462
10,1007,15346,0.0753023624420166
10,1008,15347,0.0598774291574955
10,1009,15348,0.05501144751906395
10,1010,15349,0.0007677545654587448
10,1011,15350,0.008173543959856033
10,1012,15351,0.008039062842726707
10,1013,15352,0.0015342006227001548
10,1014,15353,0.002244885079562664
10,1015,15354,0.003836168674752116
10,1016,15355,0.0009383381111547351
10,1017,15356,0.0011682789772748947
10,1018,15357,0.000862817803863436
10,1019,15358,0.0014688110677525401
10,1020,15359,0.0008725953521206975
10,1021,15360,0.0021628267131745815
10,1022,15361,0.01985836960375309
10,1023,15362,0.008205135352909565
10,1024,15363,0.007227213121950626
10,1025,15364,0.0010196027578786016
10,1026,15365,0.0016112533630803227
10,1027,15366,0.006703859660774469
10,1028,15367,0.0010270449565723538
10,1029,15368,0.00198666681535542
10,1030,15369,0.00218910607509315
10,1031,15370,0.0011865189298987389
10,1032,15371,0.00109683268237859
10,1033,15372,0.0040074605494737625
10,1034,15373,0.0008568399935029447
10,1035,15374,0.0015235072933137417
10,1036,15375,0.009423349052667618
10,1037,15376,0.02841767854988575
10,1038,15377,0.0008824949618428946
10,1039,15378,0.008853169158101082
10,1040,15379,0.002630178350955248
10,1041,15380,0.001957384403795004
10,1042,15381,0.0027121782768517733
10,1043,15382,0.001276015187613666
10,1044,15383,0.0007674161461181939
10,1045,15384,0.005067858379334211
10,1046,15385,0.0006698804209008813
10,1047,15386,0.0572819709777832
10,1048,15387,0.002365939086303115
10,1049,15388,0.0006707300199195743
10,1050,15389,0.0005192318931221962
10,1051,15390,0.007593523245304823
10,1052,15391,0.0011593139497563243
10,1053,15392,0.0019912293646484613
10,1054,15393,0.0031196598429232836
10,1055,15394,0.001507023349404335
10,1056,15395,0.0020032329484820366
10,1057,15396,0.006858689244836569
10,1058,15397,0.0014545234153047204
10,1059,15398,0.0002890076139010489
10,1060,15399,0.0005453988560475409
10,1061,15400,0.024137165397405624
10,1062,15401,0.007114457432180643
10,1063,15402,0.0009445375762879848
10,1064,15403,0.02490367367863655
10,1065,15404,0.008475195616483688
10,1066,15405,0.010874549858272076
10,1067,15406,0.013198252767324448
10,1068,15407,0.001789867877960205
10,1069,15408,0.001771848532371223
10,1070,15409,0.001045899698510766
10,1071,15410,0.002051599556580186
10,1072,15411,0.0014654037076979876
10,1073,15412,0.014026193879544735
10,1074,15413,0.013997886329889297
10,1075,15414,0.0011006114073097706
10,1076,15415,0.0016929182456806302
10,1077,15416,0.00045960480929352343
10,1078,15417,0.006062774918973446
10,1079,15418,0.0014885748969390988
10,1080,15419,0.0012168040266260505
10,1081,15420,0.010663359425961971
10,1082,15421,0.0008700310718268156
10,1083,15422,0.005444798152893782
10,1084,15423,0.003244726685807109
10,1085,15424,0.04548531770706177
10,1086,15425,0.018322156742215157
10,1087,15426,0.0015951748937368393
10,1088,15427,0.03137008845806122
10,1089,15428,0.0019837578292936087
10,1090,15429,0.0010651060147210956
10,1091,15430,0.000596806756220758
10,1092,15431,0.000885703251697123
10,1093,15432,0.0024866468738764524
10,1094,15433,0.002088530221953988
10,1095,15434,0.010673411190509796
10,1096,15435,0.02449886128306389
10,1097,15436,0.06926686316728592
10,1098,15437,0.0013338947901502252
10,1099,15438,0.06926726549863815
10,1100,15439,0.0017107226885855198
10,1101,15440,0.011658382602036
10,1102,15441,0.0016605342971161008
10,1103,15442,0.0024230731651186943
10,1104,15443,0.07102422416210175
10,1105,15444,0.0006782326381653547
10,1106,15445,0.0004904856905341148
10,1107,15446,0.027279965579509735
10,1108,15447,0.004596684593707323
10,1109,15448,0.0016837662551552057
10,1110,15449,0.010290591046214104
10,1111,15450,0.008366684429347515
10,1112,15451,0.004035816993564367
10,1113,15452,0.0009512556134723127
10,1114,15453,0.004710955545306206
10,1115,15454,0.0014060138491913676
10,1116,15455,0.03161851316690445
10,1117,15456,0.0019500537309795618
10,1118,15457,0.0016416612779721618
10,1119,15458,0.0009250084985978901
10,1120,15459,0.0005584056489169598
10,1121,15460,0.031302325427532196
10,1122,15461,0.001370620564557612
10,1123,15462,0.020608924329280853
10,1124,15463,0.0017197057604789734
10,1125,15464,0.0043473695404827595
10,1126,15465,0.0013720522401854396
10,1127,15466,0.0024020897690206766
10,1128,15467,0.000677731295581907
10,1129,15468,0.05557657405734062
10,1130,15469,0.000352525501511991
10,1131,15470,0.0011767062824219465
10,1132,15471,0.09253476560115814
10,1133,15472,0.006340165622532368
10,1134,15473,0.004325918387621641
10,1135,15474,0.00098020164296031
10,1136,15475,0.005142968613654375
10,1137,15476,0.026364391669631004
10,1138,15477,0.0017560037085786462
10,1139,15478,0.0032098302617669106
10,1140,15479,0.0011698876041918993
10,1141,15480,0.0032142861746251583
10,1142,15481,0.001337323454208672
10,1143,15482,0.006608050316572189
10,1144,15483,0.0021351194009184837
10,1145,15484,0.011496412567794323
10,1146,15485,0.001912156236357987
10,1147,15486,0.04784974828362465
10,1148,15487,0.02636796422302723
10,1149,15488,0.0035043368116021156
10,1150,15489,0.008339066058397293
10,1151,15490,0.007287176325917244
10,1152,15491,0.005465607158839703
10,1153,15492,0.0010615297360345721
10,1154,15493,0.0010744029423221946
10,1155,15494,0.011208517476916313
10,1156,15495,0.020065128803253174
10,1157,15496,0.007851043716073036
10,1158,15497,0.015700293704867363
10,1159,15498,0.0010853062849491835
10,1160,15499,0.006609309930354357
10,1161,15500,0.0044399891048669815
10,1162,15501,0.001219710218720138
10,1163,15502,0.0025685213040560484
10,1164,15503,0.014681702479720116
10,1165,15504,0.0007876348681747913
10,1166,15505,0.0017683350015431643
10,1167,15506,0.0013047171523794532
10,1168,15507,0.005142738576978445
10,1169,15508,0.02377476915717125
10,1170,15509,0.0005499102990143001
10,1171,15510,0.013834493234753609
10,1172,15511,0.0008050571195781231
10,1173,15512,0.012626969255506992
10,1174,15513,0.05146785452961922
10,1175,15514,0.02381821908056736
10,1176,15515,0.0008226984646171331
10,1177,15516,0.005904525518417358
10,1178,15517,0.01292532030493021
10,1179,15518,0.0056058005429804325
10,1180,15519,0.035448066890239716
10,1181,15520,0.029866090044379234
10,1182,15521,0.0005770428688265383
10,1183,15522,0.0020795913878828287
10,1184,15523,0.0030414892826229334
10,1185,15524,0.016933484002947807
10,1186,15525,0.0007866739179007709
10,1187,15526,0.005012638866901398
10,1188,15527,0.0015356190269812942
10,1189,15528,0.0015689391875639558
10,1190,15529,0.003170418320223689
10,1191,15530,0.001848466694355011
10,1192,15531,0.0009212289587594569
10,1193,15532,0.000986704370006919
10,1194,15533,0.0010636307997629046
10,1195,15534,0.0026436164043843746
10,1196,15535,0.004199083894491196
10,1197,15536,0.009455366060137749
10,1198,15537,0.014086493290960789
10,1199,15538,0.001193162053823471
10,1200,15539,0.0017153930384665728
10,1201,15540,0.0011828887509182096
10,1202,15541,0.0026706513017416
10,1203,15542,0.0009122512419708073
10,1204,15543,0.06133619323372841
10,1205,15544,0.0009746484574861825
10,1206,15545,0.004594889003783464
10,1207,15546,0.00039836077485233545
10,1208,15547,0.00040476187132298946
10,1209,15548,0.04795065522193909
10,1210,15549,0.004327609669417143
10,1211,15550,0.0013309088535606861
10,1212,15551,0.00041097254143096507
10,1213,15552,0.001319026225246489
10,1214,15553,0.009222332388162613
10,1215,15554,0.016673579812049866
10,1216,15555,0.018213991075754166
10,1217,15556,0.0021439064294099808
10,1218,15557,0.0008508476312272251
10,1219,15558,0.000521795533131808
10,1220,15559,0.0054285889491438866
10,1221,15560,0.0018580113537609577
10,1222,15561,0.0035735175479203463
10,1223,15562,0.005140094086527824
10,1224,15563,0.0008994253003038466
10,1225,15564,0.0011371548753231764
10,1226,15565,0.0010182459373027086
10,1227,15566,0.0017448663711547852
10,1228,15567,0.1128578931093216
10,1229,15568,0.00046622828813269734
10,1230,15569,0.00813829805701971
10,1231,15570,0.006773075554519892
10,1232,15571,0.0024062534794211388
10,1233,15572,0.0007950583240017295
10,1234,15573,0.0009209639392793179
10,1235,15574,0.0008138617849908769
10,1236,15575,0.0019681674893945456
10,1237,15576,0.0032059410586953163
10,1238,15577,0.0005198512808419764
10,1239,15578,0.0020860035438090563
10,1240,15579,0.0561874583363533
10,1241,15580,0.022090112790465355
10,1242,15581,0.0009193639853037894
10,1243,15582,0.0020932035986334085
10,1244,15583,0.0019341078586876392
10,1245,15584,0.0008890334866009653
10,1246,15585,0.017892979085445404
10,1247,15586,0.0008134781382977962
10,1248,15587,0.012041816487908363
10,1249,15588,0.0031302114948630333
10,1250,15589,0.0025290814228355885
10,1251,15590,0.01760147698223591
10,1252,15591,0.001785318716429174
10,1253,15592,0.0007489615818485618
10,1254,15593,0.0011003053514286876
10,1255,15594,0.01790587231516838
10,1256,15595,0.0008399967337027192
10,1257,15596,0.0009600195335224271
10,1258,15597,0.001286366838030517
10,1259,15598,0.003620651550590992
10,1260,15599,0.00014075716899242252
10,1261,15600,0.0016890880651772022
10,1262,15601,0.005809601861983538
10,1263,15602,0.0021673948504030704
10,1264,15603,0.036239661276340485
10,1265,15604,0.005701371934264898
10,1266,15605,0.0018853627843782306
10,1267,15606,0.001258163945749402
10,1268,15607,0.00405542179942131
10,1269,15608,0.04569929465651512
10,1270,15609,0.001504463260062039
10,1271,15610,0.007344093173742294
10,1272,15611,0.0015188000397756696
10,1273,15612,0.0014394689351320267
10,1274,15613,0.0005414544721134007
10,1275,15614,0.020092157647013664
10,1276,15615,0.0012863458832725883
10,1277,15616,0.0036945417523384094
10,1278,15617,0.012636094354093075
10,1279,15618,0.009824726730585098
10,1280,15619,0.00873485580086708
10,1281,15620,0.04408571124076843
10,1282,15621,0.0014829797437414527
10,1283,15622,0.0008864793344400823
10,1284,15623,0.0009764066198840737
10,1285,15624,0.008463956415653229
10,1286,15625,0.00910736434161663
10,1287,15626,0.000958730117417872
10,1288,15627,0.002944676438346505
10,1289,15628,0.0065657407976686954
10,1290,15629,0.006345044821500778
10,1291,15630,0.002191339386627078
10,1292,15631,0.0007775799022056162
10,1293,15632,0.00413700845092535
10,1294,15633,0.06065640598535538
10,1295,15634,0.0008664769702591002
10,1296,15635,0.0009002652950584888
10,1297,15636,0.001107576536014676
10,1298,15637,0.0017335567390546203
10,1299,15638,0.0020106893498450518
10,1300,15639,0.000674410373903811
10,1301,15640,0.034587014466524124
10,1302,15641,0.00046580866910517216
10,1303,15642,0.0005726428353227675
10,1304,15643,0.0011978226248174906
10,1305,15644,0.0008481128606945276
10,1306,15645,0.0007612002664245665
10,1307,15646,0.0008008544682525098
10,1308,15647,0.01950995996594429
10,1309,15648,0.0007290487410500646
10,1310,15649,0.0019299451960250735
10,1311,15650,0.0008355719619430602
10,1312,15651,0.004415859002619982
10,1313,15652,0.021720807999372482
10,1314,15653,0.020824946463108063
10,1315,15654,0.0004348396905697882
10,1316,15655,0.005680789705365896
10,1317,15656,0.01095355860888958
10,1318,15657,0.0014520847471430898
10,1319,15658,0.0017171695362776518
10,1320,15659,0.0054872529581189156
10,1321,15660,0.001032324624247849
10,1322,15661,0.001014905166812241
10,1323,15662,0.006533329375088215
10,1324,15663,0.0017385989194735885
10,1325,15664,0.003755010664463043
10,1326,15665,0.0007178715313784778
10,1327,15666,0.0022322162985801697
10,1328,15667,0.0007451840210705996
10,1329,15668,0.0035202803555876017
10,1330,15669,0.03147987648844719
10,1331,15670,0.002105261432006955
10,1332,15671,0.0008083802531473339
10,1333,15672,0.0010414585703983903
10,1334,15673,0.0049798875115811825
10,1335,15674,0.006129524204879999
10,1336,15675,0.0008009655866771936
10,1337,15676,0.0009049615473486483
10,1338,15677,0.0004401647311169654
10,1339,15678,0.0016644274583086371
10,1340,15679,0.0007381392060779035
10,1341,15680,0.0011407786514610052
10,1342,15681,0.0027669279370456934
10,1343,15682,0.0014663178008049726
10,1344,15683,0.0009135504369623959
10,1345,15684,0.054429613053798676
10,1346,15685,0.0010931830620393157
10,1347,15686,0.004744731821119785
10,1348,15687,0.02700955606997013
10,1349,15688,0.0028924811631441116
10,1350,15689,0.000912026793230325
10,1351,15690,0.0015738283982500434
10,1352,15691,0.01097961887717247
10,1353,15692,0.09200651198625565
10,1354,15693,0.006014200858771801
10,1355,15694,0.004538730252534151
10,1356,15695,0.0009142340277321637
10,1357,15696,0.0012663649395108223
10,1358,15697,0.0029199402779340744
10,1359,15698,0.0026214071549475193
10,1360,15699,0.028463099151849747
10,1361,15700,0.007511522155255079
10,1362,15701,0.00580386258661747
10,1363,15702,0.0007536318153142929
10,1364,15703,0.006370980758219957
10,1365,15704,0.013109148479998112
10,1366,15705,0.0029224148020148277
10,1367,15706,0.0015437114052474499
10,1368,15707,0.0006766010774299502
10,1369,15708,0.002362967235967517
10,1370,15709,0.025916973128914833
10,1371,15710,0.05700039863586426
10,1372,15711,0.00018411119526717812
10,1373,15712,0.0008916130755096674
10,1374,15713,0.0028125529643148184
10,1375,15714,0.0007325325277633965
10,1376,15715,0.007808107417076826
10,1377,15716,0.00046495432616211474
10,1378,15717,0.0009531202958896756
10,1379,15718,0.00014811269647907466
10,1380,15719,0.0005347959231585264
10,1381,15720,0.00117712642531842
10,1382,15721,0.004010206554085016
10,1383,15722,0.006574759725481272
10,1384,15723,0.0014693140983581543
10,1385,15724,0.03513019159436226
10,1386,15725,0.0005266462685540318
10,1387,15726,0.0012422379804775119
10,1388,15727,0.00031261800904758275
10,1389,15728,0.11008652299642563
10,1390,15729,0.008912337012588978
10,1391,15730,0.046228569000959396
10,1392,15731,0.0011622117599472404
10,1393,15732,0.0020941628608852625
10,1394,15733,0.0007889638654887676
10,1395,15734,0.0012192961294203997
10,1396,15735,0.0074250479228794575
10,1397,15736,0.004050188232213259
10,1398,15737,0.0007096926565282047
10,1399,15738,0.0012330939061939716
10,1400,15739,0.012670938856899738
10,1401,15740,0.003142761066555977
10,1402,15741,0.0310266874730587
10,1403,15742,0.0025039203464984894
10,1404,15743,0.0008956689853221178
10,1405,15744,0.003071707673370838
10,1406,15745,0.0038195261731743813
10,1407,15746,0.00169391930103302
10,1408,15747,0.003090046579018235
10,1409,15748,0.0020540975965559483
10,1410,15749,0.03443649038672447
10,1411,15750,0.1170075386762619
10,1412,15751,0.012056436389684677
10,1413,15752,0.0055976323783397675
10,1414,15753,0.0023745796643197536
10,1415,15754,0.008125822991132736
10,1416,15755,0.0013312279479578137
10,1417,15756,0.0014852555468678474
10,1418,15757,0.007171908393502235
10,1419,15758,0.002647869987413287
10,1420,15759,0.0013497686013579369
10,1421,15760,0.0006528387311846018
10,1422,15761,0.007740295026451349
10,1423,15762,0.00798695720732212
10,1424,15763,0.0036205900833010674
10,1425,15764,0.0009898131247609854
10,1426,15765,0.002516438951715827
10,1427,15766,0.04844764247536659
10,1428,15767,0.0007275501266121864
10,1429,15768,0.0018700793152675033
10,1430,15769,0.0012876795371994376
10,1431,15770,0.003109044162556529
10,1432,15771,0.000866964110173285
10,1433,15772,0.005672955419868231
10,1434,15773,0.016528412699699402
11,1,15774,0.000999138574115932
11,2,15775,0.02065485343337059
11,3,15776,0.004729920998215675
11,4,15777,0.0030863152351230383
11,5,15778,0.0006551153492182493
11,6,15779,0.003468477400019765
11,7,15780,0.0005379222566261888
11,8,15781,0.0005343388766050339
11,9,15782,0.015528765507042408
11,10,15783,0.0005336417816579342
11,11,15784,0.005691554397344589
11,12,15785,0.00728380773216486
11,13,15786,0.04940272495150566
11,14,15787,0.0009462955058552325
11,15,15788,0.002098517492413521
11,16,15789,0.02000878006219864
11,17,15790,0.006667410489171743
11,18,15791,0.0013376269489526749
11,19,15792,0.001742362743243575
11,20,15793,0.0010297349654138088
11,21,15794,0.0010801409371197224
11,22,15795,0.0021254827734082937
11,23,15796,0.0008045658469200134
11,24,15797,0.0010689249029383063
11,25,15798,0.002113188384100795
11,26,15799,0.0011304784566164017
11,27,15800,0.025390561670064926
11,28,15801,0.005520781502127647
11,29,15802,0.014503485523164272
11,30,15803,0.01665630377829075
11,31,15804,0.0012531459797173738
11,32,15805,0.00216021784581244
11,33,15806,0.008400924503803253
11,34,15807,0.005480517633259296
11,35,15808,0.003513206960633397
11,36,15809,0.003699571592733264
11,37,15810,0.003998362459242344
11,38,15811,0.015031348913908005
11,39,15812,0.0017594851087778807
11,40,15813,0.0006269675795920193
11,41,15814,0.0010923914378508925
11,42,15815,0.0008557517430745065
11,43,15816,0.001943240873515606
11,44,15817,0.017828447744250298
11,45,15818,0.0007736028637737036
11,46,15819,0.0011070704786106944
11,47,15820,0.040687236934900284
11,48,15821,0.0014959460822865367
11,49,15822,0.0006201001233421266
11,50,15823,0.03466112166643143
11,51,15824,0.006200063042342663
11,52,15825,0.0006821700953878462
11,53,15826,0.0028693394269794226
11,54,15827,0.0005874069756828249
11,55,15828,0.005932218860834837
11,56,15829,0.0005350600113160908
11,57,15830,0.00806334801018238
11,58,15831,0.0016160071827471256
11,59,15832,0.0008426458807662129
11,60,15833,0.0020543041173368692
11,61,15834,0.002251963596791029
11,62,15835,0.0005382969393394887
11,63,15836,0.024728666990995407
11,64,15837,0.004127700813114643
11,65,15838,0.0013640072429552674
11,66,15839,0.00409074267372489
11,67,15840,0.015384231694042683
11,68,15841,0.00042208656668663025
11,69,15842,0.0014643968315795064
11,70,15843,0.0009599897894077003
11,71,15844,0.00043670518789440393
11,72,15845,0.0010206416482105851
11,73,15846,0.02444394677877426
11,74,15847,0.0008207133505493402
11,75,15848,0.028247004374861717
11,76,15849,0.0008382283267565072
11,77,15850,0.0022642938420176506
11,78,15851,0.0007567903958261013
11,79,15852,0.0010368331568315625
11,80,15853,0.004411066882312298
11,81,15854,0.0017209292855113745
11,82,15855,0.0008897135849110782
11,83,15856,0.0033797475043684244
11,84,15857,0.0014136102981865406
11,85,15858,0.0026953257620334625
11,86,15859,0.00072891591116786
11,87,15860,0.0004264150920789689
11,88,15861,0.004204587545245886
11,89,15862,0.0008028137381188571
11,90,15863,0.0024100420996546745
11,91,15864,0.0013531247386708856
11,92,15865,0.0014543734723702073
11,93,15866,0.0024125236086547375
11,94,15867,0.0034052012488245964
11,95,15868,0.0005551903741434216
11,96,15869,0.02213626727461815
11,97,15870,0.0007324127363972366
11,98,15871,0.004768828395754099
11,99,15872,0.002380586229264736
11,100,15873,0.0010055546881631017
11,101,15874,0.0023191652726382017
11,102,15875,0.0004856822779402137
11,103,15876,0.010085840709507465
11,104,15877,0.0002460191899444908
11,105,15878,0.0014289958635345101
11,106,15879,0.005231603980064392
11,107,15880,0.0006795143126510084
11,108,15881,0.00044183427235111594
11,109,15882,0.0007311725057661533
11,110,15883,0.0015210103010758758
11,111,15884,0.0010423724306747317
11,112,15885,0.000582516600843519
11,113,15886,0.013247308321297169
11,114,15887,0.0007750193472020328
11,115,15888,0.0009905608603730798
11,116,15889,0.0002474304928909987
11,117,15890,0.00042790453881025314
11,118,15891,0.0003926896024495363
11,119,15892,0.0005287729436531663
11,120,15893,0.0004929069546051323
11,121,15894,0.03849581256508827
11,122,15895,0.00044290386722423136
11,123,15896,0.0037526264786720276
11,124,15897,0.0003784843720495701
11,125,15898,0.0005851497408002615
11,126,15899,0.0008479575626552105
11,127,15900,0.0008086845627985895
11,128,15901,0.006649530492722988
11,129,15902,0.0005170347285456955
11,130,15903,0.0075033786706626415
11,131,15904,0.00027811352629214525
11,132,15905,0.00018380655092187226
11,133,15906,0.0009751819306984544
11,134,15907,0.00041161521221511066
11,135,15908,0.0003723831323441118
11,136,15909,0.0006095190765336156
11,137,15910,0.0006505812052637339
11,138,15911,0.05905270576477051
11,139,15912,0.0006762198754586279
11,140,15913,0.0018755918135866523
11,141,15914,0.0008976166136562824
11,142,15915,0.001119697350077331
11,143,15916,0.002000791020691395
11,144,15917,0.0007841515471227467
11,145,15918,0.0010776218259707093
11,146,15919,0.006971656810492277
11,147,15920,0.0009332683985121548
11,148,15921,0.000502362207043916
11,149,15922,0.0035412691067904234
11,150,15923,0.0022512427531182766
11,151,15924,0.05942932143807411
11,152,15925,0.0010495984461158514
11,153,15926,0.0009981514886021614
11,154,15927,0.0010415080469101667
11,155,15928,0.00045414839405566454
11,156,15929,0.0013468250399455428
11,157,15930,0.0004789126687683165
11,158,15931,0.000378496217308566
11,159,15932,0.002640024060383439
11,160,15933,0.0009040609002113342
11,161,15934,0.00105480442289263
11,162,15935,0.005267184693366289
11,163,15936,0.0014933134661987424
11,164,15937,0.0008614303660579026
11,165,15938,0.0035432002041488886
11,166,15939,0.0006635145982727408
11,167,15940,0.0017995343077927828
11,168,15941,0.031075408682227135
11,169,15942,0.0007111714803613722
11,170,15943,0.0015542428009212017
11,171,15944,0.0046592652797698975
11,172,15945,0.00033289549173787236
11,173,15946,0.000680220895446837
11,174,15947,0.0012687647249549627
11,175,15948,0.00020386985852383077
11,176,15949,0.00028658329392783344
11,177,15950,0.0010517144110053778
11,178,15951,0.03072708658874035
11,179,15952,0.0009590201079845428
11,180,15953,0.0009676390909589827
11,181,15954,0.001137507613748312
11,182,15955,0.0054594227112829685
11,183,15956,0.00288717495277524
11,184,15957,0.01603899896144867
11,185,15958,0.0003414323728065938
11,186,15959,0.0018456671386957169
11,187,15960,0.0004368012014310807
11,188,15961,0.0005130471545271575
11,189,15962,0.012351997196674347
11,190,15963,0.000748014310374856
11,191,15964,0.0027790747117251158
11,192,15965,0.002721669152379036
11,193,15966,0.00040149077540263534
11,194,15967,0.004124447703361511
11,195,15968,0.002816822612658143
11,196,15969,0.0006341578555293381
11,197,15970,0.0010843148920685053
11,198,15971,0.00318910856731236
11,199,15972,0.0004628351889550686
11,200,15973,0.000558195635676384
11,201,15974,0.0013693241635337472
11,202,15975,0.00043067880324088037
11,203,15976,0.0007381599862128496
11,204,15977,0.0003276194620411843
11,205,15978,0.0012462149607017636
11,206,15979,0.0009896873962134123
11,207,15980,0.045556530356407166
11,208,15981,0.0006355936639010906
11,209,15982,0.0009831327479332685
11,210,15983,0.0004949400899931788
11,211,15984,0.0014038513181731105
11,212,15985,0.0009178560576401651
11,213,15986,0.00037934837746433914
11,214,15987,0.00044219274423085153
11,215,15988,0.00022031455591786653
11,216,15989,0.021777858957648277
11,217,15990,0.00026595729286782444
11,218,15991,0.0003681840607896447
11,219,15992,0.04411906749010086
11,220,15993,0.0003453451790846884
11,221,15994,0.00027080762083642185
11,222,15995,0.017179464921355247
11,223,15996,0.035724759101867676
11,224,15997,0.0010171494213864207
11,225,15998,0.0018084668554365635
11,226,15999,0.00047322947648353875
11,227,16000,0.002000587759539485
11,228,16001,0.0006514654960483313
11,229,16002,0.0008338727639056742
11,230,16003,0.002323961816728115
11,231,16004,0.0035606215242296457
11,232,16005,0.0006109293317422271
11,233,16006,0.0007743968162685633
11,234,16007,0.0007776477141305804
11,235,16008,0.008292339742183685
11,236,16009,0.0012984758941456676
11,237,16010,0.0027860975824296474
11,238,16011,0.008422311395406723
11,239,16012,0.00926125142723322
11,240,16013,0.0032699548173695803
11,241,16014,0.00063161930302158
11,242,16015,0.000784905394539237
11,243,16016,0.007608258631080389
11,244,16017,0.0026315597351640463
11,245,16018,0.013633769936859608
11,246,16019,0.0022019175812602043
11,247,16020,0.000990195432677865
11,248,16021,0.0013632755726575851
11,249,16022,0.0003656884946394712
11,250,16023,0.0004883946385234594
11,251,16024,0.0006131241098046303
11,252,16025,0.0009255293989554048
11,253,16026,0.01581443101167679
11,254,16027,0.0005634419503621757
11,255,16028,0.0007371052633970976
11,256,16029,0.0017404102254658937
11,257,16030,0.00044763408368453383
11,258,16031,0.0011827924754470587
11,259,16032,0.022009948268532753
11,260,16033,0.0011628972133621573
11,261,16034,0.0014229747466742992
11,262,16035,0.0047243693843483925
11,263,16036,0.0003479831211734563
11,264,16037,0.0010330913355574012
11,265,16038,0.0011271055554971099
11,266,16039,0.009586400352418423
11,267,16040,0.004698555916547775
11,268,16041,0.000876750098541379
11,269,16042,0.0002723604266066104
11,270,16043,0.000424762285547331
11,271,16044,0.051016051322221756
11,272,16045,0.0009146345546469092
11,273,16046,0.03966318070888519
11,274,16047,0.0008499132236465812
11,275,16048,0.002455821493640542
11,276,16049,0.003966021817177534
11,277,16050,0.00023505152785219252
11,278,16051,0.007380510680377483
11,279,16052,0.0012507745996117592
11,280,16053,0.0031181650701910257
11,281,16054,0.0016328886849805713
11,282,16055,0.002069797134026885
11,283,16056,0.003123906906694174
11,284,16057,0.0006981506012380123
11,285,16058,0.00045246814261190593
11,286,16059,0.0014234608970582485
11,287,16060,0.0007218059618026018
11,288,16061,0.0007661843555979431
11,289,16062,0.0004187071172054857
11,290,16063,0.001445884583517909
11,291,16064,0.0005318825133144855
11,292,16065,0.008873322047293186
11,293,16066,0.015707869082689285
11,294,16067,0.003303637495264411
11,295,16068,0.0040375906974077225
11,296,16069,0.004296367987990379
11,297,16070,0.0009961419273167849
11,298,16071,0.0054272436536848545
11,299,16072,0.002785775577649474
11,300,16073,0.0009557417361065745
11,301,16074,0.0011458644876256585
11,302,16075,0.003599384566769004
11,303,16076,0.0003265900013502687
11,304,16077,0.001842030673287809
11,305,16078,0.006339156534522772
11,306,16079,0.004285304807126522
11,307,16080,0.05425787344574928
11,308,16081,0.0026068538427352905
11,309,16082,0.008969415910542011
11,310,16083,0.0009416266693733633
11,311,16084,0.000910868460778147
11,312,16085,0.012542746029794216
11,313,16086,0.0008929307805374265
11,314,16087,0.006674512289464474
11,315,16088,0.001389623386785388
11,316,16089,0.0006046132184565067
11,317,16090,0.002735924907028675
11,318,16091,0.0018362045520916581
11,319,16092,0.002119946526363492
11,320,16093,0.0035832084249705076
11,321,16094,0.0007901366916485131
11,322,16095,0.021953778341412544
11,323,16096,0.0008555667591281235
11,324,16097,0.001406448078341782
11,325,16098,0.0029842492658644915
11,326,16099,0.007964379154145718
11,327,16100,0.01627274975180626
11,328,16101,0.00041791092371568084
11,329,16102,0.0009124460048042238
11,330,16103,0.0031777587719261646
11,331,16104,0.01686718873679638
11,332,16105,0.0011866706190630794
11,333,16106,0.0048934235237538815
11,334,16107,0.0009259457583539188
11,335,16108,0.0013079243944957852
11,336,16109,0.013304284773766994
11,337,16110,0.0010786833008751273
11,338,16111,0.0002188066573580727
11,339,16112,0.0013074894668534398
11,340,16113,0.001607912010513246
11,341,16114,0.002168267033994198
11,342,16115,0.0005990589270368218
11,343,16116,0.0013148154830560088
11,344,16117,0.0012179466430097818
11,345,16118,0.0009413545485585928
11,346,16119,0.0008606687770225108
11,347,16120,0.0012142551131546497
11,348,16121,0.012695739045739174
11,349,16122,0.004466749727725983
11,350,16123,0.0004776274727191776
11,351,16124,0.00022003012418281287
11,352,16125,0.0020441077649593353
11,353,16126,0.003136151237413287
11,354,16127,0.001275634509511292
11,355,16128,0.002415264258161187
11,356,16129,0.0017009046860039234
11,357,16130,0.000506567070260644
11,358,16131,0.0009590638219378889
11,359,16132,0.0009771407349035144
11,360,16133,0.0003512488619890064
11,361,16134,0.0065415995195508
11,362,16135,0.000285338144749403
11,363,16136,0.0009163415525108576
11,364,16137,0.0006555576692335308
11,365,16138,0.0010256594978272915
11,366,16139,0.0004978718934580684
11,367,16140,0.002599911531433463
11,368,16141,0.0002718765172176063
11,369,16142,0.002082284539937973
11,370,16143,0.0011401457013562322
11,371,16144,0.002144274767488241
11,372,16145,0.009009873494505882
11,373,16146,0.0032220284920185804
11,374,16147,0.0005476452060975134
11,375,16148,0.00045729096746072173
11,376,16149,0.004019922576844692
11,377,16150,0.00036442303098738194
11,378,16151,0.0008239711751230061
11,379,16152,0.0037897194270044565
11,380,16153,0.00014385230315383524
11,381,16154,0.0004838905588258058
11,382,16155,0.00024184359062928706
11,383,16156,0.00035880113136954606
11,384,16157,0.030552072450518608
11,385,16158,0.00046443389146588743
11,386,16159,0.001226420165039599
11,387,16160,0.0006284174742177129
11,388,16161,0.0006552846170961857
11,389,16162,0.0019179327646270394
11,390,16163,0.0019751545041799545
11,391,16164,0.0058988709934055805
11,392,16165,0.024568159133195877
11,393,16166,0.002574011916294694
11,394,16167,0.0004796803114004433
11,395,16168,0.00367365893907845
11,396,16169,0.0020115498919039965
11,397,16170,0.000606875226367265
11,398,16171,0.0006914198165759444
11,399,16172,0.00249199359677732
11,400,16173,0.00039492439827881753
11,401,16174,0.0009719327208586037
11,402,16175,0.0003586667589843273
11,403,16176,0.00800515990704298
11,404,16177,0.0006120795733295381
11,405,16178,0.007035563234239817
11,406,16179,0.11867029964923859
11,407,16180,0.0003837482363451272
11,408,16181,0.0008793739252723753
11,409,16182,0.005170794203877449
11,410,16183,0.0008728412794880569
11,411,16184,0.0003700358502101153
11,412,16185,0.006348684895783663
11,413,16186,0.00047676937538199127
11,414,16187,0.0009532402036711574
11,415,16188,0.0010798233561217785
11,416,16189,0.0011953854700550437
11,417,16190,0.0010283364681527019
11,418,16191,0.009592842310667038
11,419,16192,0.003215142758563161
11,420,16193,0.00039824488339945674
11,421,16194,0.0006737575749866664
11,422,16195,0.00034990563290193677
11,423,16196,0.0008559335838072002
11,424,16197,0.0013882805360481143
11,425,16198,0.0015692055458202958
11,426,16199,0.0007109778234735131
11,427,16200,0.005706495139747858
11,428,16201,0.00015613051073160022
11,429,16202,0.0006142647471278906
11,430,16203,0.00018019923300016671
11,431,16204,0.0009695569169707596
11,432,16205,0.0003807277826126665
11,433,16206,0.010242171585559845
11,434,16207,0.001398961408995092
11,435,16208,0.008970210328698158
11,436,16209,0.001282915472984314
11,437,16210,0.001335442648269236
11,438,16211,0.0019956163596361876
11,439,16212,0.002759029855951667
11,440,16213,0.0008455042843706906
11,441,16214,0.005175622180104256
11,442,16215,0.0005335755995474756
11,443,16216,0.00031165522523224354
11,444,16217,0.001236291485838592
11,445,16218,0.0018757230136543512
11,446,16219,0.0007540278602391481
11,447,16220,0.0009486041381023824
11,448,16221,0.00038123695412650704
11,449,16222,0.0009275302290916443
11,450,16223,0.0017410984728485346
11,451,16224,0.009526451118290424
11,452,16225,0.001743557513691485
11,453,16226,0.0005631394451484084
11,454,16227,0.002033293480053544
11,455,16228,0.00016686930030118674
11,456,16229,0.0017395664472132921
11,457,16230,0.006270573474466801
11,458,16231,0.0007222347776405513
11,459,16232,0.0004773778491653502
11,460,16233,0.0004504532553255558
11,461,16234,0.000701567274518311
11,462,16235,0.017297666519880295
11,463,16236,0.00025088817346841097
11,464,16237,0.0011090030893683434
11,465,16238,0.0003696531057357788
11,466,16239,0.00047264600289054215
11,467,16240,0.0009247348643839359
11,468,16241,0.000563799636438489
11,469,16242,0.0010260225972160697
11,470,16243,0.0006438488489948213
11,471,16244,0.00022853621339891106
11,472,16245,0.003577148076146841
11,473,16246,0.0004806810466106981
11,474,16247,0.001121754408814013
11,475,16248,0.00109059305395931
11,476,16249,0.0004405577783472836
11,477,16250,0.0005764642264693975
11,478,16251,0.0003347555175423622
11,479,16252,0.017359215766191483
11,480,16253,0.002114750910550356
11,481,16254,0.0023593574296683073
11,482,16255,0.00024811970070004463
11,483,16256,0.0006957435398362577
11,484,16257,0.00044093048200011253
11,485,16258,0.0014864717377349734
11,486,16259,0.0012069775257259607
11,487,16260,0.011103158816695213
11,488,16261,0.0002477571542840451
11,489,16262,0.0002320824278285727
11,490,16263,0.0028627747669816017
11,491,16264,0.0009375168010592461
11,492,16265,0.0030106885824352503
11,493,16266,0.000654450966976583
11,494,16267,0.0005932788481004536
11,495,16268,0.0004868796968366951
11,496,16269,0.009871532209217548
11,497,16270,0.00013842082989867777
11,498,16271,0.002074511954560876
11,499,16272,0.0013354975963011384
11,500,16273,0.036088213324546814
11,501,16274,0.00252886232919991
11,502,16275,0.03876988962292671
11,503,16276,0.000876446021720767
11,504,16277,0.006190088111907244
11,505,16278,0.001741098938509822
11,506,16279,0.0001966773415915668
11,507,16280,0.020529184490442276
11,508,16281,0.0017253399128094316
11,509,16282,0.0026246309280395508
11,510,16283,0.0016300632851198316
11,511,16284,0.0017735352739691734
11,512,16285,0.00032411710708402097
11,513,16286,0.001576102920807898
11,514,16287,0.008801854215562344
11,515,16288,0.001897360198199749
11,516,16289,0.0018924861215054989
11,517,16290,0.012648518197238445
11,518,16291,0.00023308457457460463
11,519,16292,0.0008066772134043276
11,520,16293,0.0007585078710690141
11,521,16294,0.0015957868890836835
11,522,16295,0.0004130602173972875
11,523,16296,0.0017547386232763529
11,524,16297,0.00797704141587019
11,525,16298,0.0421530157327652
11,526,16299,0.003319809213280678
11,527,16300,0.0008200880838558078
11,528,16301,0.03162769973278046
11,529,16302,0.0025439925957471132
11,530,16303,0.0005023075500503182
11,531,16304,0.0010614823549985886
11,532,16305,0.03716588020324707
11,533,16306,0.0005154759855940938
11,534,16307,0.0032616620883345604
11,535,16308,0.0013565318658947945
11,536,16309,0.005921215284615755
11,537,16310,0.0012289003934711218
11,538,16311,0.0010599158704280853
11,539,16312,0.0009503543260507286
11,540,16313,0.006359416991472244
11,541,16314,0.0009876505937427282
11,542,16315,0.0038129703607410192
11,543,16316,0.00036526686744764447
11,544,16317,0.003976562526077032
11,545,16318,0.010064656846225262
11,546,16319,0.0032939016819000244
11,547,16320,0.000581693893764168
11,548,16321,0.0006659777136519551
11,549,16322,0.11816766113042831
11,550,16323,0.006430789362639189
11,551,16324,0.0032797956373542547
11,552,16325,0.005573012866079807
11,553,16326,0.0010231920750811696
11,554,16327,0.0009394201915711164
11,555,16328,0.0033220648765563965
11,556,16329,0.0002488968020770699
11,557,16330,0.0007316784467548132
11,558,16331,0.005633451975882053
11,559,16332,0.0009845367167145014
11,560,16333,0.0022498874459415674
11,561,16334,0.00046604263479821384
11,562,16335,0.0002794381871353835
11,563,16336,0.0007757454295642674
11,564,16337,0.0005462695262394845
11,565,16338,0.03331723064184189
11,566,16339,0.0003749906609300524
11,567,16340,0.006708591710776091
11,568,16341,0.0006696019554510713
11,569,16342,0.030578039586544037
11,570,16343,0.015093705616891384
11,571,16344,0.004092678893357515
11,572,16345,0.0017758934991434216
11,573,16346,0.0007549398578703403
11,574,16347,0.0013358145952224731
11,575,16348,0.0008360997308045626
11,576,16349,0.0016999676590785384
11,577,16350,0.0006054664845578372
11,578,16351,0.004256713669747114
11,579,16352,0.011161943897604942
11,580,16353,0.00641318503767252
11,581,16354,0.005047686863690615
11,582,16355,0.0010814256966114044
11,583,16356,0.004244528710842133
11,584,16357,0.003571973880752921
11,585,16358,0.0006733290501870215
11,586,16359,0.0020914655178785324
11,587,16360,0.0008280560723505914
11,588,16361,0.0007355003617703915
11,589,16362,0.000576219754293561
11,590,16363,0.006096774712204933
11,591,16364,0.0005596019909717143
11,592,16365,0.005189475603401661
11,593,16366,0.001453191856853664
11,594,16367,0.004091902170330286
11,595,16368,0.013728046789765358
11,596,16369,0.0019640717655420303
11,597,16370,0.010934664867818356
11,598,16371,0.000843454385176301
11,599,16372,0.005843710619956255
11,600,16373,0.0015904066385701299
11,601,16374,0.04199974238872528
11,602,16375,0.019503140822052956
11,603,16376,0.0008413733448833227
11,604,16377,0.024448152631521225
11,605,16378,0.010002062655985355
11,606,16379,0.0011737262830138206
11,607,16380,0.0011390394065529108
11,608,16381,0.006300674751400948
11,609,16382,0.0003636196779552847
11,610,16383,0.0012909324141219258
11,611,16384,0.00378040480427444
11,612,16385,0.0026209016796201468
11,613,16386,0.00033834140049293637
11,614,16387,0.0018347959266975522
11,615,16388,0.025674326345324516
11,616,16389,0.00035820272751152515
11,617,16390,0.0007687451434321702
11,618,16391,0.0016282473225146532
11,619,16392,0.0009482349851168692
11,620,16393,0.012305418960750103
11,621,16394,0.0003808281908277422
11,622,16395,0.0014469666639342904
11,623,16396,0.0032653496600687504
11,624,16397,0.0004672225331887603
11,625,16398,0.0023451214656233788
11,626,16399,0.007463580463081598
11,627,16400,0.0019009606912732124
11,628,16401,0.001159378793090582
11,629,16402,0.0007405125070363283
11,630,16403,0.000525634444784373
11,631,16404,0.007032665889710188
11,632,16405,0.03805393725633621
11,633,16406,0.0024108593352138996
11,634,16407,0.0020105985458940268
11,635,16408,0.014623312279582024
11,636,16409,0.0013308956986293197
11,637,16410,0.0009502546163275838
11,638,16411,0.0005583437741734087
11,639,16412,0.0006757349474355578
11,640,16413,0.0007005740189924836
11,641,16414,0.0039044648874551058
11,642,16415,0.004911105614155531
11,643,16416,0.0006441067671403289
11,644,16417,0.000681289762724191
11,645,16418,0.0007202985580079257
11,646,16419,0.0007213464705273509
11,647,16420,0.007160228211432695
11,648,16421,0.0015530630480498075
11,649,16422,0.0013405033387243748
11,650,16423,0.0012963747140020132
11,651,16424,0.0008145607425831258
11,652,16425,0.005811649840325117
11,653,16426,0.004079386126250029
11,654,16427,0.0020749883260577917
11,655,16428,0.0009064578916877508
11,656,16429,0.007944273762404919
11,657,16430,0.0004926029941998422
11,658,16431,0.00020608885097317398
11,659,16432,0.007718153763562441
11,660,16433,0.00033325853291898966
11,661,16434,0.0008157197153195739
11,662,16435,0.0003979229659307748
11,663,16436,0.0012161831837147474
11,664,16437,0.00032942075631581247
11,665,16438,0.00700079882517457
11,666,16439,0.0032847619149833918
11,667,16440,0.00404265196993947
11,668,16441,0.0007170480093918741
11,669,16442,0.0032314667478203773
11,670,16443,0.0007188981981016695
11,671,16444,0.00035011774161830544
11,672,16445,0.00039594658301211894
11,673,16446,0.002302930224686861
11,674,16447,0.0006602825014851987
11,675,16448,0.000449080893304199
11,676,16449,0.0005945204757153988
11,677,16450,0.001539724413305521
11,678,16451,0.0003117966407444328
11,679,16452,0.014633331447839737
11,680,16453,0.00041471022996120155
11,681,16454,0.00044014002196490765
11,682,16455,0.0006828118348494172
11,683,16456,0.0011736488668248057
11,684,16457,0.0013723353622481227
11,685,16458,0.027731819078326225
11,686,16459,0.0011040952522307634
11,687,16460,0.002757539739832282
11,688,16461,0.000598080747295171
11,689,16462,0.0011274573625996709
11,690,16463,0.001345185562968254
11,691,16464,0.0006078524165786803
11,692,16465,0.05205381289124489
11,693,16466,0.0025201761163771152
11,694,16467,0.0003696952771861106
11,695,16468,0.0010518652852624655
11,696,16469,0.0006825217278674245
11,697,16470,0.0028007321525365114
11,698,16471,0.0019137286581099033
11,699,16472,0.001918313791975379
11,700,16473,0.0006389697082340717
11,701,16474,0.0005827251588925719
11,702,16475,0.0008295804145745933
11,703,16476,0.0004407041415106505
11,704,16477,0.004764751996845007
11,705,16478,0.00046447801287285984
11,706,16479,0.0010753587121143937
11,707,16480,0.04174477607011795
11,708,16481,0.001741947140544653
11,709,16482,0.0010901138884946704
11,710,16483,0.000765544711612165
11,711,16484,0.000688134110532701
11,712,16485,0.0016003361670300364
11,713,16486,0.01322439219802618
11,714,16487,0.000808398996014148
11,715,16488,0.001455302583053708
11,716,16489,0.03200310468673706
11,717,16490,0.009556840173900127
11,718,16491,0.0067873140797019005
11,719,16492,0.003678014734759927
11,720,16493,0.009091430343687534
11,721,16494,0.007208668626844883
11,722,16495,0.00161884690169245
11,723,16496,0.09075430780649185
11,724,16497,0.0014976310776546597
11,725,16498,0.0006887585623189807
11,726,16499,0.00036464972072280943
11,727,16500,0.004181321710348129
11,728,16501,0.0004076948680449277
11,729,16502,0.00042140172445215285
11,730,16503,0.00079433957580477
11,731,16504,0.0013695820234715939
11,732,16505,0.0003884678881149739
11,733,16506,0.01983504183590412
11,734,16507,0.018012309446930885
11,735,16508,0.0013718928676098585
11,736,16509,0.0011057457886636257
11,737,16510,0.0006855410756543279
11,738,16511,0.0011143038282170892
11,739,16512,0.003979040309786797
11,740,16513,0.0038389803376048803
11,741,16514,0.0034448883961886168
11,742,16515,0.004094411619007587
11,743,16516,0.000518346147146076
11,744,16517,0.00072722346521914
11,745,16518,0.002346430206671357
11,746,16519,0.003682628972455859
11,747,16520,0.0014860833762213588
11,748,16521,0.0016451211413368583
11,749,16522,0.011156076565384865
11,750,16523,0.0008088055765256286
11,751,16524,0.04732130467891693
11,752,16525,0.0011737683089450002
11,753,16526,0.007193298544734716
11,754,16527,0.000574701523873955
11,755,16528,0.0018571880646049976
11,756,16529,0.0010751488152891397
11,757,16530,0.0008332660654559731
11,758,16531,0.0005958211841061711
11,759,16532,0.0008238785667344928
11,760,16533,0.012065057642757893
11,761,16534,0.013294450007379055
11,762,16535,0.0004486867692321539
11,763,16536,0.0006317281513474882
11,764,16537,0.00045407883590087295
11,765,16538,0.0014771156711503863
11,766,16539,0.014017214998602867
11,767,16540,0.00018008366168942302
11,768,16541,0.0005457809893414378
11,769,16542,0.007065268233418465
11,770,16543,0.01305441651493311
11,771,16544,0.0005743991932831705
11,772,16545,0.0031694499775767326
11,773,16546,0.0006547607481479645
11,774,16547,0.004016997758299112
11,775,16548,0.00027185838553123176
11,776,16549,0.0005730674602091312
11,777,16550,0.0005012588808313012
11,778,16551,0.0008510719635523856
11,779,16552,0.0008079329854808748
11,780,16553,0.0006835482199676335
11,781,16554,0.0006859364220872521
11,782,16555,0.00020365037198644131
11,783,16556,0.00525714922696352
11,784,16557,0.0038577395025640726
11,785,16558,0.027011066675186157
11,786,16559,0.0007651392952539027
11,787,16560,0.03290032967925072
11,788,16561,0.0013805346097797155
11,789,16562,0.000537759275175631
11,790,16563,0.00068576296325773
11,791,16564,0.000754660228267312
11,792,16565,0.0523923859000206
11,793,16566,0.022252028807997704
11,794,16567,0.006352109368890524
11,795,16568,0.0003673577157314867
11,796,16569,0.0013346687192097306
11,797,16570,0.0016071517020463943
11,798,16571,0.0006403037114068866
11,799,16572,0.00900192279368639
11,800,16573,0.012028787285089493
11,801,16574,0.0009200489148497581
11,802,16575,0.0038508682046085596
11,803,16576,0.02382654882967472
11,804,16577,0.002356002340093255
11,805,16578,0.01374153234064579
11,806,16579,0.0008361968793906271
11,807,16580,0.0010692657670006156
11,808,16581,0.0007460988126695156
11,809,16582,0.00436786375939846
11,810,16583,0.0006203667726367712
11,811,16584,0.0005073525826446712
11,812,16585,0.0005631913663819432
11,813,16586,0.0006584394723176956
11,814,16587,0.0005716076702810824
11,815,16588,0.08276867866516113
11,816,16589,0.0002656833385117352
11,817,16590,0.0006753174238838255
11,818,16591,0.0017405935795977712
11,819,16592,0.0006570648401975632
11,820,16593,0.010249603539705276
11,821,16594,0.013563397340476513
11,822,16595,0.005366189870983362
11,823,16596,0.0004946469562128186
11,824,16597,0.015078257769346237
11,825,16598,0.006532951258122921
11,826,16599,0.025417571887373924
11,827,16600,0.017418911680579185
11,828,16601,0.009366538375616074
11,829,16602,0.0019188403384760022
11,830,16603,0.04901745170354843
11,831,16604,0.0018573635024949908
11,832,16605,0.00042793029570020735
11,833,16606,0.0006732225301675498
11,834,16607,0.0017545802984386683
11,835,16608,0.0012382686836645007
11,836,16609,0.0024325258564203978
11,837,16610,0.0010281905997544527
11,838,16611,0.01496837381273508
11,839,16612,0.005151390563696623
11,840,16613,0.004537341184914112
11,841,16614,0.011598973535001278
11,842,16615,0.0012103629997000098
11,843,16616,0.009455282241106033
11,844,16617,0.0008864615228958428
11,845,16618,0.07726988941431046
11,846,16619,0.0005462918197736144
11,847,16620,0.005099012982100248
11,848,16621,0.004201569128781557
11,849,16622,0.0005725697265006602
11,850,16623,0.00043429710785858333
11,851,16624,0.001028916914947331
11,852,16625,0.032413944602012634
11,853,16626,0.008960152044892311
11,854,16627,0.00112431263551116
11,855,16628,0.007203670218586922
11,856,16629,0.0008265357464551926
11,857,16630,0.01125562284141779
11,858,16631,0.001969211734831333
11,859,16632,0.0009332019835710526
11,860,16633,0.0012098983861505985
11,861,16634,0.0010133790783584118
11,862,16635,0.003896033391356468
11,863,16636,0.0007050930289551616
11,864,16637,0.0005580040160566568
11,865,16638,0.0006520124734379351
11,866,16639,0.005431906320154667
11,867,16640,0.0007945543620735407
11,868,16641,0.00034396894625388086
11,869,16642,0.0012002887669950724
11,870,16643,0.00045667466474696994
11,871,16644,0.003034634282812476
11,872,16645,0.00046959490282461047
11,873,16646,0.010721046477556229
11,874,16647,0.0006185078527778387
11,875,16648,0.0020394062157720327
11,876,16649,0.002282100496813655
11,877,16650,0.00045220396714285016
11,878,16651,0.0008085190202109516
11,879,16652,0.0034665847197175026
11,880,16653,0.0004975268384441733
11,881,16654,0.02784356288611889
11,882,16655,0.0010482885409146547
11,883,16656,0.0008321019704453647
11,884,16657,0.0003489135706331581
11,885,16658,0.0003987884265370667
11,886,16659,0.0010374353732913733
11,887,16660,0.0004070550494361669
11,888,16661,0.001105159637518227
11,889,16662,0.009386345744132996
11,890,16663,0.0014054127968847752
11,891,16664,0.0003417408443056047
11,892,16665,0.0018946427153423429
11,893,16666,0.008909433148801327
11,894,16667,0.029682710766792297
11,895,16668,0.0006684029358439147
11,896,16669,0.000302740721963346
11,897,16670,0.001840537996031344
11,898,16671,0.0002599621657282114
11,899,16672,0.000715795555151999
11,900,16673,0.0020778218749910593
11,901,16674,0.003351183608174324
11,902,16675,0.02014588937163353
11,903,16676,0.00031367523479275405
11,904,16677,0.0005299378535710275
11,905,16678,0.0030796662904322147
11,906,16679,0.00022967135009821504
11,907,16680,0.026166904717683792
11,908,16681,0.034500785171985626
11,909,16682,0.0004883795045316219
11,910,16683,0.0004194415523670614
11,911,16684,0.0026087271980941296
11,912,16685,0.0007955274195410311
11,913,16686,0.010603354312479496
11,914,16687,0.026878254488110542
11,915,16688,0.002180730691179633
11,916,16689,0.0010047053219750524
11,917,16690,0.0012045495677739382
11,918,16691,0.03148729354143143
11,919,16692,0.007538723759353161
11,920,16693,0.0007474684971384704
11,921,16694,0.0016798005672171712
11,922,16695,0.0024788177106529474
11,923,16696,0.006335516460239887
11,924,16697,0.022345272824168205
11,925,16698,0.003920471761375666
11,926,16699,0.02193768508732319
11,927,16700,0.022101206704974174
11,928,16701,0.009929539635777473
11,929,16702,0.0020027190912514925
11,930,16703,0.0013543692184612155
11,931,16704,0.0034223950933665037
11,932,16705,0.0013042304199188948
11,933,16706,0.0005147461779415607
11,934,16707,0.0019361755112186074
11,935,16708,0.002398417331278324
11,936,16709,0.0005317158065736294
11,937,16710,0.004419639240950346
11,938,16711,0.0005924077122472227
11,939,16712,0.0004572278121486306
11,940,16713,0.0005283296923153102
11,941,16714,0.00433354964479804
11,942,16715,0.012860267423093319
11,943,16716,0.0055682058446109295
11,944,16717,0.0007081507937982678
11,945,16718,0.001652922248467803
11,946,16719,0.0021248171105980873
11,947,16720,0.00032076850766316056
11,948,16721,0.0038487284909933805
11,949,16722,0.0053939055651426315
11,950,16723,0.0022786627523601055
11,951,16724,0.0006939810118637979
11,952,16725,0.003004529280588031
11,953,16726,0.0009180382476188242
11,954,16727,0.0029893384780734777
11,955,16728,0.06438739597797394
11,956,16729,0.0005289959372021258
11,957,16730,0.026386212557554245
11,958,16731,0.0008388499263674021
11,959,16732,0.00023166471510194242
11,960,16733,0.0006048156064935029
11,961,16734,0.0010198497911915183
11,962,16735,0.0022962926886975765
11,963,16736,0.0011592309456318617
11,964,16737,0.0020439489744603634
11,965,16738,0.0403556227684021
11,966,16739,0.0022570088040083647
11,967,16740,0.007782539818435907
11,968,16741,0.0005495437071658671
11,969,16742,0.000840497319586575
11,970,16743,0.01691892370581627
11,971,16744,0.018837811425328255
11,972,16745,0.0006470842636190355
11,973,16746,0.025662874802947044
11,974,16747,0.010214432142674923
11,975,16748,0.0003801068232860416
11,976,16749,0.0007781462627463043
11,977,16750,0.001518302713520825
11,978,16751,0.0022551799193024635
11,979,16752,0.013055054470896721
11,980,16753,0.0007891520508565009
11,981,16754,0.017856985330581665
11,982,16755,0.003994838800281286
11,983,16756,0.000798785884398967
11,984,16757,0.0006098377634771168
11,985,16758,0.0017639223951846361
11,986,16759,0.013133441098034382
11,987,16760,0.0104661351069808
11,988,16761,0.0025138258934020996
11,989,16762,0.006541346665471792
11,990,16763,0.009264172054827213
11,991,16764,0.00024484971072524786
11,992,16765,0.0005327338585630059
11,993,16766,0.006429626140743494
11,994,16767,0.0032539465464651585
11,995,16768,0.00021031906362622976
11,996,16769,0.0006628181436099112
11,997,16770,0.0008753796573728323
11,998,16771,0.00819755531847477
11,999,16772,0.0012073529651388526
11,1000,16773,0.006872000638395548
11,1001,16774,0.0020622815936803818
11,1002,16775,0.0005090415943413973
11,1003,16776,0.02940804325044155
11,1004,16777,0.0008663380867801607
11,1005,16778,0.0008786829421296716
11,1006,16779,0.0002296395250596106
11,1007,16780,0.0013492472935467958
11,1008,16781,0.006331231910735369
11,1009,16782,0.0021478428971022367
11,1010,16783,0.0023234859108924866
11,1011,16784,0.002079934347420931
11,1012,16785,0.0005640400922857225
11,1013,16786,0.000661708356346935
11,1014,16787,0.001290640328079462
11,1015,16788,0.009472627192735672
11,1016,16789,0.002216765657067299
11,1017,16790,0.001657448592595756
11,1018,16791,0.0005441710236482322
11,1019,16792,0.00030889452318660915
11,1020,16793,0.015294368378818035
11,1021,16794,0.0011093555949628353
11,1022,16795,0.0009498451836407185
11,1023,16796,0.0007963864482007921
11,1024,16797,0.00022937059111427516
11,1025,16798,0.004301731940358877
11,1026,16799,0.00027525651967152953
11,1027,16800,0.00351886497810483
11,1028,16801,0.00018913806707132608
11,1029,16802,0.05504950135946274
11,1030,16803,0.0005459942040033638
11,1031,16804,0.00105092185549438
11,1032,16805,0.0010590434540063143
11,1033,16806,0.0031152169685810804
11,1034,16807,0.0019962284713983536
11,1035,16808,0.0004762279859278351
11,1036,16809,0.0013584266416728497
11,1037,16810,0.0011345853563398123
11,1038,16811,0.0023192863445729017
11,1039,16812,0.007963334210216999
11,1040,16813,0.017347903922200203
11,1041,16814,0.011013506911695004
11,1042,16815,0.0009816174861043692
11,1043,16816,0.00881109107285738
11,1044,16817,0.0010912218131124973
11,1045,16818,0.00029598671244457364
11,1046,16819,0.00704099191352725
11,1047,16820,0.002890008734539151
11,1048,16821,0.002065893728286028
11,1049,16822,0.000338043988449499
11,1050,16823,0.000375051808077842
11,1051,16824,0.000779723166488111
11,1052,16825,0.0006051528616808355
11,1053,16826,0.04261355102062225
11,1054,16827,0.0009183581569232047
11,1055,16828,0.0015290715964511037
11,1056,16829,0.014373167417943478
11,1057,16830,0.0016239212127402425
11,1058,16831,0.0010263115400448442
11,1059,16832,0.0003071886894758791
11,1060,16833,0.0018720238003879786
11,1061,16834,0.0035812840797007084
11,1062,16835,0.0012006082106381655
11,1063,16836,0.007955911569297314
11,1064,16837,0.0007008731481619179
11,1065,16838,0.004564083181321621
11,1066,16839,0.0032068605069071054
11,1067,16840,0.006139956880360842
11,1068,16841,0.0014987275935709476
11,1069,16842,0.001572409295476973
11,1070,16843,0.0007326296763494611
11,1071,16844,0.0006982306949794292
11,1072,16845,0.012980060651898384
11,1073,16846,0.0006125763175077736
11,1074,16847,0.0020334962755441666
11,1075,16848,0.0006114270072430372
11,1076,16849,0.0011265093926340342
11,1077,16850,0.002012956887483597
11,1078,16851,0.0003784076834563166
11,1079,16852,0.00026037590578198433
11,1080,16853,0.0012520605232566595
11,1081,16854,0.00018855684902518988
11,1082,16855,0.004806841723620892
11,1083,16856,0.0008100971463136375
11,1084,16857,0.0009392584906890988
11,1085,16858,0.0013806985225528479
11,1086,16859,0.001184515655040741
11,1087,16860,0.0005033930647186935
11,1088,16861,0.00031070123077370226
11,1089,16862,0.0004900089115835726
11,1090,16863,0.0003061085008084774
11,1091,16864,0.00019489717669785023
11,1092,16865,0.0008051265613175929
11,1093,16866,0.004375264048576355
11,1094,16867,0.0016901801573112607
11,1095,16868,0.03263925760984421
11,1096,16869,0.0007489779964089394
11,1097,16870,0.0004340802552178502
11,1098,16871,0.0024356371723115444
11,1099,16872,0.0007761148153804243
11,1100,16873,0.0005353621672838926
11,1101,16874,0.0003152756835334003
11,1102,16875,0.0004580622771754861
11,1103,16876,0.0030220551416277885
11,1104,16877,0.0010800815653055906
11,1105,16878,0.006215378176420927
11,1106,16879,0.0007874444709159434
11,1107,16880,0.0008109109476208687
11,1108,16881,0.008539690636098385
11,1109,16882,0.02242342010140419
11,1110,16883,0.0003727960865944624
11,1111,16884,0.000918326317332685
11,1112,16885,0.003878651885315776
11,1113,16886,0.0073515609838068485
11,1114,16887,0.0326291024684906
11,1115,16888,0.0003118148015346378
11,1116,16889,0.0209710281342268
11,1117,16890,0.0008312087156809866
11,1118,16891,0.0003749913885258138
11,1119,16892,0.0010589906014502048
11,1120,16893,0.016277916729450226
11,1121,16894,0.00031583168311044574
11,1122,16895,0.0005958823603577912
11,1123,16896,0.0002959822304546833
11,1124,16897,0.0002540765854064375
11,1125,16898,0.0008733360446058214
11,1126,16899,0.0012926304480060935
11,1127,16900,0.0020719049498438835
11,1128,16901,0.0015327672008424997
11,1129,16902,0.0018698882777243853
11,1130,16903,0.0677013024687767
11,1131,16904,0.062265545129776
11,1132,16905,0.0012393190991133451
11,1133,16906,0.01331503689289093
11,1134,16907,0.0010312865488231182
11,1135,16908,0.043036431074142456
11,1136,16909,0.01849549263715744
11,1137,16910,0.031182870268821716
11,1138,16911,0.007967771030962467
11,1139,16912,0.058043744415044785
11,1140,16913,0.0022884125355631113
11,1141,16914,0.00035288819344714284
11,1142,16915,0.004286411218345165
11,1143,16916,0.05527093634009361
11,1144,16917,0.0010590240126475692
11,1145,16918,0.017695724964141846
11,1146,16919,0.013934899121522903
11,1147,16920,0.053904056549072266
11,1148,16921,0.0014501657569780946
11,1149,16922,0.00634272675961256
11,1150,16923,0.0008270131074823439
11,1151,16924,0.005001107230782509
11,1152,16925,0.03856227919459343
11,1153,16926,0.013890257105231285
11,1154,16927,0.01342771202325821
11,1155,16928,0.0010910832788795233
11,1156,16929,0.0010414909338578582
11,1157,16930,0.005915961228311062
11,1158,16931,0.0027860484551638365
11,1159,16932,0.002158385468646884
11,1160,16933,0.02761814557015896
11,1161,16934,0.03047831729054451
11,1162,16935,0.0236239992082119
11,1163,16936,0.0028936597518622875
11,1164,16937,0.0022448154632002115
11,1165,16938,0.013068733736872673
11,1166,16939,0.006143982522189617
11,1167,16940,0.003398258937522769
11,1168,16941,0.0020418574567884207
11,1169,16942,0.008686010725796223
11,1170,16943,0.0024574706330895424
11,1171,16944,0.002326949965208769
11,1172,16945,0.001362241106107831
11,1173,16946,0.0025615710765123367
11,1174,16947,0.0061821360141038895
11,1175,16948,0.002329891547560692
11,1176,16949,0.0009456290863454342
11,1177,16950,0.0029524515848606825
11,1178,16951,0.03681458160281181
11,1179,16952,0.0014284878270700574
11,1180,16953,0.02263784594833851
11,1181,16954,0.0009360066615045071
11,1182,16955,0.001079162466339767
11,1183,16956,0.001015338348224759
11,1184,16957,0.0021482277661561966
11,1185,16958,0.0006101239705458283
11,1186,16959,0.0020919721573591232
11,1187,16960,0.014264002442359924
11,1188,16961,0.010554483160376549
11,1189,16962,0.0013207828160375357
11,1190,16963,0.0008479437092319131
11,1191,16964,0.00045746308751404285
11,1192,16965,0.0011084462748840451
11,1193,16966,0.0010932860895991325
11,1194,16967,0.0010798046132549644
11,1195,16968,0.00028509320691227913
11,1196,16969,0.0023365127854049206
11,1197,16970,0.016002001240849495
11,1198,16971,0.0010989210568368435
11,1199,16972,0.0012870518257841468
11,1200,16973,0.0008076659287326038
11,1201,16974,0.000510628626216203
11,1202,16975,0.0007550031295977533
11,1203,16976,0.0018732738681137562
11,1204,16977,0.0020475422497838736
11,1205,16978,0.0008922826964408159
11,1206,16979,0.000800150097347796
11,1207,16980,0.018125688657164574
11,1208,16981,0.0064354995265603065
11,1209,16982,0.003624517237767577
11,1210,16983,0.0017263517947867513
11,1211,16984,0.00652361148968339
11,1212,16985,0.01689893938601017
11,1213,16986,0.0019236997468397021
11,1214,16987,0.0014321802882477641
11,1215,16988,0.0008202040335163474
11,1216,16989,0.0013783436734229326
11,1217,16990,0.0032636323012411594
11,1218,16991,0.003674033097922802
11,1219,16992,0.0017803871305659413
11,1220,16993,0.014356103725731373
11,1221,16994,0.010253692045807838
11,1222,16995,0.010436547920107841
11,1223,16996,0.0009194669546559453
11,1224,16997,0.020606035366654396
11,1225,16998,0.0026089439634233713
11,1226,16999,0.0010599823435768485
11,1227,17000,0.007208568975329399
11,1228,17001,0.031972721219062805
11,1229,17002,0.01801750250160694
11,1230,17003,0.0025736677926033735
11,1231,17004,0.0006096270517446101
11,1232,17005,0.0007110279402695596
11,1233,17006,0.0017721340991556644
11,1234,17007,0.0004938330384902656
11,1235,17008,0.006326256785541773
11,1236,17009,0.0009432559600099921
11,1237,17010,0.00189216248691082
11,1238,17011,0.000915553595405072
11,1239,17012,0.0005871134344488382
11,1240,17013,0.0011010513408109546
11,1241,17014,0.008481859229505062
11,1242,17015,0.012777869589626789
11,1243,17016,0.0006282052490860224
11,1244,17017,0.002294800942763686
11,1245,17018,0.0005108663463033736
11,1246,17019,0.0024039174895733595
11,1247,17020,0.001202195999212563
11,1248,17021,0.0018416615203022957
11,1249,17022,0.00040506580262444913
11,1250,17023,0.015181631781160831
11,1251,17024,0.08366888016462326
11,1252,17025,0.027273548766970634
11,1253,17026,0.004179774317890406
11,1254,17027,0.0015939791919663548
11,1255,17028,0.0007943733362480998
11,1256,17029,0.0016839546151459217
11,1257,17030,0.00036435553920455277
11,1258,17031,0.0011051243636757135
11,1259,17032,0.0011331477435305715
11,1260,17033,0.0005702534108422697
11,1261,17034,0.0003052035754080862
11,1262,17035,0.0004412777198012918
11,1263,17036,0.017572013661265373
11,1264,17037,0.0008390527218580246
11,1265,17038,0.020535627380013466
11,1266,17039,0.00023276428692042828
11,1267,17040,0.0013371736276894808
11,1268,17041,0.0015540706226602197
11,1269,17042,0.0006967490771785378
11,1270,17043,0.0007812362164258957
11,1271,17044,0.016695396974682808
11,1272,17045,0.0052912188693881035
11,1273,17046,0.001308791688643396
11,1274,17047,0.0027149906381964684
11,1275,17048,0.0002722795761656016
11,1276,17049,0.00045953172957524657
11,1277,17050,0.0009782377164810896
11,1278,17051,0.0008882090914994478
11,1279,17052,0.0005515796365216374
11,1280,17053,0.00046578215551562607
11,1281,17054,0.00047454386367462575
11,1282,17055,0.001988096395507455
11,1283,17056,0.007672372739762068
11,1284,17057,0.01271879579871893
11,1285,17058,0.0006718693766742945
11,1286,17059,0.0005465251742862165
11,1287,17060,0.001613405765965581
11,1288,17061,0.007976916618645191
11,1289,17062,0.0017137558897957206
11,1290,17063,0.02199547551572323
11,1291,17064,0.0007307525374926627
11,1292,17065,0.0007696482352912426
11,1293,17066,0.0012622999493032694
11,1294,17067,0.016254110261797905
11,1295,17068,0.00044471729779616
11,1296,17069,0.009052603505551815
11,1297,17070,0.000987027189694345
11,1298,17071,0.00047016696771606803
11,1299,17072,0.0006374772638082504
11,1300,17073,0.001984207658097148
11,1301,17074,0.002268426585942507
11,1302,17075,0.013881145976483822
11,1303,17076,0.006134338676929474
11,1304,17077,0.01816898211836815
11,1305,17078,0.0007605387945659459
11,1306,17079,0.008612287230789661
11,1307,17080,0.0009086111094802618
11,1308,17081,0.002653461182489991
11,1309,17082,0.001479178317822516
11,1310,17083,0.003675794927403331
11,1311,17084,0.0018346855649724603
11,1312,17085,0.0025981569197028875
11,1313,17086,0.0022306451573967934
11,1314,17087,0.0024301051162183285
11,1315,17088,0.0025086570531129837
11,1316,17089,0.039213817566633224
11,1317,17090,0.00054108293261379
11,1318,17091,0.0012514798436313868
11,1319,17092,0.0011216887505725026
11,1320,17093,0.00227290578186512
11,1321,17094,0.014442638494074345
11,1322,17095,0.00040267722215503454
11,1323,17096,0.001020479598082602
11,1324,17097,0.014114008285105228
11,1325,17098,0.0006220941431820393
11,1326,17099,0.00373973255045712
11,1327,17100,0.0015461455332115293
11,1328,17101,0.0006833232473582029
11,1329,17102,0.0009155073203146458
11,1330,17103,0.05012507364153862
11,1331,17104,0.0021032339427620173
11,1332,17105,0.0016220876714214683
11,1333,17106,0.021121136844158173
11,1334,17107,0.0006521506002172828
11,1335,17108,0.00046123791253194213
11,1336,17109,0.0024855798110365868
11,1337,17110,0.0008237112197093666
11,1338,17111,0.001095842570066452
11,1339,17112,0.0015771875623613596
11,1340,17113,0.009597831405699253
11,1341,17114,0.01242232695221901
11,1342,17115,0.000994305475614965
11,1343,17116,0.001331276842392981
11,1344,17117,0.000613020732998848
11,1345,17118,0.0005995388492010534
11,1346,17119,0.019583502784371376
11,1347,17120,0.018815401941537857
11,1348,17121,0.007373617496341467
11,1349,17122,0.000605509674642235
11,1350,17123,0.005787292495369911
11,1351,17124,0.003008056664839387
11,1352,17125,0.00305604818277061
11,1353,17126,0.01275135762989521
11,1354,17127,0.0006410108180716634
11,1355,17128,0.00511925108730793
11,1356,17129,0.0006195091409608722
11,1357,17130,0.0016959160566329956
11,1358,17131,0.0007166718714870512
11,1359,17132,0.005095097701996565
11,1360,17133,0.006154494825750589
11,1361,17134,0.004071247298270464
11,1362,17135,0.0008644881891086698
11,1363,17136,0.0012594719883054495
11,1364,17137,0.0003730186726897955
11,1365,17138,0.0008354746969416738
11,1366,17139,0.00039621314499527216
11,1367,17140,0.000675668241456151
11,1368,17141,0.0003167647810187191
11,1369,17142,0.00040751995402388275
11,1370,17143,0.0021364481654018164
11,1371,17144,0.0007072702865116298
11,1372,17145,0.0005885620485059917
11,1373,17146,0.02475985884666443
11,1374,17147,0.0005204355693422258
11,1375,17148,0.0026321513578295708
11,1376,17149,0.00036442335112951696
11,1377,17150,0.0032882527448236942
11,1378,17151,0.0007029425469227135
11,1379,17152,0.00033658742904663086
11,1380,17153,0.001493243034929037
11,1381,17154,0.0026416669134050608
11,1382,17155,0.0007688543992117047
11,1383,17156,0.0013503667432814837
11,1384,17157,0.006706384010612965
11,1385,17158,0.023578327149152756
11,1386,17159,0.0014535220107063651
11,1387,17160,0.028004011139273643
11,1388,17161,0.0007453625439666212
11,1389,17162,0.0006058392464183271
11,1390,17163,0.005160340573638678
11,1391,17164,0.00024140394816640764
11,1392,17165,0.0057571688666939735
11,1393,17166,0.01821146160364151
11,1394,17167,0.000453388289315626
11,1395,17168,0.00224861316382885
11,1396,17169,0.0005703709903173149
11,1397,17170,0.0008885540883056819
11,1398,17171,0.0025845521595329046
11,1399,17172,0.0011468995362520218
11,1400,17173,0.0013228433672338724
11,1401,17174,0.0002452026237733662
11,1402,17175,0.019799593836069107
11,1403,17176,0.0006181952776387334
11,1404,17177,0.001176182646304369
11,1405,17178,0.00036798822111450136
11,1406,17179,0.00031931986450217664
11,1407,17180,0.0040996260941028595
11,1408,17181,0.0033126240596175194
11,1409,17182,0.010529381223022938
11,1410,17183,0.0002319227933185175
11,1411,17184,0.00042332621524110436
11,1412,17185,0.0014374840538948774
11,1413,17186,0.0013885872904211283
11,1414,17187,0.0005954495281912386
11,1415,17188,0.0005152042722329497
11,1416,17189,0.0012942845933139324
11,1417,17190,0.01503519807010889
11,1418,17191,0.001919112866744399
11,1419,17192,0.0020497438963502645
11,1420,17193,0.0002855808997992426
11,1421,17194,0.0003357833775226027
11,1422,17195,0.006823800038546324
11,1423,17196,0.0020639742724597454
11,1424,17197,0.0005365597899071872
11,1425,17198,0.0013198188971728086
11,1426,17199,0.00758955767378211
11,1427,17200,0.0007352710235863924
11,1428,17201,0.0006012224475853145
11,1429,17202,0.00047826278023421764
11,1430,17203,0.00027415159274823964
11,1431,17204,0.008152693510055542
11,1432,17205,0.014651264064013958
11,1433,17206,0.0007963586831465364
11,1434,17207,0.002178747672587633
12,1,17208,0.00032911074231378734
12,2,17209,0.0005389131256379187
12,3,17210,0.0003863162128254771
12,4,17211,0.013426006771624088
12,5,17212,0.0006697771605104208
12,6,17213,0.001785792876034975
12,7,17214,0.0005188382347114384
12,8,17215,0.0015672812005504966
12,9,17216,0.00028145304531790316
12,10,17217,0.00028469852986745536
12,11,17218,0.0003967075899709016
12,12,17219,0.000802870315965265
12,13,17220,0.001207289518788457
12,14,17221,0.03731151297688484
12,15,17222,0.00046209717402234674
12,16,17223,0.000647183449473232
12,17,17224,0.0008426755666732788
12,18,17225,0.0010274754604324698
12,19,17226,0.002035255078226328
12,20,17227,0.0015446710167452693
12,21,17228,0.0015157230664044619
12,22,17229,0.0011151643702760339
12,23,17230,0.0017780514899641275
12,24,17231,0.00036018691025674343
12,25,17232,0.07528577744960785
12,26,17233,0.0006553990533575416
12,27,17234,0.0009278163779526949
12,28,17235,0.0022095763124525547
12,29,17236,0.006565779447555542
12,30,17237,0.006261110305786133
12,31,17238,0.0004171266045887023
12,32,17239,0.0004671325732488185
12,33,17240,0.0003815689997281879
12,34,17241,0.0006397534743882716
12,35,17242,0.0003563259670045227
12,36,17243,0.0005617503775283694
12,37,17244,0.0008598823333159089
12,38,17245,0.00113815872464329
12,39,17246,0.0003203680971637368
12,40,17247,0.002133200643584132
12,41,17248,0.0004122047103010118
12,42,17249,0.0025754813104867935
12,43,17250,0.0003293227346148342
12,44,17251,0.004426154773682356
12,45,17252,0.00017064137500710785
12,46,17253,0.0006404367741197348
12,47,17254,0.00033748059649951756
12,48,17255,0.00040371884824708104
12,49,17256,0.0005900081596337259
12,50,17257,0.0001426422386430204
12,51,17258,0.014434179291129112
12,52,17259,0.0012576667359098792
12,53,17260,0.0017374774906784296
12,54,17261,0.0005966107710264623
12,55,17262,0.005009147804230452
12,56,17263,0.0004993784241378307
12,57,17264,0.00018175308650825173
12,58,17265,0.0005097732064314187
12,59,17266,0.00046063607442192733
12,60,17267,0.00043641403317451477
12,61,17268,0.0007483993540517986
12,62,17269,0.0013148013968020678
12,63,17270,0.0013128493446856737
12,64,17271,0.0003058801230508834
12,65,17272,0.035522136837244034
12,66,17273,0.0004595096397679299
12,67,17274,0.001010623760521412
12,68,17275,0.0007388474186882377
12,69,17276,0.0006591615383513272
12,70,17277,0.019179489463567734
12,71,17278,0.004197098780423403
12,72,17279,0.00020380193018354475
12,73,17280,0.00029117954545654356
12,74,17281,0.0013726899633184075
12,75,17282,0.0008299642358906567
12,76,17283,0.0007463123183697462
12,77,17284,0.0006659780046902597
12,78,17285,0.003478215541690588
12,79,17286,0.0006865632603876293
12,80,17287,0.0005995641113258898
12,81,17288,0.0027059249114245176
12,82,17289,0.001510055037215352
12,83,17290,0.004550877958536148
12,84,17291,0.0021918273996561766
12,85,17292,0.005644632037729025
12,86,17293,0.0005172737292014062
12,87,17294,0.00021984396153129637
12,88,17295,0.0004372265830170363
12,89,17296,0.011767348274588585
12,90,17297,0.0006799352122470737
12,91,17298,0.0005097000976093113
12,92,17299,0.0009817678947001696
12,93,17300,0.0005880005192011595
12,94,17301,0.0013222177512943745
12,95,17302,0.00027484053862281144
12,96,17303,0.0005549096968024969
12,97,17304,0.0013934574089944363
12,98,17305,0.00037903207703493536
12,99,17306,0.025634460151195526
12,100,17307,0.0015854135854169726
12,101,17308,0.0007507400587201118
12,102,17309,0.000212521554203704
12,103,17310,0.03749068081378937
12,104,17311,0.0004095057665836066
12,105,17312,0.021043872460722923
12,106,17313,0.00038565785507671535
12,107,17314,0.000555628736037761
12,108,17315,0.012661741115152836
12,109,17316,0.0006255319458432496
12,110,17317,0.0004554737824946642
12,111,17318,0.006718656048178673
12,112,17319,0.025990057736635208
12,113,17320,0.00040226458804681897
12,114,17321,0.00845389999449253
12,115,17322,0.0005427926080301404
12,116,17323,0.003387345699593425
12,117,17324,0.0011452696053311229
12,118,17325,0.0010008866665884852
12,119,17326,0.026258492842316628
12,120,17327,0.0006433994276449084
12,121,17328,0.0007316013798117638
12,122,17329,0.0009660881478339434
12,123,17330,0.001202537678182125
12,124,17331,0.002773985266685486
12,125,17332,0.0009149312973022461
12,126,17333,0.00033113686367869377
12,127,17334,0.000656189804431051
12,128,17335,0.00466639781370759
12,129,17336,0.0014451247407123446
12,130,17337,0.0023693477269262075
12,131,17338,0.0010371545795351267
12,132,17339,0.001437178230844438
12,133,17340,0.00433591241016984
12,134,17341,0.0006973320269025862
12,135,17342,0.00032655277755111456
12,136,17343,0.09984607994556427
12,137,17344,0.00037367799086496234
12,138,17345,0.0020878484938293695
12,139,17346,0.0006170973065309227
12,140,17347,0.0005462252302095294
12,141,17348,0.0089854896068573
12,142,17349,0.0012803446734324098
12,143,17350,0.00036220214678905904
12,144,17351,0.0028221681714057922
12,145,17352,0.0006275342311710119
12,146,17353,0.0015198317123576999
12,147,17354,0.001063464442268014
12,148,17355,0.001004579127766192
12,149,17356,0.0012489983346313238
12,150,17357,0.002242920221760869
12,151,17358,0.004904594272375107
12,152,17359,0.012376601807773113
12,153,17360,0.0026972524356096983
12,154,17361,0.0012413202784955502
12,155,17362,0.0014605658361688256
12,156,17363,0.0006064458866603673
12,157,17364,0.020966125652194023
12,158,17365,0.024724304676055908
12,159,17366,0.0022509542759507895
12,160,17367,0.00017689917876850814
12,161,17368,0.004049425013363361
12,162,17369,0.16916246712207794
12,163,17370,0.0013755614636465907
12,164,17371,0.00042033669888041914
12,165,17372,0.0010542221134528518
12,166,17373,0.001756930025294423
12,167,17374,0.0016771177761256695
12,168,17375,0.00017850843141786754
12,169,17376,0.01627884805202484
12,170,17377,0.0005637261201627553
12,171,17378,0.00028791718068532646
12,172,17379,0.0005603564786724746
12,173,17380,0.0005313883884809911
12,174,17381,0.004953378811478615
12,175,17382,0.022336650639772415
12,176,17383,0.0007292836671695113
12,177,17384,0.0010960190556943417
12,178,17385,0.0009451000951230526
12,179,17386,0.0026826299726963043
12,180,17387,0.000328194466419518
12,181,17388,0.0006360965198837221
12,182,17389,0.0033778829965740442
12,183,17390,0.0006882032612338662
12,184,17391,0.0001973754115169868
12,185,17392,0.0006521960021927953
12,186,17393,0.0003126585215795785
12,187,17394,0.0016228628810495138
12,188,17395,0.00030335565679706633
12,189,17396,0.0005975409294478595
12,190,17397,0.010707015171647072
12,191,17398,0.0006567210075445473
12,192,17399,0.0001941478840308264
12,193,17400,0.00026697301655076444
12,194,17401,0.0026305806823074818
12,195,17402,0.0019340607104822993
12,196,17403,0.0011749325785785913
12,197,17404,0.00034556951140984893
12,198,17405,0.0011562115978449583
12,199,17406,0.0004093414463568479
12,200,17407,0.002497561741620302
12,201,17408,0.0010923381196334958
12,202,17409,0.00025017530424520373
12,203,17410,0.004110896494239569
12,204,17411,0.0015923480968922377
12,205,17412,0.04797833785414696
12,206,17413,0.0019409791566431522
12,207,17414,0.0004837783344555646
12,208,17415,0.0002211572282249108
12,209,17416,0.0005495196091942489
12,210,17417,0.0014248196966946125
12,211,17418,0.0007286303443834186
12,212,17419,0.02716086059808731
12,213,17420,0.002848200034350157
12,214,17421,0.0005008223233744502
12,215,17422,0.0014719630125910044
12,216,17423,0.0004910014686174691
12,217,17424,0.0011673540575429797
12,218,17425,0.000479541951790452
12,219,17426,0.0011728376848623157
12,220,17427,0.00024828396271914244
12,221,17428,0.007122441194951534
12,222,17429,0.0017560464330017567
12,223,17430,0.00030267759575508535
12,224,17431,0.0016923756338655949
12,225,17432,0.01081177033483982
12,226,17433,0.00047956808703020215
12,227,17434,0.00047598706441931427
12,228,17435,0.00042583688627928495
12,229,17436,0.0015942875761538744
12,230,17437,0.0007106818375177681
12,231,17438,0.0008435417548753321
12,232,17439,0.01973142847418785
12,233,17440,0.0013177661458030343
12,234,17441,0.00032291689421981573
12,235,17442,0.04082965478301048
12,236,17443,0.00648008706048131
12,237,17444,0.000965959916356951
12,238,17445,0.00041681004222482443
12,239,17446,0.05964482203125954
12,240,17447,0.034123074263334274
12,241,17448,0.0005847351858392358
12,242,17449,0.0013179867528378963
12,243,17450,0.0006903509492985904
12,244,17451,0.004679008387029171
12,245,17452,0.00046671071322634816
12,246,17453,0.0013231673510745168
12,247,17454,0.0409403033554554
12,248,17455,0.02581130526959896
12,249,17456,0.0020293148700147867
12,250,17457,0.0007005640072748065
12,251,17458,0.002047761809080839
12,252,17459,0.007569087203592062
12,253,17460,0.012211842462420464
12,254,17461,0.020165957510471344
12,255,17462,0.0018624513177201152
12,256,17463,0.0006304790149442852
12,257,17464,0.0045982361771166325
12,258,17465,0.0050338925793766975
12,259,17466,0.0034715060610324144
12,260,17467,0.003466278314590454
12,261,17468,0.0198160782456398
12,262,17469,0.0011827911948785186
12,263,17470,0.000725294987205416
12,264,17471,0.0025959983468055725
12,265,17472,0.008283133618533611
12,266,17473,0.00041799305472522974
12,267,17474,0.001333649386651814
12,268,17475,0.00042627903167158365
12,269,17476,0.002656390890479088
12,270,17477,0.0021447455510497093
12,271,17478,0.011583971790969372
12,272,17479,0.0019558302592486143
12,273,17480,0.0035399433691054583
12,274,17481,0.0007976759225130081
12,275,17482,0.0011793245794251561
12,276,17483,0.0010600663954392076
12,277,17484,0.0009654236491769552
12,278,17485,0.005389238242059946
12,279,17486,0.0008661855827085674
12,280,17487,0.0012800991535186768
12,281,17488,0.0006937019061297178
12,282,17489,0.003954592160880566
12,283,17490,0.0008967987960204482
12,284,17491,0.0004822279734071344
12,285,17492,0.0001806708169169724
12,286,17493,0.0005485582514666021
12,287,17494,0.0004193078784737736
12,288,17495,0.0004894082085229456
12,289,17496,0.0009618187905289233
12,290,17497,0.0007368986844085157
12,291,17498,0.0004739304422400892
12,292,17499,0.001244843122549355
12,293,17500,0.0017767883837223053
12,294,17501,0.00025361470761708915
12,295,17502,0.001665527350269258
12,296,17503,0.0012335664359852672
12,297,17504,9.101682371692732e-05
12,298,17505,0.019016830250620842
12,299,17506,0.0006142553756944835
12,300,17507,0.00108662701677531
12,301,17508,0.0031837087590247393
12,302,17509,0.0007287996122613549
12,303,17510,0.0035028073471039534
12,304,17511,0.000627477711532265
12,305,17512,0.0008671058458276093
12,306,17513,0.0006755110807716846
12,307,17514,0.0006673955940641463
12,308,17515,0.0007833526469767094
12,309,17516,0.007155199535191059
12,310,17517,0.00039331571315415204
12,311,17518,0.0009508898947387934
12,312,17519,0.0006680000224150717
12,313,17520,0.0005846398998983204
12,314,17521,0.0007317785057239234
12,315,17522,0.00022428414376918226
12,316,17523,0.0012123766355216503
12,317,17524,0.0004657672543544322
12,318,17525,0.043532226234674454
12,319,17526,0.0011797486804425716
12,320,17527,0.0008387720445170999
12,321,17528,0.002379063982516527
12,322,17529,0.0004710372886620462
12,323,17530,0.00039213598938658834
12,324,17531,0.0004657349782064557
12,325,17532,0.00027781978133134544
12,326,17533,0.0009573674178682268
12,327,17534,0.0009435927495360374
12,328,17535,0.0007807834190316498
12,329,17536,0.004321700427681208
12,330,17537,0.0003963556664530188
12,331,17538,0.0011396420886740088
12,332,17539,0.0003041370655409992
12,333,17540,0.003603290766477585
12,334,17541,0.0027770553715527058
12,335,17542,0.0006561895716004074
12,336,17543,0.00029173126677051187
12,337,17544,0.001651535858400166
12,338,17545,0.00046450860099866986
12,339,17546,0.0006353959324769676
12,340,17547,0.0009108810336329043
12,341,17548,0.0006582296337001026
12,342,17549,0.0003082584007643163
12,343,17550,0.00031485490035265684
12,344,17551,0.014069889672100544
12,345,17552,0.019384797662496567
12,346,17553,0.00042351632146164775
12,347,17554,0.0003614632587414235
12,348,17555,0.004914639517664909
12,349,17556,0.001087386510334909
12,350,17557,0.001165927853435278
12,351,17558,0.0006232377490960062
12,352,17559,0.00028397777350619435
12,353,17560,0.006597443949431181
12,354,17561,0.00022319788695313036
12,355,17562,0.000466948957182467
12,356,17563,0.0007840804173611104
12,357,17564,0.00878621730953455
12,358,17565,0.00042481039417907596
12,359,17566,0.0034469880629330873
12,360,17567,0.000521008507348597
12,361,17568,0.001242342870682478
12,362,17569,0.0004928465350531042
12,363,17570,0.0033650309778749943
12,364,17571,0.002142038894817233
12,365,17572,0.0020913071930408478
12,366,17573,0.0009611182613298297
12,367,17574,0.007990836165845394
12,368,17575,0.001662564929574728
12,369,17576,0.009616256691515446
12,370,17577,0.0002687948872335255
12,371,17578,0.04742109775543213
12,372,17579,0.0002546195755712688
12,373,17580,0.022157158702611923
12,374,17581,0.008540330454707146
12,375,17582,0.0033163318876177073
12,376,17583,0.0005068829632364213
12,377,17584,0.00036325748078525066
12,378,17585,0.002832411089912057
12,379,17586,0.0009045387851074338
12,380,17587,0.00046403403393924236
12,381,17588,0.0008354181773029268
12,382,17589,0.0016824419144541025
12,383,17590,0.032348331063985825
12,384,17591,0.0004552116442937404
12,385,17592,0.0027115782722830772
12,386,17593,0.0014458626974374056
12,387,17594,0.000483267183881253
12,388,17595,0.0012387261958792806
12,389,17596,0.00016040111950132996
12,390,17597,0.002668948145583272
12,391,17598,0.001678933622315526
12,392,17599,0.0016055997693911195
12,393,17600,0.026096366345882416
12,394,17601,0.00516260601580143
12,395,17602,0.0005815695039927959
12,396,17603,0.016970712691545486
12,397,17604,0.0029154792428016663
12,398,17605,0.0010554472682997584
12,399,17606,0.028175009414553642
12,400,17607,0.0001973742328118533
12,401,17608,0.0005923441494815052
12,402,17609,0.00045978990965522826
12,403,17610,0.00039792925235815346
12,404,17611,0.0016832546098157763
12,405,17612,0.0003718007355928421
12,406,17613,0.0017181505681946874
12,407,17614,0.0006497551221400499
12,408,17615,0.00085130037041381
12,409,17616,0.0006534089334309101
12,410,17617,0.0459962897002697
12,411,17618,0.014370321296155453
12,412,17619,0.0019394896226003766
12,413,17620,0.008180437609553337
12,414,17621,0.0005012234323658049
12,415,17622,0.0008666002540849149
12,416,17623,0.0014695095596835017
12,417,17624,0.0006066296482458711
12,418,17625,0.0010191751644015312
12,419,17626,0.001838494325056672
12,420,17627,0.008509603329002857
12,421,17628,0.002553721657022834
12,422,17629,0.00041231009527109563
12,423,17630,0.007085366174578667
12,424,17631,0.0032263232860714197
12,425,17632,0.017336955294013023
12,426,17633,0.013134392909705639
12,427,17634,0.006518666632473469
12,428,17635,0.0011371641885489225
12,429,17636,0.0011009534355252981
12,430,17637,0.0020724590867757797
12,431,17638,0.0013701397692784667
12,432,17639,0.0034763875883072615
12,433,17640,0.0003010396030731499
12,434,17641,0.0005546045722439885
12,435,17642,0.000360626436304301
12,436,17643,0.00027376928483136
12,437,17644,0.0005127947661094368
12,438,17645,0.00039874977665022016
12,439,17646,0.0031093726865947247
12,440,17647,0.00024429691256955266
12,441,17648,0.0003764548455365002
12,442,17649,0.0004322320455685258
12,443,17650,0.00014587430632673204
12,444,17651,0.00043944409117102623
12,445,17652,0.0032123164273798466
12,446,17653,0.0011804874520748854
12,447,17654,0.009211212396621704
12,448,17655,0.0006401418359018862
12,449,17656,0.04179106652736664
12,450,17657,0.0033122762106359005
12,451,17658,0.00024991249665617943
12,452,17659,0.0023667369969189167
12,453,17660,0.0007245501619763672
12,454,17661,0.0009016070980578661
12,455,17662,0.0007357893045991659
12,456,17663,0.03607485443353653
12,457,17664,0.0013380177551880479
12,458,17665,0.0005008169682696462
12,459,17666,0.0006255650660023093
12,460,17667,0.0022152455057948828
12,461,17668,0.0014053122140467167
12,462,17669,0.0007518409984186292
12,463,17670,0.019899999722838402
12,464,17671,0.004222234711050987
12,465,17672,0.0008763453806750476
12,466,17673,0.0010238621616736054
12,467,17674,0.0021410041954368353
12,468,17675,0.004388038069009781
12,469,17676,0.0009727021679282188
12,470,17677,0.00035682544694282115
12,471,17678,0.006256905384361744
12,472,17679,0.0008942231652326882
12,473,17680,0.017796149477362633
12,474,17681,0.006740241777151823
12,475,17682,0.0004044898087158799
12,476,17683,0.0021674290765076876
12,477,17684,0.0007715942338109016
12,478,17685,0.003258471842855215
12,479,17686,0.0006894046673551202
12,480,17687,0.000710909313056618
12,481,17688,0.00141751894261688
12,482,17689,0.0021222822833806276
12,483,17690,0.0009279900696128607
12,484,17691,0.0003872672386933118
12,485,17692,0.0007120502996258438
12,486,17693,0.0013393318513408303
12,487,17694,0.0051692575216293335
12,488,17695,0.017135150730609894
12,489,17696,0.00017046122229658067
12,490,17697,0.0007789667579345405
12,491,17698,0.00029803538927808404
12,492,17699,0.006489618681371212
12,493,17700,0.000903467764146626
12,494,17701,0.0009473068057559431
12,495,17702,0.0003375462838448584
12,496,17703,0.001482756924815476
12,497,17704,0.000980200944468379
12,498,17705,0.005481904838234186
12,499,17706,0.0022334575187414885
12,500,17707,0.0004136999195907265
12,501,17708,0.000719283299986273
12,502,17709,0.0011714743450284004
12,503,17710,0.0006444311002269387
12,504,17711,0.0026410818099975586
12,505,17712,0.016449812799692154
12,506,17713,0.0007637712988071144
12,507,17714,0.0003984849026892334
12,508,17715,0.000600054394453764
12,509,17716,0.0007988014258444309
12,510,17717,0.00044683789019472897
12,511,17718,0.0004111848829779774
12,512,17719,0.0006653765449300408
12,513,17720,0.02028750069439411
12,514,17721,0.05911063775420189
12,515,17722,0.001711969613097608
12,516,17723,0.00040294142672792077
12,517,17724,0.0007044312660582364
12,518,17725,0.00027556970599107444
12,519,17726,0.0004740407457575202
12,520,17727,0.0001211533453897573
12,521,17728,0.0007057642797008157
12,522,17729,0.001054412336088717
12,523,17730,0.0006495017441920936
12,524,17731,0.0005865616258233786
12,525,17732,0.016588957980275154
12,526,17733,0.0011492457706481218
12,527,17734,0.00022368667123373598
12,528,17735,0.0024394223000854254
12,529,17736,0.00158016721252352
12,530,17737,0.0005764892557635903
12,531,17738,0.00034365736064501107
12,532,17739,0.00021326694695744663
12,533,17740,0.03755659982562065
12,534,17741,0.004611712880432606
12,535,17742,0.0006576766027137637
12,536,17743,0.0005363317322917283
12,537,17744,0.0031154965981841087
12,538,17745,0.002770882798358798
12,539,17746,0.0011003069812431931
12,540,17747,0.0003585201338864863
12,541,17748,0.0002361587103223428
12,542,17749,0.005538837052881718
12,543,17750,0.00037794598028995097
12,544,17751,0.007861494086682796
12,545,17752,0.034387703984975815
12,546,17753,0.0006317811203189194
12,547,17754,0.0003838509728666395
12,548,17755,0.0006246393313631415
12,549,17756,0.0012015760876238346
12,550,17757,0.01113450713455677
12,551,17758,0.0004596049548126757
12,552,17759,0.0007479599444195628
12,553,17760,0.0025029403623193502
12,554,17761,0.002944876905530691
12,555,17762,0.001025295234285295
12,556,17763,0.000917758559808135
12,557,17764,0.001091001438908279
12,558,17765,0.00506638502702117
12,559,17766,0.0002125301689375192
12,560,17767,0.00028319895500317216
12,561,17768,0.0008052386692725122
12,562,17769,0.0020324683282524347
12,563,17770,0.030383054167032242
12,564,17771,0.0006260718801058829
12,565,17772,0.0015823784051463008
12,566,17773,0.0007447715033777058
12,567,17774,0.0021857398096472025
12,568,17775,0.004554869141429663
12,569,17776,0.0002488494210410863
12,570,17777,0.008037061430513859
12,571,17778,0.0010718213161453605
12,572,17779,0.0006299836095422506
12,573,17780,0.00270916149020195
12,574,17781,0.0008343355730175972
12,575,17782,0.0016625705175101757
12,576,17783,0.0006079107988625765
12,577,17784,0.001179547980427742
12,578,17785,0.0011626784689724445
12,579,17786,0.005256110802292824
12,580,17787,0.0029129546601325274
12,581,17788,0.000856754370033741
12,582,17789,0.0032444151584059
12,583,17790,0.0024535616394132376
12,584,17791,0.0007888120599091053
12,585,17792,0.0008355879108421504
12,586,17793,0.0013875406002625823
12,587,17794,0.000489806174300611
12,588,17795,0.0004670182825066149
12,589,17796,0.00042920385021716356
12,590,17797,0.00031729525653645396
12,591,17798,0.0014953153440728784
12,592,17799,0.001200418104417622
12,593,17800,0.00028167382697574794
12,594,17801,0.0018954919651150703
12,595,17802,0.0008381889783777297
12,596,17803,0.004408171400427818
12,597,17804,0.0023173585068434477
12,598,17805,0.0003549548564478755
12,599,17806,0.00023511848121415824
12,600,17807,0.0004618977545760572
12,601,17808,0.016297921538352966
12,602,17809,0.00032292999094352126
12,603,17810,0.0003535067953635007
12,604,17811,0.0027819767128676176
12,605,17812,0.0004156554932706058
12,606,17813,0.000842854380607605
12,607,17814,0.001376819214783609
12,608,17815,0.005633148830384016
12,609,17816,0.000467742036562413
12,610,17817,0.027082117274403572
12,611,17818,0.0010331692174077034
12,612,17819,0.00041150260949507356
12,613,17820,0.00013167205906938761
12,614,17821,0.0003033816465176642
12,615,17822,0.00039849980385042727
12,616,17823,0.03332136943936348
12,617,17824,0.00048522400902584195
12,618,17825,0.0002570273936726153
12,619,17826,0.0022569261491298676
12,620,17827,0.0007152174366638064
12,621,17828,0.0012746119173243642
12,622,17829,0.0017439948860555887
12,623,17830,0.0004653671057894826
12,624,17831,0.0004979393561370671
12,625,17832,0.00042013981146737933
12,626,17833,0.0026202842127531767
12,627,17834,0.0004968001157976687
12,628,17835,0.0021314083132892847
12,629,17836,0.0017763283103704453
12,630,17837,0.011631568893790245
12,631,17838,0.0016862258780747652
12,632,17839,0.0018535587005317211
12,633,17840,0.0007423851639032364
12,634,17841,0.0028594352770596743
12,635,17842,0.00034580472856760025
12,636,17843,0.0021858112886548042
12,637,17844,0.00017752400890458375
12,638,17845,0.0002392824098933488
12,639,17846,0.0019089968409389257
12,640,17847,0.0001201252598548308
12,641,17848,0.0003587527899071574
12,642,17849,0.001688922056928277
12,643,17850,0.006282983813434839
12,644,17851,0.0005688435630872846
12,645,17852,0.00019179063383489847
12,646,17853,0.0002679671160876751
12,647,17854,0.03832821547985077
12,648,17855,0.0003071750688832253
12,649,17856,0.0003428734198678285
12,650,17857,0.0008981378050521016
12,651,17858,0.0008721970370970666
12,652,17859,0.0010727004846557975
12,653,17860,0.008565790019929409
12,654,17861,0.00023501897521782666
12,655,17862,0.0005125614698044956
12,656,17863,0.00039329411811195314
12,657,17864,0.003031647764146328
12,658,17865,0.0005618458962999284
12,659,17866,0.0005198371363803744
12,660,17867,0.006186421029269695
12,661,17868,0.00039055230445228517
12,662,17869,0.0004958252538926899
12,663,17870,0.000753055268432945
12,664,17871,0.0004965990665368736
12,665,17872,0.0030486618634313345
12,666,17873,0.0018240533536300063
12,667,17874,0.00025078028556890786
12,668,17875,0.0009007751359604299
12,669,17876,0.00030204016366042197
12,670,17877,0.0003683537943288684
12,671,17878,0.0009464792674407363
12,672,17879,0.0037326591555029154
12,673,17880,0.0005601609009318054
12,674,17881,0.004052845295518637
12,675,17882,0.0006519672460854053
12,676,17883,0.016728101298213005
12,677,17884,0.0003507446381263435
12,678,17885,0.0007559008081443608
12,679,17886,0.00023941425024531782
12,680,17887,0.002590659772977233
12,681,17888,0.0003626733960118145
12,682,17889,0.00043581746285781264
12,683,17890,0.014870207756757736
12,684,17891,0.00030233702273108065
12,685,17892,0.00021702739468310028
12,686,17893,0.0017168867634609342
12,687,17894,0.048265278339385986
12,688,17895,0.0004036093014292419
12,689,17896,0.0005410108715295792
12,690,17897,0.0006297737127169967
12,691,17898,0.0009299792582169175
12,692,17899,0.0005135216051712632
12,693,17900,0.00016123564273584634
12,694,17901,0.0019767610356211662
12,695,17902,0.00034508437965996563
12,696,17903,0.0012703511165454984
12,697,17904,0.00032811518758535385
12,698,17905,0.00041887833504006267
12,699,17906,0.0004932162701152265
12,700,17907,0.00047749359509907663
12,701,17908,0.0005981376161798835
12,702,17909,0.0005645551136694849
12,703,17910,0.000902545521967113
12,704,17911,0.001037077745422721
12,705,17912,0.0006806568708270788
12,706,17913,0.0006106839282438159
12,707,17914,0.057726167142391205
12,708,17915,0.00045095098903402686
12,709,17916,0.0005529423360712826
12,710,17917,0.0005155134131200612
12,711,17918,0.0007529908325523138
12,712,17919,0.0004032230353914201
12,713,17920,0.0031975777819752693
12,714,17921,0.0005885966820642352
12,715,17922,0.0008573425002396107
12,716,17923,0.010439231060445309
12,717,17924,0.004155308939516544
12,718,17925,0.0012680902145802975
12,719,17926,0.00016680706175975502
12,720,17927,0.000823873677290976
12,721,17928,0.00025722591090016067
12,722,17929,0.00036983442259952426
12,723,17930,0.0014284115750342607
12,724,17931,0.001955403946340084
12,725,17932,0.0017861766973510385
12,726,17933,0.0006345778820104897
12,727,17934,0.00046880068839527667
12,728,17935,0.0004247346369083971
12,729,17936,0.011300202459096909
12,730,17937,0.0003055696142837405
12,731,17938,0.01812055893242359
12,732,17939,0.000903648673556745
12,733,17940,0.000827852520160377
12,734,17941,0.0016429767711088061
12,735,17942,0.00037294666981324553
12,736,17943,0.00541516812518239
12,737,17944,0.05130191519856453
12,738,17945,0.0002968468761537224
12,739,17946,0.0005379695212468505
12,740,17947,0.003250136272981763
12,741,17948,0.007034648209810257
12,742,17949,0.0004016796010546386
12,743,17950,0.0008979124249890447
12,744,17951,0.01555978786200285
12,745,17952,0.001676378888078034
12,746,17953,0.0008763645309954882
12,747,17954,0.0012140808394178748
12,748,17955,0.0002479557297192514
12,749,17956,0.00034681183751672506
12,750,17957,0.001822444493882358
12,751,17958,0.0069275228306651115
12,752,17959,0.00019399602024350315
12,753,17960,0.0016113282181322575
12,754,17961,0.0007854020805098116
12,755,17962,0.010666273534297943
12,756,17963,7.588307926198468e-05
12,757,17964,0.003080320544540882
12,758,17965,0.0033497933764010668
12,759,17966,0.002152202418074012
12,760,17967,0.008897356688976288
12,761,17968,0.0005172222736291587
12,762,17969,0.0002747114922385663
12,763,17970,0.00327785755507648
12,764,17971,0.00024136352294590324
12,765,17972,0.00022586483100894839
12,766,17973,0.0038345379289239645
12,767,17974,0.0002935255179181695
12,768,17975,0.00039270619163289666
12,769,17976,0.008646239526569843
12,770,17977,0.0004966773558408022
12,771,17978,0.00034029409289360046
12,772,17979,0.008081133477389812
12,773,17980,0.000938093289732933
12,774,17981,0.0010278867557644844
12,775,17982,0.0003230843576602638
12,776,17983,0.0004861558845732361
12,777,17984,0.0009637569892220199
12,778,17985,0.0009409942431375384
12,779,17986,0.0004470967687666416
12,780,17987,0.0007320136646740139
12,781,17988,0.0018568388186395168
12,782,17989,0.0020621521398425102
12,783,17990,0.000484808610053733
12,784,17991,0.00033603576594032347
12,785,17992,0.001954239560291171
12,786,17993,0.0049642836675047874
12,787,17994,0.000190870399819687
12,788,17995,0.004442708101123571
12,789,17996,0.001730501651763916
12,790,17997,0.0020576519891619682
12,791,17998,0.00036024535074830055
12,792,17999,0.0008279573521576822
12,793,18000,0.000337346427841112
12,794,18001,0.0005597382551059127
12,795,18002,0.0007108104764483869
12,796,18003,0.0004815856518689543
12,797,18004,0.0003504182677716017
12,798,18005,0.004639468155801296
12,799,18006,0.0003553430433385074
12,800,18007,0.0009756533545441926
12,801,18008,0.0003167102695442736
12,802,18009,0.0011971063213422894
12,803,18010,0.00272692134603858
12,804,18011,0.0003133082645945251
12,805,18012,0.0003431454533711076
12,806,18013,0.0002847433788701892
12,807,18014,0.0002272405254188925
12,808,18015,0.027797576040029526
12,809,18016,0.0004432235436979681
12,810,18017,0.00033433354110457003
12,811,18018,0.00019912990683224052
12,812,18019,0.00019927817629650235
12,813,18020,0.0002511650091037154
12,814,18021,0.010531227104365826
12,815,18022,0.00012694553879555315
12,816,18023,0.0002649696543812752
12,817,18024,0.0003826012834906578
12,818,18025,0.0003376690438017249
12,819,18026,0.00019283282745163888
12,820,18027,0.0003967871598433703
12,821,18028,0.0002825359988491982
12,822,18029,0.0004214021610096097
12,823,18030,0.0006926555070094764
12,824,18031,0.00034719877294264734
12,825,18032,0.0017090227920562029
12,826,18033,0.0018446658505126834
12,827,18034,0.00024040645803324878
12,828,18035,0.05812962353229523
12,829,18036,0.0004661210114136338
12,830,18037,0.000252951227594167
12,831,18038,0.00234667444601655
12,832,18039,0.0026367774698883295
12,833,18040,0.0004923113156110048
12,834,18041,0.0001685295719653368
12,835,18042,0.013947486877441406
12,836,18043,0.0006187477265484631
12,837,18044,0.0003800932317972183
12,838,18045,0.00048614799743518233
12,839,18046,0.0004394110292196274
12,840,18047,0.0003840775170829147
12,841,18048,0.005242722574621439
12,842,18049,0.00129265699069947
12,843,18050,0.001189780537970364
12,844,18051,0.0009392574429512024
12,845,18052,0.0003620948700699955
12,846,18053,0.000335382908815518
12,847,18054,0.006828131154179573
12,848,18055,0.000229560726438649
12,849,18056,0.0004368642985355109
12,850,18057,0.0004206217417959124
12,851,18058,0.0013773019891232252
12,852,18059,0.0004712211957667023
12,853,18060,0.0002599505824036896
12,854,18061,0.0002196471468778327
12,855,18062,0.00024486781330779195
12,856,18063,0.005410749465227127
12,857,18064,0.0005659356247633696
12,858,18065,0.0003093632112722844
12,859,18066,0.0004223894502501935
12,860,18067,0.00023806527315173298
12,861,18068,0.0009740740060806274
12,862,18069,0.0003078113659285009
12,863,18070,0.0010338055435568094
12,864,18071,0.00035846911487169564
12,865,18072,0.00023607876210007817
12,866,18073,0.002259671688079834
12,867,18074,0.00045641176984645426
12,868,18075,0.0024303155951201916
12,869,18076,0.003077987115830183
12,870,18077,0.0008886466384865344
12,871,18078,0.00046986370580270886
12,872,18079,0.08147085458040237
12,873,18080,0.01062950398772955
12,874,18081,0.001807069987989962
12,875,18082,0.0007059620111249387
12,876,18083,0.0019163916585966945
12,877,18084,0.0034638014622032642
12,878,18085,0.0007929038838483393
12,879,18086,0.0005938039976172149
12,880,18087,0.00043302722042426467
12,881,18088,0.026795299723744392
12,882,18089,0.03831842169165611
12,883,18090,0.00115888228174299
12,884,18091,0.0007083826349116862
12,885,18092,0.0005563314771279693
12,886,18093,0.004228828474879265
12,887,18094,0.0009386992896907032
12,888,18095,0.0015419779811054468
12,889,18096,0.0015602062921971083
12,890,18097,0.0012770865578204393
12,891,18098,0.0017766914097592235
12,892,18099,0.002047023270279169
12,893,18100,0.0007043160148896277
12,894,18101,0.0004008896939922124
12,895,18102,0.010990150272846222
12,896,18103,0.0012038297718390822
12,897,18104,0.01353620458394289
12,898,18105,0.012525131925940514
12,899,18106,0.0007603767444379628
12,900,18107,0.009172551333904266
12,901,18108,0.0002457042573951185
12,902,18109,0.010743647813796997
12,903,18110,0.0007361688185483217
12,904,18111,0.0007070534047670662
12,905,18112,0.0008649936062283814
12,906,18113,0.0005321330390870571
12,907,18114,0.0010228047613054514
12,908,18115,0.0007041917997412384
12,909,18116,0.0025890222750604153
12,910,18117,0.00038574618520215154
12,911,18118,0.0003089744714088738
12,912,18119,0.0015472228405997157
12,913,18120,0.00041358344606123865
12,914,18121,0.0006353715434670448
12,915,18122,0.0011399289360269904
12,916,18123,0.00046039395965635777
12,917,18124,0.0002917724195867777
12,918,18125,0.0004802295588888228
12,919,18126,0.00027848954778164625
12,920,18127,0.049757279455661774
12,921,18128,0.001117968000471592
12,922,18129,0.0015604437794536352
12,923,18130,0.002557371510192752
12,924,18131,0.002801534254103899
12,925,18132,0.0007310007349587977
12,926,18133,0.0017898115329444408
12,927,18134,0.00016042553761508316
12,928,18135,0.00032249841024167836
12,929,18136,0.0005600048461928964
12,930,18137,0.0007001056801527739
12,931,18138,0.0009377753012813628
12,932,18139,0.0011141110444441438
12,933,18140,0.0012462757294997573
12,934,18141,0.00035582779673859477
12,935,18142,0.00029644009191542864
12,936,18143,0.0016499991761520505
12,937,18144,0.0002713763969950378
12,938,18145,0.0026180539280176163
12,939,18146,0.0007126256823539734
12,940,18147,0.00037374775274656713
12,941,18148,0.0018954337574541569
12,942,18149,0.02634771354496479
12,943,18150,0.00065167824504897
12,944,18151,0.0008941714186221361
12,945,18152,0.0005770158022642136
12,946,18153,0.0007294461829587817
12,947,18154,0.0011127282632514834
12,948,18155,0.03135079890489578
12,949,18156,0.00048198914737440646
12,950,18157,0.0030707335099577904
12,951,18158,0.00032530579483136535
12,952,18159,0.0021702072117477655
12,953,18160,0.0005003807600587606
12,954,18161,0.0004733674868475646
12,955,18162,9.645930549595505e-05
12,956,18163,0.00018786537111736834
12,957,18164,0.0004141969548072666
12,958,18165,0.004595538601279259
12,959,18166,0.0019871587865054607
12,960,18167,0.0007538182544521987
12,961,18168,0.011485167779028416
12,962,18169,0.0015778488013893366
12,963,18170,0.00024225315428338945
12,964,18171,0.00032158748945221305
12,965,18172,0.00051769899437204
12,966,18173,0.00017357357137370855
12,967,18174,0.0003120280453003943
12,968,18175,0.0009435544488951564
12,969,18176,0.0006599885527975857
12,970,18177,0.000621024752035737
12,971,18178,0.001434723031707108
12,972,18179,0.033731233328580856
12,973,18180,0.0007336998824030161
12,974,18181,0.0009582228376530111
12,975,18182,0.0004237157409079373
12,976,18183,0.00030566268833354115
12,977,18184,0.0010353324469178915
12,978,18185,0.0008175231632776558
12,979,18186,0.04488788917660713
12,980,18187,0.0024106791242957115
12,981,18188,0.0022825829219073057
12,982,18189,0.0006620029453188181
12,983,18190,0.0005830779555253685
12,984,18191,0.002930924529209733
12,985,18192,0.00323927472345531
12,986,18193,0.00041525482083670795
12,987,18194,0.0008561245049349964
12,988,18195,0.00022130885918159038
12,989,18196,0.00032302187173627317
12,990,18197,0.007101817522197962
12,991,18198,0.000490960490424186
12,992,18199,0.00028172749443911016
12,993,18200,0.001382049871608615
12,994,18201,0.0020354664884507656
12,995,18202,0.00045807287096977234
12,996,18203,0.03001006878912449
12,997,18204,0.0006762140546925366
12,998,18205,0.00012618234904948622
12,999,18206,0.018489597365260124
12,1000,18207,0.00014796663890592754
12,1001,18208,0.000153762535774149
12,1002,18209,0.000249853590503335
12,1003,18210,0.0012010025093331933
12,1004,18211,0.016195571050047874
12,1005,18212,0.0005577493575401604
12,1006,18213,0.0004508444108068943
12,1007,18214,0.0004390983667690307
12,1008,18215,0.0003679163637571037
12,1009,18216,0.001828779000788927
12,1010,18217,0.0002691475674510002
12,1011,18218,0.00034870542003773153
12,1012,18219,0.0023282126057893038
12,1013,18220,0.0018176044104620814
12,1014,18221,0.0003210949362255633
12,1015,18222,0.0015644290251657367
12,1016,18223,0.006486351136118174
12,1017,18224,0.0031381305307149887
12,1018,18225,0.0008545203600078821
12,1019,18226,0.0009233752498403192
12,1020,18227,0.005565844941884279
12,1021,18228,0.00036552140954881907
12,1022,18229,0.0002696415176615119
12,1023,18230,0.007951214909553528
12,1024,18231,0.00019212852930650115
12,1025,18232,0.0002018045197473839
12,1026,18233,0.03927772864699364
12,1027,18234,0.002604618202894926
12,1028,18235,0.0005767616676166654
12,1029,18236,0.0005966267199255526
12,1030,18237,0.006585416849702597
12,1031,18238,0.00035628722980618477
12,1032,18239,0.0001780824677553028
12,1033,18240,0.00037482340121641755
12,1034,18241,0.0008203862234950066
12,1035,18242,0.0017098796088248491
12,1036,18243,0.013652171939611435
12,1037,18244,0.0004768227518070489
12,1038,18245,0.000438953546108678
12,1039,18246,0.0005538907716982067
12,1040,18247,0.0003398702829144895
12,1041,18248,0.001366746611893177
12,1042,18249,0.0030714620370417833
12,1043,18250,0.0014458829537034035
12,1044,18251,0.0007645313744433224
12,1045,18252,0.0017931167967617512
12,1046,18253,0.0005498573882505298
12,1047,18254,0.0007216762751340866
12,1048,18255,0.0008940659463405609
12,1049,18256,0.0010796375572681427
12,1050,18257,0.0005626262282021344
12,1051,18258,0.0029883072711527348
12,1052,18259,0.0008363837259821594
12,1053,18260,0.00045661182957701385
12,1054,18261,0.014541980810463428
12,1055,18262,0.0008795942994765937
12,1056,18263,0.0003138172614853829
12,1057,18264,0.0054945810697972775
12,1058,18265,0.005219091195613146
12,1059,18266,0.0001732098317006603
12,1060,18267,0.005469402763992548
12,1061,18268,0.0012851516949012876
12,1062,18269,0.0005124107119627297
12,1063,18270,0.0003671207232400775
12,1064,18271,0.0001506463740952313
12,1065,18272,0.009643005207180977
12,1066,18273,0.015665175393223763
12,1067,18274,0.00044670593342743814
12,1068,18275,0.0003859732241835445
12,1069,18276,0.0006117727025412023
12,1070,18277,0.0002721566124819219
12,1071,18278,0.000240126479184255
12,1072,18279,0.00047146802535280585
12,1073,18280,0.0207635760307312
12,1074,18281,0.01565713994204998
12,1075,18282,0.004414638504385948
12,1076,18283,0.0003384931478649378
12,1077,18284,0.02545897290110588
12,1078,18285,0.005151752848178148
12,1079,18286,0.0004990250454284251
12,1080,18287,0.0001251010107807815
12,1081,18288,0.000443304335931316
12,1082,18289,0.0029325878713279963
12,1083,18290,0.0549372062087059
12,1084,18291,0.00012817731476388872
12,1085,18292,0.0003872985835187137
12,1086,18293,0.009155290201306343
12,1087,18294,0.00034772054641507566
12,1088,18295,0.00032092814217321575
12,1089,18296,0.0008771318825893104
12,1090,18297,0.026499081403017044
12,1091,18298,0.0010050077689811587
12,1092,18299,0.0006377064273692667
12,1093,18300,0.00046105237561278045
12,1094,18301,0.003580530174076557
12,1095,18302,0.015784628689289093
12,1096,18303,0.006903443485498428
12,1097,18304,0.0023962229024618864
12,1098,18305,0.04442160576581955
12,1099,18306,0.0012377791572362185
12,1100,18307,0.008028102107346058
12,1101,18308,0.0007686556782573462
12,1102,18309,0.0028395396657288074
12,1103,18310,0.0073505546897649765
12,1104,18311,0.00033049844205379486
12,1105,18312,0.0012356778606772423
12,1106,18313,0.0010037361644208431
12,1107,18314,0.0021896406542509794
12,1108,18315,0.0006109579117037356
12,1109,18316,0.0005834549083374441
12,1110,18317,0.00037844086182303727
12,1111,18318,0.0032346760854125023
12,1112,18319,0.0014686215436086059
12,1113,18320,0.00035636735265143216
12,1114,18321,0.0007762735476717353
12,1115,18322,0.0001471876894356683
12,1116,18323,0.00060742610367015
12,1117,18324,0.0004892933066003025
12,1118,18325,0.00036353550967760384
12,1119,18326,0.00039656413719058037
12,1120,18327,0.060907501727342606
12,1121,18328,0.0003817112010437995
12,1122,18329,0.000280070147709921
12,1123,18330,0.0004298582789488137
12,1124,18331,0.0001734891557134688
12,1125,18332,0.001045180018991232
12,1126,18333,0.0018878107657656074
12,1127,18334,0.009815585799515247
12,1128,18335,0.0005827097920700908
12,1129,18336,0.0007865469087846577
12,1130,18337,0.0003686486161313951
12,1131,18338,0.0001631085033295676
12,1132,18339,0.0004955029580742121
12,1133,18340,0.0004359227023087442
12,1134,18341,0.000345393898896873
12,1135,18342,0.026519225910305977
12,1136,18343,0.0036950181238353252
12,1137,18344,0.0006066219648346305
12,1138,18345,0.00029075960628688335
12,1139,18346,0.0009939754381775856
12,1140,18347,0.0006227006670087576
12,1141,18348,0.00023632054217159748
12,1142,18349,0.0023873376194387674
12,1143,18350,0.0071635558269917965
12,1144,18351,0.0003122857597190887
12,1145,18352,0.0004164940328337252
12,1146,18353,0.0011948177125304937
12,1147,18354,0.00029903376707807183
12,1148,18355,0.013466588221490383
12,1149,18356,0.00024386342556681484
12,1150,18357,0.0005797045887447894
12,1151,18358,0.00039076435496099293
12,1152,18359,0.0005136069958098233
12,1153,18360,0.0033702210057526827
12,1154,18361,0.0008120094425976276
12,1155,18362,0.00014767276297789067
12,1156,18363,0.0004786018980666995
12,1157,18364,0.0036729760468006134
12,1158,18365,0.0007370566017925739
12,1159,18366,0.0005961153656244278
12,1160,18367,6.948363443370908e-05
12,1161,18368,0.00038733973633497953
12,1162,18369,0.0025207209400832653
12,1163,18370,0.000367907399777323
12,1164,18371,0.0003554442955646664
12,1165,18372,0.019479604437947273
12,1166,18373,0.004139047581702471
12,1167,18374,0.0001804846979212016
12,1168,18375,0.00014013676263857633
12,1169,18376,0.0006371217896230519
12,1170,18377,0.0004183472483418882
12,1171,18378,0.011653290130198002
12,1172,18379,0.0007042957586236298
12,1173,18380,0.00031096505699679255
12,1174,18381,0.0006245840340852737
12,1175,18382,0.00034607260022312403
12,1176,18383,0.0004167409206274897
12,1177,18384,0.029102789238095284
12,1178,18385,0.0014170848298817873
12,1179,18386,0.00036981794983148575
12,1180,18387,0.00037533268914557993
12,1181,18388,0.00031055754516273737
12,1182,18389,0.0005223337793722749
12,1183,18390,0.0002526241587474942
12,1184,18391,0.0009432583465240896
12,1185,18392,0.0010575858177617192
12,1186,18393,0.00018752914911601692
12,1187,18394,0.0035494344774633646
12,1188,18395,0.004242891911417246
12,1189,18396,0.0009881147416308522
12,1190,18397,0.00022173240722622722
12,1191,18398,0.006861644331365824
12,1192,18399,0.00012474926188588142
12,1193,18400,0.0001906692050397396
12,1194,18401,0.0016238748794421554
12,1195,18402,0.00043815068784169853
12,1196,18403,0.0006469545187428594
12,1197,18404,0.0007746518240310252
12,1198,18405,0.00038762870826758444
12,1199,18406,0.00022377514687832445
12,1200,18407,0.002120420802384615
12,1201,18408,0.0003005505132023245
12,1202,18409,0.0012589498655870557
12,1203,18410,0.0002995715185534209
12,1204,18411,0.0042062303982675076
12,1205,18412,0.0006115232245065272
12,1206,18413,0.0015498778084293008
12,1207,18414,0.001132426899857819
12,1208,18415,0.00016373473044950515
12,1209,18416,0.00013960701471660286
12,1210,18417,0.004748869687318802
12,1211,18418,0.0005208983202464879
12,1212,18419,0.0003431016521062702
12,1213,18420,0.0012709865113720298
12,1214,18421,0.000389802735298872
12,1215,18422,0.0006242473027668893
12,1216,18423,0.0011809468269348145
12,1217,18424,0.00027417109231464565
12,1218,18425,0.0002038816746789962
12,1219,18426,0.00041933314059861004
12,1220,18427,0.00022332105436362326
12,1221,18428,0.01217733882367611
12,1222,18429,0.00024598761228844523
12,1223,18430,0.0002047023008344695
12,1224,18431,0.0005153183592483401
12,1225,18432,0.0003012187371496111
12,1226,18433,0.0002704340440686792
12,1227,18434,0.047161299735307693
12,1228,18435,0.00026661870651878417
12,1229,18436,0.0002620871819090098
12,1230,18437,0.014156087301671505
12,1231,18438,0.0012181532802060246
12,1232,18439,0.00038411287823691964
12,1233,18440,0.0017063561826944351
12,1234,18441,0.00042088842019438744
12,1235,18442,0.0005612611421383917
12,1236,18443,0.0014187241904437542
12,1237,18444,0.0003779715916607529
12,1238,18445,0.03567696735262871
12,1239,18446,0.0011857866775244474
12,1240,18447,0.0018088155193254352
12,1241,18448,0.02687561698257923
12,1242,18449,0.000599093094933778
12,1243,18450,0.00017997495888266712
12,1244,18451,0.0009665336110629141
12,1245,18452,0.0024028285406529903
12,1246,18453,0.0004645032458938658
12,1247,18454,0.014307172037661076
12,1248,18455,0.0004918003687635064
12,1249,18456,0.000494114647153765
12,1250,18457,0.056129004806280136
12,1251,18458,0.0005898100207559764
12,1252,18459,0.0008007514989003539
12,1253,18460,0.007794149685651064
12,1254,18461,0.0006093677366152406
12,1255,18462,0.0010989675065502524
12,1256,18463,0.0008057361119426787
12,1257,18464,0.0005249680834822357
12,1258,18465,0.0003668038407340646
12,1259,18466,0.0040163095109164715
12,1260,18467,0.0022498604375869036
12,1261,18468,0.0006960383034311235
12,1262,18469,0.0004634968936443329
12,1263,18470,0.0006847144686616957
12,1264,18471,0.0009218533523380756
12,1265,18472,0.0034047274384647608
12,1266,18473,0.0002442937402520329
12,1267,18474,0.0030029078479856253
12,1268,18475,0.00045979113201610744
12,1269,18476,0.0002956253301817924
12,1270,18477,0.0011611325899139047
12,1271,18478,0.0005985593306832016
12,1272,18479,0.0013635759241878986
12,1273,18480,0.0018047975609079003
12,1274,18481,0.0003589325351640582
12,1275,18482,0.0003021356533281505
12,1276,18483,0.000415667484048754
12,1277,18484,0.0001733376266201958
12,1278,18485,0.00036951893707737327
12,1279,18486,0.00023495683853980154
12,1280,18487,0.000732370768673718
12,1281,18488,0.002858825959265232
12,1282,18489,0.001205679145641625
12,1283,18490,0.00033034392981790006
12,1284,18491,0.0005130044301040471
12,1285,18492,0.00030177869484759867
12,1286,18493,0.00031274676439352334
12,1287,18494,0.001206716406159103
12,1288,18495,0.017676569521427155
12,1289,18496,0.0007463990477845073
12,1290,18497,0.0007851443369872868
12,1291,18498,0.00124557432718575
12,1292,18499,0.003144320333376527
12,1293,18500,0.0013125998666509986
12,1294,18501,0.0015804286813363433
12,1295,18502,0.0004889551200903952
12,1296,18503,0.0005420641391538084
12,1297,18504,0.0006040822481736541
12,1298,18505,0.0008335725287906826
12,1299,18506,0.0005852928152307868
12,1300,18507,0.00038855013553984463
12,1301,18508,0.00029044190887361765
12,1302,18509,0.001056334818713367
12,1303,18510,0.022216415032744408
12,1304,18511,0.0006153277936391532
12,1305,18512,0.013047643937170506
12,1306,18513,0.0006826465833000839
12,1307,18514,0.0003886616905219853
12,1308,18515,0.00029308005468919873
12,1309,18516,0.0008996065007522702
12,1310,18517,0.0005667174700647593
12,1311,18518,0.001069352962076664
12,1312,18519,0.002307288581505418
12,1313,18520,0.0003827641485258937
12,1314,18521,0.0014759619953110814
12,1315,18522,0.025971461087465286
12,1316,18523,0.00047665409510955215
12,1317,18524,0.0035691342782229185
12,1318,18525,0.0008112404029816389
12,1319,18526,0.021366873756051064
12,1320,18527,0.0009301294921897352
12,1321,18528,0.0006125041982159019
12,1322,18529,0.0004903339431621134
12,1323,18530,0.00022136101324576885
12,1324,18531,0.005649043712764978
12,1325,18532,0.0008704334031790495
12,1326,18533,0.0003181607462465763
12,1327,18534,0.0008076746598817408
12,1328,18535,0.001570811029523611
12,1329,18536,0.0008330505806952715
12,1330,18537,0.00024108235083986074
12,1331,18538,0.0003418134874664247
12,1332,18539,0.0033359387889504433
12,1333,18540,0.0006999469478614628
12,1334,18541,0.0003337576927151531
12,1335,18542,0.0007116987835615873
12,1336,18543,0.00019394983246456832
12,1337,18544,0.0005467332084663212
12,1338,18545,0.00115445745177567
12,1339,18546,0.008855905383825302
12,1340,18547,0.00028550298884510994
12,1341,18548,0.0010849616955965757
12,1342,18549,0.018451930955052376
12,1343,18550,0.002146786777302623
12,1344,18551,0.00020191709336359054
12,1345,18552,0.005246320273727179
12,1346,18553,0.0006825187592767179
12,1347,18554,0.00023772094573359936
12,1348,18555,0.0019751505460590124
12,1349,18556,0.0024801543913781643
12,1350,18557,0.00039860254037193954
12,1351,18558,0.00025224967976100743
12,1352,18559,0.002098253695294261
12,1353,18560,0.0008040113607421517
12,1354,18561,0.0004021866188850254
12,1355,18562,0.0006899214349687099
12,1356,18563,0.0003059667651541531
12,1357,18564,0.000380141893401742
12,1358,18565,0.004931142553687096
12,1359,18566,0.0002538967237342149
12,1360,18567,0.0003448441275395453
12,1361,18568,0.0002825777337420732
12,1362,18569,0.016897914931178093
12,1363,18570,0.0003958827874157578
12,1364,18571,0.0012072459794580936
12,1365,18572,0.0012128709349781275
12,1366,18573,0.000522006768733263
12,1367,18574,0.0004297715495340526
12,1368,18575,0.0012260721996426582
12,1369,18576,0.0006976677686907351
12,1370,18577,0.00031783271697349846
12,1371,18578,0.0055123078636825085
12,1372,18579,0.0012389161856845021
12,1373,18580,0.0003285679267719388
12,1374,18581,0.0005589131033048034
12,1375,18582,0.001590557279996574
12,1376,18583,0.00028603326063603163
12,1377,18584,0.00016089201380964369
12,1378,18585,0.00016105498070828617
12,1379,18586,0.00025479268515482545
12,1380,18587,0.0003195680910721421
12,1381,18588,0.00017973741341847926
12,1382,18589,0.000353148760041222
12,1383,18590,0.00018525574705563486
12,1384,18591,0.0023295662831515074
12,1385,18592,0.00020720349857583642
12,1386,18593,0.03263886645436287
12,1387,18594,0.0002516474633011967
12,1388,18595,0.0003411264915484935
12,1389,18596,0.00015587506641168147
12,1390,18597,0.0005976494867354631
12,1391,18598,0.0003068470396101475
12,1392,18599,0.0003380787675268948
12,1393,18600,0.0002314641751581803
12,1394,18601,0.00018132523109670728
12,1395,18602,0.002726893872022629
12,1396,18603,0.00011656486458377913
12,1397,18604,0.00024141032190527767
12,1398,18605,0.0012145641958341002
12,1399,18606,0.00027721194783225656
12,1400,18607,0.00017151386418845505
12,1401,18608,0.0005875624483451247
12,1402,18609,0.05519872531294823
12,1403,18610,0.0013043682556599379
12,1404,18611,0.007159255910664797
12,1405,18612,0.00029478874057531357
12,1406,18613,0.000863783061504364
12,1407,18614,0.0004083734529558569
12,1408,18615,0.0011430558515712619
12,1409,18616,0.00026194078964181244
12,1410,18617,0.00046030464000068605
12,1411,18618,0.002479083836078644
12,1412,18619,0.0003109527169726789
12,1413,18620,0.0003382827853783965
12,1414,18621,0.0004925476969219744
12,1415,18622,0.0003067923535127193
12,1416,18623,0.00033792181056924164
12,1417,18624,0.06308776140213013
12,1418,18625,0.0006598707404918969
12,1419,18626,0.005113584920763969
12,1420,18627,0.002826990559697151
12,1421,18628,0.0006568608223460615
12,1422,18629,0.0003787177847698331
12,1423,18630,0.00044910580618306994
12,1424,18631,0.0007882488425821066
12,1425,18632,0.0005202289903536439
12,1426,18633,0.0004422199563123286
12,1427,18634,0.0016431930707767606
12,1428,18635,0.007790108676999807
12,1429,18636,0.0027174775023013353
12,1430,18637,0.002861850429326296
12,1431,18638,0.00032191272475756705
12,1432,18639,0.0016264530131593347
12,1433,18640,0.0007982280221767724
12,1434,18641,0.00018620610353536904
13,1,18642,0.0023265923373401165
13,2,18643,0.0004488155245780945
13,3,18644,0.004613732919096947
13,4,18645,0.0003329519822727889
13,5,18646,0.00028963160002604127
13,6,18647,0.0074325851164758205
13,7,18648,0.0004956353222951293
13,8,18649,0.0006180625641718507
13,9,18650,0.0003761210246011615
13,10,18651,0.00039452884811908007
13,11,18652,0.0004978133365511894
13,12,18653,0.0009329860913567245
13,13,18654,0.0002515037194825709
13,14,18655,0.0007856201846152544
13,15,18656,0.0005759722553193569
13,16,18657,0.0002593147219158709
13,17,18658,0.0006596347084268928
13,18,18659,0.0004389156529214233
13,19,18660,0.00040566796087659895
13,20,18661,0.0005275937728583813
13,21,18662,0.004705064930021763
13,22,18663,0.00025471296976320446
13,23,18664,0.0003711386816576123
13,24,18665,0.00040103174978867173
13,25,18666,0.00037337973481044173
13,26,18667,0.0010660997359082103
13,27,18668,0.0010387733345851302
13,28,18669,0.00046937857405282557
13,29,18670,0.00033380056265741587
13,30,18671,0.0007523626554757357
13,31,18672,0.0002491544873919338
13,32,18673,0.0004398467135615647
13,33,18674,0.0004962565144523978
13,34,18675,0.0003599163028411567
13,35,18676,0.00023967855668161064
13,36,18677,0.0002513309009373188
13,37,18678,0.0004460667842067778
13,38,18679,0.00033428939059376717
13,39,18680,0.0005801314255222678
13,40,18681,0.0012331610778346658
13,41,18682,0.00032252591336145997
13,42,18683,0.00025422684848308563
13,43,18684,0.0001574408233864233
13,44,18685,0.0004433160647749901
13,45,18686,0.0067656924948096275
13,46,18687,0.009660712443292141
13,47,18688,0.00040515136788599193
13,48,18689,0.00029586488381028175
13,49,18690,0.00047505940892733634
13,50,18691,0.0347556471824646
13,51,18692,0.00042942026630043983
13,52,18693,0.0015919890720397234
13,53,18694,0.0004533992614597082
13,54,18695,0.0018771254690364003
13,55,18696,0.0003468432114459574
13,56,18697,0.0005759359919466078
13,57,18698,0.00033493124647065997
13,58,18699,0.001551483990624547
13,59,18700,0.001176159013994038
13,60,18701,0.0007684704032726586
13,61,18702,0.0007657614187337458
13,62,18703,0.01216138806194067
13,63,18704,0.005625310819596052
13,64,18705,0.0005934823420830071
13,65,18706,0.00016161090752575547
13,66,18707,0.0010173990158364177
13,67,18708,0.00661921501159668
13,68,18709,0.0023245858028531075
13,69,18710,0.0007204810972325504
13,70,18711,0.0016807446954771876
13,71,18712,0.0006863383459858596
13,72,18713,0.02663625404238701
13,73,18714,0.001135674654506147
13,74,18715,0.00022502493811771274
13,75,18716,0.0002668042143341154
13,76,18717,0.0005389081197790802
13,77,18718,0.0004889330011792481
13,78,18719,0.003454076824709773
13,79,18720,0.00043969013495370746
13,80,18721,0.000494001607876271
13,81,18722,0.00024318935174960643
13,82,18723,0.0003189787676092237
13,83,18724,0.0011269893730059266
13,84,18725,0.0007016333402134478
13,85,18726,0.0004295893886592239
13,86,18727,0.0001612431078683585
13,87,18728,0.000663034210447222
13,88,18729,0.011598487384617329
13,89,18730,0.0005962051218375564
13,90,18731,0.000550753204151988
13,91,18732,0.00031969661358743906
13,92,18733,0.0008815108449198306
13,93,18734,0.0019158831564709544
13,94,18735,0.0001446034584660083
13,95,18736,0.008878451772034168
13,96,18737,0.00023453331959899515
13,97,18738,0.02666584774851799
13,98,18739,0.013343320228159428
13,99,18740,0.00015591921692248434
13,100,18741,0.01916106976568699
13,101,18742,0.0005348479025997221
13,102,18743,0.011677507311105728
13,103,18744,0.0004651320050470531
13,104,18745,0.0009906291961669922
13,105,18746,0.008789327926933765
13,106,18747,0.028644219040870667
13,107,18748,0.0004679282137658447
13,108,18749,0.0007575646741315722
13,109,18750,0.005517347250133753
13,110,18751,0.00027317769126966596
13,111,18752,0.03193362429738045
13,112,18753,0.002213310217484832
13,113,18754,0.0003757231461349875
13,114,18755,0.0009421001886948943
13,115,18756,0.0005929302424192429
13,116,18757,0.003531220369040966
13,117,18758,0.0005089271580800414
13,118,18759,0.0008777028415352106
13,119,18760,0.00033791083842515945
13,120,18761,0.0006755214999429882
13,121,18762,0.0007211608462966979
13,122,18763,0.0020251201931387186
13,123,18764,0.002137944335117936
13,124,18765,0.0005432791076600552
13,125,18766,0.0012735504424199462
13,126,18767,0.0007130802259780467
13,127,18768,0.02065921761095524
13,128,18769,0.0005453589837998152
13,129,18770,0.0011253501288592815
13,130,18771,0.00018740800442174077
13,131,18772,0.005495196674019098
13,132,18773,0.000780189351644367
13,133,18774,0.00043120147893205285
13,134,18775,0.0005778297781944275
13,135,18776,0.0002040663530351594
13,136,18777,0.000667003623675555
13,137,18778,0.0001940334477694705
13,138,18779,0.00012508824875112623
13,139,18780,0.00039693995495326817
13,140,18781,0.008961612358689308
13,141,18782,0.001071340055204928
13,142,18783,0.0003333392087370157
13,143,18784,0.04844311252236366
13,144,18785,0.0008913158671930432
13,145,18786,0.00028212793404236436
13,146,18787,0.0008292272104881704
13,147,18788,0.0001444835215806961
13,148,18789,0.0017586814938113093
13,149,18790,0.0007219220278784633
13,150,18791,0.001361982780508697
13,151,18792,0.0003435167600400746
13,152,18793,0.0006367461173795164
13,153,18794,0.0009461199515499175
13,154,18795,0.00019225645519327372
13,155,18796,0.0002585277543403208
13,156,18797,0.0008946277666836977
13,157,18798,0.02231493592262268
13,158,18799,0.0026351409032940865
13,159,18800,0.00037997239269316196
13,160,18801,0.00035775473224930465
13,161,18802,0.0005977809778414667
13,162,18803,0.00014169789210427552
13,163,18804,0.0009546816581860185
13,164,18805,0.0022803477477282286
13,165,18806,0.00124284066259861
13,166,18807,0.0003476538695394993
13,167,18808,0.0006489538354799151
13,168,18809,0.00449362164363265
13,169,18810,0.0004590889730025083
13,170,18811,0.0007719520363025367
13,171,18812,0.00033787661232054234
13,172,18813,0.0015016862889751792
13,173,18814,0.0007851328118704259
13,174,18815,0.0004961999366059899
13,175,18816,0.00043039891170337796
13,176,18817,0.003745409194380045
13,177,18818,0.00025069701950997114
13,178,18819,0.00018436888058204204
13,179,18820,0.00027569718076847494
13,180,18821,0.0009428583434782922
13,181,18822,0.0001897642796393484
13,182,18823,0.00040397397242486477
13,183,18824,0.0003166430979035795
13,184,18825,0.0007371309911832213
13,185,18826,0.00086877221474424
13,186,18827,0.007215630728751421
13,187,18828,0.00036144291516393423
13,188,18829,0.0004695263924077153
13,189,18830,0.0005910245236009359
13,190,18831,0.003314016154035926
13,191,18832,0.001970382872968912
13,192,18833,0.0026661669835448265
13,193,18834,0.0002508282195776701
13,194,18835,0.00015104218618944287
13,195,18836,0.0003636592300608754
13,196,18837,0.0007884841179475188
13,197,18838,0.0011819152859970927
13,198,18839,0.0012153033167123795
13,199,18840,0.00036039354745298624
13,200,18841,0.0020572717767208815
13,201,18842,0.0003106073127128184
13,202,18843,8.383391832467169e-05
13,203,18844,0.0008977879188023508
13,204,18845,0.0004519392969086766
13,205,18846,0.0004470967978704721
13,206,18847,0.000493000028654933
13,207,18848,0.0018574418500065804
13,208,18849,0.010130380280315876
13,209,18850,0.0003372414212208241
13,210,18851,0.00041523840627633035
13,211,18852,0.0003363849828019738
13,212,18853,0.0005696172593161464
13,213,18854,0.00027020619018003345
13,214,18855,0.0005115856765769422
13,215,18856,0.018954765051603317
13,216,18857,0.00020749185932800174
13,217,18858,0.0005922586424276233
13,218,18859,0.0004629907780326903
13,219,18860,0.00026866522966884077
13,220,18861,0.00012022716691717505
13,221,18862,0.0005485730362124741
13,222,18863,0.0023599432315677404
13,223,18864,0.00043379832641221583
13,224,18865,0.007818787358701229
13,225,18866,0.0007744640461169183
13,226,18867,0.0004627443559002131
13,227,18868,0.00015774773783050478
13,228,18869,0.0004099890647921711
13,229,18870,0.00016433699056506157
13,230,18871,0.000312592281261459
13,231,18872,0.0016162601532414556
13,232,18873,0.0002767350524663925
13,233,18874,0.00027125870110467076
13,234,18875,0.0003864407481160015
13,235,18876,0.0022168178111314774
13,236,18877,0.0005559061537496746
13,237,18878,0.000602714775595814
13,238,18879,0.0004231239727232605
13,239,18880,0.00028630587621591985
13,240,18881,0.0021588848903775215
13,241,18882,0.0009748822776600718
13,242,18883,0.0004630053008440882
13,243,18884,0.0005197509890422225
13,244,18885,0.005343535915017128
13,245,18886,0.0006193001754581928
13,246,18887,0.0007159111555665731
13,247,18888,0.0004927217378281057
13,248,18889,0.0006205247482284904
13,249,18890,0.0004517951747402549
13,250,18891,0.006115320138633251
13,251,18892,0.00034492090344429016
13,252,18893,0.00034921150654554367
13,253,18894,0.0005293916328810155
13,254,18895,0.00031928764656186104
13,255,18896,0.00035280463634990156
13,256,18897,0.00043664948316290975
13,257,18898,0.0003213344025425613
13,258,18899,0.0002247758093290031
13,259,18900,0.000654643343295902
13,260,18901,0.03994552418589592
13,261,18902,0.0003112388076260686
13,262,18903,8.997643453767523e-05
13,263,18904,0.00015718134818598628
13,264,18905,0.05209123715758324
13,265,18906,0.017810512334108353
13,266,18907,0.0002662846527528018
13,267,18908,0.001124440343119204
13,268,18909,0.0012201009085401893
13,269,18910,0.0006574018043465912
13,270,18911,0.00044363175402395427
13,271,18912,0.00017486533033661544
13,272,18913,0.00028522330103442073
13,273,18914,0.00023304871865548193
13,274,18915,0.0004815119900740683
13,275,18916,0.0001364351192023605
13,276,18917,0.0005299358745105565
13,277,18918,0.0005153782549314201
13,278,18919,0.000292470445856452
13,279,18920,0.00015361080295406282
13,280,18921,0.0010834162821993232
13,281,18922,0.013479609042406082
13,282,18923,0.00039997187559492886
13,283,18924,0.00030454943771474063
13,284,18925,0.00030107470229268074
13,285,18926,0.00031699182000011206
13,286,18927,0.00043754003127105534
13,287,18928,0.00041207956383004785
13,288,18929,0.0012039324501529336
13,289,18930,0.0009380989358760417
13,290,18931,0.00045491731725633144
13,291,18932,0.00034153423621319234
13,292,18933,0.00040268723387271166
13,293,18934,0.000362569116987288
13,294,18935,0.00027391876210458577
13,295,18936,0.0006375490920618176
13,296,18937,0.0003242872189730406
13,297,18938,0.0035354583524167538
13,298,18939,0.0010764492908492684
13,299,18940,0.010435134172439575
13,300,18941,0.0001706224720692262
13,301,18942,0.00030589476227760315
13,302,18943,0.0007757529965601861
13,303,18944,0.0002500697155483067
13,304,18945,0.00021214362641330808
13,305,18946,0.0002552170481067151
13,306,18947,0.0005260301986709237
13,307,18948,0.0018249711720272899
13,308,18949,0.0009893671376630664
13,309,18950,0.0005479848477989435
13,310,18951,0.0018398133106529713
13,311,18952,0.0019899161998182535
13,312,18953,0.00018040716531686485
13,313,18954,0.0003359261027071625
13,314,18955,0.002384163672104478
13,315,18956,0.000161290357937105
13,316,18957,0.00026465501287020743
13,317,18958,0.0003232073213439435
13,318,18959,0.00018312674365006387
13,319,18960,0.0008685210486873984
13,320,18961,0.00028324793674983084
13,321,18962,0.00028308588662184775
13,322,18963,0.000177815614733845
13,323,18964,0.00031719758408144116
13,324,18965,0.0007216004887595773
13,325,18966,0.0003616078174673021
13,326,18967,0.0003730720782186836
13,327,18968,0.0017019850201904774
13,328,18969,0.00038268970092758536
13,329,18970,0.00011038163211196661
13,330,18971,0.004523693583905697
13,331,18972,0.0010666954331099987
13,332,18973,0.0007650893530808389
13,333,18974,0.0037441616877913475
13,334,18975,0.0005932823405601084
13,335,18976,0.003169853938743472
13,336,18977,0.00029890070436522365
13,337,18978,0.00026281416648998857
13,338,18979,0.00021761823154520243
13,339,18980,0.0003259930235799402
13,340,18981,0.00025341680156998336
13,341,18982,0.000927710672840476
13,342,18983,0.0006116842268966138
13,343,18984,0.00018750606977846473
13,344,18985,0.00045519843115471303
13,345,18986,0.00034130929270759225
13,346,18987,0.0007715061074122787
13,347,18988,0.001186214736662805
13,348,18989,0.00022490085393656045
13,349,18990,0.0022009676322340965
13,350,18991,0.00030965180485509336
13,351,18992,0.00036468662437982857
13,352,18993,0.0005080426926724613
13,353,18994,0.000420651922468096
13,354,18995,0.0009098740993067622
13,355,18996,0.00043937747250311077
13,356,18997,0.00023744186910334975
13,357,18998,0.0002746357349678874
13,358,18999,0.004658879712224007
13,359,19000,0.0005428759031929076
13,360,19001,0.00044833036372438073
13,361,19002,0.00044897632324136794
13,362,19003,0.0006911841337569058
13,363,19004,0.00043548489338718355
13,364,19005,0.00022901035845279694
13,365,19006,0.00022174787591211498
13,366,19007,0.0003485976776573807
13,367,19008,0.00021783896954730153
13,368,19009,0.0004633711068890989
13,369,19010,0.00027844953001476824
13,370,19011,0.0001995386992348358
13,371,19012,0.00019152855384163558
13,372,19013,0.00029561150586232543
13,373,19014,0.00038751758984290063
13,374,19015,0.00013505374954547733
13,375,19016,0.0005380387883633375
13,376,19017,0.0008867731085047126
13,377,19018,0.0011578398989513516
13,378,19019,0.0006664536776952446
13,379,19020,0.0005774323944933712
13,380,19021,0.0006025673937983811
13,381,19022,0.00019322725711390376
13,382,19023,0.0007628257153555751
13,383,19024,0.00039309117710217834
13,384,19025,0.0010793835390359163
13,385,19026,0.000981380115263164
13,386,19027,0.00026582603459246457
13,387,19028,0.00016744119056966156
13,388,19029,7.123769319150597e-05
13,389,19030,0.0153444679453969
13,390,19031,0.0007786142523400486
13,391,19032,0.000690000131726265
13,392,19033,0.0008449305314570665
13,393,19034,0.0001552967296447605
13,394,19035,0.0002126633480656892
13,395,19036,0.0002751779684331268
13,396,19037,0.00011646530037978664
13,397,19038,0.0005126604810357094
13,398,19039,0.0004946430562995374
13,399,19040,0.0004154794733040035
13,400,19041,0.0013495722087100148
13,401,19042,0.00040561676723882556
13,402,19043,0.0011633193353191018
13,403,19044,0.001185186323709786
13,404,19045,0.0002496002707630396
13,405,19046,0.00034016233985312283
13,406,19047,0.0005966643220745027
13,407,19048,0.000324725842801854
13,408,19049,0.00041776709258556366
13,409,19050,0.0016354410909116268
13,410,19051,0.0016769091598689556
13,411,19052,0.00010062253568321466
13,412,19053,0.0002667962689884007
13,413,19054,0.00012600995250977576
13,414,19055,0.0013258139370009303
13,415,19056,0.007146226707845926
13,416,19057,0.0004154063935857266
13,417,19058,0.0001749945804476738
13,418,19059,0.00021113896218594164
13,419,19060,0.0003439911233726889
13,420,19061,0.00019368632638361305
13,421,19062,0.0012974848505109549
13,422,19063,0.0004984135739505291
13,423,19064,0.0004453719884622842
13,424,19065,0.0005449039163067937
13,425,19066,0.00028056270093657076
13,426,19067,0.0018730059964582324
13,427,19068,0.005189890507608652
13,428,19069,0.000391093228245154
13,429,19070,0.00016344082541763783
13,430,19071,0.0003596175811253488
13,431,19072,0.0013104639947414398
13,432,19073,0.0002682228514458984
13,433,19074,0.00021153427951503545
13,434,19075,0.0002560682187322527
13,435,19076,0.0002299485931871459
13,436,19077,0.00023340147163253278
13,437,19078,0.000707700033672154
13,438,19079,0.00012597044405993074
13,439,19080,0.00032195134554058313
13,440,19081,0.000511807156726718
13,441,19082,0.00021148852829355747
13,442,19083,0.0011753974249586463
13,443,19084,0.00030509356292895973
13,444,19085,0.0005868049920536578
13,445,19086,0.00013308055349625647
13,446,19087,0.0003863793099299073
13,447,19088,0.0008240525494329631
13,448,19089,0.0001603942655492574
13,449,19090,0.041064221411943436
13,450,19091,0.0003973430139012635
13,451,19092,0.0001929496938828379
13,452,19093,0.00019386054191272706
13,453,19094,0.0012700266670435667
13,454,19095,0.0005114406230859458
13,455,19096,0.0005289111868478358
13,456,19097,0.0030148830264806747
13,457,19098,0.00027514868997968733
13,458,19099,0.00019097323820460588
13,459,19100,0.0002582260058261454
13,460,19101,0.005442530382424593
13,461,19102,0.00027805817080661654
13,462,19103,0.0002282176137669012
13,463,19104,0.0003764772554859519
13,464,19105,0.00017558409308549017
13,465,19106,0.0002814948093146086
13,466,19107,0.0006463161553256214
13,467,19108,0.00016781977319624275
13,468,19109,0.0005342288059182465
13,469,19110,0.00033910656929947436
13,470,19111,0.0013606721768155694
13,471,19112,0.0003029294894076884
13,472,19113,0.023239674046635628
13,473,19114,0.00011021149111911654
13,474,19115,0.00020974912331439555
13,475,19116,0.0003495073760859668
13,476,19117,0.00012009756756015122
13,477,19118,0.00043418610584922135
13,478,19119,0.0014017198700457811
13,479,19120,0.000911349430680275
13,480,19121,0.0002574062964413315
13,481,19122,0.00018950863159261644
13,482,19123,0.001433459809049964
13,483,19124,0.00016724903252907097
13,484,19125,0.00039418667438440025
13,485,19126,0.00029475291376002133
13,486,19127,0.0007177251973189414
13,487,19128,0.0014075993094593287
13,488,19129,0.000453391665359959
13,489,19130,0.0005720799090340734
13,490,19131,0.0001957742206286639
13,491,19132,0.0002966660540550947
13,492,19133,0.001332007348537445
13,493,19134,0.0022916789166629314
13,494,19135,0.0005353149026632309
13,495,19136,0.0003951965773012489
13,496,19137,0.0005287461681291461
13,497,19138,0.0024702027440071106
13,498,19139,0.0004052800068166107
13,499,19140,0.00014556686801370233
13,500,19141,0.00028717025998048484
13,501,19142,0.00048812685417942703
13,502,19143,0.0011045747669413686
13,503,19144,0.0002483711577951908
13,504,19145,0.0003174029989168048
13,505,19146,0.00029085020651109517
13,506,19147,0.001513247611001134
13,507,19148,0.00018623452342581004
13,508,19149,0.00016980647342279553
13,509,19150,0.039416760206222534
13,510,19151,0.00042423978447914124
13,511,19152,0.006702935788780451
13,512,19153,0.0002172499953303486
13,513,19154,0.00032979220850393176
13,514,19155,0.0002950991038233042
13,515,19156,0.04289524257183075
13,516,19157,0.0010815298883244395
13,517,19158,0.001548455678857863
13,518,19159,0.0005182623281143606
13,519,19160,0.0004077595949638635
13,520,19161,0.00017897135694511235
13,521,19162,0.0006234131287783384
13,522,19163,0.000721427146345377
13,523,19164,0.0009323122794739902
13,524,19165,0.0023249660152941942
13,525,19166,0.00026784100919030607
13,526,19167,0.00020933129417244345
13,527,19168,0.0007746288320049644
13,528,19169,0.0005883586127310991
13,529,19170,0.009899378754198551
13,530,19171,0.0004807329969480634
13,531,19172,0.0017212803941220045
13,532,19173,0.0003198234480805695
13,533,19174,0.0013024428626522422
13,534,19175,0.0005499180988408625
13,535,19176,0.0032752028200775385
13,536,19177,0.0001767723442753777
13,537,19178,0.000987376319244504
13,538,19179,0.0003203033411409706
13,539,19180,0.0006178049370646477
13,540,19181,0.00039252647547982633
13,541,19182,0.000517087581101805
13,542,19183,0.001108313794247806
13,543,19184,0.00029784406069666147
13,544,19185,0.00023530010366812348
13,545,19186,0.03664438799023628
13,546,19187,0.005284228827804327
13,547,19188,0.00024831914925016463
13,548,19189,0.00013678368122782558
13,549,19190,0.001255434937775135
13,550,19191,0.0009807436726987362
13,551,19192,0.00023819624038878828
13,552,19193,0.0004676081007346511
13,553,19194,0.00022119696950539947
13,554,19195,0.0009834191296249628
13,555,19196,0.004178304225206375
13,556,19197,0.0008063000277616084
13,557,19198,0.00033641414484009147
13,558,19199,0.00045061614946462214
13,559,19200,0.0005153667298145592
13,560,19201,0.0005352654261514544
13,561,19202,0.0005751986755058169
13,562,19203,0.00019786095072049648
13,563,19204,0.00030683394288644195
13,564,19205,0.0017314150463789701
13,565,19206,0.00011284265929134563
13,566,19207,0.0006261051748879254
13,567,19208,0.0008601875160820782
13,568,19209,0.00012632054858841002
13,569,19210,0.0004956164048053324
13,570,19211,0.0012208069674670696
13,571,19212,0.0002758174960035831
13,572,19213,0.00030351278837770224
13,573,19214,0.007106712553650141
13,574,19215,0.003085935954004526
13,575,19216,6.846031465101987e-05
13,576,19217,0.0016813159454613924
13,577,19218,0.0016754800453782082
13,578,19219,0.0015347141306847334
13,579,19220,0.0003680021909531206
13,580,19221,0.00019630821770988405
13,581,19222,0.00043372061918489635
13,582,19223,0.00019826307834591717
13,583,19224,0.00031239967211149633
13,584,19225,0.0009798671817407012
13,585,19226,0.012050227262079716
13,586,19227,0.0004255138337612152
13,587,19228,0.0003736507205758244
13,588,19229,0.0009174756705760956
13,589,19230,0.00039082622970454395
13,590,19231,0.00027250288985669613
13,591,19232,0.0004206089652143419
13,592,19233,0.00011019303201464936
13,593,19234,0.0016359249129891396
13,594,19235,0.01699800044298172
13,595,19236,0.0010412245756015182
13,596,19237,0.00029512509354390204
13,597,19238,0.0013818459119647741
13,598,19239,0.00014512600318994373
13,599,19240,0.0008082544663920999
13,600,19241,0.0001125143826357089
13,601,19242,0.0004714274255093187
13,602,19243,0.00039299140917137265
13,603,19244,0.00023030940792523324
13,604,19245,0.00044411866110749543
13,605,19246,0.00031896703876554966
13,606,19247,0.0008329700212925673
13,607,19248,0.0002697955642361194
13,608,19249,0.0002214351698057726
13,609,19250,0.0003612746950238943
13,610,19251,0.003457458224147558
13,611,19252,0.00019185716519132257
13,612,19253,0.00017813045997172594
13,613,19254,0.0011931464541703463
13,614,19255,0.002086065476760268
13,615,19256,0.0001720222207950428
13,616,19257,0.00029562439885921776
13,617,19258,0.00010525787365622818
13,618,19259,0.0012709492584690452
13,619,19260,0.00012820586562156677
13,620,19261,0.00024361672694794834
13,621,19262,0.00029508801526390016
13,622,19263,0.00063380814390257
13,623,19264,0.0007066246471367776
13,624,19265,0.00011876547068823129
13,625,19266,6.515299901366234e-05
13,626,19267,0.0008382879314012825
13,627,19268,0.0005903278943151236
13,628,19269,0.0011467570438981056
13,629,19270,0.00026550632901489735
13,630,19271,0.00010892602585954592
13,631,19272,0.009558619931340218
13,632,19273,0.00030461218557320535
13,633,19274,8.230437379097566e-05
13,634,19275,0.00031447852961719036
13,635,19276,0.000147200669744052
13,636,19277,0.0009795845253393054
13,637,19278,0.00010907918476732448
13,638,19279,0.0003667968849185854
13,639,19280,0.0004857235762756318
13,640,19281,0.0007215907098725438
13,641,19282,0.0003319204843137413
13,642,19283,0.0002925997832790017
13,643,19284,0.0002043765998678282
13,644,19285,0.00024522494641132653
13,645,19286,0.0001366927899653092
13,646,19287,0.00020327972015365958
13,647,19288,0.0030123896431177855
13,648,19289,0.0001426057715434581
13,649,19290,0.0005326864193193614
13,650,19291,0.001167355920188129
13,651,19292,0.00026898097712546587
13,652,19293,0.00033384707057848573
13,653,19294,0.0012006346369162202
13,654,19295,0.0005269154207780957
13,655,19296,0.001492327661253512
13,656,19297,0.0006470841472037137
13,657,19298,0.00030276167672127485
13,658,19299,0.00029958042432554066
13,659,19300,0.002319370163604617
13,660,19301,0.0007889963453635573
13,661,19302,0.0002741636417340487
13,662,19303,0.0003379971021786332
13,663,19304,0.00026956896181218326
13,664,19305,0.00025946254027076066
13,665,19306,0.0004817518638446927
13,666,19307,0.002674828516319394
13,667,19308,0.000533269892912358
13,668,19309,7.481804641429335e-05
13,669,19310,0.0002813983883243054
13,670,19311,0.0003000345313921571
13,671,19312,0.010442008264362812
13,672,19313,0.00035654017119668424
13,673,19314,0.00025256184744648635
13,674,19315,0.00039174017729237676
13,675,19316,0.0001525867119198665
13,676,19317,0.0009284694097004831
13,677,19318,0.0004974234034307301
13,678,19319,0.0004202117270324379
13,679,19320,0.0018440281273797154
13,680,19321,0.0006126746884547174
13,681,19322,0.00023012411838863045
13,682,19323,0.00020972781931050122
13,683,19324,0.004504811950027943
13,684,19325,0.00844874419271946
13,685,19326,0.009420824237167835
13,686,19327,0.0005321157514117658
13,687,19328,0.0002980488061439246
13,688,19329,0.00029374801670201123
13,689,19330,0.0003575388400349766
13,690,19331,0.00023864825197961181
13,691,19332,0.00038367643719539046
13,692,19333,0.013265388086438179
13,693,19334,0.0011454062769189477
13,694,19335,0.0018440558342263103
13,695,19336,0.0024854417424649
13,696,19337,0.0030030375346541405
13,697,19338,0.00036423312849365175
13,698,19339,0.0004115312185604125
13,699,19340,0.0006453369278460741
13,700,19341,0.0003574209113139659
13,701,19342,0.00032950282911770046
13,702,19343,0.0007137811626307666
13,703,19344,0.0009795119985938072
13,704,19345,0.0008657814469188452
13,705,19346,0.0004046277026645839
13,706,19347,0.0004774521221406758
13,707,19348,0.0009793067583814263
13,708,19349,9.033375681610778e-05
13,709,19350,0.00037737315869890153
13,710,19351,0.0003063084150198847
13,711,19352,0.003666624194011092
13,712,19353,0.00280938483774662
13,713,19354,0.0003321398689877242
13,714,19355,0.0002021198597503826
13,715,19356,0.00882449746131897
13,716,19357,0.00033230180270038545
13,717,19358,0.00027559531736187637
13,718,19359,0.00284892157651484
13,719,19360,0.0029345154762268066
13,720,19361,0.00038557511288672686
13,721,19362,0.00026283005718141794
13,722,19363,0.00024043212761171162
13,723,19364,0.0001417907333234325
13,724,19365,0.0002059007965726778
13,725,19366,0.000549034564755857
13,726,19367,0.00010587456927169114
13,727,19368,0.00026128749595955014
13,728,19369,0.00033654391882009804
13,729,19370,0.00030549895018339157
13,730,19371,0.0005095472442917526
13,731,19372,0.00013470801059156656
13,732,19373,0.0007950846920721233
13,733,19374,0.01307645346969366
13,734,19375,0.00047914631431922317
13,735,19376,0.00020876525377389044
13,736,19377,0.000855499180033803
13,737,19378,0.0005324288504198194
13,738,19379,0.00024949436192400753
13,739,19380,0.00024459039559587836
13,740,19381,0.03310807794332504
13,741,19382,0.0006541567272506654
13,742,19383,0.00022161610831972212
13,743,19384,0.00024941316223703325
13,744,19385,0.006965424865484238
13,745,19386,0.0002435058559058234
13,746,19387,0.00839714240282774
13,747,19388,0.005750064738094807
13,748,19389,0.00023822886578273028
13,749,19390,0.0026804469525814056
13,750,19391,0.00022780895233154297
13,751,19392,0.000726882484741509
13,752,19393,0.000648937129881233
13,753,19394,0.00045651401160284877
13,754,19395,0.000990344793535769
13,755,19396,0.00014883086259942502
13,756,19397,0.0004579917876981199
13,757,19398,0.0005188476061448455
13,758,19399,0.0006964047788642347
13,759,19400,0.00016558211063966155
13,760,19401,0.0014683870831504464
13,761,19402,0.002095108386129141
13,762,19403,9.326462168246508e-05
13,763,19404,0.0044182115234434605
13,764,19405,0.00021935968834441155
13,765,19406,0.0007465165690518916
13,766,19407,0.0003739147214218974
13,767,19408,0.0007468500989489257
13,768,19409,0.0002497065579518676
13,769,19410,0.00033364223781973124
13,770,19411,0.00018488529894966632
13,771,19412,0.00022278523829299957
13,772,19413,0.00021954593830741942
13,773,19414,0.0008981152204796672
13,774,19415,0.00047542876563966274
13,775,19416,0.00028286417364142835
13,776,19417,0.0009318957454524934
13,777,19418,0.00022499541228171438
13,778,19419,0.00011752699356293306
13,779,19420,5.863315163878724e-05
13,780,19421,0.0003244169056415558
13,781,19422,0.00020477315410971642
13,782,19423,0.0038114709313958883
13,783,19424,0.000211224818485789
13,784,19425,0.004020916298031807
13,785,19426,0.0001251644134754315
13,786,19427,0.0018430885393172503
13,787,19428,0.0004245795716997236
13,788,19429,0.0016312114894390106
13,789,19430,0.00032813288271427155
13,790,19431,9.716563363326713e-05
13,791,19432,0.0014869928127154708
13,792,19433,0.00018305311095900834
13,793,19434,0.00046722390106879175
13,794,19435,0.0003452646778896451
13,795,19436,0.00043132214341312647
13,796,19437,0.00027024353039450943
13,797,19438,0.0009882221929728985
13,798,19439,0.000854338170029223
13,799,19440,0.0018882538424804807
13,800,19441,0.000278423452982679
13,801,19442,0.0004724875616375357
13,802,19443,0.0004069739661645144
13,803,19444,0.00032033995375968516
13,804,19445,0.00018984064809046686
13,805,19446,0.0023997018579393625
13,806,19447,0.006990234833210707
13,807,19448,0.00029099994571879506
13,808,19449,0.00026871016598306596
13,809,19450,0.00020815797324758023
13,810,19451,0.004057816695421934
13,811,19452,9.155881707556546e-05
13,812,19453,0.0028368025086820126
13,813,19454,0.000899357779417187
13,814,19455,0.0010534762404859066
13,815,19456,0.00016984957619570196
13,816,19457,8.262375922640786e-05
13,817,19458,0.000554282742086798
13,818,19459,0.0003061635361518711
13,819,19460,0.00031005218625068665
13,820,19461,0.00032540326355956495
13,821,19462,0.0001964483963092789
13,822,19463,0.00027433442301116884
13,823,19464,0.00040431777597405016
13,824,19465,0.0001968700671568513
13,825,19466,0.0002405572886345908
13,826,19467,0.00040663720574229956
13,827,19468,0.004172289744019508
13,828,19469,0.000133350447867997
13,829,19470,0.005573376081883907
13,830,19471,0.00037844330654479563
13,831,19472,0.00017107496387325227
13,832,19473,0.00018527598876971751
13,833,19474,0.00029833713779225945
13,834,19475,0.00028492833371274173
13,835,19476,0.002006190363317728
13,836,19477,0.00013866407971363515
13,837,19478,0.00023968498862814158
13,838,19479,0.00030680783675052226
13,839,19480,0.0004381147737149149
13,840,19481,0.000186340490472503
13,841,19482,0.0003556281153578311
13,842,19483,0.004433808848261833
13,843,19484,0.00011294866999378428
13,844,19485,0.00036608322989195585
13,845,19486,0.0003517676086630672
13,846,19487,0.00014378520427271724
13,847,19488,0.00012366635201033205
13,848,19489,0.0003417789994273335
13,849,19490,0.00019575617625378072
13,850,19491,0.003183546708896756
13,851,19492,0.0014495779760181904
13,852,19493,9.904785838443786e-05
13,853,19494,0.0004437156312633306
13,854,19495,0.00031524369842372835
13,855,19496,0.00012778380187228322
13,856,19497,0.00010545736586209387
13,857,19498,0.00024891618522815406
13,858,19499,0.00021471898071467876
13,859,19500,0.00024698764900676906
13,860,19501,0.0006108504021540284
13,861,19502,0.00041544841951690614
13,862,19503,0.00026601325953379273
13,863,19504,0.00014253734843805432
13,864,19505,0.000955191149841994
13,865,19506,0.0005138649139553308
13,866,19507,0.05158998817205429
13,867,19508,0.00867485161870718
13,868,19509,0.00014116633974481374
13,869,19510,0.0005173185491003096
13,870,19511,0.00030224202782846987
13,871,19512,0.0009305841522291303
13,872,19513,0.0024451829958707094
13,873,19514,0.0002152064989786595
13,874,19515,0.00030466917087323964
13,875,19516,0.0007966315024532378
13,876,19517,0.00016807344218250364
13,877,19518,0.00022583399550057948
13,878,19519,0.00019536817853804678
13,879,19520,0.000330388720612973
13,880,19521,0.0004140888631809503
13,881,19522,0.0005022193654440343
13,882,19523,0.00043849024223163724
13,883,19524,0.00024271095753647387
13,884,19525,9.346129809273407e-05
13,885,19526,0.00019834391423501074
13,886,19527,0.00035632599610835314
13,887,19528,0.0001672683283686638
13,888,19529,0.0001304509351029992
13,889,19530,0.0005816949997097254
13,890,19531,0.0001384216157021001
13,891,19532,0.00021140978788025677
13,892,19533,0.00027355473139323294
13,893,19534,0.0002598344290163368
13,894,19535,0.0003667737764772028
13,895,19536,0.00024356774520128965
13,896,19537,0.0002591164084151387
13,897,19538,0.00015165607328526676
13,898,19539,0.0001971317979041487
13,899,19540,6.544029747601599e-05
13,900,19541,0.0003485573688521981
13,901,19542,6.42448867438361e-05
13,902,19543,0.0011599893914535642
13,903,19544,0.00023540038091596216
13,904,19545,0.0001582373515702784
13,905,19546,0.0004178443050477654
13,906,19547,0.0013741597067564726
13,907,19548,0.0008505702135153115
13,908,19549,0.00023690842499490827
13,909,19550,0.00015479435387533158
13,910,19551,0.00053599220700562
13,911,19552,0.0008139790734276175
13,912,19553,0.00021135540737304837
13,913,19554,0.0004148975422140211
13,914,19555,0.00388902984559536
13,915,19556,0.04641329497098923
13,916,19557,0.0001829118700698018
13,917,19558,0.03017629124224186
13,918,19559,0.00020773394498974085
13,919,19560,0.0002994948299601674
13,920,19561,0.0003059802402276546
13,921,19562,0.0005447833682410419
13,922,19563,0.0025088137481361628
13,923,19564,0.00014700744941364974
13,924,19565,0.0001954563776962459
13,925,19566,0.00016573647735640407
13,926,19567,0.001598636037670076
13,927,19568,0.00021462248696479946
13,928,19569,0.00033738993806764483
13,929,19570,0.0005352508160285652
13,930,19571,0.032946981489658356
13,931,19572,0.00018338100926484913
13,932,19573,0.0003215974720660597
13,933,19574,0.001977411098778248
13,934,19575,0.00044313634862191975
13,935,19576,0.00031008748919703066
13,936,19577,0.0007275698590092361
13,937,19578,0.000649946101475507
13,938,19579,0.00029778495081700385
13,939,19580,0.0004091041337233037
13,940,19581,0.0006081123719923198
13,941,19582,0.00035895989276468754
13,942,19583,0.0004636213125195354
13,943,19584,0.0016209556488320231
13,944,19585,0.00021785448188893497
13,945,19586,0.0005987538024783134
13,946,19587,0.00037027240614406765
13,947,19588,0.00026160961715504527
13,948,19589,0.0005965174059383571
13,949,19590,0.032470643520355225
13,950,19591,0.009137075394392014
13,951,19592,0.00012483946920838207
13,952,19593,0.003317882539704442
13,953,19594,0.0012952816905453801
13,954,19595,0.00019724074809346348
13,955,19596,0.0014699409948661923
13,956,19597,0.0017179733840748668
13,957,19598,0.0002258250751765445
13,958,19599,0.0004046774411108345
13,959,19600,0.00027139612939208746
13,960,19601,0.018152302131056786
13,961,19602,0.00017542402201797813
13,962,19603,0.0037425546906888485
13,963,19604,0.00017152605869341642
13,964,19605,0.00028306874446570873
13,965,19606,0.0018032992957159877
13,966,19607,0.000217161956243217
13,967,19608,0.0037023439072072506
13,968,19609,0.00043803054722957313
13,969,19610,0.0002679371100384742
13,970,19611,0.004034510813653469
13,971,19612,0.00024110569211188704
13,972,19613,0.00025311330682598054
13,973,19614,0.000350902701029554
13,974,19615,0.0003550629480741918
13,975,19616,0.0006766714504919946
13,976,19617,0.0013772351667284966
13,977,19618,0.0005191920208744705
13,978,19619,0.0003512795374263078
13,979,19620,0.0003169994452036917
13,980,19621,0.003915499895811081
13,981,19622,0.0003705991548486054
13,982,19623,0.00017563742585480213
13,983,19624,0.00016096202307380736
13,984,19625,0.00017157936235889792
13,985,19626,0.00021471492073033005
13,986,19627,0.0003856455732602626
13,987,19628,0.00022786017507314682
13,988,19629,0.00016483340004924685
13,989,19630,0.00014365183596964926
13,990,19631,0.0025217009242624044
13,991,19632,0.004880059510469437
13,992,19633,0.0003000135184265673
13,993,19634,0.0005147904739715159
13,994,19635,0.000338708923663944
13,995,19636,0.0003660520596895367
13,996,19637,0.0005766319809481502
13,997,19638,0.00020742056949529797
13,998,19639,0.0007369975210167468
13,999,19640,0.00020381668582558632
13,1000,19641,0.0003246917331125587
13,1001,19642,0.0002891241165343672
13,1002,19643,0.00025877534062601626
13,1003,19644,0.00021389697212725878
13,1004,19645,0.0007556951604783535
13,1005,19646,0.00018456022371537983
13,1006,19647,0.00010201325494563207
13,1007,19648,0.0002093010552925989
13,1008,19649,0.00014955105143599212
13,1009,19650,0.00021269923308864236
13,1010,19651,0.00013835696154274046
13,1011,19652,0.00024691378348506987
13,1012,19653,0.0004250750062055886
13,1013,19654,0.0003039865114260465
13,1014,19655,0.0020931391045451164
13,1015,19656,0.00014330747944768518
13,1016,19657,0.00022029809770174325
13,1017,19658,0.000284582405583933
13,1018,19659,0.0006856054533272982
13,1019,19660,0.0011208730284124613
13,1020,19661,0.0007039756164886057
13,1021,19662,0.00013606531138066202
13,1022,19663,0.00038587371818721294
13,1023,19664,5.547425462282263e-05
13,1024,19665,0.00022750340576749295
13,1025,19666,0.0008522456046193838
13,1026,19667,0.0010799270821735263
13,1027,19668,0.0068477061577141285
13,1028,19669,0.004878425970673561
13,1029,19670,0.00033181183971464634
13,1030,19671,0.030874310061335564
13,1031,19672,0.00015706168778706342
13,1032,19673,0.0001208514513564296
13,1033,19674,0.000632409704849124
13,1034,19675,0.0002146711340174079
13,1035,19676,0.0012580401962623
13,1036,19677,0.0003904967743437737
13,1037,19678,0.00016385743219871074
13,1038,19679,0.00014489844033960253
13,1039,19680,0.00019447284284979105
13,1040,19681,0.00030005400185473263
13,1041,19682,0.0002827252319548279
13,1042,19683,0.00040129877743311226
13,1043,19684,0.00015504476323258132
13,1044,19685,0.0003662691742647439
13,1045,19686,0.0012497281422838569
13,1046,19687,0.0008063395507633686
13,1047,19688,0.0005306570092216134
13,1048,19689,0.0046227541752159595
13,1049,19690,0.0005322826909832656
13,1050,19691,0.0002796624321490526
13,1051,19692,0.0003676567866932601
13,1052,19693,0.00018588056263979524
13,1053,19694,0.0004405358631629497
13,1054,19695,0.0002333418233320117
13,1055,19696,0.00035110325552523136
13,1056,19697,0.0035004981327801943
13,1057,19698,0.002809353871271014
13,1058,19699,0.0002739873598329723
13,1059,19700,0.0072717685252428055
13,1060,19701,0.0003362739225849509
13,1061,19702,0.00017797262989915907
13,1062,19703,0.0003034293185919523
13,1063,19704,0.0003699426306411624
13,1064,19705,0.00037797781988047063
13,1065,19706,0.0001881145144579932
13,1066,19707,0.00021235135500319302
13,1067,19708,0.0002612618845887482
13,1068,19709,0.00023961529950611293
13,1069,19710,0.00035266776103526354
13,1070,19711,0.00020670148660428822
13,1071,19712,0.0002668538654688746
13,1072,19713,0.0002770562714431435
13,1073,19714,0.0009959519375115633
13,1074,19715,0.0002870282041840255
13,1075,19716,0.00017322968051303178
13,1076,19717,0.0002033151249634102
13,1077,19718,0.00043328278115950525
13,1078,19719,0.0024407794699072838
13,1079,19720,0.00025686807930469513
13,1080,19721,0.0009805356385186315
13,1081,19722,0.00015950083616189659
13,1082,19723,0.0031561010982841253
13,1083,19724,0.00037389257340691984
13,1084,19725,0.001076958724297583
13,1085,19726,0.00015583905042149127
13,1086,19727,0.00013619013770949095
13,1087,19728,0.00022100099886301905
13,1088,19729,0.0003450845251791179
13,1089,19730,0.00016634627536404878
13,1090,19731,0.005741892848163843
13,1091,19732,0.00037743558641523123
13,1092,19733,0.017686665058135986
13,1093,19734,0.0003947052755393088
13,1094,19735,0.00030775953200645745
13,1095,19736,0.00013351155212149024
13,1096,19737,0.0002200812305090949
13,1097,19738,0.0002397380885668099
13,1098,19739,0.0006478686700575054
13,1099,19740,0.00036361883394420147
13,1100,19741,0.00023522574338130653
13,1101,19742,0.0003131972625851631
13,1102,19743,0.0010019383626058698
13,1103,19744,0.00019051383424084634
13,1104,19745,0.006952773779630661
13,1105,19746,0.0001281420118175447
13,1106,19747,0.0042017069645226
13,1107,19748,0.0004589705204125494
13,1108,19749,0.00020633844542317092
13,1109,19750,0.0003636809706222266
13,1110,19751,0.0004990429733879864
13,1111,19752,0.0003602158394642174
13,1112,19753,0.00013483516522683203
13,1113,19754,0.0005751005955971777
13,1114,19755,0.0003461274318397045
13,1115,19756,0.0026944857090711594
13,1116,19757,0.0003634254389908165
13,1117,19758,0.0001293497916776687
13,1118,19759,0.00015786915901117027
13,1119,19760,0.0006753893103450537
13,1120,19761,0.0003660799702629447
13,1121,19762,0.0004911263822577894
13,1122,19763,0.0003450907825026661
13,1123,19764,0.00036350375739857554
13,1124,19765,0.0003112809790764004
13,1125,19766,0.0004050270945299417
13,1126,19767,0.0003280681266915053
13,1127,19768,0.00011050268221879378
13,1128,19769,0.00016214788774959743
13,1129,19770,7.18221053830348e-05
13,1130,19771,0.000558697443921119
13,1131,19772,0.00021574449783656746
13,1132,19773,0.0006162354839034379
13,1133,19774,0.00018944349722005427
13,1134,19775,0.0009633837034925818
13,1135,19776,0.0003733954217750579
13,1136,19777,0.0007794548291712999
13,1137,19778,0.0005753161967732012
13,1138,19779,0.00204399018548429
13,1139,19780,0.00016461082850582898
13,1140,19781,0.00020507913723122329
13,1141,19782,0.00029837663169018924
13,1142,19783,0.00026970126782543957
13,1143,19784,0.00027251205756329
13,1144,19785,0.016004357486963272
13,1145,19786,0.0005060805124230683
13,1146,19787,6.027596100466326e-05
13,1147,19788,0.0001268367050215602
13,1148,19789,0.00012800474360119551
13,1149,19790,0.0003234252508264035
13,1150,19791,0.0001932250743266195
13,1151,19792,0.00022765305766370147
13,1152,19793,0.0011024295818060637
13,1153,19794,0.0009886990301311016
13,1154,19795,0.00024874889641068876
13,1155,19796,0.00021989905508235097
13,1156,19797,0.0036812543403357267
13,1157,19798,0.000633584160823375
13,1158,19799,0.0004011633282061666
13,1159,19800,0.00012171510024927557
13,1160,19801,0.0001817389129428193
13,1161,19802,0.010853929445147514
13,1162,19803,0.00014219847798813134
13,1163,19804,0.00022450198594015092
13,1164,19805,0.0004459112824406475
13,1165,19806,0.0007469477131962776
13,1166,19807,0.00021393390488810837
13,1167,19808,0.002725407015532255
13,1168,19809,0.0005970914498902857
13,1169,19810,0.0001132509351009503
13,1170,19811,0.01425816398113966
13,1171,19812,0.0002631552633829415
13,1172,19813,0.0002689292305149138
13,1173,19814,0.004266003146767616
13,1174,19815,6.413572555175051e-05
13,1175,19816,0.004207106307148933
13,1176,19817,0.00019696298113558441
13,1177,19818,0.0001521044032415375
13,1178,19819,0.0010179723612964153
13,1179,19820,0.00026757526211440563
13,1180,19821,0.000248978438321501
13,1181,19822,0.000266240123892203
13,1182,19823,0.00038863992085680366
13,1183,19824,9.410412894794717e-05
13,1184,19825,8.778900519246235e-05
13,1185,19826,0.0002505305455997586
13,1186,19827,0.0007433350547216833
13,1187,19828,0.00038932875031605363
13,1188,19829,0.0014606500044465065
13,1189,19830,0.00020608081831596792
13,1190,19831,0.0001443147921236232
13,1191,19832,0.00013143455726094544
13,1192,19833,0.00016127779963426292
13,1193,19834,5.8349101891508326e-05
13,1194,19835,0.0003270753950346261
13,1195,19836,0.02550542913377285
13,1196,19837,0.0007925107493065298
13,1197,19838,0.0007995378109626472
13,1198,19839,5.2399806008907035e-05
13,1199,19840,0.0006951343384571373
13,1200,19841,8.470814645988867e-05
13,1201,19842,0.0001816655567381531
13,1202,19843,0.0001522103266324848
13,1203,19844,0.00037224992411211133
13,1204,19845,0.0003079427988268435
13,1205,19846,0.00031889681122265756
13,1206,19847,0.00014291534898802638
13,1207,19848,0.0007436731248162687
13,1208,19849,0.00044949265429750085
13,1209,19850,0.0001867804821813479
13,1210,19851,0.002556080697104335
13,1211,19852,0.00020152553042862564
13,1212,19853,0.0004928167909383774
13,1213,19854,0.0003239585494156927
13,1214,19855,0.0003555827133823186
13,1215,19856,0.0002842101384885609
13,1216,19857,0.0003980355686508119
13,1217,19858,0.0001936978369485587
13,1218,19859,0.00035547453444451094
13,1219,19860,0.0032153872307389975
13,1220,19861,0.014389571733772755
13,1221,19862,0.0002771412837319076
13,1222,19863,0.0001089650540961884
13,1223,19864,0.020305300131440163
13,1224,19865,0.00020360741473268718
13,1225,19866,0.0002178646100219339
13,1226,19867,0.00046978762838989496
13,1227,19868,0.0002910736948251724
13,1228,19869,0.000251140067121014
13,1229,19870,0.00021321889653336257
13,1230,19871,0.00035844260128214955
13,1231,19872,0.00023917897487990558
13,1232,19873,0.00019087987311650068
13,1233,19874,0.00042649119859561324
13,1234,19875,0.009799664840102196
13,1235,19876,0.00029756574076600373
13,1236,19877,0.0004995212075300515
13,1237,19878,0.02462061680853367
13,1238,19879,0.0008289344259537756
13,1239,19880,0.00018205046944785863
13,1240,19881,0.000245135510340333
13,1241,19882,0.00018316067871637642
13,1242,19883,0.0005621110904030502
13,1243,19884,0.004015485756099224
13,1244,19885,0.00019359141879249364
13,1245,19886,0.004187483806163073
13,1246,19887,0.0002684714854694903
13,1247,19888,0.00020341479103080928
13,1248,19889,0.004347975365817547
13,1249,19890,0.0002790569851640612
13,1250,19891,0.007960484363138676
13,1251,19892,0.0003574184374883771
13,1252,19893,0.00024264426610898226
13,1253,19894,0.00031004249467514455
13,1254,19895,0.000156522321049124
13,1255,19896,0.00020841592049691826
13,1256,19897,0.0002553213853389025
13,1257,19898,0.00023138325195759535
13,1258,19899,0.00014189818466547877
13,1259,19900,0.00033365629496984184
13,1260,19901,0.0275748148560524
13,1261,19902,0.004438489209860563
13,1262,19903,0.0005316009046509862
13,1263,19904,0.00016023468924686313
13,1264,19905,0.0008089634357020259
13,1265,19906,0.0004787351062987
13,1266,19907,0.0003861428995151073
13,1267,19908,0.00032674724934622645
13,1268,19909,0.00023314431018661708
13,1269,19910,0.0012822680873796344
13,1270,19911,0.00027215734007768333
13,1271,19912,0.0006433129892684519
13,1272,19913,0.00040431422530673444
13,1273,19914,0.00030076055554673076
13,1274,19915,0.0004303652385715395
13,1275,19916,7.467339310096577e-05
13,1276,19917,0.00025583821116015315
13,1277,19918,0.00022834706760477275
13,1278,19919,0.0005133000668138266
13,1279,19920,0.0012567723169922829
13,1280,19921,0.001184101914986968
13,1281,19922,0.0014013967011123896
13,1282,19923,0.0002972837828565389
13,1283,19924,0.00025697750970721245
13,1284,19925,0.00019861050532199442
13,1285,19926,0.00032175728119909763
13,1286,19927,0.00028890595422126353
13,1287,19928,0.00022704896400682628
13,1288,19929,0.0024307386483997107
13,1289,19930,5.7561785069992766e-05
13,1290,19931,0.0010285000316798687
13,1291,19932,0.00027676206082105637
13,1292,19933,6.902052700752392e-05
13,1293,19934,0.0005351422005333006
13,1294,19935,0.00019302271539345384
13,1295,19936,0.00023535624495707452
13,1296,19937,0.0066008842550218105
13,1297,19938,0.00042321995715610683
13,1298,19939,0.0003508084046188742
13,1299,19940,0.00011970652121817693
13,1300,19941,0.0002852982725016773
13,1301,19942,0.013966662809252739
13,1302,19943,8.987456385511905e-05
13,1303,19944,0.0007163421832956374
13,1304,19945,0.00020302245684433728
13,1305,19946,0.0004772860265802592
13,1306,19947,0.0005566008039750159
13,1307,19948,0.00013862884952686727
13,1308,19949,0.001550037763081491
13,1309,19950,0.014414017088711262
13,1310,19951,0.00027533844695426524
13,1311,19952,0.007528000045567751
13,1312,19953,0.004143920261412859
13,1313,19954,0.00024982180912047625
13,1314,19955,0.005998765584081411
13,1315,19956,0.0002965459425467998
13,1316,19957,0.00018968485528603196
13,1317,19958,0.00011477127554826438
13,1318,19959,0.0004395748255774379
13,1319,19960,0.03250616416335106
13,1320,19961,0.06710083782672882
13,1321,19962,0.0007447277894243598
13,1322,19963,0.002568651922047138
13,1323,19964,0.00022554636234417558
13,1324,19965,0.00030456058448180556
13,1325,19966,0.0011541667627170682
13,1326,19967,0.00032765045762062073
13,1327,19968,0.00023214971588458866
13,1328,19969,0.00024387055600527674
13,1329,19970,0.00028769075288437307
13,1330,19971,0.00029586159507744014
13,1331,19972,0.0013566011330112815
13,1332,19973,0.00038974950439296663
13,1333,19974,0.00038091494934633374
13,1334,19975,0.00030792830511927605
13,1335,19976,0.00047841129708103836
13,1336,19977,0.00036568939685821533
13,1337,19978,0.00020189899078104645
13,1338,19979,0.004452933557331562
13,1339,19980,0.0004345547058619559
13,1340,19981,0.00016356569540221244
13,1341,19982,0.0007285240571945906
13,1342,19983,0.002044778084382415
13,1343,19984,0.00022559694480150938
13,1344,19985,0.0002174407127313316
13,1345,19986,0.0021829537581652403
13,1346,19987,0.0003003400925081223
13,1347,19988,0.0002093717484967783
13,1348,19989,0.0005436709616333246
13,1349,19990,0.00022875134891364723
13,1350,19991,0.00024776975624263287
13,1351,19992,0.004024536814540625
13,1352,19993,0.003963931929320097
13,1353,19994,0.0019360891310498118
13,1354,19995,0.0002372929302509874
13,1355,19996,0.00021424112492240965
13,1356,19997,0.00029004612588323653
13,1357,19998,0.00025528829428367317
13,1358,19999,0.00026756609440781176
13,1359,20000,0.0007786693749949336
13,1360,20001,0.0007914348389022052
13,1361,20002,0.00013299280544742942
13,1362,20003,0.00029857741901651025
13,1363,20004,0.00023796803725417703
13,1364,20005,0.0003600792260840535
13,1365,20006,0.00013055093586444855
13,1366,20007,0.000623024592641741
13,1367,20008,0.0005203998880460858
13,1368,20009,0.0023439042270183563
13,1369,20010,0.0005055874353274703
13,1370,20011,0.0023050960153341293
13,1371,20012,0.00022097837063483894
13,1372,20013,0.0008897267980501056
13,1373,20014,0.00041927158599719405
13,1374,20015,0.00021477192058227956
13,1375,20016,0.0007644203724339604
13,1376,20017,0.0003013748792000115
13,1377,20018,0.0025608392897993326
13,1378,20019,0.000216914908378385
13,1379,20020,0.003405519062653184
13,1380,20021,0.0028016960714012384
13,1381,20022,0.0008298243628814816
13,1382,20023,0.00030402635456994176
13,1383,20024,0.0001732813543640077
13,1384,20025,0.0005323294899426401
13,1385,20026,0.0001532333408249542
13,1386,20027,0.00363151915371418
13,1387,20028,0.0006934638950042427
13,1388,20029,0.0003710692108143121
13,1389,20030,0.0005411773454397917
13,1390,20031,0.00022223778069019318
13,1391,20032,0.0020991135388612747
13,1392,20033,0.0002252298581879586
13,1393,20034,0.004175108857452869
13,1394,20035,0.0002090915950248018
13,1395,20036,0.0006572403945028782
13,1396,20037,0.00018919391732197255
13,1397,20038,0.0002808058634400368
13,1398,20039,0.0012178525794297457
13,1399,20040,0.0008937289821915329
13,1400,20041,0.009765089489519596
13,1401,20042,0.0002119964046869427
13,1402,20043,0.00025505077792331576
13,1403,20044,0.00034542192588560283
13,1404,20045,0.0001597475347807631
13,1405,20046,0.0002086046151816845
13,1406,20047,0.0003374267544131726
13,1407,20048,0.00025213052867911756
13,1408,20049,0.0002295134327141568
13,1409,20050,0.00024337717331945896
13,1410,20051,0.00036243285285308957
13,1411,20052,0.0002670817484613508
13,1412,20053,0.00039749094867147505
13,1413,20054,0.0002978797710966319
13,1414,20055,0.0009544681524857879
13,1415,20056,0.00021815802028868347
13,1416,20057,0.0008935788064263761
13,1417,20058,0.00023023116227705032
13,1418,20059,0.0002637787547428161
13,1419,20060,0.00032877986086532474
13,1420,20061,0.00029871720471419394
13,1421,20062,0.00041352579137310386
13,1422,20063,0.00020614419190678746
13,1423,20064,0.00031961759668774903
13,1424,20065,0.0009172062273137271
13,1425,20066,0.00044539477676153183
13,1426,20067,0.00650040153414011
13,1427,20068,0.0004082992672920227
13,1428,20069,0.00021513132378458977
13,1429,20070,0.00016671705816406757
13,1430,20071,0.0002633030235301703
13,1431,20072,0.0016112648881971836
13,1432,20073,0.00037922809133306146
13,1433,20074,0.00019983967649750412
13,1434,20075,0.0015169009566307068
14,1,20076,0.0004984609549865127
14,2,20077,0.00021992565598338842
14,3,20078,0.0003074162523262203
14,4,20079,0.0006104310741648078
14,5,20080,0.0007100302027538419
14,6,20081,0.0005598662537522614
14,7,20082,0.0002478945825714618
14,8,20083,0.0004911254509352148
14,9,20084,0.00011507617455208674
14,10,20085,0.00013575585035141557
14,11,20086,0.0003142358618788421
14,12,20087,0.00011184608592884615
14,13,20088,0.00033806226565502584
14,14,20089,0.00020819998462684453
14,15,20090,0.0003107299271505326
14,16,20091,0.00025579004432074726
14,17,20092,0.0002286682720296085
14,18,20093,0.001371463411487639
14,19,20094,0.00024849834153428674
14,20,20095,0.0001733681419864297
14,21,20096,0.00036430309410206974
14,22,20097,0.0032943696714937687
14,23,20098,0.00023968482855707407
14,24,20099,0.0005175200058147311
14,25,20100,0.0002316223253728822
14,26,20101,0.00031091607525013387
14,27,20102,0.0005373919848352671
14,28,20103,0.0002811369195114821
14,29,20104,0.002945392159745097
14,30,20105,0.00015880023420322686
14,31,20106,0.0001980930974241346
14,32,20107,0.0001945630501722917
14,33,20108,0.00023534733918495476
14,34,20109,0.00010902511712629348
14,35,20110,0.00015737806097604334
14,36,20111,0.038037221878767014
14,37,20112,0.0004036294121760875
14,38,20113,0.00013679932453669608
14,39,20114,0.0014691671822220087
14,40,20115,0.00032865183311514556
14,41,20116,0.0006981491460464895
14,42,20117,0.0004437384777702391
14,43,20118,0.0002849055454134941
14,44,20119,0.0009183569927699864
14,45,20120,0.00021382077829912305
14,46,20121,0.00022350381186697632
14,47,20122,0.0002834030892699957
14,48,20123,0.0001633812498766929
14,49,20124,0.0001915167667903006
14,50,20125,0.0004910319112241268
14,51,20126,0.00044898997293785214
14,52,20127,0.00021745894628111273
14,53,20128,0.0004329585062805563
14,54,20129,0.00020170268544461578
14,55,20130,0.0008883217233233154
14,56,20131,0.00042308479896746576
14,57,20132,0.0003729590680450201
14,58,20133,0.0002688018139451742
14,59,20134,0.00030948364292271435
14,60,20135,0.00021733049652539194
14,61,20136,0.000403530546464026
14,62,20137,0.0004790871462319046
14,63,20138,0.0003303228004369885
14,64,20139,0.000428316299803555
14,65,20140,0.00023800405324436724
14,66,20141,0.00017825131362769753
14,67,20142,0.00037320071714930236
14,68,20143,0.00015253687161020935
14,69,20144,0.0003632557636592537
14,70,20145,0.00022155889018904418
14,71,20146,0.0001784846099326387
14,72,20147,0.001561341225169599
14,73,20148,0.00023406468972098082
14,74,20149,0.00048726552631706
14,75,20150,0.00015824323054403067
14,76,20151,0.0007564525003544986
14,77,20152,0.00024887407198548317
14,78,20153,0.000723661039955914
14,79,20154,0.0052142757922410965
14,80,20155,0.0021491115912795067
14,81,20156,0.0004195024084765464
14,82,20157,0.00018396266386844218
14,83,20158,0.0002931100898422301
14,84,20159,0.010154387913644314
14,85,20160,0.00019592445460148156
14,86,20161,0.00033332870225422084
14,87,20162,0.0003341066185384989
14,88,20163,0.00014258343435358256
14,89,20164,0.0007893982692621648
14,90,20165,0.0002277088351547718
14,91,20166,0.0008412530878558755
14,92,20167,0.0003318198723718524
14,93,20168,0.000530859048012644
14,94,20169,0.00018911789811681956
14,95,20170,0.00014880867092870176
14,96,20171,0.001230404945090413
14,97,20172,0.00016466282249893993
14,98,20173,0.000768158701248467
14,99,20174,0.0004874755395576358
14,100,20175,0.0001840460317907855
14,101,20176,0.0009958504233509302
14,102,20177,0.000387278530979529
14,103,20178,0.000442632706835866
14,104,20179,0.00014512160851154476
14,105,20180,0.0002993429370690137
14,106,20181,0.0009934722911566496
14,107,20182,0.0007985700503922999
14,108,20183,0.0002483781718183309
14,109,20184,0.0007928527193143964
14,110,20185,0.00012526451610028744
14,111,20186,0.00018939070287160575
14,112,20187,0.0003143966314382851
14,113,20188,0.0003152518766000867
14,114,20189,0.0006883554742671549
14,115,20190,0.00015835989324841648
14,116,20191,0.00024438166292384267
14,117,20192,0.00024084639153443277
14,118,20193,0.00017962261335924268
14,119,20194,0.003315345384180546
14,120,20195,0.0031486074440181255
14,121,20196,0.00020753014541696757
14,122,20197,0.00032488518627360463
14,123,20198,0.0003084974305238575
14,124,20199,0.0002974281960632652
14,125,20200,0.00015610712580382824
14,126,20201,0.0006930971867404878
14,127,20202,0.00016699728439562023
14,128,20203,0.00022452964913100004
14,129,20204,0.00017006404232233763
14,130,20205,0.0002342481166124344
14,131,20206,0.0002593826793599874
14,132,20207,0.0024470423813909292
14,133,20208,0.00034639096702449024
14,134,20209,0.0021030786447227
14,135,20210,0.0008290571277029812
14,136,20211,0.00012077305291313678
14,137,20212,0.0033641026820987463
14,138,20213,0.00042356952326372266
14,139,20214,0.0027263916563242674
14,140,20215,0.0004687286855187267
14,141,20216,0.00047198691754601896
14,142,20217,0.00017651828238740563
14,143,20218,0.00022203077969606966
14,144,20219,0.0001712763332761824
14,145,20220,0.0002668641973286867
14,146,20221,0.00032524828566238284
14,147,20222,0.00038243536255322397
14,148,20223,0.0002052384807029739
14,149,20224,0.00017191245569847524
14,150,20225,0.0007393312407657504
14,151,20226,0.0005316282622516155
14,152,20227,0.0004549174918793142
14,153,20228,0.0007564474944956601
14,154,20229,0.00020615475659724325
14,155,20230,0.00023784539371263236
14,156,20231,0.0002665524079930037
14,157,20232,0.0006742258556187153
14,158,20233,0.0002097766409860924
14,159,20234,0.00012539445015136153
14,160,20235,0.00040231196908280253
14,161,20236,0.00027610885445028543
14,162,20237,0.00158658716827631
14,163,20238,0.0008221887983381748
14,164,20239,0.0007123403484001756
14,165,20240,0.0005570562207140028
14,166,20241,0.00021221331553533673
14,167,20242,0.00045145105104893446
14,168,20243,0.00041625218000262976
14,169,20244,0.0012249780120328069
14,170,20245,0.001722925342619419
14,171,20246,0.0006347688613459468
14,172,20247,0.0003354285436216742
14,173,20248,0.0005178735009394586
14,174,20249,0.00019294442608952522
14,175,20250,0.00029777767485938966
14,176,20251,0.00026299641467630863
14,177,20252,0.0002544518793001771
14,178,20253,0.000625535030849278
14,179,20254,0.00022792357776779681
14,180,20255,0.0002726777456700802
14,181,20256,0.0002713618741836399
14,182,20257,9.995605068979785e-05
14,183,20258,0.00015460756549146026
14,184,20259,0.0002816620690282434
14,185,20260,0.00025901992921717465
14,186,20261,0.00031994387973099947
14,187,20262,0.0002433452318655327
14,188,20263,0.0004103711689822376
14,189,20264,0.00019095989409834146
14,190,20265,0.00020141704590059817
14,191,20266,0.00026843007071875036
14,192,20267,7.308387284865603e-05
14,193,20268,0.00020881727687083185
14,194,20269,0.00033647590316832066
14,195,20270,0.00012173736467957497
14,196,20271,0.00010860192560357973
14,197,20272,0.00031803789897821844
14,198,20273,0.0002282722998643294
14,199,20274,0.0002993370871990919
14,200,20275,0.006049990653991699
14,201,20276,0.0004806709475815296
14,202,20277,0.005208149086683989
14,203,20278,0.0003434175450820476
14,204,20279,0.0002949389163404703
14,205,20280,0.0004275354149285704
14,206,20281,0.00016382645117118955
14,207,20282,0.00019633304327726364
14,208,20283,0.000739562208764255
14,209,20284,0.0001035855311783962
14,210,20285,8.00889465608634e-05
14,211,20286,0.00013374959235079587
14,212,20287,0.0004392050323076546
14,213,20288,0.00026142806746065617
14,214,20289,0.00018746416026260704
14,215,20290,8.345203968929127e-05
14,216,20291,0.0001513510651420802
14,217,20292,0.00045894086360931396
14,218,20293,0.00022784163593314588
14,219,20294,0.00031360879074782133
14,220,20295,0.0004843262431677431
14,221,20296,0.00024513487005606294
14,222,20297,9.710001904750243e-05
14,223,20298,8.211538806790486e-05
14,224,20299,0.0003070591774303466
14,225,20300,0.00034869814408011734
14,226,20301,0.0009495497215539217
14,227,20302,0.0003049608785659075
14,228,20303,0.0001997748331632465
14,229,20304,0.0002848169533535838
14,230,20305,0.0001855291920946911
14,231,20306,0.00012427737237885594
14,232,20307,0.00048448058078065515
14,233,20308,0.00043850470683537424
14,234,20309,0.0006684302934445441
14,235,20310,0.00016469047113787383
14,236,20311,0.00034517201129347086
14,237,20312,0.00040044565685093403
14,238,20313,0.000177581183379516
14,239,20314,0.0005820986698381603
14,240,20315,0.00026291259564459324
14,241,20316,0.00022140704095363617
14,242,20317,0.0003445007314439863
14,243,20318,0.0001667887408984825
14,244,20319,0.00026948313461616635
14,245,20320,0.00025635695783421397
14,246,20321,0.0004317711282055825
14,247,20322,0.00045442659757100046
14,248,20323,0.00021437485702335835
14,249,20324,0.00021357856167014688
14,250,20325,0.00029318640008568764
14,251,20326,0.00031170182046480477
14,252,20327,0.00017580708663444966
14,253,20328,0.00012841566058341414
14,254,20329,0.0009323402191512287
14,255,20330,0.0001792014081729576
14,256,20331,0.00017995436792261899
14,257,20332,0.00028010542155243456
14,258,20333,0.0014128634938970208
14,259,20334,0.0003171278221998364
14,260,20335,0.00027242195210419595
14,261,20336,0.0005114685627631843
14,262,20337,0.00021121930330991745
14,263,20338,0.00027677076286636293
14,264,20339,0.00028984539676457644
14,265,20340,0.00021530588855966926
14,266,20341,0.00020232627866789699
14,267,20342,0.0001826855295803398
14,268,20343,0.00040329215698875487
14,269,20344,0.0008666791836731136
14,270,20345,0.0004365286440588534
14,271,20346,0.0003112453268840909
14,272,20347,0.0002947839966509491
14,273,20348,0.0002449295134283602
14,274,20349,0.0007826854125596583
14,275,20350,0.0002354245661990717
14,276,20351,0.000420060328906402
14,277,20352,0.0001270982320420444
14,278,20353,0.00018973492842633277
14,279,20354,0.0004915021709166467
14,280,20355,0.00022149017604533583
14,281,20356,7.937869668239728e-05
14,282,20357,0.00022936232562642545
14,283,20358,0.0010290382197126746
14,284,20359,0.0001717201084829867
14,285,20360,0.003913721535354853
14,286,20361,0.0002082999562844634
14,287,20362,0.010975140146911144
14,288,20363,0.00015984781202860177
14,289,20364,0.00015696896298322827
14,290,20365,0.00014600747090298682
14,291,20366,7.776832353556529e-05
14,292,20367,0.000114376176497899
14,293,20368,0.0001230957277584821
14,294,20369,0.00034422989119775593
14,295,20370,0.0005070195184089243
14,296,20371,0.0001564898993819952
14,297,20372,0.0002023858978645876
14,298,20373,0.00017354771262034774
14,299,20374,0.00017676582501735538
14,300,20375,0.0012169150868430734
14,301,20376,0.0001088475328288041
14,302,20377,0.000839767511934042
14,303,20378,0.00033130106749013066
14,304,20379,0.00018917143461294472
14,305,20380,0.0005573251401074231
14,306,20381,0.00015894441457930952
14,307,20382,8.705272921361029e-05
14,308,20383,0.00034441519528627396
14,309,20384,0.0003267979482188821
14,310,20385,0.003373459680005908
14,311,20386,0.0003432685334701091
14,312,20387,0.00027665027300827205
14,313,20388,0.00041382957715541124
14,314,20389,0.0011450449237599969
14,315,20390,0.00024400537949986756
14,316,20391,0.0006266232812777162
14,317,20392,0.00048666191287338734
14,318,20393,0.0036007931921631098
14,319,20394,0.00043193998862989247
14,320,20395,0.0002721217169892043
14,321,20396,0.00015313018229790032
14,322,20397,0.000270475895376876
14,323,20398,0.00022301710851024836
14,324,20399,0.00010739936988102272
14,325,20400,0.0002700814511626959
14,326,20401,0.00021877555991522968
14,327,20402,0.0001770970702636987
14,328,20403,0.00018227598047815263
14,329,20404,0.0007515719626098871
14,330,20405,0.00018530392844695598
14,331,20406,9.288795990869403e-05
14,332,20407,0.0003956780710723251
14,333,20408,0.0002480500843375921
14,334,20409,0.0003029697109013796
14,335,20410,9.144667274085805e-05
14,336,20411,0.0002541683497838676
14,337,20412,0.00013181187387090176
14,338,20413,0.0005057983798906207
14,339,20414,0.00020509437308646739
14,340,20415,0.0004445544327609241
14,341,20416,0.000600930885411799
14,342,20417,0.000265025591943413
14,343,20418,0.00027726523694582283
14,344,20419,0.001395613537169993
14,345,20420,0.00020422728266566992
14,346,20421,0.0003285255515947938
14,347,20422,0.00030471369973383844
14,348,20423,0.00022836620337329805
14,349,20424,0.00012371540651656687
14,350,20425,0.0003548060776665807
14,351,20426,0.000145558689837344
14,352,20427,0.0002572123776189983
14,353,20428,0.0002491628110874444
14,354,20429,0.00023717997828498483
14,355,20430,0.000454406370408833
14,356,20431,0.00021661324717570096
14,357,20432,0.007051481399685144
14,358,20433,0.00016804241749923676
14,359,20434,0.00011991059000138193
14,360,20435,0.00021142222976777703
14,361,20436,0.002192666521295905
14,362,20437,0.0002149507199646905
14,363,20438,0.00016281443822663277
14,364,20439,0.0012969942763447762
14,365,20440,0.00016498671902809292
14,366,20441,0.00028840755112469196
14,367,20442,0.0002576644765213132
14,368,20443,0.0008629452786408365
14,369,20444,0.00042234070133417845
14,370,20445,0.0002573239617049694
14,371,20446,0.0002311591524630785
14,372,20447,0.0002543473965488374
14,373,20448,0.00011921570694539696
14,374,20449,0.0002196507266489789
14,375,20450,7.316094706766307e-05
14,376,20451,0.00013727789337281138
14,377,20452,9.99344774754718e-05
14,378,20453,0.00015512156824115664
14,379,20454,0.00021175852452870458
14,380,20455,0.00027216787566430867
14,381,20456,0.00020663451869040728
14,382,20457,0.00042912166099995375
14,383,20458,0.00039345258846879005
14,384,20459,0.0001987729629036039
14,385,20460,0.00037679116940125823
14,386,20461,0.00022795391851104796
14,387,20462,0.00015813250502105802
14,388,20463,0.00020186323672533035
14,389,20464,0.0006400299025699496
14,390,20465,0.00020295887952670455
14,391,20466,0.00024698354536667466
14,392,20467,0.0003131490957457572
14,393,20468,0.0004309360811021179
14,394,20469,8.485042781103402e-05
14,395,20470,0.0003281179815530777
14,396,20471,0.0004745335318148136
14,397,20472,0.0002634749689605087
14,398,20473,0.0002699666074477136
14,399,20474,0.0002496024244464934
14,400,20475,0.00023076961224433035
14,401,20476,0.0002103029255522415
14,402,20477,0.0003120382607448846
14,403,20478,0.0006061030435375869
14,404,20479,0.00014522415585815907
14,405,20480,0.0013422899646684527
14,406,20481,0.00014651048695668578
14,407,20482,0.00010101660882355645
14,408,20483,0.00011320745397824794
14,409,20484,0.04775194078683853
14,410,20485,0.0008811550214886665
14,411,20486,0.00021675294556189328
14,412,20487,0.0002876928192563355
14,413,20488,0.0003170554991811514
14,414,20489,0.0002048661553999409
14,415,20490,0.00021436047973111272
14,416,20491,0.0004933111486025155
14,417,20492,0.0004118814831599593
14,418,20493,0.00026137096574530005
14,419,20494,0.00012156760203652084
14,420,20495,0.0008583400049246848
14,421,20496,0.00010258443944621831
14,422,20497,0.00040837054257281125
14,423,20498,0.00022647799050901085
14,424,20499,0.00022861460456624627
14,425,20500,0.00037178696948103607
14,426,20501,0.00032547462615184486
14,427,20502,0.0002260874316561967
14,428,20503,0.000789336918387562
14,429,20504,0.0018159160390496254
14,430,20505,0.00032348072272725403
14,431,20506,0.0004778625734616071
14,432,20507,0.0002855326747521758
14,433,20508,0.0002789814316201955
14,434,20509,0.0005856273346580565
14,435,20510,0.00019505835371091962
14,436,20511,0.0006088411319069564
14,437,20512,0.0003608286497183144
14,438,20513,0.0021374428179115057
14,439,20514,0.00018689413263928145
14,440,20515,0.00019906132365576923
14,441,20516,0.00028474570717662573
14,442,20517,0.00015752340550534427
14,443,20518,0.00025010635727085173
14,444,20519,0.00010494342859601602
14,445,20520,0.00044185188016854227
14,446,20521,0.002457365160807967
14,447,20522,0.00024795628269203007
14,448,20523,0.00015139210154302418
14,449,20524,0.00025275719235651195
14,450,20525,0.0006764786085113883
14,451,20526,0.00017982952704187483
14,452,20527,0.000366921623935923
14,453,20528,9.799262625165284e-05
14,454,20529,0.0007774013793095946
14,455,20530,0.00015539109881501645
14,456,20531,0.00020258834410924464
14,457,20532,0.0008809271967038512
14,458,20533,0.0004986001295037568
14,459,20534,0.00013804499758407474
14,460,20535,0.00026498211082071066
14,461,20536,0.0005379165522754192
14,462,20537,0.00014524091966450214
14,463,20538,0.0002748146071098745
14,464,20539,0.0014094996731728315
14,465,20540,0.0003257879870943725
14,466,20541,0.00033769026049412787
14,467,20542,9.261265222448856e-05
14,468,20543,0.00012586939556058496
14,469,20544,0.0016198735684156418
14,470,20545,0.00013843733177054673
14,471,20546,0.00020275333372410387
14,472,20547,0.0005686678341589868
14,473,20548,0.00018521086894907057
14,474,20549,0.0002247580123366788
14,475,20550,0.0001015770249068737
14,476,20551,0.0004147029248997569
14,477,20552,0.0002250841644126922
14,478,20553,0.00047847110545262694
14,479,20554,0.00031545222736895084
14,480,20555,0.00032625411404296756
14,481,20556,0.00022280188568402082
14,482,20557,4.359888771432452e-05
14,483,20558,0.0002867787843570113
14,484,20559,0.0002956467214971781
14,485,20560,0.0008468222222290933
14,486,20561,0.00043718074448406696
14,487,20562,0.0014889631420373917
14,488,20563,0.00023869310098234564
14,489,20564,0.00034546584356576204
14,490,20565,0.00019118492491543293
14,491,20566,0.0002279116160934791
14,492,20567,0.0001760195882525295
14,493,20568,0.0002883826964534819
14,494,20569,0.0003169504925608635
14,495,20570,0.0007576375501230359
14,496,20571,0.0002111429930664599
14,497,20572,0.00019199243979528546
14,498,20573,0.0002615097910165787
14,499,20574,0.0005880926619283855
14,500,20575,0.0004617209197022021
14,501,20576,0.0015630652196705341
14,502,20577,0.00036661827471107244
14,503,20578,0.000159229981363751
14,504,20579,0.00015391208580695093
14,505,20580,0.0002671059046406299
14,506,20581,0.00017315680452156812
14,507,20582,0.00021185653167776763
14,508,20583,5.085216980660334e-05
14,509,20584,0.00014369511336553842
14,510,20585,0.0002880885440390557
14,511,20586,0.0008844222757034004
14,512,20587,0.002097688615322113
14,513,20588,0.00027870776830241084
14,514,20589,0.00017306010704487562
14,515,20590,0.0001389943208778277
14,516,20591,0.0003135782899335027
14,517,20592,0.0005377042689360678
14,518,20593,0.0002738733310252428
14,519,20594,0.0003785831213463098
14,520,20595,0.0004590610624291003
14,521,20596,0.00018287930288352072
14,522,20597,0.00023591722128912807
14,523,20598,0.0003680000372696668
14,524,20599,0.00024114124244078994
14,525,20600,0.000388404936529696
14,526,20601,0.0005703085917048156
14,527,20602,0.0030844020657241344
14,528,20603,0.0003134073340333998
14,529,20604,0.0004819053574465215
14,530,20605,0.0029759486205875874
14,531,20606,0.001311694853939116
14,532,20607,9.053098619915545e-05
14,533,20608,0.0002213409316027537
14,534,20609,0.00028764086891897023
14,535,20610,0.0002478722599335015
14,536,20611,7.414447463816032e-05
14,537,20612,0.0003402814327273518
14,538,20613,0.00019137149502057582
14,539,20614,0.00016718886035960168
14,540,20615,0.0001561374228913337
14,541,20616,0.00015669320418965071
14,542,20617,0.0003125692019239068
14,543,20618,0.00018444162560626864
14,544,20619,0.00014609392383135855
14,545,20620,0.0011635464616119862
14,546,20621,0.0002157464623451233
14,547,20622,0.00036656938027590513
14,548,20623,0.00026100012473762035
14,549,20624,0.00026300258468836546
14,550,20625,0.00034647280699573457
14,551,20626,0.00027487697661854327
14,552,20627,0.0005733146681450307
14,553,20628,5.914583380217664e-05
14,554,20629,0.0016942104557529092
14,555,20630,0.00026338326279073954
14,556,20631,0.0005504467408172786
14,557,20632,0.00032742833718657494
14,558,20633,0.0003094319545198232
14,559,20634,0.00038795205182395875
14,560,20635,0.0010539389913901687
14,561,20636,0.001439104089513421
14,562,20637,0.0002480675757396966
14,563,20638,0.0008223653421737254
14,564,20639,0.012851940467953682
14,565,20640,0.00026004118262790143
14,566,20641,0.0002557363477535546
14,567,20642,0.0004892348079010844
14,568,20643,0.00022007008374202996
14,569,20644,0.0002516073582228273
14,570,20645,0.00027623021742329
14,571,20646,0.0002492298081051558
14,572,20647,0.00020440078515093774
14,573,20648,8.208373765228316e-05
14,574,20649,0.0001469996786909178
14,575,20650,0.0001350666134385392
14,576,20651,0.00037065736250951886
14,577,20652,0.00017988802574109286
14,578,20653,0.0003306108701508492
14,579,20654,0.00039919023402035236
14,580,20655,0.00017392364679835737
14,581,20656,0.0002023899432970211
14,582,20657,0.0002526100433897227
14,583,20658,0.0002970383211504668
14,584,20659,0.00011369101412128657
14,585,20660,0.00014376752369571477
14,586,20661,0.00012512304238043725
14,587,20662,0.0002600496809463948
14,588,20663,0.00027429350302554667
14,589,20664,0.0004656482196878642
14,590,20665,5.181388041819446e-05
14,591,20666,0.000744385237339884
14,592,20667,0.0002510863123461604
14,593,20668,0.00013309164205566049
14,594,20669,0.0001355161366518587
14,595,20670,0.00023758600582368672
14,596,20671,0.00019615996279753745
14,597,20672,0.0033259631600230932
14,598,20673,9.569824032951146e-05
14,599,20674,8.075867663137615e-05
14,600,20675,0.0003095217689406127
14,601,20676,0.00013551204756367952
14,602,20677,0.0003643654054030776
14,603,20678,0.0003439210122451186
14,604,20679,0.0003002057201229036
14,605,20680,6.151814886834472e-05
14,606,20681,0.00013867822417523712
14,607,20682,0.0003730307216756046
14,608,20683,0.0002008713490795344
14,609,20684,0.001088873017579317
14,610,20685,0.0001520792138762772
14,611,20686,0.0001525517727714032
14,612,20687,0.0002234628627775237
14,613,20688,7.04454505466856e-05
14,614,20689,0.0003622718504630029
14,615,20690,4.842479029321112e-05
14,616,20691,0.00021709331485908478
14,617,20692,0.0004938157508149743
14,618,20693,0.00029424941749311984
14,619,20694,8.058145613176748e-05
14,620,20695,0.0002768885751720518
14,621,20696,0.0006014381069689989
14,622,20697,0.0005481464322656393
14,623,20698,0.0001692640216788277
14,624,20699,0.00013919800403527915
14,625,20700,0.00011407634156057611
14,626,20701,0.00030828596209175885
14,627,20702,0.00017317374295089394
14,628,20703,0.00014992892101872712
14,629,20704,0.00034959556069225073
14,630,20705,0.0008181330049410462
14,631,20706,0.0001381534239044413
14,632,20707,0.0001735414407448843
14,633,20708,0.00027439402765594423
14,634,20709,0.0007372245891019702
14,635,20710,0.00013551482697948813
14,636,20711,0.00021409281180240214
14,637,20712,0.00016834195412229747
14,638,20713,0.00022198045917320997
14,639,20714,0.00013852256233803928
14,640,20715,0.0004881099157501012
14,641,20716,0.0002513872750569135
14,642,20717,0.000843671674374491
14,643,20718,0.00018721299420576543
14,644,20719,0.0001378892338834703
14,645,20720,0.00041772995609790087
14,646,20721,0.00015370527398772538
14,647,20722,0.00015955427079461515
14,648,20723,0.0001672538637649268
14,649,20724,0.0024281723890453577
14,650,20725,0.00037013948895037174
14,651,20726,0.00033840505057014525
14,652,20727,0.00014441799430642277
14,653,20728,0.0002684766077436507
14,654,20729,0.00022923827054910362
14,655,20730,0.00013920596393290907
14,656,20731,0.0005333527224138379
14,657,20732,0.00030156446155160666
14,658,20733,0.00016007429803721607
14,659,20734,0.00036670302506536245
14,660,20735,0.0002849662268999964
14,661,20736,0.00016757256526034325
14,662,20737,0.0001963795511983335
14,663,20738,0.0002853920159395784
14,664,20739,0.0003459408471826464
14,665,20740,8.314954902743921e-05
14,666,20741,0.00013697845861315727
14,667,20742,0.0002868704032152891
14,668,20743,0.00019547923875506967
14,669,20744,0.00011156816617585719
14,670,20745,0.00018203267245553434
14,671,20746,0.0005463326815515757
14,672,20747,0.0002861717657651752
14,673,20748,0.0001243863662239164
14,674,20749,0.00012824797886423767
14,675,20750,0.00022907726815901697
14,676,20751,0.00025830583763308823
14,677,20752,0.00026464415714144707
14,678,20753,0.0003656439366750419
14,679,20754,0.00059272232465446
14,680,20755,0.0001834055146900937
14,681,20756,0.0001506157568655908
14,682,20757,0.0016820442397147417
14,683,20758,0.000255226535955444
14,684,20759,0.0002172092063119635
14,685,20760,0.00011267340596532449
14,686,20761,0.0001170147443190217
14,687,20762,0.00013546184345614165
14,688,20763,0.00023649724607821554
14,689,20764,4.654071381082758e-05
14,690,20765,0.0005229467642493546
14,691,20766,0.0001756643905537203
14,692,20767,0.0001919647620525211
14,693,20768,0.0007291478686966002
14,694,20769,0.00017293488781433553
14,695,20770,0.000164154072990641
14,696,20771,0.0009890090441331267
14,697,20772,0.00014036665379535407
14,698,20773,0.00033436401281505823
14,699,20774,0.00046818089322187006
14,700,20775,0.005319015588611364
14,701,20776,0.04032677039504051
14,702,20777,0.0003619710332714021
14,703,20778,0.004032067023217678
14,704,20779,0.00032395191374234855
14,705,20780,0.0008303752401843667
14,706,20781,0.000390569563023746
14,707,20782,0.00023164089361671358
14,708,20783,0.00033671848359517753
14,709,20784,0.00021878283587284386
14,710,20785,0.009882600046694279
14,711,20786,0.0001874352601589635
14,712,20787,0.00025274668587371707
14,713,20788,0.00019352263188920915
14,714,20789,0.0017991246422752738
14,715,20790,0.00015204872761387378
14,716,20791,0.0006599952466785908
14,717,20792,0.00022240681573748589
14,718,20793,0.00030096631962805986
14,719,20794,0.0001798482408048585
14,720,20795,0.00022690587502438575
14,721,20796,0.00023777602473273873
14,722,20797,0.0006001731962896883
14,723,20798,0.00037369507481344044
14,724,20799,0.00026632362278178334
14,725,20800,0.00029287600773386657
14,726,20801,0.00013606948778033257
14,727,20802,6.913856486789882e-05
14,728,20803,0.00038772221887484193
14,729,20804,0.000767370976973325
14,730,20805,0.00035428660339675844
14,731,20806,0.0002506397431716323
14,732,20807,0.00023978498938959092
14,733,20808,0.0006065264460630715
14,734,20809,0.001015489804558456
14,735,20810,0.0007779417792335153
14,736,20811,0.0025317613035440445
14,737,20812,0.0006588922697119415
14,738,20813,0.001528367050923407
14,739,20814,0.0002781351504381746
14,740,20815,0.0001690080825937912
14,741,20816,0.00030449384939856827
14,742,20817,0.0006053285324014723
14,743,20818,0.0001390983088640496
14,744,20819,9.534510900266469e-05
14,745,20820,0.00014566585014108568
14,746,20821,0.0002809840370900929
14,747,20822,0.0001918875495903194
14,748,20823,0.0004888539551757276
14,749,20824,0.00015772193728480488
14,750,20825,0.00017749739345163107
14,751,20826,0.00023174722446128726
14,752,20827,0.00034373332164250314
14,753,20828,0.0008223522454500198
14,754,20829,0.000400098564568907
14,755,20830,0.00031927097006700933
14,756,20831,0.0006124117062427104
14,757,20832,0.0016505095409229398
14,758,20833,0.0002085784508381039
14,759,20834,0.0002498874091543257
14,760,20835,0.0003634052991401404
14,761,20836,0.0014120131963863969
14,762,20837,0.00021555264538619667
14,763,20838,0.00022605902631767094
14,764,20839,0.0003903437464032322
14,765,20840,8.22846923256293e-05
14,766,20841,0.0003496884019114077
14,767,20842,0.0003920351155102253
14,768,20843,0.00015394753427244723
14,769,20844,0.0002820365480147302
14,770,20845,0.00013527947885449976
14,771,20846,0.00040100744809024036
14,772,20847,0.00022509756672661752
14,773,20848,0.00019527747645042837
14,774,20849,0.0002890819450840354
14,775,20850,0.0004296588886063546
14,776,20851,0.00023683208564762026
14,777,20852,0.021024921908974648
14,778,20853,0.0002699431497603655
14,779,20854,0.000434732559369877
14,780,20855,0.0006460866425186396
14,781,20856,0.0001606579462531954
14,782,20857,0.00030881582642905414
14,783,20858,0.0003509606758598238
14,784,20859,0.00012117542064515874
14,785,20860,0.0001694860984571278
14,786,20861,0.00015964476915542036
14,787,20862,8.228871593018994e-05
14,788,20863,0.00016197236254811287
14,789,20864,0.0003073833358939737
14,790,20865,0.00012422460713423789
14,791,20866,8.214984700316563e-05
14,792,20867,0.0002128267369698733
14,793,20868,0.0002320245112059638
14,794,20869,0.00027430258342064917
14,795,20870,0.0004906766698695719
14,796,20871,0.00013378815492615104
14,797,20872,3.97607363993302e-05
14,798,20873,0.0003141553606837988
14,799,20874,0.002958454890176654
14,800,20875,0.00022923556389287114
14,801,20876,0.00028224335983395576
14,802,20877,0.00048013305058702826
14,803,20878,0.0002448520390316844
14,804,20879,0.00016800416051410139
14,805,20880,0.0001750664523569867
14,806,20881,0.00019624312699306756
14,807,20882,0.0002935320953838527
14,808,20883,0.00010267266043229029
14,809,20884,0.0002703027566894889
14,810,20885,0.0002073554933303967
14,811,20886,0.005205195397138596
14,812,20887,0.0012255111942067742
14,813,20888,0.0004718692507594824
14,814,20889,0.004830569494515657
14,815,20890,0.0012976547004655004
14,816,20891,0.00010579008085187525
14,817,20892,0.000282544904621318
14,818,20893,0.00031921727349981666
14,819,20894,0.0003187905822414905
14,820,20895,0.0004833567363675684
14,821,20896,0.00033124323817901313
14,822,20897,0.00029025529511272907
14,823,20898,0.002735352609306574
14,824,20899,0.00023942893312778324
14,825,20900,9.319779928773642e-05
14,826,20901,0.0005847359425388277
14,827,20902,0.00012154527212260291
14,828,20903,0.0003000957367476076
14,829,20904,0.005032848101109266
14,830,20905,0.0010784657206386328
14,831,20906,0.00012771424371749163
14,832,20907,0.0004324471519794315
14,833,20908,0.0024001921992748976
14,834,20909,0.0002127027401002124
14,835,20910,0.0002315878082299605
14,836,20911,0.0003093237755820155
14,837,20912,0.00031936849700286984
14,838,20913,0.00013566100096795708
14,839,20914,0.0001533276226837188
14,840,20915,7.984999683685601e-05
14,841,20916,5.049601895734668e-05
14,842,20917,7.438754255417734e-05
14,843,20918,0.00017513101920485497
14,844,20919,0.000690987566486001
14,845,20920,0.0001932419982040301
14,846,20921,0.0003307092993054539
14,847,20922,0.00017429603030905128
14,848,20923,0.00014370009012054652
14,849,20924,0.00015092649846337736
14,850,20925,0.00021554343402385712
14,851,20926,0.00020746524387504905
14,852,20927,0.00018185641965828836
14,853,20928,0.00031650031451135874
14,854,20929,0.00011017046927008778
14,855,20930,0.0006292941397987306
14,856,20931,0.00013729251804761589
14,857,20932,0.00028407247737050056
14,858,20933,0.0001405050279572606
14,859,20934,0.00013037913595326245
14,860,20935,0.00046339299296960235
14,861,20936,0.00022045268269721419
14,862,20937,0.0003463314496912062
14,863,20938,9.45983047131449e-05
14,864,20939,0.00029718168661929667
14,865,20940,0.0001989488082472235
14,866,20941,0.0017208094941452146
14,867,20942,0.0003036602574866265
14,868,20943,0.00031483647762797773
14,869,20944,0.00019345423788763583
14,870,20945,0.00019045002409256995
14,871,20946,0.0002355678443564102
14,872,20947,0.00019653289928101003
14,873,20948,0.00035214409581385553
14,874,20949,0.00017924541316460818
14,875,20950,0.00026408032863400877
14,876,20951,0.00013605845742858946
14,877,20952,6.829281483078375e-05
14,878,20953,0.0003152080753352493
14,879,20954,0.00016373216931242496
14,880,20955,0.00023397858603857458
14,881,20956,0.00043888858635909855
14,882,20957,0.00027830881299450994
14,883,20958,0.0004898598999716341
14,884,20959,0.0002845480921678245
14,885,20960,9.89673935691826e-05
14,886,20961,0.0006030619842931628
14,887,20962,0.00016317228437401354
14,888,20963,0.0003180276835337281
14,889,20964,0.001244275481440127
14,890,20965,0.00018448401533532888
14,891,20966,0.0003365968295838684
14,892,20967,0.0004204574797768146
14,893,20968,5.188698924030177e-05
14,894,20969,0.00022885088401380926
14,895,20970,0.00024805456632748246
14,896,20971,0.001178087550215423
14,897,20972,9.358031820738688e-05
14,898,20973,0.0001306088815908879
14,899,20974,0.00034835151745937765
14,900,20975,0.0004107436689082533
14,901,20976,0.00015598950267303735
14,902,20977,0.0003421829896979034
14,903,20978,0.00011585510947043076
14,904,20979,0.00017730402760207653
14,905,20980,0.00024757819483056664
14,906,20981,0.0003724748967215419
14,907,20982,0.00013329564535524696
14,908,20983,0.0007781267631798983
14,909,20984,0.00020081360707990825
14,910,20985,0.0004166019207332283
14,911,20986,8.346753020305187e-05
14,912,20987,0.00022807960340287536
14,913,20988,0.0002764260279946029
14,914,20989,0.00023329418036155403
14,915,20990,0.00023501038958784193
14,916,20991,0.00020452194439712912
14,917,20992,0.00023397196491714567
14,918,20993,0.00016728436457924545
14,919,20994,0.00021748902508988976
14,920,20995,0.00017183335148729384
14,921,20996,0.0004782452015206218
14,922,20997,9.733866318129003e-05
14,923,20998,0.00021158174786251038
14,924,20999,0.0002092876093229279
14,925,21000,0.00035577095695771277
14,926,21001,0.01820342056453228
14,927,21002,0.0001837560994317755
14,928,21003,0.00022503675427287817
14,929,21004,0.00022782490123063326
14,930,21005,0.0003152086865156889
14,931,21006,0.00015548570081591606
14,932,21007,0.0007941691437736154
14,933,21008,0.0003140615299344063
14,934,21009,0.007484809961169958
14,935,21010,0.0005763755762018263
14,936,21011,6.805435259593651e-05
14,937,21012,0.00023280551249627024
14,938,21013,0.00016976837650872767
14,939,21014,0.005353229120373726
14,940,21015,0.0004011786077171564
14,941,21016,0.00013572224997915328
14,942,21017,0.00020713332924060524
14,943,21018,0.00016557810886297375
14,944,21019,0.012591788545250893
14,945,21020,0.0003213249146938324
14,946,21021,0.00017736437439452857
14,947,21022,0.00032261208980344236
14,948,21023,0.00036383664701133966
14,949,21024,0.00028713440406136215
14,950,21025,0.00010749204375315458
14,951,21026,0.00037906624493189156
14,952,21027,0.00013220842811279
14,953,21028,0.00029409321723505855
14,954,21029,0.0001730129006318748
14,955,21030,0.00011619591532507911
14,956,21031,0.0002627816575113684
14,957,21032,0.000289744115434587
14,958,21033,0.00023933127522468567
14,959,21034,0.0004947843262925744
14,960,21035,0.00014319251931738108
14,961,21036,0.00017181324074044824
14,962,21037,9.523888002149761e-05
14,963,21038,0.0002552061341702938
14,964,21039,0.0005454164347611368
14,965,21040,0.00015654327580705285
14,966,21041,8.429658191744238e-05
14,967,21042,7.20571115380153e-05
14,968,21043,0.00027835581568069756
14,969,21044,0.000285747111774981
14,970,21045,6.54787290841341e-05
14,971,21046,0.00018042659212369472
14,972,21047,0.00016618570953141898
14,973,21048,0.0004482980875764042
14,974,21049,4.064087988808751e-05
14,975,21050,0.00228279666043818
14,976,21051,6.373722135322168e-05
14,977,21052,0.0001450422714697197
14,978,21053,0.00046428132918663323
14,979,21054,0.0001723019959172234
14,980,21055,0.00038420106284320354
14,981,21056,6.981622573221102e-05
14,982,21057,0.000343554827850312
14,983,21058,0.0003005719627253711
14,984,21059,0.0001309775107074529
14,985,21060,0.00038590398617088795
14,986,21061,0.00013373343972489238
14,987,21062,0.0002117269323207438
14,988,21063,0.00028041392215527594
14,989,21064,0.00013052899157628417
14,990,21065,0.0003215466276742518
14,991,21066,0.00023970010806806386
14,992,21067,0.0019566707778722048
14,993,21068,0.00016551357111893594
14,994,21069,0.00028709069010801613
14,995,21070,0.0001909713464556262
14,996,21071,0.004194599576294422
14,997,21072,0.0001897476176964119
14,998,21073,0.0002634802949614823
14,999,21074,0.000752665102481842
14,1000,21075,0.00024872482754290104
14,1001,21076,0.0002349445567233488
14,1002,21077,0.0002407121064607054
14,1003,21078,0.00022101955255493522
14,1004,21079,0.0002352802112000063
14,1005,21080,0.0002353995805606246
14,1006,21081,0.000288535316940397
14,1007,21082,0.0001603136188350618
14,1008,21083,0.0004796505381818861
14,1009,21084,0.00027913961093872786
14,1010,21085,0.00021501691662706435
14,1011,21086,0.00026218564016744494
14,1012,21087,0.00020248918735887855
14,1013,21088,0.00011580223508644849
14,1014,21089,0.00035390935954637825
14,1015,21090,0.002716474235057831
14,1016,21091,0.0003170532581862062
14,1017,21092,0.0003669506113510579
14,1018,21093,0.0001986332645174116
14,1019,21094,0.000458540947875008
14,1020,21095,7.47280428186059e-05
14,1021,21096,3.32821837218944e-05
14,1022,21097,0.00015919332508929074
14,1023,21098,0.0002359718200750649
14,1024,21099,0.0001153839475591667
14,1025,21100,0.0005466348375193775
14,1026,21101,0.0001932755985762924
14,1027,21102,0.004935488570481539
14,1028,21103,0.0001348023215541616
14,1029,21104,0.00020613442757166922
14,1030,21105,0.00020525226136669517
14,1031,21106,0.0001858349860413
14,1032,21107,0.0012288184370845556
14,1033,21108,0.0001464566303184256
14,1034,21109,0.00014142670261207968
14,1035,21110,0.00011755464220186695
14,1036,21111,0.0002770018472801894
14,1037,21112,0.0001454382436349988
14,1038,21113,0.00037547582178376615
14,1039,21114,0.00022455026919487864
14,1040,21115,0.00012420059647411108
14,1041,21116,0.00011870580783579499
14,1042,21117,0.00029343244386836886
14,1043,21118,0.00025955523597076535
14,1044,21119,0.0001763079344527796
14,1045,21120,0.00027260277420282364
14,1046,21121,0.00022690783953294158
14,1047,21122,0.00026520586106926203
14,1048,21123,0.0003733821213245392
14,1049,21124,0.0001345910714007914
14,1050,21125,0.00016157273785211146
14,1051,21126,0.00010752749221865088
14,1052,21127,0.00019895253353752196
14,1053,21128,0.0013499270426109433
14,1054,21129,0.000456137175206095
14,1055,21130,4.7605051804566756e-05
14,1056,21131,0.0009611952700652182
14,1057,21132,0.00013237421808298677
14,1058,21133,0.00014188254135660827
14,1059,21134,0.00041269129724241793
14,1060,21135,0.00014625664334744215
14,1061,21136,0.00037136327591724694
14,1062,21137,0.0003978649328928441
14,1063,21138,0.0002534783852752298
14,1064,21139,0.0002919554535765201
14,1065,21140,0.00015536349383182824
14,1066,21141,0.0002694794093258679
14,1067,21142,0.00021032389486208558
14,1068,21143,0.0002510892227292061
14,1069,21144,0.0002839124936144799
14,1070,21145,0.00017198246496263891
14,1071,21146,9.257975034415722e-05
14,1072,21147,6.366440356941894e-05
14,1073,21148,9.057691204361618e-05
14,1074,21149,0.0002550639328546822
14,1075,21150,0.00047718340647406876
14,1076,21151,0.0001782233448466286
14,1077,21152,0.00014818499039392918
14,1078,21153,0.00018851600179914385
14,1079,21154,0.0001900721836136654
14,1080,21155,0.00011115717643406242
14,1081,21156,0.00018881513096857816
14,1082,21157,0.0001252125803148374
14,1083,21158,0.0005248740199021995
14,1084,21159,0.00037220920785330236
14,1085,21160,0.00016206581494770944
14,1086,21161,0.00024547232897020876
14,1087,21162,8.957140380516648e-05
14,1088,21163,0.00033920828718692064
14,1089,21164,0.00041671135113574564
14,1090,21165,0.00011251109390286729
14,1091,21166,0.00013447368110064417
14,1092,21167,0.00024247491091955453
14,1093,21168,0.029671357944607735
14,1094,21169,0.00021394914074335247
14,1095,21170,0.00038001249777153134
14,1096,21171,0.0030100757721811533
14,1097,21172,0.0002888907620217651
14,1098,21173,0.00030317765776999295
14,1099,21174,0.0005971243954263628
14,1100,21175,0.00022504411754198372
14,1101,21176,0.0003359252295922488
14,1102,21177,0.0002905016008298844
14,1103,21178,7.681790884817019e-05
14,1104,21179,0.00019391407840885222
14,1105,21180,0.0002649690432008356
14,1106,21181,0.00029032438760623336
14,1107,21182,0.0012784237042069435
14,1108,21183,0.0001784104242688045
14,1109,21184,0.0006250059814192355
14,1110,21185,0.000695343129336834
14,1111,21186,0.0001994612393900752
14,1112,21187,0.00015785018331371248
14,1113,21188,0.00016263409634120762
14,1114,21189,0.00020542349375318736
14,1115,21190,0.0005211509414948523
14,1116,21191,0.000298821076285094
14,1117,21192,0.00020283550838939846
14,1118,21193,0.00012223180965520442
14,1119,21194,0.0002173705870518461
14,1120,21195,0.00030680091003887355
14,1121,21196,0.0001751662784954533
14,1122,21197,0.00041228439658880234
14,1123,21198,0.00016333485837094486
14,1124,21199,0.0001775725686457008
14,1125,21200,0.00022324958990793675
14,1126,21201,0.0004208469472359866
14,1127,21202,0.00039475620724260807
14,1128,21203,0.000321287865517661
14,1129,21204,0.000492155842948705
14,1130,21205,0.00018129119416698813
14,1131,21206,6.810120976297185e-05
14,1132,21207,0.0001691423385636881
14,1133,21208,0.0001598470116732642
14,1134,21209,0.00037768454058095813
14,1135,21210,0.0005902713746763766
14,1136,21211,0.00035665606264956295
14,1137,21212,0.00022663312847726047
14,1138,21213,0.0003322537522763014
14,1139,21214,0.00015224395610857755
14,1140,21215,0.0001994865306187421
14,1141,21216,0.00021809058671351522
14,1142,21217,0.0003368276811670512
14,1143,21218,0.0002344934327993542
14,1144,21219,0.0002156249393010512
14,1145,21220,0.00019235152285546064
14,1146,21221,5.317601244314574e-05
14,1147,21222,0.00016567013517487794
14,1148,21223,0.0003530395624693483
14,1149,21224,0.00010060088970931247
14,1150,21225,0.0002895031066145748
14,1151,21226,0.0001612017658771947
14,1152,21227,0.001201764913275838
14,1153,21228,0.0012063684407621622
14,1154,21229,0.00026121875271201134
14,1155,21230,9.963422053260729e-05
14,1156,21231,0.0010562400566413999
14,1157,21232,0.0009599572513252497
14,1158,21233,0.0002577426203060895
14,1159,21234,0.000312626245431602
14,1160,21235,0.00032997841481119394
14,1161,21236,0.00014259733143262565
14,1162,21237,0.00018015805108007044
14,1163,21238,0.00048761675134301186
14,1164,21239,0.00017238414147868752
14,1165,21240,0.0003166759561281651
14,1166,21241,0.00022340303985401988
14,1167,21242,7.028003892628476e-05
14,1168,21243,0.00012435375538188964
14,1169,21244,0.00017640153237152845
14,1170,21245,0.0001337458670604974
14,1171,21246,0.0007598673109896481
14,1172,21247,0.00014518383250106126
14,1173,21248,0.00024528527865186334
14,1174,21249,0.0008179584983736277
14,1175,21250,8.144418825395405e-05
14,1176,21251,0.00020036162459291518
14,1177,21252,0.00022508815163746476
14,1178,21253,0.0001433920842828229
14,1179,21254,0.0005477790837176144
14,1180,21255,0.000224723742576316
14,1181,21256,0.000792085425928235
14,1182,21257,0.00023361619969364256
14,1183,21258,6.887126073706895e-05
14,1184,21259,0.00024008893524296582
14,1185,21260,0.004944611340761185
14,1186,21261,0.00014745595399290323
14,1187,21262,0.0001598713279236108
14,1188,21263,0.00019609472656156868
14,1189,21264,0.0002960829879157245
14,1190,21265,0.00013520687934942544
14,1191,21266,0.00019498064648360014
14,1192,21267,0.0022092272993177176
14,1193,21268,0.0001995378261199221
14,1194,21269,0.00024063498130999506
14,1195,21270,0.0001997538493014872
14,1196,21271,0.00027177136507816613
14,1197,21272,0.0001915280008688569
14,1198,21273,0.0005515691009350121
14,1199,21274,0.00015427355538122356
14,1200,21275,0.00023765000514686108
14,1201,21276,0.0001503185776527971
14,1202,21277,0.00022022814664524049
14,1203,21278,0.0007752656820230186
14,1204,21279,0.0001034841188811697
14,1205,21280,0.00046160435886122286
14,1206,21281,9.357336239190772e-05
14,1207,21282,0.002493916777893901
14,1208,21283,0.0004911178257316351
14,1209,21284,0.00020608202612493187
14,1210,21285,0.002236905973404646
14,1211,21286,0.019101515412330627
14,1212,21287,0.00029627044568769634
14,1213,21288,0.00028758624102920294
14,1214,21289,0.00013829287490807474
14,1215,21290,0.00021836358064319938
14,1216,21291,0.0002177621063310653
14,1217,21292,0.00026696009445004165
14,1218,21293,0.0003236736520193517
14,1219,21294,0.0008246895740740001
14,1220,21295,0.00017311217379756272
14,1221,21296,9.807859896682203e-05
14,1222,21297,0.0001932445156853646
14,1223,21298,0.0002717624302022159
14,1224,21299,0.0002613038814160973
14,1225,21300,0.0003406386822462082
14,1226,21301,0.00012444752792362124
14,1227,21302,0.0001402965426677838
14,1228,21303,0.00017276160360779613
14,1229,21304,0.00014663560432381928
14,1230,21305,0.00018724185065366328
14,1231,21306,0.0005966812022961676
14,1232,21307,0.00016527475963812321
14,1233,21308,0.000959354976657778
14,1234,21309,0.0002268893294967711
14,1235,21310,8.425978012382984e-05
14,1236,21311,0.00016781259910203516
14,1237,21312,0.00022965364041738212
14,1238,21313,9.55493378569372e-05
14,1239,21314,0.00030055458773858845
14,1240,21315,0.00012030997459078208
14,1241,21316,0.00010418643068987876
14,1242,21317,0.00027209953987039626
14,1243,21318,0.0002932609640993178
14,1244,21319,0.00029152960632927716
14,1245,21320,0.0008933449862524867
14,1246,21321,0.00029863964300602674
14,1247,21322,0.00011908759915968403
14,1248,21323,0.000394658709410578
14,1249,21324,0.00012594464351423085
14,1250,21325,0.0003847058687824756
14,1251,21326,0.00017239880980923772
14,1252,21327,0.00014242719043977559
14,1253,21328,0.0002225027565145865
14,1254,21329,0.00048471559421159327
14,1255,21330,0.00038619275437667966
14,1256,21331,0.0003173012810293585
14,1257,21332,0.0002599261060822755
14,1258,21333,0.00014571857172995806
14,1259,21334,0.00040123809594661
14,1260,21335,0.00013617078366223723
14,1261,21336,0.00015456430264748633
14,1262,21337,0.000103573220258113
14,1263,21338,0.0002623024338390678
14,1264,21339,0.012596255168318748
14,1265,21340,0.0002052819763775915
14,1266,21341,0.0003320160903967917
14,1267,21342,0.00016603080439381301
14,1268,21343,0.0001931987499119714
14,1269,21344,0.00013340981968212873
14,1270,21345,0.00031650502933189273
14,1271,21346,0.000284327135886997
14,1272,21347,0.0002740533964242786
14,1273,21348,0.00017836008919402957
14,1274,21349,0.00047039976925589144
14,1275,21350,0.00042581037268973887
14,1276,21351,0.0006116801523603499
14,1277,21352,0.00012926477938890457
14,1278,21353,0.00015576517034787685
14,1279,21354,0.00012651723227463663
14,1280,21355,0.00011406533303670585
14,1281,21356,0.00017108686733990908
14,1282,21357,0.0003048869548365474
14,1283,21358,0.00032538772211410105
14,1284,21359,0.000230667763389647
14,1285,21360,0.0005649844533763826
14,1286,21361,0.00014099459804128855
14,1287,21362,0.0004608461749739945
14,1288,21363,0.00044755704584531486
14,1289,21364,0.00016722106374800205
14,1290,21365,0.0002046442386927083
14,1291,21366,0.0002627573849167675
14,1292,21367,0.00026437148335389793
14,1293,21368,0.0001711697841528803
14,1294,21369,0.00020023285469505936
14,1295,21370,0.00025056314188987017
14,1296,21371,0.000144517223816365
14,1297,21372,6.735282659064978e-05
14,1298,21373,0.00496847927570343
14,1299,21374,0.00043351284693926573
14,1300,21375,0.00018204892694484442
14,1301,21376,0.0013887922978028655
14,1302,21377,0.0003042228927370161
14,1303,21378,0.00019768447964452207
14,1304,21379,0.00031882800976745784
14,1305,21380,0.0001627414021641016
14,1306,21381,8.452797192148864e-05
14,1307,21382,0.00011681800242513418
14,1308,21383,0.0002074215590255335
14,1309,21384,0.00015325596905313432
14,1310,21385,0.00019111399888060987
14,1311,21386,0.0012161689810454845
14,1312,21387,0.00016841311298776418
14,1313,21388,0.00027026503812521696
14,1314,21389,0.00016302699805237353
14,1315,21390,0.00016311161743942648
14,1316,21391,0.0002786247932817787
14,1317,21392,0.0001539731165394187
14,1318,21393,0.0007191410986706614
14,1319,21394,8.796564361546189e-05
14,1320,21395,0.0003625369572546333
14,1321,21396,0.00039724379894323647
14,1322,21397,0.004052316769957542
14,1323,21398,0.0001907638506963849
14,1324,21399,0.00024415820371359587
14,1325,21400,0.00040504970820620656
14,1326,21401,0.00024542148457840085
14,1327,21402,0.0006399922422133386
14,1328,21403,0.00022977749176789075
14,1329,21404,0.00040025869384407997
14,1330,21405,0.0008186755585484207
14,1331,21406,0.00026043111574836075
14,1332,21407,0.0001003825236693956
14,1333,21408,0.00013472179125528783
14,1334,21409,0.0003496936697047204
14,1335,21410,0.0002069031907012686
14,1336,21411,0.00017928956367541105
14,1337,21412,0.0002833613834809512
14,1338,21413,0.0004059604834765196
14,1339,21414,5.469522511702962e-05
14,1340,21415,0.0046463413164019585
14,1341,21416,0.0005130958161316812
14,1342,21417,0.0012388275936245918
14,1343,21418,8.2405298599042e-05
14,1344,21419,0.00018365736468695104
14,1345,21420,0.00017268009833060205
14,1346,21421,0.00016223336569964886
14,1347,21422,0.00011269879905739799
14,1348,21423,0.0006072795367799699
14,1349,21424,0.0001695326209301129
14,1350,21425,0.00022617865761276335
14,1351,21426,0.00013444843352772295
14,1352,21427,0.00041521326056681573
14,1353,21428,0.00022874183196108788
14,1354,21429,0.0004592020413838327
14,1355,21430,0.00015623687068000436
14,1356,21431,0.000682955898810178
14,1357,21432,0.000446012505562976
14,1358,21433,0.00022970998543314636
14,1359,21434,0.07189708203077316
14,1360,21435,0.00015481433365494013
14,1361,21436,0.00023578378022648394
14,1362,21437,0.00033311345032416284
14,1363,21438,6.54294781270437e-05
14,1364,21439,0.00045794740435667336
14,1365,21440,0.0003268137515988201
14,1366,21441,0.00030392580083571374
14,1367,21442,0.00018904628814198077
14,1368,21443,0.00018043721502181143
14,1369,21444,0.0001421849592588842
14,1370,21445,0.00011943721619900316
14,1371,21446,0.00014234008267521858
14,1372,21447,0.00017583637963980436
14,1373,21448,0.00035513369948603213
14,1374,21449,0.0004784580087289214
14,1375,21450,0.0006426359759643674
14,1376,21451,0.0018000935669988394
14,1377,21452,0.00016936850443016738
14,1378,21453,5.749828778789379e-05
14,1379,21454,0.0002736637834459543
14,1380,21455,0.0001961816451512277
14,1381,21456,0.0027097552083432674
14,1382,21457,0.00021132506662979722
14,1383,21458,0.00018572286353446543
14,1384,21459,0.00039983101305551827
14,1385,21460,9.007425978779793e-05
14,1386,21461,0.000318904931191355
14,1387,21462,0.0006276184576563537
14,1388,21463,0.0003183519875165075
14,1389,21464,9.777024388313293e-05
14,1390,21465,0.00035173623473383486
14,1391,21466,0.00030560747836716473
14,1392,21467,0.00024748616851866245
14,1393,21468,0.0003194061282556504
14,1394,21469,0.0008612453821115196
14,1395,21470,0.0010591784957796335
14,1396,21471,0.00020713471167255193
14,1397,21472,0.00017596723046153784
14,1398,21473,0.00029617190011776984
14,1399,21474,0.00039108344935812056
14,1400,21475,0.0018106924835592508
14,1401,21476,0.0008072768105193973
14,1402,21477,0.00036794747575186193
14,1403,21478,0.0006079266895540059
14,1404,21479,0.0001603781565790996
14,1405,21480,9.457427222514525e-05
14,1406,21481,0.009040562435984612
14,1407,21482,0.0003382098220754415
14,1408,21483,0.00020267600484658033
14,1409,21484,0.0009177778265438974
14,1410,21485,0.00028123497031629086
14,1411,21486,0.00033483561128377914
14,1412,21487,6.661588849965483e-05
14,1413,21488,0.0003526981163304299
14,1414,21489,0.00019768760830629617
14,1415,21490,0.00014521603588946164
14,1416,21491,0.0006291429162956774
14,1417,21492,0.00021008112526033074
14,1418,21493,9.593554568709806e-05
14,1419,21494,0.00033920040004886687
14,1420,21495,0.0001451465650461614
14,1421,21496,0.0002710451663006097
14,1422,21497,0.00022140778310131282
14,1423,21498,0.0013896710006520152
14,1424,21499,0.0002931470226030797
14,1425,21500,0.00019304160377942026
14,1426,21501,0.0001742729073157534
14,1427,21502,0.00016276811948046088
14,1428,21503,0.0002826773561537266
14,1429,21504,0.00021532029495574534
14,1430,21505,9.21794562600553e-05
14,1431,21506,0.0017888055881485343
14,1432,21507,0.000308568705804646
14,1433,21508,0.0004995753988623619
14,1434,21509,0.00025193035253323615
