epoch,batch,global_step,loss
0,1,0,6.629123687744141
0,2,1,7.044250965118408
0,3,2,6.822498321533203
0,4,3,7.2221479415893555
0,5,4,6.594570636749268
0,6,5,6.429198265075684
0,7,6,6.682008743286133
0,8,7,7.025603771209717
0,9,8,6.53476095199585
0,10,9,7.114687919616699
0,11,10,6.87388277053833
0,12,11,6.654417037963867
0,13,12,6.527128219604492
0,14,13,6.757831573486328
0,15,14,6.781576156616211
0,16,15,6.709169864654541
0,17,16,6.731752872467041
0,18,17,6.653409957885742
0,19,18,6.507858753204346
0,20,19,6.444492816925049
0,21,20,6.489456653594971
0,22,21,6.72747278213501
0,23,22,6.760051250457764
0,24,23,6.333756923675537
0,25,24,6.560912132263184
0,26,25,6.70273494720459
0,27,26,6.668866157531738
0,28,27,6.417270183563232
0,29,28,6.5421953201293945
0,30,29,6.512248992919922
0,31,30,6.658313751220703
0,32,31,6.543123722076416
0,33,32,6.569208145141602
0,34,33,6.374638080596924
0,35,34,6.5083184242248535
0,36,35,6.332096576690674
0,37,36,6.466859817504883
0,38,37,6.460439205169678
0,39,38,6.399806976318359
0,40,39,6.563900470733643
0,41,40,6.394225120544434
0,42,41,6.180644989013672
0,43,42,6.383738040924072
0,44,43,6.350761890411377
0,45,44,6.509178161621094
0,46,45,6.216872215270996
0,47,46,6.280880451202393
0,48,47,6.331283092498779
0,49,48,6.596496105194092
0,50,49,6.284688949584961
0,51,50,6.170323371887207
0,52,51,6.398184299468994
0,53,52,6.202445983886719
0,54,53,6.242086887359619
0,55,54,6.133243083953857
0,56,55,6.035904884338379
0,57,56,6.207088470458984
0,58,57,6.387844562530518
0,59,58,6.045816898345947
0,60,59,6.2959303855896
0,61,60,6.324984550476074
0,62,61,5.955930233001709
0,63,62,6.090001583099365
0,64,63,5.99776029586792
0,65,64,6.019693374633789
0,66,65,6.124832630157471
0,67,66,6.109799861907959
0,68,67,6.258805274963379
0,69,68,5.883573055267334
0,70,69,6.240320682525635
0,71,70,6.212782859802246
0,72,71,6.134742736816406
0,73,72,6.045897960662842
0,74,73,5.905914783477783
0,75,74,6.035295009613037
0,76,75,5.897774696350098
0,77,76,5.9821319580078125
0,78,77,6.290074348449707
0,79,78,6.003149032592773
0,80,79,6.0215744972229
0,81,80,6.119062900543213
0,82,81,5.952277660369873
0,83,82,5.745550632476807
0,84,83,5.792207717895508
0,85,84,5.6851396560668945
0,86,85,6.021121501922607
0,87,86,5.777350425720215
0,88,87,6.0097432136535645
0,89,88,5.72139835357666
0,90,89,6.020510196685791
0,91,90,5.80016565322876
0,92,91,5.865894794464111
0,93,92,5.885436534881592
0,94,93,5.612308502197266
0,95,94,5.741086483001709
0,96,95,5.885802745819092
0,97,96,5.656505584716797
0,98,97,5.796541690826416
0,99,98,5.7348527908325195
0,100,99,5.8890299797058105
0,101,100,5.4548115730285645
0,102,101,5.8546061515808105
0,103,102,5.918818473815918
0,104,103,5.504469871520996
0,105,104,5.658097743988037
0,106,105,5.605652332305908
0,107,106,5.6027445793151855
0,108,107,5.3948798179626465
0,109,108,5.524542331695557
0,110,109,5.427947521209717
0,111,110,5.5327558517456055
0,112,111,5.799614906311035
0,113,112,5.575325965881348
0,114,113,5.653365612030029
0,115,114,5.672824859619141
0,116,115,5.467656135559082
0,117,116,5.526581764221191
0,118,117,5.63929557800293
0,119,118,5.531125545501709
0,120,119,5.538140296936035
0,121,120,5.534834861755371
0,122,121,5.3955535888671875
0,123,122,5.5604023933410645
0,124,123,5.447505950927734
0,125,124,5.445649147033691
0,126,125,5.263630390167236
0,127,126,5.6097917556762695
0,128,127,5.465236186981201
0,129,128,5.434018135070801
0,130,129,5.495054721832275
0,131,130,5.152982711791992
0,132,131,5.280024528503418
0,133,132,5.2803239822387695
0,134,133,5.397848129272461
0,135,134,5.418445110321045
0,136,135,5.319830417633057
0,137,136,5.351396083831787
0,138,137,5.427000999450684
0,139,138,5.2605109214782715
0,140,139,5.13212776184082
0,141,140,5.319346904754639
0,142,141,5.35330057144165
0,143,142,5.227234840393066
0,144,143,5.272387504577637
0,145,144,5.482679843902588
0,146,145,5.254590034484863
0,147,146,5.303670883178711
0,148,147,5.477311134338379
0,149,148,5.191522598266602
0,150,149,5.249727249145508
0,151,150,5.137820243835449
0,152,151,5.200788974761963
0,153,152,5.328344821929932
0,154,153,5.417163372039795
0,155,154,5.109670162200928
0,156,155,5.160513877868652
0,157,156,5.405571937561035
0,158,157,5.143101215362549
0,159,158,5.395636558532715
0,160,159,5.148821830749512
0,161,160,5.370151519775391
0,162,161,5.264880180358887
0,163,162,5.091368675231934
0,164,163,5.035598278045654
0,165,164,5.141201019287109
0,166,165,5.003825664520264
0,167,166,5.152196407318115
0,168,167,4.987446308135986
0,169,168,5.1545820236206055
0,170,169,4.799180507659912
0,171,170,5.228879451751709
0,172,171,4.881019115447998
0,173,172,5.150850772857666
0,174,173,5.198679447174072
0,175,174,5.042288303375244
0,176,175,4.96754789352417
0,177,176,5.014854431152344
0,178,177,4.899997234344482
0,179,178,5.231145858764648
0,180,179,5.148509502410889
0,181,180,4.929727554321289
0,182,181,4.730383396148682
0,183,182,4.993622779846191
0,184,183,5.072080135345459
0,185,184,4.9555816650390625
0,186,185,4.9526753425598145
0,187,186,4.879525661468506
0,188,187,4.712648868560791
0,189,188,4.803928852081299
0,190,189,4.96169900894165
0,191,190,5.088193893432617
0,192,191,4.989943504333496
0,193,192,4.813234329223633
0,194,193,4.752499580383301
0,195,194,4.936588287353516
0,196,195,4.854637622833252
0,197,196,4.928420066833496
0,198,197,5.193017959594727
0,199,198,4.769577980041504
0,200,199,4.650851249694824
0,201,200,4.777592658996582
0,202,201,4.791610240936279
0,203,202,4.791503429412842
0,204,203,4.674934387207031
0,205,204,4.7965617179870605
0,206,205,4.7648606300354
0,207,206,4.6553215980529785
0,208,207,4.612650394439697
0,209,208,4.716848850250244
0,210,209,4.654152870178223
0,211,210,4.833868503570557
0,212,211,4.5638298988342285
0,213,212,4.670766353607178
0,214,213,4.7956624031066895
0,215,214,4.680325508117676
0,216,215,4.657280445098877
0,217,216,4.608040809631348
0,218,217,4.693029403686523
0,219,218,4.7975544929504395
0,220,219,4.776068210601807
0,221,220,4.545872211456299
0,222,221,4.458634853363037
0,223,222,4.678316116333008
0,224,223,4.709434509277344
0,225,224,4.546961307525635
0,226,225,4.752685546875
0,227,226,4.56533670425415
0,228,227,4.537029266357422
0,229,228,4.648792266845703
0,230,229,4.5456976890563965
0,231,230,4.561124324798584
0,232,231,4.404889106750488
0,233,232,4.381929397583008
0,234,233,4.393510341644287
0,235,234,4.614979267120361
0,236,235,4.446873188018799
0,237,236,4.379473686218262
0,238,237,4.642392635345459
0,239,238,4.284061908721924
0,240,239,4.399252414703369
0,241,240,4.289595603942871
0,242,241,4.379742622375488
0,243,242,4.384838104248047
0,244,243,4.329548358917236
0,245,244,4.415709018707275
0,246,245,4.185385704040527
0,247,246,4.29010534286499
0,248,247,4.283461093902588
0,249,248,4.465742588043213
0,250,249,4.249565601348877
0,251,250,4.256261348724365
0,252,251,4.126670837402344
0,253,252,4.283199787139893
0,254,253,4.154846668243408
0,255,254,4.06998872756958
0,256,255,4.266124248504639
0,257,256,4.167900562286377
0,258,257,4.2209792137146
0,259,258,4.171314239501953
0,260,259,4.1636481285095215
0,261,260,4.216619968414307
0,262,261,3.965484619140625
0,263,262,4.326005458831787
0,264,263,3.9584097862243652
0,265,264,4.222505569458008
0,266,265,3.966130495071411
0,267,266,3.9217419624328613
0,268,267,4.156844139099121
0,269,268,3.891258478164673
0,270,269,3.8981385231018066
0,271,270,4.004297733306885
0,272,271,3.979759931564331
0,273,272,3.7869346141815186
0,274,273,4.159422874450684
0,275,274,3.996040105819702
0,276,275,4.021949291229248
0,277,276,4.0152058601379395
0,278,277,3.9711191654205322
0,279,278,3.8841135501861572
0,280,279,3.7688469886779785
0,281,280,3.804668426513672
0,282,281,3.73344349861145
0,283,282,4.017531871795654
0,284,283,4.057534694671631
0,285,284,3.909477710723877
0,286,285,3.692939519882202
0,287,286,3.736422300338745
0,288,287,4.145003795623779
0,289,288,3.938474416732788
0,290,289,3.7431607246398926
0,291,290,3.9419376850128174
0,292,291,4.156899452209473
0,293,292,3.9752137660980225
0,294,293,3.7810451984405518
0,295,294,3.8091483116149902
0,296,295,3.6965630054473877
0,297,296,3.9063827991485596
0,298,297,3.768415689468384
0,299,298,3.57770037651062
0,300,299,3.906348466873169
0,301,300,3.669013023376465
0,302,301,3.91548752784729
0,303,302,3.846094846725464
0,304,303,3.8357973098754883
0,305,304,3.757168769836426
0,306,305,3.6068243980407715
0,307,306,3.9373087882995605
0,308,307,3.902390241622925
0,309,308,3.6095221042633057
0,310,309,3.9073333740234375
0,311,310,3.7431180477142334
0,312,311,3.6558687686920166
0,313,312,3.591623544692993
0,314,313,3.4492547512054443
0,315,314,3.419337272644043
0,316,315,3.8482954502105713
0,317,316,3.980828285217285
0,318,317,3.791752815246582
0,319,318,3.5547261238098145
0,320,319,3.76739501953125
0,321,320,3.6158573627471924
0,322,321,3.5572450160980225
0,323,322,3.48588228225708
0,324,323,3.596785306930542
0,325,324,3.689849853515625
0,326,325,3.3125505447387695
0,327,326,3.611696720123291
0,328,327,3.335550308227539
0,329,328,3.362420082092285
0,330,329,3.7607405185699463
0,331,330,3.538801431655884
0,332,331,3.538531541824341
0,333,332,3.522594690322876
0,334,333,3.8613879680633545
0,335,334,3.8009560108184814
0,336,335,3.5098912715911865
0,337,336,3.3216960430145264
0,338,337,3.5032923221588135
0,339,338,3.5923876762390137
0,340,339,3.482295036315918
0,341,340,3.510929584503174
0,342,341,3.311744451522827
0,343,342,3.3491179943084717
0,344,343,3.6510372161865234
0,345,344,3.5335493087768555
0,346,345,3.463981866836548
0,347,346,3.746872901916504
0,348,347,3.6305649280548096
0,349,348,3.625013828277588
0,350,349,3.569361925125122
0,351,350,3.468369722366333
0,352,351,3.422299861907959
0,353,352,3.572460412979126
0,354,353,3.4183592796325684
0,355,354,3.580808401107788
0,356,355,3.503957986831665
0,357,356,3.1599478721618652
0,358,357,3.355431318283081
0,359,358,3.1617472171783447
0,360,359,3.353851795196533
0,361,360,3.5052759647369385
0,362,361,3.365361213684082
0,363,362,3.21559739112854
0,364,363,3.587313652038574
0,365,364,2.918433666229248
0,366,365,3.2743749618530273
0,367,366,2.896575689315796
0,368,367,3.022374153137207
0,369,368,3.401608467102051
0,370,369,2.873605966567993
0,371,370,3.152479648590088
0,372,371,3.225717306137085
0,373,372,3.553452968597412
0,374,373,3.2291908264160156
0,375,374,3.301880121231079
0,376,375,3.1385996341705322
0,377,376,3.2925336360931396
0,378,377,3.280674457550049
0,379,378,3.383376359939575
0,380,379,3.1888833045959473
0,381,380,3.4641635417938232
0,382,381,3.014742374420166
0,383,382,3.1937646865844727
0,384,383,3.332568645477295
0,385,384,3.3155126571655273
0,386,385,2.932462215423584
0,387,386,2.863083839416504
0,388,387,3.1946444511413574
0,389,388,3.3729090690612793
0,390,389,2.9685895442962646
0,391,390,3.111222267150879
0,392,391,2.967325448989868
0,393,392,3.1538705825805664
0,394,393,3.491481065750122
0,395,394,3.1694772243499756
0,396,395,3.072819709777832
0,397,396,3.4746925830841064
0,398,397,3.4201345443725586
0,399,398,3.0955240726470947
0,400,399,2.9431912899017334
0,401,400,3.123096466064453
0,402,401,2.9479894638061523
0,403,402,3.04726505279541
0,404,403,3.0155036449432373
0,405,404,3.2424075603485107
0,406,405,3.1534602642059326
0,407,406,3.0151712894439697
0,408,407,3.0121800899505615
0,409,408,2.5155959129333496
0,410,409,2.4921491146087646
0,411,410,2.939974784851074
0,412,411,2.914290428161621
0,413,412,2.688485622406006
0,414,413,3.183377742767334
0,415,414,3.0077316761016846
0,416,415,2.9495677947998047
0,417,416,2.622941255569458
0,418,417,3.1632797718048096
0,419,418,3.0736916065216064
0,420,419,3.1561226844787598
0,421,420,3.0172436237335205
0,422,421,2.3775646686553955
0,423,422,2.9901270866394043
0,424,423,2.3754477500915527
0,425,424,3.141533613204956
0,426,425,3.0386769771575928
0,427,426,3.0583481788635254
0,428,427,2.644474744796753
0,429,428,2.8297784328460693
0,430,429,2.7333946228027344
0,431,430,3.1036388874053955
0,432,431,2.7957687377929688
0,433,432,2.748563528060913
0,434,433,2.5176517963409424
0,435,434,2.5442793369293213
0,436,435,2.8402199745178223
0,437,436,2.9490509033203125
0,438,437,3.1709423065185547
0,439,438,2.5946457386016846
0,440,439,2.662479877471924
0,441,440,2.4761152267456055
0,442,441,2.7062182426452637
0,443,442,2.690765857696533
0,444,443,2.6055688858032227
0,445,444,2.650089740753174
0,446,445,2.386580228805542
0,447,446,2.4832208156585693
0,448,447,2.5064125061035156
0,449,448,2.525556802749634
0,450,449,2.5287835597991943
0,451,450,2.467405319213867
0,452,451,3.0570333003997803
0,453,452,2.6142163276672363
0,454,453,2.822648525238037
0,455,454,2.891629457473755
0,456,455,2.6847293376922607
0,457,456,2.7450473308563232
0,458,457,2.4278738498687744
0,459,458,2.5584919452667236
0,460,459,2.5164966583251953
0,461,460,2.5922670364379883
0,462,461,2.795610189437866
0,463,462,2.5517613887786865
0,464,463,2.576368808746338
0,465,464,2.407714366912842
0,466,465,2.189005136489868
0,467,466,2.3616228103637695
0,468,467,2.773059129714966
0,469,468,2.4018828868865967
0,470,469,2.1000754833221436
0,471,470,2.4459288120269775
0,472,471,2.6476197242736816
0,473,472,2.7903614044189453
0,474,473,2.3655920028686523
0,475,474,2.480229377746582
0,476,475,2.1109907627105713
0,477,476,2.580686569213867
0,478,477,2.508816957473755
0,479,478,2.4429807662963867
0,480,479,2.2208259105682373
0,481,480,2.394697666168213
0,482,481,2.4091413021087646
0,483,482,2.214038372039795
0,484,483,2.5864288806915283
0,485,484,2.418076515197754
0,486,485,2.1654984951019287
0,487,486,2.1569952964782715
0,488,487,2.1341958045959473
0,489,488,2.1484620571136475
0,490,489,2.0402989387512207
0,491,490,2.306098222732544
0,492,491,2.291957378387451
0,493,492,2.2573606967926025
0,494,493,2.3263626098632812
0,495,494,2.2747445106506348
0,496,495,2.1035802364349365
0,497,496,2.4405860900878906
0,498,497,2.0065205097198486
0,499,498,2.131880521774292
0,500,499,1.9455804824829102
0,501,500,2.022653818130493
0,502,501,2.2625269889831543
0,503,502,2.156564474105835
0,504,503,1.993064045906067
0,505,504,2.1934924125671387
0,506,505,2.0657436847686768
0,507,506,1.7881351709365845
0,508,507,1.81557035446167
0,509,508,1.684911847114563
0,510,509,1.9734631776809692
0,511,510,1.9961786270141602
0,512,511,1.73616361618042
0,513,512,1.9869333505630493
0,514,513,1.4395320415496826
0,515,514,1.9747964143753052
0,516,515,1.6762882471084595
0,517,516,1.8082504272460938
0,518,517,2.3628597259521484
0,519,518,1.7110844850540161
0,520,519,1.9693868160247803
0,521,520,2.2640414237976074
0,522,521,2.208272695541382
0,523,522,1.3511028289794922
0,524,523,1.7024849653244019
0,525,524,2.0528619289398193
0,526,525,1.7921794652938843
0,527,526,1.9134935140609741
0,528,527,1.6802750825881958
0,529,528,2.05299973487854
0,530,529,1.6407922506332397
0,531,530,2.221637487411499
0,532,531,1.6789767742156982
0,533,532,1.6162718534469604
0,534,533,1.5405247211456299
0,535,534,1.5683101415634155
0,536,535,1.8490263223648071
0,537,536,1.4107216596603394
0,538,537,1.950383186340332
0,539,538,1.5185920000076294
0,540,539,1.8928425312042236
0,541,540,1.1558125019073486
0,542,541,1.8144898414611816
0,543,542,2.068509101867676
0,544,543,1.7720807790756226
0,545,544,1.450620174407959
0,546,545,1.767741084098816
0,547,546,1.5804924964904785
0,548,547,1.7379438877105713
0,549,548,1.910198450088501
0,550,549,1.397352933883667
0,551,550,1.4086600542068481
0,552,551,1.78220534324646
0,553,552,1.5798758268356323
0,554,553,1.8913118839263916
0,555,554,1.9078521728515625
0,556,555,1.7832781076431274
0,557,556,1.5798619985580444
0,558,557,1.8200863599777222
0,559,558,1.5957034826278687
0,560,559,1.546981930732727
0,561,560,1.561384677886963
0,562,561,1.5217556953430176
0,563,562,1.397662878036499
0,564,563,1.906965732574463
0,565,564,1.1001518964767456
0,566,565,1.6387019157409668
0,567,566,1.4491173028945923
0,568,567,1.4352375268936157
0,569,568,1.9881706237792969
0,570,569,1.7015838623046875
0,571,570,1.7157360315322876
0,572,571,1.3182140588760376
0,573,572,1.3696811199188232
0,574,573,0.7433677911758423
0,575,574,1.55088472366333
0,576,575,1.2749395370483398
0,577,576,1.8169975280761719
0,578,577,1.4573464393615723
0,579,578,1.2572407722473145
0,580,579,1.5664489269256592
0,581,580,1.5545319318771362
0,582,581,1.416131615638733
0,583,582,1.1039096117019653
0,584,583,1.1554166078567505
0,585,584,1.5474263429641724
0,586,585,1.9036282300949097
0,587,586,1.7436788082122803
0,588,587,1.7588977813720703
0,589,588,1.7278450727462769
0,590,589,0.7327433228492737
0,591,590,1.6165040731430054
0,592,591,1.1437861919403076
0,593,592,1.388609528541565
0,594,593,1.8222219944000244
0,595,594,1.194536805152893
0,596,595,1.4615061283111572
0,597,596,1.6262712478637695
0,598,597,1.9222326278686523
0,599,598,1.3359061479568481
0,600,599,1.5318745374679565
0,601,600,0.8165217638015747
0,602,601,1.4355958700180054
0,603,602,1.3555302619934082
0,604,603,1.2413811683654785
0,605,604,1.5907708406448364
0,606,605,1.4962763786315918
0,607,606,1.3290300369262695
0,608,607,1.3985049724578857
0,609,608,1.508770227432251
0,610,609,0.951789140701294
0,611,610,0.992270290851593
0,612,611,0.9367562532424927
0,613,612,1.1540961265563965
0,614,613,1.6212940216064453
0,615,614,1.0607855319976807
0,616,615,1.20647394657135
0,617,616,1.4539304971694946
0,618,617,0.9641607999801636
0,619,618,1.4132099151611328
0,620,619,1.2017762660980225
0,621,620,0.9221243262290955
0,622,621,1.4441982507705688
0,623,622,0.9625974893569946
0,624,623,1.6139063835144043
0,625,624,1.5563390254974365
0,626,625,1.4802911281585693
0,627,626,1.1408199071884155
0,628,627,1.2759639024734497
0,629,628,1.251208782196045
0,630,629,1.4361722469329834
0,631,630,1.0560187101364136
0,632,631,1.1629512310028076
0,633,632,1.5158964395523071
0,634,633,1.508574366569519
0,635,634,0.9496356248855591
0,636,635,1.1729644536972046
0,637,636,0.8642235398292542
0,638,637,1.0753437280654907
0,639,638,0.4964999556541443
0,640,639,0.9282140135765076
0,641,640,0.9469476342201233
0,642,641,0.8735085129737854
0,643,642,1.133230209350586
0,644,643,1.2329802513122559
0,645,644,1.116222620010376
0,646,645,0.840360164642334
0,647,646,1.520798683166504
0,648,647,1.093894362449646
0,649,648,1.3497588634490967
0,650,649,0.6440127491950989
0,651,650,1.1912041902542114
0,652,651,1.0667208433151245
0,653,652,1.50215744972229
0,654,653,1.2165815830230713
0,655,654,1.37053382396698
0,656,655,0.7189580202102661
0,657,656,1.287427544593811
0,658,657,0.7870402336120605
0,659,658,1.4050302505493164
0,660,659,0.7278258800506592
0,661,660,1.204237699508667
0,662,661,1.105319619178772
0,663,662,0.662651777267456
0,664,663,1.085716962814331
0,665,664,0.8631439208984375
0,666,665,1.362514615058899
0,667,666,0.9879299998283386
0,668,667,0.6551475524902344
0,669,668,1.1980011463165283
0,670,669,0.9700331687927246
0,671,670,1.1096885204315186
0,672,671,0.9232131838798523
0,673,672,0.35670560598373413
0,674,673,1.2983677387237549
0,675,674,1.361915111541748
0,676,675,1.1480238437652588
0,677,676,1.0274065732955933
0,678,677,0.6644862294197083
0,679,678,1.033443808555603
0,680,679,1.0533051490783691
0,681,680,0.7728058695793152
0,682,681,0.7094988822937012
0,683,682,0.9871726632118225
0,684,683,0.9622822403907776
0,685,684,0.8103480339050293
0,686,685,0.6601510047912598
0,687,686,0.662226140499115
0,688,687,1.0109481811523438
0,689,688,0.8973910808563232
0,690,689,1.1329931020736694
0,691,690,0.9342498779296875
0,692,691,1.2536348104476929
0,693,692,0.922357439994812
0,694,693,1.0485531091690063
0,695,694,0.9533542990684509
0,696,695,1.127874732017517
0,697,696,1.2237577438354492
0,698,697,0.983773946762085
0,699,698,0.9366915225982666
0,700,699,0.937771201133728
0,701,700,0.658176839351654
0,702,701,0.9872169494628906
0,703,702,0.9039437770843506
0,704,703,0.9061338901519775
0,705,704,0.6923261880874634
0,706,705,0.5057893991470337
0,707,706,0.7722275853157043
0,708,707,0.890947699546814
0,709,708,0.7151930928230286
0,710,709,1.0043960809707642
0,711,710,1.1715779304504395
0,712,711,1.184999704360962
0,713,712,0.6513574719429016
0,714,713,0.6485252380371094
0,715,714,0.9720577001571655
0,716,715,0.6436941623687744
0,717,716,0.7482675909996033
0,718,717,0.7008481621742249
0,719,718,0.9459103345870972
0,720,719,0.9796245694160461
0,721,720,1.1448979377746582
0,722,721,1.2391619682312012
0,723,722,1.0576698780059814
0,724,723,0.5593591332435608
0,725,724,0.9163594841957092
0,726,725,0.8849115967750549
0,727,726,0.6092937588691711
0,728,727,0.9960117340087891
0,729,728,0.30231812596321106
0,730,729,0.5882585048675537
0,731,730,0.8427216410636902
0,732,731,0.7508653402328491
0,733,732,0.43124476075172424
0,734,733,0.2789739668369293
0,735,734,0.403135746717453
0,736,735,0.5956717133522034
0,737,736,0.950317919254303
0,738,737,0.9328506588935852
0,739,738,0.5849545001983643
0,740,739,0.9554477334022522
0,741,740,0.7006164789199829
0,742,741,0.19141921401023865
0,743,742,0.6157214641571045
0,744,743,0.20168223977088928
0,745,744,0.7105165123939514
0,746,745,1.2878611087799072
0,747,746,0.8183037638664246
0,748,747,0.5981112718582153
0,749,748,0.5911276936531067
0,750,749,1.1835277080535889
0,751,750,0.5581159591674805
0,752,751,0.7040477991104126
0,753,752,0.9998454451560974
0,754,753,0.7576529383659363
0,755,754,0.662085235118866
0,756,755,1.1788296699523926
0,757,756,0.7900871634483337
0,758,757,0.9306929707527161
0,759,758,1.1128162145614624
0,760,759,0.8401041626930237
0,761,760,0.7261794209480286
0,762,761,0.6361948847770691
0,763,762,0.6532130241394043
0,764,763,0.6617015600204468
0,765,764,0.8614345192909241
0,766,765,0.6783719062805176
0,767,766,0.8504197001457214
0,768,767,0.9363473653793335
0,769,768,0.6604459285736084
0,770,769,0.4985407590866089
0,771,770,0.4467807412147522
0,772,771,0.9970082640647888
0,773,772,0.8765234351158142
0,774,773,0.6617893576622009
0,775,774,0.49670419096946716
0,776,775,0.7462872266769409
0,777,776,0.6566419005393982
0,778,777,0.3671909272670746
0,779,778,0.8165583610534668
0,780,779,0.6126503348350525
0,781,780,0.5336560606956482
0,782,781,0.7810710072517395
0,783,782,0.7134949564933777
0,784,783,0.8817764520645142
0,785,784,0.4215829372406006
0,786,785,0.93687903881073
0,787,786,0.8391637206077576
0,788,787,0.6234488487243652
0,789,788,0.4205051362514496
0,790,789,0.6410195231437683
0,791,790,0.792812168598175
0,792,791,0.3137919306755066
0,793,792,0.761306881904602
0,794,793,0.9364422559738159
0,795,794,0.654731810092926
0,796,795,0.7961053848266602
0,797,796,0.35248303413391113
0,798,797,0.53251713514328
0,799,798,0.6787565350532532
0,800,799,0.7872912883758545
0,801,800,0.4442538321018219
0,802,801,0.8965526819229126
0,803,802,0.5445766448974609
0,804,803,0.6193673610687256
0,805,804,0.35409677028656006
0,806,805,0.5720340013504028
0,807,806,0.6889801621437073
0,808,807,0.7720386981964111
0,809,808,0.6348923444747925
0,810,809,0.5733547210693359
0,811,810,0.24237610399723053
0,812,811,0.3519617021083832
0,813,812,0.9306966066360474
0,814,813,0.3004332482814789
0,815,814,0.5934971570968628
0,816,815,0.7468176484107971
0,817,816,0.8269010186195374
0,818,817,0.5283538699150085
0,819,818,0.8984104990959167
0,820,819,0.47537243366241455
0,821,820,0.5986215472221375
0,822,821,0.29278135299682617
0,823,822,0.2832712233066559
0,824,823,0.6277116537094116
0,825,824,0.37884339690208435
0,826,825,0.7181258201599121
0,827,826,0.6137345433235168
0,828,827,0.6220664381980896
0,829,828,0.30160433053970337
0,830,829,0.4871554374694824
0,831,830,0.3042737543582916
0,832,831,0.16645215451717377
0,833,832,0.5330566167831421
0,834,833,0.8455665707588196
0,835,834,0.9320757389068604
0,836,835,0.3032757341861725
0,837,836,0.42963314056396484
0,838,837,0.19872939586639404
0,839,838,0.4380122423171997
0,840,839,0.3465772569179535
0,841,840,0.43538975715637207
0,842,841,0.5910978317260742
0,843,842,0.590776264667511
0,844,843,0.7147689461708069
0,845,844,0.3856239914894104
0,846,845,0.24899500608444214
0,847,846,0.23375292122364044
0,848,847,0.5336824059486389
0,849,848,0.4763792157173157
0,850,849,0.528309166431427
0,851,850,0.6478903889656067
0,852,851,0.6897329688072205
0,853,852,0.37725183367729187
0,854,853,0.6600386500358582
0,855,854,0.43081745505332947
0,856,855,0.3447072505950928
0,857,856,0.47799405455589294
0,858,857,0.5925664305686951
0,859,858,0.8117548227310181
0,860,859,0.5950794219970703
0,861,860,0.1023029312491417
0,862,861,0.3815183639526367
0,863,862,0.4188552796840668
0,864,863,0.6407254934310913
0,865,864,0.6560936570167542
0,866,865,0.6099939346313477
0,867,866,0.6962038278579712
0,868,867,0.46663206815719604
0,869,868,0.37047460675239563
0,870,869,0.2888942062854767
0,871,870,0.5179370045661926
0,872,871,0.24045643210411072
0,873,872,0.3582131564617157
0,874,873,0.4793464243412018
0,875,874,0.6360084414482117
0,876,875,0.5414046049118042
0,877,876,0.5660394430160522
0,878,877,0.6744822859764099
0,879,878,0.31918439269065857
0,880,879,0.3335384726524353
0,881,880,0.4304720163345337
0,882,881,0.34207096695899963
0,883,882,0.5943684577941895
0,884,883,0.6855050325393677
0,885,884,0.15559595823287964
0,886,885,0.6944263577461243
0,887,886,0.5427893400192261
0,888,887,0.47360649704933167
0,889,888,0.4368833005428314
0,890,889,0.10429935157299042
0,891,890,0.5242045521736145
0,892,891,0.1819891333580017
0,893,892,0.2589969038963318
0,894,893,0.37692514061927795
0,895,894,0.7335878610610962
0,896,895,0.38837507367134094
0,897,896,0.5545474290847778
0,898,897,0.5000259876251221
0,899,898,0.4317820370197296
0,900,899,0.41228774189949036
0,901,900,0.38940921425819397
0,902,901,0.46525830030441284
0,903,902,0.1313442885875702
0,904,903,0.41505491733551025
0,905,904,0.3720591962337494
0,906,905,0.893531322479248
0,907,906,0.2833167612552643
0,908,907,0.4897846579551697
0,909,908,0.20697280764579773
0,910,909,0.3638421893119812
0,911,910,0.3992196321487427
0,912,911,0.18991658091545105
0,913,912,0.5673307180404663
0,914,913,0.09774404019117355
0,915,914,0.710088849067688
0,916,915,0.6027023792266846
0,917,916,0.6320326328277588
0,918,917,0.17662248015403748
0,919,918,0.4289695620536804
0,920,919,0.393571674823761
0,921,920,0.674940288066864
0,922,921,0.38368502259254456
0,923,922,0.32345250248908997
0,924,923,0.29042479395866394
0,925,924,0.48716333508491516
0,926,925,0.2890583574771881
0,927,926,0.47673675417900085
0,928,927,0.6400357484817505
0,929,928,0.7030919790267944
0,930,929,0.6936614513397217
0,931,930,0.5240719318389893
0,932,931,0.4204077124595642
0,933,932,0.5326080918312073
0,934,933,0.37209194898605347
0,935,934,0.10276757925748825
0,936,935,0.5647962689399719
0,937,936,0.34256717562675476
0,938,937,0.5551705360412598
0,939,938,0.30751925706863403
0,940,939,0.24085739254951477
0,941,940,0.33953002095222473
0,942,941,0.5024468898773193
0,943,942,0.6347383260726929
0,944,943,0.19806131720542908
0,945,944,0.31282931566238403
0,946,945,0.4266813397407532
0,947,946,0.6737720370292664
0,948,947,0.6136900782585144
0,949,948,0.4843207895755768
0,950,949,0.27602100372314453
0,951,950,0.7270975112915039
0,952,951,0.3977758586406708
0,953,952,0.3250042498111725
0,954,953,0.6082258820533752
0,955,954,1.0434260368347168
0,956,955,2.1066622734069824
0,957,956,1.3290356397628784
0,958,957,0.865246057510376
0,959,958,1.3669453859329224
0,960,959,1.1358284950256348
0,961,960,1.7361180782318115
0,962,961,1.7221770286560059
0,963,962,1.242907166481018
0,964,963,1.1753427982330322
0,965,964,0.8338562250137329
0,966,965,1.5118398666381836
0,967,966,1.1671148538589478
0,968,967,0.6977617740631104
0,969,968,1.0204875469207764
0,970,969,1.4583674669265747
0,971,970,1.2886035442352295
0,972,971,0.962058424949646
0,973,972,1.3734123706817627
0,974,973,1.1527148485183716
0,975,974,0.9231062531471252
0,976,975,0.7985086441040039
0,977,976,0.5994794964790344
0,978,977,0.7418474555015564
0,979,978,0.7484622001647949
0,980,979,0.5218666791915894
0,981,980,0.7606030702590942
0,982,981,0.4930710792541504
0,983,982,0.5585790276527405
0,984,983,0.4860835671424866
0,985,984,0.7489956021308899
0,986,985,0.757973849773407
0,987,986,0.802456796169281
0,988,987,0.37319886684417725
0,989,988,0.4050893783569336
0,990,989,0.5779672861099243
0,991,990,0.7028481960296631
0,992,991,0.6155245900154114
0,993,992,0.5191845297813416
0,994,993,0.245864138007164
0,995,994,0.5652957558631897
0,996,995,0.4060215651988983
0,997,996,0.4699045717716217
0,998,997,0.6047880053520203
0,999,998,0.47235220670700073
0,1000,999,0.6220530867576599
0,1001,1000,0.5688031911849976
0,1002,1001,0.38664427399635315
0,1003,1002,0.4478502869606018
0,1004,1003,0.5193549394607544
0,1005,1004,0.6397545337677002
0,1006,1005,0.5797558426856995
0,1007,1006,0.32034626603126526
0,1008,1007,0.29370787739753723
0,1009,1008,0.8006525635719299
0,1010,1009,0.34764158725738525
0,1011,1010,0.45274534821510315
0,1012,1011,0.22300881147384644
0,1013,1012,0.23043708503246307
0,1014,1013,0.7668192386627197
0,1015,1014,0.6673902869224548
0,1016,1015,0.34224236011505127
0,1017,1016,0.4907006323337555
0,1018,1017,0.6164342761039734
0,1019,1018,0.25564873218536377
0,1020,1019,0.5450958609580994
0,1021,1020,0.4671397805213928
0,1022,1021,0.5635982751846313
0,1023,1022,0.5481362342834473
0,1024,1023,0.22265540063381195
0,1025,1024,0.43354174494743347
0,1026,1025,0.6132164597511292
0,1027,1026,0.43064969778060913
0,1028,1027,0.3335734009742737
0,1029,1028,0.4287024736404419
0,1030,1029,0.46067795157432556
0,1031,1030,0.633507251739502
0,1032,1031,0.538539469242096
0,1033,1032,0.46134257316589355
0,1034,1033,0.2678093910217285
0,1035,1034,0.3678480386734009
0,1036,1035,0.4384351074695587
0,1037,1036,0.38540521264076233
0,1038,1037,0.1808139532804489
0,1039,1038,0.4587876796722412
0,1040,1039,0.40809208154678345
0,1041,1040,0.513762354850769
0,1042,1041,0.41246020793914795
0,1043,1042,0.4552564024925232
0,1044,1043,0.3403109312057495
0,1045,1044,0.6651491522789001
0,1046,1045,0.6038340330123901
0,1047,1046,0.42257288098335266
0,1048,1047,0.4293956458568573
0,1049,1048,0.5157976746559143
0,1050,1049,0.2764735817909241
0,1051,1050,0.5128546357154846
0,1052,1051,0.4264061748981476
0,1053,1052,0.36518850922584534
0,1054,1053,0.5921750068664551
0,1055,1054,0.43590208888053894
0,1056,1055,0.5233445763587952
0,1057,1056,0.3775519132614136
0,1058,1057,0.6075365543365479
0,1059,1058,0.5463641881942749
0,1060,1059,0.23103202879428864
0,1061,1060,0.3572966158390045
0,1062,1061,0.15309321880340576
0,1063,1062,0.6018264889717102
0,1064,1063,0.24704484641551971
0,1065,1064,0.33935388922691345
0,1066,1065,0.41880497336387634
0,1067,1066,0.40531060099601746
0,1068,1067,0.38242626190185547
0,1069,1068,0.5089170932769775
0,1070,1069,0.37915247678756714
0,1071,1070,0.2901167571544647
0,1072,1071,0.38765954971313477
0,1073,1072,0.16702312231063843
0,1074,1073,0.18932530283927917
0,1075,1074,0.4700683653354645
0,1076,1075,0.5761114954948425
0,1077,1076,0.20236307382583618
0,1078,1077,0.34134116768836975
0,1079,1078,0.5436722636222839
0,1080,1079,0.2825026214122772
0,1081,1080,0.3320763111114502
0,1082,1081,0.13250234723091125
0,1083,1082,0.2833231985569
0,1084,1083,0.15748436748981476
0,1085,1084,0.27646470069885254
0,1086,1085,0.4522978961467743
0,1087,1086,0.3375858962535858
0,1088,1087,0.2621261477470398
0,1089,1088,0.5499163269996643
0,1090,1089,0.2784823477268219
0,1091,1090,0.083509162068367
0,1092,1091,0.23017455637454987
0,1093,1092,0.3889683485031128
0,1094,1093,0.40131673216819763
0,1095,1094,0.28312957286834717
0,1096,1095,0.4105042815208435
0,1097,1096,0.09701211005449295
0,1098,1097,0.21147558093070984
0,1099,1098,0.41536179184913635
0,1100,1099,0.23951274156570435
0,1101,1100,0.2801883816719055
0,1102,1101,0.6568203568458557
0,1103,1102,0.6258958578109741
0,1104,1103,0.28611165285110474
0,1105,1104,0.3276190161705017
0,1106,1105,0.35705652832984924
0,1107,1106,0.6366510987281799
0,1108,1107,0.34906360507011414
0,1109,1108,0.16212238371372223
0,1110,1109,0.2770657539367676
0,1111,1110,0.3856762945652008
0,1112,1111,0.09446026384830475
0,1113,1112,0.17783379554748535
0,1114,1113,0.1461479216814041
0,1115,1114,0.29514673352241516
0,1116,1115,0.39609748125076294
0,1117,1116,0.40787169337272644
0,1118,1117,0.32022929191589355
0,1119,1118,0.28020983934402466
0,1120,1119,0.3852604627609253
0,1121,1120,0.17185142636299133
0,1122,1121,0.28411760926246643
0,1123,1122,0.43072810769081116
0,1124,1123,0.46478840708732605
0,1125,1124,0.2745109796524048
0,1126,1125,0.32265838980674744
0,1127,1126,0.33212894201278687
0,1128,1127,0.08059041202068329
0,1129,1128,0.3790378272533417
0,1130,1129,0.29193437099456787
0,1131,1130,0.35068202018737793
0,1132,1131,0.06421290338039398
0,1133,1132,0.16153311729431152
0,1134,1133,0.1991599053144455
0,1135,1134,0.34448152780532837
0,1136,1135,0.28391510248184204
0,1137,1136,0.3132795989513397
0,1138,1137,0.31367501616477966
0,1139,1138,0.2845348119735718
0,1140,1139,0.314242959022522
0,1141,1140,0.3173161745071411
0,1142,1141,0.406796932220459
0,1143,1142,0.419010192155838
0,1144,1143,0.32510921359062195
0,1145,1144,0.716415286064148
0,1146,1145,0.08123733103275299
0,1147,1146,0.38618385791778564
0,1148,1147,0.30080971121788025
0,1149,1148,0.4443569481372833
0,1150,1149,0.2784779667854309
0,1151,1150,0.25764980912208557
0,1152,1151,0.2468435913324356
0,1153,1152,0.17131103575229645
0,1154,1153,0.32401978969573975
0,1155,1154,0.08834736794233322
0,1156,1155,0.4855996072292328
0,1157,1156,0.25930431485176086
0,1158,1157,0.4097207486629486
0,1159,1158,0.25205475091934204
0,1160,1159,0.4879560172557831
0,1161,1160,0.3148084580898285
0,1162,1161,0.28978830575942993
0,1163,1162,0.3715176284313202
0,1164,1163,0.5290178060531616
0,1165,1164,0.3259012997150421
0,1166,1165,0.28865206241607666
0,1167,1166,0.41427895426750183
0,1168,1167,0.4417739808559418
0,1169,1168,0.3415622413158417
0,1170,1169,0.15488190948963165
0,1171,1170,0.4558691680431366
0,1172,1171,0.3817404508590698
0,1173,1172,0.24307920038700104
0,1174,1173,0.09881032258272171
0,1175,1174,0.2564222514629364
0,1176,1175,0.23462986946105957
0,1177,1176,0.13023515045642853
0,1178,1177,0.15212342143058777
0,1179,1178,0.4534390866756439
0,1180,1179,0.4268531799316406
0,1181,1180,0.3379981219768524
0,1182,1181,0.29319262504577637
0,1183,1182,0.3487659692764282
0,1184,1183,0.3554224669933319
0,1185,1184,0.40918081998825073
0,1186,1185,0.11083655059337616
0,1187,1186,0.3530263602733612
0,1188,1187,0.46752527356147766
0,1189,1188,0.3094991445541382
0,1190,1189,0.06348399072885513
0,1191,1190,0.42184320092201233
0,1192,1191,0.514994740486145
0,1193,1192,0.33497700095176697
0,1194,1193,0.32421475648880005
0,1195,1194,0.3179292380809784
0,1196,1195,0.3724256455898285
0,1197,1196,0.35819536447525024
0,1198,1197,0.2517862021923065
0,1199,1198,0.5377040505409241
0,1200,1199,0.28700414299964905
0,1201,1200,0.36049214005470276
0,1202,1201,0.14962410926818848
0,1203,1202,0.5586028695106506
0,1204,1203,0.33108943700790405
0,1205,1204,0.2501538395881653
0,1206,1205,0.16891901195049286
0,1207,1206,0.29667896032333374
0,1208,1207,0.22589097917079926
0,1209,1208,0.07146458327770233
0,1210,1209,0.1551942378282547
0,1211,1210,0.05267691612243652
0,1212,1211,0.30213141441345215
0,1213,1212,0.3608660399913788
0,1214,1213,0.23598112165927887
0,1215,1214,0.24810642004013062
0,1216,1215,0.5014477968215942
0,1217,1216,0.25825250148773193
0,1218,1217,0.3610711395740509
0,1219,1218,0.4945676922798157
0,1220,1219,0.4440210461616516
0,1221,1220,0.44130244851112366
0,1222,1221,0.28751158714294434
0,1223,1222,0.4124937355518341
0,1224,1223,0.3562825918197632
0,1225,1224,0.17032136023044586
0,1226,1225,0.34519729018211365
0,1227,1226,0.3897044062614441
0,1228,1227,0.31395164132118225
0,1229,1228,0.3619486689567566
0,1230,1229,0.4577498435974121
0,1231,1230,0.1700078845024109
0,1232,1231,0.2068595439195633
0,1233,1232,0.1301976591348648
0,1234,1233,0.2663164436817169
0,1235,1234,0.3667973279953003
0,1236,1235,0.2345810979604721
0,1237,1236,0.13772864639759064
0,1238,1237,0.19080305099487305
0,1239,1238,0.15066984295845032
0,1240,1239,0.536723256111145
0,1241,1240,0.2724999189376831
0,1242,1241,0.1479092538356781
0,1243,1242,0.3545558750629425
0,1244,1243,0.37814825773239136
0,1245,1244,0.18977949023246765
0,1246,1245,0.20205557346343994
0,1247,1246,0.1632368117570877
0,1248,1247,0.15076595544815063
0,1249,1248,0.5965810418128967
0,1250,1249,0.2383219599723816
0,1251,1250,0.29946768283843994
0,1252,1251,0.11312362551689148
0,1253,1252,0.23509587347507477
0,1254,1253,0.24658828973770142
0,1255,1254,0.324806272983551
0,1256,1255,0.282267689704895
0,1257,1256,0.24476046860218048
0,1258,1257,0.30285903811454773
0,1259,1258,0.2552945911884308
0,1260,1259,0.1822698712348938
0,1261,1260,0.376910537481308
0,1262,1261,0.3507803678512573
0,1263,1262,0.1940733939409256
0,1264,1263,0.1680188775062561
0,1265,1264,0.3392881453037262
0,1266,1265,0.30560848116874695
0,1267,1266,0.29144981503486633
0,1268,1267,0.4843030273914337
0,1269,1268,0.26530343294143677
0,1270,1269,0.3076266944408417
0,1271,1270,0.1218406930565834
0,1272,1271,0.4029887914657593
0,1273,1272,0.22617359459400177
0,1274,1273,0.28866812586784363
0,1275,1274,0.0858430489897728
0,1276,1275,0.20787371695041656
0,1277,1276,0.10606826841831207
0,1278,1277,0.08747556060552597
0,1279,1278,0.32841163873672485
0,1280,1279,0.22570575773715973
0,1281,1280,0.5089128613471985
0,1282,1281,0.5629759430885315
0,1283,1282,0.3087769150733948
0,1284,1283,0.39819544553756714
0,1285,1284,0.30579429864883423
0,1286,1285,0.4481460452079773
0,1287,1286,0.30630266666412354
0,1288,1287,0.2739439308643341
0,1289,1288,0.3642584979534149
0,1290,1289,0.39426204562187195
0,1291,1290,0.22375226020812988
0,1292,1291,0.183960422873497
0,1293,1292,0.1303441971540451
0,1294,1293,0.29817652702331543
0,1295,1294,0.3120291829109192
0,1296,1295,0.13773047924041748
0,1297,1296,0.4213249683380127
0,1298,1297,0.1394868940114975
0,1299,1298,0.2795236110687256
0,1300,1299,0.26869580149650574
0,1301,1300,0.27542543411254883
0,1302,1301,0.2251204401254654
0,1303,1302,0.24442489445209503
0,1304,1303,0.35306331515312195
0,1305,1304,0.21169331669807434
0,1306,1305,0.20886726677417755
0,1307,1306,0.34668201208114624
0,1308,1307,0.31571778655052185
0,1309,1308,0.13159088790416718
0,1310,1309,0.3976372480392456
0,1311,1310,0.050434332340955734
0,1312,1311,0.38121435046195984
0,1313,1312,0.270399808883667
0,1314,1313,0.05792316421866417
0,1315,1314,0.25479772686958313
0,1316,1315,0.25636738538742065
0,1317,1316,0.4413916766643524
0,1318,1317,0.30090707540512085
0,1319,1318,0.37381380796432495
0,1320,1319,0.36794230341911316
0,1321,1320,0.31516486406326294
0,1322,1321,0.29958221316337585
0,1323,1322,0.2542080879211426
0,1324,1323,0.2846771776676178
0,1325,1324,0.2789890468120575
0,1326,1325,0.2885584235191345
0,1327,1326,0.3098096251487732
0,1328,1327,0.22493553161621094
0,1329,1328,0.3592161536216736
0,1330,1329,0.2240479588508606
0,1331,1330,0.2295205295085907
0,1332,1331,0.35622841119766235
0,1333,1332,0.3028774857521057
0,1334,1333,0.27997928857803345
0,1335,1334,0.2504827380180359
0,1336,1335,0.19044740498065948
0,1337,1336,0.30993136763572693
0,1338,1337,0.26902705430984497
0,1339,1338,0.17689263820648193
0,1340,1339,0.38969555497169495
0,1341,1340,0.324785977602005
0,1342,1341,0.36043915152549744
0,1343,1342,0.2805221974849701
0,1344,1343,0.28687524795532227
0,1345,1344,0.2826633155345917
0,1346,1345,0.2752057611942291
0,1347,1346,0.17103402316570282
0,1348,1347,0.1971762627363205
0,1349,1348,0.21458084881305695
0,1350,1349,0.335175096988678
0,1351,1350,0.2897056043148041
0,1352,1351,0.26418447494506836
0,1353,1352,0.4103909730911255
0,1354,1353,0.3229355216026306
0,1355,1354,0.22006823122501373
0,1356,1355,0.1700548678636551
0,1357,1356,0.34014496207237244
0,1358,1357,0.1645900011062622
0,1359,1358,0.339577853679657
0,1360,1359,0.2440367043018341
0,1361,1360,0.32898086309432983
0,1362,1361,0.3567730188369751
0,1363,1362,0.25751471519470215
0,1364,1363,0.23510876297950745
0,1365,1364,0.1960671842098236
0,1366,1365,0.18872608244419098
0,1367,1366,0.1666577011346817
0,1368,1367,0.1723199486732483
0,1369,1368,0.26402395963668823
0,1370,1369,0.05709776654839516
0,1371,1370,0.0634857788681984
0,1372,1371,0.15389195084571838
0,1373,1372,0.20518016815185547
0,1374,1373,0.3188754916191101
0,1375,1374,0.24550892412662506
0,1376,1375,0.05536462739109993
0,1377,1376,0.23116528987884521
0,1378,1377,0.21178539097309113
0,1379,1378,0.2604295015335083
0,1380,1379,0.3110189437866211
0,1381,1380,0.2950974702835083
0,1382,1381,0.23016825318336487
0,1383,1382,0.30434906482696533
0,1384,1383,0.21336057782173157
0,1385,1384,0.33077603578567505
0,1386,1385,0.2609597444534302
0,1387,1386,0.21015232801437378
0,1388,1387,0.3230358064174652
0,1389,1388,0.21795178949832916
0,1390,1389,0.29435867071151733
0,1391,1390,0.15535074472427368
0,1392,1391,0.16225886344909668
0,1393,1392,0.22097080945968628
0,1394,1393,0.20974689722061157
0,1395,1394,0.36988741159439087
0,1396,1395,0.17041398584842682
0,1397,1396,0.1938692182302475
0,1398,1397,0.09353368729352951
0,1399,1398,0.2714943587779999
0,1400,1399,0.30897659063339233
0,1401,1400,0.2790529727935791
0,1402,1401,0.3231044411659241
0,1403,1402,0.21996940672397614
0,1404,1403,0.18858009576797485
0,1405,1404,0.20321835577487946
0,1406,1405,0.40776708722114563
0,1407,1406,0.28865259885787964
0,1408,1407,0.24664221704006195
0,1409,1408,0.25112760066986084
0,1410,1409,0.2443275898694992
0,1411,1410,0.12246326357126236
0,1412,1411,0.10696880519390106
0,1413,1412,0.34729042649269104
0,1414,1413,0.23295585811138153
0,1415,1414,0.3453879654407501
1,1,1415,0.04427899792790413
1,2,1416,0.269094854593277
1,3,1417,0.19750286638736725
1,4,1418,0.22497789561748505
1,5,1419,0.24794268608093262
1,6,1420,0.17406430840492249
1,7,1421,0.20100592076778412
1,8,1422,0.28601521253585815
1,9,1423,0.21611759066581726
1,10,1424,0.24783490598201752
1,11,1425,0.21881170570850372
1,12,1426,0.25307369232177734
1,13,1427,0.20580333471298218
1,14,1428,0.2513454556465149
1,15,1429,0.19635125994682312
1,16,1430,0.2392762154340744
1,17,1431,0.08491293340921402
1,18,1432,0.2779422700405121
1,19,1433,0.27660155296325684
1,20,1434,0.30446097254753113
1,21,1435,0.27935656905174255
1,22,1436,0.2460259646177292
1,23,1437,0.21334557235240936
1,24,1438,0.3029300570487976
1,25,1439,0.11392562091350555
1,26,1440,0.13815806806087494
1,27,1441,0.1973811686038971
1,28,1442,0.22830286622047424
1,29,1443,0.21423019468784332
1,30,1444,0.2328188121318817
1,31,1445,0.14253473281860352
1,32,1446,0.2911725640296936
1,33,1447,0.13335448503494263
1,34,1448,0.2755574584007263
1,35,1449,0.2977356016635895
1,36,1450,0.28897324204444885
1,37,1451,0.238754540681839
1,38,1452,0.2354488968849182
1,39,1453,0.24630272388458252
1,40,1454,0.304288774728775
1,41,1455,0.0525086335837841
1,42,1456,0.16687266528606415
1,43,1457,0.2055099606513977
1,44,1458,0.30350014567375183
1,45,1459,0.24940277636051178
1,46,1460,0.2708592414855957
1,47,1461,0.15084615349769592
1,48,1462,0.21090641617774963
1,49,1463,0.19339479506015778
1,50,1464,0.23349033296108246
1,51,1465,0.07601173222064972
1,52,1466,0.2572198212146759
1,53,1467,0.1636442095041275
1,54,1468,0.27111688256263733
1,55,1469,0.32364124059677124
1,56,1470,0.20899181067943573
1,57,1471,0.28296971321105957
1,58,1472,0.0984533429145813
1,59,1473,0.1847464144229889
1,60,1474,0.2175981104373932
1,61,1475,0.12368080019950867
1,62,1476,0.141929030418396
1,63,1477,0.20731483399868011
1,64,1478,0.22688668966293335
1,65,1479,0.11710669100284576
1,66,1480,0.15959890186786652
1,67,1481,0.25447601079940796
1,68,1482,0.09325186908245087
1,69,1483,0.1528175324201584
1,70,1484,0.21656732261180878
1,71,1485,0.21771204471588135
1,72,1486,0.17877860367298126
1,73,1487,0.1970720738172531
1,74,1488,0.11760809272527695
1,75,1489,0.20470589399337769
1,76,1490,0.12921977043151855
1,77,1491,0.08730334043502808
1,78,1492,0.22979499399662018
1,79,1493,0.26400846242904663
1,80,1494,0.09646350145339966
1,81,1495,0.2086658924818039
1,82,1496,0.12926027178764343
1,83,1497,0.14296966791152954
1,84,1498,0.17801666259765625
1,85,1499,0.1402832567691803
1,86,1500,0.15859241783618927
1,87,1501,0.3291546106338501
1,88,1502,0.15199148654937744
1,89,1503,0.16569483280181885
1,90,1504,0.16602936387062073
1,91,1505,0.25325044989585876
1,92,1506,0.1427767425775528
1,93,1507,0.17571806907653809
1,94,1508,0.17115932703018188
1,95,1509,0.11899764835834503
1,96,1510,0.035083215683698654
1,97,1511,0.2224094569683075
1,98,1512,0.06290009617805481
1,99,1513,0.15521548688411713
1,100,1514,0.07829698920249939
1,101,1515,0.15311020612716675
1,102,1516,0.18447381258010864
1,103,1517,0.4019569754600525
1,104,1518,0.2354675531387329
1,105,1519,0.17757102847099304
1,106,1520,0.25168371200561523
1,107,1521,0.20279332995414734
1,108,1522,0.13883967697620392
1,109,1523,0.20828157663345337
1,110,1524,0.16527962684631348
1,111,1525,0.2870990037918091
1,112,1526,0.2574976682662964
1,113,1527,0.24488088488578796
1,114,1528,0.24375523626804352
1,115,1529,0.2436947077512741
1,116,1530,0.20471562445163727
1,117,1531,0.2176188826560974
1,118,1532,0.21672704815864563
1,119,1533,0.1818840354681015
1,120,1534,0.15074533224105835
1,121,1535,0.22900903224945068
1,122,1536,0.23552845418453217
1,123,1537,0.19493843615055084
1,124,1538,0.11718598753213882
1,125,1539,0.16110700368881226
1,126,1540,0.2356782704591751
1,127,1541,0.21443967521190643
1,128,1542,0.12547567486763
1,129,1543,0.11368737369775772
1,130,1544,0.23636198043823242
1,131,1545,0.19200336933135986
1,132,1546,0.25178834795951843
1,133,1547,0.03701888769865036
1,134,1548,0.2659546732902527
1,135,1549,0.14082929491996765
1,136,1550,0.15898601710796356
1,137,1551,0.14744088053703308
1,138,1552,0.1363488882780075
1,139,1553,0.25802066922187805
1,140,1554,0.17668215930461884
1,141,1555,0.0909770205616951
1,142,1556,0.14646655321121216
1,143,1557,0.15707175433635712
1,144,1558,0.21829119324684143
1,145,1559,0.1254071444272995
1,146,1560,0.1977633535861969
1,147,1561,0.33808016777038574
1,148,1562,0.4925033152103424
1,149,1563,0.9362733364105225
1,150,1564,0.6403219699859619
1,151,1565,0.5955744385719299
1,152,1566,0.6843081116676331
1,153,1567,0.45364001393318176
1,154,1568,0.6365651488304138
1,155,1569,0.76898193359375
1,156,1570,0.6896405816078186
1,157,1571,0.5223816633224487
1,158,1572,0.3716821074485779
1,159,1573,0.4020838439464569
1,160,1574,0.36288753151893616
1,161,1575,0.4331986606121063
1,162,1576,0.28116902709007263
1,163,1577,0.4793335795402527
1,164,1578,0.3276420831680298
1,165,1579,0.2970205247402191
1,166,1580,0.4273790419101715
1,167,1581,0.33192694187164307
1,168,1582,0.21793684363365173
1,169,1583,0.2626971900463104
1,170,1584,0.1048864796757698
1,171,1585,0.2973228991031647
1,172,1586,0.4191906154155731
1,173,1587,0.24307897686958313
1,174,1588,0.1878630369901657
1,175,1589,0.09445354342460632
1,176,1590,0.1681138575077057
1,177,1591,0.0828191265463829
1,178,1592,0.22105948626995087
1,179,1593,0.27781325578689575
1,180,1594,0.21474842727184296
1,181,1595,0.18181057274341583
1,182,1596,0.28529155254364014
1,183,1597,0.1916114091873169
1,184,1598,0.25521978735923767
1,185,1599,0.25726911425590515
1,186,1600,0.172763854265213
1,187,1601,0.12053172290325165
1,188,1602,0.1619856059551239
1,189,1603,0.22033080458641052
1,190,1604,0.16638468205928802
1,191,1605,0.19857603311538696
1,192,1606,0.28241851925849915
1,193,1607,0.15555687248706818
1,194,1608,0.13776914775371552
1,195,1609,0.25180304050445557
1,196,1610,0.14578017592430115
1,197,1611,0.140498548746109
1,198,1612,0.1302003413438797
1,199,1613,0.21645531058311462
1,200,1614,0.2863559424877167
1,201,1615,0.11190597712993622
1,202,1616,0.31693753600120544
1,203,1617,0.10439599305391312
1,204,1618,0.11946234852075577
1,205,1619,0.2817510962486267
1,206,1620,0.17007669806480408
1,207,1621,0.16734445095062256
1,208,1622,0.1812848448753357
1,209,1623,0.15287232398986816
1,210,1624,0.12093398720026016
1,211,1625,0.159124493598938
1,212,1626,0.13354507088661194
1,213,1627,0.16965772211551666
1,214,1628,0.2667226791381836
1,215,1629,0.16514542698860168
1,216,1630,0.11850201338529587
1,217,1631,0.10472005605697632
1,218,1632,0.16816721856594086
1,219,1633,0.2727596163749695
1,220,1634,0.197214275598526
1,221,1635,0.27164173126220703
1,222,1636,0.17200398445129395
1,223,1637,0.12140072137117386
1,224,1638,0.09745483100414276
1,225,1639,0.191424161195755
1,226,1640,0.1929924190044403
1,227,1641,0.21334220468997955
1,228,1642,0.13184143602848053
1,229,1643,0.14876455068588257
1,230,1644,0.20501181483268738
1,231,1645,0.11770433932542801
1,232,1646,0.24812184274196625
1,233,1647,0.21135066449642181
1,234,1648,0.20733721554279327
1,235,1649,0.1704074591398239
1,236,1650,0.0929388627409935
1,237,1651,0.19372917711734772
1,238,1652,0.26995688676834106
1,239,1653,0.250828355550766
1,240,1654,0.1311141699552536
1,241,1655,0.17950531840324402
1,242,1656,0.18160459399223328
1,243,1657,0.03029399737715721
1,244,1658,0.0319775752723217
1,245,1659,0.273458868265152
1,246,1660,0.2750292122364044
1,247,1661,0.13394196331501007
1,248,1662,0.05363159254193306
1,249,1663,0.17166435718536377
1,250,1664,0.17495349049568176
1,251,1665,0.21776437759399414
1,252,1666,0.10635259002447128
1,253,1667,0.25199347734451294
1,254,1668,0.2694017291069031
1,255,1669,0.19443631172180176
1,256,1670,0.0720195472240448
1,257,1671,0.1879330575466156
1,258,1672,0.17725367844104767
1,259,1673,0.04838598147034645
1,260,1674,0.12693607807159424
1,261,1675,0.19164785742759705
1,262,1676,0.19668270647525787
1,263,1677,0.02330712229013443
1,264,1678,0.21536438167095184
1,265,1679,0.17842291295528412
1,266,1680,0.27953481674194336
1,267,1681,0.15642040967941284
1,268,1682,0.03292262181639671
1,269,1683,0.22739453613758087
1,270,1684,0.17146235704421997
1,271,1685,0.2162296324968338
1,272,1686,0.14540031552314758
1,273,1687,0.18155504763126373
1,274,1688,0.23807774484157562
1,275,1689,0.044117916375398636
1,276,1690,0.28148725628852844
1,277,1691,0.21643278002738953
1,278,1692,0.1764773577451706
1,279,1693,0.22610999643802643
1,280,1694,0.13680772483348846
1,281,1695,0.18333475291728973
1,282,1696,0.15948329865932465
1,283,1697,0.18003913760185242
1,284,1698,0.13156390190124512
1,285,1699,0.15024308860301971
1,286,1700,0.26568683981895447
1,287,1701,0.2327425628900528
1,288,1702,0.13448940217494965
1,289,1703,0.07857600599527359
1,290,1704,0.20561747252941132
1,291,1705,0.026421189308166504
1,292,1706,0.22684413194656372
1,293,1707,0.1825055330991745
1,294,1708,0.1743650585412979
1,295,1709,0.07863614708185196
1,296,1710,0.15219774842262268
1,297,1711,0.08208989351987839
1,298,1712,0.020319068804383278
1,299,1713,0.11894063651561737
1,300,1714,0.2038181573152542
1,301,1715,0.19720563292503357
1,302,1716,0.14739754796028137
1,303,1717,0.11404890567064285
1,304,1718,0.18189507722854614
1,305,1719,0.1708579659461975
1,306,1720,0.17137189209461212
1,307,1721,0.12932825088500977
1,308,1722,0.07517284899950027
1,309,1723,0.13199728727340698
1,310,1724,0.22601504623889923
1,311,1725,0.17394578456878662
1,312,1726,0.1383659392595291
1,313,1727,0.17618480324745178
1,314,1728,0.19195128977298737
1,315,1729,0.20103076100349426
1,316,1730,0.11067146807909012
1,317,1731,0.1095869317650795
1,318,1732,0.10400468856096268
1,319,1733,0.1792142242193222
1,320,1734,0.14891724288463593
1,321,1735,0.14700138568878174
1,322,1736,0.17223921418190002
1,323,1737,0.0854019969701767
1,324,1738,0.1296626180410385
1,325,1739,0.2202608436346054
1,326,1740,0.21017171442508698
1,327,1741,0.17236122488975525
1,328,1742,0.2693488895893097
1,329,1743,0.09717068821191788
1,330,1744,0.27198776602745056
1,331,1745,0.21320967376232147
1,332,1746,0.22142092883586884
1,333,1747,0.13400070369243622
1,334,1748,0.12919968366622925
1,335,1749,0.024591416120529175
1,336,1750,0.2943776845932007
1,337,1751,0.2527875006198883
1,338,1752,0.14373525977134705
1,339,1753,0.08859909325838089
1,340,1754,0.1192736104130745
1,341,1755,0.01781044527888298
1,342,1756,0.10804525017738342
1,343,1757,0.11451531946659088
1,344,1758,0.24423812329769135
1,345,1759,0.20054547488689423
1,346,1760,0.18339377641677856
1,347,1761,0.26104944944381714
1,348,1762,0.056230537593364716
1,349,1763,0.20917950570583344
1,350,1764,0.26998332142829895
1,351,1765,0.05644068494439125
1,352,1766,0.2140192836523056
1,353,1767,0.13253119587898254
1,354,1768,0.20816725492477417
1,355,1769,0.14044424891471863
1,356,1770,0.25323647260665894
1,357,1771,0.29168230295181274
1,358,1772,0.19800391793251038
1,359,1773,0.10992288589477539
1,360,1774,0.08637333661317825
1,361,1775,0.21533167362213135
1,362,1776,0.08758959919214249
1,363,1777,0.16613063216209412
1,364,1778,0.08690470457077026
1,365,1779,0.18229074776172638
1,366,1780,0.0764586552977562
1,367,1781,0.15952913463115692
1,368,1782,0.024591578170657158
1,369,1783,0.19695529341697693
1,370,1784,0.2014240175485611
1,371,1785,0.2805060148239136
1,372,1786,0.16817495226860046
1,373,1787,0.13625779747962952
1,374,1788,0.22596541047096252
1,375,1789,0.2201252579689026
1,376,1790,0.1632438749074936
1,377,1791,0.2209775149822235
1,378,1792,0.20570184290409088
1,379,1793,0.20472170412540436
1,380,1794,0.17052142322063446
1,381,1795,0.16828949749469757
1,382,1796,0.21242482960224152
1,383,1797,0.22943182289600372
1,384,1798,0.18458227813243866
1,385,1799,0.1730949878692627
1,386,1800,0.12680897116661072
1,387,1801,0.19512800872325897
1,388,1802,0.20331986248493195
1,389,1803,0.10102760046720505
1,390,1804,0.14778998494148254
1,391,1805,0.1496201455593109
1,392,1806,0.13768453896045685
1,393,1807,0.09248810261487961
1,394,1808,0.11328283697366714
1,395,1809,0.24661342799663544
1,396,1810,0.11126787960529327
1,397,1811,0.025875169783830643
1,398,1812,0.16350021958351135
1,399,1813,0.26148173213005066
1,400,1814,0.08575017750263214
1,401,1815,0.07454083114862442
1,402,1816,0.2671497166156769
1,403,1817,0.1408938467502594
1,404,1818,0.3526168465614319
1,405,1819,0.22330693900585175
1,406,1820,0.08014244586229324
1,407,1821,0.18378113210201263
1,408,1822,0.14213694632053375
1,409,1823,0.2795995771884918
1,410,1824,0.11011354625225067
1,411,1825,0.15708979964256287
1,412,1826,0.182464599609375
1,413,1827,0.10469937324523926
1,414,1828,0.16587279736995697
1,415,1829,0.19362086057662964
1,416,1830,0.14619781076908112
1,417,1831,0.16816125810146332
1,418,1832,0.17050960659980774
1,419,1833,0.17599539458751678
1,420,1834,0.12104914337396622
1,421,1835,0.1558510959148407
1,422,1836,0.23275554180145264
1,423,1837,0.19188524782657623
1,424,1838,0.30241858959198
1,425,1839,0.16506171226501465
1,426,1840,0.16425445675849915
1,427,1841,0.06910137832164764
1,428,1842,0.10400300472974777
1,429,1843,0.2427949458360672
1,430,1844,0.1462595909833908
1,431,1845,0.16157759726047516
1,432,1846,0.24245361983776093
1,433,1847,0.087966687977314
1,434,1848,0.2251334935426712
1,435,1849,0.09195253252983093
1,436,1850,0.13325263559818268
1,437,1851,0.12222546339035034
1,438,1852,0.13654863834381104
1,439,1853,0.1276348978281021
1,440,1854,0.1648254543542862
1,441,1855,0.15467576682567596
1,442,1856,0.10167335718870163
1,443,1857,0.2013353705406189
1,444,1858,0.072664774954319
1,445,1859,0.18928322196006775
1,446,1860,0.11060646176338196
1,447,1861,0.21573488414287567
1,448,1862,0.2074250876903534
1,449,1863,0.2067265510559082
1,450,1864,0.06570220738649368
1,451,1865,0.025643689557909966
1,452,1866,0.14262552559375763
1,453,1867,0.267907977104187
1,454,1868,0.26837196946144104
1,455,1869,0.3459151089191437
1,456,1870,0.25360506772994995
1,457,1871,0.37883830070495605
1,458,1872,0.1880360096693039
1,459,1873,0.22085371613502502
1,460,1874,0.1889287531375885
1,461,1875,0.20447087287902832
1,462,1876,0.21173235774040222
1,463,1877,0.2887741029262543
1,464,1878,0.23579224944114685
1,465,1879,0.13591007888317108
1,466,1880,0.15255233645439148
1,467,1881,0.21338488161563873
1,468,1882,0.19872289896011353
1,469,1883,0.15192468464374542
1,470,1884,0.02505870908498764
1,471,1885,0.30422550439834595
1,472,1886,0.20998427271842957
1,473,1887,0.15581077337265015
1,474,1888,0.1936618834733963
1,475,1889,0.18496260046958923
1,476,1890,0.1566687822341919
1,477,1891,0.028671283274888992
1,478,1892,0.21441558003425598
1,479,1893,0.09945855289697647
1,480,1894,0.08068438619375229
1,481,1895,0.10223069041967392
1,482,1896,0.19223245978355408
1,483,1897,0.16973598301410675
1,484,1898,0.16173584759235382
1,485,1899,0.23012149333953857
1,486,1900,0.1630094051361084
1,487,1901,0.17951293289661407
1,488,1902,0.14289134740829468
1,489,1903,0.1913100630044937
1,490,1904,0.19350102543830872
1,491,1905,0.21672175824642181
1,492,1906,0.2583775222301483
1,493,1907,0.17287713289260864
1,494,1908,0.07011245936155319
1,495,1909,0.17970919609069824
1,496,1910,0.2742888927459717
1,497,1911,0.15105906128883362
1,498,1912,0.127105712890625
1,499,1913,0.3684215843677521
1,500,1914,0.19684521853923798
1,501,1915,0.09662722796201706
1,502,1916,0.2092602252960205
1,503,1917,0.13793553411960602
1,504,1918,0.1695958971977234
1,505,1919,0.2509494721889496
1,506,1920,0.20621612668037415
1,507,1921,0.181351900100708
1,508,1922,0.10967278480529785
1,509,1923,0.10954931378364563
1,510,1924,0.13674809038639069
1,511,1925,0.12948578596115112
1,512,1926,0.167657271027565
1,513,1927,0.10830274969339371
1,514,1928,0.15155883133411407
1,515,1929,0.17483144998550415
1,516,1930,0.13639624416828156
1,517,1931,0.1027831956744194
1,518,1932,0.11099723726511002
1,519,1933,0.18526598811149597
1,520,1934,0.11955682933330536
1,521,1935,0.19283120334148407
1,522,1936,0.0288607906550169
1,523,1937,0.21635916829109192
1,524,1938,0.20668451488018036
1,525,1939,0.09857263416051865
1,526,1940,0.08510734885931015
1,527,1941,0.14847761392593384
1,528,1942,0.14660006761550903
1,529,1943,0.17464011907577515
1,530,1944,0.07972516119480133
1,531,1945,0.2039237767457962
1,532,1946,0.16159649193286896
1,533,1947,0.11220826208591461
1,534,1948,0.24817606806755066
1,535,1949,0.24073606729507446
1,536,1950,0.14153216779232025
1,537,1951,0.18628065288066864
1,538,1952,0.06592243909835815
1,539,1953,0.023507216945290565
1,540,1954,0.191526398062706
1,541,1955,0.14095421135425568
1,542,1956,0.22225038707256317
1,543,1957,0.1997351348400116
1,544,1958,0.14347384870052338
1,545,1959,0.1367771327495575
1,546,1960,0.11362142860889435
1,547,1961,0.18062631785869598
1,548,1962,0.17998243868350983
1,549,1963,0.1744469851255417
1,550,1964,0.3820760250091553
1,551,1965,0.13703109323978424
1,552,1966,0.31633999943733215
1,553,1967,0.21309062838554382
1,554,1968,0.3213390111923218
1,555,1969,0.2341657429933548
1,556,1970,0.34081995487213135
1,557,1971,0.09472069889307022
1,558,1972,0.20391999185085297
1,559,1973,0.2964772880077362
1,560,1974,0.3710024356842041
1,561,1975,0.2923583686351776
1,562,1976,0.24678242206573486
1,563,1977,0.3941086232662201
1,564,1978,0.23987311124801636
1,565,1979,0.18428660929203033
1,566,1980,0.21665988862514496
1,567,1981,0.1435510814189911
1,568,1982,0.25941669940948486
1,569,1983,0.14868442714214325
1,570,1984,0.15657620131969452
1,571,1985,0.23300786316394806
1,572,1986,0.21775098145008087
1,573,1987,0.1938094049692154
1,574,1988,0.1967308074235916
1,575,1989,0.1684391051530838
1,576,1990,0.14906761050224304
1,577,1991,0.217188760638237
1,578,1992,0.16104008257389069
1,579,1993,0.22832700610160828
1,580,1994,0.21003593504428864
1,581,1995,0.03336237370967865
1,582,1996,0.32170388102531433
1,583,1997,0.18847408890724182
1,584,1998,0.19535106420516968
1,585,1999,0.2685178220272064
1,586,2000,0.09278728812932968
1,587,2001,0.08366229385137558
1,588,2002,0.05465000867843628
1,589,2003,0.1959008425474167
1,590,2004,0.17123131453990936
1,591,2005,0.11625746637582779
1,592,2006,0.16861817240715027
1,593,2007,0.16226397454738617
1,594,2008,0.15071044862270355
1,595,2009,0.061930619180202484
1,596,2010,0.1324843317270279
1,597,2011,0.14351344108581543
1,598,2012,0.19523535668849945
1,599,2013,0.14357060194015503
1,600,2014,0.14420300722122192
1,601,2015,0.11265745759010315
1,602,2016,0.2242175042629242
1,603,2017,0.2043180614709854
1,604,2018,0.17096222937107086
1,605,2019,0.1395450234413147
1,606,2020,0.2749621570110321
1,607,2021,0.08414606750011444
1,608,2022,0.14988721907138824
1,609,2023,0.13681435585021973
1,610,2024,0.08630193769931793
1,611,2025,0.099542036652565
1,612,2026,0.12266981601715088
1,613,2027,0.20756185054779053
1,614,2028,0.1801076978445053
1,615,2029,0.17496944963932037
1,616,2030,0.1325812190771103
1,617,2031,0.14295555651187897
1,618,2032,0.2112586945295334
1,619,2033,0.11428239196538925
1,620,2034,0.2032065987586975
1,621,2035,0.14495272934436798
1,622,2036,0.10318192094564438
1,623,2037,0.19635741412639618
1,624,2038,0.17908655107021332
1,625,2039,0.1343855857849121
1,626,2040,0.10471735894680023
1,627,2041,0.18521533906459808
1,628,2042,0.27844956517219543
1,629,2043,0.2104857712984085
1,630,2044,0.06550321727991104
1,631,2045,0.06444422900676727
1,632,2046,0.09762729704380035
1,633,2047,0.1557035893201828
1,634,2048,0.016810500994324684
1,635,2049,0.1261371672153473
1,636,2050,0.15364745259284973
1,637,2051,0.15949761867523193
1,638,2052,0.2123578041791916
1,639,2053,0.1243058443069458
1,640,2054,0.060770802199840546
1,641,2055,0.20388495922088623
1,642,2056,0.13684672117233276
1,643,2057,0.08984564989805222
1,644,2058,0.1985720545053482
1,645,2059,0.11366882920265198
1,646,2060,0.17662611603736877
1,647,2061,0.13239312171936035
1,648,2062,0.18826811015605927
1,649,2063,0.1327955722808838
1,650,2064,0.17709757387638092
1,651,2065,0.03562755510210991
1,652,2066,0.14925844967365265
1,653,2067,0.14692287147045135
1,654,2068,0.16533593833446503
1,655,2069,0.19095569849014282
1,656,2070,0.13584618270397186
1,657,2071,0.2093014121055603
1,658,2072,0.2034430205821991
1,659,2073,0.1635577380657196
1,660,2074,0.18752621114253998
1,661,2075,0.18637563288211823
1,662,2076,0.1809588521718979
1,663,2077,0.07453705370426178
1,664,2078,0.10179950296878815
1,665,2079,0.18939748406410217
1,666,2080,0.15888606011867523
1,667,2081,0.26519933342933655
1,668,2082,0.16745348274707794
1,669,2083,0.11654571443796158
1,670,2084,0.019486283883452415
1,671,2085,0.032509420067071915
1,672,2086,0.18719662725925446
1,673,2087,0.12574176490306854
1,674,2088,0.22702352702617645
1,675,2089,0.08172512799501419
1,676,2090,0.09957887977361679
1,677,2091,0.0223039872944355
1,678,2092,0.21346071362495422
1,679,2093,0.17955519258975983
1,680,2094,0.1218874379992485
1,681,2095,0.14852496981620789
1,682,2096,0.1050705686211586
1,683,2097,0.18598131835460663
1,684,2098,0.09170949459075928
1,685,2099,0.17513681948184967
1,686,2100,0.13419795036315918
1,687,2101,0.1083005964756012
1,688,2102,0.014938239939510822
1,689,2103,0.15147501230239868
1,690,2104,0.08383407443761826
1,691,2105,0.22734889388084412
1,692,2106,0.14565390348434448
1,693,2107,0.03474992886185646
1,694,2108,0.1707826852798462
1,695,2109,0.18228113651275635
1,696,2110,0.1419106125831604
1,697,2111,0.12852376699447632
1,698,2112,0.0972299724817276
1,699,2113,0.09430001676082611
1,700,2114,0.07923611253499985
1,701,2115,0.013733360916376114
1,702,2116,0.1773582100868225
1,703,2117,0.1942594051361084
1,704,2118,0.1411477029323578
1,705,2119,0.18258216977119446
1,706,2120,0.17661823332309723
1,707,2121,0.21350319683551788
1,708,2122,0.17353646457195282
1,709,2123,0.14869697391986847
1,710,2124,0.09800194203853607
1,711,2125,0.3106854259967804
1,712,2126,0.1457461565732956
1,713,2127,0.38209250569343567
1,714,2128,0.33225756883621216
1,715,2129,0.21859537065029144
1,716,2130,0.23222146928310394
1,717,2131,0.07852019369602203
1,718,2132,0.33680763840675354
1,719,2133,0.21391749382019043
1,720,2134,0.09521348774433136
1,721,2135,0.18928928673267365
1,722,2136,0.17227698862552643
1,723,2137,0.27324676513671875
1,724,2138,0.14114877581596375
1,725,2139,0.23569805920124054
1,726,2140,0.22844615578651428
1,727,2141,0.10793409496545792
1,728,2142,0.1757756620645523
1,729,2143,0.09775447845458984
1,730,2144,0.21584661304950714
1,731,2145,0.09270362555980682
1,732,2146,0.20942850410938263
1,733,2147,0.09052366018295288
1,734,2148,0.26148363947868347
1,735,2149,0.1359969824552536
1,736,2150,0.3218693137168884
1,737,2151,0.13600341975688934
1,738,2152,0.17125071585178375
1,739,2153,0.10362431406974792
1,740,2154,0.15328486263751984
1,741,2155,0.15735682845115662
1,742,2156,0.19906103610992432
1,743,2157,0.19955673813819885
1,744,2158,0.14508791267871857
1,745,2159,0.194819837808609
1,746,2160,0.08961859345436096
1,747,2161,0.12348759919404984
1,748,2162,0.18430010974407196
1,749,2163,0.11643565446138382
1,750,2164,0.2114907056093216
1,751,2165,0.12314411997795105
1,752,2166,0.09501411020755768
1,753,2167,0.15172214806079865
1,754,2168,0.06948194652795792
1,755,2169,0.17187848687171936
1,756,2170,0.21078965067863464
1,757,2171,0.10648904740810394
1,758,2172,0.08299341797828674
1,759,2173,0.22246995568275452
1,760,2174,0.12281138449907303
1,761,2175,0.01164781954139471
1,762,2176,0.06750056147575378
1,763,2177,0.20777527987957
1,764,2178,0.19585329294204712
1,765,2179,0.1162714958190918
1,766,2180,0.1833338588476181
1,767,2181,0.1817890703678131
1,768,2182,0.16845375299453735
1,769,2183,0.1839076280593872
1,770,2184,0.18177929520606995
1,771,2185,0.1924208104610443
1,772,2186,0.10101918131113052
1,773,2187,0.11120473593473434
1,774,2188,0.1308482587337494
1,775,2189,0.09739651530981064
1,776,2190,0.27387896180152893
1,777,2191,0.12015482783317566
1,778,2192,0.13214781880378723
1,779,2193,0.23560677468776703
1,780,2194,0.061842650175094604
1,781,2195,0.16416512429714203
1,782,2196,0.21570506691932678
1,783,2197,0.18884211778640747
1,784,2198,0.18742582201957703
1,785,2199,0.19905871152877808
1,786,2200,0.10139941424131393
1,787,2201,0.15723057091236115
1,788,2202,0.13834254443645477
1,789,2203,0.12452862411737442
1,790,2204,0.07088013738393784
1,791,2205,0.11902563273906708
1,792,2206,0.2620677351951599
1,793,2207,0.1702173501253128
1,794,2208,0.16341333091259003
1,795,2209,0.264565646648407
1,796,2210,0.16977480053901672
1,797,2211,0.1446109563112259
1,798,2212,0.031874869018793106
1,799,2213,0.15802770853042603
1,800,2214,0.16843585669994354
1,801,2215,0.19757090508937836
1,802,2216,0.09987474977970123
1,803,2217,0.13141262531280518
1,804,2218,0.28443995118141174
1,805,2219,0.25366976857185364
1,806,2220,0.11162029206752777
1,807,2221,0.1622568517923355
1,808,2222,0.1622694730758667
1,809,2223,0.22582653164863586
1,810,2224,0.18340636789798737
1,811,2225,0.3070865273475647
1,812,2226,0.21043294668197632
1,813,2227,0.07872731238603592
1,814,2228,0.13887400925159454
1,815,2229,0.29528936743736267
1,816,2230,0.2666868567466736
1,817,2231,0.48919689655303955
1,818,2232,1.1827747821807861
1,819,2233,1.6246763467788696
1,820,2234,0.5039224028587341
1,821,2235,1.3878368139266968
1,822,2236,1.2838729619979858
1,823,2237,1.3689002990722656
1,824,2238,1.4149893522262573
1,825,2239,1.2046064138412476
1,826,2240,1.4634679555892944
1,827,2241,1.151712417602539
1,828,2242,1.1226093769073486
1,829,2243,1.1965285539627075
1,830,2244,1.1688308715820312
1,831,2245,1.2442922592163086
1,832,2246,0.5171542167663574
1,833,2247,0.8429704904556274
1,834,2248,0.7728150486946106
1,835,2249,0.5619890689849854
1,836,2250,0.43999114632606506
1,837,2251,0.8733854293823242
1,838,2252,0.584811270236969
1,839,2253,0.6628929376602173
1,840,2254,0.7962082624435425
1,841,2255,0.6799453496932983
1,842,2256,0.7832396030426025
1,843,2257,0.5786052942276001
1,844,2258,0.7142893075942993
1,845,2259,0.4692128300666809
1,846,2260,0.44687584042549133
1,847,2261,0.5101659297943115
1,848,2262,0.2579808533191681
1,849,2263,0.5194610357284546
1,850,2264,0.4418330490589142
1,851,2265,0.17793744802474976
1,852,2266,0.21623581647872925
1,853,2267,0.2812213897705078
1,854,2268,0.27201077342033386
1,855,2269,0.2664390802383423
1,856,2270,0.41925355792045593
1,857,2271,0.1670750081539154
1,858,2272,0.5119476914405823
1,859,2273,0.16174770891666412
1,860,2274,0.3359733521938324
1,861,2275,0.3134509325027466
1,862,2276,0.21972569823265076
1,863,2277,0.26964011788368225
1,864,2278,0.2695936858654022
1,865,2279,0.16416624188423157
1,866,2280,0.40610599517822266
1,867,2281,0.306865394115448
1,868,2282,0.12866388261318207
1,869,2283,0.17493486404418945
1,870,2284,0.20772629976272583
1,871,2285,0.3854454755783081
1,872,2286,0.30221232771873474
1,873,2287,0.1371067464351654
1,874,2288,0.31819766759872437
1,875,2289,0.3126606345176697
1,876,2290,0.23800575733184814
1,877,2291,0.28259846568107605
1,878,2292,0.2829054594039917
1,879,2293,0.22241339087486267
1,880,2294,0.16979844868183136
1,881,2295,0.2935652434825897
1,882,2296,0.202342227101326
1,883,2297,0.3120613396167755
1,884,2298,0.28471311926841736
1,885,2299,0.15141667425632477
1,886,2300,0.2203858494758606
1,887,2301,0.29962047934532166
1,888,2302,0.09233683347702026
1,889,2303,0.1891837865114212
1,890,2304,0.15519452095031738
1,891,2305,0.14921970665454865
1,892,2306,0.21287427842617035
1,893,2307,0.27506014704704285
1,894,2308,0.17214970290660858
1,895,2309,0.19736282527446747
1,896,2310,0.28856319189071655
1,897,2311,0.27481573820114136
1,898,2312,0.21659132838249207
1,899,2313,0.18745529651641846
1,900,2314,0.11272815614938736
1,901,2315,0.1380666345357895
1,902,2316,0.15743155777454376
1,903,2317,0.23598319292068481
1,904,2318,0.16783738136291504
1,905,2319,0.11332070082426071
1,906,2320,0.2597981095314026
1,907,2321,0.044944170862436295
1,908,2322,0.1990029513835907
1,909,2323,0.23645353317260742
1,910,2324,0.26699551939964294
1,911,2325,0.16609413921833038
1,912,2326,0.17499813437461853
1,913,2327,0.12549914419651031
1,914,2328,0.304290235042572
1,915,2329,0.11097387969493866
1,916,2330,0.1609802395105362
1,917,2331,0.14406998455524445
1,918,2332,0.16253523528575897
1,919,2333,0.1919417679309845
1,920,2334,0.10045935958623886
1,921,2335,0.08245690912008286
1,922,2336,0.1672745645046234
1,923,2337,0.22101426124572754
1,924,2338,0.23085592687129974
1,925,2339,0.2383858561515808
1,926,2340,0.12630732357501984
1,927,2341,0.24324937164783478
1,928,2342,0.24530088901519775
1,929,2343,0.10105234384536743
1,930,2344,0.2412191480398178
1,931,2345,0.3790949583053589
1,932,2346,0.5095577239990234
1,933,2347,0.5243639945983887
1,934,2348,0.6162272095680237
1,935,2349,0.5325042009353638
1,936,2350,0.39528751373291016
1,937,2351,0.4624105393886566
1,938,2352,0.631487250328064
1,939,2353,0.4154353737831116
1,940,2354,0.6012912392616272
1,941,2355,0.23572653532028198
1,942,2356,0.3453599810600281
1,943,2357,0.3604808747768402
1,944,2358,0.25871342420578003
1,945,2359,0.40648993849754333
1,946,2360,0.3702523708343506
1,947,2361,0.4043338894844055
1,948,2362,0.35588762164115906
1,949,2363,0.2297208458185196
1,950,2364,0.2626621127128601
1,951,2365,0.39794597029685974
1,952,2366,0.4943138659000397
1,953,2367,0.5756213665008545
1,954,2368,0.6836996674537659
1,955,2369,0.5086437463760376
1,956,2370,0.835802435874939
1,957,2371,0.6112592220306396
1,958,2372,0.5049614906311035
1,959,2373,0.29651761054992676
1,960,2374,0.4582030475139618
1,961,2375,0.42897674441337585
1,962,2376,0.39218080043792725
1,963,2377,0.2914436459541321
1,964,2378,0.2924783229827881
1,965,2379,0.290427029132843
1,966,2380,0.16750101745128632
1,967,2381,0.3262955844402313
1,968,2382,0.22035843133926392
1,969,2383,0.14709824323654175
1,970,2384,0.059806209057569504
1,971,2385,0.22695177793502808
1,972,2386,0.18561425805091858
1,973,2387,0.26749759912490845
1,974,2388,0.2569073438644409
1,975,2389,0.18753015995025635
1,976,2390,0.31832611560821533
1,977,2391,0.27054524421691895
1,978,2392,0.2683212161064148
1,979,2393,0.2930874824523926
1,980,2394,0.21783004701137543
1,981,2395,0.26248878240585327
1,982,2396,0.0942554622888565
1,983,2397,0.2476036250591278
1,984,2398,0.26065436005592346
1,985,2399,0.1968836933374405
1,986,2400,0.16460281610488892
1,987,2401,0.2081884741783142
1,988,2402,0.3004513382911682
1,989,2403,0.2656140923500061
1,990,2404,0.14584513008594513
1,991,2405,0.30512306094169617
1,992,2406,0.209397092461586
1,993,2407,0.18118134140968323
1,994,2408,0.1322997510433197
1,995,2409,0.21701310575008392
1,996,2410,0.2470439374446869
1,997,2411,0.14795641601085663
1,998,2412,0.0927678644657135
1,999,2413,0.23854240775108337
1,1000,2414,0.1536032110452652
1,1001,2415,0.12836146354675293
1,1002,2416,0.18293914198875427
1,1003,2417,0.20768356323242188
1,1004,2418,0.24154800176620483
1,1005,2419,0.14277569949626923
1,1006,2420,0.22304488718509674
1,1007,2421,0.2030952125787735
1,1008,2422,0.1237906888127327
1,1009,2423,0.12547127902507782
1,1010,2424,0.14275673031806946
1,1011,2425,0.1683080792427063
1,1012,2426,0.20574888586997986
1,1013,2427,0.1776852011680603
1,1014,2428,0.15356847643852234
1,1015,2429,0.16960474848747253
1,1016,2430,0.19901683926582336
1,1017,2431,0.030424008145928383
1,1018,2432,0.12896473705768585
1,1019,2433,0.0810728594660759
1,1020,2434,0.26258590817451477
1,1021,2435,0.15131987631320953
1,1022,2436,0.18654309213161469
1,1023,2437,0.08962331712245941
1,1024,2438,0.17271865904331207
1,1025,2439,0.12027384340763092
1,1026,2440,0.16414964199066162
1,1027,2441,0.11659260094165802
1,1028,2442,0.1444271057844162
1,1029,2443,0.24703630805015564
1,1030,2444,0.1384904384613037
1,1031,2445,0.21737873554229736
1,1032,2446,0.2725563645362854
1,1033,2447,0.13370345532894135
1,1034,2448,0.21438056230545044
1,1035,2449,0.13054242730140686
1,1036,2450,0.13779982924461365
1,1037,2451,0.2008901983499527
1,1038,2452,0.20605818927288055
1,1039,2453,0.08146406710147858
1,1040,2454,0.10557988286018372
1,1041,2455,0.17533555626869202
1,1042,2456,0.11984243243932724
1,1043,2457,0.10059747099876404
1,1044,2458,0.2108490765094757
1,1045,2459,0.13708224892616272
1,1046,2460,0.24717722833156586
1,1047,2461,0.10600429773330688
1,1048,2462,0.12439418584108353
1,1049,2463,0.0699816644191742
1,1050,2464,0.14889578521251678
1,1051,2465,0.09187556803226471
1,1052,2466,0.11232160031795502
1,1053,2467,0.12084344029426575
1,1054,2468,0.10859758406877518
1,1055,2469,0.21791315078735352
1,1056,2470,0.08471464365720749
1,1057,2471,0.113808274269104
1,1058,2472,0.19701877236366272
1,1059,2473,0.14544259011745453
1,1060,2474,0.1883053183555603
1,1061,2475,0.1215563714504242
1,1062,2476,0.03632600978016853
1,1063,2477,0.15717481076717377
1,1064,2478,0.021036844700574875
1,1065,2479,0.15160147845745087
1,1066,2480,0.20333710312843323
1,1067,2481,0.10700356215238571
1,1068,2482,0.08801499009132385
1,1069,2483,0.12591570615768433
1,1070,2484,0.19090059399604797
1,1071,2485,0.1465463489294052
1,1072,2486,0.19157470762729645
1,1073,2487,0.1889261156320572
1,1074,2488,0.06091058626770973
1,1075,2489,0.19316311180591583
1,1076,2490,0.1049828752875328
1,1077,2491,0.14093555510044098
1,1078,2492,0.11893728375434875
1,1079,2493,0.12843860685825348
1,1080,2494,0.09588348120450974
1,1081,2495,0.175203338265419
1,1082,2496,0.19086365401744843
1,1083,2497,0.05036739632487297
1,1084,2498,0.08150991797447205
1,1085,2499,0.08782204240560532
1,1086,2500,0.10777417570352554
1,1087,2501,0.1719263195991516
1,1088,2502,0.07071961462497711
1,1089,2503,0.19005043804645538
1,1090,2504,0.15235291421413422
1,1091,2505,0.19833414256572723
1,1092,2506,0.174697607755661
1,1093,2507,0.12042729556560516
1,1094,2508,0.14994631707668304
1,1095,2509,0.16488315165042877
1,1096,2510,0.0904591828584671
1,1097,2511,0.011135025881230831
1,1098,2512,0.16709938645362854
1,1099,2513,0.12351516634225845
1,1100,2514,0.041649140417575836
1,1101,2515,0.1880837380886078
1,1102,2516,0.11453884840011597
1,1103,2517,0.07496529817581177
1,1104,2518,0.08667456358671188
1,1105,2519,0.03769855946302414
1,1106,2520,0.22171764075756073
1,1107,2521,0.19677890837192535
1,1108,2522,0.08050524443387985
1,1109,2523,0.1557062566280365
1,1110,2524,0.13725396990776062
1,1111,2525,0.1615205556154251
1,1112,2526,0.18305596709251404
1,1113,2527,0.1286577731370926
1,1114,2528,0.14915208518505096
1,1115,2529,0.18849113583564758
1,1116,2530,0.10295379906892776
1,1117,2531,0.10251156985759735
1,1118,2532,0.13979026675224304
1,1119,2533,0.10531719028949738
1,1120,2534,0.10583692789077759
1,1121,2535,0.09665918350219727
1,1122,2536,0.13531889021396637
1,1123,2537,0.11234953254461288
1,1124,2538,0.15150423347949982
1,1125,2539,0.15453043580055237
1,1126,2540,0.0905935987830162
1,1127,2541,0.051934171468019485
1,1128,2542,0.19229640066623688
1,1129,2543,0.18033458292484283
1,1130,2544,0.14894527196884155
1,1131,2545,0.13916605710983276
1,1132,2546,0.07493738830089569
1,1133,2547,0.04035373777151108
1,1134,2548,0.08708824217319489
1,1135,2549,0.18554164469242096
1,1136,2550,0.21994629502296448
1,1137,2551,0.15124911069869995
1,1138,2552,0.13961002230644226
1,1139,2553,0.1788651943206787
1,1140,2554,0.14026783406734467
1,1141,2555,0.1328156590461731
1,1142,2556,0.09820680320262909
1,1143,2557,0.15835431218147278
1,1144,2558,0.1464821994304657
1,1145,2559,0.22526369988918304
1,1146,2560,0.24429954588413239
1,1147,2561,0.24358011782169342
1,1148,2562,0.09816398471593857
1,1149,2563,0.1382237821817398
1,1150,2564,0.13471385836601257
1,1151,2565,0.17602220177650452
1,1152,2566,0.21877965331077576
1,1153,2567,0.06949432939291
1,1154,2568,0.14331768453121185
1,1155,2569,0.19718526303768158
1,1156,2570,0.18613222241401672
1,1157,2571,0.15087950229644775
1,1158,2572,0.1271430104970932
1,1159,2573,0.06195416301488876
1,1160,2574,0.14859791100025177
1,1161,2575,0.12636728584766388
1,1162,2576,0.12524016201496124
1,1163,2577,0.14023546874523163
1,1164,2578,0.09514165669679642
1,1165,2579,0.13239072263240814
1,1166,2580,0.054623786360025406
1,1167,2581,0.17412018775939941
1,1168,2582,0.08752027153968811
1,1169,2583,0.15337996184825897
1,1170,2584,0.11340862512588501
1,1171,2585,0.10431792587041855
1,1172,2586,0.09393104165792465
1,1173,2587,0.12111522257328033
1,1174,2588,0.18016785383224487
1,1175,2589,0.10224491357803345
1,1176,2590,0.24620787799358368
1,1177,2591,0.10860181599855423
1,1178,2592,0.10173379629850388
1,1179,2593,0.11061345040798187
1,1180,2594,0.07369022816419601
1,1181,2595,0.1732058823108673
1,1182,2596,0.1444474160671234
1,1183,2597,0.07226648926734924
1,1184,2598,0.07636749744415283
1,1185,2599,0.1956222653388977
1,1186,2600,0.16455228626728058
1,1187,2601,0.19481408596038818
1,1188,2602,0.17061559855937958
1,1189,2603,0.09254788607358932
1,1190,2604,0.14384210109710693
1,1191,2605,0.12093918025493622
1,1192,2606,0.0963788703083992
1,1193,2607,0.09411738812923431
1,1194,2608,0.011102423071861267
1,1195,2609,0.21195344626903534
1,1196,2610,0.2640095055103302
1,1197,2611,0.10606321692466736
1,1198,2612,0.10144677758216858
1,1199,2613,0.18706823885440826
1,1200,2614,0.18585290014743805
1,1201,2615,0.18499839305877686
1,1202,2616,0.19985635578632355
1,1203,2617,0.20358926057815552
1,1204,2618,0.1481635719537735
1,1205,2619,0.10345325618982315
1,1206,2620,0.11296349763870239
1,1207,2621,0.08360514789819717
1,1208,2622,0.10087788850069046
1,1209,2623,0.11097840964794159
1,1210,2624,0.13478727638721466
1,1211,2625,0.12095482647418976
1,1212,2626,0.10931440442800522
1,1213,2627,0.18495218455791473
1,1214,2628,0.15320855379104614
1,1215,2629,0.19157777726650238
1,1216,2630,0.15718939900398254
1,1217,2631,0.134261816740036
1,1218,2632,0.2515508830547333
1,1219,2633,0.035144202411174774
1,1220,2634,0.07982176542282104
1,1221,2635,0.10351979732513428
1,1222,2636,0.19783225655555725
1,1223,2637,0.2378743439912796
1,1224,2638,0.07428953796625137
1,1225,2639,0.15666697919368744
1,1226,2640,0.048599086701869965
1,1227,2641,0.19853506982326508
1,1228,2642,0.12409940361976624
1,1229,2643,0.14173632860183716
1,1230,2644,0.16373755037784576
1,1231,2645,0.17956781387329102
1,1232,2646,0.08551180362701416
1,1233,2647,0.2170262187719345
1,1234,2648,0.25117558240890503
1,1235,2649,0.13936401903629303
1,1236,2650,0.09741165488958359
1,1237,2651,0.12216106802225113
1,1238,2652,0.08699414879083633
1,1239,2653,0.22777588665485382
1,1240,2654,0.11003044992685318
1,1241,2655,0.1424751877784729
1,1242,2656,0.27149876952171326
1,1243,2657,0.10234404355287552
1,1244,2658,0.1948995441198349
1,1245,2659,0.06849949806928635
1,1246,2660,0.2466668337583542
1,1247,2661,0.13949333131313324
1,1248,2662,0.28149762749671936
1,1249,2663,0.22068004310131073
1,1250,2664,0.12233991920948029
1,1251,2665,0.1898888498544693
1,1252,2666,0.01322629489004612
1,1253,2667,0.10121309012174606
1,1254,2668,0.09412858635187149
1,1255,2669,0.21669259667396545
1,1256,2670,0.13980524241924286
1,1257,2671,0.13235759735107422
1,1258,2672,0.16786505281925201
1,1259,2673,0.07478932291269302
1,1260,2674,0.16594694554805756
1,1261,2675,0.19888226687908173
1,1262,2676,0.16651886701583862
1,1263,2677,0.19260500371456146
1,1264,2678,0.06747086346149445
1,1265,2679,0.15095801651477814
1,1266,2680,0.15773819386959076
1,1267,2681,0.16992978751659393
1,1268,2682,0.07382846623659134
1,1269,2683,0.2162594050168991
1,1270,2684,0.11919014900922775
1,1271,2685,0.13456659018993378
1,1272,2686,0.03386745974421501
1,1273,2687,0.13897106051445007
1,1274,2688,0.053716909140348434
1,1275,2689,0.0866406187415123
1,1276,2690,0.13810354471206665
1,1277,2691,0.14573171734809875
1,1278,2692,0.08183342963457108
1,1279,2693,0.1342421919107437
1,1280,2694,0.022667236626148224
1,1281,2695,0.14209294319152832
1,1282,2696,0.10957251489162445
1,1283,2697,0.1312149465084076
1,1284,2698,0.16044177114963531
1,1285,2699,0.1038128137588501
1,1286,2700,0.21768596768379211
1,1287,2701,0.0849439799785614
1,1288,2702,0.18998834490776062
1,1289,2703,0.151028573513031
1,1290,2704,0.09198621660470963
1,1291,2705,0.11702203005552292
1,1292,2706,0.08073161542415619
1,1293,2707,0.1814572960138321
1,1294,2708,0.3826206922531128
1,1295,2709,0.09302548319101334
1,1296,2710,0.1538761854171753
1,1297,2711,0.21916154026985168
1,1298,2712,0.19031813740730286
1,1299,2713,0.16823145747184753
1,1300,2714,0.12009421736001968
1,1301,2715,0.17937055230140686
1,1302,2716,0.18705642223358154
1,1303,2717,0.23492154479026794
1,1304,2718,0.18235598504543304
1,1305,2719,0.16811677813529968
1,1306,2720,0.23924486339092255
1,1307,2721,0.018898071721196175
1,1308,2722,0.18723954260349274
1,1309,2723,0.1661985069513321
1,1310,2724,0.08325959742069244
1,1311,2725,0.16504773497581482
1,1312,2726,0.19141757488250732
1,1313,2727,0.16975533962249756
1,1314,2728,0.07272468507289886
1,1315,2729,0.12800021469593048
1,1316,2730,0.12934193015098572
1,1317,2731,0.13353487849235535
1,1318,2732,0.19923420250415802
1,1319,2733,0.1924957036972046
1,1320,2734,0.1475839763879776
1,1321,2735,0.2429639846086502
1,1322,2736,0.1685941517353058
1,1323,2737,0.10364272445440292
1,1324,2738,0.15625981986522675
1,1325,2739,0.3079400360584259
1,1326,2740,0.0774121806025505
1,1327,2741,0.12596067786216736
1,1328,2742,0.0847492590546608
1,1329,2743,0.051851898431777954
1,1330,2744,0.14836890995502472
1,1331,2745,0.08976099640130997
1,1332,2746,0.14963993430137634
1,1333,2747,0.18489187955856323
1,1334,2748,0.11875955015420914
1,1335,2749,0.09893204271793365
1,1336,2750,0.11557060480117798
1,1337,2751,0.1842353790998459
1,1338,2752,0.10627284646034241
1,1339,2753,0.18474823236465454
1,1340,2754,0.15445226430892944
1,1341,2755,0.21072597801685333
1,1342,2756,0.09868036955595016
1,1343,2757,0.18516717851161957
1,1344,2758,0.239939883351326
1,1345,2759,0.17763745784759521
1,1346,2760,0.13350777328014374
1,1347,2761,0.11398157477378845
1,1348,2762,0.0759664997458458
1,1349,2763,0.21712219715118408
1,1350,2764,0.12809497117996216
1,1351,2765,0.1557418555021286
1,1352,2766,0.130287766456604
1,1353,2767,0.15616774559020996
1,1354,2768,0.09111328423023224
1,1355,2769,0.11660933494567871
1,1356,2770,0.15054701268672943
1,1357,2771,0.02919839881360531
1,1358,2772,0.15310807526111603
1,1359,2773,0.185639888048172
1,1360,2774,0.1286318451166153
1,1361,2775,0.07016843557357788
1,1362,2776,0.12323452532291412
1,1363,2777,0.130223348736763
1,1364,2778,0.17438416182994843
1,1365,2779,0.1362691968679428
1,1366,2780,0.149831160902977
1,1367,2781,0.19451645016670227
1,1368,2782,0.14856629073619843
1,1369,2783,0.11497067660093307
1,1370,2784,0.16868063807487488
1,1371,2785,0.08660421520471573
1,1372,2786,0.1608186513185501
1,1373,2787,0.12089252471923828
1,1374,2788,0.07927698642015457
1,1375,2789,0.21979860961437225
1,1376,2790,0.1400524079799652
1,1377,2791,0.16577641665935516
1,1378,2792,0.21867749094963074
1,1379,2793,0.07416659593582153
1,1380,2794,0.10597804188728333
1,1381,2795,0.12004674226045609
1,1382,2796,0.1698293834924698
1,1383,2797,0.06261298805475235
1,1384,2798,0.14501594007015228
1,1385,2799,0.011841968633234501
1,1386,2800,0.1411309540271759
1,1387,2801,0.17150883376598358
1,1388,2802,0.2488274872303009
1,1389,2803,0.09353586286306381
1,1390,2804,0.20439840853214264
1,1391,2805,0.19407568871974945
1,1392,2806,0.16197961568832397
1,1393,2807,0.13836833834648132
1,1394,2808,0.0680684968829155
1,1395,2809,0.17267312109470367
1,1396,2810,0.11872238665819168
1,1397,2811,0.08579082041978836
1,1398,2812,0.16254201531410217
1,1399,2813,0.14943915605545044
1,1400,2814,0.18589051067829132
1,1401,2815,0.14495916664600372
1,1402,2816,0.0633450299501419
1,1403,2817,0.08260655403137207
1,1404,2818,0.19535042345523834
1,1405,2819,0.08738085627555847
1,1406,2820,0.05570144206285477
1,1407,2821,0.20016981661319733
1,1408,2822,0.08325838297605515
1,1409,2823,0.13212434947490692
1,1410,2824,0.0394347608089447
1,1411,2825,0.19424238801002502
1,1412,2826,0.1356322318315506
1,1413,2827,0.1978657990694046
1,1414,2828,0.14501695334911346
1,1415,2829,0.10961056500673294
2,1,2830,0.1622128188610077
2,2,2831,0.11902321875095367
2,3,2832,0.09249478578567505
2,4,2833,0.041869115084409714
2,5,2834,0.252250075340271
2,6,2835,0.30359190702438354
2,7,2836,0.075252965092659
2,8,2837,0.1344403326511383
2,9,2838,0.14347104728221893
2,10,2839,0.10594120621681213
2,11,2840,0.17614667117595673
2,12,2841,0.07114709913730621
2,13,2842,0.14596475660800934
2,14,2843,0.10458216071128845
2,15,2844,0.12158041447401047
2,16,2845,0.10591364651918411
2,17,2846,0.23869937658309937
2,18,2847,0.0562610886991024
2,19,2848,0.195900559425354
2,20,2849,0.0891258493065834
2,21,2850,0.21309304237365723
2,22,2851,0.1154160425066948
2,23,2852,0.20978675782680511
2,24,2853,0.1445840448141098
2,25,2854,0.23396973311901093
2,26,2855,0.12559053301811218
2,27,2856,0.13183781504631042
2,28,2857,0.10835479944944382
2,29,2858,0.1361183226108551
2,30,2859,0.12058430910110474
2,31,2860,0.121440589427948
2,32,2861,0.15153366327285767
2,33,2862,0.15363021194934845
2,34,2863,0.22363123297691345
2,35,2864,0.14897090196609497
2,36,2865,0.14168870449066162
2,37,2866,0.1923343688249588
2,38,2867,0.142523393034935
2,39,2868,0.14226636290550232
2,40,2869,0.14541739225387573
2,41,2870,0.15871979296207428
2,42,2871,0.014290515333414078
2,43,2872,0.1656431406736374
2,44,2873,0.19484677910804749
2,45,2874,0.1460694968700409
2,46,2875,0.023864854127168655
2,47,2876,0.166659414768219
2,48,2877,0.06589445471763611
2,49,2878,0.17482204735279083
2,50,2879,0.007287972141057253
2,51,2880,0.16574925184249878
2,52,2881,0.08788210153579712
2,53,2882,0.20609764754772186
2,54,2883,0.1292835921049118
2,55,2884,0.15215104818344116
2,56,2885,0.11340802907943726
2,57,2886,0.14885276556015015
2,58,2887,0.1023080125451088
2,59,2888,0.10554568469524384
2,60,2889,0.11532201617956161
2,61,2890,0.01478753611445427
2,62,2891,0.12185963988304138
2,63,2892,0.15027093887329102
2,64,2893,0.17254501581192017
2,65,2894,0.1310834437608719
2,66,2895,0.017764726653695107
2,67,2896,0.27663275599479675
2,68,2897,0.161885067820549
2,69,2898,0.15694092214107513
2,70,2899,0.11221928149461746
2,71,2900,0.16509518027305603
2,72,2901,0.1877633035182953
2,73,2902,0.12921719253063202
2,74,2903,0.03138803318142891
2,75,2904,0.20790420472621918
2,76,2905,0.22802452743053436
2,77,2906,0.17331506311893463
2,78,2907,0.13735726475715637
2,79,2908,0.11499249190092087
2,80,2909,0.15158548951148987
2,81,2910,0.1286076456308365
2,82,2911,0.06000488996505737
2,83,2912,0.12992136180400848
2,84,2913,0.12015664577484131
2,85,2914,0.007833678275346756
2,86,2915,0.1669815331697464
2,87,2916,0.07759761065244675
2,88,2917,0.22334887087345123
2,89,2918,0.07242760062217712
2,90,2919,0.20521673560142517
2,91,2920,0.17655231058597565
2,92,2921,0.2139056921005249
2,93,2922,0.22222749888896942
2,94,2923,0.17944853007793427
2,95,2924,0.04127492010593414
2,96,2925,0.11859336495399475
2,97,2926,0.1331259310245514
2,98,2927,0.12226766347885132
2,99,2928,0.11901004612445831
2,100,2929,0.18913264572620392
2,101,2930,0.12931793928146362
2,102,2931,0.0874810516834259
2,103,2932,0.2507792115211487
2,104,2933,0.11857210844755173
2,105,2934,0.11005181074142456
2,106,2935,0.19096973538398743
2,107,2936,0.13238580524921417
2,108,2937,0.060878559947013855
2,109,2938,0.15652905404567719
2,110,2939,0.14789190888404846
2,111,2940,0.1502232551574707
2,112,2941,0.023217368870973587
2,113,2942,0.0780414342880249
2,114,2943,0.09788922965526581
2,115,2944,0.10531789809465408
2,116,2945,0.16443978250026703
2,117,2946,0.12682776153087616
2,118,2947,0.08688189089298248
2,119,2948,0.05704255402088165
2,120,2949,0.058231890201568604
2,121,2950,0.06891486048698425
2,122,2951,0.1708650290966034
2,123,2952,0.06426729261875153
2,124,2953,0.1729166954755783
2,125,2954,0.10400519520044327
2,126,2955,0.23562589287757874
2,127,2956,0.12342052161693573
2,128,2957,0.193401038646698
2,129,2958,0.05648799240589142
2,130,2959,0.04292243719100952
2,131,2960,0.017605705186724663
2,132,2961,0.16022059321403503
2,133,2962,0.1789410561323166
2,134,2963,0.19303448498249054
2,135,2964,0.15515173971652985
2,136,2965,0.08126766979694366
2,137,2966,0.09328989684581757
2,138,2967,0.04752805456519127
2,139,2968,0.07985775917768478
2,140,2969,0.1444002091884613
2,141,2970,0.1577995866537094
2,142,2971,0.06057300046086311
2,143,2972,0.04690952226519585
2,144,2973,0.09841885417699814
2,145,2974,0.05503316968679428
2,146,2975,0.08225223422050476
2,147,2976,0.14057084918022156
2,148,2977,0.17508576810359955
2,149,2978,0.1858694702386856
2,150,2979,0.22614362835884094
2,151,2980,0.08673315495252609
2,152,2981,0.11262679100036621
2,153,2982,0.09494324773550034
2,154,2983,0.12937696278095245
2,155,2984,0.12592361867427826
2,156,2985,0.15184026956558228
2,157,2986,0.1595292091369629
2,158,2987,0.09699615091085434
2,159,2988,0.10985682159662247
2,160,2989,0.1497192680835724
2,161,2990,0.10145612061023712
2,162,2991,0.07780089974403381
2,163,2992,0.20901845395565033
2,164,2993,0.04879403114318848
2,165,2994,0.221521258354187
2,166,2995,0.14512093365192413
2,167,2996,0.12898333370685577
2,168,2997,0.1275041103363037
2,169,2998,0.02985202893614769
2,170,2999,0.11669027805328369
2,171,3000,0.15348371863365173
2,172,3001,0.09988146275281906
2,173,3002,0.09058839827775955
2,174,3003,0.0974711924791336
2,175,3004,0.11968684941530228
2,176,3005,0.15936259925365448
2,177,3006,0.0984099730849266
2,178,3007,0.12035638839006424
2,179,3008,0.1112309992313385
2,180,3009,0.16268198192119598
2,181,3010,0.07682809978723526
2,182,3011,0.14780887961387634
2,183,3012,0.04278407618403435
2,184,3013,0.14363044500350952
2,185,3014,0.17085272073745728
2,186,3015,0.13502149283885956
2,187,3016,0.11223971098661423
2,188,3017,0.13857881724834442
2,189,3018,0.12030737102031708
2,190,3019,0.1747286170721054
2,191,3020,0.07794266194105148
2,192,3021,0.06804042309522629
2,193,3022,0.1328911930322647
2,194,3023,0.07081573456525803
2,195,3024,0.16725113987922668
2,196,3025,0.026324128732085228
2,197,3026,0.15513873100280762
2,198,3027,0.09777111560106277
2,199,3028,0.18667660653591156
2,200,3029,0.07922780513763428
2,201,3030,0.04584407061338425
2,202,3031,0.07553727179765701
2,203,3032,0.11336921900510788
2,204,3033,0.12117916345596313
2,205,3034,0.15938565135002136
2,206,3035,0.17523209750652313
2,207,3036,0.13443481922149658
2,208,3037,0.18178893625736237
2,209,3038,0.05191387981176376
2,210,3039,0.13796602189540863
2,211,3040,0.05044250190258026
2,212,3041,0.1383049041032791
2,213,3042,0.007723595481365919
2,214,3043,0.006888212636113167
2,215,3044,0.006326446775346994
2,216,3045,0.16688844561576843
2,217,3046,0.24016110599040985
2,218,3047,0.12947897613048553
2,219,3048,0.22001320123672485
2,220,3049,0.15249033272266388
2,221,3050,0.2180320918560028
2,222,3051,0.2366473227739334
2,223,3052,0.1774357557296753
2,224,3053,0.2106408029794693
2,225,3054,0.12336737662553787
2,226,3055,0.23648010194301605
2,227,3056,0.18988530337810516
2,228,3057,0.1653011292219162
2,229,3058,0.11922808736562729
2,230,3059,0.21563512086868286
2,231,3060,0.3565385937690735
2,232,3061,0.17419973015785217
2,233,3062,0.2636811137199402
2,234,3063,0.15550050139427185
2,235,3064,0.4212198853492737
2,236,3065,0.22401925921440125
2,237,3066,0.18165993690490723
2,238,3067,0.23466545343399048
2,239,3068,0.13509207963943481
2,240,3069,0.16839616000652313
2,241,3070,0.19799913465976715
2,242,3071,0.2110668122768402
2,243,3072,0.18801094591617584
2,244,3073,0.13474273681640625
2,245,3074,0.05499118193984032
2,246,3075,0.20758460462093353
2,247,3076,0.2846243977546692
2,248,3077,0.20129603147506714
2,249,3078,0.12282772362232208
2,250,3079,0.1791161149740219
2,251,3080,0.11639153957366943
2,252,3081,0.11443522572517395
2,253,3082,0.13948102295398712
2,254,3083,0.11713261902332306
2,255,3084,0.13210637867450714
2,256,3085,0.04303610697388649
2,257,3086,0.18557977676391602
2,258,3087,0.22184504568576813
2,259,3088,0.02667953632771969
2,260,3089,0.07059840112924576
2,261,3090,0.14646929502487183
2,262,3091,0.09039916843175888
2,263,3092,0.15700620412826538
2,264,3093,0.16084878146648407
2,265,3094,0.17761832475662231
2,266,3095,0.1259617656469345
2,267,3096,0.14862771332263947
2,268,3097,0.12490946799516678
2,269,3098,0.15310068428516388
2,270,3099,0.18496236205101013
2,271,3100,0.1342785358428955
2,272,3101,0.18847379088401794
2,273,3102,0.11671874672174454
2,274,3103,0.17385508120059967
2,275,3104,0.23604747653007507
2,276,3105,0.1423979550600052
2,277,3106,0.02094285562634468
2,278,3107,0.06315790116786957
2,279,3108,0.15336492657661438
2,280,3109,0.18457867205142975
2,281,3110,0.06778534501791
2,282,3111,0.12860068678855896
2,283,3112,0.03856336697936058
2,284,3113,0.11602507531642914
2,285,3114,0.20492729544639587
2,286,3115,0.15416085720062256
2,287,3116,0.009054760448634624
2,288,3117,0.17260409891605377
2,289,3118,0.11400805413722992
2,290,3119,0.21179309487342834
2,291,3120,0.12582039833068848
2,292,3121,0.1336163878440857
2,293,3122,0.15561945736408234
2,294,3123,0.1499694287776947
2,295,3124,0.07263922691345215
2,296,3125,0.18387794494628906
2,297,3126,0.18899932503700256
2,298,3127,0.1361113041639328
2,299,3128,0.07368528842926025
2,300,3129,0.11776747554540634
2,301,3130,0.20990809798240662
2,302,3131,0.15356895327568054
2,303,3132,0.10242781788110733
2,304,3133,0.16621817648410797
2,305,3134,0.12124192714691162
2,306,3135,0.11099663376808167
2,307,3136,0.17565250396728516
2,308,3137,0.07094208896160126
2,309,3138,0.09475035965442657
2,310,3139,0.13651323318481445
2,311,3140,0.10167133808135986
2,312,3141,0.1954057663679123
2,313,3142,0.14728090167045593
2,314,3143,0.16136899590492249
2,315,3144,0.16695956885814667
2,316,3145,0.17517760396003723
2,317,3146,0.06043509021401405
2,318,3147,0.15589891374111176
2,319,3148,0.20937864482402802
2,320,3149,0.15281270444393158
2,321,3150,0.036130234599113464
2,322,3151,0.10196185857057571
2,323,3152,0.13912324607372284
2,324,3153,0.07879649847745895
2,325,3154,0.1307908445596695
2,326,3155,0.1566210240125656
2,327,3156,0.1400846689939499
2,328,3157,0.13124024868011475
2,329,3158,0.08029986172914505
2,330,3159,0.1763976365327835
2,331,3160,0.11660350114107132
2,332,3161,0.09112785756587982
2,333,3162,0.1694333404302597
2,334,3163,0.190316304564476
2,335,3164,0.14283756911754608
2,336,3165,0.1162252426147461
2,337,3166,0.06960594654083252
2,338,3167,0.15987615287303925
2,339,3168,0.13111990690231323
2,340,3169,0.15752503275871277
2,341,3170,0.13790485262870789
2,342,3171,0.1706649214029312
2,343,3172,0.13187739253044128
2,344,3173,0.1323089599609375
2,345,3174,0.11427601426839828
2,346,3175,0.20567074418067932
2,347,3176,0.08155394345521927
2,348,3177,0.18029692769050598
2,349,3178,0.16449691355228424
2,350,3179,0.11645478755235672
2,351,3180,0.04442638158798218
2,352,3181,0.10224123299121857
2,353,3182,0.17331866919994354
2,354,3183,0.1483585089445114
2,355,3184,0.11132296174764633
2,356,3185,0.09714260697364807
2,357,3186,0.19536229968070984
2,358,3187,0.1484854817390442
2,359,3188,0.14179617166519165
2,360,3189,0.027063632383942604
2,361,3190,0.10094327479600906
2,362,3191,0.10694995522499084
2,363,3192,0.0781102180480957
2,364,3193,0.13610541820526123
2,365,3194,0.09993890672922134
2,366,3195,0.1757572889328003
2,367,3196,0.2578662931919098
2,368,3197,0.1729249656200409
2,369,3198,0.15683045983314514
2,370,3199,0.21347972750663757
2,371,3200,0.08235322684049606
2,372,3201,0.09209958463907242
2,373,3202,0.21182645857334137
2,374,3203,0.20869268476963043
2,375,3204,0.1759115308523178
2,376,3205,0.09720920026302338
2,377,3206,0.11014826595783234
2,378,3207,0.13107232749462128
2,379,3208,0.1392715871334076
2,380,3209,0.13279956579208374
2,381,3210,0.13219323754310608
2,382,3211,0.10284091532230377
2,383,3212,0.0840480774641037
2,384,3213,0.07746722549200058
2,385,3214,0.015157213434576988
2,386,3215,0.13525056838989258
2,387,3216,0.19201895594596863
2,388,3217,0.0586087740957737
2,389,3218,0.09964870661497116
2,390,3219,0.05164610221982002
2,391,3220,0.17831392586231232
2,392,3221,0.15707388520240784
2,393,3222,0.13000032305717468
2,394,3223,0.12618695199489594
2,395,3224,0.10235442221164703
2,396,3225,0.11265074461698532
2,397,3226,0.06161264330148697
2,398,3227,0.08447252959012985
2,399,3228,0.12072174996137619
2,400,3229,0.2007199376821518
2,401,3230,0.043445080518722534
2,402,3231,0.1697581708431244
2,403,3232,0.07660935074090958
2,404,3233,0.011190191842615604
2,405,3234,0.231558695435524
2,406,3235,0.14858600497245789
2,407,3236,0.11684688925743103
2,408,3237,0.11688034981489182
2,409,3238,0.09866593033075333
2,410,3239,0.06617701798677444
2,411,3240,0.18019597232341766
2,412,3241,0.19036607444286346
2,413,3242,0.10947532951831818
2,414,3243,0.24315319955348969
2,415,3244,0.10634171217679977
2,416,3245,0.18646039068698883
2,417,3246,0.05511156842112541
2,418,3247,0.14569517970085144
2,419,3248,0.13432973623275757
2,420,3249,0.18379825353622437
2,421,3250,0.07381834089756012
2,422,3251,0.13842497766017914
2,423,3252,0.17457105219364166
2,424,3253,0.06699845939874649
2,425,3254,0.15456925332546234
2,426,3255,0.20038658380508423
2,427,3256,0.13894739747047424
2,428,3257,0.11509643495082855
2,429,3258,0.08282434940338135
2,430,3259,0.09775550663471222
2,431,3260,0.12051048129796982
2,432,3261,0.10794969648122787
2,433,3262,0.15161700546741486
2,434,3263,0.014096875675022602
2,435,3264,0.14171181619167328
2,436,3265,0.05310053378343582
2,437,3266,0.2082652896642685
2,438,3267,0.05629150941967964
2,439,3268,0.08480804413557053
2,440,3269,0.14412277936935425
2,441,3270,0.09888523817062378
2,442,3271,0.1061306968331337
2,443,3272,0.1073942631483078
2,444,3273,0.14819872379302979
2,445,3274,0.19406463205814362
2,446,3275,0.18861232697963715
2,447,3276,0.23741796612739563
2,448,3277,0.28256115317344666
2,449,3278,0.2975776493549347
2,450,3279,0.19487431645393372
2,451,3280,0.15141555666923523
2,452,3281,0.18492640554904938
2,453,3282,0.20209287106990814
2,454,3283,0.14516693353652954
2,455,3284,0.08034227788448334
2,456,3285,0.14553406834602356
2,457,3286,0.1479453146457672
2,458,3287,0.0844842717051506
2,459,3288,0.12356356531381607
2,460,3289,0.10286009311676025
2,461,3290,0.20800864696502686
2,462,3291,0.19828614592552185
2,463,3292,0.10396075248718262
2,464,3293,0.15549470484256744
2,465,3294,0.10270650684833527
2,466,3295,0.15423716604709625
2,467,3296,0.14416170120239258
2,468,3297,0.20296688377857208
2,469,3298,0.13456842303276062
2,470,3299,0.08971784263849258
2,471,3300,0.10480286926031113
2,472,3301,0.1267702877521515
2,473,3302,0.07437355816364288
2,474,3303,0.08706328272819519
2,475,3304,0.1396283209323883
2,476,3305,0.013849214650690556
2,477,3306,0.009780068881809711
2,478,3307,0.11238524317741394
2,479,3308,0.10212647914886475
2,480,3309,0.16067054867744446
2,481,3310,0.12577097117900848
2,482,3311,0.13408200442790985
2,483,3312,0.14543265104293823
2,484,3313,0.1667645424604416
2,485,3314,0.1334826946258545
2,486,3315,0.10987880080938339
2,487,3316,0.1306968629360199
2,488,3317,0.024494094774127007
2,489,3318,0.1461808681488037
2,490,3319,0.18793056905269623
2,491,3320,0.21720190346240997
2,492,3321,0.1491028517484665
2,493,3322,0.09328718483448029
2,494,3323,0.12573392689228058
2,495,3324,0.1093192994594574
2,496,3325,0.12085232138633728
2,497,3326,0.0794057548046112
2,498,3327,0.03709714859724045
2,499,3328,0.12376965582370758
2,500,3329,0.1453457474708557
2,501,3330,0.016029149293899536
2,502,3331,0.0894375890493393
2,503,3332,0.12502606213092804
2,504,3333,0.07307936251163483
2,505,3334,0.07870155572891235
2,506,3335,0.2404073178768158
2,507,3336,0.08488404005765915
2,508,3337,0.15156753361225128
2,509,3338,0.1148214116692543
2,510,3339,0.15774309635162354
2,511,3340,0.14814493060112
2,512,3341,0.22389191389083862
2,513,3342,0.11654891073703766
2,514,3343,0.12880152463912964
2,515,3344,0.11481352895498276
2,516,3345,0.07237618416547775
2,517,3346,0.13652504980564117
2,518,3347,0.07559000700712204
2,519,3348,0.14580616354942322
2,520,3349,0.0717000961303711
2,521,3350,0.21854697167873383
2,522,3351,0.07046851515769958
2,523,3352,0.1533852219581604
2,524,3353,0.10328900068998337
2,525,3354,0.08371970802545547
2,526,3355,0.15452265739440918
2,527,3356,0.08937530964612961
2,528,3357,0.04581243917346001
2,529,3358,0.08008284866809845
2,530,3359,0.028520019724965096
2,531,3360,0.14724767208099365
2,532,3361,0.017402283847332
2,533,3362,0.07815015316009521
2,534,3363,0.1279507875442505
2,535,3364,0.11889421194791794
2,536,3365,0.09272652864456177
2,537,3366,0.1070319339632988
2,538,3367,0.12794004380702972
2,539,3368,0.0911698266863823
2,540,3369,0.17114514112472534
2,541,3370,0.15089339017868042
2,542,3371,0.11366936564445496
2,543,3372,0.06720318645238876
2,544,3373,0.12333997339010239
2,545,3374,0.1690991222858429
2,546,3375,0.08195163309574127
2,547,3376,0.05265127122402191
2,548,3377,0.18913978338241577
2,549,3378,0.0687674805521965
2,550,3379,0.14525306224822998
2,551,3380,0.13235945999622345
2,552,3381,0.09174533188343048
2,553,3382,0.08152935653924942
2,554,3383,0.067353256046772
2,555,3384,0.12181968241930008
2,556,3385,0.11681652069091797
2,557,3386,0.09072389453649521
2,558,3387,0.02327030338346958
2,559,3388,0.019623154774308205
2,560,3389,0.09242748469114304
2,561,3390,0.12302330136299133
2,562,3391,0.03499101847410202
2,563,3392,0.1392267495393753
2,564,3393,0.12581372261047363
2,565,3394,0.04663339629769325
2,566,3395,0.14040035009384155
2,567,3396,0.031460605561733246
2,568,3397,0.01773994229733944
2,569,3398,0.12031715363264084
2,570,3399,0.1981552541255951
2,571,3400,0.11117976158857346
2,572,3401,0.08197449892759323
2,573,3402,0.20711439847946167
2,574,3403,0.11109576374292374
2,575,3404,0.1555028259754181
2,576,3405,0.14908337593078613
2,577,3406,0.04688408970832825
2,578,3407,0.21480832993984222
2,579,3408,0.11317706853151321
2,580,3409,0.2362496554851532
2,581,3410,0.17862223088741302
2,582,3411,0.11374562233686447
2,583,3412,0.2080487310886383
2,584,3413,0.14235292375087738
2,585,3414,0.10558060556650162
2,586,3415,0.12778246402740479
2,587,3416,0.09965970367193222
2,588,3417,0.07124337553977966
2,589,3418,0.16141290962696075
2,590,3419,0.0964135155081749
2,591,3420,0.14874207973480225
2,592,3421,0.20519262552261353
2,593,3422,0.31753045320510864
2,594,3423,0.3138079047203064
2,595,3424,0.339493066072464
2,596,3425,0.2710232138633728
2,597,3426,0.18625546991825104
2,598,3427,0.09102529287338257
2,599,3428,0.09871464222669601
2,600,3429,0.16728197038173676
2,601,3430,0.2955438792705536
2,602,3431,0.1300591677427292
2,603,3432,0.14700740575790405
2,604,3433,0.17672228813171387
2,605,3434,0.2266223430633545
2,606,3435,0.2829640507698059
2,607,3436,0.16406840085983276
2,608,3437,0.24380908906459808
2,609,3438,0.1380498707294464
2,610,3439,0.1272384077310562
2,611,3440,0.055030468851327896
2,612,3441,0.2041129618883133
2,613,3442,0.1665714532136917
2,614,3443,0.21588090062141418
2,615,3444,0.2172461897134781
2,616,3445,0.28314048051834106
2,617,3446,0.3737615644931793
2,618,3447,0.2600870430469513
2,619,3448,0.1310102343559265
2,620,3449,0.1500697135925293
2,621,3450,0.14469826221466064
2,622,3451,0.1620398461818695
2,623,3452,0.17877571284770966
2,624,3453,0.07711677253246307
2,625,3454,0.23991307616233826
2,626,3455,0.11951261758804321
2,627,3456,0.20554664731025696
2,628,3457,0.1425783336162567
2,629,3458,0.01827540248632431
2,630,3459,0.10338763892650604
2,631,3460,0.12950700521469116
2,632,3461,0.20535199344158173
2,633,3462,0.09607182443141937
2,634,3463,0.17050223052501678
2,635,3464,0.13816961646080017
2,636,3465,0.1074579507112503
2,637,3466,0.05096832290291786
2,638,3467,0.15974687039852142
2,639,3468,0.11136274039745331
2,640,3469,0.21877272427082062
2,641,3470,0.1331774890422821
2,642,3471,0.21051885187625885
2,643,3472,0.05238228663802147
2,644,3473,0.1502009928226471
2,645,3474,0.1673728972673416
2,646,3475,0.04305896908044815
2,647,3476,0.1365617960691452
2,648,3477,0.07860999554395676
2,649,3478,0.1587945967912674
2,650,3479,0.09075927734375
2,651,3480,0.114625945687294
2,652,3481,0.008729428052902222
2,653,3482,0.08180876076221466
2,654,3483,0.0653708428144455
2,655,3484,0.1372506320476532
2,656,3485,0.1292969137430191
2,657,3486,0.14333049952983856
2,658,3487,0.14477211236953735
2,659,3488,0.16496911644935608
2,660,3489,0.15525804460048676
2,661,3490,0.024489182978868484
2,662,3491,0.13370224833488464
2,663,3492,0.045346230268478394
2,664,3493,0.1622549295425415
2,665,3494,0.18937422335147858
2,666,3495,0.12918688356876373
2,667,3496,0.2309289425611496
2,668,3497,0.052313294261693954
2,669,3498,0.13303393125534058
2,670,3499,0.07834728062152863
2,671,3500,0.11445444822311401
2,672,3501,0.05364908650517464
2,673,3502,0.20314890146255493
2,674,3503,0.13747678697109222
2,675,3504,0.23104530572891235
2,676,3505,0.12407917529344559
2,677,3506,0.15707875788211823
2,678,3507,0.0621209517121315
2,679,3508,0.13309529423713684
2,680,3509,0.1390831619501114
2,681,3510,0.08646629005670547
2,682,3511,0.08541064709424973
2,683,3512,0.1379452794790268
2,684,3513,0.21342617273330688
2,685,3514,0.2053307294845581
2,686,3515,0.23091429471969604
2,687,3516,0.07733415812253952
2,688,3517,0.08720658719539642
2,689,3518,0.10412082076072693
2,690,3519,0.14993001520633698
2,691,3520,0.0962156355381012
2,692,3521,0.08605871349573135
2,693,3522,0.11358828842639923
2,694,3523,0.12248469144105911
2,695,3524,0.0730024203658104
2,696,3525,0.11298900097608566
2,697,3526,0.12712085247039795
2,698,3527,0.07375585287809372
2,699,3528,0.1910313218832016
2,700,3529,0.03513677790760994
2,701,3530,0.09788702428340912
2,702,3531,0.18366660177707672
2,703,3532,0.10264665633440018
2,704,3533,0.13568918406963348
2,705,3534,0.16723600029945374
2,706,3535,0.04957250505685806
2,707,3536,0.2143588811159134
2,708,3537,0.1992548704147339
2,709,3538,0.14477838575839996
2,710,3539,0.0881427749991417
2,711,3540,0.22164423763751984
2,712,3541,0.12452540546655655
2,713,3542,0.10623437166213989
2,714,3543,0.20512092113494873
2,715,3544,0.07942486554384232
2,716,3545,0.12047707289457321
2,717,3546,0.13066019117832184
2,718,3547,0.13224996626377106
2,719,3548,0.13584116101264954
2,720,3549,0.12529850006103516
2,721,3550,0.09077450633049011
2,722,3551,0.15679283440113068
2,723,3552,0.12077587842941284
2,724,3553,0.07658552378416061
2,725,3554,0.04601674899458885
2,726,3555,0.036620788276195526
2,727,3556,0.17488369345664978
2,728,3557,0.15557968616485596
2,729,3558,0.09132896363735199
2,730,3559,0.14706161618232727
2,731,3560,0.1809518188238144
2,732,3561,0.10328403115272522
2,733,3562,0.12382356077432632
2,734,3563,0.07425915449857712
2,735,3564,0.14179269969463348
2,736,3565,0.1022455096244812
2,737,3566,0.19286812841892242
2,738,3567,0.11646906286478043
2,739,3568,0.04487178474664688
2,740,3569,0.05608498677611351
2,741,3570,0.07118457555770874
2,742,3571,0.16797497868537903
2,743,3572,0.1296105980873108
2,744,3573,0.12052121758460999
2,745,3574,0.1162637323141098
2,746,3575,0.07381279021501541
2,747,3576,0.2160871922969818
2,748,3577,0.061315856873989105
2,749,3578,0.07484015822410583
2,750,3579,0.05609111487865448
2,751,3580,0.09052281081676483
2,752,3581,0.03899569809436798
2,753,3582,0.10120820254087448
2,754,3583,0.14207805693149567
2,755,3584,0.190111443400383
2,756,3585,0.047082819044589996
2,757,3586,0.10293310880661011
2,758,3587,0.12987162172794342
2,759,3588,0.15320129692554474
2,760,3589,0.19234992563724518
2,761,3590,0.09943269193172455
2,762,3591,0.10611037164926529
2,763,3592,0.13429012894630432
2,764,3593,0.1590900421142578
2,765,3594,0.10749141126871109
2,766,3595,0.07149168848991394
2,767,3596,0.10039111971855164
2,768,3597,0.10416727513074875
2,769,3598,0.08282236754894257
2,770,3599,0.16586583852767944
2,771,3600,0.15126338601112366
2,772,3601,0.1259789913892746
2,773,3602,0.12687265872955322
2,774,3603,0.10620328783988953
2,775,3604,0.173479363322258
2,776,3605,0.16028635203838348
2,777,3606,0.1691969335079193
2,778,3607,0.1032763347029686
2,779,3608,0.05020732805132866
2,780,3609,0.1253768652677536
2,781,3610,0.16042925417423248
2,782,3611,0.0681523010134697
2,783,3612,0.11026323586702347
2,784,3613,0.0974762812256813
2,785,3614,0.1583004593849182
2,786,3615,0.08369781821966171
2,787,3616,0.09019769728183746
2,788,3617,0.16111887991428375
2,789,3618,0.13445764780044556
2,790,3619,0.0063017490319907665
2,791,3620,0.1048332154750824
2,792,3621,0.044646285474300385
2,793,3622,0.050388310104608536
2,794,3623,0.11955222487449646
2,795,3624,0.10026483982801437
2,796,3625,0.03256882727146149
2,797,3626,0.06402183324098587
2,798,3627,0.049227599054574966
2,799,3628,0.18317195773124695
2,800,3629,0.17166106402873993
2,801,3630,0.061503924429416656
2,802,3631,0.0538630336523056
2,803,3632,0.15528139472007751
2,804,3633,0.08902475982904434
2,805,3634,0.019611448049545288
2,806,3635,0.04728078842163086
2,807,3636,0.0665336325764656
2,808,3637,0.12220574170351028
2,809,3638,0.09283804893493652
2,810,3639,0.04671483114361763
2,811,3640,0.06583674252033234
2,812,3641,0.0766960084438324
2,813,3642,0.06756656616926193
2,814,3643,0.16902509331703186
2,815,3644,0.18239560723304749
2,816,3645,0.14357994496822357
2,817,3646,0.0671599879860878
2,818,3647,0.1177796721458435
2,819,3648,0.13242162764072418
2,820,3649,0.0892925038933754
2,821,3650,0.16559267044067383
2,822,3651,0.13838054239749908
2,823,3652,0.09892638027667999
2,824,3653,0.12502266466617584
2,825,3654,0.11175352334976196
2,826,3655,0.03831462934613228
2,827,3656,0.11113905161619186
2,828,3657,0.1409471482038498
2,829,3658,0.10498712211847305
2,830,3659,0.10607413202524185
2,831,3660,0.009337336756289005
2,832,3661,0.2591697573661804
2,833,3662,0.1785677820444107
2,834,3663,0.10328509658575058
2,835,3664,0.17513981461524963
2,836,3665,0.18963287770748138
2,837,3666,0.039752718061208725
2,838,3667,0.21576808393001556
2,839,3668,0.22913260757923126
2,840,3669,0.10518471151590347
2,841,3670,0.10096849501132965
2,842,3671,0.07535731047391891
2,843,3672,0.049774426966905594
2,844,3673,0.09129568189382553
2,845,3674,0.07941611111164093
2,846,3675,0.19902081787586212
2,847,3676,0.15443073213100433
2,848,3677,0.13236968219280243
2,849,3678,0.06600997596979141
2,850,3679,0.10452595353126526
2,851,3680,0.07442758232355118
2,852,3681,0.010127603076398373
2,853,3682,0.03684672340750694
2,854,3683,0.10214526206254959
2,855,3684,0.15671783685684204
2,856,3685,0.11719603836536407
2,857,3686,0.16020309925079346
2,858,3687,0.11184979230165482
2,859,3688,0.056555114686489105
2,860,3689,0.07872138917446136
2,861,3690,0.11128383129835129
2,862,3691,0.0651397556066513
2,863,3692,0.19733324646949768
2,864,3693,0.08008828014135361
2,865,3694,0.13004907965660095
2,866,3695,0.17173416912555695
2,867,3696,0.07903008908033371
2,868,3697,0.08028695732355118
2,869,3698,0.13375218212604523
2,870,3699,0.13917334377765656
2,871,3700,0.11904053390026093
2,872,3701,0.023635711520910263
2,873,3702,0.13200505077838898
2,874,3703,0.1305355429649353
2,875,3704,0.0599246509373188
2,876,3705,0.1033833771944046
2,877,3706,0.2970446050167084
2,878,3707,0.30997586250305176
2,879,3708,0.15452750027179718
2,880,3709,0.09188327193260193
2,881,3710,0.0908261090517044
2,882,3711,0.09190618991851807
2,883,3712,0.13904382288455963
2,884,3713,0.16332127153873444
2,885,3714,0.12403985857963562
2,886,3715,0.17154517769813538
2,887,3716,0.0661768764257431
2,888,3717,0.08929002285003662
2,889,3718,0.1363493800163269
2,890,3719,0.14592184126377106
2,891,3720,0.1514953374862671
2,892,3721,0.07995758205652237
2,893,3722,0.1207444816827774
2,894,3723,0.03715364262461662
2,895,3724,0.08695605397224426
2,896,3725,0.1124463602900505
2,897,3726,0.10752315819263458
2,898,3727,0.09407220035791397
2,899,3728,0.20091429352760315
2,900,3729,0.15154698491096497
2,901,3730,0.0992458388209343
2,902,3731,0.06251731514930725
2,903,3732,0.09552063047885895
2,904,3733,0.11396626383066177
2,905,3734,0.033633630722761154
2,906,3735,0.008156892843544483
2,907,3736,0.20419330894947052
2,908,3737,0.1197393611073494
2,909,3738,0.005235102493315935
2,910,3739,0.20654365420341492
2,911,3740,0.05575425922870636
2,912,3741,0.09452489763498306
2,913,3742,0.14818106591701508
2,914,3743,0.1650993973016739
2,915,3744,0.144977867603302
2,916,3745,0.08064957708120346
2,917,3746,0.08559079468250275
2,918,3747,0.09761746972799301
2,919,3748,0.2709594964981079
2,920,3749,0.1792059987783432
2,921,3750,0.005746933631598949
2,922,3751,0.10531385987997055
2,923,3752,0.17825856804847717
2,924,3753,0.1894102245569229
2,925,3754,0.0647164061665535
2,926,3755,0.07514791935682297
2,927,3756,0.031081626191735268
2,928,3757,0.1305350512266159
2,929,3758,0.11991500109434128
2,930,3759,0.18006719648838043
2,931,3760,0.15554720163345337
2,932,3761,0.08261242508888245
2,933,3762,0.13291402161121368
2,934,3763,0.1007305234670639
2,935,3764,0.11909721046686172
2,936,3765,0.05008494481444359
2,937,3766,0.09888528287410736
2,938,3767,0.1312694400548935
2,939,3768,0.03406592831015587
2,940,3769,0.1345653533935547
2,941,3770,0.07651093602180481
2,942,3771,0.24235734343528748
2,943,3772,0.1001821905374527
2,944,3773,0.02678651735186577
2,945,3774,0.05192771926522255
2,946,3775,0.11697409301996231
2,947,3776,0.027965959161520004
2,948,3777,0.13697221875190735
2,949,3778,0.1057620495557785
2,950,3779,0.15401647984981537
2,951,3780,0.08461015671491623
2,952,3781,0.03658997640013695
2,953,3782,0.057317622005939484
2,954,3783,0.09451924264431
2,955,3784,0.0986189991235733
2,956,3785,0.11254160851240158
2,957,3786,0.020157402381300926
2,958,3787,0.0903802216053009
2,959,3788,0.10499235987663269
2,960,3789,0.07935398817062378
2,961,3790,0.07922828942537308
2,962,3791,0.07712751626968384
2,963,3792,0.06876569986343384
2,964,3793,0.12504911422729492
2,965,3794,0.10238013416528702
2,966,3795,0.09436310827732086
2,967,3796,0.06613670289516449
2,968,3797,0.13235843181610107
2,969,3798,0.22186994552612305
2,970,3799,0.13027499616146088
2,971,3800,0.041680946946144104
2,972,3801,0.06159203499555588
2,973,3802,0.05701475962996483
2,974,3803,0.10007140040397644
2,975,3804,0.11838419735431671
2,976,3805,0.12345661222934723
2,977,3806,0.11533932387828827
2,978,3807,0.10805141925811768
2,979,3808,0.08847127854824066
2,980,3809,0.08238009363412857
2,981,3810,0.01348528265953064
2,982,3811,0.03482155501842499
2,983,3812,0.09446980804204941
2,984,3813,0.20853930711746216
2,985,3814,0.07921379059553146
2,986,3815,0.0890774130821228
2,987,3816,0.08732257783412933
2,988,3817,0.0365917794406414
2,989,3818,0.07469365745782852
2,990,3819,0.08277718722820282
2,991,3820,0.021679352968931198
2,992,3821,0.06785965710878372
2,993,3822,0.0839182510972023
2,994,3823,0.19705495238304138
2,995,3824,0.1582026183605194
2,996,3825,0.10410875827074051
2,997,3826,0.06721161305904388
2,998,3827,0.1228114515542984
2,999,3828,0.04363248497247696
2,1000,3829,0.12470807135105133
2,1001,3830,0.17150409519672394
2,1002,3831,0.03353054076433182
2,1003,3832,0.08079468458890915
2,1004,3833,0.13974697887897491
2,1005,3834,0.06674432009458542
2,1006,3835,0.16114136576652527
2,1007,3836,0.12841050326824188
2,1008,3837,0.140150785446167
2,1009,3838,0.08680936694145203
2,1010,3839,0.19745050370693207
2,1011,3840,0.1059640571475029
2,1012,3841,0.1145705059170723
2,1013,3842,0.13804006576538086
2,1014,3843,0.18941982090473175
2,1015,3844,0.1351689249277115
2,1016,3845,0.15733321011066437
2,1017,3846,0.18377304077148438
2,1018,3847,0.12046915292739868
2,1019,3848,0.10837724804878235
2,1020,3849,0.12347741425037384
2,1021,3850,0.04251617565751076
2,1022,3851,0.12167077511548996
2,1023,3852,0.0837189257144928
2,1024,3853,0.0980442613363266
2,1025,3854,0.1264975219964981
2,1026,3855,0.08963911235332489
2,1027,3856,0.10523821413516998
2,1028,3857,0.11896048486232758
2,1029,3858,0.07137227803468704
2,1030,3859,0.0044250949285924435
2,1031,3860,0.08522091805934906
2,1032,3861,0.06107867881655693
2,1033,3862,0.341806024312973
2,1034,3863,0.09220417588949203
2,1035,3864,0.10477952659130096
2,1036,3865,0.07660403847694397
2,1037,3866,0.011343199759721756
2,1038,3867,0.04763074964284897
2,1039,3868,0.1313319057226181
2,1040,3869,0.15528979897499084
2,1041,3870,0.036064986139535904
2,1042,3871,0.015051659196615219
2,1043,3872,0.20513400435447693
2,1044,3873,0.15560674667358398
2,1045,3874,0.15459616482257843
2,1046,3875,0.08290655165910721
2,1047,3876,0.06510140001773834
2,1048,3877,0.009182139299809933
2,1049,3878,0.09494802355766296
2,1050,3879,0.007430329453200102
2,1051,3880,0.09278889000415802
2,1052,3881,0.07132022827863693
2,1053,3882,0.13699926435947418
2,1054,3883,0.12895691394805908
2,1055,3884,0.11424139887094498
2,1056,3885,0.07412845641374588
2,1057,3886,0.11743641644716263
2,1058,3887,0.06920752674341202
2,1059,3888,0.07429452985525131
2,1060,3889,0.11162443459033966
2,1061,3890,0.09351597726345062
2,1062,3891,0.15003161132335663
2,1063,3892,0.07486377656459808
2,1064,3893,0.1512492597103119
2,1065,3894,0.14737503230571747
2,1066,3895,0.1377832442522049
2,1067,3896,0.06661625951528549
2,1068,3897,0.025277046486735344
2,1069,3898,0.06497198343276978
2,1070,3899,0.10077990591526031
2,1071,3900,0.13700738549232483
2,1072,3901,0.0829378291964531
2,1073,3902,0.11572817713022232
2,1074,3903,0.07296760380268097
2,1075,3904,0.11390998959541321
2,1076,3905,0.15496298670768738
2,1077,3906,0.13054896891117096
2,1078,3907,0.10518959164619446
2,1079,3908,0.33724939823150635
2,1080,3909,0.4078441560268402
2,1081,3910,0.4816891849040985
2,1082,3911,0.46700552105903625
2,1083,3912,0.41976046562194824
2,1084,3913,0.395670086145401
2,1085,3914,0.28407931327819824
2,1086,3915,0.23792845010757446
2,1087,3916,0.264538437128067
2,1088,3917,0.30510568618774414
2,1089,3918,0.31296926736831665
2,1090,3919,0.23264722526073456
2,1091,3920,0.2067725956439972
2,1092,3921,0.2508965730667114
2,1093,3922,0.4034649133682251
2,1094,3923,0.41876500844955444
2,1095,3924,0.34913188219070435
2,1096,3925,0.1620648056268692
2,1097,3926,0.4697069227695465
2,1098,3927,0.6304015517234802
2,1099,3928,0.32946670055389404
2,1100,3929,0.32686924934387207
2,1101,3930,0.2713135778903961
2,1102,3931,0.2250259667634964
2,1103,3932,0.26927509903907776
2,1104,3933,0.09672339260578156
2,1105,3934,0.16843821108341217
2,1106,3935,0.3487740755081177
2,1107,3936,0.12019907683134079
2,1108,3937,0.28186577558517456
2,1109,3938,0.2300855964422226
2,1110,3939,0.06688536703586578
2,1111,3940,0.13017317652702332
2,1112,3941,0.17373895645141602
2,1113,3942,0.27709972858428955
2,1114,3943,0.17637479305267334
2,1115,3944,0.26688438653945923
2,1116,3945,0.04864988848567009
2,1117,3946,0.2717255651950836
2,1118,3947,0.2853430509567261
2,1119,3948,0.046282894909381866
2,1120,3949,0.2379940301179886
2,1121,3950,0.1666451394557953
2,1122,3951,0.17412112653255463
2,1123,3952,0.12765973806381226
2,1124,3953,0.11718042939901352
2,1125,3954,0.15587952733039856
2,1126,3955,0.1379300057888031
2,1127,3956,0.261616975069046
2,1128,3957,0.14519767463207245
2,1129,3958,0.18119359016418457
2,1130,3959,0.2137802392244339
2,1131,3960,0.22011786699295044
2,1132,3961,0.03456529602408409
2,1133,3962,0.08459320664405823
2,1134,3963,0.1422426849603653
2,1135,3964,0.14034326374530792
2,1136,3965,0.11263328790664673
2,1137,3966,0.152032732963562
2,1138,3967,0.09798622131347656
2,1139,3968,0.07256162166595459
2,1140,3969,0.12179113179445267
2,1141,3970,0.10005047917366028
2,1142,3971,0.12587110698223114
2,1143,3972,0.1740102469921112
2,1144,3973,0.010561042465269566
2,1145,3974,0.12147374451160431
2,1146,3975,0.22914230823516846
2,1147,3976,0.07931378483772278
2,1148,3977,0.07277213037014008
2,1149,3978,0.1717228889465332
2,1150,3979,0.11228228360414505
2,1151,3980,0.13124564290046692
2,1152,3981,0.13030192255973816
2,1153,3982,0.13377301394939423
2,1154,3983,0.08369909971952438
2,1155,3984,0.14032737910747528
2,1156,3985,0.06539719551801682
2,1157,3986,0.1521746963262558
2,1158,3987,0.14849533140659332
2,1159,3988,0.17391306161880493
2,1160,3989,0.06501422077417374
2,1161,3990,0.022568196058273315
2,1162,3991,0.13444127142429352
2,1163,3992,0.10124071687459946
2,1164,3993,0.24999825656414032
2,1165,3994,0.15217086672782898
2,1166,3995,0.2069660872220993
2,1167,3996,0.21063712239265442
2,1168,3997,0.2715567946434021
2,1169,3998,0.2590877115726471
2,1170,3999,0.287181556224823
2,1171,4000,0.1990499645471573
2,1172,4001,0.13243192434310913
2,1173,4002,0.20972010493278503
2,1174,4003,0.15080603957176208
2,1175,4004,0.2220468670129776
2,1176,4005,0.1895802915096283
2,1177,4006,0.28287598490715027
2,1178,4007,0.14699476957321167
2,1179,4008,0.11765065789222717
2,1180,4009,0.08064364641904831
2,1181,4010,0.14513236284255981
2,1182,4011,0.01747463271021843
2,1183,4012,0.17997699975967407
2,1184,4013,0.09522935003042221
2,1185,4014,0.024835003539919853
2,1186,4015,0.18995249271392822
2,1187,4016,0.10357224941253662
2,1188,4017,0.12208691984415054
2,1189,4018,0.11001192033290863
2,1190,4019,0.07038158178329468
2,1191,4020,0.11242827028036118
2,1192,4021,0.06718610972166061
2,1193,4022,0.16698621213436127
2,1194,4023,0.23410075902938843
2,1195,4024,0.25660744309425354
2,1196,4025,0.20115530490875244
2,1197,4026,0.2923063635826111
2,1198,4027,0.10584577918052673
2,1199,4028,0.16030645370483398
2,1200,4029,0.07618984580039978
2,1201,4030,0.06984894722700119
2,1202,4031,0.14430449903011322
2,1203,4032,0.18004459142684937
2,1204,4033,0.0583939254283905
2,1205,4034,0.174236461520195
2,1206,4035,0.13951030373573303
2,1207,4036,0.019714849069714546
2,1208,4037,0.1472105234861374
2,1209,4038,0.11431148648262024
2,1210,4039,0.06542712450027466
2,1211,4040,0.21580499410629272
2,1212,4041,0.16698753833770752
2,1213,4042,0.12990568578243256
2,1214,4043,0.10993751138448715
2,1215,4044,0.08795258402824402
2,1216,4045,0.0916493758559227
2,1217,4046,0.017519818618893623
2,1218,4047,0.10699234902858734
2,1219,4048,0.03922373056411743
2,1220,4049,0.04171121492981911
2,1221,4050,0.20823176205158234
2,1222,4051,0.14169920980930328
2,1223,4052,0.12738661468029022
2,1224,4053,0.07594567537307739
2,1225,4054,0.04951517656445503
2,1226,4055,0.11122976988554001
2,1227,4056,0.12336437404155731
2,1228,4057,0.09771974384784698
2,1229,4058,0.17175854742527008
2,1230,4059,0.0964222252368927
2,1231,4060,0.15295162796974182
2,1232,4061,0.09981749206781387
2,1233,4062,0.09547575563192368
2,1234,4063,0.16865578293800354
2,1235,4064,0.23857145011425018
2,1236,4065,0.21102626621723175
2,1237,4066,0.233187735080719
2,1238,4067,0.05529327690601349
2,1239,4068,0.15105314552783966
2,1240,4069,0.18810051679611206
2,1241,4070,0.12916947901248932
2,1242,4071,0.15674208104610443
2,1243,4072,0.020853128284215927
2,1244,4073,0.13366127014160156
2,1245,4074,0.1250741183757782
2,1246,4075,0.1255871057510376
2,1247,4076,0.09781040996313095
2,1248,4077,0.13382308185100555
2,1249,4078,0.043692562729120255
2,1250,4079,0.18247242271900177
2,1251,4080,0.08359365910291672
2,1252,4081,0.13986973464488983
2,1253,4082,0.17437994480133057
2,1254,4083,0.15184904634952545
2,1255,4084,0.07022414356470108
2,1256,4085,0.06456895172595978
2,1257,4086,0.10196848958730698
2,1258,4087,0.08171996474266052
2,1259,4088,0.11825672537088394
2,1260,4089,0.20101699233055115
2,1261,4090,0.1056259274482727
2,1262,4091,0.009003092534840107
2,1263,4092,0.0948769822716713
2,1264,4093,0.12819607555866241
2,1265,4094,0.06686518341302872
2,1266,4095,0.1606113165616989
2,1267,4096,0.028645919635891914
2,1268,4097,0.1510029435157776
2,1269,4098,0.159485325217247
2,1270,4099,0.17322582006454468
2,1271,4100,0.08937066048383713
2,1272,4101,0.18369784951210022
2,1273,4102,0.15409249067306519
2,1274,4103,0.25767502188682556
2,1275,4104,0.130526602268219
2,1276,4105,0.06445406377315521
2,1277,4106,0.07296181470155716
2,1278,4107,0.20803238451480865
2,1279,4108,0.01709151640534401
2,1280,4109,0.09309062361717224
2,1281,4110,0.18744678795337677
2,1282,4111,0.1352565884590149
2,1283,4112,0.12032882869243622
2,1284,4113,0.09087343513965607
2,1285,4114,0.010483792051672935
2,1286,4115,0.10553452372550964
2,1287,4116,0.11732389777898788
2,1288,4117,0.3017113208770752
2,1289,4118,0.15903134644031525
2,1290,4119,0.16338340938091278
2,1291,4120,0.09502904862165451
2,1292,4121,0.038888994604349136
2,1293,4122,0.18268214166164398
2,1294,4123,0.12253798544406891
2,1295,4124,0.14211943745613098
2,1296,4125,0.0790473073720932
2,1297,4126,0.08789405971765518
2,1298,4127,0.10235478729009628
2,1299,4128,0.0850328579545021
2,1300,4129,0.060379188507795334
2,1301,4130,0.07697948813438416
2,1302,4131,0.05607544630765915
2,1303,4132,0.06947018951177597
2,1304,4133,0.16231830418109894
2,1305,4134,0.20096461474895477
2,1306,4135,0.21858637034893036
2,1307,4136,0.19567888975143433
2,1308,4137,0.13227981328964233
2,1309,4138,0.23004135489463806
2,1310,4139,0.18580137193202972
2,1311,4140,0.04816349223256111
2,1312,4141,0.037004031240940094
2,1313,4142,0.0470779612660408
2,1314,4143,0.09767677634954453
2,1315,4144,0.1795547902584076
2,1316,4145,0.41018038988113403
2,1317,4146,0.1278373897075653
2,1318,4147,0.04121879115700722
2,1319,4148,0.07812610268592834
2,1320,4149,0.041382551193237305
2,1321,4150,0.17563916742801666
2,1322,4151,0.24743372201919556
2,1323,4152,0.08858487755060196
2,1324,4153,0.14638669788837433
2,1325,4154,0.21723531186580658
2,1326,4155,0.21318280696868896
2,1327,4156,0.21587340533733368
2,1328,4157,0.2301172912120819
2,1329,4158,0.114463210105896
2,1330,4159,0.1456984430551529
2,1331,4160,0.15758782625198364
2,1332,4161,0.14880624413490295
2,1333,4162,0.18049706518650055
2,1334,4163,0.13083550333976746
2,1335,4164,0.07683071494102478
2,1336,4165,0.2402399480342865
2,1337,4166,0.09158302843570709
2,1338,4167,0.14801941812038422
2,1339,4168,0.09490794688463211
2,1340,4169,0.06590431928634644
2,1341,4170,0.23666241765022278
2,1342,4171,0.18978625535964966
2,1343,4172,0.13457180559635162
2,1344,4173,0.11558068543672562
2,1345,4174,0.08400999009609222
2,1346,4175,0.07112812995910645
2,1347,4176,0.07468705624341965
2,1348,4177,0.0832885131239891
2,1349,4178,0.1443718820810318
2,1350,4179,0.13675114512443542
2,1351,4180,0.09738734364509583
2,1352,4181,0.19452115893363953
2,1353,4182,0.13499777019023895
2,1354,4183,0.05449926480650902
2,1355,4184,0.1533249467611313
2,1356,4185,0.1888580471277237
2,1357,4186,0.0971626415848732
2,1358,4187,0.08990494906902313
2,1359,4188,0.008580131456255913
2,1360,4189,0.05966544151306152
2,1361,4190,0.14006845653057098
2,1362,4191,0.15850360691547394
2,1363,4192,0.09573400765657425
2,1364,4193,0.017045212909579277
2,1365,4194,0.17502741515636444
2,1366,4195,0.08283518254756927
2,1367,4196,0.06316575407981873
2,1368,4197,0.11484123021364212
2,1369,4198,0.05809059366583824
2,1370,4199,0.1366710662841797
2,1371,4200,0.14120866358280182
2,1372,4201,0.07063841819763184
2,1373,4202,0.0489179864525795
2,1374,4203,0.10217329859733582
2,1375,4204,0.12978149950504303
2,1376,4205,0.09297199547290802
2,1377,4206,0.09535564482212067
2,1378,4207,0.08910924196243286
2,1379,4208,0.11981967836618423
2,1380,4209,0.02419930137693882
2,1381,4210,0.09656327962875366
2,1382,4211,0.12181544303894043
2,1383,4212,0.12072959542274475
2,1384,4213,0.13390082120895386
2,1385,4214,0.20931266248226166
2,1386,4215,0.052895236760377884
2,1387,4216,0.12172713875770569
2,1388,4217,0.1682881861925125
2,1389,4218,0.0035759219899773598
2,1390,4219,0.04346098005771637
2,1391,4220,0.16962169110774994
2,1392,4221,0.2238132357597351
2,1393,4222,0.08437248319387436
2,1394,4223,0.061388932168483734
2,1395,4224,0.18426451086997986
2,1396,4225,0.12791115045547485
2,1397,4226,0.24519510567188263
2,1398,4227,0.04715585336089134
2,1399,4228,0.19387197494506836
2,1400,4229,0.20455186069011688
2,1401,4230,0.22644349932670593
2,1402,4231,0.22146576642990112
2,1403,4232,0.11587678641080856
2,1404,4233,0.09124725311994553
2,1405,4234,0.11433691531419754
2,1406,4235,0.10744848847389221
2,1407,4236,0.04653453454375267
2,1408,4237,0.2624626159667969
2,1409,4238,0.11559700965881348
2,1410,4239,0.11494427174329758
2,1411,4240,0.12054943293333054
2,1412,4241,0.27007851004600525
2,1413,4242,0.08937850594520569
2,1414,4243,0.20645453035831451
2,1415,4244,0.18448616564273834
3,1,4245,0.06499981135129929
3,2,4246,0.15680401027202606
3,3,4247,0.22104327380657196
3,4,4248,0.1759117990732193
3,5,4249,0.07992058247327805
3,6,4250,0.14684608578681946
3,7,4251,0.10813800245523453
3,8,4252,0.08861024677753448
3,9,4253,0.1212257593870163
3,10,4254,0.20516952872276306
3,11,4255,0.11979068070650101
3,12,4256,0.1071229949593544
3,13,4257,0.13438835740089417
3,14,4258,0.13039182126522064
3,15,4259,0.016627060249447823
3,16,4260,0.03573378920555115
3,17,4261,0.027935044839978218
3,18,4262,0.1429886817932129
3,19,4263,0.14675916731357574
3,20,4264,0.10812726616859436
3,21,4265,0.14015141129493713
3,22,4266,0.04538487643003464
3,23,4267,0.24844036996364594
3,24,4268,0.1952078640460968
3,25,4269,0.097090944647789
3,26,4270,0.1798805147409439
3,27,4271,0.16967561841011047
3,28,4272,0.07796753942966461
3,29,4273,0.16701531410217285
3,30,4274,0.10708727687597275
3,31,4275,0.11204393208026886
3,32,4276,0.02797829359769821
3,33,4277,0.09635221213102341
3,34,4278,0.10830705612897873
3,35,4279,0.10362134128808975
3,36,4280,0.11166692525148392
3,37,4281,0.06376903504133224
3,38,4282,0.05522850528359413
3,39,4283,0.07070674002170563
3,40,4284,0.18735288083553314
3,41,4285,0.05746512487530708
3,42,4286,0.10658080875873566
3,43,4287,0.059640247374773026
3,44,4288,0.02704683504998684
3,45,4289,0.0516199991106987
3,46,4290,0.10855904221534729
3,47,4291,0.14371412992477417
3,48,4292,0.10163453966379166
3,49,4293,0.07448455691337585
3,50,4294,0.08897404372692108
3,51,4295,0.13258036971092224
3,52,4296,0.018586894497275352
3,53,4297,0.01757727935910225
3,54,4298,0.006168219726532698
3,55,4299,0.12995263934135437
3,56,4300,0.12913013994693756
3,57,4301,0.03917470946907997
3,58,4302,0.11576542258262634
3,59,4303,0.10075559467077255
3,60,4304,0.18622812628746033
3,61,4305,0.03750353306531906
3,62,4306,0.17240750789642334
3,63,4307,0.07039789110422134
3,64,4308,0.06641023606061935
3,65,4309,0.006678447127342224
3,66,4310,0.20368249714374542
3,67,4311,0.060812175273895264
3,68,4312,0.08628944307565689
3,69,4313,0.06867099553346634
3,70,4314,0.1373363882303238
3,71,4315,0.1526964157819748
3,72,4316,0.1276494860649109
3,73,4317,0.1206168383359909
3,74,4318,0.11333419382572174
3,75,4319,0.028076253831386566
3,76,4320,0.072636678814888
3,77,4321,0.10921541601419449
3,78,4322,0.07638652622699738
3,79,4323,0.14562375843524933
3,80,4324,0.032311853021383286
3,81,4325,0.1568470001220703
3,82,4326,0.05525301769375801
3,83,4327,0.043602410703897476
3,84,4328,0.1351446956396103
3,85,4329,0.1497529149055481
3,86,4330,0.06612728536128998
3,87,4331,0.13540558516979218
3,88,4332,0.14216400682926178
3,89,4333,0.12530776858329773
3,90,4334,0.05541396513581276
3,91,4335,0.12686032056808472
3,92,4336,0.014174411073327065
3,93,4337,0.1014617308974266
3,94,4338,0.1600366085767746
3,95,4339,0.08402413129806519
3,96,4340,0.15322193503379822
3,97,4341,0.12389903515577316
3,98,4342,0.016546742990612984
3,99,4343,0.0455867201089859
3,100,4344,0.07725692540407181
3,101,4345,0.08292308449745178
3,102,4346,0.04159780219197273
3,103,4347,0.046717166900634766
3,104,4348,0.07304131984710693
3,105,4349,0.056411013007164
3,106,4350,0.03728938847780228
3,107,4351,0.09358316659927368
3,108,4352,0.08434931933879852
3,109,4353,0.07004527002573013
3,110,4354,0.019527669996023178
3,111,4355,0.07968316227197647
3,112,4356,0.25518348813056946
3,113,4357,0.16933506727218628
3,114,4358,0.05588182061910629
3,115,4359,0.12358374893665314
3,116,4360,0.1173504963517189
3,117,4361,0.15356788039207458
3,118,4362,0.12209046632051468
3,119,4363,0.07804108411073685
3,120,4364,0.06745261698961258
3,121,4365,0.10756206512451172
3,122,4366,0.12854139506816864
3,123,4367,0.10866057872772217
3,124,4368,0.09019885212182999
3,125,4369,0.08543094247579575
3,126,4370,0.10434655845165253
3,127,4371,0.11778774112462997
3,128,4372,0.0934041365981102
3,129,4373,0.06162887439131737
3,130,4374,0.06565281003713608
3,131,4375,0.04550757259130478
3,132,4376,0.0490393228828907
3,133,4377,0.05031521990895271
3,134,4378,0.06839285045862198
3,135,4379,0.21776673197746277
3,136,4380,0.11308309435844421
3,137,4381,0.1477445662021637
3,138,4382,0.05677507445216179
3,139,4383,0.11280113458633423
3,140,4384,0.061068519949913025
3,141,4385,0.07313881814479828
3,142,4386,0.09665484726428986
3,143,4387,0.07917092740535736
3,144,4388,0.12638172507286072
3,145,4389,0.08558213710784912
3,146,4390,0.10909786075353622
3,147,4391,0.1232452392578125
3,148,4392,0.11914955079555511
3,149,4393,0.08680953085422516
3,150,4394,0.014289675280451775
3,151,4395,0.1636699140071869
3,152,4396,0.16074688732624054
3,153,4397,0.1608923375606537
3,154,4398,0.06406459212303162
3,155,4399,0.05381527170538902
3,156,4400,0.01902276836335659
3,157,4401,0.08762528002262115
3,158,4402,0.08437564224004745
3,159,4403,0.08339396119117737
3,160,4404,0.12343569099903107
3,161,4405,0.0559123158454895
3,162,4406,0.11560110747814178
3,163,4407,0.05501110106706619
3,164,4408,0.060471147298812866
3,165,4409,0.09748098999261856
3,166,4410,0.0946788489818573
3,167,4411,0.12490912526845932
3,168,4412,0.07780323922634125
3,169,4413,0.01124943234026432
3,170,4414,0.029971009120345116
3,171,4415,0.07184574007987976
3,172,4416,0.004927968606352806
3,173,4417,0.0874401181936264
3,174,4418,0.05686503276228905
3,175,4419,0.21127572655677795
3,176,4420,0.03385533019900322
3,177,4421,0.08771482855081558
3,178,4422,0.09722021967172623
3,179,4423,0.059333596378564835
3,180,4424,0.06521996855735779
3,181,4425,0.1235993430018425
3,182,4426,0.03610600158572197
3,183,4427,0.1309380978345871
3,184,4428,0.12131240963935852
3,185,4429,0.1496376246213913
3,186,4430,0.10749934613704681
3,187,4431,0.0593138225376606
3,188,4432,0.12363647669553757
3,189,4433,0.12489265948534012
3,190,4434,0.11704986542463303
3,191,4435,0.1122644916176796
3,192,4436,0.1090153381228447
3,193,4437,0.1375335305929184
3,194,4438,0.11303335428237915
3,195,4439,0.09602581709623337
3,196,4440,0.09087494015693665
3,197,4441,0.08331330120563507
3,198,4442,0.11515098065137863
3,199,4443,0.21179452538490295
3,200,4444,0.12467782199382782
3,201,4445,0.0750545933842659
3,202,4446,0.015443766489624977
3,203,4447,0.13314948976039886
3,204,4448,0.0037448862567543983
3,205,4449,0.053382713347673416
3,206,4450,0.16030684113502502
3,207,4451,0.04755767807364464
3,208,4452,0.06683297455310822
3,209,4453,0.16858258843421936
3,210,4454,0.0033564220648258924
3,211,4455,0.03903337940573692
3,212,4456,0.03898610919713974
3,213,4457,0.12212269753217697
3,214,4458,0.013003738597035408
3,215,4459,0.1944926381111145
3,216,4460,0.11101938784122467
3,217,4461,0.08385477215051651
3,218,4462,0.1320551037788391
3,219,4463,0.11771125346422195
3,220,4464,0.025068754330277443
3,221,4465,0.2064424306154251
3,222,4466,0.09557584673166275
3,223,4467,0.0978095680475235
3,224,4468,0.016253218054771423
3,225,4469,0.07429993152618408
3,226,4470,0.14071956276893616
3,227,4471,0.17139095067977905
3,228,4472,0.09663280099630356
3,229,4473,0.02928175777196884
3,230,4474,0.10066511482000351
3,231,4475,0.19096572697162628
3,232,4476,0.042450472712516785
3,233,4477,0.11336498707532883
3,234,4478,0.12716254591941833
3,235,4479,0.06993930786848068
3,236,4480,0.1907738596200943
3,237,4481,0.06139117106795311
3,238,4482,0.08020756393671036
3,239,4483,0.040428511798381805
3,240,4484,0.042409416288137436
3,241,4485,0.12543965876102448
3,242,4486,0.06935121864080429
3,243,4487,0.16058018803596497
3,244,4488,0.1385292261838913
3,245,4489,0.10929422080516815
3,246,4490,0.07696208357810974
3,247,4491,0.07279293984174728
3,248,4492,0.1315285712480545
3,249,4493,0.1159157007932663
3,250,4494,0.060606975108385086
3,251,4495,0.07883793860673904
3,252,4496,0.022541314363479614
3,253,4497,0.1463061273097992
3,254,4498,0.04772000014781952
3,255,4499,0.1310460865497589
3,256,4500,0.09242215007543564
3,257,4501,0.2828438878059387
3,258,4502,0.1258559376001358
3,259,4503,0.09093363583087921
3,260,4504,0.07317107915878296
3,261,4505,0.13959620893001556
3,262,4506,0.10694058239459991
3,263,4507,0.1284588724374771
3,264,4508,0.05847536027431488
3,265,4509,0.10001521557569504
3,266,4510,0.057580411434173584
3,267,4511,0.09224195033311844
3,268,4512,0.06172638013958931
3,269,4513,0.09888151288032532
3,270,4514,0.06785842031240463
3,271,4515,0.11465056240558624
3,272,4516,0.02095731534063816
3,273,4517,0.05479688197374344
3,274,4518,0.0727631002664566
3,275,4519,0.03483037278056145
3,276,4520,0.03527402505278587
3,277,4521,0.10769131034612656
3,278,4522,0.07881873100996017
3,279,4523,0.05746201053261757
3,280,4524,0.08580850809812546
3,281,4525,0.09397764503955841
3,282,4526,0.08720028400421143
3,283,4527,0.053695641458034515
3,284,4528,0.043118055909872055
3,285,4529,0.013860262930393219
3,286,4530,0.16497115790843964
3,287,4531,0.20265606045722961
3,288,4532,0.03419888764619827
3,289,4533,0.07942260056734085
3,290,4534,0.02332950569689274
3,291,4535,0.04167039319872856
3,292,4536,0.029546717181801796
3,293,4537,0.15236248075962067
3,294,4538,0.08664031326770782
3,295,4539,0.08488905429840088
3,296,4540,0.04519739747047424
3,297,4541,0.12036176025867462
3,298,4542,0.17127187550067902
3,299,4543,0.13585036993026733
3,300,4544,0.011666392907500267
3,301,4545,0.04550514370203018
3,302,4546,0.09840920567512512
3,303,4547,0.09569305181503296
3,304,4548,0.08221367746591568
3,305,4549,0.06702420860528946
3,306,4550,0.15069039165973663
3,307,4551,0.060667604207992554
3,308,4552,0.06473558396100998
3,309,4553,0.05535817891359329
3,310,4554,0.09126074612140656
3,311,4555,0.02524472586810589
3,312,4556,0.11216790229082108
3,313,4557,0.08920779824256897
3,314,4558,0.0552629791200161
3,315,4559,0.0753655731678009
3,316,4560,0.05805513262748718
3,317,4561,0.0738714411854744
3,318,4562,0.13854055106639862
3,319,4563,0.09425178915262222
3,320,4564,0.1945439726114273
3,321,4565,0.09914325177669525
3,322,4566,0.13044896721839905
3,323,4567,0.11691568046808243
3,324,4568,0.1568637192249298
3,325,4569,0.005916144233196974
3,326,4570,0.04480113461613655
3,327,4571,0.15134723484516144
3,328,4572,0.08628474920988083
3,329,4573,0.24872040748596191
3,330,4574,0.20518717169761658
3,331,4575,0.11307375878095627
3,332,4576,0.11686182767152786
3,333,4577,0.09762035310268402
3,334,4578,0.12776824831962585
3,335,4579,0.13026010990142822
3,336,4580,0.10582716763019562
3,337,4581,0.08281975984573364
3,338,4582,0.10583683848381042
3,339,4583,0.07704808562994003
3,340,4584,0.12084007263183594
3,341,4585,0.11842288076877594
3,342,4586,0.1020863950252533
3,343,4587,0.2168409526348114
3,344,4588,0.10044366866350174
3,345,4589,0.11629583686590195
3,346,4590,0.12837739288806915
3,347,4591,0.05537720397114754
3,348,4592,0.0575181283056736
3,349,4593,0.053954098373651505
3,350,4594,0.13874399662017822
3,351,4595,0.0991385206580162
3,352,4596,0.11089956015348434
3,353,4597,0.08338449150323868
3,354,4598,0.05780797079205513
3,355,4599,0.1844068318605423
3,356,4600,0.04249295964837074
3,357,4601,0.11105474829673767
3,358,4602,0.1315002739429474
3,359,4603,0.061637431383132935
3,360,4604,0.1071866974234581
3,361,4605,0.06526915729045868
3,362,4606,0.11919485777616501
3,363,4607,0.0862288773059845
3,364,4608,0.03462951257824898
3,365,4609,0.08673586696386337
3,366,4610,0.20364101231098175
3,367,4611,0.0744161531329155
3,368,4612,0.1141330897808075
3,369,4613,0.12362813204526901
3,370,4614,0.055439356714487076
3,371,4615,0.05275236815214157
3,372,4616,0.09814856201410294
3,373,4617,0.12263007462024689
3,374,4618,0.05665762722492218
3,375,4619,0.1119278147816658
3,376,4620,0.01878753863275051
3,377,4621,0.0951860174536705
3,378,4622,0.09826014190912247
3,379,4623,0.13671258091926575
3,380,4624,0.06678874045610428
3,381,4625,0.08945932239294052
3,382,4626,0.04312296211719513
3,383,4627,0.00277305138297379
3,384,4628,0.18195880949497223
3,385,4629,0.027542250230908394
3,386,4630,0.11042030900716782
3,387,4631,0.04074745625257492
3,388,4632,0.06300371885299683
3,389,4633,0.21634836494922638
3,390,4634,0.11194158345460892
3,391,4635,0.1038510724902153
3,392,4636,0.03860977664589882
3,393,4637,0.06046896427869797
3,394,4638,0.058537330478429794
3,395,4639,0.04748215153813362
3,396,4640,0.05289778113365173
3,397,4641,0.010783437639474869
3,398,4642,0.10186717659235
3,399,4643,0.04574064165353775
3,400,4644,0.005373063031584024
3,401,4645,0.013398239389061928
3,402,4646,0.06518302112817764
3,403,4647,0.11178324371576309
3,404,4648,0.06849625706672668
3,405,4649,0.1727277934551239
3,406,4650,0.062196310609579086
3,407,4651,0.048012617975473404
3,408,4652,0.03215877339243889
3,409,4653,0.06163569167256355
3,410,4654,0.10600710660219193
3,411,4655,0.020492715761065483
3,412,4656,0.1323668658733368
3,413,4657,0.16979782283306122
3,414,4658,0.010846951976418495
3,415,4659,0.14342832565307617
3,416,4660,0.20411087572574615
3,417,4661,0.07859325408935547
3,418,4662,0.1172470822930336
3,419,4663,0.10620136559009552
3,420,4664,0.08195020258426666
3,421,4665,0.03226754814386368
3,422,4666,0.09670673310756683
3,423,4667,0.11775309592485428
3,424,4668,0.07799922674894333
3,425,4669,0.10539166629314423
3,426,4670,0.1759869009256363
3,427,4671,0.21208207309246063
3,428,4672,0.07097384333610535
3,429,4673,0.03080189786851406
3,430,4674,0.10821804404258728
3,431,4675,0.12576326727867126
3,432,4676,0.1501283049583435
3,433,4677,0.13033528625965118
3,434,4678,0.06762807071208954
3,435,4679,0.09172799438238144
3,436,4680,0.1716999113559723
3,437,4681,0.013290446251630783
3,438,4682,0.12523983418941498
3,439,4683,0.10952205955982208
3,440,4684,0.08492981642484665
3,441,4685,0.0479581356048584
3,442,4686,0.018853846937417984
3,443,4687,0.09601739794015884
3,444,4688,0.08850093185901642
3,445,4689,0.14777128398418427
3,446,4690,0.1683652549982071
3,447,4691,0.08822790533304214
3,448,4692,0.14359596371650696
3,449,4693,0.09034394472837448
3,450,4694,0.07971356064081192
3,451,4695,0.1443997621536255
3,452,4696,0.09645915031433105
3,453,4697,0.09102002531290054
3,454,4698,0.06400194019079208
3,455,4699,0.09304732084274292
3,456,4700,0.10643365234136581
3,457,4701,0.08588502556085587
3,458,4702,0.08687923103570938
3,459,4703,0.11918782442808151
3,460,4704,0.13988785445690155
3,461,4705,0.02401731349527836
3,462,4706,0.06382183730602264
3,463,4707,0.09523198753595352
3,464,4708,0.060537826269865036
3,465,4709,0.06295030564069748
3,466,4710,0.061971548944711685
3,467,4711,0.10919827222824097
3,468,4712,0.13187170028686523
3,469,4713,0.04297458752989769
3,470,4714,0.026838665828108788
3,471,4715,0.0516471229493618
3,472,4716,0.029346570372581482
3,473,4717,0.06488622725009918
3,474,4718,0.12451790273189545
3,475,4719,0.08235445618629456
3,476,4720,0.13871808350086212
3,477,4721,0.13946422934532166
3,478,4722,0.13658887147903442
3,479,4723,0.10578684508800507
3,480,4724,0.09738700091838837
3,481,4725,0.1608394831418991
3,482,4726,0.0556364469230175
3,483,4727,0.04208416864275932
3,484,4728,0.1785217672586441
3,485,4729,0.02316989377140999
3,486,4730,0.037777043879032135
3,487,4731,0.11265102028846741
3,488,4732,0.16846947371959686
3,489,4733,0.29481983184814453
3,490,4734,0.16613054275512695
3,491,4735,0.20056773722171783
3,492,4736,0.14303934574127197
3,493,4737,0.16246618330478668
3,494,4738,0.10659749060869217
3,495,4739,0.191830575466156
3,496,4740,0.16494159400463104
3,497,4741,0.134778693318367
3,498,4742,0.13486029207706451
3,499,4743,0.12113679200410843
3,500,4744,0.10015056282281876
3,501,4745,0.13610370457172394
3,502,4746,0.10316992551088333
3,503,4747,0.08936799317598343
3,504,4748,0.03240050747990608
3,505,4749,0.19295144081115723
3,506,4750,0.09008568525314331
3,507,4751,0.06506762653589249
3,508,4752,0.14210650324821472
3,509,4753,0.20024023950099945
3,510,4754,0.09878210723400116
3,511,4755,0.024797094985842705
3,512,4756,0.2401263415813446
3,513,4757,0.05132043734192848
3,514,4758,0.03773428127169609
3,515,4759,0.17406702041625977
3,516,4760,0.05571566894650459
3,517,4761,0.1603880375623703
3,518,4762,0.10050068795681
3,519,4763,0.13118751347064972
3,520,4764,0.09709536284208298
3,521,4765,0.07442251592874527
3,522,4766,0.1532287299633026
3,523,4767,0.16810590028762817
3,524,4768,0.09340570867061615
3,525,4769,0.0179304089397192
3,526,4770,0.13264063000679016
3,527,4771,0.08826755732297897
3,528,4772,0.20856580138206482
3,529,4773,0.059787049889564514
3,530,4774,0.1258048415184021
3,531,4775,0.02757226675748825
3,532,4776,0.08479039371013641
3,533,4777,0.022710241377353668
3,534,4778,0.023413250222802162
3,535,4779,0.07296951115131378
3,536,4780,0.08061489462852478
3,537,4781,0.05300823599100113
3,538,4782,0.050407372415065765
3,539,4783,0.07883276045322418
3,540,4784,0.05502960830926895
3,541,4785,0.04016675800085068
3,542,4786,0.06302842497825623
3,543,4787,0.06427884101867676
3,544,4788,0.14002326130867004
3,545,4789,0.10857219994068146
3,546,4790,0.19820600748062134
3,547,4791,0.13252680003643036
3,548,4792,0.11501409113407135
3,549,4793,0.1533871591091156
3,550,4794,0.11609937995672226
3,551,4795,0.12512315809726715
3,552,4796,0.060006171464920044
3,553,4797,0.16780835390090942
3,554,4798,0.02517811581492424
3,555,4799,0.1385851949453354
3,556,4800,0.1081462875008583
3,557,4801,0.12929189205169678
3,558,4802,0.041178490966558456
3,559,4803,0.023765645921230316
3,560,4804,0.12153027951717377
3,561,4805,0.15785156190395355
3,562,4806,0.10895361006259918
3,563,4807,0.1297566443681717
3,564,4808,0.10004385560750961
3,565,4809,0.15299321711063385
3,566,4810,0.012249146588146687
3,567,4811,0.08576232194900513
3,568,4812,0.15841351449489594
3,569,4813,0.03494095802307129
3,570,4814,0.0997358039021492
3,571,4815,0.03846301883459091
3,572,4816,0.05827082693576813
3,573,4817,0.02227431908249855
3,574,4818,0.11950614303350449
3,575,4819,0.10230137407779694
3,576,4820,0.010720956139266491
3,577,4821,0.03718700632452965
3,578,4822,0.0707547515630722
3,579,4823,0.18858179450035095
3,580,4824,0.07188937813043594
3,581,4825,0.0035648050252348185
3,582,4826,0.09738956391811371
3,583,4827,0.024661922827363014
3,584,4828,0.023244816809892654
3,585,4829,0.04596032202243805
3,586,4830,0.06334736943244934
3,587,4831,0.1006370335817337
3,588,4832,0.16632358729839325
3,589,4833,0.08171873539686203
3,590,4834,0.09730757772922516
3,591,4835,0.08561250567436218
3,592,4836,0.12768782675266266
3,593,4837,0.06643877178430557
3,594,4838,0.15750181674957275
3,595,4839,0.07904691994190216
3,596,4840,0.01734919846057892
3,597,4841,0.01917784847319126
3,598,4842,0.08903060853481293
3,599,4843,0.013008197769522667
3,600,4844,0.0735330879688263
3,601,4845,0.19003376364707947
3,602,4846,0.12048418819904327
3,603,4847,0.07541829347610474
3,604,4848,0.052689678966999054
3,605,4849,0.055705998092889786
3,606,4850,0.0081191910430789
3,607,4851,0.14815455675125122
3,608,4852,0.057987380772829056
3,609,4853,0.06552571058273315
3,610,4854,0.12931177020072937
3,611,4855,0.10378693044185638
3,612,4856,0.07455390691757202
3,613,4857,0.0672949030995369
3,614,4858,0.04658845439553261
3,615,4859,0.10536690801382065
3,616,4860,0.06688770651817322
3,617,4861,0.10745301097631454
3,618,4862,0.14018787443637848
3,619,4863,0.14146080613136292
3,620,4864,0.03188028559088707
3,621,4865,0.11087725311517715
3,622,4866,0.06860197335481644
3,623,4867,0.08485904335975647
3,624,4868,0.056698013097047806
3,625,4869,0.009338842704892159
3,626,4870,0.06839338690042496
3,627,4871,0.02938024140894413
3,628,4872,0.037214864045381546
3,629,4873,0.020870357751846313
3,630,4874,0.05776771903038025
3,631,4875,0.049698103219270706
3,632,4876,0.20488286018371582
3,633,4877,0.2023380994796753
3,634,4878,0.0928846001625061
3,635,4879,0.16791434586048126
3,636,4880,0.1874692738056183
3,637,4881,0.15421155095100403
3,638,4882,0.10127873718738556
3,639,4883,0.07700283825397491
3,640,4884,0.13536731898784637
3,641,4885,0.08827748149633408
3,642,4886,0.14198905229568481
3,643,4887,0.21491873264312744
3,644,4888,0.08596806228160858
3,645,4889,0.12901896238327026
3,646,4890,0.08131559938192368
3,647,4891,0.11520000547170639
3,648,4892,0.1595098227262497
3,649,4893,0.12906646728515625
3,650,4894,0.07660319656133652
3,651,4895,0.10598346590995789
3,652,4896,0.02312975563108921
3,653,4897,0.06318112462759018
3,654,4898,0.0632682591676712
3,655,4899,0.12385525554418564
3,656,4900,0.0668623223900795
3,657,4901,0.14683358371257782
3,658,4902,0.04329539090394974
3,659,4903,0.07198463380336761
3,660,4904,0.07766885310411453
3,661,4905,0.06666887551546097
3,662,4906,0.08776839822530746
3,663,4907,0.04998176172375679
3,664,4908,0.054004840552806854
3,665,4909,0.13175374269485474
3,666,4910,0.16810749471187592
3,667,4911,0.1778445541858673
3,668,4912,0.053441308438777924
3,669,4913,0.028350789099931717
3,670,4914,0.07813175767660141
3,671,4915,0.081285260617733
3,672,4916,0.1094214916229248
3,673,4917,0.05294502153992653
3,674,4918,0.17281967401504517
3,675,4919,0.14959271252155304
3,676,4920,0.15384195744991302
3,677,4921,0.06857800483703613
3,678,4922,0.19450923800468445
3,679,4923,0.13126322627067566
3,680,4924,0.172579824924469
3,681,4925,0.17881037294864655
3,682,4926,0.10898582637310028
3,683,4927,0.17509490251541138
3,684,4928,0.1440526396036148
3,685,4929,0.07775405049324036
3,686,4930,0.14065147936344147
3,687,4931,0.1645355224609375
3,688,4932,0.09206824749708176
3,689,4933,0.3069201409816742
3,690,4934,0.17041067779064178
3,691,4935,0.13913224637508392
3,692,4936,0.1527763158082962
3,693,4937,0.15334878861904144
3,694,4938,0.07565382868051529
3,695,4939,0.10088399052619934
3,696,4940,0.03924744203686714
3,697,4941,0.053454842418432236
3,698,4942,0.0856708437204361
3,699,4943,0.07934579998254776
3,700,4944,0.04170916974544525
3,701,4945,0.15193483233451843
3,702,4946,0.09942395240068436
3,703,4947,0.12081148475408554
3,704,4948,0.10818932950496674
3,705,4949,0.020083051174879074
3,706,4950,0.03870154544711113
3,707,4951,0.068170465528965
3,708,4952,0.04983760043978691
3,709,4953,0.052541814744472504
3,710,4954,0.0878092423081398
3,711,4955,0.011018947698175907
3,712,4956,0.04217550531029701
3,713,4957,0.12501583993434906
3,714,4958,0.06793031841516495
3,715,4959,0.13631094992160797
3,716,4960,0.0759480819106102
3,717,4961,0.06491173058748245
3,718,4962,0.09493634104728699
3,719,4963,0.14460217952728271
3,720,4964,0.027512703090906143
3,721,4965,0.06921383738517761
3,722,4966,0.07566481828689575
3,723,4967,0.034433986991643906
3,724,4968,0.03672260791063309
3,725,4969,0.08969074487686157
3,726,4970,0.11952923238277435
3,727,4971,0.19299016892910004
3,728,4972,0.08664806932210922
3,729,4973,0.03547526150941849
3,730,4974,0.1459026038646698
3,731,4975,0.15191975235939026
3,732,4976,0.11538738012313843
3,733,4977,0.0886286050081253
3,734,4978,0.13927322626113892
3,735,4979,0.011754394508898258
3,736,4980,0.2049160599708557
3,737,4981,0.05752654746174812
3,738,4982,0.06422726809978485
3,739,4983,0.055890556424856186
3,740,4984,0.09428902715444565
3,741,4985,0.09093150496482849
3,742,4986,0.07722878456115723
3,743,4987,0.1336040198802948
3,744,4988,0.11749555915594101
3,745,4989,0.08609286695718765
3,746,4990,0.21345748007297516
3,747,4991,0.14133478701114655
3,748,4992,0.09990330785512924
3,749,4993,0.09281214326620102
3,750,4994,0.11711966246366501
3,751,4995,0.09299220889806747
3,752,4996,0.04551210626959801
3,753,4997,0.10421502590179443
3,754,4998,0.071260966360569
3,755,4999,0.1338106393814087
3,756,5000,0.04301980510354042
3,757,5001,0.004808359779417515
3,758,5002,0.12181104719638824
3,759,5003,0.07950689643621445
3,760,5004,0.01224686298519373
3,761,5005,0.02997009828686714
3,762,5006,0.17833806574344635
3,763,5007,0.14442463219165802
3,764,5008,0.09123584628105164
3,765,5009,0.12116307020187378
3,766,5010,0.08452059328556061
3,767,5011,0.04151253029704094
3,768,5012,0.0462898388504982
3,769,5013,0.035078488290309906
3,770,5014,0.015753915533423424
3,771,5015,0.14400207996368408
3,772,5016,0.0985233262181282
3,773,5017,0.13894164562225342
3,774,5018,0.06842021644115448
3,775,5019,0.04462411254644394
3,776,5020,0.012921514920890331
3,777,5021,0.14239996671676636
3,778,5022,0.15518087148666382
3,779,5023,0.09457848221063614
3,780,5024,0.1068359985947609
3,781,5025,0.09340561926364899
3,782,5026,0.10010780394077301
3,783,5027,0.16628335416316986
3,784,5028,0.11287762224674225
3,785,5029,0.07941935211420059
3,786,5030,0.035159654915332794
3,787,5031,0.05947059392929077
3,788,5032,0.06828650087118149
3,789,5033,0.028966303914785385
3,790,5034,0.07365163415670395
3,791,5035,0.15452007949352264
3,792,5036,0.0353504978120327
3,793,5037,0.011511119082570076
3,794,5038,0.09477543085813522
3,795,5039,0.10566122084856033
3,796,5040,0.07720107585191727
3,797,5041,0.046630728989839554
3,798,5042,0.09719906002283096
3,799,5043,0.05323580279946327
3,800,5044,0.009342828765511513
3,801,5045,0.12212713062763214
3,802,5046,0.12376197427511215
3,803,5047,0.13016359508037567
3,804,5048,0.04057730361819267
3,805,5049,0.10931766033172607
3,806,5050,0.09512551873922348
3,807,5051,0.08082488924264908
3,808,5052,0.021229954436421394
3,809,5053,0.0148819200694561
3,810,5054,0.012491196393966675
3,811,5055,0.09087744355201721
3,812,5056,0.0345531590282917
3,813,5057,0.004902927204966545
3,814,5058,0.0983569398522377
3,815,5059,0.11434710770845413
3,816,5060,0.10987637937068939
3,817,5061,0.13945481181144714
3,818,5062,0.11438755691051483
3,819,5063,0.03906066343188286
3,820,5064,0.05173933133482933
3,821,5065,0.08749072253704071
3,822,5066,0.0791911780834198
3,823,5067,0.030780022963881493
3,824,5068,0.08514104038476944
3,825,5069,0.12089509516954422
3,826,5070,0.08061424642801285
3,827,5071,0.05703432857990265
3,828,5072,0.05990748479962349
3,829,5073,0.11837754398584366
3,830,5074,0.08794090151786804
3,831,5075,0.14742755889892578
3,832,5076,0.05194739252328873
3,833,5077,0.1019013375043869
3,834,5078,0.09601309895515442
3,835,5079,0.05619628727436066
3,836,5080,0.11111140251159668
3,837,5081,0.11136877536773682
3,838,5082,0.10947158187627792
3,839,5083,0.16621063649654388
3,840,5084,0.14383985102176666
3,841,5085,0.08690578490495682
3,842,5086,0.1611117571592331
3,843,5087,0.05072685331106186
3,844,5088,0.09741339832544327
3,845,5089,0.1493683010339737
3,846,5090,0.10223769396543503
3,847,5091,0.14302928745746613
3,848,5092,0.13417719304561615
3,849,5093,0.06732490658760071
3,850,5094,0.09487640112638474
3,851,5095,0.1292693018913269
3,852,5096,0.08033306151628494
3,853,5097,0.044475652277469635
3,854,5098,0.006949590053409338
3,855,5099,0.09426526725292206
3,856,5100,0.13767774403095245
3,857,5101,0.05475869029760361
3,858,5102,0.11804332584142685
3,859,5103,0.039637286216020584
3,860,5104,0.07453150302171707
3,861,5105,0.21272829174995422
3,862,5106,0.07943520694971085
3,863,5107,0.03561454266309738
3,864,5108,0.11245448887348175
3,865,5109,0.11878519505262375
3,866,5110,0.06545662134885788
3,867,5111,0.08761347085237503
3,868,5112,0.05424092337489128
3,869,5113,0.13794448971748352
3,870,5114,0.011862711049616337
3,871,5115,0.03721606731414795
3,872,5116,0.17222492396831512
3,873,5117,0.18766559660434723
3,874,5118,0.14942309260368347
3,875,5119,0.06792937964200974
3,876,5120,0.0880119577050209
3,877,5121,0.08883048593997955
3,878,5122,0.06903650611639023
3,879,5123,0.1066712811589241
3,880,5124,0.01991318166255951
3,881,5125,0.04855651408433914
3,882,5126,0.10357644408941269
3,883,5127,0.09353441745042801
3,884,5128,0.1628732681274414
3,885,5129,0.08018489181995392
3,886,5130,0.15549731254577637
3,887,5131,0.12445763498544693
3,888,5132,0.033962786197662354
3,889,5133,0.02841910347342491
3,890,5134,0.0956849530339241
3,891,5135,0.08211780339479446
3,892,5136,0.07677797228097916
3,893,5137,0.028671659529209137
3,894,5138,0.06762997061014175
3,895,5139,0.016364123672246933
3,896,5140,0.10375390201807022
3,897,5141,0.013895785436034203
3,898,5142,0.06518585234880447
3,899,5143,0.04630422219634056
3,900,5144,0.007544119842350483
3,901,5145,0.12381210923194885
3,902,5146,0.002477356931194663
3,903,5147,0.10177646577358246
3,904,5148,0.13280771672725677
3,905,5149,0.00540577108040452
3,906,5150,0.0573640838265419
3,907,5151,0.11412391066551208
3,908,5152,0.06121760979294777
3,909,5153,0.11994083970785141
3,910,5154,0.0386376827955246
3,911,5155,0.06628960371017456
3,912,5156,0.029963722452521324
3,913,5157,0.0848177969455719
3,914,5158,0.06911874562501907
3,915,5159,0.014258790761232376
3,916,5160,0.0846947506070137
3,917,5161,0.07907067239284515
3,918,5162,0.07347682118415833
3,919,5163,0.07704749703407288
3,920,5164,0.09235871583223343
3,921,5165,0.05403421074151993
3,922,5166,0.07101507484912872
3,923,5167,0.12542596459388733
3,924,5168,0.1044192686676979
3,925,5169,0.003420040477067232
3,926,5170,0.13974525034427643
3,927,5171,0.02372955158352852
3,928,5172,0.01665400341153145
3,929,5173,0.07014144957065582
3,930,5174,0.008796651847660542
3,931,5175,0.18938685953617096
3,932,5176,0.041292693465948105
3,933,5177,0.09015543758869171
3,934,5178,0.23762385547161102
3,935,5179,0.05525141581892967
3,936,5180,0.09896323084831238
3,937,5181,0.04506317526102066
3,938,5182,0.07086139172315598
3,939,5183,0.06706743687391281
3,940,5184,0.04650695621967316
3,941,5185,0.09725964814424515
3,942,5186,0.09480327367782593
3,943,5187,0.04849683865904808
3,944,5188,0.1829095482826233
3,945,5189,0.05856791138648987
3,946,5190,0.10530230402946472
3,947,5191,0.06094447523355484
3,948,5192,0.0572790764272213
3,949,5193,0.0541047565639019
3,950,5194,0.11594314873218536
3,951,5195,0.07602345198392868
3,952,5196,0.10310609638690948
3,953,5197,0.13568232953548431
3,954,5198,0.06909900903701782
3,955,5199,0.07398612052202225
3,956,5200,0.02766207419335842
3,957,5201,0.08040488511323929
3,958,5202,0.04718160629272461
3,959,5203,0.09826591610908508
3,960,5204,0.05564730614423752
3,961,5205,0.04401138424873352
3,962,5206,0.13922904431819916
3,963,5207,0.14226438105106354
3,964,5208,0.045320093631744385
3,965,5209,0.022099655121564865
3,966,5210,0.17039451003074646
3,967,5211,0.16116508841514587
3,968,5212,0.09674537926912308
3,969,5213,0.1584184765815735
3,970,5214,0.09226900339126587
3,971,5215,0.048413921147584915
3,972,5216,0.08154542744159698
3,973,5217,0.10564925521612167
3,974,5218,0.11725080758333206
3,975,5219,0.006781032774597406
3,976,5220,0.057452380657196045
3,977,5221,0.02194763720035553
3,978,5222,0.12942460179328918
3,979,5223,0.07083795964717865
3,980,5224,0.041792359203100204
3,981,5225,0.14685194194316864
3,982,5226,0.060472119599580765
3,983,5227,0.06651101261377335
3,984,5228,0.09546036273241043
3,985,5229,0.04822284355759621
3,986,5230,0.12254021316766739
3,987,5231,0.07383424788713455
3,988,5232,0.140504851937294
3,989,5233,0.13820987939834595
3,990,5234,0.02869722992181778
3,991,5235,0.12449130415916443
3,992,5236,0.09133194386959076
3,993,5237,0.1660253405570984
3,994,5238,0.08677643537521362
3,995,5239,0.058026447892189026
3,996,5240,0.15183410048484802
3,997,5241,0.08784200996160507
3,998,5242,0.06283175200223923
3,999,5243,0.02892277203500271
3,1000,5244,0.061150941997766495
3,1001,5245,0.13831238448619843
3,1002,5246,0.09326042234897614
3,1003,5247,0.10608026385307312
3,1004,5248,0.09235645085573196
3,1005,5249,0.058129843324422836
3,1006,5250,0.024448471143841743
3,1007,5251,0.036371953785419464
3,1008,5252,0.04915815591812134
3,1009,5253,0.06301897019147873
3,1010,5254,0.1861473023891449
3,1011,5255,0.0029781481716781855
3,1012,5256,0.0636255294084549
3,1013,5257,0.1195942759513855
3,1014,5258,0.13430973887443542
3,1015,5259,0.02966173179447651
3,1016,5260,0.0296504907310009
3,1017,5261,0.036472223699092865
3,1018,5262,0.01248758565634489
3,1019,5263,0.09708516299724579
3,1020,5264,0.050002362579107285
3,1021,5265,0.005183727014809847
3,1022,5266,0.08844290673732758
3,1023,5267,0.10731931775808334
3,1024,5268,0.11600528657436371
3,1025,5269,0.1662455052137375
3,1026,5270,0.13879963755607605
3,1027,5271,0.02527494914829731
3,1028,5272,0.10562936216592789
3,1029,5273,0.024837756529450417
3,1030,5274,0.04957447201013565
3,1031,5275,0.04281002655625343
3,1032,5276,0.0249790009111166
3,1033,5277,0.030240140855312347
3,1034,5278,0.03406202048063278
3,1035,5279,0.08374501764774323
3,1036,5280,0.03560931980609894
3,1037,5281,0.07500749826431274
3,1038,5282,0.052109330892562866
3,1039,5283,0.0749974474310875
3,1040,5284,0.05307020619511604
3,1041,5285,0.07403168827295303
3,1042,5286,0.10730302333831787
3,1043,5287,0.1915448158979416
3,1044,5288,0.04022842273116112
3,1045,5289,0.057270459830760956
3,1046,5290,0.12381099909543991
3,1047,5291,0.06787710636854172
3,1048,5292,0.14443807303905487
3,1049,5293,0.12538492679595947
3,1050,5294,0.04263557121157646
3,1051,5295,0.13671568036079407
3,1052,5296,0.1781139224767685
3,1053,5297,0.15139180421829224
3,1054,5298,0.12847928702831268
3,1055,5299,0.03367546573281288
3,1056,5300,0.08754444867372513
3,1057,5301,0.05424186959862709
3,1058,5302,0.11495085805654526
3,1059,5303,0.07709931582212448
3,1060,5304,0.23526358604431152
3,1061,5305,0.09909064322710037
3,1062,5306,0.05998717620968819
3,1063,5307,0.07932036370038986
3,1064,5308,0.0354294627904892
3,1065,5309,0.07305579632520676
3,1066,5310,0.025040702894330025
3,1067,5311,0.08481191843748093
3,1068,5312,0.03981724753975868
3,1069,5313,0.0724395290017128
3,1070,5314,0.05316119268536568
3,1071,5315,0.10930214077234268
3,1072,5316,0.017046207562088966
3,1073,5317,0.1294562667608261
3,1074,5318,0.15057681500911713
3,1075,5319,0.014306670986115932
3,1076,5320,0.04221327602863312
3,1077,5321,0.07547321170568466
3,1078,5322,0.21465417742729187
3,1079,5323,0.1516377180814743
3,1080,5324,0.05603780969977379
3,1081,5325,0.10705321282148361
3,1082,5326,0.056294605135917664
3,1083,5327,0.05741148069500923
3,1084,5328,0.14133335649967194
3,1085,5329,0.08875501900911331
3,1086,5330,0.01187147106975317
3,1087,5331,0.09001722931861877
3,1088,5332,0.21255561709403992
3,1089,5333,0.052782412618398666
3,1090,5334,0.05388525500893593
3,1091,5335,0.061538029462099075
3,1092,5336,0.05427541211247444
3,1093,5337,0.10777714848518372
3,1094,5338,0.10058058053255081
3,1095,5339,0.10677888244390488
3,1096,5340,0.07524782419204712
3,1097,5341,0.1162978857755661
3,1098,5342,0.03130399063229561
3,1099,5343,0.0881628692150116
3,1100,5344,0.07222900539636612
3,1101,5345,0.12101565301418304
3,1102,5346,0.0964835062623024
3,1103,5347,0.10412141680717468
3,1104,5348,0.11648402363061905
3,1105,5349,0.07323729246854782
3,1106,5350,0.14353756606578827
3,1107,5351,0.12099508941173553
3,1108,5352,0.134525865316391
3,1109,5353,0.032062869518995285
3,1110,5354,0.09515224397182465
3,1111,5355,0.04592970386147499
3,1112,5356,0.00547923194244504
3,1113,5357,0.0918138399720192
3,1114,5358,0.09208401292562485
3,1115,5359,0.12790827453136444
3,1116,5360,0.03971434384584427
3,1117,5361,0.04306692257523537
3,1118,5362,0.18374358117580414
3,1119,5363,0.023151680827140808
3,1120,5364,0.03508950397372246
3,1121,5365,0.10711328685283661
3,1122,5366,0.061519719660282135
3,1123,5367,0.060502588748931885
3,1124,5368,0.1134786382317543
3,1125,5369,0.08693729341030121
3,1126,5370,0.08465605974197388
3,1127,5371,0.03652404621243477
3,1128,5372,0.025803707540035248
3,1129,5373,0.11149158328771591
3,1130,5374,0.03588508814573288
3,1131,5375,0.0449758805334568
3,1132,5376,0.050978656858205795
3,1133,5377,0.03706379607319832
3,1134,5378,0.006438679061830044
3,1135,5379,0.05242345109581947
3,1136,5380,0.15299706161022186
3,1137,5381,0.03679879382252693
3,1138,5382,0.03408580273389816
3,1139,5383,0.04457547888159752
3,1140,5384,0.12328296899795532
3,1141,5385,0.05203217267990112
3,1142,5386,0.03278922662138939
3,1143,5387,0.06920309364795685
3,1144,5388,0.056082531809806824
3,1145,5389,0.04879876226186752
3,1146,5390,0.03609394654631615
3,1147,5391,0.04953466355800629
3,1148,5392,0.012165267951786518
3,1149,5393,0.04972635954618454
3,1150,5394,0.11694321781396866
3,1151,5395,0.12335246801376343
3,1152,5396,0.07467081397771835
3,1153,5397,0.13903968036174774
3,1154,5398,0.1676858514547348
3,1155,5399,0.04572582617402077
3,1156,5400,0.08922220021486282
3,1157,5401,0.08122518658638
3,1158,5402,0.03734217956662178
3,1159,5403,0.07802340388298035
3,1160,5404,0.14773185551166534
3,1161,5405,0.1401309221982956
3,1162,5406,0.01701868698000908
3,1163,5407,0.09774838387966156
3,1164,5408,0.018687628209590912
3,1165,5409,0.04047245904803276
3,1166,5410,0.038934897631406784
3,1167,5411,0.10191332548856735
3,1168,5412,0.0967261865735054
3,1169,5413,0.06990986317396164
3,1170,5414,0.051923468708992004
3,1171,5415,0.043789125978946686
3,1172,5416,0.13970229029655457
3,1173,5417,0.0069678472355008125
3,1174,5418,0.0051108249463140965
3,1175,5419,0.08422750234603882
3,1176,5420,0.08852085471153259
3,1177,5421,0.10102268308401108
3,1178,5422,0.07599131762981415
3,1179,5423,0.0683230385184288
3,1180,5424,0.09355523437261581
3,1181,5425,0.04750751331448555
3,1182,5426,0.03732652962207794
3,1183,5427,0.09391125291585922
3,1184,5428,0.03747796267271042
3,1185,5429,0.11531118303537369
3,1186,5430,0.024108976125717163
3,1187,5431,0.05635141581296921
3,1188,5432,0.03720024600625038
3,1189,5433,0.08361537754535675
3,1190,5434,0.0536806546151638
3,1191,5435,0.038532476872205734
3,1192,5436,0.09610000997781754
3,1193,5437,0.006748454179614782
3,1194,5438,0.1103958785533905
3,1195,5439,0.04467276483774185
3,1196,5440,0.05953246355056763
3,1197,5441,0.07606857270002365
3,1198,5442,0.05748419836163521
3,1199,5443,0.03215225785970688
3,1200,5444,0.05055805668234825
3,1201,5445,0.025526883080601692
3,1202,5446,0.03914302960038185
3,1203,5447,0.0995853915810585
3,1204,5448,0.11204852163791656
3,1205,5449,0.05337052792310715
3,1206,5450,0.014218149706721306
3,1207,5451,0.12767566740512848
3,1208,5452,0.16886766254901886
3,1209,5453,0.223629891872406
3,1210,5454,0.09349367767572403
3,1211,5455,0.048514559864997864
3,1212,5456,0.07742465287446976
3,1213,5457,0.0334569551050663
3,1214,5458,0.05506563186645508
3,1215,5459,0.022381138056516647
3,1216,5460,0.032977938652038574
3,1217,5461,0.03996490687131882
3,1218,5462,0.0407528392970562
3,1219,5463,0.004281193017959595
3,1220,5464,0.009896023198962212
3,1221,5465,0.21662592887878418
3,1222,5466,0.03839665651321411
3,1223,5467,0.1218055933713913
3,1224,5468,0.07761796563863754
3,1225,5469,0.032640185207128525
3,1226,5470,0.0962081104516983
3,1227,5471,0.04594557732343674
3,1228,5472,0.07687336206436157
3,1229,5473,0.12262523174285889
3,1230,5474,0.11651735752820969
3,1231,5475,0.16377432644367218
3,1232,5476,0.10515538603067398
3,1233,5477,0.10916731506586075
3,1234,5478,0.09220153093338013
3,1235,5479,0.08178473263978958
3,1236,5480,0.13440200686454773
3,1237,5481,0.12031148374080658
3,1238,5482,0.02734503149986267
3,1239,5483,0.04705784097313881
3,1240,5484,0.1282626986503601
3,1241,5485,0.026926416903734207
3,1242,5486,0.06720205396413803
3,1243,5487,0.030151421204209328
3,1244,5488,0.06218377500772476
3,1245,5489,0.06681035459041595
3,1246,5490,0.0204052422195673
3,1247,5491,0.04938415437936783
3,1248,5492,0.16102361679077148
3,1249,5493,0.06741487979888916
3,1250,5494,0.12952148914337158
3,1251,5495,0.0792129635810852
3,1252,5496,0.10434934496879578
3,1253,5497,0.05764031410217285
3,1254,5498,0.062406282871961594
3,1255,5499,0.012602276168763638
3,1256,5500,0.019582075998187065
3,1257,5501,0.11167581379413605
3,1258,5502,0.08586391806602478
3,1259,5503,0.10680273920297623
3,1260,5504,0.03374503552913666
3,1261,5505,0.012660223990678787
3,1262,5506,0.12359318137168884
3,1263,5507,0.10474390536546707
3,1264,5508,0.02989790216088295
3,1265,5509,0.04542902857065201
3,1266,5510,0.03791482746601105
3,1267,5511,0.15684399008750916
3,1268,5512,0.10374206304550171
3,1269,5513,0.055147938430309296
3,1270,5514,0.019919438287615776
3,1271,5515,0.12424997985363007
3,1272,5516,0.030113553628325462
3,1273,5517,0.06663351505994797
3,1274,5518,0.06839790940284729
3,1275,5519,0.13934864103794098
3,1276,5520,0.053352952003479004
3,1277,5521,0.04216735437512398
3,1278,5522,0.1020255833864212
3,1279,5523,0.19655193388462067
3,1280,5524,0.054741065949201584
3,1281,5525,0.05544992536306381
3,1282,5526,0.08582314103841782
3,1283,5527,0.0655728206038475
3,1284,5528,0.02807142399251461
3,1285,5529,0.0739879384636879
3,1286,5530,0.03625922277569771
3,1287,5531,0.004872515797615051
3,1288,5532,0.047158896923065186
3,1289,5533,0.035230062901973724
3,1290,5534,0.06194785237312317
3,1291,5535,0.06292606145143509
3,1292,5536,0.17277781665325165
3,1293,5537,0.16936758160591125
3,1294,5538,0.023303242400288582
3,1295,5539,0.13388791680335999
3,1296,5540,0.09193442016839981
3,1297,5541,0.04595353826880455
3,1298,5542,0.03805429860949516
3,1299,5543,0.05566242337226868
3,1300,5544,0.02482190728187561
3,1301,5545,0.06714148819446564
3,1302,5546,0.062002237886190414
3,1303,5547,0.066007100045681
3,1304,5548,0.019439885392785072
3,1305,5549,0.07884795218706131
3,1306,5550,0.07233447581529617
3,1307,5551,0.07331561297178268
3,1308,5552,0.01923074759542942
3,1309,5553,0.026233265176415443
3,1310,5554,0.019081687554717064
3,1311,5555,0.039164844900369644
3,1312,5556,0.06539613753557205
3,1313,5557,0.016722695901989937
3,1314,5558,0.14997300505638123
3,1315,5559,0.10364344716072083
3,1316,5560,0.15152691304683685
3,1317,5561,0.013150789774954319
3,1318,5562,0.02442583627998829
3,1319,5563,0.08171064406633377
3,1320,5564,0.16106048226356506
3,1321,5565,0.12118297070264816
3,1322,5566,0.03595338761806488
3,1323,5567,0.11209277808666229
3,1324,5568,0.019493211060762405
3,1325,5569,0.05865669623017311
3,1326,5570,0.016876930370926857
3,1327,5571,0.03071458637714386
3,1328,5572,0.176112100481987
3,1329,5573,0.010896477848291397
3,1330,5574,0.03196505829691887
3,1331,5575,0.05491379648447037
3,1332,5576,0.18408973515033722
3,1333,5577,0.071082204580307
3,1334,5578,0.05229991674423218
3,1335,5579,0.011980480514466763
3,1336,5580,0.08458030968904495
3,1337,5581,0.11511407792568207
3,1338,5582,0.06256792694330215
3,1339,5583,0.020336246117949486
3,1340,5584,0.0020762772765010595
3,1341,5585,0.07367871701717377
3,1342,5586,0.09323135763406754
3,1343,5587,0.12468212842941284
3,1344,5588,0.06510582566261292
3,1345,5589,0.05908387526869774
3,1346,5590,0.09766309708356857
3,1347,5591,0.09689310938119888
3,1348,5592,0.03768777474761009
3,1349,5593,0.07781469821929932
3,1350,5594,0.15489912033081055
3,1351,5595,0.12990529835224152
3,1352,5596,0.09591642767190933
3,1353,5597,0.16248919069766998
3,1354,5598,0.06971823424100876
3,1355,5599,0.04886172339320183
3,1356,5600,0.12547408044338226
3,1357,5601,0.04539835825562477
3,1358,5602,0.13296116888523102
3,1359,5603,0.10720526427030563
3,1360,5604,0.06671884655952454
3,1361,5605,0.057479918003082275
3,1362,5606,0.030603287741541862
3,1363,5607,0.06474457681179047
3,1364,5608,0.07412222027778625
3,1365,5609,0.003000810742378235
3,1366,5610,0.019509151577949524
3,1367,5611,0.09607381373643875
3,1368,5612,0.06879881024360657
3,1369,5613,0.11641640216112137
3,1370,5614,0.04565234109759331
3,1371,5615,0.08473745733499527
3,1372,5616,0.06934606283903122
3,1373,5617,0.045877519994974136
3,1374,5618,0.11432152986526489
3,1375,5619,0.03627821430563927
3,1376,5620,0.03939246013760567
3,1377,5621,0.02530708909034729
3,1378,5622,0.06295641511678696
3,1379,5623,0.05998873710632324
3,1380,5624,0.07621826231479645
3,1381,5625,0.038699209690093994
3,1382,5626,0.06711108982563019
3,1383,5627,0.13537201285362244
3,1384,5628,0.01929599419236183
3,1385,5629,0.1542014181613922
3,1386,5630,0.08027221262454987
3,1387,5631,0.13211406767368317
3,1388,5632,0.12440766394138336
3,1389,5633,0.01978338696062565
3,1390,5634,0.005568368826061487
3,1391,5635,0.12020540237426758
3,1392,5636,0.03725901618599892
3,1393,5637,0.06765370815992355
3,1394,5638,0.07964611053466797
3,1395,5639,0.08659959584474564
3,1396,5640,0.07432398945093155
3,1397,5641,0.07723676413297653
3,1398,5642,0.04008340463042259
3,1399,5643,0.10103081166744232
3,1400,5644,0.07768777012825012
3,1401,5645,0.12968893349170685
3,1402,5646,0.06271890550851822
3,1403,5647,0.009706909768283367
3,1404,5648,0.08539077639579773
3,1405,5649,0.0739871934056282
3,1406,5650,0.030078791081905365
3,1407,5651,0.05625182390213013
3,1408,5652,0.027521155774593353
3,1409,5653,0.0946153923869133
3,1410,5654,0.09081558883190155
3,1411,5655,0.041619546711444855
3,1412,5656,0.010648133233189583
3,1413,5657,0.07304297387599945
3,1414,5658,0.2220240831375122
3,1415,5659,0.11184211075305939
4,1,5660,0.08996562659740448
4,2,5661,0.10139580070972443
4,3,5662,0.07194115221500397
4,4,5663,0.02652071602642536
4,5,5664,0.023813189938664436
4,6,5665,0.04946845769882202
4,7,5666,0.013989276252686977
4,8,5667,0.09902685135602951
4,9,5668,0.0346522219479084
4,10,5669,0.03275802358984947
4,11,5670,0.03972058370709419
4,12,5671,0.0026001939550042152
4,13,5672,0.012611381709575653
4,14,5673,0.13445284962654114
4,15,5674,0.02886233665049076
4,16,5675,0.006019694730639458
4,17,5676,0.07405418157577515
4,18,5677,0.040011174976825714
4,19,5678,0.09211642295122147
4,20,5679,0.011132110841572285
4,21,5680,0.06903424113988876
4,22,5681,0.06044207885861397
4,23,5682,0.024199921637773514
4,24,5683,0.06328610330820084
4,25,5684,0.019352879375219345
4,26,5685,0.059799738228321075
4,27,5686,0.07519678771495819
4,28,5687,0.21266457438468933
4,29,5688,0.012147722765803337
4,30,5689,0.08109523355960846
4,31,5690,0.09309814870357513
4,32,5691,0.04821333661675453
4,33,5692,0.08866390585899353
4,34,5693,0.04272535815834999
4,35,5694,0.04536232724785805
4,36,5695,0.19794166088104248
4,37,5696,0.016604501754045486
4,38,5697,0.01955069787800312
4,39,5698,0.13540957868099213
4,40,5699,0.09879814088344574
4,41,5700,0.09776870161294937
4,42,5701,0.1177959218621254
4,43,5702,0.09526815265417099
4,44,5703,0.03398257493972778
4,45,5704,0.03173906356096268
4,46,5705,0.03365935757756233
4,47,5706,0.033796526491642
4,48,5707,0.09119930863380432
4,49,5708,0.019959332421422005
4,50,5709,0.0550466924905777
4,51,5710,0.07051748037338257
4,52,5711,0.015131221152842045
4,53,5712,0.06875310838222504
4,54,5713,0.003151264041662216
4,55,5714,0.028905309736728668
4,56,5715,0.09459291398525238
4,57,5716,0.13635937869548798
4,58,5717,0.0293759573251009
4,59,5718,0.03679721802473068
4,60,5719,0.07289380580186844
4,61,5720,0.08292464911937714
4,62,5721,0.018335731700062752
4,63,5722,0.10306885838508606
4,64,5723,0.05986076965928078
4,65,5724,0.057836975902318954
4,66,5725,0.20362471044063568
4,67,5726,0.06578683108091354
4,68,5727,0.042215581983327866
4,69,5728,0.11083588004112244
4,70,5729,0.1388460099697113
4,71,5730,0.06453711539506912
4,72,5731,0.07746271044015884
4,73,5732,0.011731892824172974
4,74,5733,0.04595310240983963
4,75,5734,0.17285752296447754
4,76,5735,0.058824509382247925
4,77,5736,0.08973374962806702
4,78,5737,0.028519582003355026
4,79,5738,0.11024437844753265
4,80,5739,0.06300359219312668
4,81,5740,0.0190065186470747
4,82,5741,0.046809807419776917
4,83,5742,0.02695387601852417
4,84,5743,0.05928364768624306
4,85,5744,0.10372787714004517
4,86,5745,0.08734072744846344
4,87,5746,0.007119030226022005
4,88,5747,0.09930574893951416
4,89,5748,0.10590025037527084
4,90,5749,0.14323095977306366
4,91,5750,0.08966583758592606
4,92,5751,0.08269663155078888
4,93,5752,0.08172763884067535
4,94,5753,0.05757126584649086
4,95,5754,0.054779842495918274
4,96,5755,0.09942532330751419
4,97,5756,0.06663846969604492
4,98,5757,0.07641074061393738
4,99,5758,0.04493851214647293
4,100,5759,0.06265952438116074
4,101,5760,0.0871024802327156
4,102,5761,0.04452257603406906
4,103,5762,0.034709632396698
4,104,5763,0.09088367968797684
4,105,5764,0.017089419066905975
4,106,5765,0.1620320826768875
4,107,5766,0.05240853875875473
4,108,5767,0.07709716260433197
4,109,5768,0.07862833142280579
4,110,5769,0.05494683235883713
4,111,5770,0.06280089914798737
4,112,5771,0.04001961275935173
4,113,5772,0.029487282037734985
4,114,5773,0.09537696093320847
4,115,5774,0.07961136847734451
4,116,5775,0.11198641359806061
4,117,5776,0.04580582305788994
4,118,5777,0.05282296985387802
4,119,5778,0.04890654236078262
4,120,5779,0.07098899781703949
4,121,5780,0.016490435227751732
4,122,5781,0.0161296334117651
4,123,5782,0.04741319268941879
4,124,5783,0.039070919156074524
4,125,5784,0.11447053402662277
4,126,5785,0.1305161714553833
4,127,5786,0.03332213684916496
4,128,5787,0.06381215900182724
4,129,5788,0.0745592936873436
4,130,5789,0.013929270207881927
4,131,5790,0.004271546378731728
4,132,5791,0.043813589960336685
4,133,5792,0.11396046727895737
4,134,5793,0.10870808362960815
4,135,5794,0.15343700349330902
4,136,5795,0.1094067171216011
4,137,5796,0.07656214386224747
4,138,5797,0.18737709522247314
4,139,5798,0.0675467997789383
4,140,5799,0.09233710169792175
4,141,5800,0.06023915484547615
4,142,5801,0.05681504309177399
4,143,5802,0.12375105917453766
4,144,5803,0.07416819036006927
4,145,5804,0.08434191346168518
4,146,5805,0.0592680424451828
4,147,5806,0.18841983377933502
4,148,5807,0.019613750278949738
4,149,5808,0.06833312660455704
4,150,5809,0.18896807730197906
4,151,5810,0.05924136936664581
4,152,5811,0.032339975237846375
4,153,5812,0.06483004242181778
4,154,5813,0.09159106016159058
4,155,5814,0.04622194916009903
4,156,5815,0.1006416529417038
4,157,5816,0.05198575183749199
4,158,5817,0.05135728791356087
4,159,5818,0.05592356249690056
4,160,5819,0.030223695561289787
4,161,5820,0.020639797672629356
4,162,5821,0.07390885800123215
4,163,5822,0.004990937653928995
4,164,5823,0.034517500549554825
4,165,5824,0.11725790053606033
4,166,5825,0.010751325637102127
4,167,5826,0.05158090591430664
4,168,5827,0.06200416386127472
4,169,5828,0.08079127967357635
4,170,5829,0.050923243165016174
4,171,5830,0.07313494384288788
4,172,5831,0.030993133783340454
4,173,5832,0.01795187033712864
4,174,5833,0.11494020372629166
4,175,5834,0.00843987800180912
4,176,5835,0.027245158329606056
4,177,5836,0.07785013318061829
4,178,5837,0.029863066971302032
4,179,5838,0.0961388349533081
4,180,5839,0.051427267491817474
4,181,5840,0.06404849141836166
4,182,5841,0.09968037903308868
4,183,5842,0.031770866364240646
4,184,5843,0.13812300562858582
4,185,5844,0.06443832069635391
4,186,5845,0.10379114001989365
4,187,5846,0.06100650876760483
4,188,5847,0.04231008514761925
4,189,5848,0.11297083646059036
4,190,5849,0.05677226930856705
4,191,5850,0.02816193737089634
4,192,5851,0.005701770540326834
4,193,5852,0.05367831885814667
4,194,5853,0.03002527542412281
4,195,5854,0.0690879076719284
4,196,5855,0.06785991042852402
4,197,5856,0.05071696639060974
4,198,5857,0.09434163570404053
4,199,5858,0.04579579830169678
4,200,5859,0.020497580990195274
4,201,5860,0.019765662029385567
4,202,5861,0.14628472924232483
4,203,5862,0.06650443375110626
4,204,5863,0.13561391830444336
4,205,5864,0.12145998328924179
4,206,5865,0.056239232420921326
4,207,5866,0.11803501099348068
4,208,5867,0.019548160955309868
4,209,5868,0.16869691014289856
4,210,5869,0.0317411795258522
4,211,5870,0.01666099950671196
4,212,5871,0.1253410428762436
4,213,5872,0.11080003529787064
4,214,5873,0.1631578654050827
4,215,5874,0.07949928194284439
4,216,5875,0.050055719912052155
4,217,5876,0.15945672988891602
4,218,5877,0.08057837188243866
4,219,5878,0.05861029401421547
4,220,5879,0.020987777039408684
4,221,5880,0.07649686932563782
4,222,5881,0.1084538921713829
4,223,5882,0.05175652354955673
4,224,5883,0.05900686979293823
4,225,5884,0.1099608913064003
4,226,5885,0.03324771299958229
4,227,5886,0.023030852898955345
4,228,5887,0.06022720783948898
4,229,5888,0.005757323000580072
4,230,5889,0.05973363295197487
4,231,5890,0.04138319194316864
4,232,5891,0.025899497792124748
4,233,5892,0.11345216631889343
4,234,5893,0.026041610166430473
4,235,5894,0.05947864055633545
4,236,5895,0.028665343299508095
4,237,5896,0.05846971645951271
4,238,5897,0.08660554140806198
4,239,5898,0.06683531403541565
4,240,5899,0.10088948905467987
4,241,5900,0.013738458044826984
4,242,5901,0.05211962014436722
4,243,5902,0.0895388126373291
4,244,5903,0.10183104872703552
4,245,5904,0.035273849964141846
4,246,5905,0.07028742879629135
4,247,5906,0.06847438961267471
4,248,5907,0.10242972522974014
4,249,5908,0.02877369150519371
4,250,5909,0.08883631229400635
4,251,5910,0.11520037800073624
4,252,5911,0.13328830897808075
4,253,5912,0.1296492964029312
4,254,5913,0.013313918374478817
4,255,5914,0.10809724777936935
4,256,5915,0.00885685347020626
4,257,5916,0.07417473942041397
4,258,5917,0.09600280970335007
4,259,5918,0.1007360965013504
4,260,5919,0.02851915918290615
4,261,5920,0.07465845346450806
4,262,5921,0.044218454509973526
4,263,5922,0.025971276685595512
4,264,5923,0.06885192543268204
4,265,5924,0.0449591726064682
4,266,5925,0.07740454375743866
4,267,5926,0.08391568809747696
4,268,5927,0.036161333322525024
4,269,5928,0.09491175413131714
4,270,5929,0.1064794585108757
4,271,5930,0.03404024615883827
4,272,5931,0.08767957240343094
4,273,5932,0.03377510607242584
4,274,5933,0.06860516220331192
4,275,5934,0.049202121794223785
4,276,5935,0.06447669118642807
4,277,5936,0.09355039149522781
4,278,5937,0.04315062239766121
4,279,5938,0.07957269996404648
4,280,5939,0.0572836771607399
4,281,5940,0.05866753309965134
4,282,5941,0.028743306174874306
4,283,5942,0.016983654350042343
4,284,5943,0.014330066740512848
4,285,5944,0.17599645256996155
4,286,5945,0.006082781590521336
4,287,5946,0.08865972608327866
4,288,5947,0.027523498982191086
4,289,5948,0.09686125814914703
4,290,5949,0.007769025396555662
4,291,5950,0.07932667434215546
4,292,5951,0.013865982182323933
4,293,5952,0.028160149231553078
4,294,5953,0.004115917719900608
4,295,5954,0.02921604923903942
4,296,5955,0.13412319123744965
4,297,5956,0.07072170823812485
4,298,5957,0.01068182848393917
4,299,5958,0.037992872297763824
4,300,5959,0.02152133546769619
4,301,5960,0.013434464111924171
4,302,5961,0.06450597941875458
4,303,5962,0.011103018186986446
4,304,5963,0.003379919333383441
4,305,5964,0.040398214012384415
4,306,5965,0.04335407167673111
4,307,5966,0.015362709760665894
4,308,5967,0.1309504359960556
4,309,5968,0.034164801239967346
4,310,5969,0.10888451337814331
4,311,5970,0.0023605735041201115
4,312,5971,0.023288872092962265
4,313,5972,0.04643061384558678
4,314,5973,0.1023610457777977
4,315,5974,0.06256230175495148
4,316,5975,0.17120443284511566
4,317,5976,0.23728761076927185
4,318,5977,0.017180977389216423
4,319,5978,0.04137065261602402
4,320,5979,0.030481841415166855
4,321,5980,0.07994738966226578
4,322,5981,0.12954366207122803
4,323,5982,0.0945124551653862
4,324,5983,0.015490377321839333
4,325,5984,0.07442369312047958
4,326,5985,0.10236405581235886
4,327,5986,0.044085584580898285
4,328,5987,0.018590668216347694
4,329,5988,0.023584609851241112
4,330,5989,0.11047793179750443
4,331,5990,0.02900633029639721
4,332,5991,0.05501045659184456
4,333,5992,0.05768132209777832
4,334,5993,0.04452328756451607
4,335,5994,0.053485311567783356
4,336,5995,0.11263991892337799
4,337,5996,0.035510845482349396
4,338,5997,0.13150374591350555
4,339,5998,0.052459340542554855
4,340,5999,0.021580219268798828
4,341,6000,0.06375502049922943
4,342,6001,0.06686863303184509
4,343,6002,0.015373474918305874
4,344,6003,0.1301056444644928
4,345,6004,0.035933613777160645
4,346,6005,0.07018937170505524
4,347,6006,0.04905587434768677
4,348,6007,0.08501046150922775
4,349,6008,0.029496751725673676
4,350,6009,0.07066609710454941
4,351,6010,0.08041173219680786
4,352,6011,0.07221599668264389
4,353,6012,0.03125983849167824
4,354,6013,0.06630388647317886
4,355,6014,0.09108001738786697
4,356,6015,0.05926674231886864
4,357,6016,0.06914706528186798
4,358,6017,0.01573624648153782
4,359,6018,0.04927556961774826
4,360,6019,0.012629440054297447
4,361,6020,0.051855411380529404
4,362,6021,0.07944970577955246
4,363,6022,0.0122599545866251
4,364,6023,0.012622172012925148
4,365,6024,0.08115135878324509
4,366,6025,0.05397671461105347
4,367,6026,0.019728483632206917
4,368,6027,0.06765031814575195
4,369,6028,0.04325806722044945
4,370,6029,0.07932435721158981
4,371,6030,0.05395274609327316
4,372,6031,0.11044395714998245
4,373,6032,0.0871148556470871
4,374,6033,0.04027819260954857
4,375,6034,0.05394523963332176
4,376,6035,0.030133716762065887
4,377,6036,0.020665785297751427
4,378,6037,0.0905122384428978
4,379,6038,0.09272833168506622
4,380,6039,0.034819528460502625
4,381,6040,0.092482790350914
4,382,6041,0.11228597164154053
4,383,6042,0.08486144244670868
4,384,6043,0.05528794601559639
4,385,6044,0.013198388740420341
4,386,6045,0.024434873834252357
4,387,6046,0.051959093660116196
4,388,6047,0.10409025847911835
4,389,6048,0.0040081520564854145
4,390,6049,0.0941937044262886
4,391,6050,0.04115365073084831
4,392,6051,0.03387640789151192
4,393,6052,0.06435752660036087
4,394,6053,0.023630496114492416
4,395,6054,0.07888050377368927
4,396,6055,0.06717604398727417
4,397,6056,0.01565667614340782
4,398,6057,0.07098362594842911
4,399,6058,0.06467898935079575
4,400,6059,0.09238974004983902
4,401,6060,0.015588509850203991
4,402,6061,0.025302408263087273
4,403,6062,0.05971416458487511
4,404,6063,0.033581219613552094
4,405,6064,0.08686951547861099
4,406,6065,0.16384924948215485
4,407,6066,0.09193425625562668
4,408,6067,0.08142849802970886
4,409,6068,0.026273630559444427
4,410,6069,0.017314037308096886
4,411,6070,0.045358236879110336
4,412,6071,0.04345402121543884
4,413,6072,0.011061592027544975
4,414,6073,0.062037184834480286
4,415,6074,0.07684822380542755
4,416,6075,0.014162346720695496
4,417,6076,0.029818598181009293
4,418,6077,0.012779469601809978
4,419,6078,0.0532456673681736
4,420,6079,0.12839585542678833
4,421,6080,0.06947499513626099
4,422,6081,0.020122306421399117
4,423,6082,0.06021271273493767
4,424,6083,0.11811292171478271
4,425,6084,0.024676980450749397
4,426,6085,0.04382157325744629
4,427,6086,0.05782565474510193
4,428,6087,0.16860996186733246
4,429,6088,0.08510777354240417
4,430,6089,0.015273315832018852
4,431,6090,0.016712356358766556
4,432,6091,0.06057525426149368
4,433,6092,0.05371473729610443
4,434,6093,0.011447558179497719
4,435,6094,0.06591968238353729
4,436,6095,0.007506978698074818
4,437,6096,0.08556406944990158
4,438,6097,0.0687667727470398
4,439,6098,0.12414425611495972
4,440,6099,0.04856540635228157
4,441,6100,0.025146715342998505
4,442,6101,0.058992739766836166
4,443,6102,0.0934755727648735
4,444,6103,0.04541865363717079
4,445,6104,0.1316678524017334
4,446,6105,0.1230359748005867
4,447,6106,0.029125690460205078
4,448,6107,0.01570713147521019
4,449,6108,0.08628480136394501
4,450,6109,0.21825094521045685
4,451,6110,0.04867924004793167
4,452,6111,0.020247595384716988
4,453,6112,0.07002928107976913
4,454,6113,0.08837185800075531
4,455,6114,0.1419769525527954
4,456,6115,0.07332418859004974
4,457,6116,0.10414380580186844
4,458,6117,0.028117243200540543
4,459,6118,0.024549050256609917
4,460,6119,0.037458423525094986
4,461,6120,0.044795822352170944
4,462,6121,0.04416465386748314
4,463,6122,0.06363789737224579
4,464,6123,0.09668442606925964
4,465,6124,0.009397096000611782
4,466,6125,0.0028929568361490965
4,467,6126,0.02229123003780842
4,468,6127,0.09093471616506577
4,469,6128,0.010116768069565296
4,470,6129,0.026562616229057312
4,471,6130,0.12879444658756256
4,472,6131,0.07223989069461823
4,473,6132,0.025730302557349205
4,474,6133,0.14904597401618958
4,475,6134,0.13334393501281738
4,476,6135,0.10870710015296936
4,477,6136,0.06554614752531052
4,478,6137,0.0554778054356575
4,479,6138,0.04487390071153641
4,480,6139,0.02000565081834793
4,481,6140,0.08714843541383743
4,482,6141,0.05124823749065399
4,483,6142,0.05970514565706253
4,484,6143,0.06862682849168777
4,485,6144,0.11992470920085907
4,486,6145,0.06909682601690292
4,487,6146,0.012103519402444363
4,488,6147,0.13828620314598083
4,489,6148,0.0825573280453682
4,490,6149,0.06083716079592705
4,491,6150,0.09067802131175995
4,492,6151,0.07962299138307571
4,493,6152,0.032308172434568405
4,494,6153,0.13199318945407867
4,495,6154,0.03204406052827835
4,496,6155,0.09017451852560043
4,497,6156,0.06071803718805313
4,498,6157,0.02080969698727131
4,499,6158,0.07521174103021622
4,500,6159,0.01180723775178194
4,501,6160,0.009214659221470356
4,502,6161,0.05356907844543457
4,503,6162,0.12299074977636337
4,504,6163,0.06766905635595322
4,505,6164,0.10982649773359299
4,506,6165,0.026348115876317024
4,507,6166,0.09548008441925049
4,508,6167,0.05187784880399704
4,509,6168,0.048973169177770615
4,510,6169,0.06242313235998154
4,511,6170,0.026283904910087585
4,512,6171,0.0343082956969738
4,513,6172,0.05086302012205124
4,514,6173,0.036370936781167984
4,515,6174,0.06503360718488693
4,516,6175,0.08917859196662903
4,517,6176,0.030183954164385796
4,518,6177,0.02600262686610222
4,519,6178,0.036877188831567764
4,520,6179,0.0757407620549202
4,521,6180,0.03249404579401016
4,522,6181,0.024664346128702164
4,523,6182,0.02108343504369259
4,524,6183,0.032420188188552856
4,525,6184,0.05094913765788078
4,526,6185,0.0753847286105156
4,527,6186,0.02407943829894066
4,528,6187,0.06433691084384918
4,529,6188,0.058751340955495834
4,530,6189,0.08548483997583389
4,531,6190,0.04312025010585785
4,532,6191,0.006501866038888693
4,533,6192,0.014806652441620827
4,534,6193,0.050728220492601395
4,535,6194,0.08679451048374176
4,536,6195,0.03379564359784126
4,537,6196,0.07558757811784744
4,538,6197,0.029841454699635506
4,539,6198,0.027900787070393562
4,540,6199,0.03535090759396553
4,541,6200,0.08299538493156433
4,542,6201,0.11293099075555801
4,543,6202,0.1250401735305786
4,544,6203,0.014656974002718925
4,545,6204,0.0693238377571106
4,546,6205,0.12083035707473755
4,547,6206,0.012455410324037075
4,548,6207,0.0326586477458477
4,549,6208,0.07902231812477112
4,550,6209,0.014475139789283276
4,551,6210,0.07102367281913757
4,552,6211,0.0761040523648262
4,553,6212,0.056811586022377014
4,554,6213,0.019072532653808594
4,555,6214,0.05804724991321564
4,556,6215,0.03214208781719208
4,557,6216,0.04430671036243439
4,558,6217,0.05063540115952492
4,559,6218,0.1093139573931694
4,560,6219,0.047736410051584244
4,561,6220,0.04777852073311806
4,562,6221,0.03219512104988098
4,563,6222,0.048408083617687225
4,564,6223,0.09941954910755157
4,565,6224,0.019368793815374374
4,566,6225,0.07053223252296448
4,567,6226,0.12781594693660736
4,568,6227,0.13361911475658417
4,569,6228,0.05195203050971031
4,570,6229,0.06898768991231918
4,571,6230,0.1108083501458168
4,572,6231,0.056271281093358994
4,573,6232,0.02291611209511757
4,574,6233,0.09785182774066925
4,575,6234,0.027371598407626152
4,576,6235,0.07116105407476425
4,577,6236,0.04704940691590309
4,578,6237,0.04509318992495537
4,579,6238,0.0204816572368145
4,580,6239,0.016981912776827812
4,581,6240,0.046276118606328964
4,582,6241,0.09603457897901535
4,583,6242,0.017615385353565216
4,584,6243,0.021759260445833206
4,585,6244,0.020417828112840652
4,586,6245,0.010381399653851986
4,587,6246,0.05143992602825165
4,588,6247,0.07142319530248642
4,589,6248,0.052326712757349014
4,590,6249,0.04685753211379051
4,591,6250,0.021677570417523384
4,592,6251,0.08140576630830765
4,593,6252,0.08533253520727158
4,594,6253,0.0320301316678524
4,595,6254,0.10565707087516785
4,596,6255,0.05420786514878273
4,597,6256,0.07351367920637131
4,598,6257,0.04733094573020935
4,599,6258,0.04844071343541145
4,600,6259,0.01733246259391308
4,601,6260,0.025154616683721542
4,602,6261,0.013882379978895187
4,603,6262,0.10067585110664368
4,604,6263,0.030878737568855286
4,605,6264,0.09079093486070633
4,606,6265,0.09059515595436096
4,607,6266,0.08867649734020233
4,608,6267,0.04686739295721054
4,609,6268,0.07833859324455261
4,610,6269,0.033600520342588425
4,611,6270,0.06710518151521683
4,612,6271,0.040085386484861374
4,613,6272,0.13715007901191711
4,614,6273,0.05300218239426613
4,615,6274,0.0206681489944458
4,616,6275,0.031919222325086594
4,617,6276,0.0216546431183815
4,618,6277,0.00610584020614624
4,619,6278,0.016795383766293526
4,620,6279,0.029236258938908577
4,621,6280,0.0475459098815918
4,622,6281,0.0031777427066117525
4,623,6282,0.052432991564273834
4,624,6283,0.023839684203267097
4,625,6284,0.00605591107159853
4,626,6285,0.017743196338415146
4,627,6286,0.06366576999425888
4,628,6287,0.009807555004954338
4,629,6288,0.020356349647045135
4,630,6289,0.015628190711140633
4,631,6290,0.020163193345069885
4,632,6291,0.0086507024243474
4,633,6292,0.005225716158747673
4,634,6293,0.03722988814115524
4,635,6294,0.023519547656178474
4,636,6295,0.02607431821525097
4,637,6296,0.045958083122968674
4,638,6297,0.11170496791601181
4,639,6298,0.009896309114992619
4,640,6299,0.05484411492943764
4,641,6300,0.02627829648554325
4,642,6301,0.07200485467910767
4,643,6302,0.039535801857709885
4,644,6303,0.05007586255669594
4,645,6304,0.017518943175673485
4,646,6305,0.04352850094437599
4,647,6306,0.017677830532193184
4,648,6307,0.013761324808001518
4,649,6308,0.005183315835893154
4,650,6309,0.038406334817409515
4,651,6310,0.051701128482818604
4,652,6311,0.023813869804143906
4,653,6312,0.03688564524054527
4,654,6313,0.006324772257357836
4,655,6314,0.08793604373931885
4,656,6315,0.019348273053765297
4,657,6316,0.09088649600744247
4,658,6317,0.04173998534679413
4,659,6318,0.01244884543120861
4,660,6319,0.0647192895412445
4,661,6320,0.0986010879278183
4,662,6321,0.023757053539156914
4,663,6322,0.04999658092856407
4,664,6323,0.025735413655638695
4,665,6324,0.007731559686362743
4,666,6325,0.09766533970832825
4,667,6326,0.037529390305280685
4,668,6327,0.0074730245396494865
4,669,6328,0.05573098734021187
4,670,6329,0.06002097949385643
4,671,6330,0.0734851285815239
4,672,6331,0.04377875477075577
4,673,6332,0.03850962594151497
4,674,6333,0.05183914303779602
4,675,6334,0.10069958120584488
4,676,6335,0.10568492859601974
4,677,6336,0.08891553431749344
4,678,6337,0.03057810664176941
4,679,6338,0.06113675981760025
4,680,6339,0.13136141002178192
4,681,6340,0.05477498099207878
4,682,6341,0.0377269983291626
4,683,6342,0.06058995798230171
4,684,6343,0.024478765204548836
4,685,6344,0.0600595660507679
4,686,6345,0.049099382013082504
4,687,6346,0.022157281637191772
4,688,6347,0.05363577976822853
4,689,6348,0.04997829720377922
4,690,6349,0.03936130553483963
4,691,6350,0.08185028284788132
4,692,6351,0.05322946980595589
4,693,6352,0.08051830530166626
4,694,6353,0.018997643142938614
4,695,6354,0.16096828877925873
4,696,6355,0.032924994826316833
4,697,6356,0.04049145057797432
4,698,6357,0.05844954773783684
4,699,6358,0.008794382214546204
4,700,6359,0.04676072299480438
4,701,6360,0.036536749452352524
4,702,6361,0.10099603980779648
4,703,6362,0.03679291903972626
4,704,6363,0.04819434508681297
4,705,6364,0.06022177264094353
4,706,6365,0.0497189536690712
4,707,6366,0.03344421461224556
4,708,6367,0.14759378135204315
4,709,6368,0.09726652503013611
4,710,6369,0.09582526981830597
4,711,6370,0.051125891506671906
4,712,6371,0.05203384906053543
4,713,6372,0.20227596163749695
4,714,6373,0.04254639521241188
4,715,6374,0.04199659451842308
4,716,6375,0.04609095677733421
4,717,6376,0.10937409102916718
4,718,6377,0.025802677497267723
4,719,6378,0.07348289340734482
4,720,6379,0.06618993729352951
4,721,6380,0.0031874505802989006
4,722,6381,0.11969073116779327
4,723,6382,0.06285874545574188
4,724,6383,0.14048483967781067
4,725,6384,0.025555124506354332
4,726,6385,0.10348833352327347
4,727,6386,0.018559424206614494
4,728,6387,0.07379584014415741
4,729,6388,0.11576726287603378
4,730,6389,0.036072250455617905
4,731,6390,0.029709674417972565
4,732,6391,0.027185412123799324
4,733,6392,0.059941284358501434
4,734,6393,0.00560287619009614
4,735,6394,0.006971432361751795
4,736,6395,0.033007800579071045
4,737,6396,0.21154391765594482
4,738,6397,0.018685733899474144
4,739,6398,0.07747842371463776
4,740,6399,0.014981693588197231
4,741,6400,0.033566396683454514
4,742,6401,0.029204897582530975
4,743,6402,0.06339863687753677
4,744,6403,0.07453253865242004
4,745,6404,0.04298672825098038
4,746,6405,0.006918397732079029
4,747,6406,0.024043764919042587
4,748,6407,0.015650922432541847
4,749,6408,0.03822492063045502
4,750,6409,0.016466055065393448
4,751,6410,0.08698997646570206
4,752,6411,0.0640484020113945
4,753,6412,0.12822796404361725
4,754,6413,0.08816427737474442
4,755,6414,0.009781674481928349
4,756,6415,0.021761532872915268
4,757,6416,0.02641880512237549
4,758,6417,0.10603403300046921
4,759,6418,0.03596162423491478
4,760,6419,0.08019038289785385
4,761,6420,0.012500319629907608
4,762,6421,0.07086936384439468
4,763,6422,0.0576915368437767
4,764,6423,0.010551763698458672
4,765,6424,0.030128125101327896
4,766,6425,0.031822629272937775
4,767,6426,0.013482531532645226
4,768,6427,0.16772019863128662
4,769,6428,0.029965991154313087
4,770,6429,0.006472079083323479
4,771,6430,0.02164149470627308
4,772,6431,0.10033520311117172
4,773,6432,0.007268588524311781
4,774,6433,0.026445921510457993
4,775,6434,0.026816578581929207
4,776,6435,0.005684271454811096
4,777,6436,0.04721684008836746
4,778,6437,0.09529179334640503
4,779,6438,0.023633044213056564
4,780,6439,0.06054500862956047
4,781,6440,0.08223845064640045
4,782,6441,0.012209296226501465
4,783,6442,0.02917918749153614
4,784,6443,0.08290338516235352
4,785,6444,0.022614678367972374
4,786,6445,0.011839854530990124
4,787,6446,0.046368930488824844
4,788,6447,0.048209235072135925
4,789,6448,0.01460222713649273
4,790,6449,0.07800464332103729
4,791,6450,0.013474753126502037
4,792,6451,0.037723783403635025
4,793,6452,0.03271552920341492
4,794,6453,0.07049407064914703
4,795,6454,0.013427804224193096
4,796,6455,0.03333239629864693
4,797,6456,0.14217987656593323
4,798,6457,0.0022291375789791346
4,799,6458,0.01885927841067314
4,800,6459,0.0803057849407196
4,801,6460,0.009384776465594769
4,802,6461,0.08421816676855087
4,803,6462,0.03720806911587715
4,804,6463,0.11175559461116791
4,805,6464,0.06186079606413841
4,806,6465,0.1398451179265976
4,807,6466,0.1969035267829895
4,808,6467,0.0560295395553112
4,809,6468,0.06559108942747116
4,810,6469,0.07449432462453842
4,811,6470,0.018421286717057228
4,812,6471,0.05292725935578346
4,813,6472,0.017732171341776848
4,814,6473,0.02260732091963291
4,815,6474,0.12784020602703094
4,816,6475,0.06850188225507736
4,817,6476,0.12273282557725906
4,818,6477,0.011547626927495003
4,819,6478,0.010959353297948837
4,820,6479,0.11878784745931625
4,821,6480,0.10756384581327438
4,822,6481,0.03303765878081322
4,823,6482,0.11636605113744736
4,824,6483,0.08360216021537781
4,825,6484,0.019767096266150475
4,826,6485,0.06109723448753357
4,827,6486,0.036340683698654175
4,828,6487,0.029572119936347008
4,829,6488,0.026560740545392036
4,830,6489,0.1093011125922203
4,831,6490,0.04361819848418236
4,832,6491,0.03627922013401985
4,833,6492,0.02873247116804123
4,834,6493,0.02142425812780857
4,835,6494,0.005743286572396755
4,836,6495,0.018707649782299995
4,837,6496,0.060821179300546646
4,838,6497,0.028789106756448746
4,839,6498,0.07711180299520493
4,840,6499,0.07056883722543716
4,841,6500,0.0643235370516777
4,842,6501,0.04133531451225281
4,843,6502,0.02769789658486843
4,844,6503,0.009672882966697216
4,845,6504,0.03920718654990196
4,846,6505,0.08683595806360245
4,847,6506,0.03253661468625069
4,848,6507,0.19482378661632538
4,849,6508,0.022537043318152428
4,850,6509,0.046940404921770096
4,851,6510,0.008910490199923515
4,852,6511,0.05560079589486122
4,853,6512,0.019364381209015846
4,854,6513,0.11167597025632858
4,855,6514,0.042984917759895325
4,856,6515,0.018196092918515205
4,857,6516,0.048707716166973114
4,858,6517,0.07198387384414673
4,859,6518,0.11989928036928177
4,860,6519,0.04859824478626251
4,861,6520,0.01620732806622982
4,862,6521,0.032473061233758926
4,863,6522,0.05285993963479996
4,864,6523,0.029957154765725136
4,865,6524,0.0021585659123957157
4,866,6525,0.005498356651514769
4,867,6526,0.04138442873954773
4,868,6527,0.21674448251724243
4,869,6528,0.011552915908396244
4,870,6529,0.027929365634918213
4,871,6530,0.05319339409470558
4,872,6531,0.04339109733700752
4,873,6532,0.07045028358697891
4,874,6533,0.05112617462873459
4,875,6534,0.020121760666370392
4,876,6535,0.09488902240991592
4,877,6536,0.05468297749757767
4,878,6537,0.04303508996963501
4,879,6538,0.12022394686937332
4,880,6539,0.04877886548638344
4,881,6540,0.03851692005991936
4,882,6541,0.0719282329082489
4,883,6542,0.01152738556265831
4,884,6543,0.07729111611843109
4,885,6544,0.060001760721206665
4,886,6545,0.04179658740758896
4,887,6546,0.033461686223745346
4,888,6547,0.02369280532002449
4,889,6548,0.10535475611686707
4,890,6549,0.05962863191962242
4,891,6550,0.0028887137304991484
4,892,6551,0.0017705245409160852
4,893,6552,0.007841186597943306
4,894,6553,0.0816178247332573
4,895,6554,0.0396207831799984
4,896,6555,0.10625027120113373
4,897,6556,0.10053574293851852
4,898,6557,0.011711710132658482
4,899,6558,0.0547686442732811
4,900,6559,0.15863364934921265
4,901,6560,0.08364379405975342
4,902,6561,0.05834418907761574
4,903,6562,0.032144784927368164
4,904,6563,0.07790353149175644
4,905,6564,0.037583570927381516
4,906,6565,0.08189234882593155
4,907,6566,0.06597831100225449
4,908,6567,0.06381229311227798
4,909,6568,0.01118345744907856
4,910,6569,0.010757972486317158
4,911,6570,0.034471455961465836
4,912,6571,0.022899841889739037
4,913,6572,0.00158496736548841
4,914,6573,0.08520571887493134
4,915,6574,0.028146039694547653
4,916,6575,0.008191262371838093
4,917,6576,0.010829071514308453
4,918,6577,0.015869271010160446
4,919,6578,0.01984374038875103
4,920,6579,0.14850391447544098
4,921,6580,0.05947481840848923
4,922,6581,0.012617822736501694
4,923,6582,0.05468308925628662
4,924,6583,0.018832959234714508
4,925,6584,0.08122293651103973
4,926,6585,0.01056421734392643
4,927,6586,0.1090272068977356
4,928,6587,0.04441600292921066
4,929,6588,0.026744306087493896
4,930,6589,0.09723968803882599
4,931,6590,0.10502342879772186
4,932,6591,0.055879272520542145
4,933,6592,0.15017807483673096
4,934,6593,0.13068673014640808
4,935,6594,0.022934339940547943
4,936,6595,0.07091275602579117
4,937,6596,0.02614421397447586
4,938,6597,0.020899135619401932
4,939,6598,0.018265018239617348
4,940,6599,0.0014955749502405524
4,941,6600,0.06997638195753098
4,942,6601,0.099152572453022
4,943,6602,0.029975878074765205
4,944,6603,0.07638292759656906
4,945,6604,0.11578015983104706
4,946,6605,0.12700574100017548
4,947,6606,0.027995677664875984
4,948,6607,0.012693231925368309
4,949,6608,0.0958438292145729
4,950,6609,0.04952080547809601
4,951,6610,0.1205279752612114
4,952,6611,0.04332627356052399
4,953,6612,0.07167032361030579
4,954,6613,0.12558400630950928
4,955,6614,0.06963490694761276
4,956,6615,0.033011820167303085
4,957,6616,0.12213028967380524
4,958,6617,0.01808050461113453
4,959,6618,0.0594368577003479
4,960,6619,0.1113358661532402
4,961,6620,0.04517044499516487
4,962,6621,0.032276663929224014
4,963,6622,0.07720855623483658
4,964,6623,0.07263600826263428
4,965,6624,0.018336504697799683
4,966,6625,0.18344251811504364
4,967,6626,0.058099713176488876
4,968,6627,0.11988992989063263
4,969,6628,0.03927841782569885
4,970,6629,0.028227392584085464
4,971,6630,0.040195662528276443
4,972,6631,0.009888227097690105
4,973,6632,0.0968884825706482
4,974,6633,0.11086336523294449
4,975,6634,0.03347661346197128
4,976,6635,0.03395386412739754
4,977,6636,0.09017203003168106
4,978,6637,0.0830092653632164
4,979,6638,0.05537879094481468
4,980,6639,0.0626707449555397
4,981,6640,0.0397152304649353
4,982,6641,0.029739081859588623
4,983,6642,0.022199036553502083
4,984,6643,0.10636880993843079
4,985,6644,0.0418170802295208
4,986,6645,0.06438079476356506
4,987,6646,0.10412190109491348
4,988,6647,0.025125445798039436
4,989,6648,0.033499330282211304
4,990,6649,0.0269755981862545
4,991,6650,0.027013089507818222
4,992,6651,0.02099471166729927
4,993,6652,0.02361440286040306
4,994,6653,0.11373984813690186
4,995,6654,0.04122377559542656
4,996,6655,0.04180559143424034
4,997,6656,0.0079159801825881
4,998,6657,0.00493896659463644
4,999,6658,0.014573117718100548
4,1000,6659,0.07329721748828888
4,1001,6660,0.0772072970867157
4,1002,6661,0.053619977086782455
4,1003,6662,0.11164582520723343
4,1004,6663,0.005366168916225433
4,1005,6664,0.03344014659523964
4,1006,6665,0.057702939957380295
4,1007,6666,0.04575840383768082
4,1008,6667,0.04007745534181595
4,1009,6668,0.05941982567310333
4,1010,6669,0.05294180288910866
4,1011,6670,0.06124386563897133
4,1012,6671,0.041537944227457047
4,1013,6672,0.04351544752717018
4,1014,6673,0.06022284924983978
4,1015,6674,0.057371191680431366
4,1016,6675,0.05157505348324776
4,1017,6676,0.02037087455391884
4,1018,6677,0.02090361714363098
4,1019,6678,0.037598248571157455
4,1020,6679,0.011066778562963009
4,1021,6680,0.08408310264348984
4,1022,6681,0.05922870710492134
4,1023,6682,0.04417458921670914
4,1024,6683,0.012718853540718555
4,1025,6684,0.02414843812584877
4,1026,6685,0.016070280224084854
4,1027,6686,0.08109326660633087
4,1028,6687,0.15400905907154083
4,1029,6688,0.0552840493619442
4,1030,6689,0.05072357878088951
4,1031,6690,0.0378512367606163
4,1032,6691,0.010250869207084179
4,1033,6692,0.0466134212911129
4,1034,6693,0.02884630300104618
4,1035,6694,0.06337065249681473
4,1036,6695,0.012238001450896263
4,1037,6696,0.03333490341901779
4,1038,6697,0.060688260942697525
4,1039,6698,0.06932342797517776
4,1040,6699,0.04923431575298309
4,1041,6700,0.026701794937253
4,1042,6701,0.11770139634609222
4,1043,6702,0.02856677770614624
4,1044,6703,0.014886543154716492
4,1045,6704,0.014553344808518887
4,1046,6705,0.0971718281507492
4,1047,6706,0.010229778476059437
4,1048,6707,0.06709378212690353
4,1049,6708,0.13473613560199738
4,1050,6709,0.04874579235911369
4,1051,6710,0.0638563483953476
4,1052,6711,0.009461188688874245
4,1053,6712,0.03396212309598923
4,1054,6713,0.1114543005824089
4,1055,6714,0.02478484995663166
4,1056,6715,0.053728025406599045
4,1057,6716,0.013939116150140762
4,1058,6717,0.01629844307899475
4,1059,6718,0.05833239108324051
4,1060,6719,0.009137687273323536
4,1061,6720,0.005782423075288534
4,1062,6721,0.021640466526150703
4,1063,6722,0.029323669150471687
4,1064,6723,0.06254153698682785
4,1065,6724,0.013676044531166553
4,1066,6725,0.05990446358919144
4,1067,6726,0.09023252129554749
4,1068,6727,0.18661664426326752
4,1069,6728,0.029967444017529488
4,1070,6729,0.12041774392127991
4,1071,6730,0.010490255430340767
4,1072,6731,0.05378766730427742
4,1073,6732,0.05843811854720116
4,1074,6733,0.03374199941754341
4,1075,6734,0.10850893706083298
4,1076,6735,0.024946654215455055
4,1077,6736,0.04656391963362694
4,1078,6737,0.01603272743523121
4,1079,6738,0.11061138659715652
4,1080,6739,0.14378193020820618
4,1081,6740,0.04254976287484169
4,1082,6741,0.04723726958036423
4,1083,6742,0.03127593919634819
4,1084,6743,0.07604615390300751
4,1085,6744,0.02432340569794178
4,1086,6745,0.022042101249098778
4,1087,6746,0.06244742125272751
4,1088,6747,0.07705128192901611
4,1089,6748,0.09878946840763092
4,1090,6749,0.0676177442073822
4,1091,6750,0.03530328348278999
4,1092,6751,0.031312670558691025
4,1093,6752,0.06853324919939041
4,1094,6753,0.008225524798035622
4,1095,6754,0.06775718927383423
4,1096,6755,0.007120554335415363
4,1097,6756,0.032652366906404495
4,1098,6757,0.0920129269361496
4,1099,6758,0.025788595899939537
4,1100,6759,0.018722286447882652
4,1101,6760,0.04726097732782364
4,1102,6761,0.031430698931217194
4,1103,6762,0.03909476473927498
4,1104,6763,0.05400814488530159
4,1105,6764,0.029184583574533463
4,1106,6765,0.014542847871780396
4,1107,6766,0.03508841246366501
4,1108,6767,0.03111412189900875
4,1109,6768,0.06347686052322388
4,1110,6769,0.033584412187337875
4,1111,6770,0.010461357422173023
4,1112,6771,0.07935309410095215
4,1113,6772,0.05250491946935654
4,1114,6773,0.1543799191713333
4,1115,6774,0.036047376692295074
4,1116,6775,0.00680586788803339
4,1117,6776,0.025856342166662216
4,1118,6777,0.0322171114385128
4,1119,6778,0.024487031623721123
4,1120,6779,0.07995868474245071
4,1121,6780,0.0108048589900136
4,1122,6781,0.024928204715251923
4,1123,6782,0.14253194630146027
4,1124,6783,0.0473981648683548
4,1125,6784,0.042067959904670715
4,1126,6785,0.02916722744703293
4,1127,6786,0.05971742048859596
4,1128,6787,0.01295669935643673
4,1129,6788,0.02208397351205349
4,1130,6789,0.07219557464122772
4,1131,6790,0.010174119845032692
4,1132,6791,0.023468106985092163
4,1133,6792,0.02174452692270279
4,1134,6793,0.016124367713928223
4,1135,6794,0.06825526058673859
4,1136,6795,0.019706815481185913
4,1137,6796,0.09723687916994095
4,1138,6797,0.014633300714194775
4,1139,6798,0.010280641727149487
4,1140,6799,0.049535974860191345
4,1141,6800,0.041989754885435104
4,1142,6801,0.005452271085232496
4,1143,6802,0.02635784074664116
4,1144,6803,0.036214105784893036
4,1145,6804,0.02962745726108551
4,1146,6805,0.04556784778833389
4,1147,6806,0.010842802003026009
4,1148,6807,0.018972747027873993
4,1149,6808,0.03135652467608452
4,1150,6809,0.015529421158134937
4,1151,6810,0.05415230989456177
4,1152,6811,0.02753165178000927
4,1153,6812,0.012026501819491386
4,1154,6813,0.017051680013537407
4,1155,6814,0.011800768785178661
4,1156,6815,0.028266064822673798
4,1157,6816,0.007893391884863377
4,1158,6817,0.008114396594464779
4,1159,6818,0.03372633084654808
4,1160,6819,0.02366325818002224
4,1161,6820,0.10537119209766388
4,1162,6821,0.05542224645614624
4,1163,6822,0.06034648045897484
4,1164,6823,0.05605890974402428
4,1165,6824,0.038920480757951736
4,1166,6825,0.05108954757452011
4,1167,6826,0.013472029007971287
4,1168,6827,0.060346949845552444
4,1169,6828,0.009614814072847366
4,1170,6829,0.029213005676865578
4,1171,6830,0.016012636944651604
4,1172,6831,0.023328455165028572
4,1173,6832,0.1027265414595604
4,1174,6833,0.031899578869342804
4,1175,6834,0.008349878713488579
4,1176,6835,0.1579148769378662
4,1177,6836,0.083411306142807
4,1178,6837,0.06202415004372597
4,1179,6838,0.007601706311106682
4,1180,6839,0.009125453419983387
4,1181,6840,0.055660948157310486
4,1182,6841,0.08397629112005234
4,1183,6842,0.0196080319583416
4,1184,6843,0.02343972958624363
4,1185,6844,0.09528478235006332
4,1186,6845,0.05194956436753273
4,1187,6846,0.04978121444582939
4,1188,6847,0.04778799042105675
4,1189,6848,0.039026860147714615
4,1190,6849,0.02306627482175827
4,1191,6850,0.016893919557332993
4,1192,6851,0.014124160632491112
4,1193,6852,0.022233648225665092
4,1194,6853,0.08845484256744385
4,1195,6854,0.053107261657714844
4,1196,6855,0.05669191852211952
4,1197,6856,0.03919139504432678
4,1198,6857,0.018710726872086525
4,1199,6858,0.061514515429735184
4,1200,6859,0.06320392340421677
4,1201,6860,0.051433172076940536
4,1202,6861,0.047696247696876526
4,1203,6862,0.006383189931511879
4,1204,6863,0.02634085714817047
4,1205,6864,0.014387712813913822
4,1206,6865,0.04732581973075867
4,1207,6866,0.019833987578749657
4,1208,6867,0.025028081610798836
4,1209,6868,0.20027241110801697
4,1210,6869,0.0658191591501236
4,1211,6870,0.011564146727323532
4,1212,6871,0.017647812142968178
4,1213,6872,0.02655750885605812
4,1214,6873,0.03138645738363266
4,1215,6874,0.030999986454844475
4,1216,6875,0.037531886249780655
4,1217,6876,0.037056371569633484
4,1218,6877,0.05092726647853851
4,1219,6878,0.055762629956007004
4,1220,6879,0.026171080768108368
4,1221,6880,0.04571351036429405
4,1222,6881,0.03090425580739975
4,1223,6882,0.01996961236000061
4,1224,6883,0.08702736347913742
4,1225,6884,0.0598297044634819
4,1226,6885,0.1381935328245163
4,1227,6886,0.046902868896722794
4,1228,6887,0.12380129843950272
4,1229,6888,0.028948871418833733
4,1230,6889,0.0739319771528244
4,1231,6890,0.0043230196461081505
4,1232,6891,0.03771009296178818
4,1233,6892,0.008441601879894733
4,1234,6893,0.030152970924973488
4,1235,6894,0.015053014270961285
4,1236,6895,0.04050952568650246
4,1237,6896,0.05844546854496002
4,1238,6897,0.03940734639763832
4,1239,6898,0.10654505342245102
4,1240,6899,0.1422956883907318
4,1241,6900,0.02980099245905876
4,1242,6901,0.023961221799254417
4,1243,6902,0.0920366421341896
4,1244,6903,0.11787144094705582
4,1245,6904,0.153470978140831
4,1246,6905,0.08662635087966919
4,1247,6906,0.07575973868370056
4,1248,6907,0.017465222626924515
4,1249,6908,0.0814870297908783
4,1250,6909,0.03175865858793259
4,1251,6910,0.07647213339805603
4,1252,6911,0.028098715469241142
4,1253,6912,0.037911511957645416
4,1254,6913,0.0623716339468956
4,1255,6914,0.055759724229574203
4,1256,6915,0.0921725183725357
4,1257,6916,0.012645036913454533
4,1258,6917,0.12818442285060883
4,1259,6918,0.06745362281799316
4,1260,6919,0.0077413772232830524
4,1261,6920,0.026866506785154343
4,1262,6921,0.022359780967235565
4,1263,6922,0.031756192445755005
4,1264,6923,0.056945331394672394
4,1265,6924,0.00924606341868639
4,1266,6925,0.013171039521694183
4,1267,6926,0.006951957941055298
4,1268,6927,0.14152097702026367
4,1269,6928,0.09254314750432968
4,1270,6929,0.011664110235869884
4,1271,6930,0.03754493594169617
4,1272,6931,0.035070858895778656
4,1273,6932,0.026005996391177177
4,1274,6933,0.07154953479766846
4,1275,6934,0.018938787281513214
4,1276,6935,0.015209358185529709
4,1277,6936,0.03015410713851452
4,1278,6937,0.10714367032051086
4,1279,6938,0.03985339403152466
4,1280,6939,0.05297965928912163
4,1281,6940,0.08441776037216187
4,1282,6941,0.05470660701394081
4,1283,6942,0.0022310027852654457
4,1284,6943,0.022537576034665108
4,1285,6944,0.030814731493592262
4,1286,6945,0.010158243589103222
4,1287,6946,0.028697779402136803
4,1288,6947,0.035433635115623474
4,1289,6948,0.046577196568250656
4,1290,6949,0.048627179116010666
4,1291,6950,0.1381731480360031
4,1292,6951,0.030855616554617882
4,1293,6952,0.041062384843826294
4,1294,6953,0.044410768896341324
4,1295,6954,0.057441648095846176
4,1296,6955,0.06681334227323532
4,1297,6956,0.032468393445014954
4,1298,6957,0.059553518891334534
4,1299,6958,0.06138686463236809
4,1300,6959,0.032679226249456406
4,1301,6960,0.09349963068962097
4,1302,6961,0.06428548693656921
4,1303,6962,0.01570289209485054
4,1304,6963,0.02539178915321827
4,1305,6964,0.03404584154486656
4,1306,6965,0.026151210069656372
4,1307,6966,0.00994850229471922
4,1308,6967,0.06626231223344803
4,1309,6968,0.0226751659065485
4,1310,6969,0.14326944947242737
4,1311,6970,0.03292982652783394
4,1312,6971,0.07932896912097931
4,1313,6972,0.00379935628734529
4,1314,6973,0.03066536970436573
4,1315,6974,0.2109929919242859
4,1316,6975,0.0920935720205307
4,1317,6976,0.1243089810013771
4,1318,6977,0.06369821727275848
4,1319,6978,0.1885426640510559
4,1320,6979,0.07642994821071625
4,1321,6980,0.13780362904071808
4,1322,6981,0.03920186311006546
4,1323,6982,0.1616656631231308
4,1324,6983,0.08465608209371567
4,1325,6984,0.02136380784213543
4,1326,6985,0.09744405001401901
4,1327,6986,0.08838950097560883
4,1328,6987,0.06741777062416077
4,1329,6988,0.0272329431027174
4,1330,6989,0.013245495036244392
4,1331,6990,0.06823071837425232
4,1332,6991,0.09070859849452972
4,1333,6992,0.11954860389232635
4,1334,6993,0.08512319624423981
4,1335,6994,0.058594007045030594
4,1336,6995,0.05196511745452881
4,1337,6996,0.014449351467192173
4,1338,6997,0.19495949149131775
4,1339,6998,0.058255840092897415
4,1340,6999,0.03551727905869484
4,1341,7000,0.0628838911652565
4,1342,7001,0.04637877643108368
4,1343,7002,0.023642633110284805
4,1344,7003,0.03364080563187599
4,1345,7004,0.10032479465007782
4,1346,7005,0.006293698213994503
4,1347,7006,0.047823283821344376
4,1348,7007,0.05041449889540672
4,1349,7008,0.03612103313207626
4,1350,7009,0.04417676478624344
4,1351,7010,0.028310159221291542
4,1352,7011,0.06055436655879021
4,1353,7012,0.017490260303020477
4,1354,7013,0.04106816649436951
4,1355,7014,0.010620509274303913
4,1356,7015,0.04140491038560867
4,1357,7016,0.031548503786325455
4,1358,7017,0.07873646914958954
4,1359,7018,0.024608971551060677
4,1360,7019,0.14403913915157318
4,1361,7020,0.02158486843109131
4,1362,7021,0.05597282201051712
4,1363,7022,0.028947126120328903
4,1364,7023,0.1021551862359047
4,1365,7024,0.059254132211208344
4,1366,7025,0.010605506598949432
4,1367,7026,0.04215149208903313
4,1368,7027,0.04439575970172882
4,1369,7028,0.002043874701485038
4,1370,7029,0.023899171501398087
4,1371,7030,0.13342033326625824
4,1372,7031,0.11463801562786102
4,1373,7032,0.018905697390437126
4,1374,7033,0.0246235653758049
4,1375,7034,0.016675535589456558
4,1376,7035,0.07271721214056015
4,1377,7036,0.02721068076789379
4,1378,7037,0.005537664983421564
4,1379,7038,0.0030522586312144995
4,1380,7039,0.13608460128307343
4,1381,7040,0.020093239843845367
4,1382,7041,0.03766506165266037
4,1383,7042,0.033092252910137177
4,1384,7043,0.15362142026424408
4,1385,7044,0.00532576534897089
4,1386,7045,0.004957615863531828
4,1387,7046,0.05677346885204315
4,1388,7047,0.006618391256779432
4,1389,7048,0.06315715610980988
4,1390,7049,0.06549357622861862
4,1391,7050,0.003680232912302017
4,1392,7051,0.02256111428141594
4,1393,7052,0.05055202543735504
4,1394,7053,0.02573608234524727
4,1395,7054,0.04566601291298866
4,1396,7055,0.019585132598876953
4,1397,7056,0.002813322702422738
4,1398,7057,0.13338524103164673
4,1399,7058,0.009653804823756218
4,1400,7059,0.051242128014564514
4,1401,7060,0.04167521744966507
4,1402,7061,0.016202952712774277
4,1403,7062,0.024286769330501556
4,1404,7063,0.020133379846811295
4,1405,7064,0.01626955345273018
4,1406,7065,0.053911853581666946
4,1407,7066,0.036403246223926544
4,1408,7067,0.03421790152788162
4,1409,7068,0.012553155422210693
4,1410,7069,0.04588567465543747
4,1411,7070,0.10576985031366348
4,1412,7071,0.06976490467786789
4,1413,7072,0.08225348591804504
4,1414,7073,0.12579293549060822
4,1415,7074,0.06700888276100159
5,1,7075,0.05688530206680298
5,2,7076,0.016377048566937447
5,3,7077,0.005598383955657482
5,4,7078,0.03948509320616722
5,5,7079,0.013551427982747555
5,6,7080,0.053025539964437485
5,7,7081,0.07636934518814087
5,8,7082,0.04799845069646835
5,9,7083,0.014823419973254204
5,10,7084,0.022188810631632805
5,11,7085,0.022770993411540985
5,12,7086,0.027668040245771408
5,13,7087,0.06807657331228256
5,14,7088,0.03705744445323944
5,15,7089,0.0096690459176898
5,16,7090,0.04995781183242798
5,17,7091,0.023424072191119194
5,18,7092,0.008753359317779541
5,19,7093,0.014419972896575928
5,20,7094,0.08223097026348114
5,21,7095,0.029045360162854195
5,22,7096,0.015551436692476273
5,23,7097,0.044688064604997635
5,24,7098,0.07988111674785614
5,25,7099,0.03215547278523445
5,26,7100,0.05247943475842476
5,27,7101,0.031888797879219055
5,28,7102,0.04916137456893921
5,29,7103,0.05265083163976669
5,30,7104,0.005576733965426683
5,31,7105,0.011737598106265068
5,32,7106,0.053029198199510574
5,33,7107,0.013370972126722336
5,34,7108,0.018986253067851067
5,35,7109,0.02954704314470291
5,36,7110,0.024391992017626762
5,37,7111,0.0145305460318923
5,38,7112,0.03053193911910057
5,39,7113,0.05704353377223015
5,40,7114,0.05039963871240616
5,41,7115,0.008344030939042568
5,42,7116,0.010886738076806068
5,43,7117,0.003557977033779025
5,44,7118,0.042670994997024536
5,45,7119,0.030477279797196388
5,46,7120,0.004798163194209337
5,47,7121,0.081303671002388
5,48,7122,0.013897859491407871
5,49,7123,0.04856109991669655
5,50,7124,0.021122364327311516
5,51,7125,0.04128319025039673
5,52,7126,0.054540008306503296
5,53,7127,0.04842463135719299
5,54,7128,0.02234351821243763
5,55,7129,0.005991135723888874
5,56,7130,0.07373308390378952
5,57,7131,0.028364907950162888
5,58,7132,0.07806558161973953
5,59,7133,0.0027033418882638216
5,60,7134,0.03693632408976555
5,61,7135,0.01005958765745163
5,62,7136,0.005511356983333826
5,63,7137,0.060714833438396454
5,64,7138,0.03992825001478195
5,65,7139,0.018934546038508415
5,66,7140,0.0514923520386219
5,67,7141,0.012601637281477451
5,68,7142,0.01738896407186985
5,69,7143,0.012690740637481213
5,70,7144,0.027780922129750252
5,71,7145,0.06111062318086624
5,72,7146,0.047077082097530365
5,73,7147,0.016279423609375954
5,74,7148,0.09286776185035706
5,75,7149,0.003508777590468526
5,76,7150,0.015774831175804138
5,77,7151,0.0893903598189354
5,78,7152,0.09628719091415405
5,79,7153,0.09936067461967468
5,80,7154,0.00890111830085516
5,81,7155,0.09163039922714233
5,82,7156,0.01717456430196762
5,83,7157,0.12107740342617035
5,84,7158,0.04743492975831032
5,85,7159,0.055492423474788666
5,86,7160,0.024519581347703934
5,87,7161,0.028619084507226944
5,88,7162,0.15601782500743866
5,89,7163,0.04658440873026848
5,90,7164,0.07099705934524536
5,91,7165,0.1026512011885643
5,92,7166,0.0679960697889328
5,93,7167,0.14155785739421844
5,94,7168,0.05094779282808304
5,95,7169,0.02714722603559494
5,96,7170,0.11008308082818985
5,97,7171,0.08486905694007874
5,98,7172,0.07491228729486465
5,99,7173,0.09626778960227966
5,100,7174,0.045394424349069595
5,101,7175,0.0746476948261261
5,102,7176,0.049796074628829956
5,103,7177,0.041114576160907745
5,104,7178,0.017479171976447105
5,105,7179,0.05428825691342354
5,106,7180,0.025132952257990837
5,107,7181,0.029402917250990868
5,108,7182,0.02950497530400753
5,109,7183,0.06338173151016235
5,110,7184,0.046752847731113434
5,111,7185,0.04457242041826248
5,112,7186,0.05325689539313316
5,113,7187,0.0809408500790596
5,114,7188,0.03038954734802246
5,115,7189,0.018647823482751846
5,116,7190,0.037259291857481
5,117,7191,0.04297531023621559
5,118,7192,0.010563436895608902
5,119,7193,0.023896101862192154
5,120,7194,0.033261410892009735
5,121,7195,0.02634427323937416
5,122,7196,0.1667037010192871
5,123,7197,0.009623833931982517
5,124,7198,0.07680657505989075
5,125,7199,0.015842145308852196
5,126,7200,0.019337451085448265
5,127,7201,0.10738839209079742
5,128,7202,0.030379433184862137
5,129,7203,0.01950238272547722
5,130,7204,0.03212412819266319
5,131,7205,0.02572466991841793
5,132,7206,0.04784192889928818
5,133,7207,0.05068765580654144
5,134,7208,0.07743790000677109
5,135,7209,0.01375233568251133
5,136,7210,0.04266699030995369
5,137,7211,0.04295516386628151
5,138,7212,0.03872870281338692
5,139,7213,0.014656099490821362
5,140,7214,0.007720064837485552
5,141,7215,0.024424513801932335
5,142,7216,0.023532796651124954
5,143,7217,0.008063898421823978
5,144,7218,0.044953204691410065
5,145,7219,0.014515907503664494
5,146,7220,0.03403439372777939
5,147,7221,0.1410541981458664
5,148,7222,0.023756345734000206
5,149,7223,0.044482018798589706
5,150,7224,0.037837740033864975
5,151,7225,0.020362643525004387
5,152,7226,0.025069311261177063
5,153,7227,0.058642514050006866
5,154,7228,0.026424333453178406
5,155,7229,0.06581772118806839
5,156,7230,0.025260841473937035
5,157,7231,0.04656648263335228
5,158,7232,0.007315103895962238
5,159,7233,0.005581304896622896
5,160,7234,0.003067621262744069
5,161,7235,0.04239167645573616
5,162,7236,0.051437824964523315
5,163,7237,0.013421079143881798
5,164,7238,0.03556012734770775
5,165,7239,0.08781174570322037
5,166,7240,0.07429564744234085
5,167,7241,0.03622502088546753
5,168,7242,0.034243229776620865
5,169,7243,0.029815949499607086
5,170,7244,0.04408567398786545
5,171,7245,0.0105125205591321
5,172,7246,0.12440521270036697
5,173,7247,0.01463517639786005
5,174,7248,0.014694415964186192
5,175,7249,0.0035451429430395365
5,176,7250,0.04025761038064957
5,177,7251,0.0057273609563708305
5,178,7252,0.04425695538520813
5,179,7253,0.0233005378395319
5,180,7254,0.1212620660662651
5,181,7255,0.08721912652254105
5,182,7256,0.06879931688308716
5,183,7257,0.01144840195775032
5,184,7258,0.034651730209589005
5,185,7259,0.029919041320681572
5,186,7260,0.010013923980295658
5,187,7261,0.028389399871230125
5,188,7262,0.08491817116737366
5,189,7263,0.030040200799703598
5,190,7264,0.20948803424835205
5,191,7265,0.03993118181824684
5,192,7266,0.025613009929656982
5,193,7267,0.01155077014118433
5,194,7268,0.027231672778725624
5,195,7269,0.09080557525157928
5,196,7270,0.018048463389277458
5,197,7271,0.01925775595009327
5,198,7272,0.027407553046941757
5,199,7273,0.034895047545433044
5,200,7274,0.014833205379545689
5,201,7275,0.012961057014763355
5,202,7276,0.07871932536363602
5,203,7277,0.06088566407561302
5,204,7278,0.026285095140337944
5,205,7279,0.0919429361820221
5,206,7280,0.013028556481003761
5,207,7281,0.06269577890634537
5,208,7282,0.07672622054815292
5,209,7283,0.10589060187339783
5,210,7284,0.030548349022865295
5,211,7285,0.049479514360427856
5,212,7286,0.04952836036682129
5,213,7287,0.031141428276896477
5,214,7288,0.02714284509420395
5,215,7289,0.031403880566358566
5,216,7290,0.07377585023641586
5,217,7291,0.023817207664251328
5,218,7292,0.09577223658561707
5,219,7293,0.013405068777501583
5,220,7294,0.037861257791519165
5,221,7295,0.012219995260238647
5,222,7296,0.09318159520626068
5,223,7297,0.012181670404970646
5,224,7298,0.11426341533660889
5,225,7299,0.09202328324317932
5,226,7300,0.016488004475831985
5,227,7301,0.09601777791976929
5,228,7302,0.02360784076154232
5,229,7303,0.034927792847156525
5,230,7304,0.06142054870724678
5,231,7305,0.05104640871286392
5,232,7306,0.03440173715353012
5,233,7307,0.08375710248947144
5,234,7308,0.046485550701618195
5,235,7309,0.04018717631697655
5,236,7310,0.06479480862617493
5,237,7311,0.12070878595113754
5,238,7312,0.012058512307703495
5,239,7313,0.045468807220458984
5,240,7314,0.05550491064786911
5,241,7315,0.024790721014142036
5,242,7316,0.015645591542124748
5,243,7317,0.09028391540050507
5,244,7318,0.027210067957639694
5,245,7319,0.061435576528310776
5,246,7320,0.03326795995235443
5,247,7321,0.011249538511037827
5,248,7322,0.019409170374274254
5,249,7323,0.00656196428462863
5,250,7324,0.010225566104054451
5,251,7325,0.059746935963630676
5,252,7326,0.006120562087744474
5,253,7327,0.08211170881986618
5,254,7328,0.007498181425035
5,255,7329,0.038465071469545364
5,256,7330,0.13424009084701538
5,257,7331,0.08253921568393707
5,258,7332,0.004616124555468559
5,259,7333,0.1054324060678482
5,260,7334,0.053591035306453705
5,261,7335,0.02042180299758911
5,262,7336,0.02913852594792843
5,263,7337,0.012305814772844315
5,264,7338,0.02647646889090538
5,265,7339,0.08854054659605026
5,266,7340,0.011178012937307358
5,267,7341,0.015184995718300343
5,268,7342,0.11691995710134506
5,269,7343,0.007057116366922855
5,270,7344,0.049876321107149124
5,271,7345,0.0096301743760705
5,272,7346,0.08956632763147354
5,273,7347,0.04793589934706688
5,274,7348,0.10795751214027405
5,275,7349,0.02536565437912941
5,276,7350,0.03581352159380913
5,277,7351,0.010861423797905445
5,278,7352,0.013629620894789696
5,279,7353,0.0848255380988121
5,280,7354,0.013682284392416477
5,281,7355,0.021784918382763863
5,282,7356,0.033988870680332184
5,283,7357,0.06374526768922806
5,284,7358,0.009833614341914654
5,285,7359,0.027528993785381317
5,286,7360,0.06521912664175034
5,287,7361,0.01018458791077137
5,288,7362,0.03993597999215126
5,289,7363,0.0036132733803242445
5,290,7364,0.10458432137966156
5,291,7365,0.04935295879840851
5,292,7366,0.007641816046088934
5,293,7367,0.005484201945364475
5,294,7368,0.019445687532424927
5,295,7369,0.017563633620738983
5,296,7370,0.029931621626019478
5,297,7371,0.0711417868733406
5,298,7372,0.11177048832178116
5,299,7373,0.004289868287742138
5,300,7374,0.003441789885982871
5,301,7375,0.017530079931020737
5,302,7376,0.01495864987373352
5,303,7377,0.020625673234462738
5,304,7378,0.0205236803740263
5,305,7379,0.07675684243440628
5,306,7380,0.010433228686451912
5,307,7381,0.11511889100074768
5,308,7382,0.032971009612083435
5,309,7383,0.027255583554506302
5,310,7384,0.02695760317146778
5,311,7385,0.11871504038572311
5,312,7386,0.014397754333913326
5,313,7387,0.0049492414109408855
5,314,7388,0.0747799277305603
5,315,7389,0.016730671748518944
5,316,7390,0.07358487695455551
5,317,7391,0.017164992168545723
5,318,7392,0.03951876610517502
5,319,7393,0.026408601552248
5,320,7394,0.010755497962236404
5,321,7395,0.008839246816933155
5,322,7396,0.03257090598344803
5,323,7397,0.04999634996056557
5,324,7398,0.0673430934548378
5,325,7399,0.014027479104697704
5,326,7400,0.016058681532740593
5,327,7401,0.027663283050060272
5,328,7402,0.14629599452018738
5,329,7403,0.023325972259044647
5,330,7404,0.007837148383259773
5,331,7405,0.03787853196263313
5,332,7406,0.0252593532204628
5,333,7407,0.02132784202694893
5,334,7408,0.024079374969005585
5,335,7409,0.008932759054005146
5,336,7410,0.017082540318369865
5,337,7411,0.0036820583045482635
5,338,7412,0.12885361909866333
5,339,7413,0.007230278570204973
5,340,7414,0.05815470218658447
5,341,7415,0.003966627176851034
5,342,7416,0.05745728686451912
5,343,7417,0.06075173243880272
5,344,7418,0.00439850240945816
5,345,7419,0.12659180164337158
5,346,7420,0.0335686169564724
5,347,7421,0.020009931176900864
5,348,7422,0.01507375668734312
5,349,7423,0.018561339005827904
5,350,7424,0.026336971670389175
5,351,7425,0.01186747569590807
5,352,7426,0.0053766872733831406
5,353,7427,0.06940632313489914
5,354,7428,0.10554873198270798
5,355,7429,0.023668449372053146
5,356,7430,0.007937997579574585
5,357,7431,0.011966542340815067
5,358,7432,0.007589414715766907
5,359,7433,0.0036549970973283052
5,360,7434,0.05161815881729126
5,361,7435,0.04602258652448654
5,362,7436,0.0663139596581459
5,363,7437,0.01119790319353342
5,364,7438,0.014193913899362087
5,365,7439,0.005616157315671444
5,366,7440,0.05052328482270241
5,367,7441,0.007251172326505184
5,368,7442,0.004092618357390165
5,369,7443,0.0844954252243042
5,370,7444,0.02185175009071827
5,371,7445,0.06479451805353165
5,372,7446,0.008550581522285938
5,373,7447,0.008011747151613235
5,374,7448,0.006019099149852991
5,375,7449,0.009957690723240376
5,376,7450,0.030350951477885246
5,377,7451,0.07100123912096024
5,378,7452,0.1224348247051239
5,379,7453,0.007265071384608746
5,380,7454,0.046952985227108
5,381,7455,0.03138710558414459
5,382,7456,0.05048887059092522
5,383,7457,0.03273645415902138
5,384,7458,0.021314198151230812
5,385,7459,0.020223725587129593
5,386,7460,0.011574381962418556
5,387,7461,0.038725562393665314
5,388,7462,0.022887352854013443
5,389,7463,0.00416382635012269
5,390,7464,0.023857485502958298
5,391,7465,0.06116626784205437
5,392,7466,0.012290753424167633
5,393,7467,0.012128939852118492
5,394,7468,0.035684533417224884
5,395,7469,0.027980653569102287
5,396,7470,0.028948090970516205
5,397,7471,0.032176561653614044
5,398,7472,0.005643623415380716
5,399,7473,0.06010209769010544
5,400,7474,0.03088470548391342
5,401,7475,0.004553641192615032
5,402,7476,0.0076899342238903046
5,403,7477,0.07551202923059464
5,404,7478,0.013590071350336075
5,405,7479,0.015632575377821922
5,406,7480,0.035234976559877396
5,407,7481,0.03641897439956665
5,408,7482,0.011847082525491714
5,409,7483,0.0030719460919499397
5,410,7484,0.036962270736694336
5,411,7485,0.008676079101860523
5,412,7486,0.06520076096057892
5,413,7487,0.0052400017157197
5,414,7488,0.011465145274996758
5,415,7489,0.00962709542363882
5,416,7490,0.03645392507314682
5,417,7491,0.03556488826870918
5,418,7492,0.09820971637964249
5,419,7493,0.012322389520704746
5,420,7494,0.10145147889852524
5,421,7495,0.009384646080434322
5,422,7496,0.04177036136388779
5,423,7497,0.0213929433375597
5,424,7498,0.051720499992370605
5,425,7499,0.036260541528463364
5,426,7500,0.04457905516028404
5,427,7501,0.024796266108751297
5,428,7502,0.1154603436589241
5,429,7503,0.04934399574995041
5,430,7504,0.009792499244213104
5,431,7505,0.08672358840703964
5,432,7506,0.03819447383284569
5,433,7507,0.016446057707071304
5,434,7508,0.01447212416678667
5,435,7509,0.014739730395376682
5,436,7510,0.05073243007063866
5,437,7511,0.015872331336140633
5,438,7512,0.026476284489035606
5,439,7513,0.008088764734566212
5,440,7514,0.015457935631275177
5,441,7515,0.08244816213846207
5,442,7516,0.013700434006750584
5,443,7517,0.043838199228048325
5,444,7518,0.035613372921943665
5,445,7519,0.00917025562375784
5,446,7520,0.06189452111721039
5,447,7521,0.05753602832555771
5,448,7522,0.04909181222319603
5,449,7523,0.015724562108516693
5,450,7524,0.05474222078919411
5,451,7525,0.053421031683683395
5,452,7526,0.048913389444351196
5,453,7527,0.04427250474691391
5,454,7528,0.10333693027496338
5,455,7529,0.03380211815237999
5,456,7530,0.020879188552498817
5,457,7531,0.008347351104021072
5,458,7532,0.031130772083997726
5,459,7533,0.04592436924576759
5,460,7534,0.07252233475446701
5,461,7535,0.010321821086108685
5,462,7536,0.08232452720403671
5,463,7537,0.017580347135663033
5,464,7538,0.00995824858546257
5,465,7539,0.011417103931307793
5,466,7540,0.005211880896240473
5,467,7541,0.09102894365787506
5,468,7542,0.043919388204813004
5,469,7543,0.004778517410159111
5,470,7544,0.03525774925947189
5,471,7545,0.017603037878870964
5,472,7546,0.003613190958276391
5,473,7547,0.08259115368127823
5,474,7548,0.08996810019016266
5,475,7549,0.011631065048277378
5,476,7550,0.09919875115156174
5,477,7551,0.008706537075340748
5,478,7552,0.02081753872334957
5,479,7553,0.02205796353518963
5,480,7554,0.09436145424842834
5,481,7555,0.12020362168550491
5,482,7556,0.0048151020891964436
5,483,7557,0.11090511083602905
5,484,7558,0.02630804479122162
5,485,7559,0.21809497475624084
5,486,7560,0.10184022039175034
5,487,7561,0.0986853763461113
5,488,7562,0.026445899158716202
5,489,7563,0.027636900544166565
5,490,7564,0.09385284781455994
5,491,7565,0.04604753479361534
5,492,7566,0.09418950974941254
5,493,7567,0.0269941296428442
5,494,7568,0.05827689543366432
5,495,7569,0.08850931376218796
5,496,7570,0.024740928784012794
5,497,7571,0.029224155470728874
5,498,7572,0.010824696160852909
5,499,7573,0.007739600259810686
5,500,7574,0.0220845565199852
5,501,7575,0.01744990609586239
5,502,7576,0.053834397345781326
5,503,7577,0.24624961614608765
5,504,7578,0.013786599971354008
5,505,7579,0.07021993398666382
5,506,7580,0.012781724333763123
5,507,7581,0.04048627242445946
5,508,7582,0.016565414145588875
5,509,7583,0.01856049709022045
5,510,7584,0.01875935308635235
5,511,7585,0.030122343450784683
5,512,7586,0.01895119436085224
5,513,7587,0.010256605222821236
5,514,7588,0.01660291850566864
5,515,7589,0.019905390217900276
5,516,7590,0.023724514991044998
5,517,7591,0.12379215657711029
5,518,7592,0.0069571081548929214
5,519,7593,0.02521892450749874
5,520,7594,0.11354464292526245
5,521,7595,0.048256561160087585
5,522,7596,0.009889316745102406
5,523,7597,0.0423964187502861
5,524,7598,0.0058211651630699635
5,525,7599,0.03623143956065178
5,526,7600,0.034234125167131424
5,527,7601,0.011281417682766914
5,528,7602,0.047146108001470566
5,529,7603,0.08887491375207901
5,530,7604,0.020549122244119644
5,531,7605,0.047801729291677475
5,532,7606,0.094545379281044
5,533,7607,0.026795655488967896
5,534,7608,0.017142359167337418
5,535,7609,0.03725549206137657
5,536,7610,0.035497184842824936
5,537,7611,0.01358396653085947
5,538,7612,0.028811296448111534
5,539,7613,0.048833031207323074
5,540,7614,0.006277227774262428
5,541,7615,0.05927053838968277
5,542,7616,0.0723649263381958
5,543,7617,0.05077977478504181
5,544,7618,0.02175806276500225
5,545,7619,0.07765979319810867
5,546,7620,0.030855877324938774
5,547,7621,0.025682127103209496
5,548,7622,0.07339045405387878
5,549,7623,0.010682979598641396
5,550,7624,0.04358510300517082
5,551,7625,0.026094961911439896
5,552,7626,0.008867760188877583
5,553,7627,0.0106338020414114
5,554,7628,0.006772340275347233
5,555,7629,0.03929505497217178
5,556,7630,0.09031587094068527
5,557,7631,0.016789833083748817
5,558,7632,0.035235971212387085
5,559,7633,0.015337797813117504
5,560,7634,0.06422766298055649
5,561,7635,0.061445970088243484
5,562,7636,0.02089029736816883
5,563,7637,0.0078086149878799915
5,564,7638,0.01755300909280777
5,565,7639,0.0032603663858026266
5,566,7640,0.12625518441200256
5,567,7641,0.04286841303110123
5,568,7642,0.06081404909491539
5,569,7643,0.13439308106899261
5,570,7644,0.09109985083341599
5,571,7645,0.09298402070999146
5,572,7646,0.07144090533256531
5,573,7647,0.026457255706191063
5,574,7648,0.2131684273481369
5,575,7649,0.11669933050870895
5,576,7650,0.07703205943107605
5,577,7651,0.11869083344936371
5,578,7652,0.005959704983979464
5,579,7653,0.025125350803136826
5,580,7654,0.06274507194757462
5,581,7655,0.033914707601070404
5,582,7656,0.12440682202577591
5,583,7657,0.03146565705537796
5,584,7658,0.030047085136175156
5,585,7659,0.12084350734949112
5,586,7660,0.06848113238811493
5,587,7661,0.05520100146532059
5,588,7662,0.04874445125460625
5,589,7663,0.0265918280929327
5,590,7664,0.022847909480333328
5,591,7665,0.014051777310669422
5,592,7666,0.06508374214172363
5,593,7667,0.04774806648492813
5,594,7668,0.010239972732961178
5,595,7669,0.02620381861925125
5,596,7670,0.011843702755868435
5,597,7671,0.004445180296897888
5,598,7672,0.02604895457625389
5,599,7673,0.007839815691113472
5,600,7674,0.02650715410709381
5,601,7675,0.0035457273479551077
5,602,7676,0.052143644541502
5,603,7677,0.05598514527082443
5,604,7678,0.06789246946573257
5,605,7679,0.012069576419889927
5,606,7680,0.031130637973546982
5,607,7681,0.031416404992341995
5,608,7682,0.10125462710857391
5,609,7683,0.02949065901339054
5,610,7684,0.009675515815615654
5,611,7685,0.005266199819743633
5,612,7686,0.04711863026022911
5,613,7687,0.01782792992889881
5,614,7688,0.019174233078956604
5,615,7689,0.002733547706156969
5,616,7690,0.008710271678864956
5,617,7691,0.013503908179700375
5,618,7692,0.01069300901144743
5,619,7693,0.0010053333826363087
5,620,7694,0.023226231336593628
5,621,7695,0.018784796819090843
5,622,7696,0.013783596456050873
5,623,7697,0.04830184578895569
5,624,7698,0.08573676645755768
5,625,7699,0.0028139338828623295
5,626,7700,0.010443641804158688
5,627,7701,0.01986941695213318
5,628,7702,0.030681796371936798
5,629,7703,0.055886849761009216
5,630,7704,0.002515837550163269
5,631,7705,0.05652906373143196
5,632,7706,0.03567482903599739
5,633,7707,0.025169359520077705
5,634,7708,0.011875208467245102
5,635,7709,0.01787649467587471
5,636,7710,0.013853203505277634
5,637,7711,0.004884691443294287
5,638,7712,0.030970526859164238
5,639,7713,0.02144334837794304
5,640,7714,0.07405640929937363
5,641,7715,0.0449141189455986
5,642,7716,0.11950725317001343
5,643,7717,0.12618768215179443
5,644,7718,0.014539625495672226
5,645,7719,0.04096032679080963
5,646,7720,0.005180021747946739
5,647,7721,0.016365069895982742
5,648,7722,0.11136820912361145
5,649,7723,0.010417728684842587
5,650,7724,0.036928609013557434
5,651,7725,0.020234858617186546
5,652,7726,0.013859684579074383
5,653,7727,0.006146806292235851
5,654,7728,0.05244356021285057
5,655,7729,0.002295777900144458
5,656,7730,0.042326670140028
5,657,7731,0.01593790017068386
5,658,7732,0.037553269416093826
5,659,7733,0.03814370557665825
5,660,7734,0.08304683864116669
5,661,7735,0.027827229350805283
5,662,7736,0.0066496520303189754
5,663,7737,0.066414974629879
5,664,7738,0.0666150227189064
5,665,7739,0.0353064127266407
5,666,7740,0.008546578697860241
5,667,7741,0.02474086359143257
5,668,7742,0.03185271844267845
5,669,7743,0.02633216604590416
5,670,7744,0.02627834863960743
5,671,7745,0.011373629793524742
5,672,7746,0.04802784323692322
5,673,7747,0.016932619735598564
5,674,7748,0.047427862882614136
5,675,7749,0.020723767578601837
5,676,7750,0.013086376711726189
5,677,7751,0.0418606735765934
5,678,7752,0.05071159824728966
5,679,7753,0.014534924179315567
5,680,7754,0.007596760056912899
5,681,7755,0.0439889058470726
5,682,7756,0.01644025184214115
5,683,7757,0.07739949226379395
5,684,7758,0.009720474481582642
5,685,7759,0.04465341195464134
5,686,7760,0.027708949521183968
5,687,7761,0.001311260974034667
5,688,7762,0.14947721362113953
5,689,7763,0.021374011412262917
5,690,7764,0.03482351824641228
5,691,7765,0.11941066384315491
5,692,7766,0.030381962656974792
5,693,7767,0.0439782440662384
5,694,7768,0.03168388083577156
5,695,7769,0.022309577092528343
5,696,7770,0.062003109604120255
5,697,7771,0.020534120500087738
5,698,7772,0.013412575237452984
5,699,7773,0.04857968911528587
5,700,7774,0.03417395055294037
5,701,7775,0.04285673797130585
5,702,7776,0.011645324528217316
5,703,7777,0.05555213987827301
5,704,7778,0.021213291212916374
5,705,7779,0.028031762689352036
5,706,7780,0.026630984619259834
5,707,7781,0.04216696694493294
5,708,7782,0.0039542545564472675
5,709,7783,0.0019715656526386738
5,710,7784,0.03280352056026459
5,711,7785,0.010023755952715874
5,712,7786,0.015240327455103397
5,713,7787,0.009155682288110256
5,714,7788,0.04559219256043434
5,715,7789,0.05811534821987152
5,716,7790,0.020664187148213387
5,717,7791,0.10015781223773956
5,718,7792,0.07647056132555008
5,719,7793,0.056749388575553894
5,720,7794,0.05068272352218628
5,721,7795,0.04157509654760361
5,722,7796,0.005670957732945681
5,723,7797,0.06672877073287964
5,724,7798,0.008224066346883774
5,725,7799,0.008480108343064785
5,726,7800,0.009812223725020885
5,727,7801,0.009287649765610695
5,728,7802,0.06686773151159286
5,729,7803,0.040129680186510086
5,730,7804,0.0124721834436059
5,731,7805,0.10790778696537018
5,732,7806,0.021704647690057755
5,733,7807,0.005320900119841099
5,734,7808,0.02157519944012165
5,735,7809,0.021039841696619987
5,736,7810,0.08526745438575745
5,737,7811,0.06321392208337784
5,738,7812,0.03307634964585304
5,739,7813,0.053316112607717514
5,740,7814,0.02518101967871189
5,741,7815,0.023646188899874687
5,742,7816,0.019959356635808945
5,743,7817,0.020767297595739365
5,744,7818,0.03002825193107128
5,745,7819,0.022028466686606407
5,746,7820,0.020471882075071335
5,747,7821,0.13152962923049927
5,748,7822,0.05095434561371803
5,749,7823,0.13078448176383972
5,750,7824,0.02788005955517292
5,751,7825,0.04282829910516739
5,752,7826,0.008833041414618492
5,753,7827,0.02339867688715458
5,754,7828,0.007149258628487587
5,755,7829,0.05011308193206787
5,756,7830,0.12528328597545624
5,757,7831,0.031241631135344505
5,758,7832,0.006775085348635912
5,759,7833,0.020896313712000847
5,760,7834,0.07908912003040314
5,761,7835,0.09197500348091125
5,762,7836,0.10167809575796127
5,763,7837,0.020091794431209564
5,764,7838,0.040160179138183594
5,765,7839,0.057388097047805786
5,766,7840,0.016562791541218758
5,767,7841,0.035955388098955154
5,768,7842,0.024537120014429092
5,769,7843,0.243429034948349
5,770,7844,0.02825196459889412
5,771,7845,0.00692491140216589
5,772,7846,0.03498376905918121
5,773,7847,0.03622935712337494
5,774,7848,0.041547104716300964
5,775,7849,0.017595285549759865
5,776,7850,0.014070358127355576
5,777,7851,0.0020300173200666904
5,778,7852,0.051760684698820114
5,779,7853,0.03384711593389511
5,780,7854,0.010475829243659973
5,781,7855,0.01992528699338436
5,782,7856,0.03711247071623802
5,783,7857,0.0072163790464401245
5,784,7858,0.010868781246244907
5,785,7859,0.012478277087211609
5,786,7860,0.021498480811715126
5,787,7861,0.005817884113639593
5,788,7862,0.07216212153434753
5,789,7863,0.027174213901162148
5,790,7864,0.0931805744767189
5,791,7865,0.007012245710939169
5,792,7866,0.0917091816663742
5,793,7867,0.07500254362821579
5,794,7868,0.02431473694741726
5,795,7869,0.009900039061903954
5,796,7870,0.01856370083987713
5,797,7871,0.09400731325149536
5,798,7872,0.0072866384871304035
5,799,7873,0.0416225790977478
5,800,7874,0.03009737655520439
5,801,7875,0.005714188329875469
5,802,7876,0.05382325500249863
5,803,7877,0.028903882950544357
5,804,7878,0.03412427753210068
5,805,7879,0.006775833200663328
5,806,7880,0.03897771239280701
5,807,7881,0.03231169283390045
5,808,7882,0.08033711463212967
5,809,7883,0.09210676699876785
5,810,7884,0.04290712624788284
5,811,7885,0.058441758155822754
5,812,7886,0.053350046277046204
5,813,7887,0.038752611726522446
5,814,7888,0.01758573204278946
5,815,7889,0.012661954388022423
5,816,7890,0.04074730724096298
5,817,7891,0.02248734049499035
5,818,7892,0.01800762116909027
5,819,7893,0.03764869645237923
5,820,7894,0.006618835963308811
5,821,7895,0.011760281398892403
5,822,7896,0.051732465624809265
5,823,7897,0.06080378592014313
5,824,7898,0.02569236233830452
5,825,7899,0.004533015191555023
5,826,7900,0.030064739286899567
5,827,7901,0.01829427294433117
5,828,7902,0.007538387551903725
5,829,7903,0.019904155284166336
5,830,7904,0.051336947828531265
5,831,7905,0.026815779507160187
5,832,7906,0.04146227985620499
5,833,7907,0.05097870156168938
5,834,7908,0.06210971623659134
5,835,7909,0.02694474533200264
5,836,7910,0.061883147805929184
5,837,7911,0.01937214657664299
5,838,7912,0.0062687452882528305
5,839,7913,0.010323664173483849
5,840,7914,0.019604217261075974
5,841,7915,0.0511789508163929
5,842,7916,0.0017991396598517895
5,843,7917,0.008348965086042881
5,844,7918,0.0075050839222967625
5,845,7919,0.03428489342331886
5,846,7920,0.03887660801410675
5,847,7921,0.002590349642559886
5,848,7922,0.13719552755355835
5,849,7923,0.027266543358564377
5,850,7924,0.014832028187811375
5,851,7925,0.09141780436038971
5,852,7926,0.015506956726312637
5,853,7927,0.03391997143626213
5,854,7928,0.027896706014871597
5,855,7929,0.04701980948448181
5,856,7930,0.05561252310872078
5,857,7931,0.006140443496406078
5,858,7932,0.03248840197920799
5,859,7933,0.048808734863996506
5,860,7934,0.02842075377702713
5,861,7935,0.006265520583838224
5,862,7936,0.022670386359095573
5,863,7937,0.01048998348414898
5,864,7938,0.02444366179406643
5,865,7939,0.006764105521142483
5,866,7940,0.06765292584896088
5,867,7941,0.06640514731407166
5,868,7942,0.008063942193984985
5,869,7943,0.05347270518541336
5,870,7944,0.012504572980105877
5,871,7945,0.0036202240735292435
5,872,7946,0.09933160990476608
5,873,7947,0.014564142562448978
5,874,7948,0.04304451122879982
5,875,7949,0.00575422216206789
5,876,7950,0.013742676004767418
5,877,7951,0.1095929890871048
5,878,7952,0.10084855556488037
5,879,7953,0.003679722547531128
5,880,7954,0.035641156136989594
5,881,7955,0.15839405357837677
5,882,7956,0.009790216572582722
5,883,7957,0.007416868582367897
5,884,7958,0.03019723854959011
5,885,7959,0.10258220881223679
5,886,7960,0.07966982573270798
5,887,7961,0.03442778438329697
5,888,7962,0.019308775663375854
5,889,7963,0.05942893400788307
5,890,7964,0.019163068383932114
5,891,7965,0.07767852395772934
5,892,7966,0.08458501845598221
5,893,7967,0.11695431917905807
5,894,7968,0.007306179963052273
5,895,7969,0.13472206890583038
5,896,7970,0.01799093931913376
5,897,7971,0.08755422383546829
5,898,7972,0.10506939888000488
5,899,7973,0.030672574415802956
5,900,7974,0.10722837597131729
5,901,7975,0.005578119773417711
5,902,7976,0.035304054617881775
5,903,7977,0.08941134810447693
5,904,7978,0.008234590291976929
5,905,7979,0.015049662441015244
5,906,7980,0.03696029260754585
5,907,7981,0.044794414192438126
5,908,7982,0.025720348581671715
5,909,7983,0.00971008837223053
5,910,7984,0.12445425987243652
5,911,7985,0.025653311982750893
5,912,7986,0.017348874360322952
5,913,7987,0.15434406697750092
5,914,7988,0.02616754174232483
5,915,7989,0.037358228117227554
5,916,7990,0.0172572061419487
5,917,7991,0.03370034694671631
5,918,7992,0.004965000785887241
5,919,7993,0.07084539532661438
5,920,7994,0.009000631049275398
5,921,7995,0.08027457445859909
5,922,7996,0.025202065706253052
5,923,7997,0.017824163660407066
5,924,7998,0.03926349803805351
5,925,7999,0.004480953328311443
5,926,8000,0.059515032917261124
5,927,8001,0.008173150010406971
5,928,8002,0.08456586301326752
5,929,8003,0.012633285485208035
5,930,8004,0.08169852197170258
5,931,8005,0.02471747435629368
5,932,8006,0.0451110303401947
5,933,8007,0.038833703845739365
5,934,8008,0.09352285414934158
5,935,8009,0.025700446218252182
5,936,8010,0.0435483455657959
5,937,8011,0.02658572606742382
5,938,8012,0.009774083271622658
5,939,8013,0.015319077298045158
5,940,8014,0.022818248718976974
5,941,8015,0.05591209605336189
5,942,8016,0.06437242776155472
5,943,8017,0.006961943116039038
5,944,8018,0.002913881093263626
5,945,8019,0.02841961942613125
5,946,8020,0.005416749510914087
5,947,8021,0.016277380287647247
5,948,8022,0.025321343913674355
5,949,8023,0.03964190557599068
5,950,8024,0.022089095786213875
5,951,8025,0.00552530400454998
5,952,8026,0.005709035322070122
5,953,8027,0.04275604337453842
5,954,8028,0.14004522562026978
5,955,8029,0.13166691362857819
5,956,8030,0.005861482582986355
5,957,8031,0.03154563903808594
5,958,8032,0.023006895557045937
5,959,8033,0.010803797282278538
5,960,8034,0.04728909581899643
5,961,8035,0.05545561760663986
5,962,8036,0.08976991474628448
5,963,8037,0.027096888050436974
5,964,8038,0.013811144977807999
5,965,8039,0.0272199809551239
5,966,8040,0.008303557522594929
5,967,8041,0.04698057845234871
5,968,8042,0.006372110452502966
5,969,8043,0.009414236061275005
5,970,8044,0.026178304105997086
5,971,8045,0.02283749170601368
5,972,8046,0.009356522932648659
5,973,8047,0.04057902470231056
5,974,8048,0.015837350860238075
5,975,8049,0.009860703721642494
5,976,8050,0.004020456690341234
5,977,8051,0.015361747704446316
5,978,8052,0.024164961650967598
5,979,8053,0.057019516825675964
5,980,8054,0.03290854021906853
5,981,8055,0.04038327932357788
5,982,8056,0.027185792103409767
5,983,8057,0.02439158223569393
5,984,8058,0.0025430216919630766
5,985,8059,0.006002092268317938
5,986,8060,0.030052170157432556
5,987,8061,0.01969434879720211
5,988,8062,0.01539539359509945
5,989,8063,0.0036961950827389956
5,990,8064,0.01928664743900299
5,991,8065,0.023514512926340103
5,992,8066,0.03308688849210739
5,993,8067,0.034714456647634506
5,994,8068,0.029000984504818916
5,995,8069,0.005695397965610027
5,996,8070,0.004142316058278084
5,997,8071,0.0158393532037735
5,998,8072,0.019254332408308983
5,999,8073,0.0032447094563394785
5,1000,8074,0.020437071099877357
5,1001,8075,0.0403168722987175
5,1002,8076,0.022325940430164337
5,1003,8077,0.11999468505382538
5,1004,8078,0.09383884072303772
5,1005,8079,0.006091738119721413
5,1006,8080,0.030625367537140846
5,1007,8081,0.023754751309752464
5,1008,8082,0.009902169927954674
5,1009,8083,0.0616321824491024
5,1010,8084,0.008776807226240635
5,1011,8085,0.032563719898462296
5,1012,8086,0.044613126665353775
5,1013,8087,0.009955360554158688
5,1014,8088,0.03190876170992851
5,1015,8089,0.04783153906464577
5,1016,8090,0.049962591379880905
5,1017,8091,0.10773395746946335
5,1018,8092,0.025172488763928413
5,1019,8093,0.030541613698005676
5,1020,8094,0.03429945930838585
5,1021,8095,0.00859571248292923
5,1022,8096,0.04233846068382263
5,1023,8097,0.0011885411804541945
5,1024,8098,0.006854828912764788
5,1025,8099,0.048332683742046356
5,1026,8100,0.05498828738927841
5,1027,8101,0.04952022060751915
5,1028,8102,0.005660230293869972
5,1029,8103,0.038627080619335175
5,1030,8104,0.06605016440153122
5,1031,8105,0.04209301248192787
5,1032,8106,0.02135365642607212
5,1033,8107,0.010997570119798183
5,1034,8108,0.011176025494933128
5,1035,8109,0.021970883011817932
5,1036,8110,0.003950075246393681
5,1037,8111,0.011380131356418133
5,1038,8112,0.0051055653020739555
5,1039,8113,0.006468926556408405
5,1040,8114,0.045531969517469406
5,1041,8115,0.008575830608606339
5,1042,8116,0.0028493045829236507
5,1043,8117,0.07375717908143997
5,1044,8118,0.004283820278942585
5,1045,8119,0.03899180144071579
5,1046,8120,0.0075050354935228825
5,1047,8121,0.018174387514591217
5,1048,8122,0.013488911092281342
5,1049,8123,0.005610323045402765
5,1050,8124,0.029348786920309067
5,1051,8125,0.025413354858756065
5,1052,8126,0.017644518986344337
5,1053,8127,0.018666861578822136
5,1054,8128,0.003513745265081525
5,1055,8129,0.06884092092514038
5,1056,8130,0.07083508372306824
5,1057,8131,0.040044479072093964
5,1058,8132,0.0281194057315588
5,1059,8133,0.008163613267242908
5,1060,8134,0.033166322857141495
5,1061,8135,0.004616627469658852
5,1062,8136,0.008156212978065014
5,1063,8137,0.009809224866330624
5,1064,8138,0.013077938929200172
5,1065,8139,0.009115996770560741
5,1066,8140,0.00600277166813612
5,1067,8141,0.05199820175766945
5,1068,8142,0.004636373370885849
5,1069,8143,0.017045404762029648
5,1070,8144,0.011880727484822273
5,1071,8145,0.047431137412786484
5,1072,8146,0.00230585178360343
5,1073,8147,0.02278788946568966
5,1074,8148,0.01027459092438221
5,1075,8149,0.004605530761182308
5,1076,8150,0.05282732471823692
5,1077,8151,0.04177825525403023
5,1078,8152,0.007831092923879623
5,1079,8153,0.0030716480687260628
5,1080,8154,0.006601142231374979
5,1081,8155,0.004782135132700205
5,1082,8156,0.0017556188395246863
5,1083,8157,0.053349755704402924
5,1084,8158,0.027321701869368553
5,1085,8159,0.005468931049108505
5,1086,8160,0.009457256644964218
5,1087,8161,0.006476319395005703
5,1088,8162,0.0030713826417922974
5,1089,8163,0.01727285422384739
5,1090,8164,0.004156769718974829
5,1091,8165,0.014485940337181091
5,1092,8166,0.016138780862092972
5,1093,8167,0.06859852373600006
5,1094,8168,0.0020812370348721743
5,1095,8169,0.005878818221390247
5,1096,8170,0.004538319073617458
5,1097,8171,0.0035371538251638412
5,1098,8172,0.003887744154781103
5,1099,8173,0.038141798228025436
5,1100,8174,0.039962708950042725
5,1101,8175,0.02778477407991886
5,1102,8176,0.015404542908072472
5,1103,8177,0.017052073031663895
5,1104,8178,0.008584270253777504
5,1105,8179,0.007478849496692419
5,1106,8180,0.10576680302619934
5,1107,8181,0.18992619216442108
5,1108,8182,0.03393207862973213
5,1109,8183,0.0015587769448757172
5,1110,8184,0.033332161605358124
5,1111,8185,0.007869800552725792
5,1112,8186,0.04896249249577522
5,1113,8187,0.04681391268968582
5,1114,8188,0.1296510100364685
5,1115,8189,0.007558892481029034
5,1116,8190,0.038981955498456955
5,1117,8191,0.056344397366046906
5,1118,8192,0.03047781065106392
5,1119,8193,0.016773981973528862
5,1120,8194,0.045784201472997665
5,1121,8195,0.011508545838296413
5,1122,8196,0.006519080605357885
5,1123,8197,0.008190830238163471
5,1124,8198,0.10532793402671814
5,1125,8199,0.0052025881595909595
5,1126,8200,0.08445809781551361
5,1127,8201,0.010726375505328178
5,1128,8202,0.035725560039281845
5,1129,8203,0.02955411747097969
5,1130,8204,0.10447319597005844
5,1131,8205,0.05577164515852928
5,1132,8206,0.012001583352684975
5,1133,8207,0.004942751489579678
5,1134,8208,0.0044765835627913475
5,1135,8209,0.026846209540963173
5,1136,8210,0.00631458405405283
5,1137,8211,0.005179370753467083
5,1138,8212,0.08583986759185791
5,1139,8213,0.017494486644864082
5,1140,8214,0.004103824030607939
5,1141,8215,0.015415170229971409
5,1142,8216,0.06694682687520981
5,1143,8217,0.03785054013133049
5,1144,8218,0.06250400096178055
5,1145,8219,0.022535016760230064
5,1146,8220,0.1245695948600769
5,1147,8221,0.02236344665288925
5,1148,8222,0.006466549355536699
5,1149,8223,0.022092850878834724
5,1150,8224,0.08599434792995453
5,1151,8225,0.048171985894441605
5,1152,8226,0.0172740425914526
5,1153,8227,0.010553629137575626
5,1154,8228,0.027377784252166748
5,1155,8229,0.012478923425078392
5,1156,8230,0.04452582076191902
5,1157,8231,0.01855439879000187
5,1158,8232,0.021767200902104378
5,1159,8233,0.0082613630220294
5,1160,8234,0.02962667867541313
5,1161,8235,0.03527338430285454
5,1162,8236,0.013887153938412666
5,1163,8237,0.002962417434900999
5,1164,8238,0.023325415328145027
5,1165,8239,0.008191904053092003
5,1166,8240,0.047848179936409
5,1167,8241,0.023199548944830894
5,1168,8242,0.03422176092863083
5,1169,8243,0.017037784680724144
5,1170,8244,0.025543784722685814
5,1171,8245,0.017157848924398422
5,1172,8246,0.06725205481052399
5,1173,8247,0.011249338276684284
5,1174,8248,0.005905579775571823
5,1175,8249,0.018330227583646774
5,1176,8250,0.06612218916416168
5,1177,8251,0.0950099527835846
5,1178,8252,0.09007894992828369
5,1179,8253,0.007823415100574493
5,1180,8254,0.033077288419008255
5,1181,8255,0.02105860598385334
5,1182,8256,0.0245928056538105
5,1183,8257,0.05966109409928322
5,1184,8258,0.04795072227716446
5,1185,8259,0.0028950588312000036
5,1186,8260,0.0016115406760945916
5,1187,8261,0.0030591259710490704
5,1188,8262,0.02675667591392994
5,1189,8263,0.029975103214383125
5,1190,8264,0.006044878624379635
5,1191,8265,0.07340535521507263
5,1192,8266,0.012611780315637589
5,1193,8267,0.022810911759734154
5,1194,8268,0.000670222972985357
5,1195,8269,0.00852163415402174
5,1196,8270,0.01141429040580988
5,1197,8271,0.057357680052518845
5,1198,8272,0.005219099577516317
5,1199,8273,0.023453019559383392
5,1200,8274,0.17817765474319458
5,1201,8275,0.006104739382863045
5,1202,8276,0.06723006069660187
5,1203,8277,0.10986870527267456
5,1204,8278,0.01756211183965206
5,1205,8279,0.02442246302962303
5,1206,8280,0.011017750017344952
5,1207,8281,0.025575164705514908
5,1208,8282,0.0033777602948248386
5,1209,8283,0.020961947739124298
5,1210,8284,0.03350965306162834
5,1211,8285,0.02587377279996872
5,1212,8286,0.023324573412537575
5,1213,8287,0.0196340624243021
5,1214,8288,0.09831906855106354
5,1215,8289,0.017790820449590683
5,1216,8290,0.04652973636984825
5,1217,8291,0.024245411157608032
5,1218,8292,0.011481654830276966
5,1219,8293,0.01947852410376072
5,1220,8294,0.07269973307847977
5,1221,8295,0.03545070067048073
5,1222,8296,0.0076584783382713795
5,1223,8297,0.04185216501355171
5,1224,8298,0.046097852289676666
5,1225,8299,0.046248920261859894
5,1226,8300,0.02311270497739315
5,1227,8301,0.08571168780326843
5,1228,8302,0.020258445292711258
5,1229,8303,0.00721811642870307
5,1230,8304,0.025787321850657463
5,1231,8305,0.005821819417178631
5,1232,8306,0.04206861928105354
5,1233,8307,0.10978078097105026
5,1234,8308,0.010607360862195492
5,1235,8309,0.006336996331810951
5,1236,8310,0.03400971367955208
5,1237,8311,0.18363986909389496
5,1238,8312,0.17776955664157867
5,1239,8313,0.06361575424671173
5,1240,8314,0.04852777346968651
5,1241,8315,0.04986931383609772
5,1242,8316,0.02747309021651745
5,1243,8317,0.02688324823975563
5,1244,8318,0.026575930416584015
5,1245,8319,0.022202294319868088
5,1246,8320,0.010054065845906734
5,1247,8321,0.11642912030220032
5,1248,8322,0.08447056263685226
5,1249,8323,0.013883540406823158
5,1250,8324,0.036577340215444565
5,1251,8325,0.027846788987517357
5,1252,8326,0.11526525765657425
5,1253,8327,0.032977599650621414
5,1254,8328,0.05630200728774071
5,1255,8329,0.03612670302391052
5,1256,8330,0.06652407348155975
5,1257,8331,0.02525232918560505
5,1258,8332,0.022854380309581757
5,1259,8333,0.09604531526565552
5,1260,8334,0.01612911745905876
5,1261,8335,0.08039874583482742
5,1262,8336,0.04651534557342529
5,1263,8337,0.040429141372442245
5,1264,8338,0.0360969603061676
5,1265,8339,0.03109736368060112
5,1266,8340,0.040778063237667084
5,1267,8341,0.09231436252593994
5,1268,8342,0.0590556263923645
5,1269,8343,0.018163328990340233
5,1270,8344,0.1255655437707901
5,1271,8345,0.02161569334566593
5,1272,8346,0.008370712399482727
5,1273,8347,0.03998229652643204
5,1274,8348,0.04646868631243706
5,1275,8349,0.020201541483402252
5,1276,8350,0.00766791170462966
5,1277,8351,0.017366105690598488
5,1278,8352,0.04641154780983925
5,1279,8353,0.02866254560649395
5,1280,8354,0.010043969377875328
5,1281,8355,0.06423547118902206
5,1282,8356,0.01015812624245882
5,1283,8357,0.009271441958844662
5,1284,8358,0.04265812411904335
5,1285,8359,0.06536459177732468
5,1286,8360,0.024811208248138428
5,1287,8361,0.003702732501551509
5,1288,8362,0.014012575149536133
5,1289,8363,0.015351355075836182
5,1290,8364,0.00884004682302475
5,1291,8365,0.009363587014377117
5,1292,8366,0.2223665565252304
5,1293,8367,0.0033216786105185747
5,1294,8368,0.020104989409446716
5,1295,8369,0.00909272488206625
5,1296,8370,0.0067597306333482265
5,1297,8371,0.027021415531635284
5,1298,8372,0.04429047927260399
5,1299,8373,0.03378641977906227
5,1300,8374,0.01094966009259224
5,1301,8375,0.011324416846036911
5,1302,8376,0.016152160242199898
5,1303,8377,0.009904876351356506
5,1304,8378,0.033560097217559814
5,1305,8379,0.09659934788942337
5,1306,8380,0.07324985414743423
5,1307,8381,0.13819251954555511
5,1308,8382,0.0230577290058136
5,1309,8383,0.008480559103190899
5,1310,8384,0.0010890100384131074
5,1311,8385,0.014246110804378986
5,1312,8386,0.007853713817894459
5,1313,8387,0.019142718985676765
5,1314,8388,0.04244059696793556
5,1315,8389,0.11002598702907562
5,1316,8390,0.0201598908752203
5,1317,8391,0.0995933786034584
5,1318,8392,0.008707478642463684
5,1319,8393,0.007881514728069305
5,1320,8394,0.019554728642106056
5,1321,8395,0.05143393576145172
5,1322,8396,0.01623036153614521
5,1323,8397,0.017203114926815033
5,1324,8398,0.16149574518203735
5,1325,8399,0.007439734414219856
5,1326,8400,0.010026936419308186
5,1327,8401,0.006412638816982508
5,1328,8402,0.022769920527935028
5,1329,8403,0.02736629545688629
5,1330,8404,0.085763119161129
5,1331,8405,0.042436711490154266
5,1332,8406,0.0916251689195633
5,1333,8407,0.02598240040242672
5,1334,8408,0.07057115435600281
5,1335,8409,0.04136430844664574
5,1336,8410,0.010373295284807682
5,1337,8411,0.00984740350395441
5,1338,8412,0.022982314229011536
5,1339,8413,0.016024352982640266
5,1340,8414,0.02429097704589367
5,1341,8415,0.009308530949056149
5,1342,8416,0.05313918739557266
5,1343,8417,0.03005523607134819
5,1344,8418,0.03378767520189285
5,1345,8419,0.038828883320093155
5,1346,8420,0.028541408479213715
5,1347,8421,0.02403792180120945
5,1348,8422,0.005114652216434479
5,1349,8423,0.017980169504880905
5,1350,8424,0.05658234655857086
5,1351,8425,0.020508842542767525
5,1352,8426,0.030639292672276497
5,1353,8427,0.004800008609890938
5,1354,8428,0.04168909788131714
5,1355,8429,0.008406437933444977
5,1356,8430,0.0028186654672026634
5,1357,8431,0.013029474765062332
5,1358,8432,0.035284578800201416
5,1359,8433,0.008951435796916485
5,1360,8434,0.04172925278544426
5,1361,8435,0.019332611933350563
5,1362,8436,0.03545094281435013
5,1363,8437,0.033155884593725204
5,1364,8438,0.0016248013125732541
5,1365,8439,0.01785684935748577
5,1366,8440,0.0027363102417439222
5,1367,8441,0.008796416223049164
5,1368,8442,0.02056664600968361
5,1369,8443,0.011837861500680447
5,1370,8444,0.006917610298842192
5,1371,8445,0.0969347134232521
5,1372,8446,0.012761523015797138
5,1373,8447,0.006802720949053764
5,1374,8448,0.04601242020726204
5,1375,8449,0.005237771663814783
5,1376,8450,0.03224097192287445
5,1377,8451,0.01150661800056696
5,1378,8452,0.001139795407652855
5,1379,8453,0.00748639740049839
5,1380,8454,0.002402282552793622
5,1381,8455,0.1325523406267166
5,1382,8456,0.04015928506851196
5,1383,8457,0.08829478919506073
5,1384,8458,0.021573971956968307
5,1385,8459,0.015337043441832066
5,1386,8460,0.08049604296684265
5,1387,8461,0.009344878606498241
5,1388,8462,0.005643452983349562
5,1389,8463,0.018596192821860313
5,1390,8464,0.04985056817531586
5,1391,8465,0.01340730581432581
5,1392,8466,0.014463289640843868
5,1393,8467,0.015437628142535686
5,1394,8468,0.01674179546535015
5,1395,8469,0.01939507946372032
5,1396,8470,0.10063941776752472
5,1397,8471,0.012743577361106873
5,1398,8472,0.015559474006295204
5,1399,8473,0.03385543450713158
5,1400,8474,0.010484151542186737
5,1401,8475,0.05652089789509773
5,1402,8476,0.0031802356243133545
5,1403,8477,0.04255982115864754
5,1404,8478,0.006101858802139759
5,1405,8479,0.002914424054324627
5,1406,8480,0.008102313615381718
5,1407,8481,0.021230528131127357
5,1408,8482,0.028433259576559067
5,1409,8483,0.003127200296148658
5,1410,8484,0.02701438032090664
5,1411,8485,0.013989096507430077
5,1412,8486,0.1352713257074356
5,1413,8487,0.025071971118450165
5,1414,8488,0.1286017894744873
5,1415,8489,0.0291779562830925
6,1,8490,0.01307176798582077
6,2,8491,0.03683321923017502
6,3,8492,0.012524304911494255
6,4,8493,0.018388450145721436
6,5,8494,0.010167037136852741
6,6,8495,0.010407854802906513
6,7,8496,0.0025232250336557627
6,8,8497,0.042093001306056976
6,9,8498,0.13422520458698273
6,10,8499,0.011685792356729507
6,11,8500,0.04674501344561577
6,12,8501,0.0052615925669670105
6,13,8502,0.004580337088555098
6,14,8503,0.007603204343467951
6,15,8504,0.02449311688542366
6,16,8505,0.007167341653257608
6,17,8506,0.02609970048069954
6,18,8507,0.0038562840782105923
6,19,8508,0.025827370584011078
6,20,8509,0.013173243030905724
6,21,8510,0.00966829713433981
6,22,8511,0.03527412936091423
6,23,8512,0.013141741044819355
6,24,8513,0.01275855302810669
6,25,8514,0.015221753157675266
6,26,8515,0.01116184052079916
6,27,8516,0.017625125125050545
6,28,8517,0.016787413507699966
6,29,8518,0.002467324025928974
6,30,8519,0.012717602774500847
6,31,8520,0.026314884424209595
6,32,8521,0.06595655530691147
6,33,8522,0.003281879471614957
6,34,8523,0.0025383378379046917
6,35,8524,0.017311541363596916
6,36,8525,0.0033764427062124014
6,37,8526,0.007313883397728205
6,38,8527,0.01598651148378849
6,39,8528,0.02372036688029766
6,40,8529,0.031490739434957504
6,41,8530,0.012058267369866371
6,42,8531,0.0070345355197787285
6,43,8532,0.012834122404456139
6,44,8533,0.010204381309449673
6,45,8534,0.010731998831033707
6,46,8535,0.07596738636493683
6,47,8536,0.007220218423753977
6,48,8537,0.09780478477478027
6,49,8538,0.020048726350069046
6,50,8539,0.08479441702365875
6,51,8540,0.016996871680021286
6,52,8541,0.03981044143438339
6,53,8542,0.015072077512741089
6,54,8543,0.05734321102499962
6,55,8544,0.008295431733131409
6,56,8545,0.049773991107940674
6,57,8546,0.01830233819782734
6,58,8547,0.020082898437976837
6,59,8548,0.01647387631237507
6,60,8549,0.030166149139404297
6,61,8550,0.004683683626353741
6,62,8551,0.002618752419948578
6,63,8552,0.08977954834699631
6,64,8553,0.05416727438569069
6,65,8554,0.019888803362846375
6,66,8555,0.0422290563583374
6,67,8556,0.01723363809287548
6,68,8557,0.021632054820656776
6,69,8558,0.0024593707639724016
6,70,8559,0.019311364740133286
6,71,8560,0.051456108689308167
6,72,8561,0.06899449974298477
6,73,8562,0.027241751551628113
6,74,8563,0.013518137857317924
6,75,8564,0.01071537658572197
6,76,8565,0.0058219097554683685
6,77,8566,0.02421121671795845
6,78,8567,0.004023506306111813
6,79,8568,0.027407206594944
6,80,8569,0.006922525353729725
6,81,8570,0.04506835341453552
6,82,8571,0.0566348098218441
6,83,8572,0.012126398272812366
6,84,8573,0.0027204416692256927
6,85,8574,0.007102461997419596
6,86,8575,0.015076438896358013
6,87,8576,0.003380419220775366
6,88,8577,0.03870244696736336
6,89,8578,0.04359563812613487
6,90,8579,0.027569102123379707
6,91,8580,0.04219740256667137
6,92,8581,0.0030509026255458593
6,93,8582,0.011335166171193123
6,94,8583,0.06807626783847809
6,95,8584,0.005949975457042456
6,96,8585,0.0055693951435387135
6,97,8586,0.17115385830402374
6,98,8587,0.005531256087124348
6,99,8588,0.09071030467748642
6,100,8589,0.005144545342773199
6,101,8590,0.029981451109051704
6,102,8591,0.021701907739043236
6,103,8592,0.010575146414339542
6,104,8593,0.04013903811573982
6,105,8594,0.03634272515773773
6,106,8595,0.022987397387623787
6,107,8596,0.0125806275755167
6,108,8597,0.019427066668868065
6,109,8598,0.014191978611052036
6,110,8599,0.007217415142804384
6,111,8600,0.0023491380270570517
6,112,8601,0.009435297921299934
6,113,8602,0.02619476430118084
6,114,8603,0.07312586158514023
6,115,8604,0.006789980456233025
6,116,8605,0.04833593964576721
6,117,8606,0.004230306018143892
6,118,8607,0.05469124764204025
6,119,8608,0.011299717240035534
6,120,8609,0.010717421770095825
6,121,8610,0.0030669919215142727
6,122,8611,0.06074809283018112
6,123,8612,0.00993939209729433
6,124,8613,0.013717412948608398
6,125,8614,0.04551434889435768
6,126,8615,0.0077827004715800285
6,127,8616,0.018429238349199295
6,128,8617,0.024998314678668976
6,129,8618,0.004180531948804855
6,130,8619,0.03210669010877609
6,131,8620,0.011401819065213203
6,132,8621,0.004206920973956585
6,133,8622,0.006430764216929674
6,134,8623,0.007042232435196638
6,135,8624,0.008949454873800278
6,136,8625,0.07514042407274246
6,137,8626,0.052806831896305084
6,138,8627,0.005492056719958782
6,139,8628,0.02732974849641323
6,140,8629,0.004302957095205784
6,141,8630,0.003993606194853783
6,142,8631,0.06476813554763794
6,143,8632,0.03910573571920395
6,144,8633,0.07785898447036743
6,145,8634,0.015732714906334877
6,146,8635,0.13559482991695404
6,147,8636,0.06492345780134201
6,148,8637,0.04484546184539795
6,149,8638,0.005451792851090431
6,150,8639,0.016418077051639557
6,151,8640,0.022110680118203163
6,152,8641,0.004395215772092342
6,153,8642,0.012842735275626183
6,154,8643,0.07860898226499557
6,155,8644,0.10623015463352203
6,156,8645,0.004866826813668013
6,157,8646,0.027180582284927368
6,158,8647,0.0022488355170935392
6,159,8648,0.035915814340114594
6,160,8649,0.075640007853508
6,161,8650,0.002910698764026165
6,162,8651,0.001974441111087799
6,163,8652,0.008122466504573822
6,164,8653,0.002775950590148568
6,165,8654,0.005121528171002865
6,166,8655,0.03641398996114731
6,167,8656,0.015648461878299713
6,168,8657,0.012048074044287205
6,169,8658,0.035152316093444824
6,170,8659,0.008105157874524593
6,171,8660,0.004575870931148529
6,172,8661,0.039337486028671265
6,173,8662,0.006952259223908186
6,174,8663,0.025727586820721626
6,175,8664,0.006835271138697863
6,176,8665,0.004493767395615578
6,177,8666,0.024628864601254463
6,178,8667,0.007620235905051231
6,179,8668,0.06374705582857132
6,180,8669,0.0014811737928539515
6,181,8670,0.0036370062734931707
6,182,8671,0.01799943670630455
6,183,8672,0.03826521337032318
6,184,8673,0.016870170831680298
6,185,8674,0.023938756436109543
6,186,8675,0.008707921020686626
6,187,8676,0.05228815972805023
6,188,8677,0.07993780076503754
6,189,8678,0.035842165350914
6,190,8679,0.023266151547431946
6,191,8680,0.007630381267517805
6,192,8681,0.0887068584561348
6,193,8682,0.02757016383111477
6,194,8683,0.04336172714829445
6,195,8684,0.027212288230657578
6,196,8685,0.006744518410414457
6,197,8686,0.03137462958693504
6,198,8687,0.0027844093274325132
6,199,8688,0.09832348674535751
6,200,8689,0.009731462225317955
6,201,8690,0.025677837431430817
6,202,8691,0.01847187429666519
6,203,8692,0.006155858281999826
6,204,8693,0.052391115576028824
6,205,8694,0.0053533464670181274
6,206,8695,0.008741460740566254
6,207,8696,0.005146804265677929
6,208,8697,0.02328898385167122
6,209,8698,0.050868138670921326
6,210,8699,0.0229840949177742
6,211,8700,0.005043443292379379
6,212,8701,0.005602745804935694
6,213,8702,0.005347857251763344
6,214,8703,0.048485979437828064
6,215,8704,0.006702729035168886
6,216,8705,0.044274479150772095
6,217,8706,0.06824912130832672
6,218,8707,0.025724757462739944
6,219,8708,0.010377411730587482
6,220,8709,0.01277921348810196
6,221,8710,0.005769005510956049
6,222,8711,0.03477409482002258
6,223,8712,0.003929939586669207
6,224,8713,0.008392557501792908
6,225,8714,0.009956764988601208
6,226,8715,0.0979362204670906
6,227,8716,0.010488462634384632
6,228,8717,0.021388337016105652
6,229,8718,0.029254335910081863
6,230,8719,0.007986083626747131
6,231,8720,0.002747979247942567
6,232,8721,0.12601155042648315
6,233,8722,0.022824937477707863
6,234,8723,0.0394325852394104
6,235,8724,0.006213740445673466
6,236,8725,0.022113928571343422
6,237,8726,0.005359801463782787
6,238,8727,0.005576792173087597
6,239,8728,0.10339420288801193
6,240,8729,0.006402310915291309
6,241,8730,0.05237729847431183
6,242,8731,0.02638210542500019
6,243,8732,0.07228288799524307
6,244,8733,0.060881730169057846
6,245,8734,0.010540599003434181
6,246,8735,0.012922506779432297
6,247,8736,0.08419088274240494
6,248,8737,0.06820704787969589
6,249,8738,0.06608831137418747
6,250,8739,0.007196802645921707
6,251,8740,0.0055009773932397366
6,252,8741,0.0051691364496946335
6,253,8742,0.01513204537332058
6,254,8743,0.017389826476573944
6,255,8744,0.011068508960306644
6,256,8745,0.027849340811371803
6,257,8746,0.027757782489061356
6,258,8747,0.005340980365872383
6,259,8748,0.005999692715704441
6,260,8749,0.006920896004885435
6,261,8750,0.006321986671537161
6,262,8751,0.013580185361206532
6,263,8752,0.006909725721925497
6,264,8753,0.005252727307379246
6,265,8754,0.08473239094018936
6,266,8755,0.002256423467770219
6,267,8756,0.005595078691840172
6,268,8757,0.03317299857735634
6,269,8758,0.004262823611497879
6,270,8759,0.008710814639925957
6,271,8760,0.022283485159277916
6,272,8761,0.025467311963438988
6,273,8762,0.0031519036274403334
6,274,8763,0.0058282893151044846
6,275,8764,0.0051931519992649555
6,276,8765,0.003315035719424486
6,277,8766,0.11625374853610992
6,278,8767,0.006280889268964529
6,279,8768,0.023715095594525337
6,280,8769,0.0033802473917603493
6,281,8770,0.15319237112998962
6,282,8771,0.005426971707493067
6,283,8772,0.024809692054986954
6,284,8773,0.007382305338978767
6,285,8774,0.019475337117910385
6,286,8775,0.018849428743124008
6,287,8776,0.013503608293831348
6,288,8777,0.0989178940653801
6,289,8778,0.028683535754680634
6,290,8779,0.006634283810853958
6,291,8780,0.07457663118839264
6,292,8781,0.05074341967701912
6,293,8782,0.05993098393082619
6,294,8783,0.002881342312321067
6,295,8784,0.13956962525844574
6,296,8785,0.07049060612916946
6,297,8786,0.007024785038083792
6,298,8787,0.14215591549873352
6,299,8788,0.020027102902531624
6,300,8789,0.01049732230603695
6,301,8790,0.01594025455415249
6,302,8791,0.06529306620359421
6,303,8792,0.023795049637556076
6,304,8793,0.039258960634469986
6,305,8794,0.0623641200363636
6,306,8795,0.012810763902962208
6,307,8796,0.003943685907870531
6,308,8797,0.007656288333237171
6,309,8798,0.010347360745072365
6,310,8799,0.041689079254865646
6,311,8800,0.012548320926725864
6,312,8801,0.019594112411141396
6,313,8802,0.013511859811842442
6,314,8803,0.14130757749080658
6,315,8804,0.0034638457000255585
6,316,8805,0.03562436252832413
6,317,8806,0.01566176302731037
6,318,8807,0.011405332013964653
6,319,8808,0.00581652857363224
6,320,8809,0.00493062287569046
6,321,8810,0.021313242614269257
6,322,8811,0.02310267463326454
6,323,8812,0.006209620274603367
6,324,8813,0.042966607958078384
6,325,8814,0.018323060125112534
6,326,8815,0.03317561373114586
6,327,8816,0.008417150005698204
6,328,8817,0.030830102041363716
6,329,8818,0.022295858711004257
6,330,8819,0.01831137202680111
6,331,8820,0.0048089586198329926
6,332,8821,0.053600143641233444
6,333,8822,0.011569357477128506
6,334,8823,0.004295908845961094
6,335,8824,0.015339617617428303
6,336,8825,0.03417830914258957
6,337,8826,0.08162464946508408
6,338,8827,0.002165406011044979
6,339,8828,0.00754442997276783
6,340,8829,0.0039855604991316795
6,341,8830,0.00837741605937481
6,342,8831,0.0026011152658611536
6,343,8832,0.059017203748226166
6,344,8833,0.016468236222863197
6,345,8834,0.037347689270973206
6,346,8835,0.014006688259541988
6,347,8836,0.0027974641416221857
6,348,8837,0.00680405180901289
6,349,8838,0.00478696683421731
6,350,8839,0.07164403796195984
6,351,8840,0.004671117290854454
6,352,8841,0.0056416611187160015
6,353,8842,0.020594870671629906
6,354,8843,0.006427713204175234
6,355,8844,0.006395359989255667
6,356,8845,0.006070462055504322
6,357,8846,0.05094781145453453
6,358,8847,0.05076365917921066
6,359,8848,0.0073800114914774895
6,360,8849,0.04996176436543465
6,361,8850,0.0034384962636977434
6,362,8851,0.005946777760982513
6,363,8852,0.015826407819986343
6,364,8853,0.02139498107135296
6,365,8854,0.1172889843583107
6,366,8855,0.007458495907485485
6,367,8856,0.06873548030853271
6,368,8857,0.00991351343691349
6,369,8858,0.005551346577703953
6,370,8859,0.02301733009517193
6,371,8860,0.01199547853320837
6,372,8861,0.012002094648778439
6,373,8862,0.016391893848776817
6,374,8863,0.018476027995347977
6,375,8864,0.007492313627153635
6,376,8865,0.006232899148017168
6,377,8866,0.007541516795754433
6,378,8867,0.016240039840340614
6,379,8868,0.019234519451856613
6,380,8869,0.05141834169626236
6,381,8870,0.004969093482941389
6,382,8871,0.04389394074678421
6,383,8872,0.014707227237522602
6,384,8873,0.0028491015546023846
6,385,8874,0.07391214370727539
6,386,8875,0.005499419756233692
6,387,8876,0.029576269909739494
6,388,8877,0.03911195322871208
6,389,8878,0.0458407998085022
6,390,8879,0.06996361166238785
6,391,8880,0.0692780390381813
6,392,8881,0.012244202196598053
6,393,8882,0.004529968835413456
6,394,8883,0.005977272521704435
6,395,8884,0.018042083829641342
6,396,8885,0.0047859796322882175
6,397,8886,0.017137276008725166
6,398,8887,0.021996546536684036
6,399,8888,0.011113451793789864
6,400,8889,0.006845016032457352
6,401,8890,0.031198613345623016
6,402,8891,0.002916427794843912
6,403,8892,0.00432206504046917
6,404,8893,0.06470922380685806
6,405,8894,0.09907837212085724
6,406,8895,0.01933489367365837
6,407,8896,0.002137517323717475
6,408,8897,0.004479474388062954
6,409,8898,0.002288438379764557
6,410,8899,0.006613260600715876
6,411,8900,0.0580826997756958
6,412,8901,0.017413241788744926
6,413,8902,0.01098603568971157
6,414,8903,0.04046466946601868
6,415,8904,0.023398082703351974
6,416,8905,0.001663274597376585
6,417,8906,0.07399894297122955
6,418,8907,0.0038042268715798855
6,419,8908,0.002184949116781354
6,420,8909,0.00838011596351862
6,421,8910,0.02804475463926792
6,422,8911,0.03430389612913132
6,423,8912,0.008487469516694546
6,424,8913,0.02122621424496174
6,425,8914,0.005203756969422102
6,426,8915,0.012673009186983109
6,427,8916,0.004962412174791098
6,428,8917,0.015297106467187405
6,429,8918,0.05016840994358063
6,430,8919,0.014211773872375488
6,431,8920,0.028996046632528305
6,432,8921,0.029775813221931458
6,433,8922,0.013093643821775913
6,434,8923,0.013062313199043274
6,435,8924,0.002312208293005824
6,436,8925,0.05675660818815231
6,437,8926,0.0031952864956110716
6,438,8927,0.006533625535666943
6,439,8928,0.03792212903499603
6,440,8929,0.002044230466708541
6,441,8930,0.011529708281159401
6,442,8931,0.01617543399333954
6,443,8932,0.028521060943603516
6,444,8933,0.008479158394038677
6,445,8934,0.039095666259527206
6,446,8935,0.0026910321321338415
6,447,8936,0.004847578704357147
6,448,8937,0.01150427758693695
6,449,8938,0.027827821671962738
6,450,8939,0.007075737230479717
6,451,8940,0.003609000239521265
6,452,8941,0.08565156161785126
6,453,8942,0.0030947942286729813
6,454,8943,0.03735249862074852
6,455,8944,0.10894350707530975
6,456,8945,0.008599044755101204
6,457,8946,0.011088755913078785
6,458,8947,0.010450944304466248
6,459,8948,0.04339006170630455
6,460,8949,0.010515237227082253
6,461,8950,0.013527325354516506
6,462,8951,0.17256462574005127
6,463,8952,0.03238235414028168
6,464,8953,0.01582503505051136
6,465,8954,0.05242510139942169
6,466,8955,0.03377988189458847
6,467,8956,0.0294949933886528
6,468,8957,0.009902872145175934
6,469,8958,0.017599675804376602
6,470,8959,0.0096826096996665
6,471,8960,0.10261603444814682
6,472,8961,0.014680851250886917
6,473,8962,0.004389338660985231
6,474,8963,0.004744598641991615
6,475,8964,0.003873249748721719
6,476,8965,0.010479811578989029
6,477,8966,0.05205182731151581
6,478,8967,0.004666727036237717
6,479,8968,0.02082209102809429
6,480,8969,0.011996058747172356
6,481,8970,0.004968565888702869
6,482,8971,0.04608629271388054
6,483,8972,0.007016282062977552
6,484,8973,0.0027631307020783424
6,485,8974,0.006621782202273607
6,486,8975,0.048270855098962784
6,487,8976,0.0040238783694803715
6,488,8977,0.002848835662007332
6,489,8978,0.019119398668408394
6,490,8979,0.004763149190694094
6,491,8980,0.12646491825580597
6,492,8981,0.06004144251346588
6,493,8982,0.05159923434257507
6,494,8983,0.0034100953489542007
6,495,8984,0.005928463768213987
6,496,8985,0.008651476353406906
6,497,8986,0.011810451745986938
6,498,8987,0.009890835732221603
6,499,8988,0.096334308385849
6,500,8989,0.008427144028246403
6,501,8990,0.015557736158370972
6,502,8991,0.020025242120027542
6,503,8992,0.01069012749940157
6,504,8993,0.04289121925830841
6,505,8994,0.01415088027715683
6,506,8995,0.0042159054428339005
6,507,8996,0.015868013724684715
6,508,8997,0.004714093171060085
6,509,8998,0.0032917391508817673
6,510,8999,0.0076633901335299015
6,511,9000,0.0030304640531539917
6,512,9001,0.002860929351300001
6,513,9002,0.007088394835591316
6,514,9003,0.01013222150504589
6,515,9004,0.0017086905427277088
6,516,9005,0.018794409930706024
6,517,9006,0.0012599315959960222
6,518,9007,0.02565198950469494
6,519,9008,0.02549850568175316
6,520,9009,0.014812646433711052
6,521,9010,0.002513389103114605
6,522,9011,0.004198910668492317
6,523,9012,0.07817681133747101
6,524,9013,0.0064392415806651115
6,525,9014,0.039216864854097366
6,526,9015,0.037284526973962784
6,527,9016,0.014248969964683056
6,528,9017,0.012695437297224998
6,529,9018,0.0037105781957507133
6,530,9019,0.006449698470532894
6,531,9020,0.003921823110431433
6,532,9021,0.04421624168753624
6,533,9022,0.008529442362487316
6,534,9023,0.007027695421129465
6,535,9024,0.057161178439855576
6,536,9025,0.01107508223503828
6,537,9026,0.006693276576697826
6,538,9027,0.014437699690461159
6,539,9028,0.010051080957055092
6,540,9029,0.004855082370340824
6,541,9030,0.01825210638344288
6,542,9031,0.008990872651338577
6,543,9032,0.006050850730389357
6,544,9033,0.0037737286183983088
6,545,9034,0.002410164335742593
6,546,9035,0.007989861071109772
6,547,9036,0.0026148210745304823
6,548,9037,0.01613285019993782
6,549,9038,0.021051237359642982
6,550,9039,0.012703138403594494
6,551,9040,0.023326843976974487
6,552,9041,0.002581866690889001
6,553,9042,0.01267318893224001
6,554,9043,0.0041922940872609615
6,555,9044,0.008290290832519531
6,556,9045,0.03325900062918663
6,557,9046,0.04040031507611275
6,558,9047,0.00590503728017211
6,559,9048,0.003530805930495262
6,560,9049,0.00814600195735693
6,561,9050,0.006536190398037434
6,562,9051,0.028684519231319427
6,563,9052,0.0020556137897074223
6,564,9053,0.011515907943248749
6,565,9054,0.008220071904361248
6,566,9055,0.003051461186259985
6,567,9056,0.017084108665585518
6,568,9057,0.0026916146744042635
6,569,9058,0.002656072610989213
6,570,9059,0.05668930336833
6,571,9060,0.006393957417458296
6,572,9061,0.0030056240502744913
6,573,9062,0.0024572566617280245
6,574,9063,0.050164755433797836
6,575,9064,0.011726196855306625
6,576,9065,0.0042772372253239155
6,577,9066,0.003919005859643221
6,578,9067,0.023213718086481094
6,579,9068,0.012203136458992958
6,580,9069,0.0014210859080776572
6,581,9070,0.016295453533530235
6,582,9071,0.008763652294874191
6,583,9072,0.016791492700576782
6,584,9073,0.014911910519003868
6,585,9074,0.0036846925504505634
6,586,9075,0.013569774106144905
6,587,9076,0.013529402203857899
6,588,9077,0.021713916212320328
6,589,9078,0.0038284289184957743
6,590,9079,0.0035668781492859125
6,591,9080,0.005953959655016661
6,592,9081,0.003553255693987012
6,593,9082,0.011421910487115383
6,594,9083,0.019238995388150215
6,595,9084,0.014500115998089314
6,596,9085,0.0019786956254392862
6,597,9086,0.0012883041054010391
6,598,9087,0.003575353417545557
6,599,9088,0.052359990775585175
6,600,9089,0.016359785571694374
6,601,9090,0.002050934359431267
6,602,9091,0.005982604343444109
6,603,9092,0.024153005331754684
6,604,9093,0.05617884546518326
6,605,9094,0.007182602770626545
6,606,9095,0.07607559114694595
6,607,9096,0.031928859651088715
6,608,9097,0.06602650880813599
6,609,9098,0.012107620015740395
6,610,9099,0.06853726506233215
6,611,9100,0.0202869214117527
6,612,9101,0.06473936885595322
6,613,9102,0.007438197731971741
6,614,9103,0.01814592257142067
6,615,9104,0.08058318495750427
6,616,9105,0.1038578450679779
6,617,9106,0.0038475480396300554
6,618,9107,0.015684204176068306
6,619,9108,0.012745442800223827
6,620,9109,0.010055274702608585
6,621,9110,0.004143484868109226
6,622,9111,0.013450882397592068
6,623,9112,0.0075180805288255215
6,624,9113,0.016515925526618958
6,625,9114,0.005565364845097065
6,626,9115,0.012850937433540821
6,627,9116,0.07181646674871445
6,628,9117,0.0516345240175724
6,629,9118,0.006814391817897558
6,630,9119,0.03006577678024769
6,631,9120,0.005674170330166817
6,632,9121,0.003096014726907015
6,633,9122,0.0037974254228174686
6,634,9123,0.01292702741920948
6,635,9124,0.002224951982498169
6,636,9125,0.006577863357961178
6,637,9126,0.03544146940112114
6,638,9127,0.0038803890347480774
6,639,9128,0.06714781373739243
6,640,9129,0.005030506290495396
6,641,9130,0.055135563015937805
6,642,9131,0.02834983542561531
6,643,9132,0.027664661407470703
6,644,9133,0.04550290107727051
6,645,9134,0.06684422492980957
6,646,9135,0.007046829909086227
6,647,9136,0.025990646332502365
6,648,9137,0.004145422484725714
6,649,9138,0.0065442295745015144
6,650,9139,0.005683037452399731
6,651,9140,0.022023476660251617
6,652,9141,0.006949485279619694
6,653,9142,0.03068982996046543
6,654,9143,0.06364203989505768
6,655,9144,0.08264928311109543
6,656,9145,0.00652036489918828
6,657,9146,0.053685955703258514
6,658,9147,0.004738053306937218
6,659,9148,0.0029737423174083233
6,660,9149,0.0426519475877285
6,661,9150,0.00792172271758318
6,662,9151,0.02186836674809456
6,663,9152,0.0032738803420215845
6,664,9153,0.01154323946684599
6,665,9154,0.004365688189864159
6,666,9155,0.08045636862516403
6,667,9156,0.02621610090136528
6,668,9157,0.2084624022245407
6,669,9158,0.0022100466303527355
6,670,9159,0.16015052795410156
6,671,9160,0.004908084403723478
6,672,9161,0.045244332402944565
6,673,9162,0.00893381703644991
6,674,9163,0.0029807810205966234
6,675,9164,0.061708103865385056
6,676,9165,0.005342413205653429
6,677,9166,0.01678072102367878
6,678,9167,0.00947931595146656
6,679,9168,0.03040550835430622
6,680,9169,0.07809502631425858
6,681,9170,0.0275612510740757
6,682,9171,0.06420658528804779
6,683,9172,0.02154996618628502
6,684,9173,0.04840501770377159
6,685,9174,0.012178916484117508
6,686,9175,0.017558695748448372
6,687,9176,0.05352167785167694
6,688,9177,0.01028834655880928
6,689,9178,0.009107448160648346
6,690,9179,0.005325810052454472
6,691,9180,0.03742947056889534
6,692,9181,0.007870023138821125
6,693,9182,0.0074550858698785305
6,694,9183,0.07356468588113785
6,695,9184,0.003055779729038477
6,696,9185,0.006415767595171928
6,697,9186,0.0644499734044075
6,698,9187,0.01079013291746378
6,699,9188,0.0061591677367687225
6,700,9189,0.0029379066545516253
6,701,9190,0.014400108717381954
6,702,9191,0.044100888073444366
6,703,9192,0.04677260294556618
6,704,9193,0.008305332623422146
6,705,9194,0.030936002731323242
6,706,9195,0.04554422199726105
6,707,9196,0.01013935822993517
6,708,9197,0.012884215451776981
6,709,9198,0.0024890275672078133
6,710,9199,0.008813262917101383
6,711,9200,0.002530236728489399
6,712,9201,0.04095529392361641
6,713,9202,0.035730186849832535
6,714,9203,0.023685215041041374
6,715,9204,0.0011674993438646197
6,716,9205,0.01488244067877531
6,717,9206,0.018952175974845886
6,718,9207,0.021042486652731895
6,719,9208,0.025668809190392494
6,720,9209,0.010022522881627083
6,721,9210,0.00219331169500947
6,722,9211,0.0059358892031013966
6,723,9212,0.04202089086174965
6,724,9213,0.003841815982013941
6,725,9214,0.0031147031113505363
6,726,9215,0.004598578438162804
6,727,9216,0.021048495545983315
6,728,9217,0.028601495549082756
6,729,9218,0.053676120936870575
6,730,9219,0.00261595263145864
6,731,9220,0.012943023815751076
6,732,9221,0.021285373717546463
6,733,9222,0.0024084863252937794
6,734,9223,0.0020806563552469015
6,735,9224,0.035035934299230576
6,736,9225,0.006010347045958042
6,737,9226,0.06572476774454117
6,738,9227,0.03420145809650421
6,739,9228,0.06917757540941238
6,740,9229,0.04365608096122742
6,741,9230,0.015485674142837524
6,742,9231,0.09327971190214157
6,743,9232,0.015808358788490295
6,744,9233,0.1088012307882309
6,745,9234,0.09050066769123077
6,746,9235,0.0008570075733587146
6,747,9236,0.07257603108882904
6,748,9237,0.06885527074337006
6,749,9238,0.028334245085716248
6,750,9239,0.016301987692713737
6,751,9240,0.01255281176418066
6,752,9241,0.011474675498902798
6,753,9242,0.014639530330896378
6,754,9243,0.00893198698759079
6,755,9244,0.0034106052480638027
6,756,9245,0.11818117648363113
6,757,9246,0.00987278763204813
6,758,9247,0.05434805899858475
6,759,9248,0.10282253473997116
6,760,9249,0.03358890861272812
6,761,9250,0.06648516654968262
6,762,9251,0.049067411571741104
6,763,9252,0.004603605717420578
6,764,9253,0.04407612234354019
6,765,9254,0.004372088238596916
6,766,9255,0.005359869450330734
6,767,9256,0.024751510471105576
6,768,9257,0.08108233660459518
6,769,9258,0.013129263184964657
6,770,9259,0.060375213623046875
6,771,9260,0.00328270741738379
6,772,9261,0.029471274465322495
6,773,9262,0.00741764297708869
6,774,9263,0.06509251892566681
6,775,9264,0.014011161401867867
6,776,9265,0.11379288882017136
6,777,9266,0.022584743797779083
6,778,9267,0.007271754089742899
6,779,9268,0.048470355570316315
6,780,9269,0.008380117826163769
6,781,9270,0.09505317360162735
6,782,9271,0.03524826839566231
6,783,9272,0.023951390758156776
6,784,9273,0.028511550277471542
6,785,9274,0.10699952393770218
6,786,9275,0.04928068071603775
6,787,9276,0.032820090651512146
6,788,9277,0.020727623254060745
6,789,9278,0.09244763851165771
6,790,9279,0.10053928941488266
6,791,9280,0.01670258492231369
6,792,9281,0.04111798107624054
6,793,9282,0.1565254032611847
6,794,9283,0.04977615550160408
6,795,9284,0.08300050348043442
6,796,9285,0.200509712100029
6,797,9286,0.20006577670574188
6,798,9287,0.12214437127113342
6,799,9288,0.2485574334859848
6,800,9289,0.23153436183929443
6,801,9290,0.27004334330558777
6,802,9291,0.10000576823949814
6,803,9292,0.06936021894216537
6,804,9293,0.05129304900765419
6,805,9294,0.15197712182998657
6,806,9295,0.15164583921432495
6,807,9296,0.06798103451728821
6,808,9297,0.0941779688000679
6,809,9298,0.07401660084724426
6,810,9299,0.09388630092144012
6,811,9300,0.08576522022485733
6,812,9301,0.12411811202764511
6,813,9302,0.0628996416926384
6,814,9303,0.06220042705535889
6,815,9304,0.10031570494174957
6,816,9305,0.06618110090494156
6,817,9306,0.04324009642004967
6,818,9307,0.01890246756374836
6,819,9308,0.025746474042534828
6,820,9309,0.07785018533468246
6,821,9310,0.02599562704563141
6,822,9311,0.030655235052108765
6,823,9312,0.042442675679922104
6,824,9313,0.011510052718222141
6,825,9314,0.01282808929681778
6,826,9315,0.011571252718567848
6,827,9316,0.02394716441631317
6,828,9317,0.013011717237532139
6,829,9318,0.016334081068634987
6,830,9319,0.08799728751182556
6,831,9320,0.06574422121047974
6,832,9321,0.10004963725805283
6,833,9322,0.016059085726737976
6,834,9323,0.01055295579135418
6,835,9324,0.08807497471570969
6,836,9325,0.02079925686120987
6,837,9326,0.0362296886742115
6,838,9327,0.006600814405828714
6,839,9328,0.025237012654542923
6,840,9329,0.05413493886590004
6,841,9330,0.06915280967950821
6,842,9331,0.017933735623955727
6,843,9332,0.03837800398468971
6,844,9333,0.023853957653045654
6,845,9334,0.01724555529654026
6,846,9335,0.031016496941447258
6,847,9336,0.0021267549600452185
6,848,9337,0.03241270035505295
6,849,9338,0.007518221624195576
6,850,9339,0.0029481900855898857
6,851,9340,0.041053708642721176
6,852,9341,0.0076947445049881935
6,853,9342,0.026827484369277954
6,854,9343,0.008290945552289486
6,855,9344,0.016142668202519417
6,856,9345,0.03028305061161518
6,857,9346,0.002591874450445175
6,858,9347,0.009530776180326939
6,859,9348,0.056059300899505615
6,860,9349,0.03593408316373825
6,861,9350,0.015984900295734406
6,862,9351,0.019845986738801003
6,863,9352,0.008196095936000347
6,864,9353,0.023215044289827347
6,865,9354,0.021952331066131592
6,866,9355,0.013257184065878391
6,867,9356,0.07398659735918045
6,868,9357,0.011952300556004047
6,869,9358,0.0059677911922335625
6,870,9359,0.018934255465865135
6,871,9360,0.005320584401488304
6,872,9361,0.0014445356791839004
6,873,9362,0.08939781039953232
6,874,9363,0.023680618032813072
6,875,9364,0.001875092275440693
6,876,9365,0.008153376169502735
6,877,9366,0.006530393846333027
6,878,9367,0.0091805849224329
6,879,9368,0.04035555198788643
6,880,9369,0.023855553939938545
6,881,9370,0.01879497617483139
6,882,9371,0.07059990614652634
6,883,9372,0.010709882713854313
6,884,9373,0.022602397948503494
6,885,9374,0.0014271877007558942
6,886,9375,0.08429821580648422
6,887,9376,0.026868293061852455
6,888,9377,0.06796549260616302
6,889,9378,0.0037089716643095016
6,890,9379,0.021831687539815903
6,891,9380,0.2511489689350128
6,892,9381,0.005379323847591877
6,893,9382,0.015647228807210922
6,894,9383,0.009917182847857475
6,895,9384,0.008895487524569035
6,896,9385,0.06515288352966309
6,897,9386,0.0037143549416214228
6,898,9387,0.10830181837081909
6,899,9388,0.013772862032055855
6,900,9389,0.010197427123785019
6,901,9390,0.006299699656665325
6,902,9391,0.006475553847849369
6,903,9392,0.006742115132510662
6,904,9393,0.012541579082608223
6,905,9394,0.06568896025419235
6,906,9395,0.1344951093196869
6,907,9396,0.02368917129933834
6,908,9397,0.01029872614890337
6,909,9398,0.030966443940997124
6,910,9399,0.010923393070697784
6,911,9400,0.025334253907203674
6,912,9401,0.012334262952208519
6,913,9402,0.046621423214673996
6,914,9403,0.017729416489601135
6,915,9404,0.03442763164639473
6,916,9405,0.111126609146595
6,917,9406,0.06489411741495132
6,918,9407,0.03466062247753143
6,919,9408,0.039063405245542526
6,920,9409,0.04832311347126961
6,921,9410,0.01331356167793274
6,922,9411,0.005182947032153606
6,923,9412,0.039855893701314926
6,924,9413,0.037686482071876526
6,925,9414,0.016619672998785973
6,926,9415,0.005497949663549662
6,927,9416,0.011037396267056465
6,928,9417,0.05772220343351364
6,929,9418,0.005563730839639902
6,930,9419,0.0527523010969162
6,931,9420,0.00548224663361907
6,932,9421,0.10675819963216782
6,933,9422,0.008034035563468933
6,934,9423,0.023751044645905495
6,935,9424,0.041505664587020874
6,936,9425,0.016451846808195114
6,937,9426,0.009416327811777592
6,938,9427,0.020249785855412483
6,939,9428,0.013555516488850117
6,940,9429,0.025270262733101845
6,941,9430,0.02458002045750618
6,942,9431,0.01781982183456421
6,943,9432,0.018190303817391396
6,944,9433,0.009531363844871521
6,945,9434,0.02148887701332569
6,946,9435,0.02571958862245083
6,947,9436,0.037825729697942734
6,948,9437,0.036571845412254333
6,949,9438,0.03001321852207184
6,950,9439,0.0014389872085303068
6,951,9440,0.01432096492499113
6,952,9441,0.0033551109954714775
6,953,9442,0.05249472334980965
6,954,9443,0.009715653024613857
6,955,9444,0.06780967861413956
6,956,9445,0.006094819866120815
6,957,9446,0.028125841170549393
6,958,9447,0.005016868468374014
6,959,9448,0.059166066348552704
6,960,9449,0.038258638232946396
6,961,9450,0.0013591947499662638
6,962,9451,0.007555749267339706
6,963,9452,0.12774218618869781
6,964,9453,0.025944391265511513
6,965,9454,0.02102530561387539
6,966,9455,0.009513580240309238
6,967,9456,0.0594836063683033
6,968,9457,0.09578579664230347
6,969,9458,0.0198904387652874
6,970,9459,0.02890615351498127
6,971,9460,0.02989799901843071
6,972,9461,0.01043187826871872
6,973,9462,0.02573179267346859
6,974,9463,0.019377395510673523
6,975,9464,0.04659617319703102
6,976,9465,0.0519811250269413
6,977,9466,0.07763151079416275
6,978,9467,0.041938070207834244
6,979,9468,0.009667742066085339
6,980,9469,0.006439075339585543
6,981,9470,0.003626149380579591
6,982,9471,0.005060563329607248
6,983,9472,0.08912154287099838
6,984,9473,0.0741056278347969
6,985,9474,0.02310652658343315
6,986,9475,0.048884399235248566
6,987,9476,0.04416939988732338
6,988,9477,0.08245964348316193
6,989,9478,0.10405859351158142
6,990,9479,0.03127491474151611
6,991,9480,0.06479931622743607
6,992,9481,0.0412069596350193
6,993,9482,0.0064092534594237804
6,994,9483,0.026259612292051315
6,995,9484,0.00520127872005105
6,996,9485,0.01171827781945467
6,997,9486,0.009518533013761044
6,998,9487,0.01003750879317522
6,999,9488,0.03101523406803608
6,1000,9489,0.022984620183706284
6,1001,9490,0.04597077891230583
6,1002,9491,0.0034610950388014317
6,1003,9492,0.0033787344582378864
6,1004,9493,0.008804470300674438
6,1005,9494,0.009508924558758736
6,1006,9495,0.02149052731692791
6,1007,9496,0.03466920927166939
6,1008,9497,0.08837351202964783
6,1009,9498,0.022965461015701294
6,1010,9499,0.03685508295893669
6,1011,9500,0.020351311191916466
6,1012,9501,0.01566489413380623
6,1013,9502,0.017599504441022873
6,1014,9503,0.014882795512676239
6,1015,9504,0.01454672310501337
6,1016,9505,0.009259556420147419
6,1017,9506,0.009082777425646782
6,1018,9507,0.012999520637094975
6,1019,9508,0.015675853937864304
6,1020,9509,0.004010684788227081
6,1021,9510,0.053879816085100174
6,1022,9511,0.01169094443321228
6,1023,9512,0.023816144093871117
6,1024,9513,0.005459796637296677
6,1025,9514,0.0033924460876733065
6,1026,9515,0.0041563366539776325
6,1027,9516,0.0026722580660134554
6,1028,9517,0.001798660377971828
6,1029,9518,0.0698927491903305
6,1030,9519,0.01121996808797121
6,1031,9520,0.00866817869246006
6,1032,9521,0.006218962837010622
6,1033,9522,0.03390626236796379
6,1034,9523,0.00905222725123167
6,1035,9524,0.005872749723494053
6,1036,9525,0.006331225857138634
6,1037,9526,0.014317043125629425
6,1038,9527,0.0418076291680336
6,1039,9528,0.001588687882758677
6,1040,9529,0.056371696293354034
6,1041,9530,0.005716994404792786
6,1042,9531,0.02056839130818844
6,1043,9532,0.012704592198133469
6,1044,9533,0.09277978539466858
6,1045,9534,0.015051533468067646
6,1046,9535,0.003818131983280182
6,1047,9536,0.0035593786742538214
6,1048,9537,0.0035876876208931208
6,1049,9538,0.0707322433590889
6,1050,9539,0.05209764838218689
6,1051,9540,0.009402874857187271
6,1052,9541,0.005999972112476826
6,1053,9542,0.0012529822997748852
6,1054,9543,0.032842006534338
6,1055,9544,0.006547564174979925
6,1056,9545,0.0033199761528521776
6,1057,9546,0.018531952053308487
6,1058,9547,0.006169481202960014
6,1059,9548,0.02641480416059494
6,1060,9549,0.007709238678216934
6,1061,9550,0.0030073088128119707
6,1062,9551,0.006823723670095205
6,1063,9552,0.012768899090588093
6,1064,9553,0.03473992273211479
6,1065,9554,0.002491710940375924
6,1066,9555,0.01754521206021309
6,1067,9556,0.00513072032481432
6,1068,9557,0.008229623548686504
6,1069,9558,0.025345919653773308
6,1070,9559,0.02736852876842022
6,1071,9560,0.01109646912664175
6,1072,9561,0.025512993335723877
6,1073,9562,0.004402016289532185
6,1074,9563,0.003764995140954852
6,1075,9564,0.005431775003671646
6,1076,9565,0.017129629850387573
6,1077,9566,0.012247568927705288
6,1078,9567,0.0034705698490142822
6,1079,9568,0.03515038266777992
6,1080,9569,0.009473503567278385
6,1081,9570,0.003662610426545143
6,1082,9571,0.062452904880046844
6,1083,9572,0.0023936901707202196
6,1084,9573,0.029558425769209862
6,1085,9574,0.06519931554794312
6,1086,9575,0.0025884711649268866
6,1087,9576,0.026185981929302216
6,1088,9577,0.03787112608551979
6,1089,9578,0.0028061310295015574
6,1090,9579,0.02317602001130581
6,1091,9580,0.005917361006140709
6,1092,9581,0.015819892287254333
6,1093,9582,0.009995129890739918
6,1094,9583,0.00879504345357418
6,1095,9584,0.0028002928011119366
6,1096,9585,0.07838232815265656
6,1097,9586,0.008957899175584316
6,1098,9587,0.023294392973184586
6,1099,9588,0.004742776975035667
6,1100,9589,0.014651558361947536
6,1101,9590,0.02406679093837738
6,1102,9591,0.01280767098069191
6,1103,9592,0.018946271389722824
6,1104,9593,0.09388341754674911
6,1105,9594,0.004594104830175638
6,1106,9595,0.033503904938697815
6,1107,9596,0.07121723145246506
6,1108,9597,0.0038346145302057266
6,1109,9598,0.00310134538449347
6,1110,9599,0.1307230144739151
6,1111,9600,0.0037139062769711018
6,1112,9601,0.04901886358857155
6,1113,9602,0.0044236332178115845
6,1114,9603,0.008749781176447868
6,1115,9604,0.024033252149820328
6,1116,9605,0.047829519957304
6,1117,9606,0.05008925870060921
6,1118,9607,0.005238982383161783
6,1119,9608,0.030655736103653908
6,1120,9609,0.005446759983897209
6,1121,9610,0.03820658102631569
6,1122,9611,0.011596900410950184
6,1123,9612,0.015710866078734398
6,1124,9613,0.036575641483068466
6,1125,9614,0.014454353600740433
6,1126,9615,0.013797211460769176
6,1127,9616,0.0035635726526379585
6,1128,9617,0.006585662253201008
6,1129,9618,0.008772720582783222
6,1130,9619,0.013574277982115746
6,1131,9620,0.07242221385240555
6,1132,9621,0.002447084989398718
6,1133,9622,0.002657327800989151
6,1134,9623,0.007662733551114798
6,1135,9624,0.018923409283161163
6,1136,9625,0.03420531377196312
6,1137,9626,0.0201291311532259
6,1138,9627,0.012681912630796432
6,1139,9628,0.004769941326230764
6,1140,9629,0.011581202037632465
6,1141,9630,0.011931754648685455
6,1142,9631,0.005420547444373369
6,1143,9632,0.0037952596321702003
6,1144,9633,0.010652333498001099
6,1145,9634,0.0990423634648323
6,1146,9635,0.002824702998623252
6,1147,9636,0.01812262088060379
6,1148,9637,0.005986795760691166
6,1149,9638,0.08728155493736267
6,1150,9639,0.00711437501013279
6,1151,9640,0.03183697536587715
6,1152,9641,0.007659310009330511
6,1153,9642,0.023908864706754684
6,1154,9643,0.008548549376428127
6,1155,9644,0.037428952753543854
6,1156,9645,0.006082417909055948
6,1157,9646,0.015012409538030624
6,1158,9647,0.032770607620477676
6,1159,9648,0.026122167706489563
6,1160,9649,0.013032118789851665
6,1161,9650,0.003807505127042532
6,1162,9651,0.08590840548276901
6,1163,9652,0.005304388236254454
6,1164,9653,0.005991790443658829
6,1165,9654,0.03995673730969429
6,1166,9655,0.0030036536045372486
6,1167,9656,0.01766921766102314
6,1168,9657,0.03253287449479103
6,1169,9658,0.02913781628012657
6,1170,9659,0.00985631998628378
6,1171,9660,0.012245247140526772
6,1172,9661,0.00460644718259573
6,1173,9662,0.007584532722830772
6,1174,9663,0.007407570723444223
6,1175,9664,0.004900227300822735
6,1176,9665,0.0041442448273301125
6,1177,9666,0.04876330494880676
6,1178,9667,0.004038042854517698
6,1179,9668,0.006306168157607317
6,1180,9669,0.011949185281991959
6,1181,9670,0.004329300951212645
6,1182,9671,0.041062790900468826
6,1183,9672,0.0020589008927345276
6,1184,9673,0.011928807012736797
6,1185,9674,0.006207918282598257
6,1186,9675,0.0457354336977005
6,1187,9676,0.002882762346416712
6,1188,9677,0.10624047368764877
6,1189,9678,0.004375307820737362
6,1190,9679,0.005766038782894611
6,1191,9680,0.03583161160349846
6,1192,9681,0.003338843584060669
6,1193,9682,0.05319477245211601
6,1194,9683,0.002738064853474498
6,1195,9684,0.034960318356752396
6,1196,9685,0.041125115007162094
6,1197,9686,0.04138828441500664
6,1198,9687,0.03397170454263687
6,1199,9688,0.05504119396209717
6,1200,9689,0.12816427648067474
6,1201,9690,0.008096184581518173
6,1202,9691,0.030544262379407883
6,1203,9692,0.018105147406458855
6,1204,9693,0.036062031984329224
6,1205,9694,0.03187569975852966
6,1206,9695,0.011821321211755276
6,1207,9696,0.033355291932821274
6,1208,9697,0.019712142646312714
6,1209,9698,0.02039807103574276
6,1210,9699,0.01357978954911232
6,1211,9700,0.018581965938210487
6,1212,9701,0.059631798416376114
6,1213,9702,0.00865813996642828
6,1214,9703,0.006524907425045967
6,1215,9704,0.007247463334351778
6,1216,9705,0.004274617414921522
6,1217,9706,0.1468682438135147
6,1218,9707,0.00343164405785501
6,1219,9708,0.007444816641509533
6,1220,9709,0.005736154038459063
6,1221,9710,0.008809630759060383
6,1222,9711,0.007910815067589283
6,1223,9712,0.020200392231345177
6,1224,9713,0.09404332935810089
6,1225,9714,0.01396147906780243
6,1226,9715,0.004647355526685715
6,1227,9716,0.012435945682227612
6,1228,9717,0.0035776461008936167
6,1229,9718,0.011078478768467903
6,1230,9719,0.005365279968827963
6,1231,9720,0.007515439298003912
6,1232,9721,0.14241139590740204
6,1233,9722,0.004786825273185968
6,1234,9723,0.02059793658554554
6,1235,9724,0.022362127900123596
6,1236,9725,0.041964299976825714
6,1237,9726,0.026245668530464172
6,1238,9727,0.0044311522506177425
6,1239,9728,0.00703194597736001
6,1240,9729,0.0073889996856451035
6,1241,9730,0.008081207051873207
6,1242,9731,0.0067331138998270035
6,1243,9732,0.03080926463007927
6,1244,9733,0.05685485899448395
6,1245,9734,0.07531493902206421
6,1246,9735,0.003996167331933975
6,1247,9736,0.01002612616866827
6,1248,9737,0.00620556203648448
6,1249,9738,0.07301408797502518
6,1250,9739,0.0023568079341202974
6,1251,9740,0.00793512724339962
6,1252,9741,0.026624204590916634
6,1253,9742,0.0023117666132748127
6,1254,9743,0.021471204236149788
6,1255,9744,0.07508675009012222
6,1256,9745,0.015509829856455326
6,1257,9746,0.013750373385846615
6,1258,9747,0.008646146394312382
6,1259,9748,0.01413552463054657
6,1260,9749,0.023639533668756485
6,1261,9750,0.0031896159052848816
6,1262,9751,0.00455854507163167
6,1263,9752,0.0030985581688582897
6,1264,9753,0.008895213715732098
6,1265,9754,0.010326637886464596
6,1266,9755,0.060987647622823715
6,1267,9756,0.013331437483429909
6,1268,9757,0.04054945334792137
6,1269,9758,0.010341267101466656
6,1270,9759,0.006852361373603344
6,1271,9760,0.013714897446334362
6,1272,9761,0.01585259847342968
6,1273,9762,0.005291655659675598
6,1274,9763,0.009891549125313759
6,1275,9764,0.019788533449172974
6,1276,9765,0.06744217872619629
6,1277,9766,0.00448120990768075
6,1278,9767,0.023653587326407433
6,1279,9768,0.00555409537628293
6,1280,9769,0.0097575718536973
6,1281,9770,0.0694790706038475
6,1282,9771,0.009495490230619907
6,1283,9772,0.1768440306186676
6,1284,9773,0.03876391798257828
6,1285,9774,0.0033985369373112917
6,1286,9775,0.0028190158773213625
6,1287,9776,0.002853516722097993
6,1288,9777,0.006173479370772839
6,1289,9778,0.017361273989081383
6,1290,9779,0.032815203070640564
6,1291,9780,0.004267175681889057
6,1292,9781,0.015454025007784367
6,1293,9782,0.006234343163669109
6,1294,9783,0.005825500935316086
6,1295,9784,0.015622856095433235
6,1296,9785,0.053649626672267914
6,1297,9786,0.005335079040378332
6,1298,9787,0.011875384487211704
6,1299,9788,0.006962950807064772
6,1300,9789,0.006715415045619011
6,1301,9790,0.008621049113571644
6,1302,9791,0.007372674066573381
6,1303,9792,0.11787836253643036
6,1304,9793,0.018431609496474266
6,1305,9794,0.007348307408392429
6,1306,9795,0.01950092986226082
6,1307,9796,0.0025284402072429657
6,1308,9797,0.0016128226416185498
6,1309,9798,0.015086112543940544
6,1310,9799,0.015425399877130985
6,1311,9800,0.09063579142093658
6,1312,9801,0.011384235695004463
6,1313,9802,0.028743693605065346
6,1314,9803,0.01073046587407589
6,1315,9804,0.09752725064754486
6,1316,9805,0.01971815526485443
6,1317,9806,0.056921426206827164
6,1318,9807,0.02631940320134163
6,1319,9808,0.0023713416885584593
6,1320,9809,0.16128778457641602
6,1321,9810,0.09591526538133621
6,1322,9811,0.004867793992161751
6,1323,9812,0.006062558852136135
6,1324,9813,0.029168225824832916
6,1325,9814,0.028730280697345734
6,1326,9815,0.0584142841398716
6,1327,9816,0.013368451967835426
6,1328,9817,0.022774403914809227
6,1329,9818,0.006940766237676144
6,1330,9819,0.014525078237056732
6,1331,9820,0.011321675963699818
6,1332,9821,0.007228601258248091
6,1333,9822,0.013365272432565689
6,1334,9823,0.022163862362504005
6,1335,9824,0.02854715660214424
6,1336,9825,0.004094033967703581
6,1337,9826,0.006791749037802219
6,1338,9827,0.0045121582224965096
6,1339,9828,0.010555348359048367
6,1340,9829,0.048550914973020554
6,1341,9830,0.01317129097878933
6,1342,9831,0.05111633986234665
6,1343,9832,0.0860348716378212
6,1344,9833,0.02323131635785103
6,1345,9834,0.0022953760344535112
6,1346,9835,0.0035821842029690742
6,1347,9836,0.002086182590574026
6,1348,9837,0.003246858948841691
6,1349,9838,0.03209449723362923
6,1350,9839,0.0036529244389384985
6,1351,9840,0.006190093234181404
6,1352,9841,0.0065895309671759605
6,1353,9842,0.004888223949819803
6,1354,9843,0.019953874871134758
6,1355,9844,0.008725713938474655
6,1356,9845,0.004459085408598185
6,1357,9846,0.049798671156167984
6,1358,9847,0.03772377595305443
6,1359,9848,0.004482155200093985
6,1360,9849,0.05367228388786316
6,1361,9850,0.033199433237314224
6,1362,9851,0.0043409438803792
6,1363,9852,0.030537448823451996
6,1364,9853,0.0325169637799263
6,1365,9854,0.02002064511179924
6,1366,9855,0.007972311228513718
6,1367,9856,0.00898365955799818
6,1368,9857,0.006607429124414921
6,1369,9858,0.0030982904136180878
6,1370,9859,0.005172960460186005
6,1371,9860,0.023418763652443886
6,1372,9861,0.01212379615753889
6,1373,9862,0.1484900265932083
6,1374,9863,0.024558259174227715
6,1375,9864,0.004473355133086443
6,1376,9865,0.0017509786412119865
6,1377,9866,0.1019061803817749
6,1378,9867,0.0017049406887963414
6,1379,9868,0.07872822135686874
6,1380,9869,0.012211884371936321
6,1381,9870,0.018845556303858757
6,1382,9871,0.025487719103693962
6,1383,9872,0.01575125940144062
6,1384,9873,0.08326900005340576
6,1385,9874,0.057951293885707855
6,1386,9875,0.00813966803252697
6,1387,9876,0.0074065146036446095
6,1388,9877,0.0033681592904031277
6,1389,9878,0.04869028180837631
6,1390,9879,0.015943558886647224
6,1391,9880,0.019293244928121567
6,1392,9881,0.016171351075172424
6,1393,9882,0.05231700465083122
6,1394,9883,0.08221490681171417
6,1395,9884,0.00711808679625392
6,1396,9885,0.05464312061667442
6,1397,9886,0.03729835897684097
6,1398,9887,0.020714737474918365
6,1399,9888,0.009635928086936474
6,1400,9889,0.01918475702404976
6,1401,9890,0.004731967579573393
6,1402,9891,0.005930866580456495
6,1403,9892,0.015667831525206566
6,1404,9893,0.003659613197669387
6,1405,9894,0.007397929672151804
6,1406,9895,0.02101980336010456
6,1407,9896,0.1582944542169571
6,1408,9897,0.0040887752547860146
6,1409,9898,0.030124234035611153
6,1410,9899,0.006431951187551022
6,1411,9900,0.005758346524089575
6,1412,9901,0.005611838772892952
6,1413,9902,0.007498453371226788
6,1414,9903,0.0452846959233284
6,1415,9904,0.0714344009757042
7,1,9905,0.006449401378631592
7,2,9906,0.019997360184788704
7,3,9907,0.005453163292258978
7,4,9908,0.037446215748786926
7,5,9909,0.003096002619713545
7,6,9910,0.009049318730831146
7,7,9911,0.0713917687535286
7,8,9912,0.013894056901335716
7,9,9913,0.011182849295437336
7,10,9914,0.08751752972602844
7,11,9915,0.016039207577705383
7,12,9916,0.0024703580420464277
7,13,9917,0.011229106225073338
7,14,9918,0.012028572149574757
7,15,9919,0.0028878506273031235
7,16,9920,0.029249554499983788
7,17,9921,0.005317897070199251
7,18,9922,0.0034148155245929956
7,19,9923,0.004514659754931927
7,20,9924,0.019636793062090874
7,21,9925,0.007031942252069712
7,22,9926,0.06157880648970604
7,23,9927,0.015333769842982292
7,24,9928,0.01547973696142435
7,25,9929,0.018234215676784515
7,26,9930,0.002414103364571929
7,27,9931,0.014873761683702469
7,28,9932,0.015485812909901142
7,29,9933,0.06869389116764069
7,30,9934,0.0016349185025319457
7,31,9935,0.022771993651986122
7,32,9936,0.010972869582474232
7,33,9937,0.0060185156762599945
7,34,9938,0.014131471514701843
7,35,9939,0.0051229833625257015
7,36,9940,0.0016462591011077166
7,37,9941,0.044999394565820694
7,38,9942,0.008430656045675278
7,39,9943,0.052898015826940536
7,40,9944,0.010266480967402458
7,41,9945,0.008100946433842182
7,42,9946,0.018505558371543884
7,43,9947,0.003096903208643198
7,44,9948,0.0032847020775079727
7,45,9949,0.004629531409591436
7,46,9950,0.022565407678484917
7,47,9951,0.006352010183036327
7,48,9952,0.0007342536700889468
7,49,9953,0.003150167176499963
7,50,9954,0.0029992542695254087
7,51,9955,0.011566330678761005
7,52,9956,0.003627961967140436
7,53,9957,0.004964259918779135
7,54,9958,0.005243305582553148
7,55,9959,0.004233308136463165
7,56,9960,0.015046808868646622
7,57,9961,0.07421737164258957
7,58,9962,0.016703102737665176
7,59,9963,0.008371255360543728
7,60,9964,0.031605858355760574
7,61,9965,0.0185967106372118
7,62,9966,0.002086157910525799
7,63,9967,0.04603191837668419
7,64,9968,0.009516253136098385
7,65,9969,0.0027508283965289593
7,66,9970,0.008817431516945362
7,67,9971,0.003536887001246214
7,68,9972,0.005105121061205864
7,69,9973,0.03642492741346359
7,70,9974,0.006492461543530226
7,71,9975,0.014136885292828083
7,72,9976,0.0029379965271800756
7,73,9977,0.017703041434288025
7,74,9978,0.005623579956591129
7,75,9979,0.004662251099944115
7,76,9980,0.015835842117667198
7,77,9981,0.015079165808856487
7,78,9982,0.012208078056573868
7,79,9983,0.003712794743478298
7,80,9984,0.008166972547769547
7,81,9985,0.005955579690635204
7,82,9986,0.007230959367007017
7,83,9987,0.005659583490341902
7,84,9988,0.0047818380407989025
7,85,9989,0.03585127368569374
7,86,9990,0.01744714379310608
7,87,9991,0.010955793783068657
7,88,9992,0.00503242202103138
7,89,9993,0.007202295586466789
7,90,9994,0.005065360106527805
7,91,9995,0.04015038162469864
7,92,9996,0.001682519563473761
7,93,9997,0.0051498753018677235
7,94,9998,0.027568988502025604
7,95,9999,0.0242172721773386
7,96,10000,0.01491022203117609
7,97,10001,0.0029729867819696665
7,98,10002,0.003719884203746915
7,99,10003,0.017194723710417747
7,100,10004,0.005783946719020605
7,101,10005,0.010030137374997139
7,102,10006,0.003737490391358733
7,103,10007,0.0012127743102610111
7,104,10008,0.0027756872586905956
7,105,10009,0.0011098001850768924
7,106,10010,0.003798765130341053
7,107,10011,0.051688916981220245
7,108,10012,0.0027908943593502045
7,109,10013,0.05541418865323067
7,110,10014,0.003243367187678814
7,111,10015,0.03306504338979721
7,112,10016,0.005231553688645363
7,113,10017,0.013391086831688881
7,114,10018,0.020089277997612953
7,115,10019,0.0029242278542369604
7,116,10020,0.027720008045434952
7,117,10021,0.010448151268064976
7,118,10022,0.004832867998629808
7,119,10023,0.010936524718999863
7,120,10024,0.002623979700729251
7,121,10025,0.0023481063544750214
7,122,10026,0.00569721357896924
7,123,10027,0.002380385994911194
7,124,10028,0.09490111470222473
7,125,10029,0.04012064263224602
7,126,10030,0.0014221547171473503
7,127,10031,0.008586267940700054
7,128,10032,0.00805019959807396
7,129,10033,0.007647382095456123
7,130,10034,0.027289370074868202
7,131,10035,0.0047163893468678
7,132,10036,0.006164939608424902
7,133,10037,0.06557455658912659
7,134,10038,0.0024226149544119835
7,135,10039,0.002026359783485532
7,136,10040,0.04681000858545303
7,137,10041,0.034197110682725906
7,138,10042,0.006658707279711962
7,139,10043,0.0005296418676152825
7,140,10044,0.053327348083257675
7,141,10045,0.0068423449993133545
7,142,10046,0.011662201955914497
7,143,10047,0.016633274033665657
7,144,10048,0.006589031778275967
7,145,10049,0.0008469212334603071
7,146,10050,0.14269235730171204
7,147,10051,0.002073591109365225
7,148,10052,0.024812430143356323
7,149,10053,0.022109774872660637
7,150,10054,0.025417767465114594
7,151,10055,0.009324323385953903
7,152,10056,0.01073263306170702
7,153,10057,0.010460487566888332
7,154,10058,0.005546303000301123
7,155,10059,0.01538907177746296
7,156,10060,0.0098252659663558
7,157,10061,0.04859215393662453
7,158,10062,0.0054191239178180695
7,159,10063,0.00244076456874609
7,160,10064,0.03664463013410568
7,161,10065,0.009592974558472633
7,162,10066,0.011859559454023838
7,163,10067,0.01894661970436573
7,164,10068,0.013210123404860497
7,165,10069,0.017072204500436783
7,166,10070,0.18824948370456696
7,167,10071,0.00454529095441103
7,168,10072,0.004056302830576897
7,169,10073,0.009299504570662975
7,170,10074,0.002845197217538953
7,171,10075,0.012014263309538364
7,172,10076,0.0059704650193452835
7,173,10077,0.02193058282136917
7,174,10078,0.009928485378623009
7,175,10079,0.030639536678791046
7,176,10080,0.0034285783767700195
7,177,10081,0.00474937167018652
7,178,10082,0.013744417577981949
7,179,10083,0.018621888011693954
7,180,10084,0.03761455789208412
7,181,10085,0.0030356470961123705
7,182,10086,0.0017244853079319
7,183,10087,0.0017560712294653058
7,184,10088,0.004774004686623812
7,185,10089,0.008405579254031181
7,186,10090,0.013921789824962616
7,187,10091,0.01939847134053707
7,188,10092,0.01705431565642357
7,189,10093,0.009285235777497292
7,190,10094,0.004888926632702351
7,191,10095,0.002163531258702278
7,192,10096,0.008938715793192387
7,193,10097,0.0009172862628474832
7,194,10098,0.0070464289747178555
7,195,10099,0.0018609773833304644
7,196,10100,0.004660724196583033
7,197,10101,0.003708953270688653
7,198,10102,0.0010192510671913624
7,199,10103,0.003594323294237256
7,200,10104,0.006847569718956947
7,201,10105,0.0029818906914442778
7,202,10106,0.001508158864453435
7,203,10107,0.02388416975736618
7,204,10108,0.02749372273683548
7,205,10109,0.005573008209466934
7,206,10110,0.0337180532515049
7,207,10111,0.07241981476545334
7,208,10112,0.003197368932887912
7,209,10113,0.0032032376620918512
7,210,10114,0.013053050264716148
7,211,10115,0.01584910787642002
7,212,10116,0.03882676735520363
7,213,10117,0.03807297721505165
7,214,10118,0.009737908840179443
7,215,10119,0.008856833912432194
7,216,10120,0.002763330237939954
7,217,10121,0.045585133135318756
7,218,10122,0.0027531690429896116
7,219,10123,0.06851641088724136
7,220,10124,0.004922850988805294
7,221,10125,0.013846799731254578
7,222,10126,0.0013883785577490926
7,223,10127,0.004594509024173021
7,224,10128,0.0030712008010596037
7,225,10129,0.009685318917036057
7,226,10130,0.11172036081552505
7,227,10131,0.00456180889159441
7,228,10132,0.008138922974467278
7,229,10133,0.003212857758626342
7,230,10134,0.030146950855851173
7,231,10135,0.003527976106852293
7,232,10136,0.002970546018332243
7,233,10137,0.004758781287819147
7,234,10138,0.012233106419444084
7,235,10139,0.0032379021868109703
7,236,10140,0.0029983539134263992
7,237,10141,0.04085242748260498
7,238,10142,0.004583409987390041
7,239,10143,0.04180460795760155
7,240,10144,0.0014941712142899632
7,241,10145,0.009897527284920216
7,242,10146,0.04413136467337608
7,243,10147,0.0008873280021362007
7,244,10148,0.0050492663867771626
7,245,10149,0.0020646974444389343
7,246,10150,0.006499688606709242
7,247,10151,0.010132425464689732
7,248,10152,0.003047446021810174
7,249,10153,0.0018004244193434715
7,250,10154,0.010964670218527317
7,251,10155,0.009361637756228447
7,252,10156,0.01708083599805832
7,253,10157,0.001585508929565549
7,254,10158,0.005211096256971359
7,255,10159,0.0044461400248110294
7,256,10160,0.012692419812083244
7,257,10161,0.005249166861176491
7,258,10162,0.03437541052699089
7,259,10163,0.008233249187469482
7,260,10164,0.05383668094873428
7,261,10165,0.01655987650156021
7,262,10166,0.012632149271667004
7,263,10167,0.001986762275919318
7,264,10168,0.0012035751715302467
7,265,10169,0.0025204455014318228
7,266,10170,0.01833072304725647
7,267,10171,0.0688071921467781
7,268,10172,0.0024390406906604767
7,269,10173,0.02650066651403904
7,270,10174,0.002753804437816143
7,271,10175,0.0026233859825879335
7,272,10176,0.0126971285790205
7,273,10177,0.0018134542042389512
7,274,10178,0.00684660580009222
7,275,10179,0.004937642253935337
7,276,10180,0.0019246110459789634
7,277,10181,0.007142454851418734
7,278,10182,0.009577630087733269
7,279,10183,0.005620541051030159
7,280,10184,0.07480517774820328
7,281,10185,0.039457518607378006
7,282,10186,0.0007289557834155858
7,283,10187,0.009118610061705112
7,284,10188,0.0033728941343724728
7,285,10189,0.002453786553815007
7,286,10190,0.01026512123644352
7,287,10191,0.02924775332212448
7,288,10192,0.022176075726747513
7,289,10193,0.06651651114225388
7,290,10194,0.004533381201326847
7,291,10195,0.004806963726878166
7,292,10196,0.01498778909444809
7,293,10197,0.028241969645023346
7,294,10198,0.026891255751252174
7,295,10199,0.0022495726589113474
7,296,10200,0.023746956139802933
7,297,10201,0.004316480364650488
7,298,10202,0.10849054902791977
7,299,10203,0.03390458971261978
7,300,10204,0.007838074117898941
7,301,10205,0.003428746946156025
7,302,10206,0.003648481098935008
7,303,10207,0.006050315219908953
7,304,10208,0.05592181906104088
7,305,10209,0.013606803491711617
7,306,10210,0.00097745715174824
7,307,10211,0.004297260660678148
7,308,10212,0.01743115857243538
7,309,10213,0.0019027988892048597
7,310,10214,0.02185404673218727
7,311,10215,0.0031975070014595985
7,312,10216,0.0067750816233456135
7,313,10217,0.00955913495272398
7,314,10218,0.0027512426022440195
7,315,10219,0.02293083257973194
7,316,10220,0.027256803587079048
7,317,10221,0.004091267008334398
7,318,10222,0.0036774359177798033
7,319,10223,0.0076524075120687485
7,320,10224,0.002402273239567876
7,321,10225,0.03151565045118332
7,322,10226,0.002618529601022601
7,323,10227,0.0018836993258446455
7,324,10228,0.0047038402408361435
7,325,10229,0.0046282983385026455
7,326,10230,0.02166728675365448
7,327,10231,0.04195189103484154
7,328,10232,0.0017689899541437626
7,329,10233,0.0032217437401413918
7,330,10234,0.0038810360711067915
7,331,10235,0.010519790463149548
7,332,10236,0.008089877665042877
7,333,10237,0.004113702103495598
7,334,10238,0.063382588326931
7,335,10239,0.048041168600320816
7,336,10240,0.006705481093376875
7,337,10241,0.005084532778710127
7,338,10242,0.006808964069932699
7,339,10243,0.004752709064632654
7,340,10244,0.022253649309277534
7,341,10245,0.029526472091674805
7,342,10246,0.04970845580101013
7,343,10247,0.004226884804666042
7,344,10248,0.0040331208147108555
7,345,10249,0.016896327957510948
7,346,10250,0.01554678101092577
7,347,10251,0.004750979598611593
7,348,10252,0.015296677127480507
7,349,10253,0.027830393984913826
7,350,10254,0.06107591465115547
7,351,10255,0.002676222939044237
7,352,10256,0.0017300007166340947
7,353,10257,0.008869781158864498
7,354,10258,0.018880251795053482
7,355,10259,0.005571130197495222
7,356,10260,0.004185034893453121
7,357,10261,0.0034519992768764496
7,358,10262,0.01774129644036293
7,359,10263,0.06022384762763977
7,360,10264,0.08669689297676086
7,361,10265,0.002867304254323244
7,362,10266,0.0022219920065253973
7,363,10267,0.002028245944529772
7,364,10268,0.004010017961263657
7,365,10269,0.005346660502254963
7,366,10270,0.05182556435465813
7,367,10271,0.004254457540810108
7,368,10272,0.004380690865218639
7,369,10273,0.02114364691078663
7,370,10274,0.008093474432826042
7,371,10275,0.003084625815972686
7,372,10276,0.004547564312815666
7,373,10277,0.0014996618265286088
7,374,10278,0.0012167916866019368
7,375,10279,0.010698096826672554
7,376,10280,0.003981499467045069
7,377,10281,0.012300364673137665
7,378,10282,0.011691396124660969
7,379,10283,0.029485035687685013
7,380,10284,0.0012427427573129535
7,381,10285,0.02380084991455078
7,382,10286,0.04999590665102005
7,383,10287,0.005756025202572346
7,384,10288,0.029723351821303368
7,385,10289,0.0024555453564971685
7,386,10290,0.010896285064518452
7,387,10291,0.029969627037644386
7,388,10292,0.005399107001721859
7,389,10293,0.01314510963857174
7,390,10294,0.07564569264650345
7,391,10295,0.10660529881715775
7,392,10296,0.03429488465189934
7,393,10297,0.05971738323569298
7,394,10298,0.012090004980564117
7,395,10299,0.008096984587609768
7,396,10300,0.014940567314624786
7,397,10301,0.010216152295470238
7,398,10302,0.01038670539855957
7,399,10303,0.03620772436261177
7,400,10304,0.012483131140470505
7,401,10305,0.07979647815227509
7,402,10306,0.012347031384706497
7,403,10307,0.012380674481391907
7,404,10308,0.07911602407693863
7,405,10309,0.015893986448645592
7,406,10310,0.007506529334932566
7,407,10311,0.02209235168993473
7,408,10312,0.012829572893679142
7,409,10313,0.04090408608317375
7,410,10314,0.09392085671424866
7,411,10315,0.033901363611221313
7,412,10316,0.006407265551388264
7,413,10317,0.01078596618026495
7,414,10318,0.02881983295083046
7,415,10319,0.030423620715737343
7,416,10320,0.054294098168611526
7,417,10321,0.005211694166064262
7,418,10322,0.05004267767071724
7,419,10323,0.006695067510008812
7,420,10324,0.0017433841712772846
7,421,10325,0.016681021079421043
7,422,10326,0.020809493958950043
7,423,10327,0.013423694297671318
7,424,10328,0.01079164631664753
7,425,10329,0.045327384024858475
7,426,10330,0.05533216521143913
7,427,10331,0.051121801137924194
7,428,10332,0.0195701252669096
7,429,10333,0.013499114662408829
7,430,10334,0.0713789090514183
7,431,10335,0.05271468684077263
7,432,10336,0.02439185045659542
7,433,10337,0.06442055851221085
7,434,10338,0.0013681116979569197
7,435,10339,0.0154574578627944
7,436,10340,0.0772230327129364
7,437,10341,0.008678633719682693
7,438,10342,0.029300959780812263
7,439,10343,0.0296720452606678
7,440,10344,0.002778244437649846
7,441,10345,0.009545636363327503
7,442,10346,0.0380273163318634
7,443,10347,0.03643641248345375
7,444,10348,0.007483393419533968
7,445,10349,0.046943601220846176
7,446,10350,0.04186001047492027
7,447,10351,0.008760652504861355
7,448,10352,0.04554547742009163
7,449,10353,0.017675116658210754
7,450,10354,0.03676924109458923
7,451,10355,0.006090255919843912
7,452,10356,0.06559907644987106
7,453,10357,0.006887078285217285
7,454,10358,0.015263236127793789
7,455,10359,0.010236275382339954
7,456,10360,0.013074543327093124
7,457,10361,0.005045952275395393
7,458,10362,0.011099429801106453
7,459,10363,0.04904112219810486
7,460,10364,0.0035392194986343384
7,461,10365,0.009051932953298092
7,462,10366,0.008400567807257175
7,463,10367,0.011508571915328503
7,464,10368,0.010344120673835278
7,465,10369,0.03672445937991142
7,466,10370,0.0032260329462587833
7,467,10371,0.023246660828590393
7,468,10372,0.016628028824925423
7,469,10373,0.05455644428730011
7,470,10374,0.0161682590842247
7,471,10375,0.05046696960926056
7,472,10376,0.0042674364522099495
7,473,10377,0.005002118647098541
7,474,10378,0.013945374637842178
7,475,10379,0.004198770504444838
7,476,10380,0.03537773713469505
7,477,10381,0.014326057396829128
7,478,10382,0.014421308413147926
7,479,10383,0.011394815519452095
7,480,10384,0.021372759714722633
7,481,10385,0.011517216451466084
7,482,10386,0.03445747494697571
7,483,10387,0.0062447297386825085
7,484,10388,0.011588268913328648
7,485,10389,0.0040263826958835125
7,486,10390,0.0310589000582695
7,487,10391,0.002293183235451579
7,488,10392,0.005400987342000008
7,489,10393,0.0047119008377194405
7,490,10394,0.05035492032766342
7,491,10395,0.011364984326064587
7,492,10396,0.04275253042578697
7,493,10397,0.003855904098600149
7,494,10398,0.01131883729249239
7,495,10399,0.003353287000209093
7,496,10400,0.009588208980858326
7,497,10401,0.004612421616911888
7,498,10402,0.0031540056224912405
7,499,10403,0.002141565317288041
7,500,10404,0.0036465583834797144
7,501,10405,0.02260405942797661
7,502,10406,0.007930811494588852
7,503,10407,0.07992809265851974
7,504,10408,0.031500764191150665
7,505,10409,0.01599135436117649
7,506,10410,0.005693488754332066
7,507,10411,0.012883695773780346
7,508,10412,0.01800055429339409
7,509,10413,0.0045721158385276794
7,510,10414,0.008172111585736275
7,511,10415,0.06750629097223282
7,512,10416,0.024744493886828423
7,513,10417,0.0008442691760137677
7,514,10418,0.007370340172201395
7,515,10419,0.05669858679175377
7,516,10420,0.004243993666023016
7,517,10421,0.00614817813038826
7,518,10422,0.0037996170576661825
7,519,10423,0.044361114501953125
7,520,10424,0.018511585891246796
7,521,10425,0.019292186945676804
7,522,10426,0.010446242988109589
7,523,10427,0.007239849306643009
7,524,10428,0.006968218367546797
7,525,10429,0.08427490293979645
7,526,10430,0.004682045429944992
7,527,10431,0.030849168077111244
7,528,10432,0.01353283878415823
7,529,10433,0.013238953426480293
7,530,10434,0.015414339490234852
7,531,10435,0.042647942900657654
7,532,10436,0.012540832161903381
7,533,10437,0.007380819879472256
7,534,10438,0.015090270899236202
7,535,10439,0.029686400666832924
7,536,10440,0.002770812949165702
7,537,10441,0.002415979979559779
7,538,10442,0.00625942787155509
7,539,10443,0.001999504631385207
7,540,10444,0.013759538531303406
7,541,10445,0.002154996618628502
7,542,10446,0.0025954677257686853
7,543,10447,0.003256923519074917
7,544,10448,0.004047054331749678
7,545,10449,0.005484628491103649
7,546,10450,0.03156665340065956
7,547,10451,0.0036559910513460636
7,548,10452,0.0032098316587507725
7,549,10453,0.0011811833828687668
7,550,10454,0.004717851523309946
7,551,10455,0.0020549737382680178
7,552,10456,0.0042447494342923164
7,553,10457,0.0022999856155365705
7,554,10458,0.004326518625020981
7,555,10459,0.0021550976671278477
7,556,10460,0.0028705603908747435
7,557,10461,0.01932685635983944
7,558,10462,0.0016526191029697657
7,559,10463,0.005605132784694433
7,560,10464,0.0018476489931344986
7,561,10465,0.0024260017089545727
7,562,10466,0.003292047418653965
7,563,10467,0.004444128833711147
7,564,10468,0.01383133139461279
7,565,10469,0.03696753829717636
7,566,10470,0.0018749149749055505
7,567,10471,0.0022407693322747946
7,568,10472,0.004230390302836895
7,569,10473,0.000949377310462296
7,570,10474,0.004552828148007393
7,571,10475,0.001656506210565567
7,572,10476,0.0021834284998476505
7,573,10477,0.003642353694885969
7,574,10478,0.0019484772346913815
7,575,10479,0.004697914235293865
7,576,10480,0.008407311514019966
7,577,10481,0.0032083019614219666
7,578,10482,0.0016170826274901628
7,579,10483,0.07342756539583206
7,580,10484,0.00685748690739274
7,581,10485,0.0036114512477070093
7,582,10486,0.002460039220750332
7,583,10487,0.004426740109920502
7,584,10488,0.0023215054534375668
7,585,10489,0.0018763963598757982
7,586,10490,0.0041733975522220135
7,587,10491,0.0023421996738761663
7,588,10492,0.002840125933289528
7,589,10493,0.005722224712371826
7,590,10494,0.010581476613879204
7,591,10495,0.04542730376124382
7,592,10496,0.0068382201716303825
7,593,10497,0.0037903946358710527
7,594,10498,0.0015954884001985192
7,595,10499,0.027782022953033447
7,596,10500,0.004991373047232628
7,597,10501,0.004588596988469362
7,598,10502,0.011290712282061577
7,599,10503,0.002340512117370963
7,600,10504,0.06641718000173569
7,601,10505,0.007393062114715576
7,602,10506,0.04248546436429024
7,603,10507,0.0037272190675139427
7,604,10508,0.0009547763038426638
7,605,10509,0.022466301918029785
7,606,10510,0.010856584645807743
7,607,10511,0.010622391477227211
7,608,10512,0.1095457449555397
7,609,10513,0.0019144890829920769
7,610,10514,0.00627333577722311
7,611,10515,0.018064627423882484
7,612,10516,0.05115445330739021
7,613,10517,0.024948423728346825
7,614,10518,0.006977093871682882
7,615,10519,0.0036536005791276693
7,616,10520,0.0050436207093298435
7,617,10521,0.0016411867691203952
7,618,10522,0.003576545510441065
7,619,10523,0.02940039522945881
7,620,10524,0.00301788910292089
7,621,10525,0.012408064678311348
7,622,10526,0.01021093875169754
7,623,10527,0.023343926295638084
7,624,10528,0.07483851164579391
7,625,10529,0.0055426182225346565
7,626,10530,0.0004402031481731683
7,627,10531,0.03824897110462189
7,628,10532,0.004159675445407629
7,629,10533,0.05483908951282501
7,630,10534,0.012898717075586319
7,631,10535,0.0010331695666536689
7,632,10536,0.04628762602806091
7,633,10537,0.008946789428591728
7,634,10538,0.020859671756625175
7,635,10539,0.011097556911408901
7,636,10540,0.014491777867078781
7,637,10541,0.013252588920295238
7,638,10542,0.008304634131491184
7,639,10543,0.012597844935953617
7,640,10544,0.03690098226070404
7,641,10545,0.035536184906959534
7,642,10546,0.005491362884640694
7,643,10547,0.009729201905429363
7,644,10548,0.023596977815032005
7,645,10549,0.003140120767056942
7,646,10550,0.029976900666952133
7,647,10551,0.015535667538642883
7,648,10552,0.002001331653445959
7,649,10553,0.0016374666010960937
7,650,10554,0.0233085285872221
7,651,10555,0.001275770366191864
7,652,10556,0.016177209094166756
7,653,10557,0.004731579218059778
7,654,10558,0.010972372256219387
7,655,10559,0.13109907507896423
7,656,10560,0.00177255948074162
7,657,10561,0.0022637115325778723
7,658,10562,0.02003295347094536
7,659,10563,0.02132336236536503
7,660,10564,0.0017392885638400912
7,661,10565,0.0031538342591375113
7,662,10566,0.003134895581752062
7,663,10567,0.00778769189491868
7,664,10568,0.003732657991349697
7,665,10569,0.006301508285105228
7,666,10570,0.04227437824010849
7,667,10571,0.019059384241700172
7,668,10572,0.006549579557031393
7,669,10573,0.0165279358625412
7,670,10574,0.002508060308173299
7,671,10575,0.009560534730553627
7,672,10576,0.005136106628924608
7,673,10577,0.01891818456351757
7,674,10578,0.002779010683298111
7,675,10579,0.0025536997709423304
7,676,10580,0.008623477071523666
7,677,10581,0.0035773017443716526
7,678,10582,0.025701694190502167
7,679,10583,0.0024848373141139746
7,680,10584,0.018423844128847122
7,681,10585,0.09199147671461105
7,682,10586,0.009857985191047192
7,683,10587,0.010080446489155293
7,684,10588,0.002663484076038003
7,685,10589,0.0035214326344430447
7,686,10590,0.0027152933180332184
7,687,10591,0.006053663324564695
7,688,10592,0.008366655558347702
7,689,10593,0.008294116705656052
7,690,10594,0.002827740740031004
7,691,10595,0.005514288321137428
7,692,10596,0.012227825820446014
7,693,10597,0.009920204058289528
7,694,10598,0.0020329055842012167
7,695,10599,0.006068684160709381
7,696,10600,0.0039845616556704044
7,697,10601,0.0613466277718544
7,698,10602,0.001677302410826087
7,699,10603,0.0021131078246980906
7,700,10604,0.009101134724915028
7,701,10605,0.0013477609027177095
7,702,10606,0.03308917209506035
7,703,10607,0.006806467194110155
7,704,10608,0.0024458100087940693
7,705,10609,0.002284390851855278
7,706,10610,0.016373081132769585
7,707,10611,0.007029497064650059
7,708,10612,0.0435841903090477
7,709,10613,0.004868890158832073
7,710,10614,0.02726285718381405
7,711,10615,0.0022575920447707176
7,712,10616,0.0012269378639757633
7,713,10617,0.03766254708170891
7,714,10618,0.015275854617357254
7,715,10619,0.006307297386229038
7,716,10620,0.0017636625561863184
7,717,10621,0.021902838721871376
7,718,10622,0.005226593464612961
7,719,10623,0.004266737028956413
7,720,10624,0.0009108070516958833
7,721,10625,0.004903689026832581
7,722,10626,0.0029208429623395205
7,723,10627,0.11019420623779297
7,724,10628,0.0020916226785629988
7,725,10629,0.003483931068331003
7,726,10630,0.09838535636663437
7,727,10631,0.0036237300373613834
7,728,10632,0.08814005553722382
7,729,10633,0.0027219015173614025
7,730,10634,0.003155477810651064
7,731,10635,0.010180165991187096
7,732,10636,0.0023282975889742374
7,733,10637,0.007798496168106794
7,734,10638,0.002490867394953966
7,735,10639,0.002776501700282097
7,736,10640,0.00472733099013567
7,737,10641,0.06098378822207451
7,738,10642,0.021285932511091232
7,739,10643,0.0053797876462340355
7,740,10644,0.0031033644918352365
7,741,10645,0.002333227777853608
7,742,10646,0.0030834705103188753
7,743,10647,0.035212188959121704
7,744,10648,0.019059384241700172
7,745,10649,0.005391666200011969
7,746,10650,0.0019071032293140888
7,747,10651,0.045596640557050705
7,748,10652,0.030179988592863083
7,749,10653,0.0025100845377892256
7,750,10654,0.007321509998291731
7,751,10655,0.0033768839202821255
7,752,10656,0.002153094857931137
7,753,10657,0.00574324419721961
7,754,10658,0.00314419181086123
7,755,10659,0.011221745982766151
7,756,10660,0.018638761714100838
7,757,10661,0.021630749106407166
7,758,10662,0.008274943567812443
7,759,10663,0.0443580225110054
7,760,10664,0.006336953490972519
7,761,10665,0.011285072192549706
7,762,10666,0.017320692539215088
7,763,10667,0.0035231972578912973
7,764,10668,0.0017316309968009591
7,765,10669,0.005211390554904938
7,766,10670,0.005496243480592966
7,767,10671,0.019115537405014038
7,768,10672,0.0007839209865778685
7,769,10673,0.011745055206120014
7,770,10674,0.005052272696048021
7,771,10675,0.002756350440904498
7,772,10676,0.002361471066251397
7,773,10677,0.08334548026323318
7,774,10678,0.008053791709244251
7,775,10679,0.02875981666147709
7,776,10680,0.002647516317665577
7,777,10681,0.0030702431686222553
7,778,10682,0.016576766967773438
7,779,10683,0.03855210542678833
7,780,10684,0.05681866034865379
7,781,10685,0.004751912783831358
7,782,10686,0.008051663637161255
7,783,10687,0.006101599428802729
7,784,10688,0.03316386789083481
7,785,10689,0.027180004864931107
7,786,10690,0.07828116416931152
7,787,10691,0.011617100797593594
7,788,10692,0.05884905904531479
7,789,10693,0.11786551028490067
7,790,10694,0.02325521782040596
7,791,10695,0.008261632174253464
7,792,10696,0.004297739826142788
7,793,10697,0.041068241000175476
7,794,10698,0.007378969807177782
7,795,10699,0.0015594937140122056
7,796,10700,0.025138098746538162
7,797,10701,0.0029722803737968206
7,798,10702,0.006380814127624035
7,799,10703,0.008120658807456493
7,800,10704,0.012965021654963493
7,801,10705,0.002250185701996088
7,802,10706,0.009305011481046677
7,803,10707,0.010414528660476208
7,804,10708,0.1481451392173767
7,805,10709,0.006746490485966206
7,806,10710,0.0510951429605484
7,807,10711,0.03307207673788071
7,808,10712,0.009311946108937263
7,809,10713,0.01746395044028759
7,810,10714,0.009507685899734497
7,811,10715,0.021753579378128052
7,812,10716,0.0068329982459545135
7,813,10717,0.004913512151688337
7,814,10718,0.01777259260416031
7,815,10719,0.029566742479801178
7,816,10720,0.007316839415580034
7,817,10721,0.002877758350223303
7,818,10722,0.014273728244006634
7,819,10723,0.00538407638669014
7,820,10724,0.011498838663101196
7,821,10725,0.020185990259051323
7,822,10726,0.03220398351550102
7,823,10727,0.05414143204689026
7,824,10728,0.005577275063842535
7,825,10729,0.004420324694365263
7,826,10730,0.012239718809723854
7,827,10731,0.01671655662357807
7,828,10732,0.0075495364144444466
7,829,10733,0.04514652118086815
7,830,10734,0.19613096117973328
7,831,10735,0.008923130109906197
7,832,10736,0.010687930509448051
7,833,10737,0.0016856632428243756
7,834,10738,0.004158933646976948
7,835,10739,0.007335570640861988
7,836,10740,0.003374236635863781
7,837,10741,0.031729817390441895
7,838,10742,0.003766275942325592
7,839,10743,0.01912485994398594
7,840,10744,0.002706218510866165
7,841,10745,0.012789726257324219
7,842,10746,0.00215009949170053
7,843,10747,0.035808779299259186
7,844,10748,0.006463209167122841
7,845,10749,0.08391053229570389
7,846,10750,0.003188698086887598
7,847,10751,0.10141046345233917
7,848,10752,0.00528380973264575
7,849,10753,0.0070590246468782425
7,850,10754,0.008003358729183674
7,851,10755,0.01706019788980484
7,852,10756,0.0032566494774073362
7,853,10757,0.005679212976247072
7,854,10758,0.034705620259046555
7,855,10759,0.0024013270158320665
7,856,10760,0.006265941541641951
7,857,10761,0.006242475472390652
7,858,10762,0.003958902321755886
7,859,10763,0.04281587153673172
7,860,10764,0.05171242356300354
7,861,10765,0.04383048042654991
7,862,10766,0.005437969230115414
7,863,10767,0.0011825200635939837
7,864,10768,0.020421631634235382
7,865,10769,0.0038550584577023983
7,866,10770,0.003139779670163989
7,867,10771,0.015077231451869011
7,868,10772,0.0183428805321455
7,869,10773,0.029963551089167595
7,870,10774,0.005199087783694267
7,871,10775,0.0026961788535118103
7,872,10776,0.03841625154018402
7,873,10777,0.0583375059068203
7,874,10778,0.024591265246272087
7,875,10779,0.0054857973009347916
7,876,10780,0.03271383419632912
7,877,10781,0.0047348435036838055
7,878,10782,0.049512144178152084
7,879,10783,0.009565851651132107
7,880,10784,0.028476916253566742
7,881,10785,0.06887885928153992
7,882,10786,0.024056216701865196
7,883,10787,0.004358209203928709
7,884,10788,0.0023480765521526337
7,885,10789,0.005244863219559193
7,886,10790,0.029373053461313248
7,887,10791,0.04925169050693512
7,888,10792,0.009609153494238853
7,889,10793,0.04856652766466141
7,890,10794,0.1156739667057991
7,891,10795,0.003356295870617032
7,892,10796,0.006987024564296007
7,893,10797,0.0020472516771405935
7,894,10798,0.0028707063756883144
7,895,10799,0.006490407977253199
7,896,10800,0.03058515302836895
7,897,10801,0.014137959107756615
7,898,10802,0.03285757452249527
7,899,10803,0.02054733969271183
7,900,10804,0.009174167178571224
7,901,10805,0.01645701937377453
7,902,10806,0.0026005939580500126
7,903,10807,0.005368448793888092
7,904,10808,0.009410279802978039
7,905,10809,0.0039008823223412037
7,906,10810,0.048441916704177856
7,907,10811,0.0032466782722622156
7,908,10812,0.0031001176685094833
7,909,10813,0.01369941234588623
7,910,10814,0.0036207365337759256
7,911,10815,0.0029524394776672125
7,912,10816,0.13411442935466766
7,913,10817,0.008244839496910572
7,914,10818,0.009781052358448505
7,915,10819,0.004320357460528612
7,916,10820,0.004703504964709282
7,917,10821,0.004293438978493214
7,918,10822,0.003668316174298525
7,919,10823,0.0023747205268591642
7,920,10824,0.002659301273524761
7,921,10825,0.02215675823390484
7,922,10826,0.03320259973406792
7,923,10827,0.03365018591284752
7,924,10828,0.005890158005058765
7,925,10829,0.002278036205098033
7,926,10830,0.0028827155474573374
7,927,10831,0.038256675004959106
7,928,10832,0.004453650675714016
7,929,10833,0.026781868189573288
7,930,10834,0.0077831740491092205
7,931,10835,0.001643608557060361
7,932,10836,0.022343305870890617
7,933,10837,0.003152680117636919
7,934,10838,0.007583558559417725
7,935,10839,0.016285663470625877
7,936,10840,0.06325968354940414
7,937,10841,0.002353818854317069
7,938,10842,0.0019822861067950726
7,939,10843,0.05491996183991432
7,940,10844,0.009480075910687447
7,941,10845,0.0025339124258607626
7,942,10846,0.023789240047335625
7,943,10847,0.0025334490928798914
7,944,10848,0.0028142547234892845
7,945,10849,0.0060634128749370575
7,946,10850,0.0005356533220037818
7,947,10851,0.0011104930890724063
7,948,10852,0.0017392755253240466
7,949,10853,0.005742074456065893
7,950,10854,0.008725937455892563
7,951,10855,0.12783120572566986
7,952,10856,0.03537872061133385
7,953,10857,0.0015604352811351418
7,954,10858,0.0015376954106613994
7,955,10859,0.00295971124432981
7,956,10860,0.014458262361586094
7,957,10861,0.00758884334936738
7,958,10862,0.049815449863672256
7,959,10863,0.014531061053276062
7,960,10864,0.0022384196054190397
7,961,10865,0.002455036621540785
7,962,10866,0.005382208619266748
7,963,10867,0.04538252577185631
7,964,10868,0.05497688800096512
7,965,10869,0.007237614598125219
7,966,10870,0.03096548281610012
7,967,10871,0.008130148984491825
7,968,10872,0.0031870128586888313
7,969,10873,0.008631872944533825
7,970,10874,0.001776884775608778
7,971,10875,0.005131224170327187
7,972,10876,0.07353674620389938
7,973,10877,0.024247385561466217
7,974,10878,0.00817952025681734
7,975,10879,0.022510511800646782
7,976,10880,0.03617384284734726
7,977,10881,0.006537696346640587
7,978,10882,0.0037035420536994934
7,979,10883,0.006371897179633379
7,980,10884,0.0037910733371973038
7,981,10885,0.006048941519111395
7,982,10886,0.00856669433414936
7,983,10887,0.019603990018367767
7,984,10888,0.006296594627201557
7,985,10889,0.02649807743728161
7,986,10890,0.0025989890564233065
7,987,10891,0.0021144747734069824
7,988,10892,0.04846828803420067
7,989,10893,0.03311743214726448
7,990,10894,0.006514857988804579
7,991,10895,0.0022040284238755703
7,992,10896,0.012571997940540314
7,993,10897,0.0005916326772421598
7,994,10898,0.038188133388757706
7,995,10899,0.014091987162828445
7,996,10900,0.007879812270402908
7,997,10901,0.027005154639482498
7,998,10902,0.0117248659953475
7,999,10903,0.00897340476512909
7,1000,10904,0.027987468987703323
7,1001,10905,0.027844268828630447
7,1002,10906,0.004789119586348534
7,1003,10907,0.010331478901207447
7,1004,10908,0.009499902836978436
7,1005,10909,0.00901202391833067
7,1006,10910,0.008414243347942829
7,1007,10911,0.03614475578069687
7,1008,10912,0.002609896706417203
7,1009,10913,0.0034613751340657473
7,1010,10914,0.048476818948984146
7,1011,10915,0.014249581843614578
7,1012,10916,0.04421868175268173
7,1013,10917,0.03449491783976555
7,1014,10918,0.01055038720369339
7,1015,10919,0.009494575671851635
7,1016,10920,0.09383229166269302
7,1017,10921,0.007513618096709251
7,1018,10922,0.022797966375947
7,1019,10923,0.05519312247633934
7,1020,10924,0.04468322917819023
7,1021,10925,0.003524335566908121
7,1022,10926,0.012807044200599194
7,1023,10927,0.05292211472988129
7,1024,10928,0.001056759268976748
7,1025,10929,0.018370842561125755
7,1026,10930,0.05397907271981239
7,1027,10931,0.06524518132209778
7,1028,10932,0.0020362073555588722
7,1029,10933,0.03205820173025131
7,1030,10934,0.006350832059979439
7,1031,10935,0.13934168219566345
7,1032,10936,0.1065898910164833
7,1033,10937,0.00852664653211832
7,1034,10938,0.0023304917849600315
7,1035,10939,0.01664150133728981
7,1036,10940,0.010839506983757019
7,1037,10941,0.006214031483978033
7,1038,10942,0.012711985968053341
7,1039,10943,0.06072350591421127
7,1040,10944,0.09964998811483383
7,1041,10945,0.0470210425555706
7,1042,10946,0.012343261390924454
7,1043,10947,0.008152756839990616
7,1044,10948,0.005035810638219118
7,1045,10949,0.014168626628816128
7,1046,10950,0.012299126945436
7,1047,10951,0.006621282547712326
7,1048,10952,0.0030118583235889673
7,1049,10953,0.004007847514003515
7,1050,10954,0.0015943142352625728
7,1051,10955,0.0031083328649401665
7,1052,10956,0.04584628716111183
7,1053,10957,0.03559800609946251
7,1054,10958,0.011899948120117188
7,1055,10959,0.002578332321718335
7,1056,10960,0.003118248889222741
7,1057,10961,0.010229001753032207
7,1058,10962,0.03692753612995148
7,1059,10963,0.06704608350992203
7,1060,10964,0.004055492114275694
7,1061,10965,0.0076789166778326035
7,1062,10966,0.019712990149855614
7,1063,10967,0.004578434396535158
7,1064,10968,0.005267759785056114
7,1065,10969,0.009918720461428165
7,1066,10970,0.006197350565344095
7,1067,10971,0.0025972507428377867
7,1068,10972,0.04629106819629669
7,1069,10973,0.08063463121652603
7,1070,10974,0.03367021679878235
7,1071,10975,0.03511381149291992
7,1072,10976,0.08995291590690613
7,1073,10977,0.04236835986375809
7,1074,10978,0.07652903348207474
7,1075,10979,0.005315357353538275
7,1076,10980,0.028704890981316566
7,1077,10981,0.04860999062657356
7,1078,10982,0.028104186058044434
7,1079,10983,0.024935729801654816
7,1080,10984,0.003850077511742711
7,1081,10985,0.017977017909288406
7,1082,10986,0.020934365689754486
7,1083,10987,0.004210951272398233
7,1084,10988,0.008347497321665287
7,1085,10989,0.06360679864883423
7,1086,10990,0.0024840193800628185
7,1087,10991,0.013288679532706738
7,1088,10992,0.001951370039023459
7,1089,10993,0.007101722527295351
7,1090,10994,0.06537223607301712
7,1091,10995,0.0032224340829998255
7,1092,10996,0.0027755084447562695
7,1093,10997,0.005351330153644085
7,1094,10998,0.00836862064898014
7,1095,10999,0.0019119710195809603
7,1096,11000,0.002054639859125018
7,1097,11001,0.00513327494263649
7,1098,11002,0.04580800607800484
7,1099,11003,0.15495692193508148
7,1100,11004,0.05131157487630844
7,1101,11005,0.009941604919731617
7,1102,11006,0.0063349357806146145
7,1103,11007,0.05889655277132988
7,1104,11008,0.03360520303249359
7,1105,11009,0.02243254892528057
7,1106,11010,0.008017524145543575
7,1107,11011,0.028437510132789612
7,1108,11012,0.01796760782599449
7,1109,11013,0.01208824384957552
7,1110,11014,0.0029377401806414127
7,1111,11015,0.004117218777537346
7,1112,11016,0.021433070302009583
7,1113,11017,0.01837160252034664
7,1114,11018,0.0036348195280879736
7,1115,11019,0.0026369988918304443
7,1116,11020,0.02300642989575863
7,1117,11021,0.007826206274330616
7,1118,11022,0.03217864781618118
7,1119,11023,0.0034216155763715506
7,1120,11024,0.002614405704662204
7,1121,11025,0.004782402887940407
7,1122,11026,0.01870695874094963
7,1123,11027,0.010739645920693874
7,1124,11028,0.002791584935039282
7,1125,11029,0.007450629025697708
7,1126,11030,0.012155615724623203
7,1127,11031,0.03774314373731613
7,1128,11032,0.09101845324039459
7,1129,11033,0.005952190142124891
7,1130,11034,0.0019954973831772804
7,1131,11035,0.024938907474279404
7,1132,11036,0.0006524707423523068
7,1133,11037,0.0026513910852372646
7,1134,11038,0.009515967220067978
7,1135,11039,0.0729658380150795
7,1136,11040,0.0010425328509882092
7,1137,11041,0.0048577371053397655
7,1138,11042,0.03944961726665497
7,1139,11043,0.009058441035449505
7,1140,11044,0.002289194380864501
7,1141,11045,0.03112233616411686
7,1142,11046,0.005236187484115362
7,1143,11047,0.003925860393792391
7,1144,11048,0.012622051872313023
7,1145,11049,0.0015802967827767134
7,1146,11050,0.0875789150595665
7,1147,11051,0.02104693092405796
7,1148,11052,0.06261388212442398
7,1149,11053,0.017369557172060013
7,1150,11054,0.01901526190340519
7,1151,11055,0.06482686847448349
7,1152,11056,0.044854819774627686
7,1153,11057,0.0037122592329978943
7,1154,11058,0.003891877830028534
7,1155,11059,0.04057353362441063
7,1156,11060,0.018741149455308914
7,1157,11061,0.07742805033922195
7,1158,11062,0.04712434113025665
7,1159,11063,0.026901884004473686
7,1160,11064,0.011142696253955364
7,1161,11065,0.00496742082759738
7,1162,11066,0.009497898630797863
7,1163,11067,0.036327894777059555
7,1164,11068,0.014643620699644089
7,1165,11069,0.05446142330765724
7,1166,11070,0.009404170326888561
7,1167,11071,0.0008342100773006678
7,1168,11072,0.010602154769003391
7,1169,11073,0.011272515170276165
7,1170,11074,0.011466019786894321
7,1171,11075,0.06386798620223999
7,1172,11076,0.006169892847537994
7,1173,11077,0.005851969122886658
7,1174,11078,0.006170244887471199
7,1175,11079,0.0074709318578243256
7,1176,11080,0.07736456394195557
7,1177,11081,0.0167404618114233
7,1178,11082,0.005325493402779102
7,1179,11083,0.010085748508572578
7,1180,11084,0.008476936258375645
7,1181,11085,0.003917562309652567
7,1182,11086,0.00240834872238338
7,1183,11087,0.004022215027362108
7,1184,11088,0.0016456019366160035
7,1185,11089,0.009154720231890678
7,1186,11090,0.004177204333245754
7,1187,11091,0.03503071889281273
7,1188,11092,0.004911242518573999
7,1189,11093,0.004832355305552483
7,1190,11094,0.024382170289754868
7,1191,11095,0.02468183822929859
7,1192,11096,0.05289751663804054
7,1193,11097,0.007952197454869747
7,1194,11098,0.010636365041136742
7,1195,11099,0.0037646666169166565
7,1196,11100,0.003986897878348827
7,1197,11101,0.0014819152420386672
7,1198,11102,0.013447842560708523
7,1199,11103,0.0030846023000776768
7,1200,11104,0.033748090267181396
7,1201,11105,0.04204722121357918
7,1202,11106,0.002642581705003977
7,1203,11107,0.041081834584474564
7,1204,11108,0.006655464880168438
7,1205,11109,0.016175469383597374
7,1206,11110,0.004637335892766714
7,1207,11111,0.002193201333284378
7,1208,11112,0.0018677052576094866
7,1209,11113,0.0019991309382021427
7,1210,11114,0.05045018345117569
7,1211,11115,0.03779197484254837
7,1212,11116,0.03955685347318649
7,1213,11117,0.0010837247828021646
7,1214,11118,0.017914051190018654
7,1215,11119,0.008884789422154427
7,1216,11120,0.01026251632720232
7,1217,11121,0.0010705067543312907
7,1218,11122,0.007710747886449099
7,1219,11123,0.002946354914456606
7,1220,11124,0.0038976208306849003
7,1221,11125,0.004613618366420269
7,1222,11126,0.0020128386095166206
7,1223,11127,0.04211963340640068
7,1224,11128,0.0862872526049614
7,1225,11129,0.0021557204890996218
7,1226,11130,0.11622900515794754
7,1227,11131,0.009773259051144123
7,1228,11132,0.0060048489831388
7,1229,11133,0.007027386222034693
7,1230,11134,0.0032470517326146364
7,1231,11135,0.006373107898980379
7,1232,11136,0.10729208588600159
7,1233,11137,0.008039112202823162
7,1234,11138,0.007785650435835123
7,1235,11139,0.03203471377491951
7,1236,11140,0.028870167210698128
7,1237,11141,0.0026196578983217478
7,1238,11142,0.006784089840948582
7,1239,11143,0.002711737994104624
7,1240,11144,0.042327139526605606
7,1241,11145,0.006485711317509413
7,1242,11146,0.060978442430496216
7,1243,11147,0.0017024956177920103
7,1244,11148,0.007751109544187784
7,1245,11149,0.0028159846551716328
7,1246,11150,0.004704128485172987
7,1247,11151,0.010922998189926147
7,1248,11152,0.06650335341691971
7,1249,11153,0.005553415976464748
7,1250,11154,0.015570156276226044
7,1251,11155,0.028821459040045738
7,1252,11156,0.025394342839717865
7,1253,11157,0.0510946623980999
7,1254,11158,0.009086973033845425
7,1255,11159,0.017665911465883255
7,1256,11160,0.004249427933245897
7,1257,11161,0.006119916215538979
7,1258,11162,0.023357193917036057
7,1259,11163,0.08785249292850494
7,1260,11164,0.0167254488915205
7,1261,11165,0.009190807119011879
7,1262,11166,0.04596351459622383
7,1263,11167,0.00561636732891202
7,1264,11168,0.013967866078019142
7,1265,11169,0.005520428065210581
7,1266,11170,0.008113240823149681
7,1267,11171,0.0037019799929112196
7,1268,11172,0.0057100350968539715
7,1269,11173,0.02281487174332142
7,1270,11174,0.011359465308487415
7,1271,11175,0.005753170698881149
7,1272,11176,0.006231184117496014
7,1273,11177,0.0049324375577270985
7,1274,11178,0.037175264209508896
7,1275,11179,0.040446653962135315
7,1276,11180,0.03436598926782608
7,1277,11181,0.012054972350597382
7,1278,11182,0.0018188216490671039
7,1279,11183,0.0017548813484609127
7,1280,11184,0.030047034844756126
7,1281,11185,0.008883957751095295
7,1282,11186,0.0025018767919391394
7,1283,11187,0.002572954399511218
7,1284,11188,0.01300112809985876
7,1285,11189,0.006954351905733347
7,1286,11190,0.01587202213704586
7,1287,11191,0.0033428289461880922
7,1288,11192,0.05757724493741989
7,1289,11193,0.0027744676917791367
7,1290,11194,0.016846459358930588
7,1291,11195,0.021568024531006813
7,1292,11196,0.01690490171313286
7,1293,11197,0.0020137515384703875
7,1294,11198,0.0036737716291099787
7,1295,11199,0.11218737065792084
7,1296,11200,0.006793815642595291
7,1297,11201,0.007818200625479221
7,1298,11202,0.0023245802149176598
7,1299,11203,0.0017545020673424006
7,1300,11204,0.0027102725580334663
7,1301,11205,0.008959042839705944
7,1302,11206,0.0008020381792448461
7,1303,11207,0.021850164979696274
7,1304,11208,0.008686290122568607
7,1305,11209,0.005222643725574017
7,1306,11210,0.002972660819068551
7,1307,11211,0.0028231474570930004
7,1308,11212,0.0007758796564303339
7,1309,11213,0.0030256113968789577
7,1310,11214,0.001620967173948884
7,1311,11215,0.09319042414426804
7,1312,11216,0.0016289812047034502
7,1313,11217,0.04851418361067772
7,1314,11218,0.0007497887127101421
7,1315,11219,0.0027996129356324673
7,1316,11220,0.001945289084687829
7,1317,11221,0.056328266859054565
7,1318,11222,0.005564013030380011
7,1319,11223,0.015256203711032867
7,1320,11224,0.009798276238143444
7,1321,11225,0.00772392563521862
7,1322,11226,0.023837123066186905
7,1323,11227,0.03422388806939125
7,1324,11228,0.012655794620513916
7,1325,11229,0.04334147274494171
7,1326,11230,0.08776277303695679
7,1327,11231,0.005757872946560383
7,1328,11232,0.0031307456083595753
7,1329,11233,0.028386926278471947
7,1330,11234,0.007197984494268894
7,1331,11235,0.0016048563411459327
7,1332,11236,0.0076369633898139
7,1333,11237,0.002403256483376026
7,1334,11238,0.008253839798271656
7,1335,11239,0.003177936654537916
7,1336,11240,0.0020658322609961033
7,1337,11241,0.011913356371223927
7,1338,11242,0.0017783591756597161
7,1339,11243,0.003947969526052475
7,1340,11244,0.0023763817735016346
7,1341,11245,0.0033689416013658047
7,1342,11246,0.05919862166047096
7,1343,11247,0.0381932333111763
7,1344,11248,0.0012484556064009666
7,1345,11249,0.0014991145581007004
7,1346,11250,0.007468128111213446
7,1347,11251,0.0034984967205673456
7,1348,11252,0.0037533126305788755
7,1349,11253,0.005195904988795519
7,1350,11254,0.0026100047398358583
7,1351,11255,0.0144802276045084
7,1352,11256,0.008107814006507397
7,1353,11257,0.02816789224743843
7,1354,11258,0.002329757437109947
7,1355,11259,0.11130454391241074
7,1356,11260,0.011084182187914848
7,1357,11261,0.021561745554208755
7,1358,11262,0.006055985111743212
7,1359,11263,0.08170957118272781
7,1360,11264,0.029235588386654854
7,1361,11265,0.013032995164394379
7,1362,11266,0.007046413142234087
7,1363,11267,0.0017195552354678512
7,1364,11268,0.009142953902482986
7,1365,11269,0.004905449692159891
7,1366,11270,0.01827525906264782
7,1367,11271,0.0049148197285830975
7,1368,11272,0.00545515539124608
7,1369,11273,0.006416518706828356
7,1370,11274,0.023633558303117752
7,1371,11275,0.008195413276553154
7,1372,11276,0.04890630766749382
7,1373,11277,0.049280013889074326
7,1374,11278,0.004837497137486935
7,1375,11279,0.01424764096736908
7,1376,11280,0.0020066136494278908
7,1377,11281,0.015614460222423077
7,1378,11282,0.022619498893618584
7,1379,11283,0.003751596203073859
7,1380,11284,0.005594589747488499
7,1381,11285,0.01804496720433235
7,1382,11286,0.007149006240069866
7,1383,11287,0.007876161485910416
7,1384,11288,0.006395833566784859
7,1385,11289,0.004973139148205519
7,1386,11290,0.017463931813836098
7,1387,11291,0.003485399065539241
7,1388,11292,0.0025606434792280197
7,1389,11293,0.005203054286539555
7,1390,11294,0.025577861815690994
7,1391,11295,0.002643200568854809
7,1392,11296,0.00429421616718173
7,1393,11297,0.0013624137500301003
7,1394,11298,0.05280414968729019
7,1395,11299,0.012474007904529572
7,1396,11300,0.00132098572794348
7,1397,11301,0.00928003154695034
7,1398,11302,0.007662477903068066
7,1399,11303,0.0020265637431293726
7,1400,11304,0.0014325611991807818
7,1401,11305,0.003862010082229972
7,1402,11306,0.001775942975655198
7,1403,11307,0.013083797879517078
7,1404,11308,0.027532152831554413
7,1405,11309,0.0027784642297774553
7,1406,11310,0.0036639985628426075
7,1407,11311,0.0025747863110154867
7,1408,11312,0.011620040982961655
7,1409,11313,0.006693386938422918
7,1410,11314,0.008848892524838448
7,1411,11315,0.02350907027721405
7,1412,11316,0.0007720101275481284
7,1413,11317,0.005137901287525892
7,1414,11318,0.0015611742855980992
7,1415,11319,0.002203830052167177
8,1,11320,0.0010634827194735408
8,2,11321,0.001056603854522109
8,3,11322,0.0022975560277700424
8,4,11323,0.0182237196713686
8,5,11324,0.0025417529977858067
8,6,11325,0.003237748285755515
8,7,11326,0.001745740883052349
8,8,11327,0.02089068293571472
8,9,11328,0.005515827797353268
8,10,11329,0.003108375705778599
8,11,11330,0.013401532545685768
8,12,11331,0.0029677466955035925
8,13,11332,0.007907531224191189
8,14,11333,0.0016544690588489175
8,15,11334,0.0055327084846794605
8,16,11335,0.0013248143950477242
8,17,11336,0.0011406412813812494
8,18,11337,0.04162383824586868
8,19,11338,0.038090236485004425
8,20,11339,0.0011539775878190994
8,21,11340,0.0013186894357204437
8,22,11341,0.002854070859029889
8,23,11342,0.0012068047653883696
8,24,11343,0.007050028070807457
8,25,11344,0.0015143395867198706
8,26,11345,0.001024399301968515
8,27,11346,0.0018822902347892523
8,28,11347,0.005646334495395422
8,29,11348,0.0007433400023728609
8,30,11349,0.0015667082043364644
8,31,11350,0.00653435243293643
8,32,11351,0.0012014955282211304
8,33,11352,0.01760932244360447
8,34,11353,0.008136045187711716
8,35,11354,0.011145485565066338
8,36,11355,0.002649107249453664
8,37,11356,0.003381097922101617
8,38,11357,0.05299144238233566
8,39,11358,0.0018870558124035597
8,40,11359,0.006507060024887323
8,41,11360,0.0012993200216442347
8,42,11361,0.001573283807374537
8,43,11362,0.05554870888590813
8,44,11363,0.0074752806685864925
8,45,11364,0.0040855105035007
8,46,11365,0.0037691304460167885
8,47,11366,0.011184350587427616
8,48,11367,0.002886299043893814
8,49,11368,0.011628838256001472
8,50,11369,0.005536902695894241
8,51,11370,0.01159366313368082
8,52,11371,0.013424824923276901
8,53,11372,0.021259084343910217
8,54,11373,0.009673941880464554
8,55,11374,0.0018448380287736654
8,56,11375,0.004912062548100948
8,57,11376,0.0013183769769966602
8,58,11377,0.0074937352910637856
8,59,11378,0.002573081525042653
8,60,11379,0.001054944470524788
8,61,11380,0.010194340720772743
8,62,11381,0.0005532265058718622
8,63,11382,0.0041216351091861725
8,64,11383,0.0049692485481500626
8,65,11384,0.007396084722131491
8,66,11385,0.0006637997576035559
8,67,11386,0.004592776298522949
8,68,11387,0.001468389411456883
8,69,11388,0.005432307254523039
8,70,11389,0.00524561433121562
8,71,11390,0.05343928188085556
8,72,11391,0.0029824860394001007
8,73,11392,0.04929259791970253
8,74,11393,0.017663318663835526
8,75,11394,0.003605947131291032
8,76,11395,0.003158007748425007
8,77,11396,0.0066240145824849606
8,78,11397,0.0016462743515148759
8,79,11398,0.014734008349478245
8,80,11399,0.012288302183151245
8,81,11400,0.001214242889545858
8,82,11401,0.005270118359476328
8,83,11402,0.003465843154117465
8,84,11403,0.00290793483145535
8,85,11404,0.0037971653509885073
8,86,11405,0.014488478191196918
8,87,11406,0.0039060604758560658
8,88,11407,0.0034792223013937473
8,89,11408,0.02356189489364624
8,90,11409,0.014995744451880455
8,91,11410,0.033499252051115036
8,92,11411,0.011123853735625744
8,93,11412,0.002093362854793668
8,94,11413,0.0025245121214538813
8,95,11414,0.003243081970140338
8,96,11415,0.007107316050678492
8,97,11416,0.0033802175894379616
8,98,11417,0.0015303976833820343
8,99,11418,0.00774414511397481
8,100,11419,0.003384578274562955
8,101,11420,0.0020208542700856924
8,102,11421,0.0067716846242547035
8,103,11422,0.006771176587790251
8,104,11423,0.007547581568360329
8,105,11424,0.04137914255261421
8,106,11425,0.003079669550061226
8,107,11426,0.002138757612556219
8,108,11427,0.017285259440541267
8,109,11428,0.03899296373128891
8,110,11429,0.0015726445708423853
8,111,11430,0.0041363053023815155
8,112,11431,0.0013581850798800588
8,113,11432,0.0006245676195248961
8,114,11433,0.002364005660638213
8,115,11434,0.02758626453578472
8,116,11435,0.001879852032288909
8,117,11436,0.012749876827001572
8,118,11437,0.023475121706724167
8,119,11438,0.0013275963719934225
8,120,11439,0.00465655792504549
8,121,11440,0.0011723204515874386
8,122,11441,0.005930378567427397
8,123,11442,0.002628677524626255
8,124,11443,0.0015316534554585814
8,125,11444,0.0017031148308888078
8,126,11445,0.010998589918017387
8,127,11446,0.0014021984534338117
8,128,11447,0.004466868005692959
8,129,11448,0.02769964002072811
8,130,11449,0.0007575250929221511
8,131,11450,0.03729056566953659
8,132,11451,0.0040530795231461525
8,133,11452,0.0027266698889434338
8,134,11453,0.008521471172571182
8,135,11454,0.0012971595861017704
8,136,11455,0.0018199688056483865
8,137,11456,0.010874799452722073
8,138,11457,0.011704514734447002
8,139,11458,0.0015715969493612647
8,140,11459,0.03292413055896759
8,141,11460,0.005316232331097126
8,142,11461,0.012864930555224419
8,143,11462,0.002937599318102002
8,144,11463,0.002809502650052309
8,145,11464,0.013238636776804924
8,146,11465,0.0020560657139867544
8,147,11466,0.002366311615332961
8,148,11467,0.0019508282421156764
8,149,11468,0.0007505271350964904
8,150,11469,0.07762935757637024
8,151,11470,0.07760383933782578
8,152,11471,0.002650676527991891
8,153,11472,0.002449485007673502
8,154,11473,0.01656905934214592
8,155,11474,0.0010732583468779922
8,156,11475,0.004063154570758343
8,157,11476,0.0016394318081438541
8,158,11477,0.001606896985322237
8,159,11478,0.0015094747068360448
8,160,11479,0.008278020657598972
8,161,11480,0.008701232261955738
8,162,11481,0.013762244954705238
8,163,11482,0.0071702394634485245
8,164,11483,0.02960146963596344
8,165,11484,0.006471067667007446
8,166,11485,0.0027189652901142836
8,167,11486,0.10177544504404068
8,168,11487,0.015183655545115471
8,169,11488,0.007129848934710026
8,170,11489,0.0069346958771348
8,171,11490,0.0017777200555428863
8,172,11491,0.0026716135907918215
8,173,11492,0.009373432025313377
8,174,11493,0.0024091904051601887
8,175,11494,0.038927268236875534
8,176,11495,0.0036470943596214056
8,177,11496,0.003261373145505786
8,178,11497,0.021328764036297798
8,179,11498,0.0008487710147164762
8,180,11499,0.007836329750716686
8,181,11500,0.0055601769126951694
8,182,11501,0.0015129523817449808
8,183,11502,0.033366937190294266
8,184,11503,0.0014700200408697128
8,185,11504,0.0017935414798557758
8,186,11505,0.008456923067569733
8,187,11506,0.008085687644779682
8,188,11507,0.0056853387504816055
8,189,11508,0.0022081835195422173
8,190,11509,0.02493189089000225
8,191,11510,0.001456659403629601
8,192,11511,0.006807864177972078
8,193,11512,0.03688763454556465
8,194,11513,0.002715045353397727
8,195,11514,0.007571505848318338
8,196,11515,0.021474787965416908
8,197,11516,0.0015682545490562916
8,198,11517,0.000999733805656433
8,199,11518,0.004912028554826975
8,200,11519,0.0017079284880310297
8,201,11520,0.0019677048549056053
8,202,11521,0.0020903456024825573
8,203,11522,0.12061016261577606
8,204,11523,0.0017087217420339584
8,205,11524,0.0021328849252313375
8,206,11525,0.026370730251073837
8,207,11526,0.0010920680360868573
8,208,11527,0.004000039771199226
8,209,11528,0.011891337111592293
8,210,11529,0.029605450108647346
8,211,11530,0.00438179774209857
8,212,11531,0.002538711531087756
8,213,11532,0.00411029439419508
8,214,11533,0.015692900866270065
8,215,11534,0.01051870733499527
8,216,11535,0.015160718001425266
8,217,11536,0.005704985000193119
8,218,11537,0.0049319337122142315
8,219,11538,0.02249475009739399
8,220,11539,0.03295345604419708
8,221,11540,0.012515322305262089
8,222,11541,0.00958870630711317
8,223,11542,0.0019362055463716388
8,224,11543,0.013390550389885902
8,225,11544,0.01647460274398327
8,226,11545,0.0012273325119167566
8,227,11546,0.04298954829573631
8,228,11547,0.0021728507708758116
8,229,11548,0.005047301761806011
8,230,11549,0.0010373673867434263
8,231,11550,0.0015164024662226439
8,232,11551,0.006216485984623432
8,233,11552,0.002784301759675145
8,234,11553,0.0014708646340295672
8,235,11554,0.0017868862487375736
8,236,11555,0.0032696034759283066
8,237,11556,0.03288910165429115
8,238,11557,0.002081300364807248
8,239,11558,0.0013210863107815385
8,240,11559,0.000973692920524627
8,241,11560,0.0020400078501552343
8,242,11561,0.004737160634249449
8,243,11562,0.0007035236340016127
8,244,11563,0.029444821178913116
8,245,11564,0.00037760735722258687
8,246,11565,0.0004586847499012947
8,247,11566,0.017071152105927467
8,248,11567,0.0022084468510001898
8,249,11568,0.024468151852488518
8,250,11569,0.024072689935564995
8,251,11570,0.015012606978416443
8,252,11571,0.004625753965228796
8,253,11572,0.003270117798820138
8,254,11573,0.006430127192288637
8,255,11574,0.007239764556288719
8,256,11575,0.0017807941185310483
8,257,11576,0.0010462008649483323
8,258,11577,0.0010332375532016158
8,259,11578,0.016977092251181602
8,260,11579,0.0035339402966201305
8,261,11580,0.010182603262364864
8,262,11581,0.013421207666397095
8,263,11582,0.003970071207731962
8,264,11583,0.018987959250807762
8,265,11584,0.0021194734144955873
8,266,11585,0.012088214047253132
8,267,11586,0.0019506445387378335
8,268,11587,0.0014296557055786252
8,269,11588,0.007365863304585218
8,270,11589,0.0030197743326425552
8,271,11590,0.0026079106610268354
8,272,11591,0.07647272199392319
8,273,11592,0.0006173400324769318
8,274,11593,0.0025169523432850838
8,275,11594,0.032118067145347595
8,276,11595,0.01572517678141594
8,277,11596,0.0003510382666718215
8,278,11597,0.03000725246965885
8,279,11598,0.011640128679573536
8,280,11599,0.002032361924648285
8,281,11600,0.033120281994342804
8,282,11601,0.03555284067988396
8,283,11602,0.020485397428274155
8,284,11603,0.0007343784091062844
8,285,11604,0.0015463866293430328
8,286,11605,0.0009231366566382349
8,287,11606,0.008869721554219723
8,288,11607,0.0028457765001803637
8,289,11608,0.0042791482992470264
8,290,11609,0.01903059333562851
8,291,11610,0.004849090240895748
8,292,11611,0.0008504464058205485
8,293,11612,0.00471007963642478
8,294,11613,0.03776109218597412
8,295,11614,0.008680623956024647
8,296,11615,0.002707134699448943
8,297,11616,0.00912936870008707
8,298,11617,0.0011623003520071507
8,299,11618,0.003813790623098612
8,300,11619,0.004457663279026747
8,301,11620,0.005767832510173321
8,302,11621,0.012476938776671886
8,303,11622,0.003822851460427046
8,304,11623,0.0068328180350363255
8,305,11624,0.0017867053393274546
8,306,11625,0.08467922359704971
8,307,11626,0.00264370022341609
8,308,11627,0.0004157578223384917
8,309,11628,0.0033862623386085033
8,310,11629,0.0013171809259802103
8,311,11630,0.0003821115242317319
8,312,11631,0.0093246940523386
8,313,11632,0.0012613508151844144
8,314,11633,0.002354718279093504
8,315,11634,0.002164611127227545
8,316,11635,0.00292352307587862
8,317,11636,0.002517102286219597
8,318,11637,0.0018218248151242733
8,319,11638,0.0019947087857872248
8,320,11639,0.01641901023685932
8,321,11640,0.002573387697339058
8,322,11641,0.0020709584932774305
8,323,11642,0.001615454675629735
8,324,11643,0.002179004019126296
8,325,11644,0.048895660787820816
8,326,11645,0.0009180928464047611
8,327,11646,0.014000308699905872
8,328,11647,0.0031831266824156046
8,329,11648,0.019088322296738625
8,330,11649,0.02972438558936119
8,331,11650,0.006040102336555719
8,332,11651,0.004441988654434681
8,333,11652,0.0026326491497457027
8,334,11653,0.00220280303619802
8,335,11654,0.006185122765600681
8,336,11655,0.0019497658358886838
8,337,11656,0.02241531014442444
8,338,11657,0.010744216851890087
8,339,11658,0.00131235271692276
8,340,11659,0.0014269613893702626
8,341,11660,0.0017155836103484035
8,342,11661,0.0014533615903928876
8,343,11662,0.003208449110388756
8,344,11663,0.0021446053870022297
8,345,11664,0.0008688263478688896
8,346,11665,0.00559704564511776
8,347,11666,0.07881055772304535
8,348,11667,0.0013505847891792655
8,349,11668,0.0048561482690274715
8,350,11669,0.0037037585861980915
8,351,11670,0.0022012104745954275
8,352,11671,0.004499507136642933
8,353,11672,0.025662777945399284
8,354,11673,0.0008941575651988387
8,355,11674,0.018676169216632843
8,356,11675,0.006948493421077728
8,357,11676,0.04269954562187195
8,358,11677,0.0021123921032994986
8,359,11678,0.0024139871820807457
8,360,11679,0.008380119688808918
8,361,11680,0.04139748960733414
8,362,11681,0.003908200189471245
8,363,11682,0.0025222310796380043
8,364,11683,0.01410211343318224
8,365,11684,0.009328929707407951
8,366,11685,0.030071774497628212
8,367,11686,0.05566956475377083
8,368,11687,0.009992019273340702
8,369,11688,0.05074870213866234
8,370,11689,0.019139651209115982
8,371,11690,0.0027316566556692123
8,372,11691,0.009293735027313232
8,373,11692,0.014920035377144814
8,374,11693,0.025412611663341522
8,375,11694,0.01643356867134571
8,376,11695,0.001511935144662857
8,377,11696,0.0046626669354736805
8,378,11697,0.0023980357218533754
8,379,11698,0.0028296541422605515
8,380,11699,0.01333137508481741
8,381,11700,0.0012081313179805875
8,382,11701,0.003092620987445116
8,383,11702,0.05300675332546234
8,384,11703,0.004055051598697901
8,385,11704,0.001103543327189982
8,386,11705,0.004872932098805904
8,387,11706,0.004744960460811853
8,388,11707,0.0023918861988931894
8,389,11708,0.0022991562727838755
8,390,11709,0.009425388649106026
8,391,11710,0.0016557197086513042
8,392,11711,0.0018312538741156459
8,393,11712,0.0011482702102512121
8,394,11713,0.002307348418980837
8,395,11714,0.007138580083847046
8,396,11715,0.008838605135679245
8,397,11716,0.004283771850168705
8,398,11717,0.008901589550077915
8,399,11718,0.0033446799498051405
8,400,11719,0.012859047390520573
8,401,11720,0.001845184131525457
8,402,11721,0.00531149934977293
8,403,11722,0.003310387721285224
8,404,11723,0.0031711915507912636
8,405,11724,0.012532989494502544
8,406,11725,0.0035871481522917747
8,407,11726,0.03736511617898941
8,408,11727,0.00349448318593204
8,409,11728,0.002179035684093833
8,410,11729,0.05885831639170647
8,411,11730,0.0038589918985962868
8,412,11731,0.025807999074459076
8,413,11732,0.017132166773080826
8,414,11733,0.0013901441125199199
8,415,11734,0.0006884814938530326
8,416,11735,0.007328894454985857
8,417,11736,0.0793549045920372
8,418,11737,0.00170324114151299
8,419,11738,0.0034098182804882526
8,420,11739,0.004868430085480213
8,421,11740,0.0022650244645774364
8,422,11741,0.0018741226522251964
8,423,11742,0.00048193687689490616
8,424,11743,0.002136585768312216
8,425,11744,0.006903422065079212
8,426,11745,0.0018430497730150819
8,427,11746,0.019237428903579712
8,428,11747,0.0021239479538053274
8,429,11748,0.044500406831502914
8,430,11749,0.021133746951818466
8,431,11750,0.018523083999753
8,432,11751,0.018307887017726898
8,433,11752,0.007736350409686565
8,434,11753,0.003815428353846073
8,435,11754,0.03266800940036774
8,436,11755,0.11747245490550995
8,437,11756,0.032368820160627365
8,438,11757,0.010868561454117298
8,439,11758,0.01351450476795435
8,440,11759,0.0523824468255043
8,441,11760,0.004725384060293436
8,442,11761,0.0003871639200951904
8,443,11762,0.0007045031525194645
8,444,11763,0.004817611072212458
8,445,11764,0.009131879545748234
8,446,11765,0.0020679072476923466
8,447,11766,0.10375247895717621
8,448,11767,0.003082652809098363
8,449,11768,0.014637559652328491
8,450,11769,0.0008349194540642202
8,451,11770,0.0069144838489592075
8,452,11771,0.0015681125223636627
8,453,11772,0.003957556560635567
8,454,11773,0.0012581609189510345
8,455,11774,0.04943883791565895
8,456,11775,0.0059111337177455425
8,457,11776,0.0018975118873640895
8,458,11777,0.008248001337051392
8,459,11778,0.00455210916697979
8,460,11779,0.002425583079457283
8,461,11780,0.0058549996465444565
8,462,11781,0.005191577598452568
8,463,11782,0.0448470376431942
8,464,11783,0.0029282469768077135
8,465,11784,0.0027295988984405994
8,466,11785,0.004374323878437281
8,467,11786,0.0037953448481857777
8,468,11787,0.0011699114693328738
8,469,11788,0.0010373411932960153
8,470,11789,0.053315047174692154
8,471,11790,0.002604365348815918
8,472,11791,0.03656898811459541
8,473,11792,0.06432972103357315
8,474,11793,0.012964511290192604
8,475,11794,0.0031215797644108534
8,476,11795,0.004584037698805332
8,477,11796,0.018530050292611122
8,478,11797,0.01684463955461979
8,479,11798,0.050643887370824814
8,480,11799,0.028651878237724304
8,481,11800,0.0009382140706293285
8,482,11801,0.002759584691375494
8,483,11802,0.014684310182929039
8,484,11803,0.02891572192311287
8,485,11804,0.013424345292150974
8,486,11805,0.0028610213194042444
8,487,11806,0.0036654560826718807
8,488,11807,0.01346304640173912
8,489,11808,0.01399175450205803
8,490,11809,0.006741396617144346
8,491,11810,0.05302239581942558
8,492,11811,0.0035768854431807995
8,493,11812,0.006222193595021963
8,494,11813,0.0020926576107740402
8,495,11814,0.011718093417584896
8,496,11815,0.014493006281554699
8,497,11816,0.00657332269474864
8,498,11817,0.005430618766695261
8,499,11818,0.02830536663532257
8,500,11819,0.0039999946020543575
8,501,11820,0.005503706634044647
8,502,11821,0.0061107357032597065
8,503,11822,0.007315022870898247
8,504,11823,0.0018255363684147596
8,505,11824,0.05903076007962227
8,506,11825,0.009688768535852432
8,507,11826,0.006764561869204044
8,508,11827,0.002464230405166745
8,509,11828,0.01293050218373537
8,510,11829,0.025223171338438988
8,511,11830,0.011523465625941753
8,512,11831,0.0012220331700518727
8,513,11832,0.0007659982657060027
8,514,11833,0.01191440224647522
8,515,11834,0.03319532051682472
8,516,11835,0.02536604553461075
8,517,11836,0.0011870904127135873
8,518,11837,0.021574800834059715
8,519,11838,0.002731584245339036
8,520,11839,0.0038431882858276367
8,521,11840,0.00292298779822886
8,522,11841,0.14282114803791046
8,523,11842,0.009735525585711002
8,524,11843,0.01158150378614664
8,525,11844,0.00919237919151783
8,526,11845,0.01333389338105917
8,527,11846,0.002219499321654439
8,528,11847,0.03331301733851433
8,529,11848,0.031423695385456085
8,530,11849,0.010797790251672268
8,531,11850,0.011888725683093071
8,532,11851,0.0012011368526145816
8,533,11852,0.005072928499430418
8,534,11853,0.007830390706658363
8,535,11854,0.0036527165211737156
8,536,11855,0.02561139687895775
8,537,11856,0.003356033703312278
8,538,11857,0.00030368875013664365
8,539,11858,0.08296697586774826
8,540,11859,0.0020985498558729887
8,541,11860,0.0003863155725412071
8,542,11861,0.015211024321615696
8,543,11862,0.007399693131446838
8,544,11863,0.01978183351457119
8,545,11864,0.005042326636612415
8,546,11865,0.042183373123407364
8,547,11866,0.002897308673709631
8,548,11867,0.004092973656952381
8,549,11868,0.005317021161317825
8,550,11869,0.004342908505350351
8,551,11870,0.008022530004382133
8,552,11871,0.014918913133442402
8,553,11872,0.05596817657351494
8,554,11873,0.003939303103834391
8,555,11874,0.002051645889878273
8,556,11875,0.02748679183423519
8,557,11876,0.0017368809785693884
8,558,11877,0.0009858643170446157
8,559,11878,0.006947224494069815
8,560,11879,0.00647384487092495
8,561,11880,0.0023089335300028324
8,562,11881,0.03629458323121071
8,563,11882,0.005004941951483488
8,564,11883,0.05113443359732628
8,565,11884,0.001700535649433732
8,566,11885,0.038692887872457504
8,567,11886,0.017429692670702934
8,568,11887,0.003273481735959649
8,569,11888,0.015627242624759674
8,570,11889,0.005797859281301498
8,571,11890,0.009874998591840267
8,572,11891,0.002302241511642933
8,573,11892,0.013416843488812447
8,574,11893,0.0006886412738822401
8,575,11894,0.0016892962157726288
8,576,11895,0.009731562808156013
8,577,11896,0.0016794557450339198
8,578,11897,0.0027934161480516195
8,579,11898,0.005036568269133568
8,580,11899,0.0300539992749691
8,581,11900,0.008667254820466042
8,582,11901,0.003695853054523468
8,583,11902,0.002396113472059369
8,584,11903,0.0026031900197267532
8,585,11904,0.0015038334531709552
8,586,11905,0.020839642733335495
8,587,11906,0.014052691869437695
8,588,11907,0.0169474296271801
8,589,11908,0.01887241005897522
8,590,11909,0.050443753600120544
8,591,11910,0.0017999284900724888
8,592,11911,0.0390763059258461
8,593,11912,0.008494195528328419
8,594,11913,0.0016967455158010125
8,595,11914,0.007642615120857954
8,596,11915,0.006115586496889591
8,597,11916,0.0037159135099500418
8,598,11917,0.006383616477251053
8,599,11918,0.0006405581370927393
8,600,11919,0.0019114980241283774
8,601,11920,0.002577896462753415
8,602,11921,0.0038842945359647274
8,603,11922,0.0023012461606413126
8,604,11923,0.0035110185854136944
8,605,11924,0.03515296429395676
8,606,11925,0.010068153031170368
8,607,11926,0.0011924267746508121
8,608,11927,0.07925944775342941
8,609,11928,0.03447286784648895
8,610,11929,0.0009378014947287738
8,611,11930,0.0017870330484583974
8,612,11931,0.011035250499844551
8,613,11932,0.008557381108403206
8,614,11933,0.003488212823867798
8,615,11934,0.0015586327062919736
8,616,11935,0.0030950368382036686
8,617,11936,0.034451548010110855
8,618,11937,0.0011166238691657782
8,619,11938,0.002058130456134677
8,620,11939,0.021792305633425713
8,621,11940,0.0012058592401444912
8,622,11941,0.017867570742964745
8,623,11942,0.003940426744520664
8,624,11943,0.0008349829586222768
8,625,11944,0.06101622059941292
8,626,11945,0.018187182024121284
8,627,11946,0.0985553041100502
8,628,11947,0.01937796361744404
8,629,11948,0.01367492601275444
8,630,11949,0.00692463805899024
8,631,11950,0.003647693432867527
8,632,11951,0.049265045672655106
8,633,11952,0.008496886119246483
8,634,11953,0.011540096253156662
8,635,11954,0.005527953617274761
8,636,11955,0.012405815534293652
8,637,11956,0.009856417775154114
8,638,11957,0.023507259786128998
8,639,11958,0.012333148159086704
8,640,11959,0.002961444668471813
8,641,11960,0.012644504196941853
8,642,11961,0.03562496602535248
8,643,11962,0.003640171140432358
8,644,11963,0.0020918967202305794
8,645,11964,0.019374936819076538
8,646,11965,0.013889351859688759
8,647,11966,0.00338038825429976
8,648,11967,0.0037267920561134815
8,649,11968,0.07611025124788284
8,650,11969,0.009571465663611889
8,651,11970,0.00990604143589735
8,652,11971,0.054309435188770294
8,653,11972,0.0017024286789819598
8,654,11973,0.003294689115136862
8,655,11974,0.004135575145483017
8,656,11975,0.00327745801769197
8,657,11976,0.004207187797874212
8,658,11977,0.004520901478827
8,659,11978,0.0015327678993344307
8,660,11979,0.002953830873593688
8,661,11980,0.0076898313127458096
8,662,11981,0.003027459140866995
8,663,11982,0.03546037897467613
8,664,11983,0.04011673852801323
8,665,11984,0.003790561342611909
8,666,11985,0.009786632843315601
8,667,11986,0.03695763275027275
8,668,11987,0.021366504952311516
8,669,11988,0.05817945674061775
8,670,11989,0.031924907118082047
8,671,11990,0.004835315980017185
8,672,11991,0.04924023523926735
8,673,11992,0.026633216068148613
8,674,11993,0.003927141893655062
8,675,11994,0.03377871587872505
8,676,11995,0.03308355435729027
8,677,11996,0.004447058774530888
8,678,11997,0.004769576247781515
8,679,11998,0.003356301225721836
8,680,11999,0.0022026640363037586
8,681,12000,0.02344701811671257
8,682,12001,0.008199811913073063
8,683,12002,0.006349687464535236
8,684,12003,0.12502388656139374
8,685,12004,0.012851296924054623
8,686,12005,0.08000265061855316
8,687,12006,0.016490064561367035
8,688,12007,0.009134568274021149
8,689,12008,0.004203773569315672
8,690,12009,0.0037972903810441494
8,691,12010,0.022206395864486694
8,692,12011,0.0037141134962439537
8,693,12012,0.007751975674182177
8,694,12013,0.010634519159793854
8,695,12014,0.003402263391762972
8,696,12015,0.011597929522395134
8,697,12016,0.009020579047501087
8,698,12017,0.011994777247309685
8,699,12018,0.005438315682113171
8,700,12019,0.002825770992785692
8,701,12020,0.0049086883664131165
8,702,12021,0.001737686456181109
8,703,12022,0.006902766413986683
8,704,12023,0.03898823633790016
8,705,12024,0.009328697808086872
8,706,12025,0.006444233935326338
8,707,12026,0.0026217615231871605
8,708,12027,0.037601880729198456
8,709,12028,0.011190487071871758
8,710,12029,0.009076329879462719
8,711,12030,0.006652200594544411
8,712,12031,0.0013146370183676481
8,713,12032,0.0052589853294193745
8,714,12033,0.010848446749150753
8,715,12034,0.004808241501450539
8,716,12035,0.007129495032131672
8,717,12036,0.04341572895646095
8,718,12037,0.0030572752002626657
8,719,12038,0.016169583424925804
8,720,12039,0.006236875429749489
8,721,12040,0.09011110663414001
8,722,12041,0.00157198088709265
8,723,12042,0.0009556579752825201
8,724,12043,0.021061161532998085
8,725,12044,0.0013081368524581194
8,726,12045,0.0034086916130036116
8,727,12046,0.002912255236878991
8,728,12047,0.007346297614276409
8,729,12048,0.03204469755291939
8,730,12049,0.0040608542039990425
8,731,12050,0.008077170699834824
8,732,12051,0.0028426332864910364
8,733,12052,0.07359342277050018
8,734,12053,0.05500057712197304
8,735,12054,0.006765334401279688
8,736,12055,0.002444319659844041
8,737,12056,0.005924015771597624
8,738,12057,0.01688597910106182
8,739,12058,0.01013170462101698
8,740,12059,0.0017161950236186385
8,741,12060,0.024434393271803856
8,742,12061,0.004616293590515852
8,743,12062,0.001960623310878873
8,744,12063,0.011128720827400684
8,745,12064,0.0018564661731943488
8,746,12065,0.019433509558439255
8,747,12066,0.03435784578323364
8,748,12067,0.001179231214337051
8,749,12068,0.0019180047092959285
8,750,12069,0.013086775317788124
8,751,12070,0.030832231044769287
8,752,12071,0.023658158257603645
8,753,12072,0.002053428441286087
8,754,12073,0.06919968128204346
8,755,12074,0.005465955473482609
8,756,12075,0.09232108294963837
8,757,12076,0.025619495660066605
8,758,12077,0.0005118264816701412
8,759,12078,0.018871746957302094
8,760,12079,0.0020253651309758425
8,761,12080,0.0013755449326708913
8,762,12081,0.03930649161338806
8,763,12082,0.0036489004269242287
8,764,12083,0.007687551435083151
8,765,12084,0.011692405678331852
8,766,12085,0.004551736172288656
8,767,12086,0.005030976142734289
8,768,12087,0.0014264703495427966
8,769,12088,0.004770522005856037
8,770,12089,0.018302513286471367
8,771,12090,0.004885179456323385
8,772,12091,0.024887690320611
8,773,12092,0.004636094905436039
8,774,12093,0.002812635153532028
8,775,12094,0.01084676943719387
8,776,12095,0.009157857857644558
8,777,12096,0.020190490409731865
8,778,12097,0.04174066707491875
8,779,12098,0.006734097842127085
8,780,12099,0.008960035629570484
8,781,12100,0.0031797008123248816
8,782,12101,0.00034791199141182005
8,783,12102,0.0604407824575901
8,784,12103,0.0007633551140315831
8,785,12104,0.0014201955636963248
8,786,12105,0.00794430822134018
8,787,12106,0.0786350890994072
8,788,12107,0.004806783050298691
8,789,12108,0.025649115443229675
8,790,12109,0.001212028437294066
8,791,12110,0.0017201295122504234
8,792,12111,0.0035316087305545807
8,793,12112,0.01293018739670515
8,794,12113,0.06230786815285683
8,795,12114,0.018121272325515747
8,796,12115,0.007032403722405434
8,797,12116,0.0008976588142104447
8,798,12117,0.0028678260277956724
8,799,12118,0.0007942045922391117
8,800,12119,0.010061005130410194
8,801,12120,0.0019031629199162126
8,802,12121,0.013739685527980328
8,803,12122,0.010586770251393318
8,804,12123,0.0025513656437397003
8,805,12124,0.001926414668560028
8,806,12125,0.005821487866342068
8,807,12126,0.000938235898502171
8,808,12127,0.0018138804007321596
8,809,12128,0.002482317853718996
8,810,12129,0.019759010523557663
8,811,12130,0.015284141525626183
8,812,12131,0.0033283387310802937
8,813,12132,0.00240812124684453
8,814,12133,0.0009887777268886566
8,815,12134,0.002043977612629533
8,816,12135,0.008509713225066662
8,817,12136,0.06398963183164597
8,818,12137,0.03612575680017471
8,819,12138,0.00992303341627121
8,820,12139,0.0034139491617679596
8,821,12140,0.0016399777960032225
8,822,12141,0.0031390294898301363
8,823,12142,0.021273203194141388
8,824,12143,0.002334824064746499
8,825,12144,0.017993822693824768
8,826,12145,0.004051947966217995
8,827,12146,0.0014133602380752563
8,828,12147,0.004190498497337103
8,829,12148,0.0048942058347165585
8,830,12149,0.015351210720837116
8,831,12150,0.019089797511696815
8,832,12151,0.001923884847201407
8,833,12152,0.0035654769744724035
8,834,12153,0.03610973805189133
8,835,12154,0.00213950639590621
8,836,12155,0.00900964718312025
8,837,12156,0.031259916722774506
8,838,12157,0.024869278073310852
8,839,12158,0.004979751072824001
8,840,12159,0.004683225881308317
8,841,12160,0.026474785059690475
8,842,12161,0.001855490729212761
8,843,12162,0.017395876348018646
8,844,12163,0.003678055014461279
8,845,12164,0.008892790414392948
8,846,12165,0.003801492042839527
8,847,12166,0.06358711421489716
8,848,12167,0.008830721490085125
8,849,12168,0.04927052929997444
8,850,12169,0.002246664371341467
8,851,12170,0.022832615301012993
8,852,12171,0.0014084380818530917
8,853,12172,0.008864848874509335
8,854,12173,0.003848693100735545
8,855,12174,0.002977583324536681
8,856,12175,0.002453612396493554
8,857,12176,0.01521320641040802
8,858,12177,0.09960877150297165
8,859,12178,0.00238081905990839
8,860,12179,0.051086004823446274
8,861,12180,0.00481047946959734
8,862,12181,0.004642845131456852
8,863,12182,0.009116939269006252
8,864,12183,0.008319876156747341
8,865,12184,0.033441152423620224
8,866,12185,0.003494872711598873
8,867,12186,0.0029981823172420263
8,868,12187,0.010135390795767307
8,869,12188,0.0010566773125901818
8,870,12189,0.08063051104545593
8,871,12190,0.0009724466945044696
8,872,12191,0.006540130358189344
8,873,12192,0.02554544433951378
8,874,12193,0.002083422848954797
8,875,12194,0.0031157012563198805
8,876,12195,0.0031786668114364147
8,877,12196,0.002324332483112812
8,878,12197,0.005034081172198057
8,879,12198,0.004466080106794834
8,880,12199,0.010355849750339985
8,881,12200,0.003996283281594515
8,882,12201,0.07454987615346909
8,883,12202,0.0020513928029686213
8,884,12203,0.00399867445230484
8,885,12204,0.005208710208535194
8,886,12205,0.006227787118405104
8,887,12206,0.00349657004699111
8,888,12207,0.006057373248040676
8,889,12208,0.0033980971202254295
8,890,12209,0.026100199669599533
8,891,12210,0.03785453736782074
8,892,12211,0.0032899382058531046
8,893,12212,0.053500041365623474
8,894,12213,0.01481157261878252
8,895,12214,0.001930690137669444
8,896,12215,0.04171828553080559
8,897,12216,0.058942604809999466
8,898,12217,0.005156143102794886
8,899,12218,0.020679013803601265
8,900,12219,0.007520658429712057
8,901,12220,0.0008888415759429336
8,902,12221,0.01925322227180004
8,903,12222,0.021945076063275337
8,904,12223,0.005432918667793274
8,905,12224,0.002320387400686741
8,906,12225,0.035386618226766586
8,907,12226,0.004518603906035423
8,908,12227,0.0877750962972641
8,909,12228,0.00593367125838995
8,910,12229,0.002389421919360757
8,911,12230,0.02660338394343853
8,912,12231,0.011543724685907364
8,913,12232,0.022685298696160316
8,914,12233,0.0037711141631007195
8,915,12234,0.009289874695241451
8,916,12235,0.12015770375728607
8,917,12236,0.003663300070911646
8,918,12237,0.011870166286826134
8,919,12238,0.0037654428742825985
8,920,12239,0.004599414300173521
8,921,12240,0.008783035911619663
8,922,12241,0.004879564978182316
8,923,12242,0.002771550789475441
8,924,12243,0.0016977769555523992
8,925,12244,0.0017803063383325934
8,926,12245,0.00322546879760921
8,927,12246,0.005545379128307104
8,928,12247,0.0037110671401023865
8,929,12248,0.0019907127134501934
8,930,12249,0.06600172072649002
8,931,12250,0.002311265328899026
8,932,12251,0.02192690595984459
8,933,12252,0.007611018139868975
8,934,12253,0.010260624811053276
8,935,12254,0.0037887615617364645
8,936,12255,0.0021144484635442495
8,937,12256,0.002695150440558791
8,938,12257,0.04542602598667145
8,939,12258,0.027515940368175507
8,940,12259,0.0024511946830898523
8,941,12260,0.0008807992562651634
8,942,12261,0.0006566866068169475
8,943,12262,0.002139951102435589
8,944,12263,0.0027044827584177256
8,945,12264,0.0036476932000368834
8,946,12265,0.005303548648953438
8,947,12266,0.003318023169413209
8,948,12267,0.020070945844054222
8,949,12268,0.013177336193621159
8,950,12269,0.008429132401943207
8,951,12270,0.0017199700232595205
8,952,12271,0.005148632451891899
8,953,12272,0.003881179727613926
8,954,12273,0.025605909526348114
8,955,12274,0.0022344738245010376
8,956,12275,0.0016946422401815653
8,957,12276,0.005044807214289904
8,958,12277,0.0021930315997451544
8,959,12278,0.0011439950903877616
8,960,12279,0.009249350056052208
8,961,12280,0.0018793783383443952
8,962,12281,0.0020756067242473364
8,963,12282,0.022968821227550507
8,964,12283,0.0013341621961444616
8,965,12284,0.0014262289041653275
8,966,12285,0.005681849084794521
8,967,12286,0.016167519614100456
8,968,12287,0.0017421378288418055
8,969,12288,0.0024461362045258284
8,970,12289,0.001741611398756504
8,971,12290,0.002497823443263769
8,972,12291,0.014346788637340069
8,973,12292,0.02317545749247074
8,974,12293,0.042961034923791885
8,975,12294,0.004778494592756033
8,976,12295,0.0043229456059634686
8,977,12296,0.0008843012619763613
8,978,12297,0.00976562313735485
8,979,12298,0.0023496048524975777
8,980,12299,0.004983252380043268
8,981,12300,0.0013110630679875612
8,982,12301,0.0014305640943348408
8,983,12302,0.004677836317569017
8,984,12303,0.02160278521478176
8,985,12304,0.0028135720640420914
8,986,12305,0.008186088874936104
8,987,12306,0.004310919903218746
8,988,12307,0.0021914418321102858
8,989,12308,0.0010175982024520636
8,990,12309,0.013637172989547253
8,991,12310,0.0012922355672344565
8,992,12311,0.0017300061881542206
8,993,12312,0.0009935277048498392
8,994,12313,0.004043812397867441
8,995,12314,0.014284037053585052
8,996,12315,0.0006956508150324225
8,997,12316,0.0010376322316005826
8,998,12317,0.03617122024297714
8,999,12318,0.0015372342895716429
8,1000,12319,0.0017067164881154895
8,1001,12320,0.0007330617518164217
8,1002,12321,0.00025877595180645585
8,1003,12322,0.001922444673255086
8,1004,12323,0.0009163205977529287
8,1005,12324,0.0012179332552477717
8,1006,12325,0.019651465117931366
8,1007,12326,0.0007019640179350972
8,1008,12327,0.002347024157643318
8,1009,12328,0.0038970198947936296
8,1010,12329,0.0005303448997437954
8,1011,12330,0.06341467797756195
8,1012,12331,0.009077955968677998
8,1013,12332,0.001348086865618825
8,1014,12333,0.010609770193696022
8,1015,12334,0.0016483892686665058
8,1016,12335,0.0007806745707057416
8,1017,12336,0.001435904297977686
8,1018,12337,0.0016410468379035592
8,1019,12338,0.00219894340261817
8,1020,12339,0.002034988487139344
8,1021,12340,0.0005432637990452349
8,1022,12341,0.0018171065021306276
8,1023,12342,0.03894627466797829
8,1024,12343,0.0051125092431902885
8,1025,12344,0.002070136135444045
8,1026,12345,0.007496345322579145
8,1027,12346,0.0009747270378284156
8,1028,12347,0.002930970164015889
8,1029,12348,0.003242174629122019
8,1030,12349,0.0014648671494796872
8,1031,12350,0.0074785794131457806
8,1032,12351,0.0010278340196236968
8,1033,12352,0.007248737383633852
8,1034,12353,0.0007752263336442411
8,1035,12354,0.0027767398860305548
8,1036,12355,0.0005193501128815114
8,1037,12356,0.00042654009303078055
8,1038,12357,0.001221217098645866
8,1039,12358,0.02173204906284809
8,1040,12359,0.001611835788935423
8,1041,12360,0.06495814025402069
8,1042,12361,0.001897564739920199
8,1043,12362,0.0008406439446844161
8,1044,12363,0.0011240853928029537
8,1045,12364,0.00045750680146738887
8,1046,12365,0.0028451974503695965
8,1047,12366,0.040135953575372696
8,1048,12367,0.01955382712185383
8,1049,12368,0.00609772140160203
8,1050,12369,0.0007250996422953904
8,1051,12370,0.0009213373996317387
8,1052,12371,0.004035077057778835
8,1053,12372,0.0023091547191143036
8,1054,12373,0.013199083507061005
8,1055,12374,0.04712732136249542
8,1056,12375,0.0017087210435420275
8,1057,12376,0.01028454303741455
8,1058,12377,0.0009617218165658414
8,1059,12378,0.0015584928914904594
8,1060,12379,0.0010783651378005743
8,1061,12380,0.0031477445736527443
8,1062,12381,0.007176531478762627
8,1063,12382,0.0014801212819293141
8,1064,12383,0.00329233193770051
8,1065,12384,0.002521057613193989
8,1066,12385,0.00177974090911448
8,1067,12386,0.005858329124748707
8,1068,12387,0.006694887299090624
8,1069,12388,0.014056320302188396
8,1070,12389,0.0008868080331012607
8,1071,12390,0.0034650175366550684
8,1072,12391,0.0018481723964214325
8,1073,12392,0.0013366172788664699
8,1074,12393,0.002802701434120536
8,1075,12394,0.0018842602148652077
8,1076,12395,0.01609727181494236
8,1077,12396,0.0011458053486421704
8,1078,12397,0.005898936185985804
8,1079,12398,0.003869018517434597
8,1080,12399,0.0015331829199567437
8,1081,12400,0.0027308473363518715
8,1082,12401,0.004072841256856918
8,1083,12402,0.032750941812992096
8,1084,12403,0.0017554361838847399
8,1085,12404,0.002238099230453372
8,1086,12405,0.001360822468996048
8,1087,12406,0.0037190401926636696
8,1088,12407,0.004799511283636093
8,1089,12408,0.001962105045095086
8,1090,12409,0.0019082830986008048
8,1091,12410,0.0003988048993051052
8,1092,12411,0.002003234578296542
8,1093,12412,0.010008517652750015
8,1094,12413,0.025890454649925232
8,1095,12414,0.000759011716581881
8,1096,12415,0.0008209473453462124
8,1097,12416,0.0037716650404036045
8,1098,12417,0.02096598967909813
8,1099,12418,0.0019295553211122751
8,1100,12419,0.00021029221534263343
8,1101,12420,0.03431136906147003
8,1102,12421,0.01752491667866707
8,1103,12422,0.0018668750999495387
8,1104,12423,0.004909422714263201
8,1105,12424,0.00358285172842443
8,1106,12425,0.03582325950264931
8,1107,12426,0.0008179480209946632
8,1108,12427,0.000770255399402231
8,1109,12428,0.0025967175606638193
8,1110,12429,0.00547125143930316
8,1111,12430,0.0004662173450924456
8,1112,12431,0.0014775582822039723
8,1113,12432,0.01239924505352974
8,1114,12433,0.0025125297252088785
8,1115,12434,0.009553037583827972
8,1116,12435,0.0004442812642082572
8,1117,12436,0.0013463485520333052
8,1118,12437,0.0049231466837227345
8,1119,12438,0.025653181597590446
8,1120,12439,0.029476620256900787
8,1121,12440,0.034577079117298126
8,1122,12441,0.0008454328635707498
8,1123,12442,0.0014223214238882065
8,1124,12443,0.0027269606944173574
8,1125,12444,0.0005097098182886839
8,1126,12445,0.00395796075463295
8,1127,12446,0.038290079683065414
8,1128,12447,0.00195603771135211
8,1129,12448,0.018964745104312897
8,1130,12449,0.0024530631490051746
8,1131,12450,0.0034007555805146694
8,1132,12451,0.004724076017737389
8,1133,12452,0.007246321067214012
8,1134,12453,0.05625094845890999
8,1135,12454,0.0019313443917781115
8,1136,12455,0.022279933094978333
8,1137,12456,0.07611939311027527
8,1138,12457,0.05287313088774681
8,1139,12458,0.001520586316473782
8,1140,12459,0.009170601144433022
8,1141,12460,0.004055468365550041
8,1142,12461,0.03789675235748291
8,1143,12462,0.005775026977062225
8,1144,12463,0.002386396750807762
8,1145,12464,0.014503590762615204
8,1146,12465,0.018733622506260872
8,1147,12466,0.007092428393661976
8,1148,12467,0.004663184285163879
8,1149,12468,0.03437263146042824
8,1150,12469,0.003944039344787598
8,1151,12470,0.0029367441311478615
8,1152,12471,0.007786278612911701
8,1153,12472,0.006709577050060034
8,1154,12473,0.0031146586406975985
8,1155,12474,0.0049969227984547615
8,1156,12475,0.001723423134535551
8,1157,12476,0.0012620494235306978
8,1158,12477,0.0094881821423769
8,1159,12478,0.021358655765652657
8,1160,12479,0.025946950539946556
8,1161,12480,0.0007647371385246515
8,1162,12481,0.05239696800708771
8,1163,12482,0.05748149752616882
8,1164,12483,0.037588007748126984
8,1165,12484,0.1772586554288864
8,1166,12485,0.03522427752614021
8,1167,12486,0.05378618463873863
8,1168,12487,0.011953331530094147
8,1169,12488,0.010240348055958748
8,1170,12489,0.00286278547719121
8,1171,12490,0.004051856230944395
8,1172,12491,0.023634567856788635
8,1173,12492,0.005790412425994873
8,1174,12493,0.0330837108194828
8,1175,12494,0.01603388413786888
8,1176,12495,0.014772159047424793
8,1177,12496,0.0023309490643441677
8,1178,12497,0.015982486307621002
8,1179,12498,0.0015255522448569536
8,1180,12499,0.0027757808566093445
8,1181,12500,0.05198277533054352
8,1182,12501,0.03950338438153267
8,1183,12502,0.014073001220822334
8,1184,12503,0.0044545563869178295
8,1185,12504,0.0018798996461555362
8,1186,12505,0.014913531020283699
8,1187,12506,0.0017383649246767163
8,1188,12507,0.016788437962532043
8,1189,12508,0.004200304858386517
8,1190,12509,0.0013423030031844974
8,1191,12510,0.004624426364898682
8,1192,12511,0.001442417618818581
8,1193,12512,0.0027662653010338545
8,1194,12513,0.002510408405214548
8,1195,12514,0.009813221171498299
8,1196,12515,0.04650924727320671
8,1197,12516,0.010686022229492664
8,1198,12517,0.001544976606965065
8,1199,12518,0.0012649060226976871
8,1200,12519,0.05034225434064865
8,1201,12520,0.012798944488167763
8,1202,12521,0.0016395505517721176
8,1203,12522,0.0014934143982827663
8,1204,12523,0.011659801006317139
8,1205,12524,0.004562423564493656
8,1206,12525,0.0016146183479577303
8,1207,12526,0.009080769494175911
8,1208,12527,0.007490841671824455
8,1209,12528,0.05345407873392105
8,1210,12529,0.001511820824816823
8,1211,12530,0.004966092761605978
8,1212,12531,0.0019360221922397614
8,1213,12532,0.00919951032847166
8,1214,12533,0.023060057312250137
8,1215,12534,0.006726610474288464
8,1216,12535,0.005221535451710224
8,1217,12536,0.002641642466187477
8,1218,12537,0.0036137355491518974
8,1219,12538,0.038166072219610214
8,1220,12539,0.006680555175989866
8,1221,12540,0.01678592525422573
8,1222,12541,0.003160118358209729
8,1223,12542,0.0010923617519438267
8,1224,12543,0.00527555076405406
8,1225,12544,0.0034284209832549095
8,1226,12545,0.004101396072655916
8,1227,12546,0.010725194588303566
8,1228,12547,0.055834610015153885
8,1229,12548,0.012143406085669994
8,1230,12549,0.019962670281529427
8,1231,12550,0.0021821479313075542
8,1232,12551,0.03938378393650055
8,1233,12552,0.0642964169383049
8,1234,12553,0.005214466247707605
8,1235,12554,0.08405844867229462
8,1236,12555,0.012578803114593029
8,1237,12556,0.0054177213460206985
8,1238,12557,0.04720543697476387
8,1239,12558,0.02175697311758995
8,1240,12559,0.016358627006411552
8,1241,12560,0.03130905702710152
8,1242,12561,0.05321776866912842
8,1243,12562,0.002596132690086961
8,1244,12563,0.0063778068870306015
8,1245,12564,0.003543320344761014
8,1246,12565,0.0017533325590193272
8,1247,12566,0.0024659361224621534
8,1248,12567,0.003946457523852587
8,1249,12568,0.009863188490271568
8,1250,12569,0.007568016182631254
8,1251,12570,0.0014325192896649241
8,1252,12571,0.0027754753828048706
8,1253,12572,0.06369199603796005
8,1254,12573,0.004846513736993074
8,1255,12574,0.008268837817013264
8,1256,12575,0.008675629273056984
8,1257,12576,0.0023491214960813522
8,1258,12577,0.0014383771922439337
8,1259,12578,0.0027262596413493156
8,1260,12579,0.020606819540262222
8,1261,12580,0.0012908604694530368
8,1262,12581,0.0012749087763950229
8,1263,12582,0.0029047937132418156
8,1264,12583,0.005919828545302153
8,1265,12584,0.0020130742341279984
8,1266,12585,0.0060652922838926315
8,1267,12586,0.013132072985172272
8,1268,12587,0.0644977018237114
8,1269,12588,0.0038098935037851334
8,1270,12589,0.0021473534870892763
8,1271,12590,0.0038537303917109966
8,1272,12591,0.0026385528035461903
8,1273,12592,0.002508422825485468
8,1274,12593,0.0037137921899557114
8,1275,12594,0.002318968763574958
8,1276,12595,0.001959129236638546
8,1277,12596,0.014165877364575863
8,1278,12597,0.014974424615502357
8,1279,12598,0.0030033430084586143
8,1280,12599,0.02367509715259075
8,1281,12600,0.0061325267888605595
8,1282,12601,0.017461726441979408
8,1283,12602,0.0008938282262533903
8,1284,12603,0.01294949371367693
8,1285,12604,0.0024670318234711885
8,1286,12605,0.06527435034513474
8,1287,12606,0.03252105787396431
8,1288,12607,0.001475155004300177
8,1289,12608,0.0016190321184694767
8,1290,12609,0.007262149825692177
8,1291,12610,0.005140160676091909
8,1292,12611,0.0023703284095972776
8,1293,12612,0.006091873161494732
8,1294,12613,0.026185885071754456
8,1295,12614,0.0021394186187535524
8,1296,12615,0.0004858685424551368
8,1297,12616,0.09953772276639938
8,1298,12617,0.006654806900769472
8,1299,12618,0.0020475396886467934
8,1300,12619,0.0553169809281826
8,1301,12620,0.0020524137653410435
8,1302,12621,0.042357608675956726
8,1303,12622,0.040979284793138504
8,1304,12623,0.0032645678147673607
8,1305,12624,0.009577436372637749
8,1306,12625,0.027337633073329926
8,1307,12626,0.020564019680023193
8,1308,12627,0.002646211301907897
8,1309,12628,0.1052834615111351
8,1310,12629,0.002571694552898407
8,1311,12630,0.010136679746210575
8,1312,12631,0.041075970977544785
8,1313,12632,0.0028564853128045797
8,1314,12633,0.0037046847864985466
8,1315,12634,0.0019989849533885717
8,1316,12635,0.0036651198752224445
8,1317,12636,0.0018720359075814486
8,1318,12637,0.0024606497026979923
8,1319,12638,0.008842971175909042
8,1320,12639,0.005160086788237095
8,1321,12640,0.006009232718497515
8,1322,12641,0.0064237057231366634
8,1323,12642,0.009125031530857086
8,1324,12643,0.050217289477586746
8,1325,12644,0.009199611842632294
8,1326,12645,0.001446433481760323
8,1327,12646,0.0018896694527938962
8,1328,12647,0.006326994858682156
8,1329,12648,0.003865073900669813
8,1330,12649,0.006381398532539606
8,1331,12650,0.003055294742807746
8,1332,12651,0.013767600059509277
8,1333,12652,0.005690474063158035
8,1334,12653,0.0013662478886544704
8,1335,12654,0.023877514526247978
8,1336,12655,0.05323265492916107
8,1337,12656,0.0010068881092593074
8,1338,12657,0.0011412183521315455
8,1339,12658,0.00594531511887908
8,1340,12659,0.02775530517101288
8,1341,12660,0.0010715046664699912
8,1342,12661,0.11525774747133255
8,1343,12662,0.0031032953411340714
8,1344,12663,0.0016187113942578435
8,1345,12664,0.0025270518381148577
8,1346,12665,0.010034656152129173
8,1347,12666,0.00041916867485269904
8,1348,12667,0.029883932322263718
8,1349,12668,0.0075039127841591835
8,1350,12669,0.0017116358503699303
8,1351,12670,0.005589937325567007
8,1352,12671,0.00122233503498137
8,1353,12672,0.002043877961114049
8,1354,12673,0.001827492960728705
8,1355,12674,0.004001803230494261
8,1356,12675,0.008199322037398815
8,1357,12676,0.006276873406022787
8,1358,12677,0.01210711244493723
8,1359,12678,0.07329987734556198
8,1360,12679,0.0415646992623806
8,1361,12680,0.06647953391075134
8,1362,12681,0.005302479490637779
8,1363,12682,0.0021691450383514166
8,1364,12683,0.0013641141122207046
8,1365,12684,0.006980699021369219
8,1366,12685,0.005093639716506004
8,1367,12686,0.007679039612412453
8,1368,12687,0.028126185759902
8,1369,12688,0.024323265999555588
8,1370,12689,0.002579914638772607
8,1371,12690,0.022960050031542778
8,1372,12691,0.03449063375592232
8,1373,12692,0.004193474538624287
8,1374,12693,0.0034977695904672146
8,1375,12694,0.008401429280638695
8,1376,12695,0.0025851659011095762
8,1377,12696,0.0037702263798564672
8,1378,12697,0.0010330087970942259
8,1379,12698,0.05168682709336281
8,1380,12699,0.014823113568127155
8,1381,12700,0.06877393275499344
8,1382,12701,0.007211378775537014
8,1383,12702,0.0023610638454556465
8,1384,12703,0.04302070662379265
8,1385,12704,0.0037645362317562103
8,1386,12705,0.0006819067639298737
8,1387,12706,0.012275498360395432
8,1388,12707,0.00221647834405303
8,1389,12708,0.01419116836041212
8,1390,12709,0.0005999754066579044
8,1391,12710,0.005721045192331076
8,1392,12711,0.05963711440563202
8,1393,12712,0.0024835977237671614
8,1394,12713,0.007842105813324451
8,1395,12714,0.06937745213508606
8,1396,12715,0.01519654132425785
8,1397,12716,0.013304423540830612
8,1398,12717,0.02443331480026245
8,1399,12718,0.019091689959168434
8,1400,12719,0.0012360512046143413
8,1401,12720,0.016139226034283638
8,1402,12721,0.003016002709046006
8,1403,12722,0.043224696069955826
8,1404,12723,0.0028379110153764486
8,1405,12724,0.011020896025002003
8,1406,12725,0.005110515747219324
8,1407,12726,0.006174086127430201
8,1408,12727,0.005718345753848553
8,1409,12728,0.00593281164765358
8,1410,12729,0.0015249545685946941
8,1411,12730,0.012998569756746292
8,1412,12731,0.0012691676383838058
8,1413,12732,0.02694978192448616
8,1414,12733,0.0023413938470184803
8,1415,12734,0.008831962943077087
9,1,12735,0.015203574672341347
9,2,12736,0.07289085537195206
9,3,12737,0.05267738178372383
9,4,12738,0.0027557883877307177
9,5,12739,0.0012711453018710017
9,6,12740,0.002793267136439681
9,7,12741,0.009207045659422874
9,8,12742,0.016576219350099564
9,9,12743,0.0019247491145506501
9,10,12744,0.0020825997926294804
9,11,12745,0.04715333133935928
9,12,12746,0.0030186951626092196
9,13,12747,0.0037986140232533216
9,14,12748,0.00633039278909564
9,15,12749,0.004939796403050423
9,16,12750,0.0037621865049004555
9,17,12751,0.0011610930087044835
9,18,12752,0.0019412400433793664
9,19,12753,0.00623093219473958
9,20,12754,0.012093578465282917
9,21,12755,0.0034827108029276133
9,22,12756,0.00389750674366951
9,23,12757,0.003397426102310419
9,24,12758,0.002169171115383506
9,25,12759,0.04737484082579613
9,26,12760,0.0021212345454841852
9,27,12761,0.0012200948549434543
9,28,12762,0.026812933385372162
9,29,12763,0.006351209711283445
9,30,12764,0.001997134881094098
9,31,12765,0.0026751419063657522
9,32,12766,0.0029419667553156614
9,33,12767,0.0020163373555988073
9,34,12768,0.005017728079110384
9,35,12769,0.0028490799013525248
9,36,12770,0.004316264297813177
9,37,12771,0.004744935315102339
9,38,12772,0.0027229669503867626
9,39,12773,0.0031318345572799444
9,40,12774,0.0005778049235232174
9,41,12775,0.0009749874006956816
9,42,12776,0.0013951309956610203
9,43,12777,0.02022482082247734
9,44,12778,0.004299656022340059
9,45,12779,0.0015881474828347564
9,46,12780,0.0011281798360869288
9,47,12781,0.002155621536076069
9,48,12782,0.0016274785157293081
9,49,12783,0.013006526045501232
9,50,12784,0.0013189876917749643
9,51,12785,0.0008648202638141811
9,52,12786,0.0009289868758060038
9,53,12787,0.02070268988609314
9,54,12788,0.0005508235190063715
9,55,12789,0.0015397934475913644
9,56,12790,0.002127524232491851
9,57,12791,0.016377544030547142
9,58,12792,0.006304583977907896
9,59,12793,0.00287935440428555
9,60,12794,0.0029839803464710712
9,61,12795,0.0481908805668354
9,62,12796,0.01703394204378128
9,63,12797,0.0035271330270916224
9,64,12798,0.0010580988600850105
9,65,12799,0.0017770752310752869
9,66,12800,0.001345193013548851
9,67,12801,0.0020933852065354586
9,68,12802,0.014406958594918251
9,69,12803,0.0023259599693119526
9,70,12804,0.005244734697043896
9,71,12805,0.012134420685470104
9,72,12806,0.009354502893984318
9,73,12807,0.0010219627292826772
9,74,12808,0.0010260954732075334
9,75,12809,0.022321829572319984
9,76,12810,0.005200468003749847
9,77,12811,0.037001773715019226
9,78,12812,0.0013334560208022594
9,79,12813,0.0028934162110090256
9,80,12814,0.009672833606600761
9,81,12815,0.0024626371450722218
9,82,12816,0.0027066159527748823
9,83,12817,0.013527165167033672
9,84,12818,0.0014294516295194626
9,85,12819,0.004525407683104277
9,86,12820,0.01819239743053913
9,87,12821,0.020926950499415398
9,88,12822,0.0028467932716012
9,89,12823,0.001858446979895234
9,90,12824,0.0015904225874692202
9,91,12825,0.029457472264766693
9,92,12826,0.0014788222033530474
9,93,12827,0.0010913499863818288
9,94,12828,0.001987544121220708
9,95,12829,0.0008318906766362488
9,96,12830,0.0005075221415609121
9,97,12831,0.06209767982363701
9,98,12832,0.0012492617825046182
9,99,12833,0.006198001094162464
9,100,12834,0.000983028905466199
9,101,12835,0.00102570082526654
9,102,12836,0.002383061219006777
9,103,12837,0.002291839336976409
9,104,12838,0.0030325031839311123
9,105,12839,0.002565383445471525
9,106,12840,0.0035049505531787872
9,107,12841,0.0014102186542004347
9,108,12842,0.008457286283373833
9,109,12843,0.0030835424549877644
9,110,12844,0.005720693152397871
9,111,12845,0.0014761120546609163
9,112,12846,0.002470200415700674
9,113,12847,0.009860006161034107
9,114,12848,0.0020888361614197493
9,115,12849,0.014562319032847881
9,116,12850,0.0016097042243927717
9,117,12851,0.0009017051779665053
9,118,12852,0.002497766399756074
9,119,12853,0.00042410005698911846
9,120,12854,0.026072397828102112
9,121,12855,0.0020952599588781595
9,122,12856,0.013694599270820618
9,123,12857,0.0010758992284536362
9,124,12858,0.001251440728083253
9,125,12859,0.003395865671336651
9,126,12860,0.0053450725972652435
9,127,12861,0.0009870282374322414
9,128,12862,0.0005655361455865204
9,129,12863,0.004309489391744137
9,130,12864,0.001155058853328228
9,131,12865,0.0373484268784523
9,132,12866,0.03417199105024338
9,133,12867,0.003685606177896261
9,134,12868,0.0014239050215110183
9,135,12869,0.005112745333462954
9,136,12870,0.0018707558047026396
9,137,12871,0.003731263568624854
9,138,12872,0.024121088907122612
9,139,12873,0.00032125116558745503
9,140,12874,0.004364470019936562
9,141,12875,0.0011243654880672693
9,142,12876,0.0067237187176942825
9,143,12877,0.0025882511399686337
9,144,12878,0.0019332472002133727
9,145,12879,0.0022307380568236113
9,146,12880,0.08898814022541046
9,147,12881,0.04216572642326355
9,148,12882,0.012441989034414291
9,149,12883,0.008665703237056732
9,150,12884,0.011285526677966118
9,151,12885,0.0043593402951955795
9,152,12886,0.0018676216714084148
9,153,12887,0.004632699768990278
9,154,12888,0.0009343725396320224
9,155,12889,0.0012861107243224978
9,156,12890,0.00756347319111228
9,157,12891,0.004888886120170355
9,158,12892,0.001969278324395418
9,159,12893,0.0012658040504902601
9,160,12894,0.0014829615829512477
9,161,12895,0.0029410067945718765
9,162,12896,0.00634809723123908
9,163,12897,0.08171901851892471
9,164,12898,0.0009027561754919589
9,165,12899,0.003973359242081642
9,166,12900,0.0013199656968936324
9,167,12901,0.002409923356026411
9,168,12902,0.008896143175661564
9,169,12903,0.004963299259543419
9,170,12904,0.0024020830169320107
9,171,12905,0.1422213464975357
9,172,12906,0.0009553824784234166
9,173,12907,0.011372849345207214
9,174,12908,0.00776160042732954
9,175,12909,0.001381178037263453
9,176,12910,0.0025268439203500748
9,177,12911,0.002664020052179694
9,178,12912,0.005205806810408831
9,179,12913,0.007935721427202225
9,180,12914,0.0021843386348336935
9,181,12915,0.010361259803175926
9,182,12916,0.002893745433539152
9,183,12917,0.014868405647575855
9,184,12918,0.0049546281807124615
9,185,12919,0.0029652456287294626
9,186,12920,0.0031544514931738377
9,187,12921,0.0008564411546103656
9,188,12922,0.008926223032176495
9,189,12923,0.0021910667419433594
9,190,12924,0.0011922252597287297
9,191,12925,0.001376871019601822
9,192,12926,0.000822721398435533
9,193,12927,0.0026897171046584845
9,194,12928,0.0008388118003495038
9,195,12929,0.0017531414050608873
9,196,12930,0.005596939940005541
9,197,12931,0.025102216750383377
9,198,12932,0.005257101729512215
9,199,12933,0.0011573234805837274
9,200,12934,0.002080081030726433
9,201,12935,0.0016172704054042697
9,202,12936,0.0007928761187940836
9,203,12937,0.00242621754296124
9,204,12938,0.003220863174647093
9,205,12939,0.006836442276835442
9,206,12940,0.001965389121323824
9,207,12941,0.0005504637956619263
9,208,12942,0.00026638220879249275
9,209,12943,0.07593587785959244
9,210,12944,0.002551616868004203
9,211,12945,0.004169655032455921
9,212,12946,0.0007963458192534745
9,213,12947,0.000648833520244807
9,214,12948,0.0013129430590197444
9,215,12949,0.002225801581516862
9,216,12950,0.0045180716551840305
9,217,12951,0.01827414706349373
9,218,12952,0.002243333961814642
9,219,12953,0.0030130683444440365
9,220,12954,0.0016545061953365803
9,221,12955,0.0016304712044075131
9,222,12956,0.0018842180725187063
9,223,12957,0.001413881778717041
9,224,12958,0.011655529029667377
9,225,12959,0.006242950912564993
9,226,12960,0.0008020992972888052
9,227,12961,0.0007362812757492065
9,228,12962,0.0009030799265019596
9,229,12963,0.0010300074936822057
9,230,12964,0.001480551902204752
9,231,12965,0.0017480761744081974
9,232,12966,0.00045218836748972535
9,233,12967,0.0005860441597178578
9,234,12968,0.0007217973470687866
9,235,12969,0.010942187160253525
9,236,12970,0.001518451375886798
9,237,12971,0.0008982934523373842
9,238,12972,0.016451064497232437
9,239,12973,0.0007427689852192998
9,240,12974,0.0009472786332480609
9,241,12975,0.0006735229399055243
9,242,12976,0.0005783250671811402
9,243,12977,0.008895869366824627
9,244,12978,0.0015606724191457033
9,245,12979,0.0006827220786362886
9,246,12980,0.07850990444421768
9,247,12981,0.0004973000031895936
9,248,12982,0.0009967286605387926
9,249,12983,0.0025979653000831604
9,250,12984,0.00398937426507473
9,251,12985,0.010187306441366673
9,252,12986,0.005000923294574022
9,253,12987,0.024250270798802376
9,254,12988,0.015501490794122219
9,255,12989,0.006056126672774553
9,256,12990,0.005853203125298023
9,257,12991,0.00039500382263213396
9,258,12992,0.015772439539432526
9,259,12993,0.07185399532318115
9,260,12994,0.002773734973743558
9,261,12995,0.0033894686494022608
9,262,12996,0.0012791412882506847
9,263,12997,0.0016826584469527006
9,264,12998,0.0033860194962471724
9,265,12999,0.0035845045931637287
9,266,13000,0.006720987614244223
9,267,13001,0.0076452079229056835
9,268,13002,0.0033433286007493734
9,269,13003,0.002530699362978339
9,270,13004,0.05503757297992706
9,271,13005,0.00417916988953948
9,272,13006,0.0007311961380764842
9,273,13007,0.0035693454556167126
9,274,13008,0.0052909222431480885
9,275,13009,0.0010289234342053533
9,276,13010,0.0007833027630113065
9,277,13011,0.049642059952020645
9,278,13012,0.003580841002985835
9,279,13013,0.04872528091073036
9,280,13014,0.03259161859750748
9,281,13015,0.009311712346971035
9,282,13016,0.0034640184603631496
9,283,13017,0.0025555933825671673
9,284,13018,0.005390526726841927
9,285,13019,0.011895908042788506
9,286,13020,0.03242980316281319
9,287,13021,0.03918492794036865
9,288,13022,0.030265314504504204
9,289,13023,0.003871496766805649
9,290,13024,0.021372893825173378
9,291,13025,0.004633926786482334
9,292,13026,0.002694535767659545
9,293,13027,0.07422918826341629
9,294,13028,0.00913460273295641
9,295,13029,0.013096421957015991
9,296,13030,0.05543990433216095
9,297,13031,0.005224221386015415
9,298,13032,0.05881664156913757
9,299,13033,0.0032920888625085354
9,300,13034,0.010980267077684402
9,301,13035,0.020579226315021515
9,302,13036,0.06586425006389618
9,303,13037,0.012477432377636433
9,304,13038,0.009597912430763245
9,305,13039,0.0029233850073069334
9,306,13040,0.010369456373155117
9,307,13041,0.031164851039648056
9,308,13042,0.026739293709397316
9,309,13043,0.01192338764667511
9,310,13044,0.00901355966925621
9,311,13045,0.007776802405714989
9,312,13046,0.004638622980564833
9,313,13047,0.031258225440979004
9,314,13048,0.0038805166259407997
9,315,13049,0.007952980697154999
9,316,13050,0.007620104122906923
9,317,13051,0.003483525011688471
9,318,13052,0.01490781083703041
9,319,13053,0.014170240610837936
9,320,13054,0.0723533183336258
9,321,13055,0.009541074745357037
9,322,13056,0.036736540496349335
9,323,13057,0.008621049113571644
9,324,13058,0.0019235259387642145
9,325,13059,0.00444653257727623
9,326,13060,0.11399885267019272
9,327,13061,0.008245080709457397
9,328,13062,0.009601321071386337
9,329,13063,0.025657156482338905
9,330,13064,0.013160536997020245
9,331,13065,0.0037460243329405785
9,332,13066,0.027194350957870483
9,333,13067,0.032974544912576675
9,334,13068,0.006481455639004707
9,335,13069,0.045062169432640076
9,336,13070,0.004739267285913229
9,337,13071,0.00744956498965621
9,338,13072,0.016331927850842476
9,339,13073,0.0031248515006154776
9,340,13074,0.05087115243077278
9,341,13075,0.01663987897336483
9,342,13076,0.00882334727793932
9,343,13077,0.013078130781650543
9,344,13078,0.007040796335786581
9,345,13079,0.002923969179391861
9,346,13080,0.02321758307516575
9,347,13081,0.0019115088507533073
9,348,13082,0.0015602746279910207
9,349,13083,0.0014797098701819777
9,350,13084,0.0251191183924675
9,351,13085,0.021454472094774246
9,352,13086,0.025718897581100464
9,353,13087,0.01803552731871605
9,354,13088,0.05340181663632393
9,355,13089,0.011327340267598629
9,356,13090,0.001789052039384842
9,357,13091,0.036368228495121
9,358,13092,0.029327133670449257
9,359,13093,0.022771835327148438
9,360,13094,0.030376901850104332
9,361,13095,0.004125008825212717
9,362,13096,0.0032822161447256804
9,363,13097,0.001878148876130581
9,364,13098,0.006449131760746241
9,365,13099,0.0009247772977687418
9,366,13100,0.019564233720302582
9,367,13101,0.007708312477916479
9,368,13102,0.01493811048567295
9,369,13103,0.0022693185601383448
9,370,13104,0.003900513518601656
9,371,13105,0.009868224151432514
9,372,13106,0.0009770444594323635
9,373,13107,0.0034200851805508137
9,374,13108,0.004322706256061792
9,375,13109,0.033189889043569565
9,376,13110,0.10205693542957306
9,377,13111,0.004510753788053989
9,378,13112,0.011467350646853447
9,379,13113,0.03752061352133751
9,380,13114,0.07481906563043594
9,381,13115,0.09375596046447754
9,382,13116,0.032545290887355804
9,383,13117,0.017421511933207512
9,384,13118,0.007099627982825041
9,385,13119,0.00848295446485281
9,386,13120,0.0033254025038331747
9,387,13121,0.00455070286989212
9,388,13122,0.008232557214796543
9,389,13123,0.005683874245733023
9,390,13124,0.05674637109041214
9,391,13125,0.013127833604812622
9,392,13126,0.008216017857193947
9,393,13127,0.013560068793594837
9,394,13128,0.02128082886338234
9,395,13129,0.0057571763172745705
9,396,13130,0.0032257956918329
9,397,13131,0.001370586920529604
9,398,13132,0.03569561988115311
9,399,13133,0.004752686712890863
9,400,13134,0.0010501034557819366
9,401,13135,0.003655710257589817
9,402,13136,0.010768297128379345
9,403,13137,0.001439391286112368
9,404,13138,0.0013347838539630175
9,405,13139,0.0006469236104749143
9,406,13140,0.009235827252268791
9,407,13141,0.004689880646765232
9,408,13142,0.021376924589276314
9,409,13143,0.003352308878675103
9,410,13144,0.0020694101694971323
9,411,13145,0.039954692125320435
9,412,13146,0.0011421514209359884
9,413,13147,0.02250441163778305
9,414,13148,0.001510299276560545
9,415,13149,0.07301552593708038
9,416,13150,0.007764687296003103
9,417,13151,0.0010797098511829972
9,418,13152,0.011213031597435474
9,419,13153,0.012797392904758453
9,420,13154,0.0044064391404390335
9,421,13155,0.005282854661345482
9,422,13156,0.0031476772855967283
9,423,13157,0.02207939699292183
9,424,13158,0.09253164380788803
9,425,13159,0.044268302619457245
9,426,13160,0.0037097290623933077
9,427,13161,0.003511248854920268
9,428,13162,0.03606158122420311
9,429,13163,0.0050584543496370316
9,430,13164,0.0022924235090613365
9,431,13165,0.0023512146435678005
9,432,13166,0.0858800858259201
9,433,13167,0.019753700122237206
9,434,13168,0.03167764097452164
9,435,13169,0.010989805683493614
9,436,13170,0.014147513546049595
9,437,13171,0.017548715695738792
9,438,13172,0.01183132454752922
9,439,13173,0.0022363855969160795
9,440,13174,0.04261600598692894
9,441,13175,0.0015092286048457026
9,442,13176,0.004500532057136297
9,443,13177,0.03396563231945038
9,444,13178,0.003827308304607868
9,445,13179,0.007110406644642353
9,446,13180,0.001788551569916308
9,447,13181,0.005402076989412308
9,448,13182,0.019596584141254425
9,449,13183,0.07033990323543549
9,450,13184,0.00273693329654634
9,451,13185,0.03331799805164337
9,452,13186,0.00939624011516571
9,453,13187,0.005718362517654896
9,454,13188,0.015430517494678497
9,455,13189,0.00653243949636817
9,456,13190,0.0241379551589489
9,457,13191,0.004738898016512394
9,458,13192,0.003285082522779703
9,459,13193,0.017284289002418518
9,460,13194,0.0034286673180758953
9,461,13195,0.030541149899363518
9,462,13196,0.01628454029560089
9,463,13197,0.00812829565256834
9,464,13198,0.018706677481532097
9,465,13199,0.00860692374408245
9,466,13200,0.0025479698088020086
9,467,13201,0.008098943158984184
9,468,13202,0.009039151482284069
9,469,13203,0.003929539583623409
9,470,13204,0.05541578307747841
9,471,13205,0.0026196518447250128
9,472,13206,0.0018628172110766172
9,473,13207,0.007534021511673927
9,474,13208,0.05696442723274231
9,475,13209,0.0032982954289764166
9,476,13210,0.002215443179011345
9,477,13211,0.013844233006238937
9,478,13212,0.0011140864808112383
9,479,13213,0.0015418905531987548
9,480,13214,0.012844753451645374
9,481,13215,0.003382772905752063
9,482,13216,0.0025393031537532806
9,483,13217,0.002227507997304201
9,484,13218,0.007833071984350681
9,485,13219,0.003991983365267515
9,486,13220,0.00140737637411803
9,487,13221,0.0017304555512964725
9,488,13222,0.0014554691733792424
9,489,13223,0.0022860572207719088
9,490,13224,0.0018776599317789078
9,491,13225,0.0038587325252592564
9,492,13226,0.0367758683860302
9,493,13227,0.003670027479529381
9,494,13228,0.0039027882739901543
9,495,13229,0.005102238617837429
9,496,13230,0.009888997301459312
9,497,13231,0.0015920940786600113
9,498,13232,0.003386332653462887
9,499,13233,0.003133293241262436
9,500,13234,0.006223299540579319
9,501,13235,0.0017745079239830375
9,502,13236,0.0011714729480445385
9,503,13237,0.004811754450201988
9,504,13238,0.005382407456636429
9,505,13239,0.003737896913662553
9,506,13240,0.002686550607904792
9,507,13241,0.0011427010176703334
9,508,13242,0.003667460521683097
9,509,13243,0.0012438069097697735
9,510,13244,0.007495654281228781
9,511,13245,0.0013025549706071615
9,512,13246,0.001858277595601976
9,513,13247,0.001328017795458436
9,514,13248,0.0025334239471703768
9,515,13249,0.0020959184039384127
9,516,13250,0.009839816950261593
9,517,13251,0.003493711119517684
9,518,13252,0.00161459157243371
9,519,13253,0.0027588671073317528
9,520,13254,0.001434735837392509
9,521,13255,0.0017257692525163293
9,522,13256,0.0008324500522576272
9,523,13257,0.011614607647061348
9,524,13258,0.002716759219765663
9,525,13259,0.006539910100400448
9,526,13260,0.003703705035150051
9,527,13261,0.003223970765247941
9,528,13262,0.011322354897856712
9,529,13263,0.0008697378798387945
9,530,13264,0.0008107458124868572
9,531,13265,0.004741935525089502
9,532,13266,0.0017809701384976506
9,533,13267,0.0006656110635958612
9,534,13268,0.0014795575989410281
9,535,13269,0.0018942723982036114
9,536,13270,0.001792254624888301
9,537,13271,0.014656657353043556
9,538,13272,0.0009230318246409297
9,539,13273,0.00036758228088729084
9,540,13274,0.007042852230370045
9,541,13275,0.001513672643341124
9,542,13276,0.0036267335526645184
9,543,13277,0.003422780893743038
9,544,13278,0.005256599746644497
9,545,13279,0.029807858169078827
9,546,13280,0.0016916128806769848
9,547,13281,0.0011821645312011242
9,548,13282,0.04782698675990105
9,549,13283,0.0010393633274361491
9,550,13284,0.001045686542056501
9,551,13285,0.02292601205408573
9,552,13286,0.0014873860636726022
9,553,13287,0.004214696120470762
9,554,13288,0.0018712718738242984
9,555,13289,0.05916520580649376
9,556,13290,0.0016455546719953418
9,557,13291,0.019835904240608215
9,558,13292,0.0008725054212845862
9,559,13293,0.007079834118485451
9,560,13294,0.0011032000184059143
9,561,13295,0.008351445198059082
9,562,13296,0.005397043656557798
9,563,13297,0.0020876338239759207
9,564,13298,0.0016791344387456775
9,565,13299,0.0015938871074467897
9,566,13300,0.003947325982153416
9,567,13301,0.003821659367531538
9,568,13302,0.0035403440706431866
9,569,13303,0.0005532747600227594
9,570,13304,0.0009685784461908042
9,571,13305,0.0005239358288235962
9,572,13306,0.09906088560819626
9,573,13307,0.1328742355108261
9,574,13308,0.0012526762438938022
9,575,13309,0.002308788476511836
9,576,13310,0.0191364623606205
9,577,13311,0.005001047160476446
9,578,13312,0.004537659697234631
9,579,13313,0.0036117511335760355
9,580,13314,0.0014863190008327365
9,581,13315,0.006853159051388502
9,582,13316,0.0019789121579378843
9,583,13317,0.0054182857275009155
9,584,13318,0.003603426506742835
9,585,13319,0.011230784468352795
9,586,13320,0.0057341307401657104
9,587,13321,0.003979809116572142
9,588,13322,0.014912333339452744
9,589,13323,0.0032275202684104443
9,590,13324,0.0013278445694595575
9,591,13325,0.002814497333019972
9,592,13326,0.011064928025007248
9,593,13327,0.0010375544661656022
9,594,13328,0.006659917999058962
9,595,13329,0.0017435414483770728
9,596,13330,0.008830061182379723
9,597,13331,0.0014319815672934055
9,598,13332,0.0021820443216711283
9,599,13333,0.0013621717225760221
9,600,13334,0.0015963580226525664
9,601,13335,0.0008704108186066151
9,602,13336,0.0011064702412113547
9,603,13337,0.0013250899501144886
9,604,13338,0.0020946646109223366
9,605,13339,0.0009431461803615093
9,606,13340,0.0016878630267456174
9,607,13341,0.03420621156692505
9,608,13342,0.05022896081209183
9,609,13343,0.0006837892578914762
9,610,13344,0.0008474630885757506
9,611,13345,0.00175131403375417
9,612,13346,0.0017735447036102414
9,613,13347,0.0005663025658577681
9,614,13348,0.004126793704926968
9,615,13349,0.0010779148433357477
9,616,13350,0.06521283090114594
9,617,13351,0.001737076323479414
9,618,13352,0.0017110422486439347
9,619,13353,0.0006481333984993398
9,620,13354,0.003102439222857356
9,621,13355,0.0008518073591403663
9,622,13356,0.004350749310106039
9,623,13357,0.010807709768414497
9,624,13358,0.008452522568404675
9,625,13359,0.001962201436981559
9,626,13360,0.0009322735713794827
9,627,13361,0.002829346340149641
9,628,13362,0.009737459011375904
9,629,13363,0.0016118146013468504
9,630,13364,0.005037390626966953
9,631,13365,0.0010149257723242044
9,632,13366,0.0064738779328763485
9,633,13367,0.0013314250390976667
9,634,13368,0.002072600880637765
9,635,13369,0.0010930676944553852
9,636,13370,0.0017950520850718021
9,637,13371,0.00971680972725153
9,638,13372,0.0008187292260117829
9,639,13373,0.0006416946416720748
9,640,13374,0.006890426389873028
9,641,13375,0.0006071222014725208
9,642,13376,0.0021537323482334614
9,643,13377,0.000981232849881053
9,644,13378,0.011110510677099228
9,645,13379,0.0009460190194658935
9,646,13380,0.0015019442653283477
9,647,13381,0.0010114348260685802
9,648,13382,0.0012611408019438386
9,649,13383,0.0019399583106860518
9,650,13384,0.009819112718105316
9,651,13385,0.0012991523835808039
9,652,13386,0.0011634791735559702
9,653,13387,0.0040707760490477085
9,654,13388,0.0013482602080330253
9,655,13389,0.0014990471536293626
9,656,13390,0.005851064808666706
9,657,13391,0.0013290137285366654
9,658,13392,0.0011073326459154487
9,659,13393,0.0008772890432737768
9,660,13394,0.0008698004530742764
9,661,13395,0.00028925383230671287
9,662,13396,0.0019193334737792611
9,663,13397,0.0081566721200943
9,664,13398,0.0024788440205156803
9,665,13399,0.0048973276279866695
9,666,13400,0.0005734121659770608
9,667,13401,0.00075532216578722
9,668,13402,0.03744133561849594
9,669,13403,0.0006903425673954189
9,670,13404,0.001157134771347046
9,671,13405,0.0006882279412820935
9,672,13406,0.001465770648792386
9,673,13407,0.0008190249209292233
9,674,13408,0.0016289964551106095
9,675,13409,0.0032245018519461155
9,676,13410,0.0009168180986307561
9,677,13411,0.0005692833801731467
9,678,13412,0.026384010910987854
9,679,13413,0.0007820838945917785
9,680,13414,0.001221890328451991
9,681,13415,0.08581375330686569
9,682,13416,0.056794099509716034
9,683,13417,0.00024544517509639263
9,684,13418,0.0016120567452162504
9,685,13419,0.020706485956907272
9,686,13420,0.0036854923237115145
9,687,13421,0.0011441366514191031
9,688,13422,0.0008446272113360465
9,689,13423,0.0530664399266243
9,690,13424,0.015583808533847332
9,691,13425,0.003473860677331686
9,692,13426,0.026901010423898697
9,693,13427,0.0008333753212355077
9,694,13428,0.033727679401636124
9,695,13429,0.0006459643482230604
9,696,13430,0.0011115384986624122
9,697,13431,0.0014233523979783058
9,698,13432,0.0016518936026841402
9,699,13433,0.0008130061323754489
9,700,13434,0.009914737194776535
9,701,13435,0.003949669189751148
9,702,13436,0.0013080713106319308
9,703,13437,0.022574324160814285
9,704,13438,0.031477540731430054
9,705,13439,0.007367365062236786
9,706,13440,0.01430776808410883
9,707,13441,0.001821883488446474
9,708,13442,0.0008262756164185703
9,709,13443,0.007642979267984629
9,710,13444,0.002576660830527544
9,711,13445,0.0019771673250943422
9,712,13446,0.002405171748250723
9,713,13447,0.0050622872076928616
9,714,13448,0.003162078093737364
9,715,13449,0.0015598433092236519
9,716,13450,0.001120346481911838
9,717,13451,0.0014091309858486056
9,718,13452,0.0055954670533537865
9,719,13453,0.05665181577205658
9,720,13454,0.0075444490648806095
9,721,13455,0.0030338165815919638
9,722,13456,0.007192689459770918
9,723,13457,0.0122841726988554
9,724,13458,0.03118984028697014
9,725,13459,0.0012294927146285772
9,726,13460,0.0010405831271782517
9,727,13461,0.0016283299773931503
9,728,13462,0.0025112845469266176
9,729,13463,0.003044118406251073
9,730,13464,0.027664614841341972
9,731,13465,0.007463232614099979
9,732,13466,0.002162860007956624
9,733,13467,0.01862649992108345
9,734,13468,0.0011174227111041546
9,735,13469,0.08988077193498611
9,736,13470,0.0013521215878427029
9,737,13471,0.0016602104296907783
9,738,13472,0.001402351655997336
9,739,13473,0.01217811368405819
9,740,13474,0.0016713374061509967
9,741,13475,0.0010483877267688513
9,742,13476,0.0011435161577537656
9,743,13477,0.0016730097122490406
9,744,13478,0.0013089791173115373
9,745,13479,0.0015403542201966047
9,746,13480,0.015531032346189022
9,747,13481,0.01979752816259861
9,748,13482,0.0009979333262890577
9,749,13483,0.10314470529556274
9,750,13484,0.0016011176630854607
9,751,13485,0.0027853520587086678
9,752,13486,0.0005672343540936708
9,753,13487,0.0045747822150588036
9,754,13488,0.00569566898047924
9,755,13489,0.0010694555239751935
9,756,13490,0.003016125410795212
9,757,13491,0.04797504097223282
9,758,13492,0.013712547719478607
9,759,13493,0.0018284654943272471
9,760,13494,0.0017017648788169026
9,761,13495,0.0010598218068480492
9,762,13496,0.023264458402991295
9,763,13497,0.001179002458229661
9,764,13498,0.0010853820713236928
9,765,13499,0.008322153240442276
9,766,13500,0.002814984880387783
9,767,13501,0.011494402773678303
9,768,13502,0.0009368941537104547
9,769,13503,0.0011641180608421564
9,770,13504,0.0008559124544262886
9,771,13505,0.03999213129281998
9,772,13506,0.0008570944773964584
9,773,13507,0.0013624976854771376
9,774,13508,0.0007723834714852273
9,775,13509,0.0012625734088942409
9,776,13510,0.09510031342506409
9,777,13511,0.0010006980737671256
9,778,13512,0.001040755771100521
9,779,13513,0.014083147048950195
9,780,13514,0.0053368923254311085
9,781,13515,0.009564523585140705
9,782,13516,0.015151756815612316
9,783,13517,0.006056555081158876
9,784,13518,0.019035473465919495
9,785,13519,0.024193914607167244
9,786,13520,0.062012091279029846
9,787,13521,0.01436371635645628
9,788,13522,0.002902005100622773
9,789,13523,0.0029505041893571615
9,790,13524,0.00802521500736475
9,791,13525,0.0011398872593417764
9,792,13526,0.02806217037141323
9,793,13527,0.0219243336468935
9,794,13528,0.0006620827480219305
9,795,13529,0.002473661908879876
9,796,13530,0.0010362863540649414
9,797,13531,0.001103418180719018
9,798,13532,0.0006369845359586179
9,799,13533,0.005670510232448578
9,800,13534,0.0007099435315467417
9,801,13535,0.0008010822930373251
9,802,13536,0.0035075878258794546
9,803,13537,0.0039121611043810844
9,804,13538,0.0004889659467153251
9,805,13539,0.0006084262859076262
9,806,13540,0.003291978035122156
9,807,13541,0.06217036023736
9,808,13542,0.003709483193233609
9,809,13543,0.00043936423026025295
9,810,13544,0.003042833646759391
9,811,13545,0.004167393781244755
9,812,13546,0.0011696299770846963
9,813,13547,0.004860416054725647
9,814,13548,0.001546233892440796
9,815,13549,0.0028821504674851894
9,816,13550,0.0005912916385568678
9,817,13551,0.0018273040186613798
9,818,13552,0.01657736860215664
9,819,13553,0.0022119488567113876
9,820,13554,0.0016168819274753332
9,821,13555,0.0038673984818160534
9,822,13556,0.006492707412689924
9,823,13557,0.0005489944596774876
9,824,13558,0.003760294755920768
9,825,13559,0.04877796024084091
9,826,13560,0.04142046719789505
9,827,13561,0.0013543678214773536
9,828,13562,0.009027312509715557
9,829,13563,0.0009636384784244001
9,830,13564,0.018049072474241257
9,831,13565,0.017228562384843826
9,832,13566,0.016645116731524467
9,833,13567,0.007920713163912296
9,834,13568,0.22169986367225647
9,835,13569,0.0006178608746267855
9,836,13570,0.05179162696003914
9,837,13571,0.004491003695875406
9,838,13572,0.009255798533558846
9,839,13573,0.002108754124492407
9,840,13574,0.00771602476015687
9,841,13575,0.006265745963901281
9,842,13576,0.0038497585337609053
9,843,13577,0.028479186818003654
9,844,13578,0.0019997842609882355
9,845,13579,0.003049201797693968
9,846,13580,0.0333406999707222
9,847,13581,0.001362387789413333
9,848,13582,0.0015092312823981047
9,849,13583,0.0036324565298855305
9,850,13584,0.002297636354342103
9,851,13585,0.0015532893594354391
9,852,13586,0.0036139213480055332
9,853,13587,0.0007012077840045094
9,854,13588,0.0022511424031108618
9,855,13589,0.009426685981452465
9,856,13590,0.018895313143730164
9,857,13591,0.038691505789756775
9,858,13592,0.0007051770808175206
9,859,13593,0.011094472371041775
9,860,13594,0.003932255785912275
9,861,13595,0.0016885960940271616
9,862,13596,0.0002748119586613029
9,863,13597,0.0017429040744900703
9,864,13598,0.0007938847993500531
9,865,13599,0.004509638994932175
9,866,13600,0.0022208206355571747
9,867,13601,0.005214630160480738
9,868,13602,0.007257298566401005
9,869,13603,0.003990574274212122
9,870,13604,0.023350713774561882
9,871,13605,0.0025491411797702312
9,872,13606,0.001158731640316546
9,873,13607,0.0011808945564553142
9,874,13608,0.0014362833462655544
9,875,13609,0.0011590556241571903
9,876,13610,0.00039586055208928883
9,877,13611,0.013717061839997768
9,878,13612,0.07538292557001114
9,879,13613,0.017241057008504868
9,880,13614,0.02301429770886898
9,881,13615,0.013252745382487774
9,882,13616,0.00016188863082788885
9,883,13617,0.0008293379796668887
9,884,13618,0.0011149358469992876
9,885,13619,0.018371401354670525
9,886,13620,0.04032673314213753
9,887,13621,0.006532188970595598
9,888,13622,0.0014943991554901004
9,889,13623,0.002002895111218095
9,890,13624,0.0959244966506958
9,891,13625,0.007050991058349609
9,892,13626,0.0033481416758149862
9,893,13627,0.0011742085916921496
9,894,13628,0.004538607317954302
9,895,13629,0.03201977536082268
9,896,13630,0.0016567433485761285
9,897,13631,0.0012892500963062048
9,898,13632,0.0006592841818928719
9,899,13633,0.0012703394750133157
9,900,13634,0.0026062107644975185
9,901,13635,0.002944002393633127
9,902,13636,0.022755233570933342
9,903,13637,0.0021258345805108547
9,904,13638,0.0029451963491737843
9,905,13639,0.0022594130132347345
9,906,13640,0.0012903868919238448
9,907,13641,0.002988799475133419
9,908,13642,0.001613988308236003
9,909,13643,0.002258716383948922
9,910,13644,0.016826024278998375
9,911,13645,0.01887631230056286
9,912,13646,0.0024549721274524927
9,913,13647,0.008117219433188438
9,914,13648,0.0004561138339340687
9,915,13649,0.0015282037202268839
9,916,13650,0.003178383456543088
9,917,13651,0.0016334335086867213
9,918,13652,0.0019216949585825205
9,919,13653,0.010758239775896072
9,920,13654,0.012478633783757687
9,921,13655,0.0013002225896343589
9,922,13656,0.05174010992050171
9,923,13657,0.0013986780541017652
9,924,13658,0.019806325435638428
9,925,13659,0.005129179917275906
9,926,13660,0.027374405413866043
9,927,13661,0.0009598751785233617
9,928,13662,0.0008064560242928565
9,929,13663,0.0016621171962469816
9,930,13664,0.004666112828999758
9,931,13665,0.014166897162795067
9,932,13666,0.01004768069833517
9,933,13667,0.002928677713498473
9,934,13668,0.005330296233296394
9,935,13669,0.002648306544870138
9,936,13670,0.0013532963348552585
9,937,13671,0.015896936878561974
9,938,13672,0.0009643815574236214
9,939,13673,0.0012327207950875163
9,940,13674,0.0010927232215180993
9,941,13675,0.009453516453504562
9,942,13676,0.003211332717910409
9,943,13677,0.0015052735107019544
9,944,13678,0.00174888561014086
9,945,13679,0.0010092095471918583
9,946,13680,0.033672161400318146
9,947,13681,0.0009436336113139987
9,948,13682,0.0021357350051403046
9,949,13683,0.08300860226154327
9,950,13684,0.0010469761909916997
9,951,13685,0.0017949435859918594
9,952,13686,0.001369330333545804
9,953,13687,0.0035964609123766422
9,954,13688,0.009400278329849243
9,955,13689,0.0012439645361155272
9,956,13690,0.000918341800570488
9,957,13691,0.006926174275577068
9,958,13692,0.0010886548552662134
9,959,13693,0.00428782356902957
9,960,13694,0.008910366334021091
9,961,13695,0.008509909734129906
9,962,13696,0.004851592238992453
9,963,13697,0.0014975593658164144
9,964,13698,0.004610913340002298
9,965,13699,0.0009035160765051842
9,966,13700,0.005692604463547468
9,967,13701,0.0008900676621124148
9,968,13702,0.0005025454447604716
9,969,13703,0.002915578428655863
9,970,13704,0.0008431368041783571
9,971,13705,0.00336359441280365
9,972,13706,0.0021875661332160234
9,973,13707,0.0060347034595906734
9,974,13708,0.0008506219019182026
9,975,13709,0.00345421489328146
9,976,13710,0.0016911729471758008
9,977,13711,0.0005401715752668679
9,978,13712,0.0008409225847572088
9,979,13713,0.0007383039919659495
9,980,13714,0.008804406970739365
9,981,13715,0.0014576429966837168
9,982,13716,0.0014687920920550823
9,983,13717,0.0010795195121318102
9,984,13718,0.0019407509826123714
9,985,13719,0.0013036864111199975
9,986,13720,0.0007674200460314751
9,987,13721,0.000515912426635623
9,988,13722,0.0007856760639697313
9,989,13723,0.0020182228181511164
9,990,13724,0.0005085826269350946
9,991,13725,0.0006942371837794781
9,992,13726,0.0009912395616993308
9,993,13727,0.018042702227830887
9,994,13728,0.0007484136731363833
9,995,13729,0.0014520154800266027
9,996,13730,0.0037961341440677643
9,997,13731,0.00029588292818516493
9,998,13732,0.007762616965919733
9,999,13733,0.0008329813717864454
9,1000,13734,0.0006268504657782614
9,1001,13735,0.0006516427965834737
9,1002,13736,0.025738324970006943
9,1003,13737,0.0010210048640146852
9,1004,13738,0.0008309564436785877
9,1005,13739,0.0009940342279151082
9,1006,13740,0.0009931912645697594
9,1007,13741,0.0023472183384001255
9,1008,13742,0.0007392939296551049
9,1009,13743,0.008479912765324116
9,1010,13744,0.0018919107969850302
9,1011,13745,0.008646237663924694
9,1012,13746,0.001152886194176972
9,1013,13747,0.0013485524104908109
9,1014,13748,0.0009797153761610389
9,1015,13749,0.06367400288581848
9,1016,13750,0.0037430934607982635
9,1017,13751,0.050337959080934525
9,1018,13752,0.0007216903613880277
9,1019,13753,0.0008813454187475145
9,1020,13754,0.004361115396022797
9,1021,13755,0.0008617687271907926
9,1022,13756,0.0016179941594600677
9,1023,13757,0.0006386737222783267
9,1024,13758,0.0013386018108576536
9,1025,13759,0.06155477091670036
9,1026,13760,0.000719665375072509
9,1027,13761,0.015044908039271832
9,1028,13762,0.0008334012818522751
9,1029,13763,0.0005216420395299792
9,1030,13764,0.004623577930033207
9,1031,13765,0.009094820357859135
9,1032,13766,0.008941049687564373
9,1033,13767,0.0009226009133271873
9,1034,13768,0.0014643426984548569
9,1035,13769,0.013062501326203346
9,1036,13770,0.0015536274295300245
9,1037,13771,0.012209136970341206
9,1038,13772,0.001091908779926598
9,1039,13773,0.015979649499058723
9,1040,13774,0.01999959535896778
9,1041,13775,0.00361915142275393
9,1042,13776,0.002708776853978634
9,1043,13777,0.0013110812287777662
9,1044,13778,0.00167262542527169
9,1045,13779,0.024217819795012474
9,1046,13780,0.0011626617051661015
9,1047,13781,0.0008964843582361937
9,1048,13782,0.017754344269633293
9,1049,13783,0.0012294340413063765
9,1050,13784,0.0010063223307952285
9,1051,13785,0.001539450604468584
9,1052,13786,0.0031444409396499395
9,1053,13787,0.002516003092750907
9,1054,13788,0.0008105764864012599
9,1055,13789,0.010922243818640709
9,1056,13790,0.003075989428907633
9,1057,13791,0.008923754096031189
9,1058,13792,0.0010225122096017003
9,1059,13793,0.0010243868455290794
9,1060,13794,0.00801144540309906
9,1061,13795,0.054248347878456116
9,1062,13796,0.000789154670201242
9,1063,13797,0.007626308593899012
9,1064,13798,0.0018980567110702395
9,1065,13799,0.001886520767584443
9,1066,13800,0.013373017311096191
9,1067,13801,0.0013047640677541494
9,1068,13802,0.0010846983641386032
9,1069,13803,0.0008950423216447234
9,1070,13804,0.0010233372449874878
9,1071,13805,0.008253858424723148
9,1072,13806,0.000300322164548561
9,1073,13807,0.0012827898608520627
9,1074,13808,0.0025036304723471403
9,1075,13809,0.0011652022367343307
9,1076,13810,0.00103274779394269
9,1077,13811,0.005663306452333927
9,1078,13812,0.0006163375219330192
9,1079,13813,0.022060707211494446
9,1080,13814,0.006042725872248411
9,1081,13815,0.0007662713178433478
9,1082,13816,0.0013217371888458729
9,1083,13817,0.0016034864820539951
9,1084,13818,0.01593639701604843
9,1085,13819,0.061202388256788254
9,1086,13820,0.0010535812471061945
9,1087,13821,0.0007928443374112248
9,1088,13822,0.0008781515643931925
9,1089,13823,0.0026774429716169834
9,1090,13824,0.007687719538807869
9,1091,13825,0.023579055443406105
9,1092,13826,0.0028173213358968496
9,1093,13827,0.024700786918401718
9,1094,13828,0.0025122312363237143
9,1095,13829,0.0009149009129032493
9,1096,13830,0.04512304812669754
9,1097,13831,0.005609485320746899
9,1098,13832,0.0022521368227899075
9,1099,13833,0.019017117097973824
9,1100,13834,0.0016807152424007654
9,1101,13835,0.0013897607568651438
9,1102,13836,0.0021163204219192266
9,1103,13837,0.0008585575851611793
9,1104,13838,0.029194414615631104
9,1105,13839,0.007508197333663702
9,1106,13840,0.003708532080054283
9,1107,13841,0.011432626284658909
9,1108,13842,0.005751238204538822
9,1109,13843,0.004051432013511658
9,1110,13844,0.002438223920762539
9,1111,13845,0.00201434176415205
9,1112,13846,0.0006240802467800677
9,1113,13847,0.0011039385572075844
9,1114,13848,0.002954273484647274
9,1115,13849,0.0009842159925028682
9,1116,13850,0.0008376822806894779
9,1117,13851,0.0007982401293702424
9,1118,13852,0.0011321473866701126
9,1119,13853,0.0316084548830986
9,1120,13854,0.002061988227069378
9,1121,13855,0.0005589433130808175
9,1122,13856,0.005628375336527824
9,1123,13857,0.0006794335204176605
9,1124,13858,0.019740941002964973
9,1125,13859,0.0009714480838738382
9,1126,13860,0.00157187192235142
9,1127,13861,0.00032338561140932143
9,1128,13862,0.0005851383903063834
9,1129,13863,0.0007089543505571783
9,1130,13864,0.00215748674236238
9,1131,13865,0.0029867948032915592
9,1132,13866,0.001453220727853477
9,1133,13867,0.0007964985561557114
9,1134,13868,0.017020342871546745
9,1135,13869,0.0008916727965697646
9,1136,13870,0.0009645355748943985
9,1137,13871,0.004524462856352329
9,1138,13872,0.0012417517136782408
9,1139,13873,0.0007424409850500524
9,1140,13874,0.002771662548184395
9,1141,13875,0.0024957016576081514
9,1142,13876,0.022931626066565514
9,1143,13877,0.000845582049805671
9,1144,13878,0.0006615999736823142
9,1145,13879,0.0012127612717449665
9,1146,13880,0.0006834427476860583
9,1147,13881,0.010843954049050808
9,1148,13882,0.0020424071699380875
9,1149,13883,0.0014210740337148309
9,1150,13884,0.0008978350088000298
9,1151,13885,0.0006301849498413503
9,1152,13886,0.002903128508478403
9,1153,13887,0.0016929043922573328
9,1154,13888,0.002290913835167885
9,1155,13889,0.0010135832708328962
9,1156,13890,0.005388276185840368
9,1157,13891,0.0006404494633898139
9,1158,13892,0.0005230226670391858
9,1159,13893,0.002405347768217325
9,1160,13894,0.05543464049696922
9,1161,13895,0.026776446029543877
9,1162,13896,0.001166990608908236
9,1163,13897,0.0006686313427053392
9,1164,13898,0.008289983496069908
9,1165,13899,0.05045808106660843
9,1166,13900,0.0005680736503563821
9,1167,13901,0.02580309472978115
9,1168,13902,0.04768573120236397
9,1169,13903,0.0025257982779294252
9,1170,13904,0.07393262535333633
9,1171,13905,0.0027137084398418665
9,1172,13906,0.0028619160875678062
9,1173,13907,0.005419354420155287
9,1174,13908,0.026370709761977196
9,1175,13909,0.012394136749207973
9,1176,13910,0.046146199107170105
9,1177,13911,0.0057101319544017315
9,1178,13912,0.0016142914537340403
9,1179,13913,0.031433865427970886
9,1180,13914,0.0064644585363566875
9,1181,13915,0.0004785390628967434
9,1182,13916,0.002653583651408553
9,1183,13917,0.0018349663587287068
9,1184,13918,0.006451006047427654
9,1185,13919,0.014075695537030697
9,1186,13920,0.0010392437689006329
9,1187,13921,0.0019852123223245144
9,1188,13922,0.04707898944616318
9,1189,13923,0.0009110490209423006
9,1190,13924,0.0016635993961244822
9,1191,13925,0.011553604155778885
9,1192,13926,0.07325204461812973
9,1193,13927,0.03830110281705856
9,1194,13928,0.08203142136335373
9,1195,13929,0.0032502966932952404
9,1196,13930,0.0012694101314991713
9,1197,13931,0.0028978553600609303
9,1198,13932,0.005095008760690689
9,1199,13933,0.09575517475605011
9,1200,13934,0.00840806495398283
9,1201,13935,0.0161958746612072
9,1202,13936,0.0022049075923860073
9,1203,13937,0.011751079000532627
9,1204,13938,0.0011566746979951859
9,1205,13939,0.002694936003535986
9,1206,13940,0.026139503344893456
9,1207,13941,0.012964565306901932
9,1208,13942,0.004345091991126537
9,1209,13943,0.0013825392816215754
9,1210,13944,0.027336526662111282
9,1211,13945,0.03003772534430027
9,1212,13946,0.00267541641369462
9,1213,13947,0.026432396844029427
9,1214,13948,0.010050985962152481
9,1215,13949,0.012190715409815311
9,1216,13950,0.18937253952026367
9,1217,13951,0.0034397614654153585
9,1218,13952,0.030167624354362488
9,1219,13953,0.0011719523463398218
9,1220,13954,0.002497375011444092
9,1221,13955,0.004020326305180788
9,1222,13956,0.001958762062713504
9,1223,13957,0.002883848501369357
9,1224,13958,0.0013282668078318238
9,1225,13959,0.009768005460500717
9,1226,13960,0.0499330572783947
9,1227,13961,0.0023173459339886904
9,1228,13962,0.002485157223418355
9,1229,13963,0.004039494786411524
9,1230,13964,0.019271114841103554
9,1231,13965,0.003594022709876299
9,1232,13966,0.002018992556259036
9,1233,13967,0.004589978605508804
9,1234,13968,0.004174436908215284
9,1235,13969,0.0009281074162572622
9,1236,13970,0.001177545404061675
9,1237,13971,0.0032621114514768124
9,1238,13972,0.0016495183808729053
9,1239,13973,0.027066988870501518
9,1240,13974,0.0017541233683004975
9,1241,13975,0.0019131044391542673
9,1242,13976,0.021085239946842194
9,1243,13977,0.0008272214909084141
9,1244,13978,0.0021281603258103132
9,1245,13979,0.000808292010333389
9,1246,13980,0.0019794742111116648
9,1247,13981,0.008771493099629879
9,1248,13982,0.04190453514456749
9,1249,13983,0.0032539800740778446
9,1250,13984,0.006987711414694786
9,1251,13985,0.0010846660006791353
9,1252,13986,0.00045358570059761405
9,1253,13987,0.001516293385066092
9,1254,13988,0.004398292861878872
9,1255,13989,0.0024183285422623158
9,1256,13990,0.001557908020913601
9,1257,13991,0.01735956221818924
9,1258,13992,0.003077710745856166
9,1259,13993,0.01180898118764162
9,1260,13994,0.005867997650057077
9,1261,13995,0.002537018619477749
9,1262,13996,0.0015970022650435567
9,1263,13997,0.0006187715334817767
9,1264,13998,0.018007468432188034
9,1265,13999,0.0018725573318079114
9,1266,14000,0.0022845289204269648
9,1267,14001,0.0004968514549545944
9,1268,14002,0.0034396147821098566
9,1269,14003,0.004450891632586718
9,1270,14004,0.06320060044527054
9,1271,14005,0.007833410985767841
9,1272,14006,0.0006351388874463737
9,1273,14007,0.0014345485251396894
9,1274,14008,0.0026022184174507856
9,1275,14009,0.006197992246598005
9,1276,14010,0.01007776241749525
9,1277,14011,0.03202749788761139
9,1278,14012,0.006547097582370043
9,1279,14013,0.0002362924424232915
9,1280,14014,0.005989450495690107
9,1281,14015,0.00028500056941993535
9,1282,14016,0.0013157391222193837
9,1283,14017,0.000782410497777164
9,1284,14018,0.0010078571503981948
9,1285,14019,0.0017787452088668942
9,1286,14020,0.004369289148598909
9,1287,14021,0.008092455565929413
9,1288,14022,0.0015049532521516085
9,1289,14023,0.0011797441402450204
9,1290,14024,0.03219902887940407
9,1291,14025,0.006106475368142128
9,1292,14026,0.008588538505136967
9,1293,14027,0.0016294550150632858
9,1294,14028,0.0014749175170436502
9,1295,14029,0.0008438494987785816
9,1296,14030,0.0010542491218075156
9,1297,14031,0.031892117112874985
9,1298,14032,0.0032426605466753244
9,1299,14033,0.000570570700801909
9,1300,14034,0.002435636706650257
9,1301,14035,0.0005917208618484437
9,1302,14036,0.0003662160597741604
9,1303,14037,0.000183529089554213
9,1304,14038,0.002103297971189022
9,1305,14039,0.003033855464309454
9,1306,14040,0.001730042975395918
9,1307,14041,0.010792694985866547
9,1308,14042,0.001509031979367137
9,1309,14043,0.001412461861036718
9,1310,14044,0.0004931788425892591
9,1311,14045,0.0019791109953075647
9,1312,14046,0.0033507980406284332
9,1313,14047,0.002120146993547678
9,1314,14048,0.006357134785503149
9,1315,14049,0.0008969904738478363
9,1316,14050,0.0033877415116876364
9,1317,14051,0.0006240769289433956
9,1318,14052,0.00013745599426329136
9,1319,14053,0.0015876858960837126
9,1320,14054,0.0006967674707993865
9,1321,14055,0.025708775967359543
9,1322,14056,0.04779191315174103
9,1323,14057,0.00048339954810217023
9,1324,14058,0.002167796716094017
9,1325,14059,0.00039430707693099976
9,1326,14060,0.014667095616459846
9,1327,14061,0.001511009642854333
9,1328,14062,0.0007434035651385784
9,1329,14063,0.001255334704183042
9,1330,14064,0.0058617424219846725
9,1331,14065,0.002174871042370796
9,1332,14066,0.0008654178236611187
9,1333,14067,0.02420133538544178
9,1334,14068,0.005654450971633196
9,1335,14069,0.0015612617135047913
9,1336,14070,0.0006846151663921773
9,1337,14071,0.0004801861068699509
9,1338,14072,0.0033151465468108654
9,1339,14073,0.0020910045132040977
9,1340,14074,0.0013095811009407043
9,1341,14075,0.0004732614033855498
9,1342,14076,0.006093957927078009
9,1343,14077,0.0008964372100308537
9,1344,14078,0.004054405260831118
9,1345,14079,0.00042347272392362356
9,1346,14080,0.0012308323057368398
9,1347,14081,0.06470060348510742
9,1348,14082,0.0009391326457262039
9,1349,14083,0.002414831193163991
9,1350,14084,0.0010747873457148671
9,1351,14085,0.00023069306917022914
9,1352,14086,0.009264773689210415
9,1353,14087,0.0017634546384215355
9,1354,14088,0.0008145373431034386
9,1355,14089,0.0009073149412870407
9,1356,14090,0.05482051894068718
9,1357,14091,0.0018577605951577425
9,1358,14092,0.0006625832174904644
9,1359,14093,0.00065894570434466
9,1360,14094,0.03327636048197746
9,1361,14095,0.0007768375216983259
9,1362,14096,0.003755151527002454
9,1363,14097,0.002060713479295373
9,1364,14098,0.0030780346132814884
9,1365,14099,0.002184926299378276
9,1366,14100,0.0008168269996531308
9,1367,14101,0.0009129294194281101
9,1368,14102,0.00831787008792162
9,1369,14103,0.0010316631523892283
9,1370,14104,0.0008912692428566515
9,1371,14105,0.05383182689547539
9,1372,14106,0.0035807620733976364
9,1373,14107,0.01050014141947031
9,1374,14108,0.002250107005238533
9,1375,14109,0.0034526963718235493
9,1376,14110,0.010487443767488003
9,1377,14111,0.0005106930620968342
9,1378,14112,0.008193622343242168
9,1379,14113,0.0065810056403279305
9,1380,14114,0.001964093651622534
9,1381,14115,0.016085980460047722
9,1382,14116,0.015744294971227646
9,1383,14117,0.01043307688087225
9,1384,14118,0.01870770938694477
9,1385,14119,0.013892767950892448
9,1386,14120,0.04452022910118103
9,1387,14121,0.004690978210419416
9,1388,14122,0.008028342388570309
9,1389,14123,0.0037263771519064903
9,1390,14124,0.001232164679095149
9,1391,14125,0.006425756961107254
9,1392,14126,0.002021301304921508
9,1393,14127,0.0010416482109576464
9,1394,14128,0.0054907649755477905
9,1395,14129,0.0072380416095256805
9,1396,14130,0.002235210733488202
9,1397,14131,0.00413808086887002
9,1398,14132,0.00715012289583683
9,1399,14133,0.00102647440508008
9,1400,14134,0.0011384420795366168
9,1401,14135,0.0017458605580031872
9,1402,14136,0.01837776042521
9,1403,14137,0.04566998407244682
9,1404,14138,0.04646006599068642
9,1405,14139,0.007431044243276119
9,1406,14140,0.0008202626486308873
9,1407,14141,0.0011952429777011275
9,1408,14142,0.003514763666316867
9,1409,14143,0.0008980204584077001
9,1410,14144,0.004746306221932173
9,1411,14145,0.05570108816027641
9,1412,14146,0.0006129177054390311
9,1413,14147,0.04131047800183296
9,1414,14148,0.0036961049772799015
9,1415,14149,0.005686951335519552
10,1,14150,0.001585694495588541
10,2,14151,0.00567207345739007
10,3,14152,0.002466905862092972
10,4,14153,0.002506206277757883
10,5,14154,0.001561840414069593
10,6,14155,0.0014864958357065916
10,7,14156,0.001451207441277802
10,8,14157,0.002141546458005905
10,9,14158,0.0033489468041807413
10,10,14159,0.0004400678735692054
10,11,14160,0.0014478792436420918
10,12,14161,0.0014189480571076274
10,13,14162,0.01340003963559866
10,14,14163,0.0011908374726772308
10,15,14164,0.0013510421849787235
10,16,14165,0.006529814563691616
10,17,14166,0.0010582421673461795
10,18,14167,0.0006207344122231007
10,19,14168,0.0006263648392632604
10,20,14169,0.0007649246836081147
10,21,14170,0.0015302932588383555
10,22,14171,0.0011979156406596303
10,23,14172,0.0012839435366913676
10,24,14173,0.00033381799585185945
10,25,14174,0.0079616978764534
10,26,14175,0.021291036158800125
10,27,14176,0.007849759422242641
10,28,14177,0.0010495481546968222
10,29,14178,0.002951229689642787
10,30,14179,0.003129722084850073
10,31,14180,0.008050629869103432
10,32,14181,0.0009562869090586901
10,33,14182,0.0008658135193400085
10,34,14183,0.004829110577702522
10,35,14184,0.01269011851400137
10,36,14185,0.0014120099367573857
10,37,14186,0.0006741528632119298
10,38,14187,0.006986936554312706
10,39,14188,0.001195251359604299
10,40,14189,0.0008427001303061843
10,41,14190,0.001593929249793291
10,42,14191,0.0008414791664108634
10,43,14192,0.0029307978693395853
10,44,14193,0.0016068433178588748
10,45,14194,0.00291082845069468
10,46,14195,0.00180637720040977
10,47,14196,0.002107030712068081
10,48,14197,0.004002416506409645
10,49,14198,0.001740956329740584
10,50,14199,0.0067987823858857155
10,51,14200,0.001431236625649035
10,52,14201,0.010357998311519623
10,53,14202,0.005830424837768078
10,54,14203,0.0009871351066976786
10,55,14204,0.0007435726001858711
10,56,14205,0.006564492359757423
10,57,14206,0.012702066451311111
10,58,14207,0.0007953423773869872
10,59,14208,0.0011188489152118564
10,60,14209,0.0007919332711026073
10,61,14210,0.00013637900701723993
10,62,14211,0.0005508316680788994
10,63,14212,0.0009631947032175958
10,64,14213,0.007137950509786606
10,65,14214,0.0008321506902575493
10,66,14215,0.0006746904109604657
10,67,14216,0.0005641648313030601
10,68,14217,0.001007324899546802
10,69,14218,0.0007043147925287485
10,70,14219,0.0004263540031388402
10,71,14220,0.0006869138451293111
10,72,14221,0.001089027733542025
10,73,14222,0.0013873691204935312
10,74,14223,0.0005978463450446725
10,75,14224,0.004884781781584024
10,76,14225,0.0013727161567658186
10,77,14226,0.0008266445365734398
10,78,14227,0.0007623594719916582
10,79,14228,0.0009933984838426113
10,80,14229,0.0010264178272336721
10,81,14230,0.0026231645606458187
10,82,14231,0.0005659855087287724
10,83,14232,0.0027796966023743153
10,84,14233,0.0009558082674629986
10,85,14234,0.001155039411969483
10,86,14235,0.0007625195430591702
10,87,14236,0.0013942496152594686
10,88,14237,0.04770463705062866
10,89,14238,0.0016276745591312647
10,90,14239,0.0017930176109075546
10,91,14240,0.00027500366559252143
10,92,14241,0.001780806458555162
10,93,14242,0.008260310627520084
10,94,14243,0.0006188041879795492
10,95,14244,0.0004795904387719929
10,96,14245,0.0006911380332894623
10,97,14246,0.0003729878517333418
10,98,14247,0.0008970393682830036
10,99,14248,0.0025520860217511654
10,100,14249,0.0028021715115755796
10,101,14250,0.000669429893605411
10,102,14251,0.005339362192898989
10,103,14252,0.0020370164420455694
10,104,14253,0.00046580686466768384
10,105,14254,0.004765824880450964
10,106,14255,0.0031653742771595716
10,107,14256,0.0006886080955155194
10,108,14257,0.00167028047144413
10,109,14258,0.0009748570155352354
10,110,14259,0.0008270300459116697
10,111,14260,0.0010920136701315641
10,112,14261,0.0008416511700488627
10,113,14262,0.0013736484106630087
10,114,14263,0.00017684810154605657
10,115,14264,0.0005611724336631596
10,116,14265,0.0002747287508100271
10,117,14266,0.006571948062628508
10,118,14267,0.00049649114953354
10,119,14268,0.0011716230073943734
10,120,14269,0.002077460289001465
10,121,14270,0.0005538664408959448
10,122,14271,0.00020647054770961404
10,123,14272,0.005494399927556515
10,124,14273,0.0007195270736701787
10,125,14274,0.002759314142167568
10,126,14275,0.0006397978868335485
10,127,14276,0.010606164112687111
10,128,14277,0.02117318846285343
10,129,14278,0.000647321401629597
10,130,14279,0.0007032790454104543
10,131,14280,0.0005700587062165141
10,132,14281,0.0011551479110494256
10,133,14282,0.0007991181337274611
10,134,14283,0.001625610631890595
10,135,14284,0.0005353642627596855
10,136,14285,0.015502486377954483
10,137,14286,0.0007661883719265461
10,138,14287,0.02059551328420639
10,139,14288,0.0005941294366493821
10,140,14289,0.01649651490151882
10,141,14290,0.002480587223544717
10,142,14291,0.0005063064745627344
10,143,14292,0.0011869581649079919
10,144,14293,0.0009298755321651697
10,145,14294,0.0019897976890206337
10,146,14295,0.0011427472345530987
10,147,14296,0.0023396953474730253
10,148,14297,0.0016448837704956532
10,149,14298,0.0498407781124115
10,150,14299,0.0008349167183041573
10,151,14300,0.0020116991363465786
10,152,14301,0.02338302880525589
10,153,14302,0.0005979426787234843
10,154,14303,0.0010186649160459638
10,155,14304,0.0019064100924879313
10,156,14305,0.0006693991017527878
10,157,14306,0.002264545764774084
10,158,14307,0.0028415946289896965
10,159,14308,0.0015097797149792314
10,160,14309,0.0011653703404590487
10,161,14310,0.0009150585392490029
10,162,14311,0.021076122298836708
10,163,14312,0.0019557466730475426
10,164,14313,0.0018776250071823597
10,165,14314,0.013180085457861423
10,166,14315,0.002110203495249152
10,167,14316,0.004270757082849741
10,168,14317,0.0014537820825353265
10,169,14318,0.00096581393154338
10,170,14319,0.015805205330252647
10,171,14320,0.0016117289196699858
10,172,14321,0.006419502664357424
10,173,14322,0.0433410219848156
10,174,14323,0.013807500712573528
10,175,14324,0.0020261793397367
10,176,14325,0.000457363115856424
10,177,14326,0.006139727309346199
10,178,14327,0.0007875787559896708
10,179,14328,0.007068447303026915
10,180,14329,0.0005746663664467633
10,181,14330,0.0003951574326492846
10,182,14331,0.07065648585557938
10,183,14332,0.0022136978805065155
10,184,14333,0.0029130340553820133
10,185,14334,0.00024436262901872396
10,186,14335,0.0009619565098546445
10,187,14336,0.0015879850834608078
10,188,14337,0.005524734500795603
10,189,14338,0.0017677175346761942
10,190,14339,0.0022038486786186695
10,191,14340,0.08601932972669601
10,192,14341,0.032136641442775726
10,193,14342,0.0013935173628851771
10,194,14343,0.0005777670885436237
10,195,14344,0.0037437353748828173
10,196,14345,0.015090781264007092
10,197,14346,0.008600161410868168
10,198,14347,0.0007074243039824069
10,199,14348,0.018754037097096443
10,200,14349,0.07095780968666077
10,201,14350,0.004967720713466406
10,202,14351,0.0016067841788753867
10,203,14352,0.0030891040805727243
10,204,14353,0.038311589509248734
10,205,14354,0.005540251266211271
10,206,14355,0.00112314079888165
10,207,14356,0.0032681599259376526
10,208,14357,0.0010013877181336284
10,209,14358,0.03008527122437954
10,210,14359,0.0019799922592937946
10,211,14360,0.008316943421959877
10,212,14361,0.003512301482260227
10,213,14362,0.008416439406573772
10,214,14363,0.007463269401341677
10,215,14364,0.017115186899900436
10,216,14365,0.0011000112863257527
10,217,14366,0.0007652016938664019
10,218,14367,0.003334939246997237
10,219,14368,0.0015731099992990494
10,220,14369,0.0020552414935082197
10,221,14370,0.0008022942347452044
10,222,14371,0.0018980083987116814
10,223,14372,0.003153344849124551
10,224,14373,0.001660113804973662
10,225,14374,0.0018494905671104789
10,226,14375,0.0007756514823995531
10,227,14376,0.04967391490936279
10,228,14377,0.0029868429992347956
10,229,14378,0.005288708955049515
10,230,14379,0.04452543705701828
10,231,14380,0.0019325838657096028
10,232,14381,0.0003457774000708014
10,233,14382,0.0010808078804984689
10,234,14383,0.0011083147255703807
10,235,14384,0.0007582699181511998
10,236,14385,0.0011029900051653385
10,237,14386,0.002276517217978835
10,238,14387,0.001095007872208953
10,239,14388,0.0012402861611917615
10,240,14389,0.003888671984896064
10,241,14390,0.0051476540975272655
10,242,14391,0.0008594389073550701
10,243,14392,0.0061202384531497955
10,244,14393,0.0007348876097239554
10,245,14394,0.0009465645416639745
10,246,14395,0.000585756148211658
10,247,14396,0.0014639613218605518
10,248,14397,0.004072129260748625
10,249,14398,0.002782239578664303
10,250,14399,0.0007328526116907597
10,251,14400,0.009090646170079708
10,252,14401,0.04965777322649956
10,253,14402,0.002413100330159068
10,254,14403,0.0012327787699177861
10,255,14404,0.0014403581153601408
10,256,14405,0.0006266455166041851
10,257,14406,0.0005779614439234138
10,258,14407,0.010230014100670815
10,259,14408,0.0006604263908229768
10,260,14409,0.024507001042366028
10,261,14410,0.04230957478284836
10,262,14411,0.00026944486307911575
10,263,14412,0.001299930620007217
10,264,14413,0.0006375470547936857
10,265,14414,0.0007259405101649463
10,266,14415,0.004454184323549271
10,267,14416,0.0008091959170997143
10,268,14417,0.0005767042166553438
10,269,14418,0.0007452095160260797
10,270,14419,0.015969814732670784
10,271,14420,0.08810755610466003
10,272,14421,0.0005941158160567284
10,273,14422,0.0007449557306244969
10,274,14423,0.0023949872702360153
10,275,14424,0.001113549922592938
10,276,14425,0.0012356932274997234
10,277,14426,0.0019344121683388948
10,278,14427,0.0005427913856692612
10,279,14428,0.00340825947932899
10,280,14429,0.004204900003969669
10,281,14430,0.059173181653022766
10,282,14431,0.002101140795275569
10,283,14432,0.0013158537913113832
10,284,14433,0.002129571745172143
10,285,14434,0.002837272360920906
10,286,14435,0.01125355251133442
10,287,14436,0.005793787073343992
10,288,14437,0.013468393124639988
10,289,14438,0.0029002069495618343
10,290,14439,0.002147327410057187
10,291,14440,0.003874823683872819
10,292,14441,0.008527083322405815
10,293,14442,0.0013353739632293582
10,294,14443,0.003070554928854108
10,295,14444,0.004014874808490276
10,296,14445,0.001551494700834155
10,297,14446,0.004376215860247612
10,298,14447,0.0010629475582391024
10,299,14448,0.0016483129002153873
10,300,14449,0.02693524956703186
10,301,14450,0.000863700348418206
10,302,14451,0.0017999437404796481
10,303,14452,0.0005909947794862092
10,304,14453,0.0008494973881170154
10,305,14454,0.0015625597443431616
10,306,14455,0.0007024013320915401
10,307,14456,0.01242038793861866
10,308,14457,0.007672478444874287
10,309,14458,0.00035495185875333846
10,310,14459,0.033782508224248886
10,311,14460,0.0011836932972073555
10,312,14461,0.0005166964838281274
10,313,14462,0.0043136668391525745
10,314,14463,0.0007753681275062263
10,315,14464,0.002193692373111844
10,316,14465,0.0022575492039322853
10,317,14466,0.0007046850514598191
10,318,14467,0.006484398152679205
10,319,14468,0.00458115991204977
10,320,14469,0.05878329649567604
10,321,14470,0.0011912889312952757
10,322,14471,0.0017579745035618544
10,323,14472,0.0037606256082654
10,324,14473,0.05568860098719597
10,325,14474,0.011132502928376198
10,326,14475,0.000923086772672832
10,327,14476,0.004298042040318251
10,328,14477,0.0008454633061774075
10,329,14478,0.000945033214520663
10,330,14479,0.056591473519802094
10,331,14480,0.003914801869541407
10,332,14481,0.002863612025976181
10,333,14482,0.006900737527757883
10,334,14483,0.0007584434351883829
10,335,14484,0.010403645224869251
10,336,14485,0.0011687611695379019
10,337,14486,0.008336287923157215
10,338,14487,0.068916916847229
10,339,14488,0.003122570924460888
10,340,14489,0.000657543889246881
10,341,14490,0.0006878063431940973
10,342,14491,0.0014558251714333892
10,343,14492,0.01795690879225731
10,344,14493,0.0009051819215528667
10,345,14494,0.0021245551761239767
10,346,14495,0.0014498409582301974
10,347,14496,0.024915451183915138
10,348,14497,0.0008567246259190142
10,349,14498,0.0014161295257508755
10,350,14499,0.003689863020554185
10,351,14500,0.023051107302308083
10,352,14501,0.009537315927445889
10,353,14502,0.013554629869759083
10,354,14503,0.0023343192879110575
10,355,14504,0.0033281114883720875
10,356,14505,0.001031752792187035
10,357,14506,0.0012611979618668556
10,358,14507,0.0019419401651248336
10,359,14508,0.026563555002212524
10,360,14509,0.0033964095637202263
10,361,14510,0.0026771442499011755
10,362,14511,0.0006365517037920654
10,363,14512,0.012061248533427715
10,364,14513,0.007363600190728903
10,365,14514,0.01652013324201107
10,366,14515,0.0015393213834613562
10,367,14516,0.005936103872954845
10,368,14517,0.0006483204779215157
10,369,14518,0.00985026266425848
10,370,14519,0.0026370869018137455
10,371,14520,0.005518513265997171
10,372,14521,0.0008832373423501849
10,373,14522,0.0009441974107176065
10,374,14523,0.044024378061294556
10,375,14524,0.00019082988728769124
10,376,14525,0.00027060939464718103
10,377,14526,0.0008079286781139672
10,378,14527,0.0012125405482947826
10,379,14528,0.0014580829301849008
10,380,14529,0.05783151835203171
10,381,14530,0.013618973083794117
10,382,14531,0.0019481239141896367
10,383,14532,0.0049755205400288105
10,384,14533,0.0009312634356319904
10,385,14534,0.03249868378043175
10,386,14535,0.012617823667824268
10,387,14536,0.00407549599185586
10,388,14537,0.00379751855507493
10,389,14538,0.010520420037209988
10,390,14539,0.07738593220710754
10,391,14540,0.040768180042505264
10,392,14541,0.0021485919132828712
10,393,14542,0.005163759458810091
10,394,14543,0.047635290771722794
10,395,14544,0.011272916570305824
10,396,14545,0.004039030522108078
10,397,14546,0.0013400738826021552
10,398,14547,0.0027776320930570364
10,399,14548,0.005008337553590536
10,400,14549,0.016692474484443665
10,401,14550,0.0041030761785805225
10,402,14551,0.005236340221017599
10,403,14552,0.004684590734541416
10,404,14553,0.029971430078148842
10,405,14554,0.01418475341051817
10,406,14555,0.006685793865472078
10,407,14556,0.0027196842711418867
10,408,14557,0.0020930073224008083
10,409,14558,0.0035252466332167387
10,410,14559,0.003799872472882271
10,411,14560,0.002366571221500635
10,412,14561,0.002018996048718691
10,413,14562,0.016416246071457863
10,414,14563,0.002179628936573863
10,415,14564,0.0021283768583089113
10,416,14565,0.0016404049238190055
10,417,14566,0.0017576441168785095
10,418,14567,0.0014980010455474257
10,419,14568,0.001812081434763968
10,420,14569,0.0015005436725914478
10,421,14570,0.0007454871665686369
10,422,14571,0.0008738600881770253
10,423,14572,0.009432679042220116
10,424,14573,0.0008875061175785959
10,425,14574,0.00113549770321697
10,426,14575,0.0026929315645247698
10,427,14576,0.006589209660887718
10,428,14577,0.0025468706153333187
10,429,14578,0.0010463600046932697
10,430,14579,0.0025481830816715956
10,431,14580,0.0005954505759291351
10,432,14581,0.015322435647249222
10,433,14582,0.001052226172760129
10,434,14583,0.001274094800464809
10,435,14584,0.004044624511152506
10,436,14585,0.0006209145067259669
10,437,14586,0.0009334317874163389
10,438,14587,0.0017332598799839616
10,439,14588,0.004199556540697813
10,440,14589,0.0010344099719077349
10,441,14590,0.00044140886166132987
10,442,14591,0.0008052457706071436
10,443,14592,0.0006137386080808938
10,444,14593,0.00022322256700135767
10,445,14594,0.0030831496696919203
10,446,14595,0.0017408608691766858
10,447,14596,0.0010366503847762942
10,448,14597,0.0038972722832113504
10,449,14598,0.0007142301765270531
10,450,14599,0.000607109279371798
10,451,14600,0.0015921385493129492
10,452,14601,0.0018795361975207925
10,453,14602,0.005414229352027178
10,454,14603,0.01604752615094185
10,455,14604,0.040242355316877365
10,456,14605,0.006825491786003113
10,457,14606,0.0013829210074618459
10,458,14607,0.0012361981207504869
10,459,14608,0.0038332573603838682
10,460,14609,0.0013450714759528637
10,461,14610,0.04379553347826004
10,462,14611,0.0008168389904312789
10,463,14612,0.006785903126001358
10,464,14613,0.04752359166741371
10,465,14614,0.0015346125001087785
10,466,14615,0.0006424598977901042
10,467,14616,0.0010557573987171054
10,468,14617,0.0025078386534005404
10,469,14618,0.004365020897239447
10,470,14619,0.000979334581643343
10,471,14620,0.0017681081080809236
10,472,14621,0.008203869685530663
10,473,14622,0.015597688034176826
10,474,14623,0.002070886315777898
10,475,14624,0.0005130875506438315
10,476,14625,0.002426418475806713
10,477,14626,0.005097720306366682
10,478,14627,0.0003646293771453202
10,479,14628,0.0037911583203822374
10,480,14629,0.00139307277277112
10,481,14630,0.0021926984190940857
10,482,14631,0.0005644228658638895
10,483,14632,0.01383508462458849
10,484,14633,0.0014096784871071577
10,485,14634,0.0018333180341869593
10,486,14635,0.011154764331877232
10,487,14636,0.0009758246014826
10,488,14637,0.0016849911771714687
10,489,14638,0.0008381102816201746
10,490,14639,0.0005871605826541781
10,491,14640,0.0029953704215586185
10,492,14641,0.004617670550942421
10,493,14642,0.001086889998987317
10,494,14643,0.003631700063124299
10,495,14644,0.0012194695882499218
10,496,14645,0.0009296892094425857
10,497,14646,0.0014885173877701163
10,498,14647,0.0007827619556337595
10,499,14648,0.03458670899271965
10,500,14649,0.001433216966688633
10,501,14650,0.001744246925227344
10,502,14651,0.0011986545287072659
10,503,14652,0.001330548315308988
10,504,14653,0.0054183779284358025
10,505,14654,0.0006028969655744731
10,506,14655,0.0004281132423784584
10,507,14656,0.0007338987197726965
10,508,14657,0.000951490132138133
10,509,14658,0.0021703008096665144
10,510,14659,0.001777348923496902
10,511,14660,0.0025060491170734167
10,512,14661,0.04194003343582153
10,513,14662,0.005929732695221901
10,514,14663,0.0006642587250098586
10,515,14664,0.0019187869038432837
10,516,14665,0.0005646594217978418
10,517,14666,0.015336818061769009
10,518,14667,0.0009947392391040921
10,519,14668,0.014334791339933872
10,520,14669,0.003660782938823104
10,521,14670,0.002234693383798003
10,522,14671,0.0008601772715337574
10,523,14672,0.009426209144294262
10,524,14673,0.01325311791151762
10,525,14674,0.016637038439512253
10,526,14675,0.0007008193642832339
10,527,14676,0.005814410746097565
10,528,14677,0.0010740897851064801
10,529,14678,0.0013813255354762077
10,530,14679,0.0005308445543050766
10,531,14680,0.0011912883492186666
10,532,14681,0.0007864337530918419
10,533,14682,0.003912712913006544
10,534,14683,0.0060159917920827866
10,535,14684,0.0018393003847450018
10,536,14685,0.0041792853735387325
10,537,14686,0.0006997280288487673
10,538,14687,0.01216849684715271
10,539,14688,0.000702453835401684
10,540,14689,0.0002572669764049351
10,541,14690,0.006584154907613993
10,542,14691,0.005527030676603317
10,543,14692,0.0011147656477987766
10,544,14693,0.0022128333803266287
10,545,14694,0.000946178799495101
10,546,14695,0.000496482418384403
10,547,14696,0.0005726122763007879
10,548,14697,0.06460011005401611
10,549,14698,0.0003743279667105526
10,550,14699,0.011352553963661194
10,551,14700,0.0008650711388327181
10,552,14701,0.0007251161150634289
10,553,14702,0.0012603672221302986
10,554,14703,0.0007537671481259167
10,555,14704,0.00018005324818659574
10,556,14705,0.0005268150707706809
10,557,14706,0.0012148264795541763
10,558,14707,0.004536871332675219
10,559,14708,0.0014107938623055816
10,560,14709,0.010647039860486984
10,561,14710,0.0006302744732238352
10,562,14711,0.0014764198567718267
10,563,14712,0.0009373507346026599
10,564,14713,0.0010993587784469128
10,565,14714,0.04773563891649246
10,566,14715,0.0010198835516348481
10,567,14716,0.012236283160746098
10,568,14717,0.003581229830160737
10,569,14718,0.0009447581833228469
10,570,14719,0.05281637981534004
10,571,14720,0.0007931145955808461
10,572,14721,0.0011179458815604448
10,573,14722,0.0010145030682906508
10,574,14723,0.001998016145080328
10,575,14724,0.004409084562212229
10,576,14725,0.013504568487405777
10,577,14726,0.0040269773453474045
10,578,14727,0.0004678770783357322
10,579,14728,0.007817833684384823
10,580,14729,0.0011076058726757765
10,581,14730,0.01206144504249096
10,582,14731,0.0012449466157704592
10,583,14732,0.0005986643373034894
10,584,14733,0.008037146180868149
10,585,14734,0.000341015838785097
10,586,14735,0.030912866815924644
10,587,14736,0.0010357595747336745
10,588,14737,0.0006836843094788492
10,589,14738,0.0006351382471621037
10,590,14739,0.0008666649227961898
10,591,14740,0.000693514768499881
10,592,14741,0.05678996816277504
10,593,14742,0.0023856419138610363
10,594,14743,0.000445071462308988
10,595,14744,0.0011229377705603838
10,596,14745,0.055260591208934784
10,597,14746,0.0004835040308535099
10,598,14747,0.0037144185043871403
10,599,14748,0.003440784988924861
10,600,14749,0.05060117691755295
10,601,14750,0.0013510307762771845
10,602,14751,0.0002655229181982577
10,603,14752,0.0017325538210570812
10,604,14753,0.0017043509287759662
10,605,14754,0.010700150392949581
10,606,14755,0.0014230008237063885
10,607,14756,0.0010644051944836974
10,608,14757,0.0011798612540587783
10,609,14758,0.0020290855318307877
10,610,14759,0.0020279695745557547
10,611,14760,0.0010741171427071095
10,612,14761,0.050789542496204376
10,613,14762,0.0015113578410819173
10,614,14763,0.0017345340456813574
10,615,14764,0.008501285687088966
10,616,14765,0.0010326041374355555
10,617,14766,0.004977005533874035
10,618,14767,0.0028086460661143064
10,619,14768,0.007767501752823591
10,620,14769,0.02373768761754036
10,621,14770,0.00743842450901866
10,622,14771,0.001120270462706685
10,623,14772,0.0386003777384758
10,624,14773,0.012013796716928482
10,625,14774,0.0017643497558310628
10,626,14775,0.0008223764016292989
10,627,14776,0.003334122011438012
10,628,14777,0.0010767183266580105
10,629,14778,0.0027307996060699224
10,630,14779,0.020852290093898773
10,631,14780,0.02070336602628231
10,632,14781,0.011718331836163998
10,633,14782,0.0008739131153561175
10,634,14783,0.04977995157241821
10,635,14784,0.005354170687496662
10,636,14785,0.001252711284905672
10,637,14786,0.001733739278279245
10,638,14787,0.002930276095867157
10,639,14788,0.002574180718511343
10,640,14789,0.013799327425658703
10,641,14790,0.02169748768210411
10,642,14791,0.000948688481003046
10,643,14792,0.00138135498855263
10,644,14793,0.0012016039108857512
10,645,14794,0.005600692238658667
10,646,14795,0.010990386828780174
10,647,14796,0.000522277841810137
10,648,14797,0.0017724435310810804
10,649,14798,0.001743640867061913
10,650,14799,0.0009296359494328499
10,651,14800,0.0022807347122579813
10,652,14801,0.005645956378430128
10,653,14802,0.0008089214679785073
10,654,14803,0.0019719882402569056
10,655,14804,0.0006496246787719429
10,656,14805,0.0010554584441706538
10,657,14806,0.015305823646485806
10,658,14807,0.0006798706017434597
10,659,14808,0.0006596117746084929
10,660,14809,0.0002650769311003387
10,661,14810,0.0010993235046043992
10,662,14811,0.0006330108735710382
10,663,14812,0.009080921299755573
10,664,14813,0.00039378460496664047
10,665,14814,0.000336326687829569
10,666,14815,0.000767285586334765
10,667,14816,0.000565218913834542
10,668,14817,0.0009242238011211157
10,669,14818,0.0015323231928050518
10,670,14819,0.001849025604315102
10,671,14820,0.0006339310784824193
10,672,14821,0.004028897266834974
10,673,14822,0.003500406863167882
10,674,14823,0.0007113252650015056
10,675,14824,0.0006700381636619568
10,676,14825,0.0011712386040017009
10,677,14826,0.005202495492994785
10,678,14827,0.0009086295613087714
10,679,14828,0.008678584359586239
10,680,14829,0.007104603573679924
10,681,14830,0.000665194122120738
10,682,14831,0.0009500525193288922
10,683,14832,0.00016412783588748425
10,684,14833,0.0007023320649750531
10,685,14834,0.0015613851137459278
10,686,14835,0.0009638915653340518
10,687,14836,0.0018657257314771414
10,688,14837,0.006853662896901369
10,689,14838,0.001170928473584354
10,690,14839,0.029713241383433342
10,691,14840,0.0007478459738194942
10,692,14841,0.00109206885099411
10,693,14842,0.0009913718095049262
10,694,14843,0.0004037265607621521
10,695,14844,0.0007728108903393149
10,696,14845,0.00043863055179826915
10,697,14846,0.0013627291191369295
10,698,14847,0.0008831107406876981
10,699,14848,0.004356516990810633
10,700,14849,0.0006631950964219868
10,701,14850,0.0005755007732659578
10,702,14851,0.001388082979246974
10,703,14852,0.0013901323545724154
10,704,14853,0.00047667312901467085
10,705,14854,0.00032991194166243076
10,706,14855,0.0003546292136888951
10,707,14856,0.0006293733022175729
10,708,14857,0.00020918068184982985
10,709,14858,0.0007742299349047244
10,710,14859,0.0016398445004597306
10,711,14860,0.0010562340030446649
10,712,14861,0.02507876604795456
10,713,14862,0.008268600329756737
10,714,14863,0.001048667123541236
10,715,14864,0.0011386265978217125
10,716,14865,0.01867455244064331
10,717,14866,0.0005783423548564315
10,718,14867,0.0457669161260128
10,719,14868,0.0009859155397862196
10,720,14869,0.0006867661722935736
10,721,14870,0.0023834570311009884
10,722,14871,0.0003898813738487661
10,723,14872,0.02152777835726738
10,724,14873,0.0008395696058869362
10,725,14874,0.000606697634793818
10,726,14875,0.003319473471492529
10,727,14876,0.0003798463148996234
10,728,14877,0.006422443315386772
10,729,14878,0.0060100494883954525
10,730,14879,0.002280270215123892
10,731,14880,0.001379242748953402
10,732,14881,0.006283652037382126
10,733,14882,0.0010558994254097342
10,734,14883,0.0012901537120342255
10,735,14884,0.001388289500027895
10,736,14885,0.0006704042898491025
10,737,14886,0.0006815489032305777
10,738,14887,0.00040737661765888333
10,739,14888,0.0005814864416606724
10,740,14889,0.001749553601257503
10,741,14890,0.002988019259646535
10,742,14891,0.0005882933619432151
10,743,14892,0.0013689154293388128
10,744,14893,0.001187157235108316
10,745,14894,0.002187619684264064
10,746,14895,0.0014209417859092355
10,747,14896,0.00041696373955346644
10,748,14897,0.0014213351532816887
10,749,14898,0.00037591333966702223
10,750,14899,0.0008653298718854785
10,751,14900,0.0022853210102766752
10,752,14901,0.0007326742052100599
10,753,14902,0.005109637510031462
10,754,14903,0.0006305503193289042
10,755,14904,0.06800466030836105
10,756,14905,0.0005209930241107941
10,757,14906,0.0019489105325192213
10,758,14907,0.001579929143190384
10,759,14908,0.030609842389822006
10,760,14909,0.00047871150309219956
10,761,14910,0.0005873639602214098
10,762,14911,0.00482916971668601
10,763,14912,0.0010324862087145448
10,764,14913,0.0008663150365464389
10,765,14914,0.001473735086619854
10,766,14915,0.004810332786291838
10,767,14916,0.0004531592130661011
10,768,14917,0.0008544036536477506
10,769,14918,0.000417859700974077
10,770,14919,0.0026826048269867897
10,771,14920,0.0008415544871240854
10,772,14921,0.0008938571554608643
10,773,14922,0.0009104658965952694
10,774,14923,0.0006344842258840799
10,775,14924,0.0005608766223303974
10,776,14925,0.0005326812970452011
10,777,14926,0.0014180450234562159
10,778,14927,0.00105186365544796
10,779,14928,0.0011673839762806892
10,780,14929,0.001161812455393374
10,781,14930,0.0006352103664539754
10,782,14931,0.0005463366396725178
10,783,14932,0.0012031943770125508
10,784,14933,0.0034153559245169163
10,785,14934,0.0011479381937533617
10,786,14935,0.043367430567741394
10,787,14936,0.0004511951992753893
10,788,14937,0.0008088250178843737
10,789,14938,0.00033754101605154574
10,790,14939,0.0007118190405890346
10,791,14940,0.0005790380528196692
10,792,14941,0.0008973816293291748
10,793,14942,0.0007683246512897313
10,794,14943,0.0008238345035351813
10,795,14944,0.0008051149197854102
10,796,14945,0.0004731464432552457
10,797,14946,0.001378632732667029
10,798,14947,0.044544100761413574
10,799,14948,0.0044492450542747974
10,800,14949,0.0046515134163200855
10,801,14950,0.0020381605718284845
10,802,14951,0.014500124379992485
10,803,14952,0.06921851634979248
10,804,14953,0.04842444136738777
10,805,14954,0.0005464706337079406
10,806,14955,0.000749743718188256
10,807,14956,0.01244302187114954
10,808,14957,0.000561323540750891
10,809,14958,0.003618116257712245
10,810,14959,0.036215536296367645
10,811,14960,0.024070052430033684
10,812,14961,0.0037472948897629976
10,813,14962,0.012120113708078861
10,814,14963,0.0015722201205790043
10,815,14964,0.055881790816783905
10,816,14965,0.0011621267767623067
10,817,14966,0.0007507295813411474
10,818,14967,0.009111001156270504
10,819,14968,0.0012396769598126411
10,820,14969,0.00409594876691699
10,821,14970,0.0204591266810894
10,822,14971,0.0035236577969044447
10,823,14972,0.002788953250274062
10,824,14973,0.002030156087130308
10,825,14974,0.001031806692481041
10,826,14975,0.0011184809263795614
10,827,14976,0.0057091484777629375
10,828,14977,0.02596445567905903
10,829,14978,0.0012328836601227522
10,830,14979,0.0024299449287354946
10,831,14980,0.002151310909539461
10,832,14981,0.0016892696730792522
10,833,14982,0.00838922243565321
10,834,14983,0.020924365147948265
10,835,14984,0.018110567703843117
10,836,14985,0.0014742376515641809
10,837,14986,0.005458818282932043
10,838,14987,0.0003452658129390329
10,839,14988,0.002406763145700097
10,840,14989,0.0034682259429246187
10,841,14990,0.010563729330897331
10,842,14991,0.002359803067520261
10,843,14992,0.004726395942270756
10,844,14993,0.000627978122793138
10,845,14994,0.006229729857295752
10,846,14995,0.005578186362981796
10,847,14996,0.024976583197712898
10,848,14997,0.0004497770860325545
10,849,14998,0.00035365697112865746
10,850,14999,0.0008623970788903534
10,851,15000,0.0071860915049910545
10,852,15001,0.0007336571579799056
10,853,15002,0.01296870969235897
10,854,15003,0.0007849120302125812
10,855,15004,0.0004369776288513094
10,856,15005,0.0008774109883233905
10,857,15006,0.000663149927277118
10,858,15007,0.0007668112521059811
10,859,15008,0.02762070670723915
10,860,15009,0.001013859175145626
10,861,15010,0.0005335385794751346
10,862,15011,0.004388595465570688
10,863,15012,0.00201871944591403
10,864,15013,0.0014655609847977757
10,865,15014,0.0005359748029150069
10,866,15015,0.0014373187441378832
10,867,15016,0.0005425526760518551
10,868,15017,0.0009084654739126563
10,869,15018,0.001648591598495841
10,870,15019,0.0024472554214298725
10,871,15020,0.0010400598403066397
10,872,15021,0.07036273926496506
10,873,15022,0.005748968571424484
10,874,15023,0.0008230970706790686
10,875,15024,0.0005351386498659849
10,876,15025,0.0005191763048060238
10,877,15026,0.000997217372059822
10,878,15027,0.0014588059857487679
10,879,15028,0.009667675010859966
10,880,15029,0.0005582784069702029
10,881,15030,0.009064950980246067
10,882,15031,0.0014315629377961159
10,883,15032,0.0007859906181693077
10,884,15033,0.000527171534486115
10,885,15034,0.002442007651552558
10,886,15035,0.0033363669645041227
10,887,15036,0.009384332224726677
10,888,15037,0.0023968820460140705
10,889,15038,0.008462882600724697
10,890,15039,0.004682903178036213
10,891,15040,0.0019013223936781287
10,892,15041,0.0006914415280334651
10,893,15042,0.0024847807362675667
10,894,15043,0.000579899235162884
10,895,15044,0.003735641948878765
10,896,15045,0.023788783699274063
10,897,15046,0.0013878400204703212
10,898,15047,0.00047888653352856636
10,899,15048,0.0009167838143184781
10,900,15049,0.0060996911488473415
10,901,15050,0.000688454310875386
10,902,15051,0.001447297167032957
10,903,15052,0.0035069985315203667
10,904,15053,0.0007552470779046416
10,905,15054,0.00035014550667256117
10,906,15055,0.0022132256999611855
10,907,15056,0.0060899993404746056
10,908,15057,0.0006980299949645996
10,909,15058,0.0012338756350800395
10,910,15059,0.0012172333663329482
10,911,15060,0.0007165726856328547
10,912,15061,0.0035763445775955915
10,913,15062,0.006363201420754194
10,914,15063,0.0016168328002095222
10,915,15064,0.0006151716224849224
10,916,15065,0.00046666109119541943
10,917,15066,0.0024059826973825693
10,918,15067,0.008844849653542042
10,919,15068,0.009532359428703785
10,920,15069,0.000730422732885927
10,921,15070,0.0002798267814796418
10,922,15071,0.0012069828808307648
10,923,15072,0.007312288973480463
10,924,15073,0.0006474821711890399
10,925,15074,0.00898624025285244
10,926,15075,0.0007100918446667492
10,927,15076,0.000521032721735537
10,928,15077,0.0016067289980128407
10,929,15078,0.00308961677365005
10,930,15079,0.0008847444551065564
10,931,15080,0.0016319238347932696
10,932,15081,0.0025821360759437084
10,933,15082,0.0005431157187558711
10,934,15083,0.0009795468067750335
10,935,15084,0.010471345856785774
10,936,15085,0.001201342442072928
10,937,15086,0.008581926114857197
10,938,15087,0.000808756216429174
10,939,15088,0.0007724470342509449
10,940,15089,0.0015195767628028989
10,941,15090,0.0011473571648821235
10,942,15091,0.0008055386133491993
10,943,15092,0.003527970053255558
10,944,15093,0.0010528034763410687
10,945,15094,0.0006199043127708137
10,946,15095,0.0010256251553073525
10,947,15096,0.007929316721856594
10,948,15097,0.0006144861108623445
10,949,15098,0.0007423812057822943
10,950,15099,0.005201802588999271
10,951,15100,0.000687098188791424
10,952,15101,0.0008607966010458767
10,953,15102,0.00036513691884465516
10,954,15103,0.0005937779205851257
10,955,15104,0.00023822419461794198
10,956,15105,0.00029290697420947254
10,957,15106,0.02510477975010872
10,958,15107,0.0004380147729534656
10,959,15108,0.0010504508391022682
10,960,15109,0.0007922777440398932
10,961,15110,0.0008594365208409727
10,962,15111,0.0005366315599530935
10,963,15112,0.0006977304583415389
10,964,15113,0.015572506934404373
10,965,15114,0.0004090022121090442
10,966,15115,0.011898605152964592
10,967,15116,0.0025829076766967773
10,968,15117,0.0009342359844595194
10,969,15118,0.0059763179160654545
10,970,15119,0.0005828394205309451
10,971,15120,0.002194909146055579
10,972,15121,0.0029293359257280827
10,973,15122,0.004741980228573084
10,974,15123,0.00436481973156333
10,975,15124,0.00030591303948313
10,976,15125,0.001049112412147224
10,977,15126,0.0007410070393234491
10,978,15127,0.00035611173370853066
10,979,15128,0.00033413973869755864
10,980,15129,0.012693841010332108
10,981,15130,0.0025135865435004234
10,982,15131,0.0019780155271291733
10,983,15132,0.00045749216224066913
10,984,15133,0.0005976992542855442
10,985,15134,0.0005150275537744164
10,986,15135,0.001028434606269002
10,987,15136,0.00013182936527300626
10,988,15137,0.0024734640028327703
10,989,15138,0.00046989432303234935
10,990,15139,0.02158658765256405
10,991,15140,0.014520611613988876
10,992,15141,0.0009101576870307326
10,993,15142,0.00015137906302697957
10,994,15143,0.0005445273709483445
10,995,15144,0.036458294838666916
10,996,15145,0.00031000515446066856
10,997,15146,0.0037058102898299694
10,998,15147,0.0006411748472601175
10,999,15148,0.0016634814674034715
10,1000,15149,0.0010437499731779099
10,1001,15150,0.000850916258059442
10,1002,15151,0.0006770534091629088
10,1003,15152,0.0007628196035511792
10,1004,15153,0.0008576755644753575
10,1005,15154,0.0008682350162416697
10,1006,15155,0.0007706850301474333
10,1007,15156,0.0018672473961487412
10,1008,15157,0.0022716536186635494
10,1009,15158,0.0008554385858587921
10,1010,15159,0.0008327457471750677
10,1011,15160,0.0008050983888097107
10,1012,15161,0.0013624251587316394
10,1013,15162,0.01287199929356575
10,1014,15163,0.0014074604259803891
10,1015,15164,0.04488125815987587
10,1016,15165,0.03780916705727577
10,1017,15166,0.06742171943187714
10,1018,15167,0.0010188721353188157
10,1019,15168,0.0005560924182645977
10,1020,15169,0.0022244364954531193
10,1021,15170,0.0006457820418290794
10,1022,15171,0.00039494578959420323
10,1023,15172,0.0006064251647330821
10,1024,15173,0.0019793021492660046
10,1025,15174,0.0009614354348741472
10,1026,15175,0.0006171176792122424
10,1027,15176,0.0007492435979656875
10,1028,15177,0.000842892739456147
10,1029,15178,0.0008017801446840167
10,1030,15179,0.001232785522006452
10,1031,15180,0.0008343677036464214
10,1032,15181,0.0004827002121601254
10,1033,15182,0.0002990764915011823
10,1034,15183,0.010133682750165462
10,1035,15184,0.0022984540555626154
10,1036,15185,0.034498073160648346
10,1037,15186,0.0005461345426738262
10,1038,15187,0.0007640972617082298
10,1039,15188,0.026613350957632065
10,1040,15189,0.0026152520440518856
10,1041,15190,0.0013142382958903909
10,1042,15191,0.06380168348550797
10,1043,15192,0.0021046807523816824
10,1044,15193,0.001594240078702569
10,1045,15194,0.00843737181276083
10,1046,15195,0.0028075578156858683
10,1047,15196,0.0023609197232872248
10,1048,15197,0.004637461155653
10,1049,15198,0.0014873322797939181
10,1050,15199,0.010260915383696556
10,1051,15200,0.049515288323163986
10,1052,15201,0.001507521839812398
10,1053,15202,0.0016630626050755382
10,1054,15203,0.008400242775678635
10,1055,15204,0.0019144726684316993
10,1056,15205,0.0014264881610870361
10,1057,15206,0.0012264720862731338
10,1058,15207,0.011566264554858208
10,1059,15208,0.001092475256882608
10,1060,15209,0.03376177325844765
10,1061,15210,0.001252306392416358
10,1062,15211,0.0018172691343352199
10,1063,15212,0.0010327619966119528
10,1064,15213,0.03210005536675453
10,1065,15214,0.04454423487186432
10,1066,15215,0.0018618451431393623
10,1067,15216,0.0037708247546106577
10,1068,15217,0.0009046265040524304
10,1069,15218,0.0003442848683334887
10,1070,15219,0.0014501768164336681
10,1071,15220,0.00205713021568954
10,1072,15221,0.028860410675406456
10,1073,15222,0.0006804696749895811
10,1074,15223,0.0068611991591751575
10,1075,15224,0.0011789508862420917
10,1076,15225,0.0015611620619893074
10,1077,15226,0.0034397603012621403
10,1078,15227,0.04459255933761597
10,1079,15228,0.0016057282919064164
10,1080,15229,0.0012852044310420752
10,1081,15230,0.010515558533370495
10,1082,15231,0.0007090613362379372
10,1083,15232,0.0010198595700785518
10,1084,15233,0.006429289001971483
10,1085,15234,0.019706204533576965
10,1086,15235,0.0018962342292070389
10,1087,15236,0.005090547259896994
10,1088,15237,0.0032857207115739584
10,1089,15238,0.003206579014658928
10,1090,15239,0.00181869778316468
10,1091,15240,0.005319920834153891
10,1092,15241,0.00321232620626688
10,1093,15242,0.0008771051070652902
10,1094,15243,0.008986408822238445
10,1095,15244,0.002161202719435096
10,1096,15245,0.0006899564177729189
10,1097,15246,0.002747627906501293
10,1098,15247,0.0017164492746815085
10,1099,15248,0.0019415393471717834
10,1100,15249,0.002681926591321826
10,1101,15250,0.0008191410452127457
10,1102,15251,0.0004756126436404884
10,1103,15252,0.0018077127169817686
10,1104,15253,0.0008557973196730018
10,1105,15254,0.0009334557107649744
10,1106,15255,0.0019368254579603672
10,1107,15256,0.04898025095462799
10,1108,15257,0.03227999806404114
10,1109,15258,0.0006245808326639235
10,1110,15259,0.0025025224313139915
10,1111,15260,0.0004202411219011992
10,1112,15261,0.0011654171394184232
10,1113,15262,0.009013018570840359
10,1114,15263,0.001077324035577476
10,1115,15264,0.0018844206351786852
10,1116,15265,0.0019909958355128765
10,1117,15266,0.00021522954921238124
10,1118,15267,0.0014536302769556642
10,1119,15268,0.001014688634313643
10,1120,15269,0.0031878487206995487
10,1121,15270,0.0011320215417072177
10,1122,15271,0.001054713735356927
10,1123,15272,0.0031376720871776342
10,1124,15273,0.00151776650454849
10,1125,15274,0.0006035933620296419
10,1126,15275,0.002597109880298376
10,1127,15276,0.0040257819928228855
10,1128,15277,0.0009505848865956068
10,1129,15278,0.0015449225902557373
10,1130,15279,0.007841124199330807
10,1131,15280,0.003768232651054859
10,1132,15281,0.0015195267042145133
10,1133,15282,0.00575112784281373
10,1134,15283,0.0007735822000540793
10,1135,15284,0.03732582554221153
10,1136,15285,0.0003201640793122351
10,1137,15286,0.001130427117459476
10,1138,15287,0.0006344903376884758
10,1139,15288,0.011780139058828354
10,1140,15289,0.00039508534246124327
10,1141,15290,0.001118730055168271
10,1142,15291,0.0018294969340786338
10,1143,15292,0.004107441753149033
10,1144,15293,0.005321319680660963
10,1145,15294,0.07809920608997345
10,1146,15295,0.012477842159569263
10,1147,15296,0.012107251212000847
10,1148,15297,0.0017744116485118866
10,1149,15298,0.0003192551666870713
10,1150,15299,0.13435932993888855
10,1151,15300,0.0011159845162183046
10,1152,15301,0.01208224892616272
10,1153,15302,0.0034744148142635822
10,1154,15303,0.000996239366941154
10,1155,15304,0.0005936785019002855
10,1156,15305,0.002177791204303503
10,1157,15306,0.001228007604368031
10,1158,15307,0.0008282369235530496
10,1159,15308,0.006111480295658112
10,1160,15309,0.00030562261235900223
10,1161,15310,0.0007947334670461714
10,1162,15311,0.0033011201303452253
10,1163,15312,0.008683041669428349
10,1164,15313,0.0008704621577635407
10,1165,15314,0.0004260249261278659
10,1166,15315,0.018452616408467293
10,1167,15316,0.0434417724609375
10,1168,15317,0.00046573582221753895
10,1169,15318,0.002004397101700306
10,1170,15319,0.004259216599166393
10,1171,15320,0.0018890491919592023
10,1172,15321,0.0007840850739739835
10,1173,15322,0.0011653044493868947
10,1174,15323,0.0004027543473057449
10,1175,15324,0.003489533206447959
10,1176,15325,0.012319881469011307
10,1177,15326,0.00432429788634181
10,1178,15327,0.00233579077757895
10,1179,15328,0.010892733931541443
10,1180,15329,0.0008017731015570462
10,1181,15330,0.0007035244489088655
10,1182,15331,0.0007889308617450297
10,1183,15332,0.0013278009137138724
10,1184,15333,0.0012027138145640492
10,1185,15334,0.0006702247192151845
10,1186,15335,0.06354790925979614
10,1187,15336,0.0007008411339484155
10,1188,15337,0.0006043344619683921
10,1189,15338,0.0033019387628883123
10,1190,15339,0.001961794449016452
10,1191,15340,0.00020461605163291097
10,1192,15341,0.0004393192648421973
10,1193,15342,0.002430522348731756
10,1194,15343,0.010076404549181461
10,1195,15344,0.0007484933012165129
10,1196,15345,0.0034430790692567825
10,1197,15346,0.0006137064192444086
10,1198,15347,0.05473003908991814
10,1199,15348,0.014102267101407051
10,1200,15349,0.0008997403201647103
10,1201,15350,0.0014083150308579206
10,1202,15351,0.0005902362754568458
10,1203,15352,0.002750273561105132
10,1204,15353,0.001508690300397575
10,1205,15354,0.002511186059564352
10,1206,15355,0.0008298865286633372
10,1207,15356,0.0018542198231443763
10,1208,15357,0.0009802900021895766
10,1209,15358,0.0036778058856725693
10,1210,15359,0.001808833796530962
10,1211,15360,0.007706152740865946
10,1212,15361,0.022149519994854927
10,1213,15362,0.02085462585091591
10,1214,15363,0.0014792438596487045
10,1215,15364,0.017345642670989037
10,1216,15365,0.0012362035922706127
10,1217,15366,0.0011252542026340961
10,1218,15367,0.0009574406431056559
10,1219,15368,0.0003437030245549977
10,1220,15369,0.02041136659681797
10,1221,15370,0.0019112431909888983
10,1222,15371,0.0035816922318190336
10,1223,15372,0.0011618605349212885
10,1224,15373,0.0044450778514146805
10,1225,15374,0.0015695614274591208
10,1226,15375,0.001338411122560501
10,1227,15376,0.0023202472366392612
10,1228,15377,0.0008776725735515356
10,1229,15378,0.0024441173300147057
10,1230,15379,0.0010706584434956312
10,1231,15380,0.0021189157851040363
10,1232,15381,0.001714980462566018
10,1233,15382,0.0002513184736017138
10,1234,15383,0.0006114590214565396
10,1235,15384,0.001830829307436943
10,1236,15385,0.0016858698800206184
10,1237,15386,0.0507282130420208
10,1238,15387,0.001075279782526195
10,1239,15388,0.0066393595188856125
10,1240,15389,0.0013066877145320177
10,1241,15390,0.000562085653655231
10,1242,15391,0.000637125747743994
10,1243,15392,0.0007797407452017069
10,1244,15393,0.0018014857778325677
10,1245,15394,0.011597681790590286
10,1246,15395,0.00120093347504735
10,1247,15396,0.0015120361931622028
10,1248,15397,0.0009153821156360209
10,1249,15398,0.0017219564178958535
10,1250,15399,0.0026629348285496235
10,1251,15400,0.0007607407751493156
10,1252,15401,0.0015377977397292852
10,1253,15402,0.0011256275465711951
10,1254,15403,0.0011734149884432554
10,1255,15404,0.0028876469004899263
10,1256,15405,0.0011654503177851439
10,1257,15406,0.002558985957875848
10,1258,15407,0.0014432617463171482
10,1259,15408,0.0009132614941336215
10,1260,15409,0.0005046849837526679
10,1261,15410,0.0024100651498883963
10,1262,15411,0.0011269787792116404
10,1263,15412,0.000613099429756403
10,1264,15413,0.0008449810557067394
10,1265,15414,0.0007696959073655307
10,1266,15415,0.023729387670755386
10,1267,15416,0.005985228344798088
10,1268,15417,0.0063331397250294685
10,1269,15418,0.0016446184599772096
10,1270,15419,0.0007417420856654644
10,1271,15420,0.0020493254996836185
10,1272,15421,0.03317270055413246
10,1273,15422,0.0008189649088308215
10,1274,15423,0.00471779890358448
10,1275,15424,0.0005687958910129964
10,1276,15425,0.0005586101324297488
10,1277,15426,0.0025657573714852333
10,1278,15427,0.0016002464108169079
10,1279,15428,0.011875046417117119
10,1280,15429,0.0023766360245645046
10,1281,15430,0.0007136088097468019
10,1282,15431,0.0006346103036776185
10,1283,15432,0.0013248625909909606
10,1284,15433,0.016320742666721344
10,1285,15434,0.0010334406979382038
10,1286,15435,0.012746238149702549
10,1287,15436,0.0009786362061277032
10,1288,15437,0.012414699420332909
10,1289,15438,0.013931316323578358
10,1290,15439,0.0007372725522145629
10,1291,15440,0.016325633972883224
10,1292,15441,0.0006868629716336727
10,1293,15442,0.0008304739603772759
10,1294,15443,0.0009957912843674421
10,1295,15444,0.0005884458660148084
10,1296,15445,0.04018252342939377
10,1297,15446,0.030302338302135468
10,1298,15447,0.0015221968060359359
10,1299,15448,0.0028296916279941797
10,1300,15449,0.01813683845102787
10,1301,15450,0.000297873979434371
10,1302,15451,0.00021136140276212245
10,1303,15452,0.021423522382974625
10,1304,15453,0.0074180178344249725
10,1305,15454,0.0206199511885643
10,1306,15455,0.004358729813247919
10,1307,15456,0.001506795990280807
10,1308,15457,0.002299465471878648
10,1309,15458,0.009236455895006657
10,1310,15459,0.0010007813107222319
10,1311,15460,0.005139234010130167
10,1312,15461,0.0009741542162373662
10,1313,15462,0.039155155420303345
10,1314,15463,0.00500104483217001
10,1315,15464,0.001296613714657724
10,1316,15465,0.0009403355070389807
10,1317,15466,0.0014840923249721527
10,1318,15467,0.004535657819360495
10,1319,15468,0.0007797035505063832
10,1320,15469,0.0046743000857532024
10,1321,15470,0.0011563844745978713
10,1322,15471,0.0013503406662493944
10,1323,15472,0.002516291569918394
10,1324,15473,0.000688099826220423
10,1325,15474,0.0005073263891972601
10,1326,15475,0.0026310088578611612
10,1327,15476,0.001028879196383059
10,1328,15477,0.004849779885262251
10,1329,15478,0.0015348579036071897
10,1330,15479,0.0022253801580518484
10,1331,15480,0.000938884390052408
10,1332,15481,0.0007451930432580411
10,1333,15482,0.0007554200710728765
10,1334,15483,0.0006831253995187581
10,1335,15484,0.0009661962976679206
10,1336,15485,0.0010218775132670999
10,1337,15486,0.003273953916504979
10,1338,15487,0.0022485789377242327
10,1339,15488,0.0006506054778583348
10,1340,15489,0.00040962063940241933
10,1341,15490,0.0004851591947954148
10,1342,15491,0.0010343848261982203
10,1343,15492,0.010595081374049187
10,1344,15493,0.00033775201882235706
10,1345,15494,0.0004947566776536405
10,1346,15495,0.0009969176026061177
10,1347,15496,0.0006263086688704789
10,1348,15497,0.0027752744499593973
10,1349,15498,0.012534483335912228
10,1350,15499,0.0016152736498042941
10,1351,15500,0.000369487825082615
10,1352,15501,0.012393335811793804
10,1353,15502,0.009944548830389977
10,1354,15503,0.10269811004400253
10,1355,15504,0.0005864665727131069
10,1356,15505,0.0005620467709377408
10,1357,15506,0.00034439144656062126
10,1358,15507,0.0009246766567230225
10,1359,15508,0.0009578819735907018
10,1360,15509,0.000673632777761668
10,1361,15510,0.008191141299903393
10,1362,15511,0.002560619730502367
10,1363,15512,0.0015945862978696823
10,1364,15513,0.0005277262534946203
10,1365,15514,0.03015710785984993
10,1366,15515,0.0026392308063805103
10,1367,15516,0.0003047121863346547
10,1368,15517,0.0017761628841981292
10,1369,15518,0.0034815219696611166
10,1370,15519,0.0006438772543333471
10,1371,15520,0.0449698232114315
10,1372,15521,0.0038555108476430178
10,1373,15522,0.00140403734985739
10,1374,15523,0.00037007901119068265
10,1375,15524,0.0015339585952460766
10,1376,15525,0.022200370207428932
10,1377,15526,0.011438320390880108
10,1378,15527,0.000931184331420809
10,1379,15528,0.0022744769230484962
10,1380,15529,0.013456514105200768
10,1381,15530,0.0029400784987956285
10,1382,15531,0.009329469874501228
10,1383,15532,0.0004432333807926625
10,1384,15533,0.01141493208706379
10,1385,15534,0.000915275071747601
10,1386,15535,0.0005896839429624379
10,1387,15536,0.0038020042702555656
10,1388,15537,0.0005066142766736448
10,1389,15538,0.032190099358558655
10,1390,15539,0.0006771357730031013
10,1391,15540,0.0015823561698198318
10,1392,15541,0.028069501742720604
10,1393,15542,0.0002044225693680346
10,1394,15543,0.0005904398276470602
10,1395,15544,0.0023066403809934855
10,1396,15545,0.0006279029767028987
10,1397,15546,0.012026337906718254
10,1398,15547,0.0010243888245895505
10,1399,15548,0.0002814304025378078
10,1400,15549,0.012884686700999737
10,1401,15550,0.0004371362447272986
10,1402,15551,0.01881207525730133
10,1403,15552,0.002210203791037202
10,1404,15553,0.001975760795176029
10,1405,15554,0.00177207519300282
10,1406,15555,0.09148133546113968
10,1407,15556,0.008012463338673115
10,1408,15557,0.0006891448283568025
10,1409,15558,0.021773066371679306
10,1410,15559,0.0014602217124775052
10,1411,15560,0.0004319284053053707
10,1412,15561,0.0049500251188874245
10,1413,15562,0.010588785633444786
10,1414,15563,0.0111866295337677
10,1415,15564,0.004366342909634113
11,1,15565,0.008064962923526764
11,2,15566,0.0019249626202508807
11,3,15567,0.0011012643808498979
11,4,15568,0.003983240108937025
11,5,15569,0.001716475933790207
11,6,15570,0.0008088266476988792
11,7,15571,0.001873224158771336
11,8,15572,0.0024535891134291887
11,9,15573,0.0004681397113017738
11,10,15574,0.0007945134420879185
11,11,15575,0.0014692897675558925
11,12,15576,0.0008301648194901645
11,13,15577,0.011816599406301975
11,14,15578,0.0024527336936444044
11,15,15579,0.007712329737842083
11,16,15580,0.0008315191371366382
11,17,15581,0.0091788275167346
11,18,15582,0.0019742161966860294
11,19,15583,0.0005207166541367769
11,20,15584,0.0040357280522584915
11,21,15585,0.0007901883800514042
11,22,15586,0.00045993554522283375
11,23,15587,0.0010046095121651888
11,24,15588,0.011105948127806187
11,25,15589,0.024993646889925003
11,26,15590,0.0017415900947526097
11,27,15591,0.03140680491924286
11,28,15592,0.0006387027096934617
11,29,15593,0.0009488784708082676
11,30,15594,0.0014861315721645951
11,31,15595,0.010744933970272541
11,32,15596,0.0008585706818848848
11,33,15597,0.01818869262933731
11,34,15598,0.0026348999235779047
11,35,15599,0.0016131835291162133
11,36,15600,0.0012924944749101996
11,37,15601,0.0006032675155438483
11,38,15602,0.01028092484921217
11,39,15603,0.0007065538666211069
11,40,15604,0.0008730982663109899
11,41,15605,0.049502454698085785
11,42,15606,0.008505003526806831
11,43,15607,0.0004831495461985469
11,44,15608,0.014406519010663033
11,45,15609,0.015205670148134232
11,46,15610,0.003664768999442458
11,47,15611,0.0006116267177276313
11,48,15612,0.0007200442487373948
11,49,15613,0.00037160946521908045
11,50,15614,0.030155912041664124
11,51,15615,0.0008099424303509295
11,52,15616,0.002307922812178731
11,53,15617,0.0014476717915385962
11,54,15618,0.0005213258555158973
11,55,15619,0.0022243675775825977
11,56,15620,0.000570444914046675
11,57,15621,0.0008686315850354731
11,58,15622,0.001002237549982965
11,59,15623,0.003347520250827074
11,60,15624,0.0006887981435284019
11,61,15625,0.011748401448130608
11,62,15626,0.00043652718886733055
11,63,15627,0.001104887924157083
11,64,15628,0.000736064335796982
11,65,15629,0.0012965943897143006
11,66,15630,0.001164632965810597
11,67,15631,0.0006814788794144988
11,68,15632,0.00024896604008972645
11,69,15633,0.0006809111800976098
11,70,15634,0.0006678993813693523
11,71,15635,0.0005813409807160497
11,72,15636,0.0005621617310680449
11,73,15637,0.0008191978558897972
11,74,15638,0.0005485913134180009
11,75,15639,0.0008662493200972676
11,76,15640,0.00035251115332357585
11,77,15641,0.0005921965930610895
11,78,15642,0.0017138180555775762
11,79,15643,0.0012742606922984123
11,80,15644,0.01501751784235239
11,81,15645,0.0004042897780891508
11,82,15646,0.0005428197328001261
11,83,15647,0.00673287408426404
11,84,15648,0.018283700570464134
11,85,15649,0.0005340104107744992
11,86,15650,0.011818962171673775
11,87,15651,0.0011312122223898768
11,88,15652,0.0005339339841157198
11,89,15653,0.006060725077986717
11,90,15654,0.0020886946003884077
11,91,15655,0.0006480064475908875
11,92,15656,0.0008499477407895029
11,93,15657,0.0007629857864230871
11,94,15658,0.0008579976274631917
11,95,15659,0.0005571421352215111
11,96,15660,0.0007413501152768731
11,97,15661,0.0006435148534364998
11,98,15662,0.00036843185080215335
11,99,15663,0.0007092157029546797
11,100,15664,0.0011787144467234612
11,101,15665,0.0017495417268946767
11,102,15666,0.014387362636625767
11,103,15667,0.021415669471025467
11,104,15668,0.0005123543669469655
11,105,15669,0.0005863303085789084
11,106,15670,0.00044134739437140524
11,107,15671,0.0009183110669255257
11,108,15672,0.004606732167303562
11,109,15673,0.0014239971060305834
11,110,15674,0.010956521145999432
11,111,15675,0.0017230421071872115
11,112,15676,0.0032667131163179874
11,113,15677,0.00026036874623969197
11,114,15678,0.0016910600243136287
11,115,15679,0.0007502528605982661
11,116,15680,0.000630036520306021
11,117,15681,0.0006063879118300974
11,118,15682,0.0003791475610341877
11,119,15683,0.0066503677517175674
11,120,15684,0.0009319715900346637
11,121,15685,0.000565850583370775
11,122,15686,0.0007539463113062084
11,123,15687,0.0009025596082210541
11,124,15688,0.0006445423350669444
11,125,15689,0.0010171171743422747
11,126,15690,0.0012716128258034587
11,127,15691,0.011500529013574123
11,128,15692,0.0004884012159891427
11,129,15693,0.00044488103594630957
11,130,15694,0.0004832386039197445
11,131,15695,0.0021554597187787294
11,132,15696,0.00047974902554415166
11,133,15697,0.013507645577192307
11,134,15698,0.0005256924196146429
11,135,15699,0.000567327078897506
11,136,15700,0.005136163905262947
11,137,15701,0.0007759055006317794
11,138,15702,0.0004510277649387717
11,139,15703,0.0010004168143495917
11,140,15704,0.0003923391050193459
11,141,15705,0.0017253992846235633
11,142,15706,0.011589566245675087
11,143,15707,0.0008763003279455006
11,144,15708,0.0005356061737984419
11,145,15709,0.00029148845351301134
11,146,15710,0.0005414471379481256
11,147,15711,0.0010045923991128802
11,148,15712,0.0002711038396228105
11,149,15713,0.0002997360425069928
11,150,15714,0.00042390727321617305
11,151,15715,0.0002514886436983943
11,152,15716,0.0010804927442222834
11,153,15717,0.0005347688565962017
11,154,15718,0.0003759161045309156
11,155,15719,0.000549664197023958
11,156,15720,0.0007848633104003966
11,157,15721,0.0015501994639635086
11,158,15722,0.008748708292841911
11,159,15723,0.0005653536645695567
11,160,15724,0.00038129257154650986
11,161,15725,0.0006757301744073629
11,162,15726,0.0004500937066040933
11,163,15727,0.0002016033249674365
11,164,15728,0.00038192246574908495
11,165,15729,0.0009751502075232565
11,166,15730,0.0007090260623954237
11,167,15731,0.0006554456194862723
11,168,15732,0.006872536148875952
11,169,15733,0.0005021117394790053
11,170,15734,0.0010645476868376136
11,171,15735,0.0006852868245914578
11,172,15736,0.0007231546915136278
11,173,15737,0.0014856968773528934
11,174,15738,0.0008455131901428103
11,175,15739,0.0012444229796528816
11,176,15740,0.006459273397922516
11,177,15741,0.00045069653424434364
11,178,15742,0.0003148159885313362
11,179,15743,0.0005554613890126348
11,180,15744,0.0003020895819645375
11,181,15745,0.0008356976322829723
11,182,15746,0.0005737241008318961
11,183,15747,0.00022884389909449965
11,184,15748,0.0010177629301324487
11,185,15749,0.0006510404055006802
11,186,15750,0.016124732792377472
11,187,15751,0.0006677177152596414
11,188,15752,0.000385663122870028
11,189,15753,0.0007171839824877679
11,190,15754,0.0009622012148611248
11,191,15755,0.0012281483504921198
11,192,15756,0.0015118992887437344
11,193,15757,0.0015826955204829574
11,194,15758,0.0014771075220778584
11,195,15759,0.0010798079892992973
11,196,15760,0.0006324397982098162
11,197,15761,0.0007235272787511349
11,198,15762,0.0004885063390247524
11,199,15763,0.0005007879226468503
11,200,15764,0.035307373851537704
11,201,15765,0.006997489836066961
11,202,15766,0.0007684735464863479
11,203,15767,0.00032621194259263575
11,204,15768,0.0006302993861027062
11,205,15769,0.0034266235306859016
11,206,15770,0.0003921807510778308
11,207,15771,0.0006865169270895422
11,208,15772,0.00034951636916957796
11,209,15773,0.0004989602020941675
11,210,15774,0.0008468587184324861
11,211,15775,0.00042880349792540073
11,212,15776,0.0005888779414817691
11,213,15777,0.0003976438310928643
11,214,15778,0.013969752006232738
11,215,15779,0.0009873287053778768
11,216,15780,0.0004109940491616726
11,217,15781,0.028325092047452927
11,218,15782,0.0004913611919619143
11,219,15783,0.0005197516875341535
11,220,15784,0.000732787826564163
11,221,15785,0.0014051403850317001
11,222,15786,0.000358349469024688
11,223,15787,0.0017349373083561659
11,224,15788,0.0007953622844070196
11,225,15789,0.006933349650353193
11,226,15790,0.0010043346555903554
11,227,15791,0.0026183933950960636
11,228,15792,0.0012662525987252593
11,229,15793,0.002203797921538353
11,230,15794,0.0026860134676098824
11,231,15795,0.0018818083917722106
11,232,15796,0.0016974543686956167
11,233,15797,0.0009460394503548741
11,234,15798,0.0013343701139092445
11,235,15799,0.0174508485943079
11,236,15800,0.0009790075710043311
11,237,15801,0.004789756610989571
11,238,15802,0.0003102149930782616
11,239,15803,0.0008781367214396596
11,240,15804,0.0018263972597196698
11,241,15805,0.0007835302967578173
11,242,15806,0.0005212611285969615
11,243,15807,0.004532821010798216
11,244,15808,0.0008480893447995186
11,245,15809,0.0011949730105698109
11,246,15810,0.0004902908694930375
11,247,15811,0.0008957358077168465
11,248,15812,0.0007707015611231327
11,249,15813,0.0027933227829635143
11,250,15814,0.0025600087828934193
11,251,15815,0.000850986922159791
11,252,15816,0.00035996726364828646
11,253,15817,0.0006478214054368436
11,254,15818,0.0006723142578266561
11,255,15819,0.00022003520280122757
11,256,15820,0.0011971882777288556
11,257,15821,0.00617844657972455
11,258,15822,0.0006970528047531843
11,259,15823,0.0002294945006724447
11,260,15824,0.00044441898353397846
11,261,15825,0.00042018512613140047
11,262,15826,0.0003577106981538236
11,263,15827,0.001758222351782024
11,264,15828,0.000711680157110095
11,265,15829,0.0005719009204767644
11,266,15830,0.00011660453310469165
11,267,15831,0.0012570740655064583
11,268,15832,0.009608755819499493
11,269,15833,0.008163067512214184
11,270,15834,0.0010810111416503787
11,271,15835,0.0002728688414208591
11,272,15836,0.0030222975183278322
11,273,15837,0.008763030171394348
11,274,15838,0.004335805773735046
11,275,15839,0.000304634973872453
11,276,15840,0.00046568861580453813
11,277,15841,0.0003905217454303056
11,278,15842,0.0004211752093397081
11,279,15843,0.0005323863588273525
11,280,15844,0.000494130770675838
11,281,15845,0.00034089304972440004
11,282,15846,0.0015054534887894988
11,283,15847,0.00044279653229750693
11,284,15848,0.0005831755697727203
11,285,15849,0.0005163894966244698
11,286,15850,0.0006443904712796211
11,287,15851,0.0007114661275409162
11,288,15852,0.00044989981688559055
11,289,15853,0.0005600968142971396
11,290,15854,0.01917620189487934
11,291,15855,0.0004888507537543774
11,292,15856,0.0009018615819513798
11,293,15857,0.024685587733983994
11,294,15858,0.00047148196608759463
11,295,15859,0.0026670489460229874
11,296,15860,0.0006894093821756542
11,297,15861,0.0024447895120829344
11,298,15862,0.0006150751723907888
11,299,15863,0.0009866852778941393
11,300,15864,0.00019175669876858592
11,301,15865,0.0011108246399089694
11,302,15866,0.001147890230640769
11,303,15867,0.0003029221552424133
11,304,15868,0.0009592554997652769
11,305,15869,0.00023686264466959983
11,306,15870,0.00037647184217348695
11,307,15871,0.004018102306872606
11,308,15872,0.0004118579672649503
11,309,15873,0.00037532331771217287
11,310,15874,0.00045767464325763285
11,311,15875,0.0005589791107922792
11,312,15876,0.013763101771473885
11,313,15877,0.00999556202441454
11,314,15878,0.0004965172847732902
11,315,15879,0.03680436685681343
11,316,15880,0.0004611440817825496
11,317,15881,0.0002444339042995125
11,318,15882,0.0002569420903455466
11,319,15883,0.006068187765777111
11,320,15884,0.00029057718347758055
11,321,15885,0.019820427522063255
11,322,15886,0.0010968234855681658
11,323,15887,0.00019151155720464885
11,324,15888,0.0005466783768497407
11,325,15889,0.0006257726927287877
11,326,15890,0.0005485255969688296
11,327,15891,0.001223164377734065
11,328,15892,0.0005045427242293954
11,329,15893,0.0007153582409955561
11,330,15894,0.000485842174384743
11,331,15895,0.001810350688174367
11,332,15896,0.0004867894749622792
11,333,15897,0.0005193494725972414
11,334,15898,0.0006960415630601346
11,335,15899,0.0006515627028420568
11,336,15900,0.0036339671351015568
11,337,15901,0.0015450624050572515
11,338,15902,0.008294392377138138
11,339,15903,0.0010843010386452079
11,340,15904,0.00017152268264908344
11,341,15905,0.001889514154754579
11,342,15906,0.06658037006855011
11,343,15907,0.05780429020524025
11,344,15908,0.0006843689479865134
11,345,15909,0.00104526337236166
11,346,15910,0.00034053143463097513
11,347,15911,0.0010110497241839767
11,348,15912,0.0009280422818847001
11,349,15913,0.004535708576440811
11,350,15914,0.002228529192507267
11,351,15915,0.0032848555129021406
11,352,15916,0.020377840846776962
11,353,15917,0.015749897807836533
11,354,15918,0.004892288241535425
11,355,15919,0.0011571800569072366
11,356,15920,0.0004837551969103515
11,357,15921,0.001220555859617889
11,358,15922,0.0025239253882318735
11,359,15923,0.0003965614305343479
11,360,15924,0.00039111997466534376
11,361,15925,0.000589260773267597
11,362,15926,0.0016780397854745388
11,363,15927,0.00047565027489326894
11,364,15928,0.001342281000688672
11,365,15929,0.001050989725627005
11,366,15930,0.003885381855070591
11,367,15931,0.000893581542186439
11,368,15932,0.0007740509463474154
11,369,15933,0.001585931982845068
11,370,15934,0.0004665483720600605
11,371,15935,0.0005115613457746804
11,372,15936,0.0008568341727368534
11,373,15937,0.01352515909820795
11,374,15938,0.002374161733314395
11,375,15939,0.00040901583270169795
11,376,15940,0.0004013707803096622
11,377,15941,0.00019034121942240745
11,378,15942,0.0005608685314655304
11,379,15943,0.0006539865280501544
11,380,15944,0.000354396557668224
11,381,15945,0.00037414615508168936
11,382,15946,0.00031270275940187275
11,383,15947,0.0023749154061079025
11,384,15948,0.0008503713179379702
11,385,15949,0.00025483639910817146
11,386,15950,0.006071301642805338
11,387,15951,0.0004723388992715627
11,388,15952,0.011343800462782383
11,389,15953,0.00139151350595057
11,390,15954,0.0007121232920326293
11,391,15955,0.0005746284150518477
11,392,15956,0.0004471495049074292
11,393,15957,0.000488902791403234
11,394,15958,0.0003062927280552685
11,395,15959,0.0005678878515027463
11,396,15960,0.00215081125497818
11,397,15961,0.010702074505388737
11,398,15962,0.017609605565667152
11,399,15963,0.0010676216334104538
11,400,15964,0.0009326037834398448
11,401,15965,0.0006288020522333682
11,402,15966,0.0009125694050453603
11,403,15967,0.000989382155239582
11,404,15968,0.0012877403059974313
11,405,15969,0.001162289408966899
11,406,15970,0.0018309791339561343
11,407,15971,0.0009376420057378709
11,408,15972,0.00044977417564950883
11,409,15973,0.0014041890390217304
11,410,15974,0.010858078487217426
11,411,15975,0.0008947447058744729
11,412,15976,0.0007691030623391271
11,413,15977,0.00022463947243522853
11,414,15978,0.001196156139485538
11,415,15979,0.0002728746912907809
11,416,15980,0.0010680770501494408
11,417,15981,0.0007735416875220835
11,418,15982,0.0031513243447989225
11,419,15983,0.0007964217802509665
11,420,15984,0.0006148965912871063
11,421,15985,0.005087115336209536
11,422,15986,0.0007613250054419041
11,423,15987,0.0020507173612713814
11,424,15988,0.0022943357471376657
11,425,15989,0.0015952936373651028
11,426,15990,0.0001857204915722832
11,427,15991,0.0002640620223246515
11,428,15992,0.03732874244451523
11,429,15993,0.0004987004795111716
11,430,15994,0.0009933977853506804
11,431,15995,0.00595847936347127
11,432,15996,0.0008427586290054023
11,433,15997,0.004276001825928688
11,434,15998,0.0017812543082982302
11,435,15999,0.00035939927329309285
11,436,16000,0.00038100132951512933
11,437,16001,0.007327713537961245
11,438,16002,0.006795418448746204
11,439,16003,0.0008206029888242483
11,440,16004,0.0005108115146867931
11,441,16005,0.004011176526546478
11,442,16006,0.00018542114412412047
11,443,16007,0.000401202094508335
11,444,16008,0.0006940704770386219
11,445,16009,0.0010694756638258696
11,446,16010,0.01657457835972309
11,447,16011,0.00021414679940789938
11,448,16012,0.0005994730745442212
11,449,16013,0.0014043195405974984
11,450,16014,0.0003413934900891036
11,451,16015,0.018527349457144737
11,452,16016,0.0013360073789954185
11,453,16017,0.0047892313450574875
11,454,16018,0.0012741611571982503
11,455,16019,0.005176248960196972
11,456,16020,0.0008079091785475612
11,457,16021,0.0005221639876253903
11,458,16022,0.0007354339468292892
11,459,16023,0.0004659131227526814
11,460,16024,0.0006505416822619736
11,461,16025,0.04241352155804634
11,462,16026,0.00040584400994703174
11,463,16027,0.00045012656482867897
11,464,16028,0.0003730086609721184
11,465,16029,0.0012857900001108646
11,466,16030,0.0009220560896210372
11,467,16031,0.04116712138056755
11,468,16032,0.02170668914914131
11,469,16033,0.002965804422274232
11,470,16034,0.001445076777599752
11,471,16035,0.00180256727617234
11,472,16036,0.0007178074447438121
11,473,16037,0.00048452397459186614
11,474,16038,0.010931293480098248
11,475,16039,0.058815449476242065
11,476,16040,0.00038964496343396604
11,477,16041,0.000666010775603354
11,478,16042,0.0050721303559839725
11,479,16043,0.0015585756627842784
11,480,16044,0.001026622485369444
11,481,16045,0.012647610157728195
11,482,16046,0.0012367592426016927
11,483,16047,0.0012866033939644694
11,484,16048,0.0008838099311105907
11,485,16049,0.0012717468198388815
11,486,16050,0.00243106996640563
11,487,16051,0.002879694802686572
11,488,16052,0.003922836389392614
11,489,16053,0.019337836652994156
11,490,16054,0.0014632365200668573
11,491,16055,0.0015774829080328345
11,492,16056,0.01226870622485876
11,493,16057,0.003113331738859415
11,494,16058,0.0006840349524281919
11,495,16059,0.0061179171316325665
11,496,16060,0.001568324281834066
11,497,16061,0.0004759752191603184
11,498,16062,0.003982957452535629
11,499,16063,0.0004721477162092924
11,500,16064,0.0006461949669755995
11,501,16065,0.002912211464717984
11,502,16066,0.0010070569114759564
11,503,16067,0.0007553359610028565
11,504,16068,0.02570396661758423
11,505,16069,0.0005297501338645816
11,506,16070,0.0003694735059980303
11,507,16071,0.0007236652891151607
11,508,16072,0.030574625357985497
11,509,16073,0.0017158357659354806
11,510,16074,0.0025012344121932983
11,511,16075,0.0005716573214158416
11,512,16076,0.028347063809633255
11,513,16077,0.00011941911361645907
11,514,16078,0.004510750528424978
11,515,16079,0.004056156612932682
11,516,16080,0.0007161162793636322
11,517,16081,0.00029280566377565265
11,518,16082,0.0003694778133649379
11,519,16083,0.005097026936709881
11,520,16084,0.0005931645864620805
11,521,16085,0.004992772825062275
11,522,16086,0.0008526271558366716
11,523,16087,0.042693305760622025
11,524,16088,0.0003219666541554034
11,525,16089,0.00046636167098768055
11,526,16090,0.007784946821630001
11,527,16091,0.0006506991339847445
11,528,16092,0.0004944370593875647
11,529,16093,0.0015799399698153138
11,530,16094,0.0024991948157548904
11,531,16095,0.001088547520339489
11,532,16096,0.0007378906011581421
11,533,16097,0.0012341239489614964
11,534,16098,0.024523993954062462
11,535,16099,0.0010758888674899936
11,536,16100,0.0027261804789304733
11,537,16101,0.026022182777523994
11,538,16102,0.04150092974305153
11,539,16103,0.002368193818256259
11,540,16104,0.0007093549356795847
11,541,16105,0.0007107471465133131
11,542,16106,0.0023216665722429752
11,543,16107,0.000820367073174566
11,544,16108,0.01991252414882183
11,545,16109,0.001407895004376769
11,546,16110,0.0015383409336209297
11,547,16111,0.0004923821543343365
11,548,16112,0.0007542975363321602
11,549,16113,0.0033028617035597563
11,550,16114,0.013795634731650352
11,551,16115,0.0011300494661554694
11,552,16116,0.013808690011501312
11,553,16117,0.0007397595327347517
11,554,16118,0.008943929336965084
11,555,16119,0.024043874815106392
11,556,16120,0.0013396659633144736
11,557,16121,0.001637929235585034
11,558,16122,0.0013305097818374634
11,559,16123,0.0033324221149086952
11,560,16124,0.0011711291735991836
11,561,16125,0.001059635542333126
11,562,16126,0.0009137291344814003
11,563,16127,0.06318700313568115
11,564,16128,0.0006579500623047352
11,565,16129,0.0007200429099611938
11,566,16130,0.0011105370940640569
11,567,16131,0.0014975799713283777
11,568,16132,0.01562819816172123
11,569,16133,0.0007915634196251631
11,570,16134,0.000887045927811414
11,571,16135,0.009123190306127071
11,572,16136,0.0029168748296797276
11,573,16137,0.0009262092062272131
11,574,16138,0.00048212663386948407
11,575,16139,0.000366850639693439
11,576,16140,0.00041263748425990343
11,577,16141,0.0006688712164759636
11,578,16142,0.001560293254442513
11,579,16143,0.0004234359657857567
11,580,16144,0.0011243314947932959
11,581,16145,0.0032700118608772755
11,582,16146,0.000682602112647146
11,583,16147,0.0012222439981997013
11,584,16148,0.0005816807970404625
11,585,16149,0.0005538254627026618
11,586,16150,0.0005528272595256567
11,587,16151,0.0004916577017866075
11,588,16152,0.0003270743472967297
11,589,16153,0.0007636717054992914
11,590,16154,0.0005138179403729737
11,591,16155,0.00043463270412757993
11,592,16156,0.00030670955311506987
11,593,16157,0.00021410877525340766
11,594,16158,0.005173614248633385
11,595,16159,0.0004473619628697634
11,596,16160,0.000442380114691332
11,597,16161,0.0015332788461819291
11,598,16162,0.0003831546346191317
11,599,16163,0.04492919147014618
11,600,16164,0.0003811272035818547
11,601,16165,0.002239632187411189
11,602,16166,0.000801621878053993
11,603,16167,0.0028277721721678972
11,604,16168,0.0004601099935825914
11,605,16169,0.00060108961770311
11,606,16170,0.0006975826690904796
11,607,16171,0.00044572632759809494
11,608,16172,0.010683400556445122
11,609,16173,0.0006715048220939934
11,610,16174,0.0007920582429505885
11,611,16175,0.0012727788416668773
11,612,16176,0.0005920694675296545
11,613,16177,0.0025179574731737375
11,614,16178,0.0016411840915679932
11,615,16179,0.0025704766158014536
11,616,16180,0.0005875424831174314
11,617,16181,0.0005102462018840015
11,618,16182,0.0007103429525159299
11,619,16183,0.0023525883443653584
11,620,16184,0.0004749916261062026
11,621,16185,0.0006792208296246827
11,622,16186,0.0008354001911357045
11,623,16187,0.00043681569513864815
11,624,16188,0.00037615085602737963
11,625,16189,0.001833178917877376
11,626,16190,0.0005645813071168959
11,627,16191,0.0003645893884822726
11,628,16192,0.00046324788127094507
11,629,16193,0.0009137332090176642
11,630,16194,0.0006832636427134275
11,631,16195,0.00033255136804655194
11,632,16196,0.0005147529882378876
11,633,16197,0.000329800444887951
11,634,16198,0.0002493268111720681
11,635,16199,0.0005644007469527423
11,636,16200,0.001713682897388935
11,637,16201,0.0005366666009649634
11,638,16202,0.0010397234000265598
11,639,16203,0.00025630384334363043
11,640,16204,0.0005164929898455739
11,641,16205,0.0002333310549147427
11,642,16206,0.006684442516416311
11,643,16207,0.0003566187515389174
11,644,16208,0.0005480963154695928
11,645,16209,0.00044983907719142735
11,646,16210,0.00029512305627577007
11,647,16211,0.00019188733131159097
11,648,16212,0.0003268308355472982
11,649,16213,0.0005970635102130473
11,650,16214,0.00018645620730239898
11,651,16215,0.00021284908871166408
11,652,16216,0.006959235295653343
11,653,16217,0.00028600843506865203
11,654,16218,0.0007284387829713523
11,655,16219,0.0003238460049033165
11,656,16220,0.0004416376759763807
11,657,16221,0.0009242825326509774
11,658,16222,0.000442618562374264
11,659,16223,0.00017977601964958012
11,660,16224,0.000267369847279042
11,661,16225,0.0017595043173059821
11,662,16226,0.003978482447564602
11,663,16227,0.0017733087297528982
11,664,16228,0.0013275734381750226
11,665,16229,0.000539122149348259
11,666,16230,0.000164975062943995
11,667,16231,0.00043404236203059554
11,668,16232,0.0006116350996308029
11,669,16233,0.00035455849138088524
11,670,16234,0.0003248498251195997
11,671,16235,0.0003483240434434265
11,672,16236,0.0003430686192587018
11,673,16237,0.0007053531589917839
11,674,16238,0.00023250030062627047
11,675,16239,0.00020231312373653054
11,676,16240,0.0012205780949443579
11,677,16241,0.0017495735082775354
11,678,16242,0.0007610218599438667
11,679,16243,0.0008495789370499551
11,680,16244,0.0004141654644627124
11,681,16245,0.00045968935592100024
11,682,16246,0.0015893122181296349
11,683,16247,0.0002482062845956534
11,684,16248,0.0015185242518782616
11,685,16249,0.0017202331218868494
11,686,16250,0.003627053229138255
11,687,16251,0.0008234950946643949
11,688,16252,0.010923300869762897
11,689,16253,0.00039270942215807736
11,690,16254,0.00017837561608757824
11,691,16255,0.0012732294853776693
11,692,16256,0.001401950023137033
11,693,16257,0.0004555743944365531
11,694,16258,0.00030222145142033696
11,695,16259,0.00011290377733530477
11,696,16260,0.0004293266392778605
11,697,16261,0.0004768138169310987
11,698,16262,0.0004226802266202867
11,699,16263,0.0018160960171371698
11,700,16264,0.01202833279967308
11,701,16265,0.0004921015934087336
11,702,16266,0.00011725988588295877
11,703,16267,0.00024997832952067256
11,704,16268,0.03250013664364815
11,705,16269,0.004430658183991909
11,706,16270,0.00019146149861626327
11,707,16271,0.0004743067256640643
11,708,16272,0.0007354911649599671
11,709,16273,0.0007512361626140773
11,710,16274,0.0006447565974667668
11,711,16275,0.00031736111850477755
11,712,16276,0.0011624472681432962
11,713,16277,0.0003863254387397319
11,714,16278,0.0005551247159019113
11,715,16279,0.0021468347404152155
11,716,16280,0.0007830683025531471
11,717,16281,0.0008195241680368781
11,718,16282,0.00011905012797797099
11,719,16283,0.0008385880501009524
11,720,16284,0.0005906856968067586
11,721,16285,0.0003335931687615812
11,722,16286,0.0011846807319670916
11,723,16287,0.011048562824726105
11,724,16288,0.0005337235634215176
11,725,16289,0.000464368611574173
11,726,16290,0.001066573429852724
11,727,16291,0.005393963307142258
11,728,16292,0.012426566332578659
11,729,16293,0.0005119771230965853
11,730,16294,0.00038991813198663294
11,731,16295,0.0004857838503085077
11,732,16296,0.0015949496300891042
11,733,16297,0.0006410362548194826
11,734,16298,0.0012107999064028263
11,735,16299,0.000616960518527776
11,736,16300,0.00047632039058953524
11,737,16301,0.0004047677794005722
11,738,16302,0.00046011092490516603
11,739,16303,0.0006567041855305433
11,740,16304,0.0001768145157257095
11,741,16305,0.0004198943206574768
11,742,16306,0.0003175163874402642
11,743,16307,0.03148103132843971
11,744,16308,0.0012782367412000895
11,745,16309,0.0018475044053047895
11,746,16310,0.0006214347667992115
11,747,16311,0.000337400910211727
11,748,16312,0.00018717633793130517
11,749,16313,0.0002516111417207867
11,750,16314,0.0010016754968091846
11,751,16315,0.0019020020263269544
11,752,16316,0.00029371335403993726
11,753,16317,0.0008183906320482492
11,754,16318,0.03522749990224838
11,755,16319,0.0011102167190983891
11,756,16320,0.0003143943031318486
11,757,16321,0.0006261268863454461
11,758,16322,0.0004453362780623138
11,759,16323,0.0005361405201256275
11,760,16324,0.00023969878384377807
11,761,16325,0.00035630876664072275
11,762,16326,0.0014968813629820943
11,763,16327,0.0008869260200299323
11,764,16328,0.007351733278483152
11,765,16329,0.0007652201456949115
11,766,16330,0.000606431916821748
11,767,16331,0.0011323252692818642
11,768,16332,0.0003441027947701514
11,769,16333,0.0019759538117796183
11,770,16334,0.00318464869633317
11,771,16335,0.00043982022907584906
11,772,16336,0.0004333204706199467
11,773,16337,0.0011277239536866546
11,774,16338,0.0003803497238550335
11,775,16339,0.000757588364649564
11,776,16340,0.0013291630893945694
11,777,16341,0.00038715891423635185
11,778,16342,0.001332848216407001
11,779,16343,0.0003467406495474279
11,780,16344,0.00020161597058176994
11,781,16345,0.0003308603772893548
11,782,16346,0.0012754560448229313
11,783,16347,0.0016156397759914398
11,784,16348,0.012189674191176891
11,785,16349,0.0005939456750638783
11,786,16350,0.0006144960643723607
11,787,16351,0.00032527066650800407
11,788,16352,0.0005404812982305884
11,789,16353,0.0002983362355735153
11,790,16354,0.0004937846679240465
11,791,16355,0.00039364787517115474
11,792,16356,0.008352112956345081
11,793,16357,0.00040514691499993205
11,794,16358,0.00036129466025158763
11,795,16359,0.0010676600504666567
11,796,16360,0.0006687213317491114
11,797,16361,0.00045855186181142926
11,798,16362,0.02447308972477913
11,799,16363,0.00025395795819349587
11,800,16364,0.00033038793480955064
11,801,16365,0.00034300581319257617
11,802,16366,0.0003666902193799615
11,803,16367,0.0014348491095006466
11,804,16368,0.00034150268766097724
11,805,16369,0.0004505934484768659
11,806,16370,0.0003325774450786412
11,807,16371,0.0012700182851403952
11,808,16372,0.017089925706386566
11,809,16373,0.0005039107636548579
11,810,16374,0.0011392293963581324
11,811,16375,0.0005393318715505302
11,812,16376,0.00029086112044751644
11,813,16377,0.0005002643447369337
11,814,16378,0.0021479767747223377
11,815,16379,0.0023294962011277676
11,816,16380,0.004115823190659285
11,817,16381,0.00027961633168160915
11,818,16382,0.0004899578052572906
11,819,16383,0.004302308429032564
11,820,16384,0.024369342252612114
11,821,16385,0.0010010389378294349
11,822,16386,0.0005371793522499502
11,823,16387,0.00023454967595171183
11,824,16388,0.00558099802583456
11,825,16389,0.00035021035000681877
11,826,16390,0.0009707705467008054
11,827,16391,0.0021656055469065905
11,828,16392,0.0002638988371472806
11,829,16393,0.0006341167027130723
11,830,16394,0.013028033077716827
11,831,16395,0.00033702285145409405
11,832,16396,0.006840256042778492
11,833,16397,0.00047743477625772357
11,834,16398,0.00028992225998081267
11,835,16399,0.008973788470029831
11,836,16400,0.0008728288230486214
11,837,16401,0.000826193077955395
11,838,16402,0.003052960615605116
11,839,16403,0.0004856949672102928
11,840,16404,0.001143765402957797
11,841,16405,0.00045466842129826546
11,842,16406,0.00389639544300735
11,843,16407,0.00040426928899250925
11,844,16408,0.0066246334463357925
11,845,16409,0.0019031348638236523
11,846,16410,0.0008276171865873039
11,847,16411,0.001102013629861176
11,848,16412,0.0035909521393477917
11,849,16413,0.001121138921007514
11,850,16414,0.0008156551630236208
11,851,16415,0.0008964916924014688
11,852,16416,0.0003358054382260889
11,853,16417,0.0005497763631865382
11,854,16418,0.0008982224971987307
11,855,16419,0.01936388947069645
11,856,16420,0.0005590623477473855
11,857,16421,0.004572347737848759
11,858,16422,0.00011064716090913862
11,859,16423,0.0006094182026572526
11,860,16424,0.006304929498583078
11,861,16425,0.0008112343493849039
11,862,16426,0.0007106620469130576
11,863,16427,0.0009187011746689677
11,864,16428,0.0006698716315440834
11,865,16429,0.002139576943591237
11,866,16430,0.0007754755206406116
11,867,16431,0.001008924562484026
11,868,16432,0.000378660683054477
11,869,16433,0.00044189015170559287
11,870,16434,0.00012138936290284619
11,871,16435,0.001155729521997273
11,872,16436,0.019475916400551796
11,873,16437,0.021710962057113647
11,874,16438,0.000361500249709934
11,875,16439,0.0004398796008899808
11,876,16440,0.0005678788293153048
11,877,16441,0.0035736090503633022
11,878,16442,0.00040604171226732433
11,879,16443,0.001844023703597486
11,880,16444,0.0037181368097662926
11,881,16445,0.01021804939955473
11,882,16446,0.006985837128013372
11,883,16447,0.0068609826266765594
11,884,16448,0.0014352737925946712
11,885,16449,0.0011527021415531635
11,886,16450,0.0006880212458781898
11,887,16451,0.0003702807880472392
11,888,16452,0.0001909465208882466
11,889,16453,0.00016645844152662903
11,890,16454,0.015915006399154663
11,891,16455,0.0005008482839912176
11,892,16456,0.0024868862237781286
11,893,16457,0.00032638522679917514
11,894,16458,0.00032494007609784603
11,895,16459,0.0002680607431102544
11,896,16460,0.0003299234958831221
11,897,16461,0.008987626992166042
11,898,16462,0.0016453491989523172
11,899,16463,0.0014731016708537936
11,900,16464,0.00030807621078565717
11,901,16465,0.0067354775965213776
11,902,16466,0.0008138719713315368
11,903,16467,0.001160045387223363
11,904,16468,0.010537988506257534
11,905,16469,0.0004839362227357924
11,906,16470,0.002460170304402709
11,907,16471,0.0004392793052829802
11,908,16472,0.0006277959328144789
11,909,16473,0.0071582491509616375
11,910,16474,0.00019230242469348013
11,911,16475,0.0011683701304718852
11,912,16476,0.0003685058909468353
11,913,16477,0.0005761886131949723
11,914,16478,0.00036410216125659645
11,915,16479,0.000276195933111012
11,916,16480,0.00029481109231710434
11,917,16481,0.001908486825414002
11,918,16482,0.000427700491854921
11,919,16483,0.0003434515092521906
11,920,16484,0.0034237662330269814
11,921,16485,0.00039425905561074615
11,922,16486,0.00019663074635900557
11,923,16487,0.01565684750676155
11,924,16488,0.0003803187282755971
11,925,16489,0.00040654660551808774
11,926,16490,0.0002436171198496595
11,927,16491,0.05011904239654541
11,928,16492,0.0006962336483411491
11,929,16493,0.00034435183624736965
11,930,16494,0.0002514220541343093
11,931,16495,0.00035099496017210186
11,932,16496,0.011662368662655354
11,933,16497,0.0005491613992489874
11,934,16498,0.0030539080034941435
11,935,16499,0.0005448765587061644
11,936,16500,0.00031137175392359495
11,937,16501,0.0005118325352668762
11,938,16502,0.002073050942271948
11,939,16503,0.0064710285514593124
11,940,16504,0.0026745509821921587
11,941,16505,0.0018404838629066944
11,942,16506,0.000629812479019165
11,943,16507,0.0003608254774007946
11,944,16508,0.0009949513478204608
11,945,16509,0.0007997865322977304
11,946,16510,0.005490091163665056
11,947,16511,0.00036020917468704283
11,948,16512,0.0019732583314180374
11,949,16513,0.002630378818139434
11,950,16514,0.0013340982841327786
11,951,16515,0.008562183938920498
11,952,16516,0.019271647557616234
11,953,16517,0.00040402362355962396
11,954,16518,0.000605397392064333
11,955,16519,0.00424625538289547
11,956,16520,0.00042399155790917575
11,957,16521,0.0014170261565595865
11,958,16522,0.00045834609773010015
11,959,16523,0.0012142679188400507
11,960,16524,0.0010241398122161627
11,961,16525,0.00042053702054545283
11,962,16526,0.0007059172494336963
11,963,16527,0.0022128350101411343
11,964,16528,0.00048505296581424773
11,965,16529,0.0004283071612007916
11,966,16530,0.11399620771408081
11,967,16531,0.003406842704862356
11,968,16532,0.0002547717886045575
11,969,16533,0.0008779072668403387
11,970,16534,0.0010260208509862423
11,971,16535,0.00036739467759616673
11,972,16536,0.004991746973246336
11,973,16537,0.00036842707777395844
11,974,16538,0.002663858002051711
11,975,16539,0.0012361410772427917
11,976,16540,0.0004732114903163165
11,977,16541,0.0009261114755645394
11,978,16542,0.0003912628744728863
11,979,16543,0.0004275212704669684
11,980,16544,0.0005846575950272381
11,981,16545,0.0006191975553520024
11,982,16546,0.0007122120005078614
11,983,16547,0.00040832007653079927
11,984,16548,0.00769618758931756
11,985,16549,0.00043336820090189576
11,986,16550,0.0006198330083861947
11,987,16551,0.00040481353062205017
11,988,16552,0.0007739192806184292
11,989,16553,0.012205448001623154
11,990,16554,0.01590460166335106
11,991,16555,0.011443371884524822
11,992,16556,0.0006763008423149586
11,993,16557,0.0005820362130180001
11,994,16558,0.0012822163989767432
11,995,16559,0.0005255144787952304
11,996,16560,0.0005350350984372199
11,997,16561,0.0005343217053450644
11,998,16562,0.0008346347021870315
11,999,16563,0.0011701238108798862
11,1000,16564,0.0003231436130590737
11,1001,16565,0.0004830505349673331
11,1002,16566,0.00016032933490350842
11,1003,16567,0.00032300077145919204
11,1004,16568,0.0005043428391218185
11,1005,16569,0.0007657753303647041
11,1006,16570,0.01670014299452305
11,1007,16571,0.00035030001890845597
11,1008,16572,0.0004942781524732709
11,1009,16573,0.0006542609189637005
11,1010,16574,0.022030983120203018
11,1011,16575,0.0016358427237719297
11,1012,16576,0.0019418803276494145
11,1013,16577,0.0013298337580636144
11,1014,16578,0.0004217660753056407
11,1015,16579,0.014433595351874828
11,1016,16580,0.0009625839302316308
11,1017,16581,0.0002963985316455364
11,1018,16582,0.003674399806186557
11,1019,16583,0.002457615453749895
11,1020,16584,0.00490582175552845
11,1021,16585,0.011700563132762909
11,1022,16586,0.0006562473136000335
11,1023,16587,0.0006536685978062451
11,1024,16588,0.0005650119273923337
11,1025,16589,0.0005780153442174196
11,1026,16590,0.0004312878882046789
11,1027,16591,0.0038904747925698757
11,1028,16592,0.0005028741434216499
11,1029,16593,0.0006028551724739373
11,1030,16594,0.00047107291175052524
11,1031,16595,0.00030513579258695245
11,1032,16596,0.00835427362471819
11,1033,16597,0.0011964673176407814
11,1034,16598,0.000565088412258774
11,1035,16599,0.00148498744238168
11,1036,16600,0.0013978162314742804
11,1037,16601,0.0004566782736219466
11,1038,16602,0.0016093084122985601
11,1039,16603,0.00022277646348811686
11,1040,16604,0.01579112932085991
11,1041,16605,0.01170328725129366
11,1042,16606,0.0009382908465340734
11,1043,16607,0.009397170506417751
11,1044,16608,0.0006961669423617423
11,1045,16609,0.000355091062374413
11,1046,16610,0.0019832521211355925
11,1047,16611,0.008550801314413548
11,1048,16612,0.017406541854143143
11,1049,16613,0.00042369106085971
11,1050,16614,0.00043623309466056526
11,1051,16615,0.03316604718565941
11,1052,16616,0.01213742047548294
11,1053,16617,0.01880667731165886
11,1054,16618,0.0010636040242388844
11,1055,16619,0.0006401735008694232
11,1056,16620,0.0005123037262819707
11,1057,16621,0.0009031223598867655
11,1058,16622,0.000800576526671648
11,1059,16623,0.0006151192355901003
11,1060,16624,0.0006702131940983236
11,1061,16625,0.0004957182100042701
11,1062,16626,0.002377727534621954
11,1063,16627,0.00015468492347281426
11,1064,16628,0.0007596192881464958
11,1065,16629,0.0010760902659967542
11,1066,16630,0.000859796185977757
11,1067,16631,0.006908946204930544
11,1068,16632,0.0007766938651911914
11,1069,16633,0.03470425307750702
11,1070,16634,0.0005743763758800924
11,1071,16635,0.00045344719546847045
11,1072,16636,0.0004146057472098619
11,1073,16637,0.0004941743682138622
11,1074,16638,0.003304653335362673
11,1075,16639,0.0119753647595644
11,1076,16640,0.008563017472624779
11,1077,16641,0.0006025235052220523
11,1078,16642,0.00126044696662575
11,1079,16643,0.0004475467139855027
11,1080,16644,0.0012735535856336355
11,1081,16645,0.0008867855067364872
11,1082,16646,0.000563734385650605
11,1083,16647,0.023629577830433846
11,1084,16648,0.029357843101024628
11,1085,16649,0.00047464188537560403
11,1086,16650,0.003183063119649887
11,1087,16651,0.010517880320549011
11,1088,16652,0.008893238380551338
11,1089,16653,0.0007181689143180847
11,1090,16654,0.011380713433027267
11,1091,16655,0.014026597142219543
11,1092,16656,0.00047845346853137016
11,1093,16657,0.0015082508325576782
11,1094,16658,0.001404139562509954
11,1095,16659,0.0007848984096199274
11,1096,16660,0.007721809670329094
11,1097,16661,0.000582633656449616
11,1098,16662,0.00035492610186338425
11,1099,16663,0.002059896942228079
11,1100,16664,0.00034798189881257713
11,1101,16665,0.010102363303303719
11,1102,16666,0.0009386662277393043
11,1103,16667,0.0006179545889608562
11,1104,16668,0.0005999162676744163
11,1105,16669,0.00032764929346740246
11,1106,16670,0.00034389810753054917
11,1107,16671,0.002569003263488412
11,1108,16672,0.0023585830349475145
11,1109,16673,0.001473776064813137
11,1110,16674,0.00045468128519132733
11,1111,16675,0.0005121432477608323
11,1112,16676,0.0025498629547655582
11,1113,16677,0.0003993510326836258
11,1114,16678,0.0007257027900777757
11,1115,16679,0.0009657758055254817
11,1116,16680,0.0006075731944292784
11,1117,16681,0.00043734602513723075
11,1118,16682,0.010570863261818886
11,1119,16683,0.0003357046516612172
11,1120,16684,0.0007374550914391875
11,1121,16685,0.019393540918827057
11,1122,16686,0.0005023842677474022
11,1123,16687,0.0004896381287835538
11,1124,16688,0.00042396827484481037
11,1125,16689,0.0007182314293459058
11,1126,16690,0.009354651905596256
11,1127,16691,0.0002352664596401155
11,1128,16692,0.00038284549373202026
11,1129,16693,0.0005247056833468378
11,1130,16694,0.0063415104523301125
11,1131,16695,0.0009801480919122696
11,1132,16696,0.0020841278601437807
11,1133,16697,0.0003651886072475463
11,1134,16698,0.0008516451343894005
11,1135,16699,0.0003010882646776736
11,1136,16700,0.000555321981664747
11,1137,16701,0.00047385034849867225
11,1138,16702,0.0005509131588041782
11,1139,16703,0.0008665572968311608
11,1140,16704,0.0003798463731072843
11,1141,16705,0.008484404534101486
11,1142,16706,0.01045516598969698
11,1143,16707,0.000793000275734812
11,1144,16708,0.0004317272105254233
11,1145,16709,0.004875162150710821
11,1146,16710,0.0013022153871133924
11,1147,16711,0.001996489241719246
11,1148,16712,0.014791696332395077
11,1149,16713,0.020147431641817093
11,1150,16714,0.0004644577857106924
11,1151,16715,0.00045857313671149313
11,1152,16716,0.0009770645992830396
11,1153,16717,0.0009777358500286937
11,1154,16718,0.00041204530862160027
11,1155,16719,0.0008415908669121563
11,1156,16720,0.0026259846054017544
11,1157,16721,0.00034139264607802033
11,1158,16722,0.00031838734867051244
11,1159,16723,0.00010067340190289542
11,1160,16724,0.0017268331721425056
11,1161,16725,0.0064344750717282295
11,1162,16726,0.00030010033515281975
11,1163,16727,0.0005113434744998813
11,1164,16728,0.011370567604899406
11,1165,16729,0.00015469969366677105
11,1166,16730,0.0017204256728291512
11,1167,16731,0.0030526970513164997
11,1168,16732,0.000421331322286278
11,1169,16733,0.0005750535055994987
11,1170,16734,0.00046228201244957745
11,1171,16735,0.0004409468383528292
11,1172,16736,0.0005807878915220499
11,1173,16737,0.00028624964761547744
11,1174,16738,0.0004396952281240374
11,1175,16739,0.00026656355476006866
11,1176,16740,0.0007109463331289589
11,1177,16741,0.00627514161169529
11,1178,16742,0.0005927361780777574
11,1179,16743,0.00025202191318385303
11,1180,16744,0.0005707434029318392
11,1181,16745,0.007698009256273508
11,1182,16746,0.014254785142838955
11,1183,16747,0.0003813920193351805
11,1184,16748,0.06757336854934692
11,1185,16749,0.0009223317611031234
11,1186,16750,0.0008643959881737828
11,1187,16751,0.0002529096673242748
11,1188,16752,0.0006129301036708057
11,1189,16753,0.005188213661313057
11,1190,16754,0.0005868446314707398
11,1191,16755,0.012550238519906998
11,1192,16756,0.00028864905470982194
11,1193,16757,0.0008298786706291139
11,1194,16758,0.00024383916752412915
11,1195,16759,0.006786007899791002
11,1196,16760,0.0004909408162347972
11,1197,16761,0.005177001468837261
11,1198,16762,0.0005600668373517692
11,1199,16763,0.0010285938624292612
11,1200,16764,0.00039821217069402337
11,1201,16765,0.00011849793372675776
11,1202,16766,0.0017649998189881444
11,1203,16767,0.0002862626570276916
11,1204,16768,0.002354358322918415
11,1205,16769,0.01788478158414364
11,1206,16770,0.0009016268886625767
11,1207,16771,0.000501768256071955
11,1208,16772,0.00012960267486050725
11,1209,16773,0.0005322919460013509
11,1210,16774,0.0008858392830006778
11,1211,16775,0.0006989823305048048
11,1212,16776,0.0003414204402361065
11,1213,16777,0.00047788445954211056
11,1214,16778,0.0007292989757843316
11,1215,16779,0.008087326772511005
11,1216,16780,0.005566138308495283
11,1217,16781,0.00017065543215721846
11,1218,16782,0.0005834437324665487
11,1219,16783,0.00027215215959586203
11,1220,16784,0.0013784797629341483
11,1221,16785,0.0403587706387043
11,1222,16786,0.000980774755589664
11,1223,16787,0.008680102415382862
11,1224,16788,0.00590161420404911
11,1225,16789,0.0008959341212175786
11,1226,16790,0.0019375566625967622
11,1227,16791,0.00112403545062989
11,1228,16792,0.0017413367750123143
11,1229,16793,0.00046207342529669404
11,1230,16794,0.005519413389265537
11,1231,16795,0.0011215736158192158
11,1232,16796,0.0010900786146521568
11,1233,16797,0.003800701815634966
11,1234,16798,0.0004493547312449664
11,1235,16799,0.02228284440934658
11,1236,16800,0.000718475435860455
11,1237,16801,0.0003655090113170445
11,1238,16802,0.000512954662553966
11,1239,16803,0.026570726186037064
11,1240,16804,0.018954796716570854
11,1241,16805,0.00027611030964180827
11,1242,16806,0.0005596557166427374
11,1243,16807,0.0002668818924576044
11,1244,16808,0.0006751006585545838
11,1245,16809,0.0003528245142661035
11,1246,16810,0.01037454791367054
11,1247,16811,0.000451899686595425
11,1248,16812,0.0003838495467789471
11,1249,16813,0.01767677627503872
11,1250,16814,0.0004834342107642442
11,1251,16815,0.00041270817746408284
11,1252,16816,0.004789745435118675
11,1253,16817,0.02362128719687462
11,1254,16818,0.0005274353898130357
11,1255,16819,0.0029242215678095818
11,1256,16820,0.0026169251650571823
11,1257,16821,0.000301347958156839
11,1258,16822,0.0006387957255356014
11,1259,16823,0.0009902656311169267
11,1260,16824,0.010534215718507767
11,1261,16825,0.0017607298213988543
11,1262,16826,0.00033562746830284595
11,1263,16827,0.0010122682433575392
11,1264,16828,0.00026112108025699854
11,1265,16829,0.0013850464019924402
11,1266,16830,0.039960965514183044
11,1267,16831,0.00031560694333165884
11,1268,16832,0.0005244782078079879
11,1269,16833,0.0014085279544815421
11,1270,16834,0.0008933693752624094
11,1271,16835,0.00028394395485520363
11,1272,16836,0.0007965410477481782
11,1273,16837,0.0203049648553133
11,1274,16838,0.0004780061717610806
11,1275,16839,0.04433141276240349
11,1276,16840,0.0010239568073302507
11,1277,16841,0.0004968155408278108
11,1278,16842,0.00036465012817643583
11,1279,16843,0.026398787274956703
11,1280,16844,0.002020337386056781
11,1281,16845,0.0003595272428356111
11,1282,16846,0.00019851827528327703
11,1283,16847,0.0002513570070732385
11,1284,16848,0.00515354610979557
11,1285,16849,0.0010114979231730103
11,1286,16850,0.00024366923025809228
11,1287,16851,0.00253546005114913
11,1288,16852,0.00013232389756012708
11,1289,16853,0.0004965934786014259
11,1290,16854,0.0005682549090124667
11,1291,16855,0.0002467197773512453
11,1292,16856,0.0019765407778322697
11,1293,16857,0.0016680564731359482
11,1294,16858,0.0007607899024151266
11,1295,16859,0.0009705867269076407
11,1296,16860,0.0006093725096434355
11,1297,16861,0.0006097254808992147
11,1298,16862,0.0038264391478151083
11,1299,16863,0.006079075857996941
11,1300,16864,0.0013864333741366863
11,1301,16865,0.005674504209309816
11,1302,16866,0.011921245604753494
11,1303,16867,0.002408957574516535
11,1304,16868,0.0009614965529181063
11,1305,16869,0.0006514802225865424
11,1306,16870,0.0032344756182283163
11,1307,16871,0.000992372166365385
11,1308,16872,0.00044706134940497577
11,1309,16873,0.003439421998336911
11,1310,16874,0.000322201318340376
11,1311,16875,0.026975592598319054
11,1312,16876,0.0023412492591887712
11,1313,16877,0.0022885676007717848
11,1314,16878,0.0019868200179189444
11,1315,16879,0.028363162651658058
11,1316,16880,0.000838281586766243
11,1317,16881,0.004129203036427498
11,1318,16882,0.001395230763591826
11,1319,16883,0.0012328409356996417
11,1320,16884,0.002226712182164192
11,1321,16885,0.00023418829368893057
11,1322,16886,0.000871438009198755
11,1323,16887,0.011806358583271503
11,1324,16888,0.00039615685818716884
11,1325,16889,0.010685269720852375
11,1326,16890,0.005582652520388365
11,1327,16891,0.0004706499457824975
11,1328,16892,0.0004127912106923759
11,1329,16893,0.0010543015087023377
11,1330,16894,0.00038353397394530475
11,1331,16895,0.0005759532796218991
11,1332,16896,0.0003227874112781137
11,1333,16897,0.0011902691330760717
11,1334,16898,0.002313119126483798
11,1335,16899,0.0006924255867488682
11,1336,16900,0.0007602145778946579
11,1337,16901,0.0009352444321848452
11,1338,16902,0.0309025626629591
11,1339,16903,0.0008964723674580455
11,1340,16904,0.0002770344144664705
11,1341,16905,0.00044149899622425437
11,1342,16906,0.0006146737141534686
11,1343,16907,0.0009344951831735671
11,1344,16908,0.004679457284510136
11,1345,16909,0.0019266465678811073
11,1346,16910,0.003190769348293543
11,1347,16911,0.0017391926376149058
11,1348,16912,0.036339934915304184
11,1349,16913,0.000323553045745939
11,1350,16914,0.00045835564378648996
11,1351,16915,0.0007282295264303684
11,1352,16916,0.006547067780047655
11,1353,16917,0.007597149349749088
11,1354,16918,0.0006202218937687576
11,1355,16919,0.0007537459605373442
11,1356,16920,0.00027045587194152176
11,1357,16921,0.0006160058546811342
11,1358,16922,0.0009094951092265546
11,1359,16923,0.0006689614965580404
11,1360,16924,0.008666298352181911
11,1361,16925,0.025654947385191917
11,1362,16926,0.0023103435523808002
11,1363,16927,0.0005287702661007643
11,1364,16928,0.0007621791446581483
11,1365,16929,0.04963991791009903
11,1366,16930,0.0019312109798192978
11,1367,16931,0.004029449541121721
11,1368,16932,0.0006624782108701766
11,1369,16933,0.0009832213399931788
11,1370,16934,0.0024462088476866484
11,1371,16935,0.00043540113256312907
11,1372,16936,0.0005250442191027105
11,1373,16937,0.019423646852374077
11,1374,16938,0.0003078121808357537
11,1375,16939,0.0013819317100569606
11,1376,16940,0.0008011599420569837
11,1377,16941,0.00038323388434946537
11,1378,16942,0.0009110210812650621
11,1379,16943,0.03434843197464943
11,1380,16944,0.008877994492650032
11,1381,16945,0.0018108707154169679
11,1382,16946,0.0021539023146033287
11,1383,16947,0.0012794749345630407
11,1384,16948,0.0008561876602470875
11,1385,16949,0.00030062496080063283
11,1386,16950,0.0006384929874911904
11,1387,16951,0.0003128531388938427
11,1388,16952,0.002785263117402792
11,1389,16953,0.0004538437642622739
11,1390,16954,0.0006485022604465485
11,1391,16955,0.0010627361480146646
11,1392,16956,0.0015594200231134892
11,1393,16957,0.0026510688476264477
11,1394,16958,0.0007604492129758
11,1395,16959,0.0013345264596864581
11,1396,16960,0.0010554707841947675
11,1397,16961,0.017840178683400154
11,1398,16962,0.0006162524805404246
11,1399,16963,0.0007806415087543428
11,1400,16964,0.003093960927799344
11,1401,16965,0.001271410146728158
11,1402,16966,0.01023938599973917
11,1403,16967,0.003538257209584117
11,1404,16968,0.0004895402234978974
11,1405,16969,0.012150134891271591
11,1406,16970,0.0003246429841965437
11,1407,16971,0.0007963386597111821
11,1408,16972,0.00010195354843745008
11,1409,16973,0.00033639976754784584
11,1410,16974,0.0007492464501410723
11,1411,16975,0.0006117881275713444
11,1412,16976,0.0008029641467146575
11,1413,16977,0.0009986325167119503
11,1414,16978,0.0006688072462566197
11,1415,16979,0.08143847435712814
12,1,16980,0.008437014184892178
12,2,16981,0.0008467150619253516
12,3,16982,0.0007311113295145333
12,4,16983,0.001118020387366414
12,5,16984,0.009541131556034088
12,6,16985,0.0006409395136870444
12,7,16986,0.004193264525383711
12,8,16987,0.0012650429271161556
12,9,16988,0.0053509920835494995
12,10,16989,0.004731116816401482
12,11,16990,0.0010002836352214217
12,12,16991,0.0071141691878438
12,13,16992,0.004393899813294411
12,14,16993,0.0010768687352538109
12,15,16994,0.0010416420409455895
12,16,16995,0.0003694141050800681
12,17,16996,0.0015894458629190922
12,18,16997,0.00060943269636482
12,19,16998,0.00037208024878054857
12,20,16999,0.0008590038632974029
12,21,17000,0.0006071670213714242
12,22,17001,0.000976841663941741
12,23,17002,0.0007455155136995018
12,24,17003,0.0023817045148462057
12,25,17004,0.0012325956486165524
12,26,17005,0.001560702919960022
12,27,17006,0.0007661762065254152
12,28,17007,0.0012470107758417726
12,29,17008,0.0010067789116874337
12,30,17009,0.0009003482409752905
12,31,17010,0.000627741392236203
12,32,17011,0.00029423562227748334
12,33,17012,0.0005091424682177603
12,34,17013,0.0005582211306318641
12,35,17014,0.00020997124374844134
12,36,17015,0.034978896379470825
12,37,17016,0.0004234783409629017
12,38,17017,0.0003452385135460645
12,39,17018,0.003765361849218607
12,40,17019,0.0004377986479084939
12,41,17020,0.0008637967985123396
12,42,17021,0.00047999719390645623
12,43,17022,0.0003670975856948644
12,44,17023,0.00116379011888057
12,45,17024,0.00020083258277736604
12,46,17025,0.0008197924471460283
12,47,17026,0.001468998147174716
12,48,17027,0.0005537563702091575
12,49,17028,0.0007738496060483158
12,50,17029,0.026650311425328255
12,51,17030,0.0020350911654531956
12,52,17031,0.0006641417858190835
12,53,17032,0.0006465677870437503
12,54,17033,0.0006848738412372768
12,55,17034,0.0005742909852415323
12,56,17035,0.001354563981294632
12,57,17036,0.0018144784262403846
12,58,17037,0.0005272453418001533
12,59,17038,0.0005957004032097757
12,60,17039,0.00047900498611852527
12,61,17040,0.0005330570857040584
12,62,17041,0.0010623163543641567
12,63,17042,0.0019360288279131055
12,64,17043,0.004349659197032452
12,65,17044,0.0005398716311901808
12,66,17045,0.0006041540182195604
12,67,17046,0.0002917885722126812
12,68,17047,0.0005080798291601241
12,69,17048,0.0006049590883776546
12,70,17049,0.0008738886681385338
12,71,17050,0.0005930230836383998
12,72,17051,0.000514291285071522
12,73,17052,0.0004289327480364591
12,74,17053,0.0007402130286209285
12,75,17054,0.0009277433273382485
12,76,17055,0.006208562292158604
12,77,17056,0.0016542533412575722
12,78,17057,0.0005890128086321056
12,79,17058,0.0008236076682806015
12,80,17059,0.0006539382156915963
12,81,17060,0.002751057269051671
12,82,17061,0.0006827552570030093
12,83,17062,0.0012481983285397291
12,84,17063,0.0014477652730420232
12,85,17064,0.0003050515369977802
12,86,17065,0.001103668473660946
12,87,17066,0.00040060715400613844
12,88,17067,0.0003512890252750367
12,89,17068,0.0007199423853307962
12,90,17069,0.0003374590596649796
12,91,17070,0.00035878585185855627
12,92,17071,0.0017253553960472345
12,93,17072,0.00023098415113054216
12,94,17073,0.002331339754164219
12,95,17074,0.00032480721711181104
12,96,17075,0.00028511215350590646
12,97,17076,0.00036156235728412867
12,98,17077,0.00042490559280849993
12,99,17078,0.0002270921104354784
12,100,17079,0.00029665036709047854
12,101,17080,0.002976018935441971
12,102,17081,0.0006292017642408609
12,103,17082,0.021146142855286598
12,104,17083,0.0003902143216691911
12,105,17084,0.0005233310512267053
12,106,17085,0.0006018559215590358
12,107,17086,0.0003883509780280292
12,108,17087,0.013025086373090744
12,109,17088,0.0004030491109006107
12,110,17089,0.0049202172085642815
12,111,17090,0.00034823972964659333
12,112,17091,0.00034431525273248553
12,113,17092,0.0013813095865771174
12,114,17093,0.00047636908129788935
12,115,17094,0.00047113795881159604
12,116,17095,0.0003411830693949014
12,117,17096,7.933798769954592e-05
12,118,17097,0.0004476882459130138
12,119,17098,0.0004904476809315383
12,120,17099,0.0002812183229252696
12,121,17100,0.00014733520220033824
12,122,17101,0.0016036893939599395
12,123,17102,0.0003297225630376488
12,124,17103,0.009078165516257286
12,125,17104,0.027856912463903427
12,126,17105,0.000378781056497246
12,127,17106,0.0003254300099797547
12,128,17107,0.0001892466825665906
12,129,17108,0.0003361435665283352
12,130,17109,0.0018574638525024056
12,131,17110,0.0002779802307486534
12,132,17111,0.001006836537271738
12,133,17112,0.00026161843561567366
12,134,17113,0.0007437767344526947
12,135,17114,0.00040397088741883636
12,136,17115,0.0005046659498475492
12,137,17116,0.03230024501681328
12,138,17117,0.0005427463329397142
12,139,17118,0.0002807001874316484
12,140,17119,0.0004680784186348319
12,141,17120,0.00044156902004033327
12,142,17121,0.0004351481038611382
12,143,17122,0.00037700458778999746
12,144,17123,0.0003344884025864303
12,145,17124,0.000769132690038532
12,146,17125,0.0012940451269969344
12,147,17126,0.0009335429058410227
12,148,17127,0.00047055084723979235
12,149,17128,0.005275201052427292
12,150,17129,0.011056913062930107
12,151,17130,0.0034972159191966057
12,152,17131,0.0004566950665321201
12,153,17132,0.000588387600146234
12,154,17133,0.0019487732788547873
12,155,17134,0.00036700835335068405
12,156,17135,0.00041394768049940467
12,157,17136,0.0006007245392538607
12,158,17137,0.0004236238310113549
12,159,17138,0.002965832594782114
12,160,17139,0.0004532946622930467
12,161,17140,0.0015204678056761622
12,162,17141,0.00028357323026284575
12,163,17142,0.0005292153218761086
12,164,17143,0.0004345490597188473
12,165,17144,0.0003723338304553181
12,166,17145,0.00036727223778143525
12,167,17146,0.0032986607402563095
12,168,17147,0.0003999132022727281
12,169,17148,0.007744934875518084
12,170,17149,0.0004957875935360789
12,171,17150,0.006032948847860098
12,172,17151,0.00024415296502411366
12,173,17152,0.0004719694552477449
12,174,17153,0.00028672325424849987
12,175,17154,0.00028964958619326353
12,176,17155,0.0018867698963731527
12,177,17156,0.0008501778938807547
12,178,17157,0.00024328636936843395
12,179,17158,0.0008929033065214753
12,180,17159,0.00032020281651057303
12,181,17160,0.00048260128824040294
12,182,17161,0.0003147450916003436
12,183,17162,0.0013569521252065897
12,184,17163,0.00014491684851236641
12,185,17164,0.00036783007089979947
12,186,17165,0.0004925926914438605
12,187,17166,0.0004952980089001358
12,188,17167,0.0004248509358149022
12,189,17168,0.001140889129601419
12,190,17169,0.016357343643903732
12,191,17170,0.0007070214487612247
12,192,17171,0.0003099037567153573
12,193,17172,0.0005216150893829763
12,194,17173,0.0003487258800305426
12,195,17174,0.00063857133500278
12,196,17175,0.00026497061480768025
12,197,17176,0.00024778826627880335
12,198,17177,0.0004203268326818943
12,199,17178,0.0005691269761882722
12,200,17179,0.0004179335664957762
12,201,17180,0.0005330501589924097
12,202,17181,0.0008452538750134408
12,203,17182,0.000167096484801732
12,204,17183,0.0005306639359332621
12,205,17184,0.00038116550422273576
12,206,17185,0.00038395755109377205
12,207,17186,0.00032040115911513567
12,208,17187,0.0003707709547597915
12,209,17188,0.00040613359306007624
12,210,17189,0.0004293376114219427
12,211,17190,0.00019955702009610832
12,212,17191,0.0006972113624215126
12,213,17192,0.0005744246300309896
12,214,17193,0.0012973127886652946
12,215,17194,0.00021545219351537526
12,216,17195,0.001912384293973446
12,217,17196,0.0019515426829457283
12,218,17197,0.00047621785779483616
12,219,17198,0.0002801395021378994
12,220,17199,0.0005848071887157857
12,221,17200,0.0007176085491664708
12,222,17201,0.0002212804974988103
12,223,17202,0.0006438774289563298
12,224,17203,0.00024100596783682704
12,225,17204,0.0001428157847840339
12,226,17205,0.00020962744019925594
12,227,17206,0.00031100609339773655
12,228,17207,0.00029321949114091694
12,229,17208,0.00023832445731386542
12,230,17209,0.00049890874652192
12,231,17210,0.0002213966945419088
12,232,17211,0.0023313849233090878
12,233,17212,0.00045382563257589936
12,234,17213,0.0001569629239384085
12,235,17214,0.00040118637843988836
12,236,17215,0.000530960620380938
12,237,17216,0.0024612213019281626
12,238,17217,0.0004476796311791986
12,239,17218,0.00034978220355696976
12,240,17219,0.00020297305309213698
12,241,17220,0.0005301778437569737
12,242,17221,0.00409614946693182
12,243,17222,0.005203746259212494
12,244,17223,0.0001120122178690508
12,245,17224,0.00022185887792147696
12,246,17225,0.00019110686844214797
12,247,17226,0.0003838511183857918
12,248,17227,0.00038312163087539375
12,249,17228,0.00040849673678167164
12,250,17229,0.0005743481451645494
12,251,17230,0.0012928748037666082
12,252,17231,0.0001761603489285335
12,253,17232,0.00026800643536262214
12,254,17233,0.0004188753373455256
12,255,17234,0.00028396316338330507
12,256,17235,0.001154750818386674
12,257,17236,0.0002805687254294753
12,258,17237,0.0003739815147127956
12,259,17238,0.0005390357109718025
12,260,17239,9.348917956231162e-05
12,261,17240,0.0013027110835537314
12,262,17241,0.00043359590927138925
12,263,17242,0.00026117052766494453
12,264,17243,0.0003739178937394172
12,265,17244,0.003004783298820257
12,266,17245,0.0003606463724281639
12,267,17246,0.00022491255367640406
12,268,17247,0.000665590981952846
12,269,17248,0.00040022440953180194
12,270,17249,0.0019105334067717195
12,271,17250,0.0003575255104806274
12,272,17251,0.0002752226428128779
12,273,17252,0.00043051931424997747
12,274,17253,0.00025090077542699873
12,275,17254,0.0008011435274966061
12,276,17255,0.00018768942391034216
12,277,17256,0.0013947280822321773
12,278,17257,0.00020987336756661534
12,279,17258,0.0004001330235041678
12,280,17259,0.0036466161254793406
12,281,17260,0.0034120730124413967
12,282,17261,0.0005808735731989145
12,283,17262,0.00026067846920341253
12,284,17263,0.002177128102630377
12,285,17264,0.00032010700670070946
12,286,17265,0.0002960455894935876
12,287,17266,0.0006546429940499365
12,288,17267,0.0003312730696052313
12,289,17268,0.0004221163399051875
12,290,17269,0.004755363799631596
12,291,17270,0.00023370138660538942
12,292,17271,0.00035035950713790953
12,293,17272,0.00040328779141418636
12,294,17273,0.00013458692410495132
12,295,17274,0.001404911046847701
12,296,17275,0.0007897436735220253
12,297,17276,0.00027009123004972935
12,298,17277,0.0002459252718836069
12,299,17278,0.0004483026859816164
12,300,17279,0.00018569717940408736
12,301,17280,0.00025694133364595473
12,302,17281,0.00031949873664416373
12,303,17282,0.00035019504139199853
12,304,17283,0.0003188333648722619
12,305,17284,0.0004188436723779887
12,306,17285,0.00031240753014571965
12,307,17286,0.0033276299946010113
12,308,17287,0.00048177017015405
12,309,17288,0.0003951461403630674
12,310,17289,0.00010177809599554166
12,311,17290,0.00036461360286921263
12,312,17291,0.0038650347851216793
12,313,17292,0.00017240468878298998
12,314,17293,0.0004049800627399236
12,315,17294,0.0003638474445324391
12,316,17295,0.00020121865964028984
12,317,17296,0.00019605454872362316
12,318,17297,0.0003747477603610605
12,319,17298,8.513722423231229e-05
12,320,17299,0.0003109952958766371
12,321,17300,0.0004009440017398447
12,322,17301,0.00028034765273332596
12,323,17302,0.00020324555225670338
12,324,17303,0.008167660795152187
12,325,17304,0.0019376528216525912
12,326,17305,0.00027265454991720617
12,327,17306,9.585756924934685e-05
12,328,17307,0.04285427927970886
12,329,17308,0.0007234851946122944
12,330,17309,0.0008440854726359248
12,331,17310,0.00031535810558125377
12,332,17311,0.000558243365958333
12,333,17312,0.0005501270643435419
12,334,17313,0.00030913279624655843
12,335,17314,0.0007233356591314077
12,336,17315,0.00023634971876163036
12,337,17316,0.0010417553130537271
12,338,17317,0.0006591794663108885
12,339,17318,0.0004317887360230088
12,340,17319,0.00032862822990864515
12,341,17320,0.0005787055706605315
12,342,17321,0.00051042006816715
12,343,17322,0.0002741599455475807
12,344,17323,0.0005419046501629055
12,345,17324,0.0009068052750080824
12,346,17325,0.00034956345916725695
12,347,17326,0.0023604282177984715
12,348,17327,0.0075138467364013195
12,349,17328,0.0006386388558894396
12,350,17329,0.000323706743074581
12,351,17330,0.0004577684449031949
12,352,17331,0.0010652805212885141
12,353,17332,0.0003480068116914481
12,354,17333,0.000910211936570704
12,355,17334,0.00023436367337126285
12,356,17335,0.0019784695468842983
12,357,17336,0.0002384537656325847
12,358,17337,0.0007694900268688798
12,359,17338,0.00018168542010243982
12,360,17339,0.0004824268107768148
12,361,17340,0.0006507197394967079
12,362,17341,0.06731532514095306
12,363,17342,0.00042339941137470305
12,364,17343,0.0003623095399234444
12,365,17344,0.00045152020175009966
12,366,17345,0.002017880091443658
12,367,17346,0.0014944684226065874
12,368,17347,0.0005021978868171573
12,369,17348,0.0025406526401638985
12,370,17349,0.003375006839632988
12,371,17350,0.0003095824213232845
12,372,17351,0.0006664901156909764
12,373,17352,0.003315684385597706
12,374,17353,0.023234548047184944
12,375,17354,0.0003863763704430312
12,376,17355,0.0010092755546793342
12,377,17356,0.0014270901447162032
12,378,17357,0.0014019131194800138
12,379,17358,0.0008433525217697024
12,380,17359,0.0010456405580043793
12,381,17360,0.0008637806167826056
12,382,17361,0.0003958071756642312
12,383,17362,0.0006108552333898842
12,384,17363,0.0003844390739686787
12,385,17364,0.005978744011372328
12,386,17365,0.0006785825244151056
12,387,17366,0.016261814162135124
12,388,17367,0.00719113927334547
12,389,17368,0.0005113451043143868
12,390,17369,0.00030866640736348927
12,391,17370,0.0005557129625231028
12,392,17371,0.0002908232854679227
12,393,17372,0.0011167762568220496
12,394,17373,0.0005915940855629742
12,395,17374,0.0017186686163768172
12,396,17375,0.0005339969648048282
12,397,17376,0.0067422096617519855
12,398,17377,0.0004528985300567001
12,399,17378,0.0011135732056573033
12,400,17379,0.046610623598098755
12,401,17380,0.0002208565711043775
12,402,17381,0.0003237239725422114
12,403,17382,0.0002469895116519183
12,404,17383,0.0005883897538296878
12,405,17384,0.00038071145536378026
12,406,17385,0.0009021935402415693
12,407,17386,0.0006656164187006652
12,408,17387,0.0022879308089613914
12,409,17388,0.0004933601594530046
12,410,17389,0.0014291497645899653
12,411,17390,0.00064811174524948
12,412,17391,0.0031169061549007893
12,413,17392,0.0005123722949065268
12,414,17393,0.010764473117887974
12,415,17394,0.001055533648468554
12,416,17395,0.0006256769993342459
12,417,17396,0.0002201403258368373
12,418,17397,0.0025890155229717493
12,419,17398,0.0002883816778194159
12,420,17399,0.0006740353419445455
12,421,17400,0.000535038358066231
12,422,17401,0.0017252054531127214
12,423,17402,0.0003784912114497274
12,424,17403,0.0005753998993895948
12,425,17404,0.007396332453936338
12,426,17405,0.0024987871292978525
12,427,17406,0.0008631281089037657
12,428,17407,0.0002231074613519013
12,429,17408,0.019466515630483627
12,430,17409,0.001445238827727735
12,431,17410,0.0005149183562025428
12,432,17411,0.0004959798534400761
12,433,17412,0.0003593147557694465
12,434,17413,0.000148870560224168
12,435,17414,0.0006019347929395735
12,436,17415,0.003387222997844219
12,437,17416,0.0003178106853738427
12,438,17417,0.0014236532151699066
12,439,17418,0.00021860748529434204
12,440,17419,0.040321558713912964
12,441,17420,0.0003677528293337673
12,442,17421,0.009438143111765385
12,443,17422,0.003869597800076008
12,444,17423,0.00039929093327373266
12,445,17424,0.0009414928499609232
12,446,17425,0.0003993575519416481
12,447,17426,0.00216791988350451
12,448,17427,0.000327815767377615
12,449,17428,0.0006749816238880157
12,450,17429,0.0005794877652078867
12,451,17430,0.0005486761219799519
12,452,17431,0.0010607863077893853
12,453,17432,0.031128937378525734
12,454,17433,0.0019174915505573153
12,455,17434,0.00046604842646047473
12,456,17435,0.0028253349009901285
12,457,17436,0.0004959754296578467
12,458,17437,0.00036353018367663026
12,459,17438,0.05567469820380211
12,460,17439,0.001223186613060534
12,461,17440,0.00025892225676216185
12,462,17441,0.02349156327545643
12,463,17442,0.0008102959836833179
12,464,17443,0.00042867742013186216
12,465,17444,0.0007476911414414644
12,466,17445,0.0008564210729673505
12,467,17446,0.00024912800290621817
12,468,17447,0.0004383041523396969
12,469,17448,0.0005897266091778874
12,470,17449,0.0001331030362052843
12,471,17450,0.00048658333253115416
12,472,17451,0.005678649991750717
12,473,17452,0.0006054661935195327
12,474,17453,0.0002726123493630439
12,475,17454,0.0003213922609575093
12,476,17455,0.00047164663556031883
12,477,17456,0.00022210839961189777
12,478,17457,0.00047785043716430664
12,479,17458,0.00014336625463329256
12,480,17459,0.0005595209077000618
12,481,17460,0.00038252296508289874
12,482,17461,0.0005073209758847952
12,483,17462,0.0007356337155215442
12,484,17463,0.0005783692467957735
12,485,17464,0.0004421929770614952
12,486,17465,0.0050587826408445835
12,487,17466,0.0006527150981128216
12,488,17467,0.0008741344208829105
12,489,17468,0.002573785139247775
12,490,17469,0.0006813165382482111
12,491,17470,0.00013596215285360813
12,492,17471,0.0010803795885294676
12,493,17472,0.0005393685423769057
12,494,17473,0.0368475541472435
12,495,17474,0.0002538053668104112
12,496,17475,0.0017473233165219426
12,497,17476,0.0005638350266963243
12,498,17477,0.00039810757152736187
12,499,17478,0.0005310388514772058
12,500,17479,0.0007431647973135114
12,501,17480,0.00031654725898988545
12,502,17481,0.01836439222097397
12,503,17482,0.001008107210509479
12,504,17483,0.0009222117951139808
12,505,17484,0.001370878191664815
12,506,17485,0.00031242662225849926
12,507,17486,0.0005248418892733753
12,508,17487,0.0002759078342933208
12,509,17488,0.0005491033080033958
12,510,17489,0.022377541288733482
12,511,17490,0.00041804020293056965
12,512,17491,0.0007441993802785873
12,513,17492,0.00030878421966917813
12,514,17493,0.0035041498485952616
12,515,17494,0.000359235389623791
12,516,17495,0.0003014427493326366
12,517,17496,0.008472775109112263
12,518,17497,0.00043122912757098675
12,519,17498,0.0003156062448397279
12,520,17499,0.00044368827366270125
12,521,17500,0.0001733545068418607
12,522,17501,0.00020510399190243334
12,523,17502,0.000599886872805655
12,524,17503,0.0014019240625202656
12,525,17504,0.0005694875144399703
12,526,17505,0.0023349670227617025
12,527,17506,0.00043418651330284774
12,528,17507,0.000746548583265394
12,529,17508,0.002165579004213214
12,530,17509,0.000411585031542927
12,531,17510,0.0003169675765093416
12,532,17511,0.0006997291347943246
12,533,17512,0.00039102291339077055
12,534,17513,0.00012484377657528967
12,535,17514,0.007926777005195618
12,536,17515,0.004582902416586876
12,537,17516,0.00036686629755422473
12,538,17517,0.02251538634300232
12,539,17518,0.0002133753296220675
12,540,17519,0.00036437055678106844
12,541,17520,0.00046194266178645194
12,542,17521,0.0004260647692717612
12,543,17522,0.0004225264419801533
12,544,17523,0.022469963878393173
12,545,17524,0.0006717123324051499
12,546,17525,0.00017273645789828151
12,547,17526,0.0005032271146774292
12,548,17527,0.0014088853495195508
12,549,17528,0.00047104639816097915
12,550,17529,0.018214594572782516
12,551,17530,0.0006712601752951741
12,552,17531,0.0006364106084220111
12,553,17532,0.0026829687412828207
12,554,17533,0.0004005430091638118
12,555,17534,0.0018721638480201364
12,556,17535,0.0003236244956497103
12,557,17536,0.0005038257222622633
12,558,17537,0.00011131944484077394
12,559,17538,0.0001828813401516527
12,560,17539,0.002623853040859103
12,561,17540,0.0003760116524063051
12,562,17541,0.0003895212721545249
12,563,17542,0.004892472177743912
12,564,17543,0.017462415620684624
12,565,17544,0.00048207506188191473
12,566,17545,0.0004876535094808787
12,567,17546,0.00038843145011924207
12,568,17547,0.00019831545068882406
12,569,17548,0.000252854690188542
12,570,17549,0.0006808513426221907
12,571,17550,0.0007153559126891196
12,572,17551,0.002573002129793167
12,573,17552,0.00047956081107258797
12,574,17553,0.0004926341352984309
12,575,17554,0.0006264838157221675
12,576,17555,0.000388419721275568
12,577,17556,0.00023406145919580013
12,578,17557,0.00028279967955313623
12,579,17558,0.0035386544186621904
12,580,17559,0.00018433426157571375
12,581,17560,0.0004547685675788671
12,582,17561,0.00023209865321405232
12,583,17562,0.00014338131586555392
12,584,17563,0.0005884422571398318
12,585,17564,0.026876429095864296
12,586,17565,0.00044785343925468624
12,587,17566,0.0002095324161928147
12,588,17567,0.001071176491677761
12,589,17568,0.00040795764653012156
12,590,17569,0.0002067842724500224
12,591,17570,0.00032488410943187773
12,592,17571,0.0003418450360186398
12,593,17572,0.0010604633716866374
12,594,17573,0.06570547074079514
12,595,17574,0.00025704133440740407
12,596,17575,0.004758970811963081
12,597,17576,0.00020440600928850472
12,598,17577,0.00014071710756979883
12,599,17578,0.0005867938161827624
12,600,17579,0.0003826441243290901
12,601,17580,0.0006637813639827073
12,602,17581,0.00025051835109479725
12,603,17582,0.0014840635703876615
12,604,17583,0.00025141029618680477
12,605,17584,0.002367696724832058
12,606,17585,0.00028031208785250783
12,607,17586,0.00039503956213593483
12,608,17587,0.0003470302908681333
12,609,17588,0.00023210512881632894
12,610,17589,0.00022774860553909093
12,611,17590,0.0008834305917844176
12,612,17591,0.001008442253805697
12,613,17592,0.0008830490405671299
12,614,17593,0.00027554933330975473
12,615,17594,0.0004901286447420716
12,616,17595,0.0003867992199957371
12,617,17596,0.002548598451539874
12,618,17597,0.0012942280154675245
12,619,17598,0.001860167132690549
12,620,17599,0.0010513248853385448
12,621,17600,0.0007194852805696428
12,622,17601,0.0004047111433465034
12,623,17602,0.0002048387104878202
12,624,17603,0.03366871178150177
12,625,17604,0.0033309804275631905
12,626,17605,0.0003762231790460646
12,627,17606,0.0053872521966695786
12,628,17607,0.00035122872213833034
12,629,17608,0.001174243283458054
12,630,17609,0.0006976690492592752
12,631,17610,0.0008163470774888992
12,632,17611,0.003595783608034253
12,633,17612,0.0006422215956263244
12,634,17613,0.006269681733101606
12,635,17614,0.046700917184352875
12,636,17615,0.0016781915910542011
12,637,17616,0.000644297047983855
12,638,17617,0.011551039293408394
12,639,17618,0.0023121219128370285
12,640,17619,0.08299683034420013
12,641,17620,0.03398255631327629
12,642,17621,0.004100761841982603
12,643,17622,0.003917214460670948
12,644,17623,0.0022118573542684317
12,645,17624,0.011398795060813427
12,646,17625,0.0007652869098819792
12,647,17626,0.003232278162613511
12,648,17627,0.0013244184665381908
12,649,17628,0.001978133572265506
12,650,17629,0.001735931378789246
12,651,17630,0.0016093113226816058
12,652,17631,0.0020037302747368813
12,653,17632,0.001406638533808291
12,654,17633,0.0006704701809212565
12,655,17634,0.0023908494040369987
12,656,17635,0.0007668874459341168
12,657,17636,0.003324952209368348
12,658,17637,0.008882506750524044
12,659,17638,0.000749815022572875
12,660,17639,0.0007276270189322531
12,661,17640,0.010998908430337906
12,662,17641,0.0027446970343589783
12,663,17642,0.001751805073581636
12,664,17643,0.0005328159895725548
12,665,17644,0.0005146563635207713
12,666,17645,0.0004264085437171161
12,667,17646,0.00022713291400577873
12,668,17647,0.0004446286184247583
12,669,17648,0.0011562041472643614
12,670,17649,0.0012791143963113427
12,671,17650,0.0002744080557022244
12,672,17651,0.001225225511007011
12,673,17652,0.00106521463021636
12,674,17653,0.00011380436626495793
12,675,17654,0.0006063600885681808
12,676,17655,0.0007860520854592323
12,677,17656,0.0005740688065998256
12,678,17657,0.0004111745802219957
12,679,17658,0.015374414622783661
12,680,17659,0.0005360463401302695
12,681,17660,0.00029992914642207325
12,682,17661,0.0028257621452212334
12,683,17662,0.0002744433586485684
12,684,17663,0.000707261438947171
12,685,17664,0.0005004047998227179
12,686,17665,0.0004871342971455306
12,687,17666,0.00038784786011092365
12,688,17667,0.00027669203700497746
12,689,17668,0.000243441725615412
12,690,17669,0.00030644488288089633
12,691,17670,0.00023170757049228996
12,692,17671,0.0004153320915065706
12,693,17672,0.0003105720388703048
12,694,17673,0.0003545537474565208
12,695,17674,0.0017344767693430185
12,696,17675,0.00031331987702287734
12,697,17676,0.0013321037404239178
12,698,17677,0.0006404028972610831
12,699,17678,0.0004588548035826534
12,700,17679,0.0002500959672033787
12,701,17680,0.0011301067424938083
12,702,17681,0.00036085155443288386
12,703,17682,0.005442611873149872
12,704,17683,0.0004369071393739432
12,705,17684,0.00010820122406585142
12,706,17685,0.0005716809537261724
12,707,17686,0.00041178177343681455
12,708,17687,0.0005799939972348511
12,709,17688,0.0004526798438746482
12,710,17689,0.00019735979731194675
12,711,17690,0.00037971793790347874
12,712,17691,0.0004261049907654524
12,713,17692,0.00020808778936043382
12,714,17693,0.00043374201050028205
12,715,17694,0.0002641803293954581
12,716,17695,0.0009299654047936201
12,717,17696,0.00025403365725651383
12,718,17697,0.00032052237656898797
12,719,17698,0.0004850618715863675
12,720,17699,0.0003265271079726517
12,721,17700,0.004287706688046455
12,722,17701,0.0002735686721280217
12,723,17702,0.00044961273670196533
12,724,17703,0.0005432861507870257
12,725,17704,0.000283686415059492
12,726,17705,0.00020866664999630302
12,727,17706,0.0006142788915894926
12,728,17707,0.0003654982428997755
12,729,17708,0.041052836924791336
12,730,17709,0.00020936111104674637
12,731,17710,0.00016808864893391728
12,732,17711,0.00018540378368925303
12,733,17712,0.00010666353045962751
12,734,17713,0.0011413873871788383
12,735,17714,0.0005725623341277242
12,736,17715,0.01657949574291706
12,737,17716,0.00011914593051187694
12,738,17717,0.0006709873559884727
12,739,17718,0.0002806177653837949
12,740,17719,0.004318756517022848
12,741,17720,0.00016245573351625353
12,742,17721,0.002392570022493601
12,743,17722,0.0008238629088737071
12,744,17723,0.001943587907589972
12,745,17724,9.803065040614456e-05
12,746,17725,0.0041136788204312325
12,747,17726,0.0007444527582265437
12,748,17727,0.014149308204650879
12,749,17728,0.00029549311148002744
12,750,17729,0.0012472629314288497
12,751,17730,0.000290580908767879
12,752,17731,0.0004697182448580861
12,753,17732,0.001098325476050377
12,754,17733,0.016590476036071777
12,755,17734,0.000517192529514432
12,756,17735,0.0017284189816564322
12,757,17736,0.001569056767039001
12,758,17737,0.0006973990239202976
12,759,17738,0.0014129437040537596
12,760,17739,0.0005127387121319771
12,761,17740,0.00041975779458880424
12,762,17741,0.0011108817998319864
12,763,17742,0.000280362437479198
12,764,17743,0.0014775701565667987
12,765,17744,0.0011300345649942756
12,766,17745,0.00036468307371251285
12,767,17746,0.00033891061320900917
12,768,17747,0.003765433793887496
12,769,17748,0.0012779756216332316
12,770,17749,0.0007708639022894204
12,771,17750,0.0009665479301474988
12,772,17751,0.010067353956401348
12,773,17752,0.0007280618301592767
12,774,17753,0.0005104121519252658
12,775,17754,0.0004120098310522735
12,776,17755,0.000522628310136497
12,777,17756,0.00016391011013183743
12,778,17757,0.004492644220590591
12,779,17758,0.0005412675091065466
12,780,17759,0.0023466981947422028
12,781,17760,0.0003611627616919577
12,782,17761,0.0004137801588512957
12,783,17762,0.0010347769130021334
12,784,17763,0.00319317146204412
12,785,17764,0.0003944271884392947
12,786,17765,0.0022502050269395113
12,787,17766,0.0002654380805324763
12,788,17767,0.00031931791454553604
12,789,17768,0.00038425513776019216
12,790,17769,0.0003918816219083965
12,791,17770,0.0009725591517053545
12,792,17771,0.0005073475185781717
12,793,17772,9.661069634603336e-05
12,794,17773,0.00035584080615080893
12,795,17774,0.004357238300144672
12,796,17775,0.0009667242993600667
12,797,17776,0.00042286343523301184
12,798,17777,0.00022661911498289555
12,799,17778,0.01800650544464588
12,800,17779,0.0005229298840276897
12,801,17780,0.00027972020325250924
12,802,17781,0.0001552026515128091
12,803,17782,9.733498882269487e-05
12,804,17783,0.00030451538623310626
12,805,17784,0.0005087284371256828
12,806,17785,0.00038159152609296143
12,807,17786,0.0002993837115354836
12,808,17787,0.0060995896346867085
12,809,17788,0.00016516419418621808
12,810,17789,0.0017091793706640601
12,811,17790,0.0027948205824941397
12,812,17791,0.002605184679850936
12,813,17792,0.005087371449917555
12,814,17793,0.00027381358086131513
12,815,17794,0.0001981796813197434
12,816,17795,0.0025178033392876387
12,817,17796,0.0020744677167385817
12,818,17797,0.0025516552850604057
12,819,17798,0.00047865029773674905
12,820,17799,0.0003921542956959456
12,821,17800,0.0006401516729965806
12,822,17801,0.0007296466501429677
12,823,17802,0.00036004060530103743
12,824,17803,0.00045054242946207523
12,825,17804,0.0010574357584118843
12,826,17805,0.0009696399210952222
12,827,17806,0.0003174130979459733
12,828,17807,0.0011821095831692219
12,829,17808,0.00021336498321034014
12,830,17809,0.00959135964512825
12,831,17810,0.0003262045793235302
12,832,17811,0.000797583139501512
12,833,17812,0.0009288222063332796
12,834,17813,0.00022995407925918698
12,835,17814,0.0005016259965486825
12,836,17815,0.00015543430345132947
12,837,17816,8.990964852273464e-05
12,838,17817,0.0027353158220648766
12,839,17818,0.000295907084364444
12,840,17819,8.746557432459667e-05
12,841,17820,0.0003292941546533257
12,842,17821,0.0014601621078327298
12,843,17822,0.0004565078706946224
12,844,17823,0.007523134350776672
12,845,17824,0.0004256156098563224
12,846,17825,0.0003349853795953095
12,847,17826,0.0003927652433048934
12,848,17827,0.00020653114188462496
12,849,17828,0.0003256379859521985
12,850,17829,0.00038952165050432086
12,851,17830,0.0002506362507119775
12,852,17831,0.0004934822209179401
12,853,17832,0.00041999525274150074
12,854,17833,0.0032438980415463448
12,855,17834,0.0004324639157857746
12,856,17835,0.00029160972917452455
12,857,17836,0.00016718237020540982
12,858,17837,0.0005736963939853013
12,859,17838,0.0006632627919316292
12,860,17839,0.00022550064022652805
12,861,17840,0.0002245875948574394
12,862,17841,0.018345404416322708
12,863,17842,0.003168027615174651
12,864,17843,0.00031177393975667655
12,865,17844,0.00043816116522066295
12,866,17845,0.0004702220612671226
12,867,17846,0.010391855612397194
12,868,17847,0.006485184654593468
12,869,17848,0.0003251943562645465
12,870,17849,0.000702439749147743
12,871,17850,0.0005833772593177855
12,872,17851,0.00020951000624336302
12,873,17852,0.0020592953078448772
12,874,17853,0.0006440030410885811
12,875,17854,0.00128577568102628
12,876,17855,0.00019420812895987183
12,877,17856,0.0003732081677298993
12,878,17857,0.0005720288609154522
12,879,17858,0.00044812148553319275
12,880,17859,0.000586860696785152
12,881,17860,0.00019353217794559896
12,882,17861,0.0003470258379820734
12,883,17862,0.0001844523212639615
12,884,17863,0.0016038388712331653
12,885,17864,0.00039104255847632885
12,886,17865,0.00017723767086863518
12,887,17866,0.001720407628454268
12,888,17867,0.0011096742236986756
12,889,17868,0.0002897785743698478
12,890,17869,0.00031414252589456737
12,891,17870,0.0005169102223590016
12,892,17871,0.001969482284039259
12,893,17872,0.003926355857402086
12,894,17873,0.028690937906503677
12,895,17874,0.0002657584846019745
12,896,17875,0.00028144396492280066
12,897,17876,0.0005579019780270755
12,898,17877,0.0005064490833319724
12,899,17878,0.000577164813876152
12,900,17879,0.00012425004388205707
12,901,17880,0.00037667941069230437
12,902,17881,0.0007391796680167317
12,903,17882,0.0004657719691749662
12,904,17883,0.0002542235015425831
12,905,17884,0.0033405523281544447
12,906,17885,0.00035951854079030454
12,907,17886,0.01690148375928402
12,908,17887,0.00038481620140373707
12,909,17888,0.001995642902329564
12,910,17889,0.0002409683511359617
12,911,17890,0.0008995928801596165
12,912,17891,0.0041742390021681786
12,913,17892,0.00219836737960577
12,914,17893,0.0008907425217330456
12,915,17894,0.00026281256577931345
12,916,17895,0.00809848215430975
12,917,17896,0.0003788619942497462
12,918,17897,0.0006154819275252521
12,919,17898,0.0006029216456227005
12,920,17899,0.00035463779931887984
12,921,17900,0.00031323867733590305
12,922,17901,0.0006026148330420256
12,923,17902,0.0002934442600235343
12,924,17903,0.00024774204939603806
12,925,17904,0.00026914189220406115
12,926,17905,0.0006248853751458228
12,927,17906,0.0030844404827803373
12,928,17907,0.0002260244800709188
12,929,17908,0.0005174485268071294
12,930,17909,0.009891446679830551
12,931,17910,0.0004833278653677553
12,932,17911,0.0005709973629564047
12,933,17912,0.00019232634804211557
12,934,17913,0.00037998915649950504
12,935,17914,0.00032124854624271393
12,936,17915,0.0002452806511428207
12,937,17916,0.0004051061696372926
12,938,17917,0.00020747538655996323
12,939,17918,0.00043156719766557217
12,940,17919,0.0003655089531093836
12,941,17920,0.00030753290047869086
12,942,17921,0.01539782714098692
12,943,17922,0.0002605055342428386
12,944,17923,0.0004359082959126681
12,945,17924,0.00010318104614270851
12,946,17925,0.004203839227557182
12,947,17926,0.0004912189906463027
12,948,17927,0.00027917337138205767
12,949,17928,0.0003000201832037419
12,950,17929,0.0002224315976491198
12,951,17930,0.00047200318658724427
12,952,17931,0.00034324187436141074
12,953,17932,0.0006150553235784173
12,954,17933,0.0003782154235523194
12,955,17934,0.00021967281645629555
12,956,17935,0.0003122555499430746
12,957,17936,0.0002769296697806567
12,958,17937,9.641532233217731e-05
12,959,17938,0.015865793451666832
12,960,17939,0.0003355091321282089
12,961,17940,0.00023396278265863657
12,962,17941,0.00024043388839345425
12,963,17942,0.0006746174767613411
12,964,17943,0.004417826887220144
12,965,17944,0.00033205936779268086
12,966,17945,0.00020518344535958022
12,967,17946,0.000262005312833935
12,968,17947,0.0002123064041370526
12,969,17948,0.0003357035748194903
12,970,17949,0.009106285870075226
12,971,17950,0.000340208294801414
12,972,17951,0.0038146148435771465
12,973,17952,0.0009319725213572383
12,974,17953,0.0007274595554918051
12,975,17954,0.00026468996657058597
12,976,17955,0.0005665021017193794
12,977,17956,0.00037368349148891866
12,978,17957,0.00042902331915684044
12,979,17958,0.0003595930465962738
12,980,17959,0.008368071168661118
12,981,17960,0.0002993945963680744
12,982,17961,0.0003585818049032241
12,983,17962,0.0006319773965515196
12,984,17963,0.0001931574661284685
12,985,17964,0.0006144874496385455
12,986,17965,0.0004093729075975716
12,987,17966,0.00020969609613530338
12,988,17967,0.0002838594082277268
12,989,17968,0.00021031586220487952
12,990,17969,0.00042274719453416765
12,991,17970,0.00037195728509686887
12,992,17971,0.000152549211634323
12,993,17972,0.0006079943850636482
12,994,17973,0.0017337300814688206
12,995,17974,0.00037559468182735145
12,996,17975,0.0005405923584476113
12,997,17976,0.0003255300398450345
12,998,17977,0.00034652388421818614
12,999,17978,0.0002075593947665766
12,1000,17979,0.0007722353329882026
12,1001,17980,0.000279116997262463
12,1002,17981,0.004267167299985886
12,1003,17982,0.00017608635243959725
12,1004,17983,0.0003099314053542912
12,1005,17984,0.0005100741400383413
12,1006,17985,0.0002900425752159208
12,1007,17986,0.00022022300981916487
12,1008,17987,0.001319100265391171
12,1009,17988,0.0004513267776928842
12,1010,17989,0.0004520574875641614
12,1011,17990,0.001800941419787705
12,1012,17991,0.0006044440087862313
12,1013,17992,0.0006931289681233466
12,1014,17993,0.002416822127997875
12,1015,17994,0.0011469568125903606
12,1016,17995,0.00014807771367486566
12,1017,17996,0.004960476886481047
12,1018,17997,0.00029870745493099093
12,1019,17998,0.0004699534038081765
12,1020,17999,0.00033837941009551287
12,1021,18000,0.00036489462945610285
12,1022,18001,0.00021984086197335273
12,1023,18002,0.0004289573698770255
12,1024,18003,0.00030046122265048325
12,1025,18004,0.00019668432651087642
12,1026,18005,0.00023819222406018525
12,1027,18006,0.0003861431614495814
12,1028,18007,0.0001485400862293318
12,1029,18008,0.0010167710715904832
12,1030,18009,0.0003496854624245316
12,1031,18010,0.00023618683917447925
12,1032,18011,0.0003989862452726811
12,1033,18012,0.0003091066319029778
12,1034,18013,0.00035287675564177334
12,1035,18014,0.0006743025733157992
12,1036,18015,0.00026359077310189605
12,1037,18016,0.0002036368678091094
12,1038,18017,0.0002720430202316493
12,1039,18018,0.0002989698259625584
12,1040,18019,0.00032251753145828843
12,1041,18020,0.00036871604970656335
12,1042,18021,0.00024449409102089703
12,1043,18022,0.0006199763738550246
12,1044,18023,0.0002738389011938125
12,1045,18024,0.00015212521248031408
12,1046,18025,0.0002849749580491334
12,1047,18026,0.00037986409734003246
12,1048,18027,0.0010532871820032597
12,1049,18028,0.0001376005238853395
12,1050,18029,0.00027478812262415886
12,1051,18030,0.02934345416724682
12,1052,18031,0.00033517059637233615
12,1053,18032,0.00017812552687246352
12,1054,18033,0.00027356951613910496
12,1055,18034,0.0009166925447061658
12,1056,18035,0.0012334107886999846
12,1057,18036,0.0010995531920343637
12,1058,18037,0.00040950076072476804
12,1059,18038,0.0019548723939806223
12,1060,18039,0.0012260735966265202
12,1061,18040,0.00035770030808635056
12,1062,18041,0.05397170037031174
12,1063,18042,0.00021503475727513433
12,1064,18043,0.00019706755119841546
12,1065,18044,0.0012613580329343677
12,1066,18045,0.00031028312514536083
12,1067,18046,0.004339325707405806
12,1068,18047,0.00022552552400156856
12,1069,18048,0.0004685365711338818
12,1070,18049,0.00033431543852202594
12,1071,18050,0.0001967032440006733
12,1072,18051,0.002094719558954239
12,1073,18052,0.001612936262972653
12,1074,18053,0.0001604369026608765
12,1075,18054,0.00028214737540110946
12,1076,18055,0.0003163670189678669
12,1077,18056,0.0010928109986707568
12,1078,18057,0.0003136612940579653
12,1079,18058,0.0010263107251375914
12,1080,18059,0.0019227637676522136
12,1081,18060,0.00033823863486759365
12,1082,18061,0.00022543400700669736
12,1083,18062,0.00012615245941560715
12,1084,18063,0.0004109179135411978
12,1085,18064,0.0004245418240316212
12,1086,18065,0.0007108712452463806
12,1087,18066,0.00032834438025020063
12,1088,18067,0.0002600436855573207
12,1089,18068,0.0006823174189776182
12,1090,18069,0.00015896557306405157
12,1091,18070,0.00030183448689058423
12,1092,18071,0.0008824440301395953
12,1093,18072,0.0003984424693044275
12,1094,18073,0.0002928916073869914
12,1095,18074,0.0002404944971203804
12,1096,18075,0.00011502380220917985
12,1097,18076,0.005792191252112389
12,1098,18077,0.0004137835931032896
12,1099,18078,0.0028057298623025417
12,1100,18079,0.000344299798598513
12,1101,18080,0.0009288060828112066
12,1102,18081,0.0011082415003329515
12,1103,18082,0.00025143366656266153
12,1104,18083,0.0003436796832829714
12,1105,18084,0.0002913556818384677
12,1106,18085,0.0003506113134790212
12,1107,18086,0.0004613507480826229
12,1108,18087,0.00042037322418764234
12,1109,18088,0.00029159075347706676
12,1110,18089,0.0003224805695936084
12,1111,18090,0.00011387702397769317
12,1112,18091,0.0002836493367794901
12,1113,18092,0.0006380122504197061
12,1114,18093,0.00023270485689863563
12,1115,18094,0.001432420569472015
12,1116,18095,0.000752388674300164
12,1117,18096,0.00018469236965756863
12,1118,18097,0.000346405926393345
12,1119,18098,0.007495716214179993
12,1120,18099,0.0009935416746884584
12,1121,18100,0.00023803011572454125
12,1122,18101,0.0006276991916820407
12,1123,18102,0.0007549511501565576
12,1124,18103,0.0003473607648629695
12,1125,18104,0.03493203595280647
12,1126,18105,0.001186842448078096
12,1127,18106,0.00027230940759181976
12,1128,18107,0.0003043117467314005
12,1129,18108,0.00040819685091264546
12,1130,18109,0.0007222864660434425
12,1131,18110,0.00019251889898441732
12,1132,18111,0.0003134160360787064
12,1133,18112,0.0004026290844194591
12,1134,18113,0.00019922602223232388
12,1135,18114,0.000134696121676825
12,1136,18115,0.00015887261542957276
12,1137,18116,0.001413282472640276
12,1138,18117,0.0035509495064616203
12,1139,18118,0.0010315969120711088
12,1140,18119,0.00024212250718846917
12,1141,18120,0.00020161487918812782
12,1142,18121,0.0002425537386443466
12,1143,18122,0.00025466704391874373
12,1144,18123,0.0002927187015302479
12,1145,18124,0.00015449516649823636
12,1146,18125,0.0003319187671877444
12,1147,18126,0.0001561374810989946
12,1148,18127,0.00028607973945327103
12,1149,18128,0.0002950154012069106
12,1150,18129,0.0028293803334236145
12,1151,18130,0.0001377333392156288
12,1152,18131,0.0004692264483310282
12,1153,18132,0.0006055588601157069
12,1154,18133,0.00022306623577605933
12,1155,18134,0.0002715564623940736
12,1156,18135,0.0031807590276002884
12,1157,18136,0.004833003971725702
12,1158,18137,0.00032376221497543156
12,1159,18138,0.00011583585728658363
12,1160,18139,0.00024040875723585486
12,1161,18140,0.00015998342132661492
12,1162,18141,0.00039167230715975165
12,1163,18142,0.0004540076479315758
12,1164,18143,0.004712192807346582
12,1165,18144,0.002819945802912116
12,1166,18145,0.0004718543204944581
12,1167,18146,0.0009923637844622135
12,1168,18147,0.00025018135784193873
12,1169,18148,0.0002691813569981605
12,1170,18149,0.0003275199851486832
12,1171,18150,0.0004004198417533189
12,1172,18151,0.0006731526809744537
12,1173,18152,0.00197797198779881
12,1174,18153,0.001468432485125959
12,1175,18154,0.0004106031556148082
12,1176,18155,6.068197399144992e-05
12,1177,18156,0.000144409597851336
12,1178,18157,0.000297857477562502
12,1179,18158,0.00028716630185954273
12,1180,18159,0.0004496894543990493
12,1181,18160,0.0002589525538496673
12,1182,18161,0.0004783097538165748
12,1183,18162,0.0002605727640911937
12,1184,18163,0.0014433969045057893
12,1185,18164,0.0004105079569853842
12,1186,18165,0.0003023265744559467
12,1187,18166,0.004654968623071909
12,1188,18167,0.00040292253834195435
12,1189,18168,0.0002700340701267123
12,1190,18169,0.0001911532017402351
12,1191,18170,0.0002142147859558463
12,1192,18171,0.00048807013081386685
12,1193,18172,0.0004053161828778684
12,1194,18173,0.0006345049478113651
12,1195,18174,0.00032071565510705113
12,1196,18175,0.0006850509089417756
12,1197,18176,0.01679297350347042
12,1198,18177,0.00022585135593544692
12,1199,18178,0.00031985071836970747
12,1200,18179,0.0004667917964980006
12,1201,18180,0.0002642533218022436
12,1202,18181,0.0005110283964313567
12,1203,18182,0.00035127531737089157
12,1204,18183,0.00031715800287202
12,1205,18184,0.005128384567797184
12,1206,18185,0.00015681014338042587
12,1207,18186,0.00012494852126110345
12,1208,18187,0.000263163645286113
12,1209,18188,0.002709280466660857
12,1210,18189,0.0034832435194402933
12,1211,18190,0.0006846016622148454
12,1212,18191,0.008203295059502125
12,1213,18192,6.22709994786419e-05
12,1214,18193,0.0018074243562296033
12,1215,18194,0.00027091914671473205
12,1216,18195,0.00018010928761214018
12,1217,18196,0.0004428710672073066
12,1218,18197,0.00024257016775663942
12,1219,18198,0.0002914606884587556
12,1220,18199,0.00022569615975953639
12,1221,18200,0.0003035497502423823
12,1222,18201,0.0005952283972874284
12,1223,18202,0.0002102316648233682
12,1224,18203,0.0007115271873772144
12,1225,18204,0.000649048131890595
12,1226,18205,0.00033419206738471985
12,1227,18206,0.00016528608102817088
12,1228,18207,0.00023391957802232355
12,1229,18208,0.00026390154380351305
12,1230,18209,0.0002805910480674356
12,1231,18210,0.000202770228497684
12,1232,18211,0.00031453612609766424
12,1233,18212,0.00488637899979949
12,1234,18213,0.00012125538341933861
12,1235,18214,0.00031466057407669723
12,1236,18215,0.00027533507090993226
12,1237,18216,0.0005641698371618986
12,1238,18217,0.0009556431323289871
12,1239,18218,0.0002471975749358535
12,1240,18219,0.0006100542959757149
12,1241,18220,0.0002136749099008739
12,1242,18221,0.00033223407808691263
12,1243,18222,0.00022545267711393535
12,1244,18223,0.0003044812474399805
12,1245,18224,0.0002167235652450472
12,1246,18225,0.000447594269644469
12,1247,18226,0.0003422067384235561
12,1248,18227,0.00033022824209183455
12,1249,18228,0.00027474650414660573
12,1250,18229,0.00015246978728100657
12,1251,18230,0.0004561905225273222
12,1252,18231,0.0004063628730364144
12,1253,18232,0.0002153345849364996
12,1254,18233,0.0004532724851742387
12,1255,18234,0.00018975019338540733
12,1256,18235,0.013694173656404018
12,1257,18236,0.00016412761760875583
12,1258,18237,0.0003199457423761487
12,1259,18238,0.0003430887300055474
12,1260,18239,0.0003845043829642236
12,1261,18240,0.0001536221243441105
12,1262,18241,0.00023353791038971394
12,1263,18242,0.02390388399362564
12,1264,18243,0.0003837996337097138
12,1265,18244,0.00023881492961663753
12,1266,18245,0.00020607140322681516
12,1267,18246,0.0012714634649455547
12,1268,18247,0.001932264887727797
12,1269,18248,0.00016817753203213215
12,1270,18249,0.0002712378336582333
12,1271,18250,0.010083289816975594
12,1272,18251,0.00027483623125590384
12,1273,18252,0.0003220353974029422
12,1274,18253,0.007199317216873169
12,1275,18254,0.0002829495642799884
12,1276,18255,0.0018180888146162033
12,1277,18256,0.0002616210840642452
12,1278,18257,0.00021402660058811307
12,1279,18258,0.00033798962249420583
12,1280,18259,0.0008332498255185783
12,1281,18260,0.0004888845724053681
12,1282,18261,0.00030175468418747187
12,1283,18262,0.00012127037189202383
12,1284,18263,0.0001867544633569196
12,1285,18264,0.00034915856667794287
12,1286,18265,0.00027114589465782046
12,1287,18266,0.00031709004542790353
12,1288,18267,0.0001834169524954632
12,1289,18268,0.0002928035391960293
12,1290,18269,8.564807649236172e-05
12,1291,18270,0.0008231463725678623
12,1292,18271,0.000377619726350531
12,1293,18272,0.0005046271835453808
12,1294,18273,0.0001526881824247539
12,1295,18274,0.0002974531380459666
12,1296,18275,0.00039735747850500047
12,1297,18276,0.0001431884738849476
12,1298,18277,0.0007040465134195983
12,1299,18278,0.0015408119652420282
12,1300,18279,0.000953036593273282
12,1301,18280,0.0001798515149857849
12,1302,18281,0.0003012057568412274
12,1303,18282,0.00017422280507162213
12,1304,18283,0.00023416797921527177
12,1305,18284,0.025367096066474915
12,1306,18285,0.00030887225875630975
12,1307,18286,0.0001644614530960098
12,1308,18287,0.00081386708188802
12,1309,18288,0.000349109381204471
12,1310,18289,0.0025952355936169624
12,1311,18290,0.0015578324673697352
12,1312,18291,0.0004472083237487823
12,1313,18292,0.00039405914139933884
12,1314,18293,0.00038266179035417736
12,1315,18294,0.0003221437509637326
12,1316,18295,0.00022039822943042964
12,1317,18296,0.0012429130729287863
12,1318,18297,0.0001788884837878868
12,1319,18298,0.0012009581550955772
12,1320,18299,0.000463641423266381
12,1321,18300,0.00017195708642248064
12,1322,18301,0.0001090960213332437
12,1323,18302,0.0005625475314445794
12,1324,18303,0.00035861015203408897
12,1325,18304,0.0027806260623037815
12,1326,18305,0.011392888613045216
12,1327,18306,0.00015304225962609053
12,1328,18307,0.00032341855694539845
12,1329,18308,0.0020547648891806602
12,1330,18309,0.00032912788446992636
12,1331,18310,0.0007248605834320188
12,1332,18311,0.0003322090196888894
12,1333,18312,0.0004014887963421643
12,1334,18313,0.0005480432882905006
12,1335,18314,0.0001975150080397725
12,1336,18315,0.009854212403297424
12,1337,18316,0.0003851374494843185
12,1338,18317,0.0003222313825972378
12,1339,18318,0.0002948028559330851
12,1340,18319,0.00032834289595484734
12,1341,18320,0.00041625104495324194
12,1342,18321,0.0004967523273080587
12,1343,18322,0.03353216499090195
12,1344,18323,0.00010459118493599817
12,1345,18324,0.0004935773322358727
12,1346,18325,0.0002935219381470233
12,1347,18326,0.00037784004234708846
12,1348,18327,0.0003243517130613327
12,1349,18328,0.006333035882562399
12,1350,18329,0.0019102618098258972
12,1351,18330,0.028617968782782555
12,1352,18331,0.0010089543648064137
12,1353,18332,0.0005376088083721697
12,1354,18333,0.003197241574525833
12,1355,18334,0.00047547841677442193
12,1356,18335,0.001133355195634067
12,1357,18336,0.0004085910622961819
12,1358,18337,0.00045965585741214454
12,1359,18338,0.0007111782906576991
12,1360,18339,0.00032287806970998645
12,1361,18340,0.0002137097471859306
12,1362,18341,0.00059649528702721
12,1363,18342,0.0002712963614612818
12,1364,18343,0.00020194723038002849
12,1365,18344,0.0006600474589504302
12,1366,18345,0.0008230656385421753
12,1367,18346,0.00029661093140020967
12,1368,18347,0.00011616506526479498
12,1369,18348,0.027858804911375046
12,1370,18349,0.00027335542836226523
12,1371,18350,0.0009408884216099977
12,1372,18351,0.00025217601796612144
12,1373,18352,0.0007972305756993592
12,1374,18353,0.00022656381770502776
12,1375,18354,0.00013163374387659132
12,1376,18355,0.00019115646136924624
12,1377,18356,0.0006699050427414477
12,1378,18357,0.00016919136396609247
12,1379,18358,0.000281352928141132
12,1380,18359,0.00025482691125944257
12,1381,18360,0.0003673617902677506
12,1382,18361,0.00021625788940582424
12,1383,18362,0.0025481036864221096
12,1384,18363,0.003912840969860554
12,1385,18364,0.00023854404571466148
12,1386,18365,9.42815313464962e-05
12,1387,18366,0.0002640369348227978
12,1388,18367,0.00015354467905126512
12,1389,18368,0.00022360145521815866
12,1390,18369,0.000360343256033957
12,1391,18370,0.004376284312456846
12,1392,18371,0.0003612215514294803
12,1393,18372,0.00012391566997393966
12,1394,18373,0.00029742723563686013
12,1395,18374,0.00034020619932562113
12,1396,18375,0.0006632681470364332
12,1397,18376,0.0011335954768583179
12,1398,18377,5.9432619309518486e-05
12,1399,18378,0.00036369540612213314
12,1400,18379,0.0003380602574907243
12,1401,18380,0.00018395418010186404
12,1402,18381,0.00023399786732625216
12,1403,18382,0.03862789645791054
12,1404,18383,0.00019440999312791973
12,1405,18384,0.00010273983207298443
12,1406,18385,0.0003592926077544689
12,1407,18386,0.002591916359961033
12,1408,18387,0.0030828583985567093
12,1409,18388,0.0003225734399165958
12,1410,18389,0.00013496677274815738
12,1411,18390,0.00020268071966711432
12,1412,18391,0.0002745404199231416
12,1413,18392,0.0003774808719754219
12,1414,18393,0.0001718825806165114
12,1415,18394,0.00037135861930437386
13,1,18395,0.015115797519683838
13,2,18396,0.0002842370595317334
13,3,18397,0.00043251877650618553
13,4,18398,0.00030513363890349865
13,5,18399,0.0003805947198998183
13,6,18400,0.00014420397928915918
13,7,18401,0.00022199348313733935
13,8,18402,0.000794834631960839
13,9,18403,0.0002915704681072384
13,10,18404,0.0005424070404842496
13,11,18405,0.0018492459785193205
13,12,18406,0.0002894441713578999
13,13,18407,0.0002610499213915318
13,14,18408,0.0037685546558350325
13,15,18409,0.011582638137042522
13,16,18410,0.0003180101921316236
13,17,18411,0.001006708131171763
13,18,18412,0.00021979027951601893
13,19,18413,0.0002333905576961115
13,20,18414,0.00028880254831165075
13,21,18415,0.0007927828701213002
13,22,18416,0.0002471045299898833
13,23,18417,0.0003140626649837941
13,24,18418,0.00030415059882216156
13,25,18419,0.00038310111267492175
13,26,18420,0.00010341572487959638
13,27,18421,0.003054277738556266
13,28,18422,0.0017477053916081786
13,29,18423,0.00026767386589199305
13,30,18424,0.000184414820978418
13,31,18425,0.0002699281903915107
13,32,18426,0.030661311000585556
13,33,18427,0.00013588022557087243
13,34,18428,0.0021506736520677805
13,35,18429,0.0005700900801457465
13,36,18430,0.00028638221556320786
13,37,18431,5.552684888243675e-05
13,38,18432,0.0006542404880747199
13,39,18433,0.00040563466609455645
13,40,18434,0.005903962533921003
13,41,18435,0.00022854816052131355
13,42,18436,0.0002659693418536335
13,43,18437,0.0012191166169941425
13,44,18438,0.0002601550950203091
13,45,18439,0.0002262321941088885
13,46,18440,0.00019718552357517183
13,47,18441,0.0003136497689411044
13,48,18442,0.0035168658941984177
13,49,18443,0.0003581027558539063
13,50,18444,0.0004019545449409634
13,51,18445,0.0003780594270210713
13,52,18446,0.00018278927018400282
13,53,18447,0.0006035734550096095
13,54,18448,0.0002695774019230157
13,55,18449,0.0004983720718882978
13,56,18450,0.0003396928368601948
13,57,18451,0.005482288543134928
13,58,18452,0.0005415326450020075
13,59,18453,0.00026096406509168446
13,60,18454,0.00019637049990706146
13,61,18455,0.00017436497728340328
13,62,18456,0.0006314710481092334
13,63,18457,0.00018467220070306212
13,64,18458,0.0005848648143000901
13,65,18459,0.00017088570166379213
13,66,18460,0.00010510426363907754
13,67,18461,0.00019152105960529298
13,68,18462,4.330912997829728e-05
13,69,18463,0.0006394130759872496
13,70,18464,0.00047779889428056777
13,71,18465,0.0003372398787178099
13,72,18466,0.00015379216347355396
13,73,18467,0.00037312597851268947
13,74,18468,0.0006255804328247905
13,75,18469,0.0009961327305063605
13,76,18470,0.0002275987935718149
13,77,18471,0.00029593645012937486
13,78,18472,0.00019718580006156117
13,79,18473,0.000329985428834334
13,80,18474,0.0006959454622119665
13,81,18475,0.003016583388671279
13,82,18476,0.0006675840704701841
13,83,18477,0.0003093472623731941
13,84,18478,0.0003896957205142826
13,85,18479,0.0003623575030360371
13,86,18480,0.0002998949494212866
13,87,18481,0.003223202656954527
13,88,18482,0.00013273699732962996
13,89,18483,9.322039841208607e-05
13,90,18484,0.00023471297754440457
13,91,18485,0.0002406623971182853
13,92,18486,0.00018620950868353248
13,93,18487,0.00043630044092424214
13,94,18488,0.0002454583009239286
13,95,18489,0.0003337615344207734
13,96,18490,0.00021732215827796608
13,97,18491,0.0005990290082991123
13,98,18492,0.00024819019017741084
13,99,18493,0.0001449369447072968
13,100,18494,0.0002503418072592467
13,101,18495,0.00013199685781728476
13,102,18496,0.00017871723684947938
13,103,18497,0.0019104030216112733
13,104,18498,0.0003221666265744716
13,105,18499,0.0001985280105145648
13,106,18500,0.0002836537314578891
13,107,18501,0.0008232519030570984
13,108,18502,0.00014677045692224056
13,109,18503,0.0009243409731425345
13,110,18504,0.0002676912408787757
13,111,18505,0.00027607526862993836
13,112,18506,0.0003602046926971525
13,113,18507,0.00041622770368121564
13,114,18508,0.00025296356761828065
13,115,18509,0.00021970851230435073
13,116,18510,9.406846947968006e-05
13,117,18511,0.0002223843475803733
13,118,18512,0.00047200394328683615
13,119,18513,5.061212868895382e-05
13,120,18514,0.0001087901255232282
13,121,18515,0.00015965460625011474
13,122,18516,0.009238991886377335
13,123,18517,0.0006048587383702397
13,124,18518,0.0001876994938356802
13,125,18519,0.00021457270486280322
13,126,18520,0.00025783240562304854
13,127,18521,0.00029175012605264783
13,128,18522,0.0002579027786850929
13,129,18523,0.0008011255413293839
13,130,18524,0.0002123256417689845
13,131,18525,0.0010272918734699488
13,132,18526,0.00018864234152715653
13,133,18527,0.0008988884510472417
13,134,18528,0.008317177183926105
13,135,18529,0.00027332286117598414
13,136,18530,0.00021889465278945863
13,137,18531,0.00033258937764912844
13,138,18532,0.00017441441013943404
13,139,18533,0.00023056971258483827
13,140,18534,0.00013954221503809094
13,141,18535,0.00016153993783518672
13,142,18536,0.0004885887028649449
13,143,18537,0.00020615823450498283
13,144,18538,0.00036759587237611413
13,145,18539,0.0001849552645580843
13,146,18540,0.00011585711763473228
13,147,18541,0.00020037830108776689
13,148,18542,0.0016475614393129945
13,149,18543,0.000260191154666245
13,150,18544,0.0003284774429630488
13,151,18545,0.00025866468786261976
13,152,18546,0.0007236810633912683
13,153,18547,0.00020975871302653104
13,154,18548,0.0003591799468267709
13,155,18549,0.00040372018702328205
13,156,18550,0.0002688026870600879
13,157,18551,0.0002699536853469908
13,158,18552,0.0001361217291560024
13,159,18553,0.0016033920692279935
13,160,18554,0.00025794285465963185
13,161,18555,0.0003202548250555992
13,162,18556,0.00034968051477335393
13,163,18557,0.00014788174303248525
13,164,18558,0.0003714295744430274
13,165,18559,0.0016013359418138862
13,166,18560,0.0011355378665030003
13,167,18561,0.0009558354504406452
13,168,18562,9.615878661861643e-05
13,169,18563,0.0035402094945311546
13,170,18564,0.0001111014062189497
13,171,18565,0.00014357772306539118
13,172,18566,0.0004654350923374295
13,173,18567,0.0003192787116859108
13,174,18568,0.00041785321081988513
13,175,18569,6.729132292093709e-05
13,176,18570,0.00027155946008861065
13,177,18571,0.00025380938313901424
13,178,18572,0.0002070989430649206
13,179,18573,0.0001866696693468839
13,180,18574,6.069012306397781e-05
13,181,18575,0.0002749542472884059
13,182,18576,0.00027347603463567793
13,183,18577,0.0006500288145616651
13,184,18578,0.00021184416254982352
13,185,18579,0.0005013802438043058
13,186,18580,0.000202592316782102
13,187,18581,0.00010850687976926565
13,188,18582,0.0014565688325092196
13,189,18583,0.00027644168585538864
13,190,18584,5.953145227977075e-05
13,191,18585,0.00015751714818179607
13,192,18586,0.0004191223415546119
13,193,18587,0.00018722761888056993
13,194,18588,0.0012237856863066554
13,195,18589,0.0003332104824949056
13,196,18590,0.00016335274267476052
13,197,18591,0.0004189209430478513
13,198,18592,0.00019687841995619237
13,199,18593,0.0008143559098243713
13,200,18594,0.0002693234710022807
13,201,18595,0.00026531011098995805
13,202,18596,0.000420723925344646
13,203,18597,0.00033363731927238405
13,204,18598,0.0010183233534917235
13,205,18599,0.00011832374730147421
13,206,18600,0.004501382354646921
13,207,18601,0.00029435750911943614
13,208,18602,0.0009796407539397478
13,209,18603,0.0005193178076297045
13,210,18604,0.0008260676986537874
13,211,18605,0.0002265840448671952
13,212,18606,0.0002299473126186058
13,213,18607,0.00026154579245485365
13,214,18608,0.0005310384440235794
13,215,18609,0.00033904745941981673
13,216,18610,0.00028465178911574185
13,217,18611,0.00032547107548452914
13,218,18612,0.0008863630355335772
13,219,18613,0.0007113420288078487
13,220,18614,0.00042673901771195233
13,221,18615,0.000217502485611476
13,222,18616,0.0007186078000813723
13,223,18617,0.0004955428885295987
13,224,18618,0.00016437857993878424
13,225,18619,0.0003026001213584095
13,226,18620,0.00015938273281790316
13,227,18621,0.0005711478879675269
13,228,18622,0.00023014660109765828
13,229,18623,0.0006635028985328972
13,230,18624,0.00026905903359875083
13,231,18625,0.0003148486139252782
13,232,18626,9.919846343109384e-05
13,233,18627,0.0007470400305464864
13,234,18628,0.0002666934160515666
13,235,18629,6.623891385970637e-05
13,236,18630,0.00011936147348023951
13,237,18631,0.00018552584515418857
13,238,18632,0.00021495501277968287
13,239,18633,0.0008144880412146449
13,240,18634,0.0002988881606142968
13,241,18635,0.0005438213120214641
13,242,18636,0.0001856189192039892
13,243,18637,0.0005723850335925817
13,244,18638,0.0002644292253535241
13,245,18639,0.0007841194747015834
13,246,18640,0.00019519502529874444
13,247,18641,0.00021682704391423613
13,248,18642,0.0010791454697027802
13,249,18643,0.0001652939390623942
13,250,18644,0.0002398007782176137
13,251,18645,0.0001725578331388533
13,252,18646,0.0002034241915680468
13,253,18647,0.000177725130924955
13,254,18648,0.0001838145690271631
13,255,18649,0.0001940124639077112
13,256,18650,0.00022333371452987194
13,257,18651,0.00025527633260935545
13,258,18652,0.00022110581630840898
13,259,18653,0.000246010982664302
13,260,18654,0.00012758109369315207
13,261,18655,0.00015039648860692978
13,262,18656,0.0013366388157010078
13,263,18657,0.0002669442037586123
13,264,18658,0.00016155384946614504
13,265,18659,0.0035293351393193007
13,266,18660,0.0002846553106792271
13,267,18661,0.000691630644723773
13,268,18662,0.0002690437831915915
13,269,18663,0.0002370469010202214
13,270,18664,0.00019193797197658569
13,271,18665,0.0001661448332015425
13,272,18666,0.00037489194073714316
13,273,18667,0.000264002796029672
13,274,18668,0.0001698687265161425
13,275,18669,0.00017272704280912876
13,276,18670,0.00024374452186748385
13,277,18671,0.0004101211961824447
13,278,18672,0.0002010921889450401
13,279,18673,0.00024942311574704945
13,280,18674,0.00036260398337617517
13,281,18675,0.0017655601259320974
13,282,18676,0.00020844436949118972
13,283,18677,0.00010190899774897844
13,284,18678,0.00019402816542424262
13,285,18679,0.0003464161418378353
13,286,18680,0.0002634249103721231
13,287,18681,0.0035051063168793917
13,288,18682,0.00020383002993185073
13,289,18683,9.450452489545569e-05
13,290,18684,0.00021067333000246435
13,291,18685,0.00022166920825839043
13,292,18686,0.0005417604697868228
13,293,18687,0.0010684385197237134
13,294,18688,0.00014271245163399726
13,295,18689,0.00018078817811328918
13,296,18690,6.020142245688476e-05
13,297,18691,0.0001928629062604159
13,298,18692,0.00034453277476131916
13,299,18693,0.000154616660438478
13,300,18694,0.00013271108036860824
13,301,18695,0.00037594084278680384
13,302,18696,0.000520602276083082
13,303,18697,0.01433822326362133
13,304,18698,0.00033325166441500187
13,305,18699,0.0001836037408793345
13,306,18700,0.00014651991659775376
13,307,18701,0.0001081410373444669
13,308,18702,0.00023376151511911303
13,309,18703,0.00026987254386767745
13,310,18704,0.00039840087993070483
13,311,18705,0.0002792465966194868
13,312,18706,0.00021983608894515783
13,313,18707,0.0004931283765472472
13,314,18708,0.00018242120859213173
13,315,18709,0.006004860624670982
13,316,18710,0.0003822371072601527
13,317,18711,0.00023729140229988843
13,318,18712,0.00033247258397750556
13,319,18713,0.00014273451233748347
13,320,18714,0.00022017589071765542
13,321,18715,0.0020868973806500435
13,322,18716,0.0002976817195303738
13,323,18717,0.0001918596972245723
13,324,18718,0.0002552737423684448
13,325,18719,0.00029230525251477957
13,326,18720,6.32486553513445e-05
13,327,18721,0.0001015287489281036
13,328,18722,0.0001580801181262359
13,329,18723,0.011910808272659779
13,330,18724,0.0002224263153038919
13,331,18725,0.0031185478437691927
13,332,18726,0.000536840409040451
13,333,18727,0.00016054054140113294
13,334,18728,0.00039520952850580215
13,335,18729,0.00037376052932813764
13,336,18730,0.00020548675092868507
13,337,18731,8.044338756008074e-05
13,338,18732,0.00014412397285923362
13,339,18733,0.00016205485735554248
13,340,18734,0.00015063381579238921
13,341,18735,0.00124901975505054
13,342,18736,0.0002266741794301197
13,343,18737,0.0001247819745913148
13,344,18738,0.0002281606284668669
13,345,18739,0.00014388488489203155
13,346,18740,0.0002877201768569648
13,347,18741,0.00019144789257552475
13,348,18742,0.0002152192173525691
13,349,18743,0.00030866023735143244
13,350,18744,0.00024098000722005963
13,351,18745,0.0006968560628592968
13,352,18746,0.00020469646551646292
13,353,18747,0.0003593820729292929
13,354,18748,0.00024123035836964846
13,355,18749,0.00018688170530367643
13,356,18750,0.00021470732463058084
13,357,18751,0.00035028965794481337
13,358,18752,0.0002639486046973616
13,359,18753,0.0003266026033088565
13,360,18754,0.00034840748412534595
13,361,18755,0.00027874598163180053
13,362,18756,0.00015863300359342247
13,363,18757,0.0006493954570032656
13,364,18758,0.00020332289568614215
13,365,18759,0.00035771256079897285
13,366,18760,0.0010160594247281551
13,367,18761,0.00028854343690909445
13,368,18762,0.0001989067386602983
13,369,18763,0.000271860248176381
13,370,18764,0.00031285223667509854
13,371,18765,0.0002630843664519489
13,372,18766,0.00219363858923316
13,373,18767,0.0001614338398212567
13,374,18768,0.0002447935985401273
13,375,18769,7.521120278397575e-05
13,376,18770,0.0003763792628888041
13,377,18771,0.0017478831578046083
13,378,18772,0.0006346306181512773
13,379,18773,6.433297676267102e-05
13,380,18774,0.0001051228100550361
13,381,18775,0.010366476140916348
13,382,18776,0.00025263571296818554
13,383,18777,0.0002303463697899133
13,384,18778,0.00025914391153492033
13,385,18779,0.0002929238835349679
13,386,18780,0.00018458535487297922
13,387,18781,0.00018949585501104593
13,388,18782,0.00031202522222884
13,389,18783,0.0002848006843123585
13,390,18784,0.00019957353651989251
13,391,18785,0.00022603414254263043
13,392,18786,0.00015730058657936752
13,393,18787,0.0001897123729577288
13,394,18788,5.477824743138626e-05
13,395,18789,6.349275645334274e-05
13,396,18790,0.00021891039796173573
13,397,18791,0.00017290985852014273
13,398,18792,0.00024439761182293296
13,399,18793,0.00028308157925494015
13,400,18794,0.00019830463861580938
13,401,18795,0.00019657144730444998
13,402,18796,0.000196332301129587
13,403,18797,0.00035874827881343663
13,404,18798,0.0001707809860818088
13,405,18799,0.0003204757522325963
13,406,18800,0.0002842334797605872
13,407,18801,0.00033161736791953444
13,408,18802,0.0001568044681334868
13,409,18803,0.0005766624817624688
13,410,18804,0.00028922013007104397
13,411,18805,0.0005087856552563608
13,412,18806,0.0008537983521819115
13,413,18807,0.001702832174487412
13,414,18808,0.00023929410963319242
13,415,18809,0.0009276196942664683
13,416,18810,0.005864572711288929
13,417,18811,0.0003260167723055929
13,418,18812,0.00020755777950398624
13,419,18813,0.00020638236310333014
13,420,18814,0.0005874838680028915
13,421,18815,0.0005306080565787852
13,422,18816,0.0004061783547513187
13,423,18817,0.0001864317018771544
13,424,18818,5.776360922027379e-05
13,425,18819,0.00032432953594252467
13,426,18820,0.0003182785294484347
13,427,18821,0.00011821437510661781
13,428,18822,0.0004515556793194264
13,429,18823,0.0004920141655020416
13,430,18824,0.0003131177800241858
13,431,18825,0.0006783137796446681
13,432,18826,0.0003376644162926823
13,433,18827,0.0010274642845615745
13,434,18828,0.0002438390365568921
13,435,18829,0.0005981313297525048
13,436,18830,0.0002987572515849024
13,437,18831,0.00022513780277222395
13,438,18832,0.007953479886054993
13,439,18833,0.0002753438020590693
13,440,18834,0.0001481566287111491
13,441,18835,0.00020586399477906525
13,442,18836,0.0002283401117892936
13,443,18837,0.00026181855355389416
13,444,18838,0.00025503154029138386
13,445,18839,0.00010359652515035123
13,446,18840,0.0003737543593160808
13,447,18841,0.00283277896232903
13,448,18842,0.00023539536050520837
13,449,18843,0.000645477615762502
13,450,18844,0.00016296975081786513
13,451,18845,0.0002845805720426142
13,452,18846,0.0021305796690285206
13,453,18847,0.00018654634186532348
13,454,18848,0.0006801289855502546
13,455,18849,0.0001633395440876484
13,456,18850,0.00022051208361517638
13,457,18851,0.0001758855360094458
13,458,18852,0.00011836306657642126
13,459,18853,0.0002451919426675886
13,460,18854,0.00021019195264670998
13,461,18855,0.000157558562932536
13,462,18856,0.00021932336676400155
13,463,18857,0.0001281474978895858
13,464,18858,5.5723863624734804e-05
13,465,18859,0.0007801531464792788
13,466,18860,0.0017755433218553662
13,467,18861,0.0002530876954551786
13,468,18862,0.00021587414084933698
13,469,18863,0.0006854624953120947
13,470,18864,0.0015069078654050827
13,471,18865,0.00018989859381690621
13,472,18866,0.00017194438260048628
13,473,18867,0.00020281302568037063
13,474,18868,0.017367379739880562
13,475,18869,0.0002788101264741272
13,476,18870,0.00032501548412255943
13,477,18871,0.00016677466919645667
13,478,18872,0.0003425991162657738
13,479,18873,0.0002932455390691757
13,480,18874,0.00010089416173286736
13,481,18875,0.00022138346685096622
13,482,18876,0.00027583257178775966
13,483,18877,0.0001678965927567333
13,484,18878,0.00016544907703064382
13,485,18879,0.00025052123237401247
13,486,18880,8.46212133183144e-05
13,487,18881,0.0004080120415892452
13,488,18882,0.00263414834626019
13,489,18883,0.00022430368699133396
13,490,18884,0.0009434932726435363
13,491,18885,0.00016471906565129757
13,492,18886,0.02710709162056446
13,493,18887,0.0003652016166597605
13,494,18888,0.0004344566841609776
13,495,18889,0.0002867082948796451
13,496,18890,0.00021132768597453833
13,497,18891,0.00014190342335496098
13,498,18892,0.0003050958039239049
13,499,18893,0.00020552746718749404
13,500,18894,0.0003767511516343802
13,501,18895,0.0002191482053603977
13,502,18896,0.0020618855487555265
13,503,18897,0.000327240297337994
13,504,18898,0.00034521144698373973
13,505,18899,0.0001628782192710787
13,506,18900,0.00033973914105445147
13,507,18901,0.0002712697023525834
13,508,18902,0.0008743692887946963
13,509,18903,0.00022009966778568923
13,510,18904,0.000668355671223253
13,511,18905,0.0009912248933687806
13,512,18906,0.0031740060076117516
13,513,18907,0.0001605615543667227
13,514,18908,0.00010452481365064159
13,515,18909,0.0006738761439919472
13,516,18910,0.00019074545707553625
13,517,18911,0.0002319178602192551
13,518,18912,7.339962030528113e-05
13,519,18913,0.0009881549049168825
13,520,18914,0.00034875297569669783
13,521,18915,0.00021786712750326842
13,522,18916,0.0001125285925809294
13,523,18917,0.0001456233294447884
13,524,18918,0.00017005861445795745
13,525,18919,0.0002564591995906085
13,526,18920,5.5083190090954304e-05
13,527,18921,0.0003010638465639204
13,528,18922,0.0001753237738739699
13,529,18923,0.00044296510168351233
13,530,18924,0.0002635008713696152
13,531,18925,0.0005828324356116354
13,532,18926,0.00020514016796369106
13,533,18927,0.00013140506052877754
13,534,18928,0.0002112548827426508
13,535,18929,0.00025306580937467515
13,536,18930,0.0008929541800171137
13,537,18931,0.0006335685611702502
13,538,18932,0.00012966175563633442
13,539,18933,0.00029387397808022797
13,540,18934,0.01724391058087349
13,541,18935,0.0002190705854445696
13,542,18936,0.00034425052581354976
13,543,18937,0.0001339000737061724
13,544,18938,0.00026990188052877784
13,545,18939,0.00029746873769909143
13,546,18940,0.00012612869613803923
13,547,18941,0.00012732591130770743
13,548,18942,0.00019020964100491256
13,549,18943,0.0002787893754430115
13,550,18944,0.0003427211777307093
13,551,18945,0.0002650556562002748
13,552,18946,0.00022376822016667575
13,553,18947,0.0002564761380199343
13,554,18948,0.000629667192697525
13,555,18949,0.00023887024144642055
13,556,18950,0.0003154190781060606
13,557,18951,0.0002883330744225532
13,558,18952,0.00034292240161448717
13,559,18953,0.00034771583159454167
13,560,18954,0.0009401746210642159
13,561,18955,0.019123254343867302
13,562,18956,0.00042842153925448656
13,563,18957,0.00014856392226647586
13,564,18958,0.005174830090254545
13,565,18959,0.0002653161354828626
13,566,18960,0.00026616782997734845
13,567,18961,0.009881553240120411
13,568,18962,0.00024525439948774874
13,569,18963,0.0004069776041433215
13,570,18964,0.00019041704945266247
13,571,18965,0.0004447673272807151
13,572,18966,0.00021782868134323508
13,573,18967,0.0003114549326710403
13,574,18968,0.0001764197222655639
13,575,18969,0.00017922164988704026
13,576,18970,0.0004002764180768281
13,577,18971,0.000179650480276905
13,578,18972,6.262863462325186e-05
13,579,18973,0.0002165031764889136
13,580,18974,0.00022889084357302636
13,581,18975,0.0001789880625437945
13,582,18976,0.00017793889855965972
13,583,18977,0.00016268414037767798
13,584,18978,0.0019171945750713348
13,585,18979,0.00024333132023457438
13,586,18980,0.0002209504455095157
13,587,18981,0.000168889993801713
13,588,18982,0.00019893246644642204
13,589,18983,0.004052754491567612
13,590,18984,0.00022755455574952066
13,591,18985,0.00041260282159782946
13,592,18986,0.0004040765925310552
13,593,18987,0.00012992478150408715
13,594,18988,8.441351383225992e-05
13,595,18989,0.00011920158431166783
13,596,18990,0.00020580418640747666
13,597,18991,0.008443432860076427
13,598,18992,0.000449666113127023
13,599,18993,0.0004369004163891077
13,600,18994,0.00019632201292552054
13,601,18995,0.008750145323574543
13,602,18996,0.00019022462947759777
13,603,18997,0.00033748551504686475
13,604,18998,9.734036575537175e-05
13,605,18999,0.00017163169104605913
13,606,19000,0.00013308947382029146
13,607,19001,0.0001614759530639276
13,608,19002,0.00025529920822009444
13,609,19003,0.0002013657649513334
13,610,19004,0.00012229719141032547
13,611,19005,0.00028670355095528066
13,612,19006,0.0002085379819618538
13,613,19007,0.0002724932273849845
13,614,19008,0.0003351961204316467
13,615,19009,0.00037564532249234617
13,616,19010,0.00042880966793745756
13,617,19011,0.00029007374541833997
13,618,19012,0.0025020893663167953
13,619,19013,0.00030460269772447646
13,620,19014,4.576831997837871e-05
13,621,19015,0.0002923727151937783
13,622,19016,0.00017642200691625476
13,623,19017,0.0013685320736840367
13,624,19018,0.0002781319199129939
13,625,19019,0.0002447009610477835
13,626,19020,0.00018543304759077728
13,627,19021,0.0006222115480341017
13,628,19022,0.0005596582777798176
13,629,19023,0.00018954560800921172
13,630,19024,0.0003037405840586871
13,631,19025,0.00015139863535296172
13,632,19026,5.800864164484665e-05
13,633,19027,0.0036729276180267334
13,634,19028,0.000316817284328863
13,635,19029,6.682280945824459e-05
13,636,19030,0.00027589182718656957
13,637,19031,0.00019241840345785022
13,638,19032,0.00013002808555029333
13,639,19033,0.0001631367631489411
13,640,19034,0.00020094939100090414
13,641,19035,0.00022864906350150704
13,642,19036,5.322630386217497e-05
13,643,19037,0.00014519089017994702
13,644,19038,0.0003483010805211961
13,645,19039,0.0001841065241023898
13,646,19040,7.342582102864981e-05
13,647,19041,0.0001545231498312205
13,648,19042,0.00022365854238159955
13,649,19043,0.00025934490258805454
13,650,19044,0.0001003323559416458
13,651,19045,0.0002461961121298373
13,652,19046,0.00038388115353882313
13,653,19047,0.0003195983881596476
13,654,19048,5.929962208028883e-05
13,655,19049,0.00032768843811936677
13,656,19050,0.00020258381846360862
13,657,19051,0.00018503233150113374
13,658,19052,0.00022376154083758593
13,659,19053,0.0001236642710864544
13,660,19054,0.0006194963934831321
13,661,19055,0.000130562562844716
13,662,19056,0.001447939546778798
13,663,19057,0.00024639046750962734
13,664,19058,0.00018737516074907035
13,665,19059,0.00015062956663314253
13,666,19060,0.00013435547589324415
13,667,19061,0.00010361330350860953
13,668,19062,0.0002874840283766389
13,669,19063,0.00011668696970446035
13,670,19064,9.669021528679878e-05
13,671,19065,0.00019404642807785422
13,672,19066,0.000195590517250821
13,673,19067,0.00028622616082429886
13,674,19068,0.00936348456889391
13,675,19069,0.0004368942172732204
13,676,19070,0.0002786685654427856
13,677,19071,0.00020527583546936512
13,678,19072,0.00029656634433194995
13,679,19073,0.0003521663893479854
13,680,19074,0.0001323740289080888
13,681,19075,0.0006206469261087477
13,682,19076,0.00020284182392060757
13,683,19077,0.00018274587637279183
13,684,19078,7.668734178878367e-05
13,685,19079,0.00033197240554727614
13,686,19080,0.0027568074874579906
13,687,19081,0.00012239567877259105
13,688,19082,0.000762902433052659
13,689,19083,0.0001516915363026783
13,690,19084,0.00017069745808839798
13,691,19085,0.019563935697078705
13,692,19086,0.00045606933417730033
13,693,19087,0.0002843159600161016
13,694,19088,0.0002649982343427837
13,695,19089,0.0002574722748249769
13,696,19090,0.00014284350618254393
13,697,19091,0.00024993455735966563
13,698,19092,0.0001247412437805906
13,699,19093,0.0013523880625143647
13,700,19094,0.0003374863008502871
13,701,19095,0.007862093858420849
13,702,19096,0.0006284437258727849
13,703,19097,0.0002767043188214302
13,704,19098,0.00012112172407796606
13,705,19099,0.0008952353964559734
13,706,19100,0.00010803477925946936
13,707,19101,0.00016350824444089085
13,708,19102,0.00013758533168584108
13,709,19103,0.00044329173397272825
13,710,19104,0.003140152432024479
13,711,19105,0.0003316705988254398
13,712,19106,0.00034432756365276873
13,713,19107,0.00037738404353149235
13,714,19108,0.00019347635679878294
13,715,19109,0.00016805603809189051
13,716,19110,0.0003265063860453665
13,717,19111,0.0001633966458030045
13,718,19112,0.0001930658909259364
13,719,19113,5.3691161156166345e-05
13,720,19114,0.0004636203811969608
13,721,19115,0.0003113825514446944
13,722,19116,0.00022043853823561221
13,723,19117,0.0003406123141758144
13,724,19118,0.00034181500086560845
13,725,19119,0.00017593652592040598
13,726,19120,7.663373980903998e-05
13,727,19121,0.00017657194985076785
13,728,19122,0.00014767660468351096
13,729,19123,0.00021157933224458247
13,730,19124,0.00027676313766278327
13,731,19125,0.00017424629186280072
13,732,19126,0.0002428141888231039
13,733,19127,0.00042251512059010565
13,734,19128,0.0001845770311774686
13,735,19129,0.00015518908912781626
13,736,19130,0.00014694634592160583
13,737,19131,0.0007633126806467772
13,738,19132,0.000286043097730726
13,739,19133,0.0002221021131845191
13,740,19134,0.00012951111420989037
13,741,19135,0.00026591733330860734
13,742,19136,0.0035109359305351973
13,743,19137,0.0002806310367304832
13,744,19138,0.0013261371059343219
13,745,19139,0.00018945492047350854
13,746,19140,0.00010006169759435579
13,747,19141,0.00015102331235539168
13,748,19142,0.0003771743504330516
13,749,19143,0.00018748272850643843
13,750,19144,0.015355408191680908
13,751,19145,0.00013759417925029993
13,752,19146,0.0004179650859441608
13,753,19147,0.000199253685423173
13,754,19148,0.0003182493383064866
13,755,19149,0.0001459310733480379
13,756,19150,0.0001610554609214887
13,757,19151,0.0006388501496985555
13,758,19152,0.0003801764687523246
13,759,19153,0.006875514984130859
13,760,19154,0.0002721277123782784
13,761,19155,0.000117959723866079
13,762,19156,0.0005742801004089415
13,763,19157,0.06091611832380295
13,764,19158,0.0002965665771625936
13,765,19159,9.122316259890795e-05
13,766,19160,0.0002620066225063056
13,767,19161,0.0002535798994358629
13,768,19162,0.0001951735612237826
13,769,19163,0.00020682545437011868
13,770,19164,0.00015434336091857404
13,771,19165,0.00018748370348475873
13,772,19166,0.00012722979590762407
13,773,19167,0.00020245302584953606
13,774,19168,0.0002755366440396756
13,775,19169,0.0002339604398002848
13,776,19170,0.0002724805672187358
13,777,19171,0.0004323319881223142
13,778,19172,0.0001856864691944793
13,779,19173,0.002005565445870161
13,780,19174,0.0006138724274933338
13,781,19175,6.265886622713879e-05
13,782,19176,0.0009783979039639235
13,783,19177,0.0012475289404392242
13,784,19178,0.00019445897487457842
13,785,19179,6.530122482217848e-05
13,786,19180,0.0020054492633789778
13,787,19181,0.0002536468964535743
13,788,19182,0.010032427497208118
13,789,19183,0.0003543203929439187
13,790,19184,0.00031376833794638515
13,791,19185,0.002126844599843025
13,792,19186,0.00044050748692825437
13,793,19187,0.00017594073142390698
13,794,19188,0.0010270923376083374
13,795,19189,0.00012474687537178397
13,796,19190,0.0002876013168133795
13,797,19191,0.00012026261538267136
13,798,19192,0.0026156315580010414
13,799,19193,0.0269685760140419
13,800,19194,0.00024053140077739954
13,801,19195,0.00019781137234531343
13,802,19196,0.00037162573426030576
13,803,19197,0.0010241386480629444
13,804,19198,0.0013940314529463649
13,805,19199,0.00022271127090789378
13,806,19200,0.0001917125191539526
13,807,19201,0.0002009792806347832
13,808,19202,0.00020185222092550248
13,809,19203,0.011873212642967701
13,810,19204,0.00026099022943526506
13,811,19205,0.0003139011678285897
13,812,19206,0.0002654005656950176
13,813,19207,0.00045034807408228517
13,814,19208,0.00033056142274290323
13,815,19209,0.00021951536473352462
13,816,19210,0.0002582552842795849
13,817,19211,0.00024783669505268335
13,818,19212,0.03150138258934021
13,819,19213,0.006952695082873106
13,820,19214,0.0003050793311558664
13,821,19215,0.00028133628075011075
13,822,19216,7.491747237509117e-05
13,823,19217,0.0003588983090594411
13,824,19218,0.0005735820741392672
13,825,19219,0.0002782565716188401
13,826,19220,0.00029049511067569256
13,827,19221,0.002402606187388301
13,828,19222,0.0008433510083705187
13,829,19223,0.021013248711824417
13,830,19224,0.0007544182008132339
13,831,19225,0.0005840741214342415
13,832,19226,0.00011163401359226555
13,833,19227,0.00024181348271667957
13,834,19228,0.0001940504735102877
13,835,19229,0.000490686681587249
13,836,19230,0.00036496782558970153
13,837,19231,0.0002912788768298924
13,838,19232,5.968675759504549e-05
13,839,19233,0.0377655103802681
13,840,19234,0.001020267023704946
13,841,19235,0.00038630826747976243
13,842,19236,0.00018400698900222778
13,843,19237,0.014213421382009983
13,844,19238,0.02846672385931015
13,845,19239,0.0002708668471314013
13,846,19240,0.00011075071233790368
13,847,19241,0.0008805953548289835
13,848,19242,0.00010710132482927293
13,849,19243,0.00025192927569150925
13,850,19244,0.000479546986753121
13,851,19245,0.015643997117877007
13,852,19246,0.00018327496945858002
13,853,19247,0.00029611942591145635
13,854,19248,0.0005171537050046027
13,855,19249,0.00015831200289539993
13,856,19250,0.0003778230457101017
13,857,19251,0.0007228867034427822
13,858,19252,0.0003864683967549354
13,859,19253,0.0005806205444969237
13,860,19254,0.00019255747611168772
13,861,19255,0.00042521796422079206
13,862,19256,0.0005899113020859659
13,863,19257,0.0006585032679140568
13,864,19258,0.00034745578886941075
13,865,19259,0.00043317730887793005
13,866,19260,0.00037724952562712133
13,867,19261,0.0011852182215079665
13,868,19262,0.001045936718583107
13,869,19263,0.0006225042161531746
13,870,19264,0.0008639960433356464
13,871,19265,0.00011316851305309683
13,872,19266,0.00025171510060317814
13,873,19267,0.0002614379918668419
13,874,19268,0.0003459712606854737
13,875,19269,0.00017943819693755358
13,876,19270,0.00014498592645395547
13,877,19271,0.0003548509266693145
13,878,19272,0.00023695528216194361
13,879,19273,0.0008335657184943557
13,880,19274,0.00033922959119081497
13,881,19275,0.00023252060054801404
13,882,19276,0.0003955118008889258
13,883,19277,0.0003631634754128754
13,884,19278,0.0003259648219682276
13,885,19279,0.0016102148219943047
13,886,19280,0.0017476860666647553
13,887,19281,0.0005525869783014059
13,888,19282,0.0003217240155208856
13,889,19283,0.0008133119554258883
13,890,19284,0.00044506750418804586
13,891,19285,0.0003036143316421658
13,892,19286,0.0004542065435089171
13,893,19287,0.00015820881526451558
13,894,19288,0.002325126202777028
13,895,19289,0.000808814016636461
13,896,19290,0.0011353619629517198
13,897,19291,0.0003621768264565617
13,898,19292,0.0003579975455068052
13,899,19293,0.0004861860943492502
13,900,19294,0.00021825561998412013
13,901,19295,0.0007395215798169374
13,902,19296,0.00019774686370510608
13,903,19297,0.00019111388246528804
13,904,19298,0.0007461440400220454
13,905,19299,0.00020381972717586905
13,906,19300,0.0004567208234220743
13,907,19301,0.0003474297118373215
13,908,19302,0.0005045632133260369
13,909,19303,0.0004962111706845462
13,910,19304,0.00036868746974505484
13,911,19305,0.0011621257290244102
13,912,19306,0.00010114595352206379
13,913,19307,0.0007158693624660373
13,914,19308,0.00045790220610797405
13,915,19309,0.00025804925826378167
13,916,19310,0.00016385437629651278
13,917,19311,0.0002470965264365077
13,918,19312,0.0001884874509414658
13,919,19313,0.0003849140484817326
13,920,19314,0.0005710495170205832
13,921,19315,0.0002748885890468955
13,922,19316,0.008441822603344917
13,923,19317,0.00018776810611598194
13,924,19318,0.0013380611781030893
13,925,19319,0.0003856187395285815
13,926,19320,0.0010375960264354944
13,927,19321,0.00017498523811809719
13,928,19322,0.0003018743882421404
13,929,19323,0.0015328776789829135
13,930,19324,0.0001494393072789535
13,931,19325,5.168306961422786e-05
13,932,19326,0.000649925961624831
13,933,19327,0.0003093554696533829
13,934,19328,0.0004381323524285108
13,935,19329,0.0003001690492965281
13,936,19330,0.00012556185538414866
13,937,19331,0.00039055992965586483
13,938,19332,0.0003128160606138408
13,939,19333,0.00021999370073899627
13,940,19334,0.0004171745968051255
13,941,19335,0.00037311785854399204
13,942,19336,0.004520530346781015
13,943,19337,0.00017710520478431135
13,944,19338,0.0002425506099825725
13,945,19339,0.0005793262389488518
13,946,19340,0.000438269111327827
13,947,19341,0.0003218166239093989
13,948,19342,0.00012506500934250653
13,949,19343,0.00022181644453667104
13,950,19344,0.0002483766293153167
13,951,19345,0.0004309444921091199
13,952,19346,0.000202607101527974
13,953,19347,0.00018135388381779194
13,954,19348,0.00019901928317267448
13,955,19349,0.0003018988063558936
13,956,19350,0.00027237398899160326
13,957,19351,0.000260304834228009
13,958,19352,0.00030207037343643606
13,959,19353,0.0034626112319529057
13,960,19354,0.00025763289886526763
13,961,19355,0.00025933331926353276
13,962,19356,0.00023559974215459079
13,963,19357,0.00032301057945005596
13,964,19358,0.00033979726140387356
13,965,19359,0.00015874375822022557
13,966,19360,0.00022178958170115948
13,967,19361,0.0002144687168765813
13,968,19362,0.00026064697885885835
13,969,19363,0.00011966975580435246
13,970,19364,6.017980194883421e-05
13,971,19365,0.00023399312340188771
13,972,19366,0.00010673950600903481
13,973,19367,0.00014517332601826638
13,974,19368,0.000471041799755767
13,975,19369,0.00031165554537437856
13,976,19370,0.00014736746379639953
13,977,19371,0.00034145626705139875
13,978,19372,0.00019880259060300887
13,979,19373,0.00029606823227368295
13,980,19374,0.00014011285384185612
13,981,19375,0.003200386418029666
13,982,19376,0.0006708798464387655
13,983,19377,0.00023941999825183302
13,984,19378,0.00016551947919651866
13,985,19379,0.00015096277638804168
13,986,19380,0.0001724460016703233
13,987,19381,0.00023303144553210586
13,988,19382,5.587853229371831e-05
13,989,19383,0.0001606581936357543
13,990,19384,0.00018478553101886064
13,991,19385,6.005950490362011e-05
13,992,19386,0.00020916751236654818
13,993,19387,0.00033344855182804167
13,994,19388,0.004931672476232052
13,995,19389,0.00020062709518242627
13,996,19390,0.0003527830995153636
13,997,19391,5.932338899583556e-05
13,998,19392,0.0009572319104336202
13,999,19393,0.00016218550445046276
13,1000,19394,0.00018949812510982156
13,1001,19395,0.001250309171155095
13,1002,19396,0.00015331286704167724
13,1003,19397,0.00010446513624629006
13,1004,19398,0.000286588299786672
13,1005,19399,0.00018533116963226348
13,1006,19400,0.0003404586750548333
13,1007,19401,0.010305801406502724
13,1008,19402,0.00032473349710926414
13,1009,19403,0.00022248867026064545
13,1010,19404,0.00014873316104058176
13,1011,19405,0.00020837450574617833
13,1012,19406,0.0002555038081482053
13,1013,19407,0.0001737601269269362
13,1014,19408,0.00014816128532402217
13,1015,19409,0.00030036125099286437
13,1016,19410,0.00014923881099093705
13,1017,19411,0.0001434846199117601
13,1018,19412,0.00024408935860265046
13,1019,19413,0.00034525987575761974
13,1020,19414,0.0002465399738866836
13,1021,19415,0.00010176718205912039
13,1022,19416,0.0002701446646824479
13,1023,19417,9.562242485117167e-05
13,1024,19418,0.00022236673976294696
13,1025,19419,9.963990305550396e-05
13,1026,19420,0.00027530299848876894
13,1027,19421,0.00018189394904766232
13,1028,19422,0.00020112982019782066
13,1029,19423,0.0016395464772358537
13,1030,19424,0.0017421008087694645
13,1031,19425,0.0003448027709964663
13,1032,19426,0.0068601821549236774
13,1033,19427,0.00012416062236297876
13,1034,19428,0.00011843868560390547
13,1035,19429,0.00021189823746681213
13,1036,19430,0.00018439195991959423
13,1037,19431,0.00015279879153240472
13,1038,19432,0.00029029740835539997
13,1039,19433,0.022164884954690933
13,1040,19434,0.0010370910167694092
13,1041,19435,0.00017093398491851985
13,1042,19436,0.00018737936625257134
13,1043,19437,0.0003625366953201592
13,1044,19438,5.714373037335463e-05
13,1045,19439,0.00014172012743074447
13,1046,19440,0.00023116485681384802
13,1047,19441,0.00027283388772048056
13,1048,19442,0.00027662268257699907
13,1049,19443,0.00015083285688888282
13,1050,19444,0.031079597771167755
13,1051,19445,0.00013187489821575582
13,1052,19446,0.00020362134091556072
13,1053,19447,0.00029356739833019674
13,1054,19448,0.0002138661511708051
13,1055,19449,0.00025806869962252676
13,1056,19450,0.0010720707941800356
13,1057,19451,0.00013436964945867658
13,1058,19452,0.00014078627282287925
13,1059,19453,0.00026465169503353536
13,1060,19454,0.00032447976991534233
13,1061,19455,0.00018842438294086605
13,1062,19456,0.0017247204668819904
13,1063,19457,0.0001448227558284998
13,1064,19458,0.00020180310821160674
13,1065,19459,0.015881307423114777
13,1066,19460,0.00015517460997216403
13,1067,19461,0.00024027988547459245
13,1068,19462,0.00023940108076203614
13,1069,19463,0.000672880734782666
13,1070,19464,0.00035940343514084816
13,1071,19465,0.00025217144866473973
13,1072,19466,0.00035041908267885447
13,1073,19467,0.00021878944244235754
13,1074,19468,0.00014887991710565984
13,1075,19469,0.00015142142365220934
13,1076,19470,0.0001860952324932441
13,1077,19471,0.00014572621148545295
13,1078,19472,0.0002426166902296245
13,1079,19473,0.0002418963995296508
13,1080,19474,0.0005098377005197108
13,1081,19475,0.0018352943006902933
13,1082,19476,6.703149119857699e-05
13,1083,19477,0.00034249541931785643
13,1084,19478,0.0008590162033215165
13,1085,19479,0.0001995617349166423
13,1086,19480,0.00013951631262898445
13,1087,19481,0.0007962934323586524
13,1088,19482,0.0004586811119224876
13,1089,19483,0.00016269007755909115
13,1090,19484,0.010365805588662624
13,1091,19485,0.00035115639911964536
13,1092,19486,0.0017195818945765495
13,1093,19487,0.0006745277787558734
13,1094,19488,0.0012773278867825866
13,1095,19489,0.00033651370904408395
13,1096,19490,6.013211896060966e-05
13,1097,19491,0.0003317244700156152
13,1098,19492,0.003755408339202404
13,1099,19493,5.470255564432591e-05
13,1100,19494,0.00015174856525845826
13,1101,19495,0.0003282045654486865
13,1102,19496,0.00026470489683561027
13,1103,19497,0.0002551533980295062
13,1104,19498,0.00023572836653329432
13,1105,19499,0.00020687103096861392
13,1106,19500,0.00012755465286318213
13,1107,19501,0.00017842282250057906
13,1108,19502,0.0007966451230458915
13,1109,19503,0.00017194812244269997
13,1110,19504,0.0014474450144916773
13,1111,19505,0.00015376671217381954
13,1112,19506,0.001559520373120904
13,1113,19507,0.00024146238865796477
13,1114,19508,0.00023283353948500007
13,1115,19509,0.00046604793169535697
13,1116,19510,0.00016626546857878566
13,1117,19511,0.00010574689804343507
13,1118,19512,0.0010690119815990329
13,1119,19513,0.00022083600924815983
13,1120,19514,0.0001651918573770672
13,1121,19515,0.002519473433494568
13,1122,19516,0.0002262682537548244
13,1123,19517,0.00022680488473270088
13,1124,19518,0.00014065457799006253
13,1125,19519,0.00031057492014952004
13,1126,19520,0.0003059888840653002
13,1127,19521,5.0055394240189344e-05
13,1128,19522,0.00019563810201361775
13,1129,19523,0.0002194373810198158
13,1130,19524,0.00011822347732959315
13,1131,19525,0.00018281518714502454
13,1132,19526,0.00027667038375511765
13,1133,19527,0.0004025242815259844
13,1134,19528,0.0002869732561521232
13,1135,19529,0.00023991178022697568
13,1136,19530,6.167093670228496e-05
13,1137,19531,0.0003834362141788006
13,1138,19532,0.00015258044004440308
13,1139,19533,0.00013787216448690742
13,1140,19534,0.00033572225947864354
13,1141,19535,0.0001036637622746639
13,1142,19536,0.00021109011140652
13,1143,19537,0.0002807746350299567
13,1144,19538,0.00024898635456338525
13,1145,19539,0.0006182915531098843
13,1146,19540,0.0007285386091098189
13,1147,19541,0.00024706649128347635
13,1148,19542,0.0010771045926958323
13,1149,19543,0.002027370035648346
13,1150,19544,0.00015189268742688
13,1151,19545,0.000319597776979208
13,1152,19546,0.0010050606215372682
13,1153,19547,0.00023954626522026956
13,1154,19548,0.00024339332594536245
13,1155,19549,0.0002451456675771624
13,1156,19550,0.00015547867224086076
13,1157,19551,0.0012257186463102698
13,1158,19552,0.00030472269281744957
13,1159,19553,0.0004424247599672526
13,1160,19554,0.00028195284539833665
13,1161,19555,0.002284024376422167
13,1162,19556,0.00019326859910506755
13,1163,19557,0.0003750097821466625
13,1164,19558,0.00016369573131669313
13,1165,19559,0.0001869682309916243
13,1166,19560,0.00013085163664072752
13,1167,19561,0.00040477802394889295
13,1168,19562,0.00016098101332318038
13,1169,19563,0.00031270665931515396
13,1170,19564,0.0039452784694731236
13,1171,19565,8.82848326000385e-05
13,1172,19566,0.00014680482854600996
13,1173,19567,0.00021839322289451957
13,1174,19568,0.0002548547345213592
13,1175,19569,0.00020655780099332333
13,1176,19570,0.00021872337674722075
13,1177,19571,0.00021745834965258837
13,1178,19572,0.00019808243087027222
13,1179,19573,0.0002287567622261122
13,1180,19574,0.0001678515545791015
13,1181,19575,0.0003705591370817274
13,1182,19576,0.00016177105135284364
13,1183,19577,0.00023294838319998235
13,1184,19578,0.00032233502133749425
13,1185,19579,0.0001876793976407498
13,1186,19580,0.0002176949637942016
13,1187,19581,0.00015780491230543703
13,1188,19582,0.00017823379312176257
13,1189,19583,5.1456390792736784e-05
13,1190,19584,0.0071717677637934685
13,1191,19585,0.0001677109976299107
13,1192,19586,0.001358273671939969
13,1193,19587,0.0010833232663571835
13,1194,19588,0.00010632871271809563
13,1195,19589,0.0001282846787944436
13,1196,19590,0.0002929812471847981
13,1197,19591,0.00011041871039196849
13,1198,19592,0.00021337941871024668
13,1199,19593,0.00016820585005916655
13,1200,19594,0.00025820356677286327
13,1201,19595,0.00041298283031210303
13,1202,19596,0.00014639405708294362
13,1203,19597,9.113056876230985e-05
13,1204,19598,0.00030214464641176164
13,1205,19599,0.00039537710836157203
13,1206,19600,0.00021320792438928038
13,1207,19601,0.0005333102308213711
13,1208,19602,0.00020508846500888467
13,1209,19603,0.00028514506993815303
13,1210,19604,0.00014837585331406444
13,1211,19605,0.00011754877778002992
13,1212,19606,0.00024327448045369238
13,1213,19607,0.0016910294070839882
13,1214,19608,0.0002008005976676941
13,1215,19609,0.00034149247221648693
13,1216,19610,0.00012923064059577882
13,1217,19611,0.0002811816520988941
13,1218,19612,0.00021161502809263766
13,1219,19613,0.0002458633971400559
13,1220,19614,0.0006988692912273109
13,1221,19615,0.00023464419064112008
13,1222,19616,0.00018276934861205518
13,1223,19617,0.00020905279961880296
13,1224,19618,0.00013945309910923243
13,1225,19619,0.00018139211169909686
13,1226,19620,0.00014716746227350086
13,1227,19621,0.00031336600659415126
13,1228,19622,0.0005763102672062814
13,1229,19623,0.00023346148373093456
13,1230,19624,8.862859976943582e-05
13,1231,19625,0.00021044272580184042
13,1232,19626,0.00034650464658625424
13,1233,19627,0.00015081107267178595
13,1234,19628,7.810306124156341e-05
13,1235,19629,0.0003151411656290293
13,1236,19630,0.0002996703842654824
13,1237,19631,0.00018394073413219303
13,1238,19632,0.0003277689393144101
13,1239,19633,0.0003195186145603657
13,1240,19634,0.00021037385158706456
13,1241,19635,7.770834781695157e-05
13,1242,19636,0.00021214314620010555
13,1243,19637,0.0002470773470122367
13,1244,19638,0.00019961468933615834
13,1245,19639,0.0037089770194143057
13,1246,19640,0.00025269112666137516
13,1247,19641,0.00022073439322412014
13,1248,19642,4.475728201214224e-05
13,1249,19643,0.0002352779556531459
13,1250,19644,0.00027683880762197077
13,1251,19645,0.0005353558226488531
13,1252,19646,0.00016423981287516654
13,1253,19647,0.00018225489475298673
13,1254,19648,0.00022875500144436955
13,1255,19649,0.00025942380307242274
13,1256,19650,0.002780122449621558
13,1257,19651,9.023233724292368e-05
13,1258,19652,0.000512247032020241
13,1259,19653,0.000265680777374655
13,1260,19654,0.00015634788724128157
13,1261,19655,0.00027441722340881824
13,1262,19656,0.0002188922226196155
13,1263,19657,0.00020197095000185072
13,1264,19658,0.0002481350675225258
13,1265,19659,0.0002720357442740351
13,1266,19660,0.00023854397295508534
13,1267,19661,0.00025614036712795496
13,1268,19662,0.0003292842011433095
13,1269,19663,0.00020266088540665805
13,1270,19664,0.0002363935491302982
13,1271,19665,0.00017085467698052526
13,1272,19666,0.00021949107758700848
13,1273,19667,0.00019620986131485552
13,1274,19668,0.00044122827239334583
13,1275,19669,0.00015937970601953566
13,1276,19670,0.0002647137444000691
13,1277,19671,0.00013086420949548483
13,1278,19672,0.00018334250489715487
13,1279,19673,0.00026061985408887267
13,1280,19674,0.00043445080518722534
13,1281,19675,0.00027277591289021075
13,1282,19676,0.0001961321395356208
13,1283,19677,0.00010970501898555085
13,1284,19678,0.02999197691679001
13,1285,19679,0.0002127716434188187
13,1286,19680,0.0012026055483147502
13,1287,19681,0.0001696821127552539
13,1288,19682,0.00013309625501278788
13,1289,19683,0.001000697840936482
13,1290,19684,0.00015588750829920173
13,1291,19685,0.004031176213175058
13,1292,19686,0.00032832552096806467
13,1293,19687,6.350337207550183e-05
13,1294,19688,0.001046195044182241
13,1295,19689,6.0807797126471996e-05
13,1296,19690,0.00016500463243573904
13,1297,19691,0.00039177734288387
13,1298,19692,0.006354731507599354
13,1299,19693,0.00023877614876255393
13,1300,19694,0.00038252779631875455
13,1301,19695,0.00035770609974861145
13,1302,19696,0.00026055032503791153
13,1303,19697,0.001464910339564085
13,1304,19698,0.00019380642333999276
13,1305,19699,0.0001897848123917356
13,1306,19700,8.868606528267264e-05
13,1307,19701,0.00014778478362131864
13,1308,19702,0.0001321659074164927
13,1309,19703,0.00040814612293615937
13,1310,19704,0.00032635303796269
13,1311,19705,0.00015518606232944876
13,1312,19706,0.000237484069657512
13,1313,19707,5.228050213190727e-05
13,1314,19708,0.00013875376316718757
13,1315,19709,0.00024329630832653493
13,1316,19710,0.0002093730290653184
13,1317,19711,0.00022966241522226483
13,1318,19712,0.00021046683832537383
13,1319,19713,9.443888120586053e-05
13,1320,19714,0.0005578888230957091
13,1321,19715,0.0015057135606184602
13,1322,19716,0.00018751196330413222
13,1323,19717,0.00026631730725057423
13,1324,19718,0.00026736222207546234
13,1325,19719,0.00016173350741155446
13,1326,19720,0.00016746227629482746
13,1327,19721,0.00017296586884185672
13,1328,19722,0.00319428532384336
13,1329,19723,0.00020389091514516622
13,1330,19724,0.00044133327901363373
13,1331,19725,0.0002953187213279307
13,1332,19726,0.0002815620682667941
13,1333,19727,0.0004951723967678845
13,1334,19728,0.00025928468676283956
13,1335,19729,0.000165109770023264
13,1336,19730,0.00017101032426580787
13,1337,19731,7.507947884732857e-05
13,1338,19732,0.0017190505750477314
13,1339,19733,0.00024291193403769284
13,1340,19734,9.960212628357112e-05
13,1341,19735,9.933390538208187e-05
13,1342,19736,0.00025741560966707766
13,1343,19737,0.0021216762252151966
13,1344,19738,0.00028409663354977965
13,1345,19739,0.00015490299847442657
13,1346,19740,0.00014799372002016753
13,1347,19741,0.004342359025031328
13,1348,19742,0.00013172185572329909
13,1349,19743,0.00017971247143577784
13,1350,19744,0.00013493905134964734
13,1351,19745,0.0010678471298888326
13,1352,19746,0.0002924556902144104
13,1353,19747,8.468051964882761e-05
13,1354,19748,0.0022729975171387196
13,1355,19749,0.0003856852126773447
13,1356,19750,0.00021977594587951899
13,1357,19751,5.1713948778342456e-05
13,1358,19752,0.0001524101389804855
13,1359,19753,0.0001274470123462379
13,1360,19754,0.00045581659651361406
13,1361,19755,0.0002201217139372602
13,1362,19756,0.00019564316608011723
13,1363,19757,0.0002199165610363707
13,1364,19758,0.00015605983207933605
13,1365,19759,0.00011742820061044767
13,1366,19760,0.00010811985703185201
13,1367,19761,0.00017940165707841516
13,1368,19762,9.19975500437431e-05
13,1369,19763,0.00014958276005927473
13,1370,19764,0.00017591126379556954
13,1371,19765,0.00029000561335124075
13,1372,19766,0.0001455043675377965
13,1373,19767,0.00019123556558042765
13,1374,19768,0.00012414359662216157
13,1375,19769,0.00023891085584182292
13,1376,19770,0.00031842145835980773
13,1377,19771,5.5708638683427125e-05
13,1378,19772,0.00018184291548095644
13,1379,19773,9.285528358304873e-05
13,1380,19774,0.0001934313913807273
13,1381,19775,0.00026420768699608743
13,1382,19776,0.00016215555660892278
13,1383,19777,0.00014332188584376127
13,1384,19778,0.00018571627151686698
13,1385,19779,0.0004173099296167493
13,1386,19780,0.0009603388607501984
13,1387,19781,0.0006149141117930412
13,1388,19782,0.0001749981165630743
13,1389,19783,0.024794630706310272
13,1390,19784,0.0001429900439688936
13,1391,19785,0.0002865231654141098
13,1392,19786,0.00035322329495102167
13,1393,19787,0.00011437368812039495
13,1394,19788,0.0001949342549778521
13,1395,19789,0.00029146752785891294
13,1396,19790,0.0002191457897424698
13,1397,19791,0.00020681189198512584
13,1398,19792,0.00021062674932181835
13,1399,19793,0.00048003654228523374
13,1400,19794,0.00020938823581673205
13,1401,19795,0.0002979269775096327
13,1402,19796,0.005947770085185766
13,1403,19797,0.0002800700895022601
13,1404,19798,0.00013216563093010336
13,1405,19799,0.0047595626674592495
13,1406,19800,0.00021024560555815697
13,1407,19801,0.0004402825143188238
13,1408,19802,0.00019091428839601576
13,1409,19803,0.00017460595699958503
13,1410,19804,0.00027893471997231245
13,1411,19805,0.000342975661624223
13,1412,19806,0.0014588362537324429
13,1413,19807,0.00047407785314135253
13,1414,19808,9.970325481845066e-05
13,1415,19809,0.00015181915659923106
14,1,19810,0.00024323385150637478
14,2,19811,0.000386304542189464
14,3,19812,0.0002978243865072727
14,4,19813,0.00013094920723233372
14,5,19814,0.00016035760927479714
14,6,19815,0.0001130850359913893
14,7,19816,0.0033865883015096188
14,8,19817,0.0002335341414436698
14,9,19818,0.00019387001520954072
14,10,19819,0.000187934041605331
14,11,19820,0.00018361562979407609
14,12,19821,0.00012979413440916687
14,13,19822,0.00015955200069583952
14,14,19823,0.00027753476751968265
14,15,19824,0.0002309060946572572
14,16,19825,0.00014538428513333201
14,17,19826,0.0001786788197932765
14,18,19827,0.00024410161131527275
14,19,19828,0.0002522194117773324
14,20,19829,0.0004168018058408052
14,21,19830,0.0001352525723632425
14,22,19831,0.00022974552121013403
14,23,19832,0.00022883449855726212
14,24,19833,0.00011543216533027589
14,25,19834,0.00020058882364537567
14,26,19835,0.0002381968661211431
14,27,19836,0.019604487344622612
14,28,19837,0.0002573396486695856
14,29,19838,8.369916758965701e-05
14,30,19839,0.003350716084241867
14,31,19840,6.018886051606387e-05
14,32,19841,5.0840280891861767e-05
14,33,19842,4.3680487578967586e-05
14,34,19843,0.0002187995851272717
14,35,19844,0.000563332810997963
14,36,19845,0.0001725497713778168
14,37,19846,0.0004743201134260744
14,38,19847,0.00020384610979817808
14,39,19848,0.00025395277771167457
14,40,19849,0.00024470119387842715
14,41,19850,0.00026437538326717913
14,42,19851,0.00016950847930274904
14,43,19852,0.0004263705632183701
14,44,19853,9.602643694961444e-05
14,45,19854,0.00017058478260878474
14,46,19855,0.00021353343618102372
14,47,19856,0.0003338117676321417
14,48,19857,0.00011021913087461144
14,49,19858,0.00019195651111658663
14,50,19859,0.00032739597372710705
14,51,19860,0.0002972046204376966
14,52,19861,0.00022331791114993393
14,53,19862,0.0001189256290672347
14,54,19863,0.0002664729836396873
14,55,19864,0.00023682156461291015
14,56,19865,0.0002056530793197453
14,57,19866,0.00019826703646685928
14,58,19867,0.0003445080074016005
14,59,19868,0.00025580578949302435
14,60,19869,0.00016196834621950984
14,61,19870,0.00017779470363166183
14,62,19871,0.0011147508630529046
14,63,19872,0.00015062876627780497
14,64,19873,0.0002727484388742596
14,65,19874,0.0003694661136250943
14,66,19875,0.00024040465359576046
14,67,19876,0.00014819153875578195
14,68,19877,4.184685167274438e-05
14,69,19878,0.00016878081078175455
14,70,19879,0.0004692344518844038
14,71,19880,0.0002875565260183066
14,72,19881,0.0001242060970980674
14,73,19882,0.00035495651536621153
14,74,19883,0.00014658636064268649
14,75,19884,0.0002543936134316027
14,76,19885,0.00017152757209260017
14,77,19886,7.976095366757363e-05
14,78,19887,0.00015638854529242963
14,79,19888,0.00014389099669642746
14,80,19889,0.0001737034908728674
14,81,19890,0.00019356345001142472
14,82,19891,0.0002512619539629668
14,83,19892,0.00011501457629492506
14,84,19893,0.00011527471360750496
14,85,19894,0.00011512370110722259
14,86,19895,0.005792032461613417
14,87,19896,0.0015619356418028474
14,88,19897,0.0002050294860964641
14,89,19898,0.0002607920323498547
14,90,19899,9.454484097659588e-05
14,91,19900,6.612564902752638e-05
14,92,19901,0.00023237937421072274
14,93,19902,0.00011695966531988233
14,94,19903,0.0013849623501300812
14,95,19904,0.0003033177345059812
14,96,19905,0.0003015448746737093
14,97,19906,0.0004093330353498459
14,98,19907,0.00023349640832748264
14,99,19908,0.00015596879529766738
14,100,19909,0.00021423895668704063
14,101,19910,0.00017168361227959394
14,102,19911,0.00014818798808846623
14,103,19912,0.00018728240684140474
14,104,19913,0.00026900769444182515
14,105,19914,0.00011714143329299986
14,106,19915,0.0001353483385173604
14,107,19916,0.0009443779708817601
14,108,19917,0.0003589445841498673
14,109,19918,0.00034477721783332527
14,110,19919,0.00022086781973484904
14,111,19920,8.84670444065705e-05
14,112,19921,0.00026263861218467355
14,113,19922,0.00021410590852610767
14,114,19923,0.0001757164573064074
14,115,19924,0.00011940578406210989
14,116,19925,0.00014059041859582067
14,117,19926,0.00022364464530255646
14,118,19927,4.725273902295157e-05
14,119,19928,0.00021061699953861535
14,120,19929,0.00012184164370410144
14,121,19930,8.781084761722013e-05
14,122,19931,0.0001256582618225366
14,123,19932,0.003860029624775052
14,124,19933,0.00013905846572015435
14,125,19934,0.00014269875828176737
14,126,19935,0.0002921356644947082
14,127,19936,3.9752972952555865e-05
14,128,19937,0.00015908341447357088
14,129,19938,0.00018125817587133497
14,130,19939,0.000154057503095828
14,131,19940,0.00013162128743715584
14,132,19941,0.00018835932132788002
14,133,19942,0.00012876030814368278
14,134,19943,0.00040835613617673516
14,135,19944,0.0014721835032105446
14,136,19945,0.00025337139959447086
14,137,19946,0.00014169405039865524
14,138,19947,7.58711394155398e-05
14,139,19948,0.0033497062977403402
14,140,19949,0.0002303233923157677
14,141,19950,0.00017238051805179566
14,142,19951,0.00014094468497205526
14,143,19952,0.00026872882153838873
14,144,19953,0.00012014233652735129
14,145,19954,0.0003635642642620951
14,146,19955,0.0003541442274581641
14,147,19956,0.0001292367815040052
14,148,19957,8.777522452874109e-05
14,149,19958,0.0002412039611954242
14,150,19959,0.00016759241407271475
14,151,19960,0.00018823124992195517
14,152,19961,0.00018847754108719528
14,153,19962,0.017238611355423927
14,154,19963,0.00023935876379255205
14,155,19964,0.00033325355616398156
14,156,19965,0.00018101194291375577
14,157,19966,0.001300244708545506
14,158,19967,0.0002557727857492864
14,159,19968,0.00022316981630865484
14,160,19969,0.0001722611632430926
14,161,19970,0.0001857118622865528
14,162,19971,0.00016885838704183698
14,163,19972,0.00015705097757745534
14,164,19973,9.602977661415935e-05
14,165,19974,3.884105171891861e-05
14,166,19975,0.0001601999974809587
14,167,19976,0.0001839616015786305
14,168,19977,0.0001077425986295566
14,169,19978,0.0001801303878892213
14,170,19979,0.00026239955332130194
14,171,19980,0.00020364575902931392
14,172,19981,0.00028774800011888146
14,173,19982,0.00012554968998301774
14,174,19983,0.00016092881560325623
14,175,19984,0.00021356166689656675
14,176,19985,0.00042921066051349044
14,177,19986,0.000161153802764602
14,178,19987,8.510977932019159e-05
14,179,19988,0.004011338111013174
14,180,19989,0.024093108251690865
14,181,19990,8.907377196010202e-05
14,182,19991,0.00016121103544719517
14,183,19992,0.00021855658269487321
14,184,19993,0.00013490946730598807
14,185,19994,0.0001805976644391194
14,186,19995,0.00028470519464462996
14,187,19996,0.0002835718041751534
14,188,19997,0.0009180883062072098
14,189,19998,0.00016738977865315974
14,190,19999,0.0003002234734594822
14,191,20000,0.0017960220575332642
14,192,20001,0.00020837492775171995
14,193,20002,0.0007953898748382926
14,194,20003,0.0002421858225716278
14,195,20004,0.011480879038572311
14,196,20005,0.00015268177958205342
14,197,20006,0.00021467951592057943
14,198,20007,0.00021083190222270787
14,199,20008,0.00042415803181938827
14,200,20009,0.00020538993703667074
14,201,20010,0.00019298990082461387
14,202,20011,0.0003436709812376648
14,203,20012,0.00017279044550377876
14,204,20013,8.686619548825547e-05
14,205,20014,0.0001641508424654603
14,206,20015,0.003006650134921074
14,207,20016,0.00012217838957440108
14,208,20017,0.0002682016638573259
14,209,20018,0.00019827106734737754
14,210,20019,0.00021436280803754926
14,211,20020,0.0002488946483936161
14,212,20021,0.00014177394041325897
14,213,20022,0.0006176626775413752
14,214,20023,0.0007090435246936977
14,215,20024,0.00018224561063107103
14,216,20025,0.0003248810244258493
14,217,20026,0.0003184994566254318
14,218,20027,0.00028953803121112287
14,219,20028,0.00029097756487317383
14,220,20029,0.0005170476506464183
14,221,20030,0.002786019816994667
14,222,20031,9.579902689438313e-05
14,223,20032,0.0003982038761023432
14,224,20033,0.0002647938090376556
14,225,20034,0.0003490852250251919
14,226,20035,0.00021177621965762228
14,227,20036,0.0003291848988737911
14,228,20037,0.00023425098333973438
14,229,20038,0.00020297442097216845
14,230,20039,0.00018132943660020828
14,231,20040,0.00019150672596879303
14,232,20041,0.00022765838366467506
14,233,20042,0.0009196813334710896
14,234,20043,0.00024503402528353035
14,235,20044,0.00011713892308762297
14,236,20045,0.0003112065023742616
14,237,20046,0.0002678849850781262
14,238,20047,0.00022127719421405345
14,239,20048,0.000317022786475718
14,240,20049,0.00024429752374999225
14,241,20050,0.0001823782513383776
14,242,20051,0.00012886848708149046
14,243,20052,0.00019649627211038023
14,244,20053,0.00013430033868644387
14,245,20054,0.00018415707745589316
14,246,20055,0.0003149242256768048
14,247,20056,0.00025004419148899615
14,248,20057,0.0003177649632561952
14,249,20058,7.643690332770348e-05
14,250,20059,0.00014721490151714534
14,251,20060,0.0003522512852214277
14,252,20061,0.0006212466396391392
14,253,20062,0.00014068129530642182
14,254,20063,0.0001732593373162672
14,255,20064,0.004251841455698013
14,256,20065,0.0001740545267239213
14,257,20066,0.0001687569747446105
14,258,20067,0.0002605244517326355
14,259,20068,0.00021967549400869757
14,260,20069,0.00010315640975022689
14,261,20070,6.347449379973114e-05
14,262,20071,0.0002013834164245054
14,263,20072,0.00019850250100716949
14,264,20073,0.0006904322071932256
14,265,20074,0.00022253724455367774
14,266,20075,0.00026052689645439386
14,267,20076,0.00032959115924313664
14,268,20077,0.00035812644637189806
14,269,20078,0.00016196157957892865
14,270,20079,0.00019353770767338574
14,271,20080,0.0001647171884542331
14,272,20081,0.00016117772611323744
14,273,20082,0.00020584813319146633
14,274,20083,0.0009013525559566915
14,275,20084,0.0003245771222282201
14,276,20085,0.00016340108413714916
14,277,20086,0.0003282839898020029
14,278,20087,0.00016751083603594452
14,279,20088,8.656876161694527e-05
14,280,20089,0.0003188735281582922
14,281,20090,0.00031546750687994063
14,282,20091,0.00014804561214987189
14,283,20092,0.0003244810795877129
14,284,20093,0.0004553459002636373
14,285,20094,9.332010813523084e-05
14,286,20095,0.00019641246763058007
14,287,20096,0.00024304418184328824
14,288,20097,0.00020021501404698938
14,289,20098,0.00015713789616711438
14,290,20099,0.0002440702955937013
14,291,20100,4.9410278734285384e-05
14,292,20101,5.5237247579498217e-05
14,293,20102,0.0002564925525803119
14,294,20103,0.0002443599223624915
14,295,20104,0.0003308366285637021
14,296,20105,4.835935396840796e-05
14,297,20106,0.00010301906877430156
14,298,20107,0.0007163048139773309
14,299,20108,0.00028709007892757654
14,300,20109,0.00013592865434475243
14,301,20110,0.00016284016601275653
14,302,20111,0.00017500200192444026
14,303,20112,0.0001623635325813666
14,304,20113,0.00042555390973575413
14,305,20114,0.00020512267656158656
14,306,20115,0.00032449548598378897
14,307,20116,0.00034006600617431104
14,308,20117,0.00034035881981253624
14,309,20118,0.0005824224790558219
14,310,20119,0.0001962787937372923
14,311,20120,0.000194170672330074
14,312,20121,0.0008376630139537156
14,313,20122,0.00023311797122005373
14,314,20123,0.000534537248313427
14,315,20124,0.00025372326490469277
14,316,20125,0.00021586213551927358
14,317,20126,0.00011842984531540424
14,318,20127,0.00012529206287581474
14,319,20128,0.0001271657383767888
14,320,20129,0.00012617229367606342
14,321,20130,0.0001980788365472108
14,322,20131,0.000322531268466264
14,323,20132,3.8163554563652724e-05
14,324,20133,4.46577396360226e-05
14,325,20134,0.0005741688655689359
14,326,20135,0.00013092716108076274
14,327,20136,0.00019599987717811018
14,328,20137,0.00020176386169623584
14,329,20138,0.0001990685414057225
14,330,20139,0.00017909539747051895
14,331,20140,0.00015511094534303993
14,332,20141,0.0002231613761978224
14,333,20142,0.00020433765894267708
14,334,20143,0.00011657593859126791
14,335,20144,0.0002837750071194023
14,336,20145,0.00022041767078917474
14,337,20146,0.00023536728986073285
14,338,20147,0.0001299620053032413
14,339,20148,4.082188388565555e-05
14,340,20149,0.00013220260734669864
14,341,20150,0.00020604164456017315
14,342,20151,0.0003836252726614475
14,343,20152,0.00020531259360723197
14,344,20153,0.00018385429575573653
14,345,20154,6.711161404382437e-05
14,346,20155,0.00031362500158138573
14,347,20156,0.0001873351720860228
14,348,20157,0.00018713231838773936
14,349,20158,0.00012430993956513703
14,350,20159,0.00017564721929375082
14,351,20160,0.00027530224178917706
14,352,20161,0.0002006334689212963
14,353,20162,0.00023273118131328374
14,354,20163,0.0012439319398254156
14,355,20164,9.571138798492029e-05
14,356,20165,0.000160121257067658
14,357,20166,5.275902367429808e-05
14,358,20167,0.00016896770102903247
14,359,20168,0.0001637493260204792
14,360,20169,0.00014420492516364902
14,361,20170,0.00034457078436389565
14,362,20171,0.00011774066661018878
14,363,20172,0.00020639305876102298
14,364,20173,0.0013577580684795976
14,365,20174,0.00028040731558576226
14,366,20175,0.0001498233323218301
14,367,20176,0.00011429555888753384
14,368,20177,0.00015881833678577095
14,369,20178,0.0002682415070012212
14,370,20179,0.00010420996841276065
14,371,20180,0.0001606815349077806
14,372,20181,0.00023688026703894138
14,373,20182,0.0006826397147960961
14,374,20183,0.00022414638078771532
14,375,20184,0.000324180320603773
14,376,20185,0.0002681800106074661
14,377,20186,0.0001396377047058195
14,378,20187,6.860985013190657e-05
14,379,20188,7.12425826350227e-05
14,380,20189,0.00023656980192754418
14,381,20190,0.00011469860328361392
14,382,20191,0.0001778144942363724
14,383,20192,0.00046417047269642353
14,384,20193,0.00011916272342205048
14,385,20194,0.0007726388867013156
14,386,20195,0.00013933205627836287
14,387,20196,0.000135549737024121
14,388,20197,0.0006194221205078065
14,389,20198,0.00016655244689900428
14,390,20199,0.00012691436859313399
14,391,20200,0.00027146399952471256
14,392,20201,0.0002777550253085792
14,393,20202,0.00027231452986598015
14,394,20203,0.0003885869518853724
14,395,20204,0.00023150561901275069
14,396,20205,0.00010625521827023476
14,397,20206,0.00014655037375632674
14,398,20207,0.00023196221445687115
14,399,20208,0.0001491661969339475
14,400,20209,0.00013792373647447675
14,401,20210,0.00011617926793405786
14,402,20211,0.00015490155783481896
14,403,20212,0.0002072703355224803
14,404,20213,0.00016865901125129312
14,405,20214,0.00016922327631618828
14,406,20215,0.00032613627263344824
14,407,20216,0.0005761096836067736
14,408,20217,5.625741323456168e-05
14,409,20218,0.0003381546994205564
14,410,20219,4.998219446861185e-05
14,411,20220,0.0002730493142735213
14,412,20221,0.00021149548410903662
14,413,20222,0.001622237148694694
14,414,20223,0.000604570668656379
14,415,20224,0.00016444805078208447
14,416,20225,0.00033261164207942784
14,417,20226,0.0003364075382705778
14,418,20227,0.0001511566515546292
14,419,20228,0.00018374074716120958
14,420,20229,0.0012870094506070018
14,421,20230,0.00030614016577601433
14,422,20231,0.00014309592370409518
14,423,20232,0.0011938161915168166
14,424,20233,0.00021992213441990316
14,425,20234,0.0001316989364568144
14,426,20235,0.00029468274442479014
14,427,20236,0.00014079517859499902
14,428,20237,0.00016852730186656117
14,429,20238,0.00017477056826464832
14,430,20239,0.0001220843114424497
14,431,20240,5.9372316172812134e-05
14,432,20241,0.00016470123955514282
14,433,20242,0.00020262437465135008
14,434,20243,0.0005018320516683161
14,435,20244,0.00011657743743853644
14,436,20245,0.00020488632435444742
14,437,20246,0.00028865679632872343
14,438,20247,0.00012213877926114947
14,439,20248,0.00014480345998890698
14,440,20249,0.0005403593531809747
14,441,20250,0.0002516230451874435
14,442,20251,0.0001523634564364329
14,443,20252,0.0002836002968251705
14,444,20253,0.00018180441111326218
14,445,20254,0.00025733726215548813
14,446,20255,0.0001681727881077677
14,447,20256,0.0004212012863717973
14,448,20257,0.0001700152934063226
14,449,20258,0.000562578032258898
14,450,20259,0.0002519977861084044
14,451,20260,0.000268387928372249
14,452,20261,0.0004086184490006417
14,453,20262,0.00024412864877376705
14,454,20263,5.530031194211915e-05
14,455,20264,0.00015529636584687978
14,456,20265,0.00017355447926092893
14,457,20266,4.622746928362176e-05
14,458,20267,0.00011627595085883513
14,459,20268,0.00021030675270594656
14,460,20269,0.00013604210107587278
14,461,20270,0.00025165124679915607
14,462,20271,5.454131314763799e-05
14,463,20272,0.00018968922086060047
14,464,20273,0.007344264071434736
14,465,20274,0.00015290503506548703
14,466,20275,0.00025037446175701916
14,467,20276,0.00013901734200771898
14,468,20277,0.00023460079682990909
14,469,20278,0.00048712638090364635
14,470,20279,0.0001976914645638317
14,471,20280,0.0003412111254874617
14,472,20281,0.0001127249124692753
14,473,20282,9.87450112006627e-05
14,474,20283,0.00407335814088583
14,475,20284,0.0001696632243692875
14,476,20285,0.0002083135477732867
14,477,20286,0.00021975519484840333
14,478,20287,0.00016389225493185222
14,479,20288,0.00018640152120497078
14,480,20289,0.00019735052774194628
14,481,20290,0.00015319061640184373
14,482,20291,0.00016272137872874737
14,483,20292,0.003307774430140853
14,484,20293,0.00012496640556491911
14,485,20294,0.00015869880735408515
14,486,20295,0.00026493208133615553
14,487,20296,8.311626879731193e-05
14,488,20297,0.00016835205315146595
14,489,20298,0.0002441881224513054
14,490,20299,3.797471435973421e-05
14,491,20300,0.00030608943779952824
14,492,20301,0.00015656017058063298
14,493,20302,0.00021219921472948045
14,494,20303,0.00019291241187602282
14,495,20304,0.00022998674830887467
14,496,20305,0.00011385772086214274
14,497,20306,7.080350042087957e-05
14,498,20307,0.0002133380330633372
14,499,20308,0.0003851064248010516
14,500,20309,4.2494510125834495e-05
14,501,20310,0.00018853993969969451
14,502,20311,0.00024026079336181283
14,503,20312,0.00010592545731924474
14,504,20313,0.00014092272613197565
14,505,20314,0.00012142940249759704
14,506,20315,0.0001754632539814338
14,507,20316,0.000120741460705176
14,508,20317,0.00016915478045120835
14,509,20318,0.0002418353979010135
14,510,20319,0.00022901830379851162
14,511,20320,0.00024156333529390395
14,512,20321,0.0007443035137839615
14,513,20322,0.00027585955103859305
14,514,20323,0.00015473463281523436
14,515,20324,0.00037307062302716076
14,516,20325,0.00024399721587542444
14,517,20326,3.822929284069687e-05
14,518,20327,0.00037881621392443776
14,519,20328,0.0007485089590772986
14,520,20329,0.00022092743893153965
14,521,20330,0.0001868733816081658
14,522,20331,0.00018724561959970742
14,523,20332,0.000368727371096611
14,524,20333,8.018699008971453e-05
14,525,20334,0.0001527446584077552
14,526,20335,0.00016194229829125106
14,527,20336,7.941464718896896e-05
14,528,20337,0.0001308505015913397
14,529,20338,0.0001520876685390249
14,530,20339,0.0002488010795786977
14,531,20340,0.0001019053888740018
14,532,20341,8.232324034906924e-05
14,533,20342,0.0001436406746506691
14,534,20343,0.000216227286728099
14,535,20344,0.0001994796475628391
14,536,20345,0.00017103299614973366
14,537,20346,0.000137717739562504
14,538,20347,0.00021884545276407152
14,539,20348,0.0002584794128779322
14,540,20349,0.0001679209672147408
14,541,20350,0.0002508878824301064
14,542,20351,0.0002583406458143145
14,543,20352,0.0001141882676165551
14,544,20353,0.0005120362620800734
14,545,20354,0.00015903568419162184
14,546,20355,0.03419007733464241
14,547,20356,8.740793418837711e-05
14,548,20357,9.650339052313939e-05
14,549,20358,0.00019055158190894872
14,550,20359,0.00012022319424431771
14,551,20360,0.00023582839639857411
14,552,20361,9.214063175022602e-05
14,553,20362,0.00013184803538024426
14,554,20363,4.313196041039191e-05
14,555,20364,0.00025539277703501284
14,556,20365,8.200261072488502e-05
14,557,20366,9.74227295955643e-05
14,558,20367,0.0002572749217506498
14,559,20368,0.0002214661071775481
14,560,20369,0.00028035067953169346
14,561,20370,0.025470435619354248
14,562,20371,0.0005103215808048844
14,563,20372,0.00017082081467378885
14,564,20373,0.00019146926933899522
14,565,20374,0.00011695861030602828
14,566,20375,0.0004761111340485513
14,567,20376,0.022465137764811516
14,568,20377,0.00028001642203889787
14,569,20378,0.0001383667840855196
14,570,20379,0.00018775445641949773
14,571,20380,0.0001710624055704102
14,572,20381,0.00012434883683454245
14,573,20382,0.00012019029236398637
14,574,20383,0.00022931047715246677
14,575,20384,0.00015393052308354527
14,576,20385,0.0003733794728759676
14,577,20386,6.241325900191441e-05
14,578,20387,0.000752768071833998
14,579,20388,0.0002562689478509128
14,580,20389,0.00018832020577974617
14,581,20390,0.00021851413475815207
14,582,20391,0.00018796623044181615
14,583,20392,0.0002911733463406563
14,584,20393,0.0003060216549783945
14,585,20394,0.00040176307084038854
14,586,20395,0.0001860569609561935
14,587,20396,0.0002190384257119149
14,588,20397,0.0001513686147518456
14,589,20398,0.00035045246477238834
14,590,20399,0.0002244822826469317
14,591,20400,0.0002079392725136131
14,592,20401,0.00012281988165341318
14,593,20402,0.00023519940441474319
14,594,20403,0.0001698507840046659
14,595,20404,4.756230555358343e-05
14,596,20405,0.00016768922796472907
14,597,20406,0.000415799324400723
14,598,20407,0.00025330251082777977
14,599,20408,5.889760723221116e-05
14,600,20409,0.0006393264629878104
14,601,20410,0.00023291341494768858
14,602,20411,0.00014431911404244602
14,603,20412,0.00015632125723641366
14,604,20413,0.00022143627575132996
14,605,20414,0.00031413306714966893
14,606,20415,0.00046924230991862714
14,607,20416,0.0001930437865667045
14,608,20417,4.78026267956011e-05
14,609,20418,0.002087688073515892
14,610,20419,0.00020507199224084616
14,611,20420,0.00020966405281797051
14,612,20421,0.00018190534319728613
14,613,20422,0.0003065010823775083
14,614,20423,0.00016360277368221432
14,615,20424,9.190620767185465e-05
14,616,20425,0.00023267978394869715
14,617,20426,0.00013870929251424968
14,618,20427,0.00018829260079655796
14,619,20428,0.00027483931626193225
14,620,20429,0.00016595331544522196
14,621,20430,0.0004334611294325441
14,622,20431,0.0001251575886271894
14,623,20432,0.0033795488998293877
14,624,20433,0.0003446524788159877
14,625,20434,0.00016462303756270558
14,626,20435,0.000395602808566764
14,627,20436,3.540009129210375e-05
14,628,20437,0.0008938885875977576
14,629,20438,0.00025262567214667797
14,630,20439,0.00023395483731292188
14,631,20440,0.0001261216966668144
14,632,20441,0.0001713217206997797
14,633,20442,0.000590345764067024
14,634,20443,0.00022871856344863772
14,635,20444,0.00016950414283201098
14,636,20445,0.00013729646161664277
14,637,20446,0.00040003424510359764
14,638,20447,0.0001548256113892421
14,639,20448,0.00022457612794823945
14,640,20449,0.00019272499775979668
14,641,20450,0.0001558021904202178
14,642,20451,0.00023219658760353923
14,643,20452,0.0009782826527953148
14,644,20453,0.00012702976528089494
14,645,20454,0.0001948713033925742
14,646,20455,0.00015546215581707656
14,647,20456,0.00010439542529638857
14,648,20457,0.00012977015285287052
14,649,20458,0.00022189349692780524
14,650,20459,0.00022857374278828502
14,651,20460,0.0003140437474939972
14,652,20461,0.0002163304598070681
14,653,20462,0.00010494935122551396
14,654,20463,0.00012679917563218623
14,655,20464,0.00011864183761645108
14,656,20465,9.233153832610697e-05
14,657,20466,0.00016657548258081079
14,658,20467,0.00014794782327953726
14,659,20468,0.0001338860165560618
14,660,20469,0.00017698098963592201
14,661,20470,0.00010252501670038328
14,662,20471,8.974794764071703e-05
14,663,20472,0.0002299396728631109
14,664,20473,0.00028765882598236203
14,665,20474,0.0003711403114721179
14,666,20475,0.00032866172841750085
14,667,20476,0.0002548073243815452
14,668,20477,0.0004571744066197425
14,669,20478,0.0001851508131949231
14,670,20479,0.00012260391667950898
14,671,20480,0.00015474051178898662
14,672,20481,0.00022679311223328114
14,673,20482,0.00026663122116588056
14,674,20483,0.00020577521354425699
14,675,20484,0.00022784645261708647
14,676,20485,0.00020642676099669188
14,677,20486,0.00025689101312309504
14,678,20487,0.00028550278511829674
14,679,20488,0.00021247967379167676
14,680,20489,0.00023615417012479156
14,681,20490,0.0002707451058086008
14,682,20491,0.00038840516936033964
14,683,20492,0.0004978974466212094
14,684,20493,4.3372641812311485e-05
14,685,20494,0.00012828997569158673
14,686,20495,0.00014895536878611892
14,687,20496,0.00030879289261065423
14,688,20497,0.0001315383124165237
14,689,20498,0.0002923762076534331
14,690,20499,0.0002452161570545286
14,691,20500,0.0004448175022844225
14,692,20501,0.0001342448522336781
14,693,20502,0.00011506381270010024
14,694,20503,0.0002702340134419501
14,695,20504,3.8952195609454066e-05
14,696,20505,0.0002692669804673642
14,697,20506,0.0001233171351486817
14,698,20507,0.00023537990637123585
14,699,20508,0.00028417675639502704
14,700,20509,0.000127971448819153
14,701,20510,0.00018287228886038065
14,702,20511,0.00017865026893559843
14,703,20512,0.00016219740791711956
14,704,20513,0.00026882471865974367
14,705,20514,0.00021835191000718623
14,706,20515,0.00020882554235868156
14,707,20516,0.00018407388415653259
14,708,20517,9.083248005481437e-05
14,709,20518,9.551612311042845e-05
14,710,20519,0.0003430462966207415
14,711,20520,0.00011337760952301323
14,712,20521,0.00018515791452955455
14,713,20522,0.0019369997316971421
14,714,20523,0.00047253677621483803
14,715,20524,0.00019259318651165813
14,716,20525,0.00028879495221190155
14,717,20526,0.00017043067782651633
14,718,20527,0.0003187262627761811
14,719,20528,0.00019682875426951796
14,720,20529,0.0017768838442862034
14,721,20530,0.00017315441800747067
14,722,20531,0.00016093376325443387
14,723,20532,0.0005105755408294499
14,724,20533,4.436581730260514e-05
14,725,20534,0.0008457254152745008
14,726,20535,0.0002203383482992649
14,727,20536,0.00016529097047168761
14,728,20537,0.0001833714050007984
14,729,20538,0.00015965700731612742
14,730,20539,7.634780195076019e-05
14,731,20540,0.0002810194273479283
14,732,20541,7.175473001552746e-05
14,733,20542,0.00028779837884940207
14,734,20543,9.70522451098077e-05
14,735,20544,0.00014320691116154194
14,736,20545,0.00016325843171216547
14,737,20546,0.0001291219232371077
14,738,20547,0.00021090451627969742
14,739,20548,0.0003296807990409434
14,740,20549,0.0002592885575722903
14,741,20550,0.00016193104966077954
14,742,20551,0.000243018614128232
14,743,20552,0.000177753230673261
14,744,20553,0.00029055378399789333
14,745,20554,0.00019714224617928267
14,746,20555,0.0002888248418457806
14,747,20556,0.0008935803198255599
14,748,20557,0.00025343202287331223
14,749,20558,8.436308417003602e-05
14,750,20559,0.00010286087490385398
14,751,20560,0.0001936421322170645
14,752,20561,0.00021574883430730551
14,753,20562,9.122875053435564e-05
14,754,20563,9.629692794987932e-05
14,755,20564,0.0001646755263209343
14,756,20565,0.00023129397595766932
14,757,20566,0.00010640832624631003
14,758,20567,0.00021611317060887814
14,759,20568,0.000126281549455598
14,760,20569,0.0001656499080127105
14,761,20570,0.005578870419412851
14,762,20571,0.00016631973267067224
14,763,20572,0.00020862127712462097
14,764,20573,0.00016419097664766014
14,765,20574,0.0004124876286368817
14,766,20575,0.0003545977233443409
14,767,20576,0.00019509602861944586
14,768,20577,9.137966844718903e-05
14,769,20578,0.00018828983593266457
14,770,20579,0.0008412813185714185
14,771,20580,0.00013309485802892596
14,772,20581,0.0002159845462301746
14,773,20582,0.0003211162402294576
14,774,20583,0.00021502490562852472
14,775,20584,0.0001490319991717115
14,776,20585,7.668873149668798e-05
14,777,20586,0.0002771952422335744
14,778,20587,0.00020555513037834316
14,779,20588,0.0001418145839124918
14,780,20589,0.0001329535007243976
14,781,20590,6.303231930360198e-05
14,782,20591,0.000294150086119771
14,783,20592,0.00011619168799370527
14,784,20593,0.00010642567940521985
14,785,20594,0.00047444592928513885
14,786,20595,0.00022690444893669337
14,787,20596,0.004183416720479727
14,788,20597,8.024517592275515e-05
14,789,20598,0.00010408899106550962
14,790,20599,0.00014615606050938368
14,791,20600,6.6474596678745e-05
14,792,20601,0.00019975537725258619
14,793,20602,0.00016532765584997833
14,794,20603,0.000182796036824584
14,795,20604,0.0009416462853550911
14,796,20605,0.0006768861203454435
14,797,20606,0.00024174910504370928
14,798,20607,0.00024121595197357237
14,799,20608,0.00023047480499371886
14,800,20609,0.00020450858573894948
14,801,20610,3.364582153153606e-05
14,802,20611,0.00013534273602999747
14,803,20612,4.7945846745278686e-05
14,804,20613,6.767993181711063e-05
14,805,20614,0.0008076878730207682
14,806,20615,0.0002731872664298862
14,807,20616,0.00014369476411957294
14,808,20617,0.00014979054685682058
14,809,20618,9.763239359017462e-05
14,810,20619,0.0002917534438893199
14,811,20620,3.9526370528619736e-05
14,812,20621,0.00016136403428390622
14,813,20622,0.000272858829703182
14,814,20623,0.0001281779259443283
14,815,20624,0.00012044537288602442
14,816,20625,0.00010927081893896684
14,817,20626,0.00013926412793807685
14,818,20627,0.00016403086192440242
14,819,20628,0.0002231982070952654
14,820,20629,0.00024376233341172338
14,821,20630,0.000173215739778243
14,822,20631,0.00026034354232251644
14,823,20632,0.00021124968770891428
14,824,20633,0.00018589537648949772
14,825,20634,0.00019209542369935662
14,826,20635,6.554681021953002e-05
14,827,20636,0.00018094842380378395
14,828,20637,0.00018788239685818553
14,829,20638,0.00013058085460215807
14,830,20639,0.0018273035530000925
14,831,20640,0.00040137479663826525
14,832,20641,0.0001231045462191105
14,833,20642,0.00022605055710300803
14,834,20643,0.00012555999273899943
14,835,20644,0.00013417284935712814
14,836,20645,0.0003240997320972383
14,837,20646,0.0001727827766444534
14,838,20647,0.00028801197186112404
14,839,20648,0.00011802165681729093
14,840,20649,0.00012387939204927534
14,841,20650,0.000244206195930019
14,842,20651,0.0002094572118949145
14,843,20652,0.00023484620032832026
14,844,20653,0.0001376652653561905
14,845,20654,0.000235127896303311
14,846,20655,0.00011299709876766428
14,847,20656,0.00017678285075817257
14,848,20657,0.0014368079137057066
14,849,20658,0.00032236770493909717
14,850,20659,0.00020337387104518712
14,851,20660,0.00017330965783912688
14,852,20661,0.00019841785251628608
14,853,20662,0.0001715534890536219
14,854,20663,0.00011138059926452115
14,855,20664,8.796965994406492e-05
14,856,20665,0.00034521197085268795
14,857,20666,0.00019718206021934748
14,858,20667,0.0004048078553751111
14,859,20668,0.00021212997671682388
14,860,20669,0.000450389547040686
14,861,20670,0.011745908297598362
14,862,20671,0.00023281142057385296
14,863,20672,0.00012965175847057253
14,864,20673,0.0001498404744779691
14,865,20674,0.00025990046560764313
14,866,20675,0.0001636406232137233
14,867,20676,3.991772609879263e-05
14,868,20677,0.00024048703198786825
14,869,20678,0.0004549532604869455
14,870,20679,0.0001804616767913103
14,871,20680,0.00017158836999442428
14,872,20681,0.00042159209260717034
14,873,20682,0.00018541749159339815
14,874,20683,0.00012165457883384079
14,875,20684,0.00024329405277967453
14,876,20685,0.00018500172882340848
14,877,20686,0.000156005538883619
14,878,20687,0.00014997152902651578
14,879,20688,0.00036576332058757544
14,880,20689,0.00022330021602101624
14,881,20690,0.00020626388140954077
14,882,20691,0.00011490780889289454
14,883,20692,0.00022889547108206898
14,884,20693,0.00023409209097735584
14,885,20694,0.00020754948491230607
14,886,20695,0.00016221613623201847
14,887,20696,0.00017848145216703415
14,888,20697,0.00021156833099666983
14,889,20698,0.00023926371068228036
14,890,20699,9.767959272721782e-05
14,891,20700,0.000183424141141586
14,892,20701,0.004912434611469507
14,893,20702,0.0002521734277252108
14,894,20703,6.75200208206661e-05
14,895,20704,0.0004982678801752627
14,896,20705,8.291452832054347e-05
14,897,20706,0.00018735874618869275
14,898,20707,0.00010662337444955483
14,899,20708,0.00023300327302422374
14,900,20709,0.0001624480210011825
14,901,20710,0.00139594916254282
14,902,20711,9.769357711775228e-05
14,903,20712,0.00024656314053572714
14,904,20713,0.00011028243898181245
14,905,20714,0.0008856073836795986
14,906,20715,0.0001963539543794468
14,907,20716,0.002784890355542302
14,908,20717,0.00028827754431404173
14,909,20718,0.0001761202292982489
14,910,20719,0.00014805779210291803
14,911,20720,0.00016325472097378224
14,912,20721,0.0001881192292785272
14,913,20722,5.713282371289097e-05
14,914,20723,0.00023059402883518487
14,915,20724,0.00025958832702599466
14,916,20725,0.00011692908447002992
14,917,20726,0.00016484226216562092
14,918,20727,0.00028717360692098737
14,919,20728,0.00016269968182314187
14,920,20729,0.00019122392404824495
14,921,20730,0.00016532823792658746
14,922,20731,0.00024004795704968274
14,923,20732,0.0001460073108319193
14,924,20733,0.00020908420265186578
14,925,20734,7.914783054729924e-05
14,926,20735,0.00018761286628432572
14,927,20736,0.00010509776620892808
14,928,20737,0.0004952604649588466
14,929,20738,0.00011050867760786787
14,930,20739,0.00023690804664511234
14,931,20740,0.000132275017676875
14,932,20741,0.0002411628229310736
14,933,20742,0.000217461958527565
14,934,20743,0.00022560024808626622
14,935,20744,0.00018383824499323964
14,936,20745,0.0008993253577500582
14,937,20746,0.00014467736764345318
14,938,20747,0.0002500572882127017
14,939,20748,0.00016049158875830472
14,940,20749,0.00030278906342573464
14,941,20750,0.0002697140444070101
14,942,20751,0.0001471990835852921
14,943,20752,0.00010664334695320576
14,944,20753,0.00032828000257723033
14,945,20754,0.00013895182928536087
14,946,20755,0.0007287804619409144
14,947,20756,0.00012962550681550056
14,948,20757,0.0005246147629804909
14,949,20758,0.0004526440752670169
14,950,20759,0.00013084354577586055
14,951,20760,0.0001922610535984859
14,952,20761,4.865213486482389e-05
14,953,20762,0.00021942505554761738
14,954,20763,0.00018762862600851804
14,955,20764,0.00023320072796195745
14,956,20765,0.0002479683025740087
14,957,20766,0.0002161434676963836
14,958,20767,0.0001650832564337179
14,959,20768,0.00015174446161836386
14,960,20769,0.0004051961295772344
14,961,20770,0.00010761730663944036
14,962,20771,0.00031752328504808247
14,963,20772,0.00031441767350770533
14,964,20773,0.00120317202527076
14,965,20774,0.00023912613687571138
14,966,20775,8.990908827399835e-05
14,967,20776,0.00011871368769789115
14,968,20777,0.0007551972521468997
14,969,20778,0.00015894885291345417
14,970,20779,0.0002191428211517632
14,971,20780,0.0001235519885085523
14,972,20781,0.00010832831321749836
14,973,20782,0.00037758820690214634
14,974,20783,0.0003733468765858561
14,975,20784,0.00021971705427858979
14,976,20785,0.00018453107622917742
14,977,20786,0.0005190877709537745
14,978,20787,0.00016628434241283685
14,979,20788,0.00013533447054214776
14,980,20789,0.00025868412922136486
14,981,20790,0.00014840744552202523
14,982,20791,0.00023749284446239471
14,983,20792,0.0001058284324244596
14,984,20793,0.00013069697888568044
14,985,20794,0.00019996335322503
14,986,20795,9.1701811470557e-05
14,987,20796,0.00012672532466240227
14,988,20797,0.00011650238593574613
14,989,20798,0.00016633521590847522
14,990,20799,0.00013990604202263057
14,991,20800,0.00017829005082603544
14,992,20801,0.0003022202872671187
14,993,20802,0.00034368783235549927
14,994,20803,4.379568053991534e-05
14,995,20804,0.00026603235164657235
14,996,20805,0.00022471786360256374
14,997,20806,0.00012671216973103583
14,998,20807,0.0009587107924744487
14,999,20808,0.00017594825476408005
14,1000,20809,0.00012075487757101655
14,1001,20810,0.00029615932726301253
14,1002,20811,0.00011553203512448817
14,1003,20812,3.6272278521209955e-05
14,1004,20813,0.00022740871645510197
14,1005,20814,0.0003350115439388901
14,1006,20815,0.00013316997501533478
14,1007,20816,0.00012250313011463732
14,1008,20817,0.000147606959217228
14,1009,20818,0.00022675376385450363
14,1010,20819,0.00036179128801450133
14,1011,20820,0.000126283906865865
14,1012,20821,0.00015510337834712118
14,1013,20822,0.0005521754501387477
14,1014,20823,0.0002454460773151368
14,1015,20824,0.00020760414190590382
14,1016,20825,0.00028235820354893804
14,1017,20826,0.0002044848952209577
14,1018,20827,0.0008917914237827063
14,1019,20828,6.738941738149151e-05
14,1020,20829,0.00042180201853625476
14,1021,20830,0.00014797628682572395
14,1022,20831,6.960389146115631e-05
14,1023,20832,0.00021405420557130128
14,1024,20833,9.724280971568078e-05
14,1025,20834,0.00019268656615167856
14,1026,20835,0.0003469478397164494
14,1027,20836,0.0001729601644910872
14,1028,20837,0.0001645900629227981
14,1029,20838,3.898797513102181e-05
14,1030,20839,0.00031473187846131623
14,1031,20840,0.0001514325849711895
14,1032,20841,0.0003087859076913446
14,1033,20842,0.00012618374603334814
14,1034,20843,0.00013766289339400828
14,1035,20844,0.0012127544032409787
14,1036,20845,0.0002549015625845641
14,1037,20846,9.842129657045007e-05
14,1038,20847,0.0001868289546109736
14,1039,20848,6.689489237032831e-05
14,1040,20849,0.00020192780357319862
14,1041,20850,8.862229879014194e-05
14,1042,20851,0.00019899971084669232
14,1043,20852,5.653041444020346e-05
14,1044,20853,0.0002475509827490896
14,1045,20854,0.00022109838027972728
14,1046,20855,0.00016232224879786372
14,1047,20856,0.0011354966554790735
14,1048,20857,3.658222340163775e-05
14,1049,20858,0.0002660659374669194
14,1050,20859,5.769020935986191e-05
14,1051,20860,0.00012989547394681722
14,1052,20861,0.0001900349889183417
14,1053,20862,0.0003378716064617038
14,1054,20863,0.0001217830867972225
14,1055,20864,0.0001831811823649332
14,1056,20865,0.00016326220065820962
14,1057,20866,0.00018245613318867981
14,1058,20867,0.001369238132610917
14,1059,20868,8.424706902587786e-05
14,1060,20869,0.0003532350528985262
14,1061,20870,0.000555771985091269
14,1062,20871,0.00020162742293905467
14,1063,20872,0.00011559528502402827
14,1064,20873,0.0002954760566353798
14,1065,20874,0.0007295843679457903
14,1066,20875,0.00012081452587153763
14,1067,20876,0.0002594445541035384
14,1068,20877,0.000295555277261883
14,1069,20878,0.00014017954526934773
14,1070,20879,9.621810750104487e-05
14,1071,20880,0.00035197989200241864
14,1072,20881,7.671194907743484e-05
14,1073,20882,0.00022820541926193982
14,1074,20883,8.073122444329783e-05
14,1075,20884,0.00015383119171019644
14,1076,20885,0.0002464022545609623
14,1077,20886,0.00022682621784042567
14,1078,20887,0.0002898715320043266
14,1079,20888,0.00013949087588116527
14,1080,20889,0.00029270126833580434
14,1081,20890,8.482188422931358e-05
14,1082,20891,0.00022855722636450082
14,1083,20892,0.00017666988424025476
14,1084,20893,0.00018851261120289564
14,1085,20894,0.0001752009557094425
14,1086,20895,0.0009130202233791351
14,1087,20896,0.0012100304011255503
14,1088,20897,0.00031871331157162786
14,1089,20898,0.0001179981481982395
14,1090,20899,9.120186587097123e-05
14,1091,20900,0.00010614671919029206
14,1092,20901,0.00017535312508698553
14,1093,20902,0.000291942385956645
14,1094,20903,0.00017442509124521166
14,1095,20904,0.00017013223259709775
14,1096,20905,9.211033466272056e-05
14,1097,20906,0.00016267364844679832
14,1098,20907,0.0001766727218637243
14,1099,20908,0.00021332160395104438
14,1100,20909,0.00013060109631624073
14,1101,20910,0.0001662664144532755
14,1102,20911,6.233133899513632e-05
14,1103,20912,9.868531924439594e-05
14,1104,20913,0.00042570402729324996
14,1105,20914,0.0001406912924721837
14,1106,20915,8.747756510274485e-05
14,1107,20916,0.00020649669750127941
14,1108,20917,7.389945676550269e-05
14,1109,20918,0.00011423775868024677
14,1110,20919,0.00025075429584831
14,1111,20920,0.00027769446023739874
14,1112,20921,0.0002924136642832309
14,1113,20922,0.000131443259306252
14,1114,20923,0.00018454914970789105
14,1115,20924,9.556510485708714e-05
14,1116,20925,0.001057576504535973
14,1117,20926,0.0007928796112537384
14,1118,20927,0.0001941725058713928
14,1119,20928,8.072896889643744e-05
14,1120,20929,0.00035100997774861753
14,1121,20930,0.00011180495494045317
14,1122,20931,0.0001306558115174994
14,1123,20932,0.00012616133608389646
14,1124,20933,0.0001149768868344836
14,1125,20934,0.00019566414994187653
14,1126,20935,0.00020106539886910468
14,1127,20936,0.0001081213413272053
14,1128,20937,0.0002425483544357121
14,1129,20938,4.145928323850967e-05
14,1130,20939,0.00015334435738623142
14,1131,20940,0.00015010965580586344
14,1132,20941,0.00035351456608623266
14,1133,20942,4.7427089157281443e-05
14,1134,20943,0.0015352795599028468
14,1135,20944,0.0001678468834143132
14,1136,20945,0.00030749416328035295
14,1137,20946,6.49286521365866e-05
14,1138,20947,0.0003051175153814256
14,1139,20948,0.00018317045760340989
14,1140,20949,0.00013540266081690788
14,1141,20950,0.00016731666983105242
14,1142,20951,0.00018277335038874298
14,1143,20952,0.00020645039330702275
14,1144,20953,0.00010706767352530733
14,1145,20954,0.00019778709975071251
14,1146,20955,0.00010018560715252534
14,1147,20956,0.0001455431047361344
14,1148,20957,0.00025084835942834616
14,1149,20958,0.00017724037752486765
14,1150,20959,0.00013602565741166472
14,1151,20960,0.00013523417874239385
14,1152,20961,0.0002906053850892931
14,1153,20962,0.00044442142825573683
14,1154,20963,0.00016345149197150022
14,1155,20964,0.00015355391951743513
14,1156,20965,0.0002860831737052649
14,1157,20966,0.00043413194362074137
14,1158,20967,0.0001888918923214078
14,1159,20968,0.00017075207142625004
14,1160,20969,0.0001925871183630079
14,1161,20970,0.00021377013763412833
14,1162,20971,0.00023907488503027707
14,1163,20972,0.00018852247740142047
14,1164,20973,0.0001615761430002749
14,1165,20974,0.00012140776379965246
14,1166,20975,0.00017038594523910433
14,1167,20976,0.00011922381236217916
14,1168,20977,7.826324144843966e-05
14,1169,20978,0.00010846322402358055
14,1170,20979,0.0002483119023963809
14,1171,20980,0.00010623238631524146
14,1172,20981,0.00020329360268078744
14,1173,20982,9.404203592566773e-05
14,1174,20983,0.00019393599359318614
14,1175,20984,5.167706694919616e-05
14,1176,20985,4.594150232151151e-05
14,1177,20986,0.0008343366207554936
14,1178,20987,0.00018535101844463497
14,1179,20988,0.00013461956405080855
14,1180,20989,0.00022321092546917498
14,1181,20990,0.0001894232991617173
14,1182,20991,8.304613584186882e-05
14,1183,20992,0.00017093686619773507
14,1184,20993,0.00020528078312054276
14,1185,20994,0.00011255448043812066
14,1186,20995,0.00020036309433635324
14,1187,20996,6.723344995407388e-05
14,1188,20997,0.0001313146494794637
14,1189,20998,7.652553904335946e-05
14,1190,20999,0.00021880654094275087
14,1191,21000,0.0003499115991871804
14,1192,21001,0.0015201028436422348
14,1193,21002,0.00013757741544395685
14,1194,21003,0.00022442358022090048
14,1195,21004,0.00014716289297211915
14,1196,21005,0.00022265333973336965
14,1197,21006,0.00010179539822274819
14,1198,21007,0.00018004792218562216
14,1199,21008,0.00023832863371353596
14,1200,21009,0.00020133095677010715
14,1201,21010,0.00023525505093857646
14,1202,21011,0.0002286468370584771
14,1203,21012,0.00015044848260004073
14,1204,21013,0.00019908817193936557
14,1205,21014,0.00022461969638243318
14,1206,21015,0.0001915848406497389
14,1207,21016,0.00019788123609032482
14,1208,21017,7.155963248806074e-05
14,1209,21018,0.00028998396010138094
14,1210,21019,0.00024316931376233697
14,1211,21020,0.0003581551427487284
14,1212,21021,0.00011555544915609062
14,1213,21022,0.00010309799836250022
14,1214,21023,5.4471634939545766e-05
14,1215,21024,0.000226120202569291
14,1216,21025,0.00016394122212659568
14,1217,21026,0.00017555798694957048
14,1218,21027,0.00022469052055384964
14,1219,21028,0.002450053347274661
14,1220,21029,0.00015132247062865645
14,1221,21030,0.0006220901850610971
14,1222,21031,0.00025914027355611324
14,1223,21032,0.0003239042416680604
14,1224,21033,0.00037695729406550527
14,1225,21034,0.0002264651848236099
14,1226,21035,0.0001673109654802829
14,1227,21036,0.00011617726704571396
14,1228,21037,0.00011859790538437665
14,1229,21038,0.00020220695296302438
14,1230,21039,0.0006079049198888242
14,1231,21040,0.00022764428285881877
14,1232,21041,6.416804535547271e-05
14,1233,21042,0.00020873213361483067
14,1234,21043,0.00018201566126663238
14,1235,21044,0.00011327164975227788
14,1236,21045,0.000165527148055844
14,1237,21046,0.00017174902313854545
14,1238,21047,0.00023793302534613758
14,1239,21048,0.0027567173819988966
14,1240,21049,0.00023370423878077418
14,1241,21050,0.0002448699960950762
14,1242,21051,6.60566656733863e-05
14,1243,21052,0.00046000187285244465
14,1244,21053,0.0001473637530580163
14,1245,21054,4.262736547389068e-05
14,1246,21055,0.00010688878683140501
14,1247,21056,0.0003015915572177619
14,1248,21057,0.0002242967748316005
14,1249,21058,8.736132440390065e-05
14,1250,21059,0.00013055700401309878
14,1251,21060,0.00016208032320719212
14,1252,21061,0.00015394209185615182
14,1253,21062,3.743644992937334e-05
14,1254,21063,3.6816622014157474e-05
14,1255,21064,4.3476080463733524e-05
14,1256,21065,0.00016256397066172212
14,1257,21066,0.00019389721273910254
14,1258,21067,0.00023451054585166276
14,1259,21068,7.080622890498489e-05
14,1260,21069,6.322179251583293e-05
14,1261,21070,0.00012530571257229894
14,1262,21071,0.00014559648116119206
14,1263,21072,0.00021192202984821051
14,1264,21073,0.0003318199887871742
14,1265,21074,0.00013880367623642087
14,1266,21075,0.0003031976521015167
14,1267,21076,0.00018160455510951579
14,1268,21077,6.775913789169863e-05
14,1269,21078,0.00024710511206649244
14,1270,21079,0.00012288753350730985
14,1271,21080,0.00016838622104842216
14,1272,21081,0.00019436389266047627
14,1273,21082,0.0056384955532848835
14,1274,21083,0.0002221226313849911
14,1275,21084,0.00011648049257928506
14,1276,21085,0.0004895151942037046
14,1277,21086,0.00022499549959320575
14,1278,21087,0.00010145427222596481
14,1279,21088,0.0001536142808618024
14,1280,21089,0.0001314169930992648
14,1281,21090,0.00012947405048180372
14,1282,21091,0.00021115991694387048
14,1283,21092,0.00016262127610389143
14,1284,21093,0.00017540848057251424
14,1285,21094,0.00035070639569312334
14,1286,21095,8.634505502413958e-05
14,1287,21096,0.00011312511924188584
14,1288,21097,0.00014258964802138507
14,1289,21098,0.00016762051382102072
14,1290,21099,0.00027608530945144594
14,1291,21100,0.00019923209038097411
14,1292,21101,0.00014465863932855427
14,1293,21102,0.00013703216973226517
14,1294,21103,0.00011802151129813865
14,1295,21104,0.00015914245159365237
14,1296,21105,6.843679875601083e-05
14,1297,21106,0.0001821329351514578
14,1298,21107,0.00011907472071470693
14,1299,21108,0.00019942426297347993
14,1300,21109,0.0004215981171000749
14,1301,21110,0.00012604756921064109
14,1302,21111,0.00021971718524582684
14,1303,21112,0.001626093522645533
14,1304,21113,0.00012017362314509228
14,1305,21114,0.00019458497990854084
14,1306,21115,0.00029551825718954206
14,1307,21116,0.00011761208588723093
14,1308,21117,0.00017525283328723162
14,1309,21118,0.00025163093232549727
14,1310,21119,0.00028551931609399617
14,1311,21120,0.0003392102662473917
14,1312,21121,8.009459997992963e-05
14,1313,21122,0.00021388930326793343
14,1314,21123,0.00020422256784513593
14,1315,21124,0.0002371685259277001
14,1316,21125,0.000271736818831414
14,1317,21126,0.00021943672618363053
14,1318,21127,0.004964965395629406
14,1319,21128,0.00012700597289949656
14,1320,21129,0.00022682127018924803
14,1321,21130,7.051242573652416e-05
14,1322,21131,0.00020874479378107935
14,1323,21132,0.00014480296522378922
14,1324,21133,7.907291001174599e-05
14,1325,21134,0.00018695351900532842
14,1326,21135,5.408376455307007e-05
14,1327,21136,0.00020137307001277804
14,1328,21137,5.57629500690382e-05
14,1329,21138,0.00020429167489055544
14,1330,21139,0.00015953576075844467
14,1331,21140,0.0002372498856857419
14,1332,21141,0.0001981028908630833
14,1333,21142,0.0021050344221293926
14,1334,21143,0.00019396311836317182
14,1335,21144,0.0007800391758792102
14,1336,21145,0.0001241447462234646
14,1337,21146,0.00012475332187023014
14,1338,21147,0.0001317428395850584
14,1339,21148,0.00010933246812783182
14,1340,21149,0.00022634990455117077
14,1341,21150,9.623949154047295e-05
14,1342,21151,0.00019497066386975348
14,1343,21152,0.00024244408996310085
14,1344,21153,0.0004341764433775097
14,1345,21154,0.00019896641606464982
14,1346,21155,0.00011032123438781127
14,1347,21156,0.0002123191225109622
14,1348,21157,0.0003547436208464205
14,1349,21158,0.00034703616984188557
14,1350,21159,8.90327719389461e-05
14,1351,21160,0.00016026990488171577
14,1352,21161,0.0004217916284687817
14,1353,21162,0.00014242317411117256
14,1354,21163,0.00020352100546006113
14,1355,21164,0.00016742455773055553
14,1356,21165,7.592680776724592e-05
14,1357,21166,0.00010084136010846123
14,1358,21167,0.000322736770613119
14,1359,21168,4.281651126802899e-05
14,1360,21169,0.00029049412114545703
14,1361,21170,0.0002423621335765347
14,1362,21171,6.565327930729836e-05
14,1363,21172,0.00015084158803801984
14,1364,21173,3.760532854357734e-05
14,1365,21174,0.0003887019702233374
14,1366,21175,9.098896407522261e-05
14,1367,21176,9.268301801057532e-05
14,1368,21177,0.00023605993192177266
14,1369,21178,0.0003479072474874556
14,1370,21179,0.0003800908161792904
14,1371,21180,0.0002182119933422655
14,1372,21181,0.00010802389442687854
14,1373,21182,0.00021070557704661041
14,1374,21183,0.00046190019929781556
14,1375,21184,0.00016338280693162233
14,1376,21185,0.00012450893700588495
14,1377,21186,0.00014325941447168589
14,1378,21187,0.00020042680262122303
14,1379,21188,0.00010325512994313613
14,1380,21189,0.00023467936262022704
14,1381,21190,0.00021978352742735296
14,1382,21191,0.00023522309493273497
14,1383,21192,0.0002717101015150547
14,1384,21193,0.00011126724712084979
14,1385,21194,8.414470357820392e-05
14,1386,21195,0.00034032747498713434
14,1387,21196,0.00011376780457794666
14,1388,21197,0.0005089423502795398
14,1389,21198,4.79181508126203e-05
14,1390,21199,0.0005587837076745927
14,1391,21200,0.002593471435829997
14,1392,21201,4.486582110985182e-05
14,1393,21202,0.00022815009288024157
14,1394,21203,4.6676359488628805e-05
14,1395,21204,4.5728153054369614e-05
14,1396,21205,8.986295870272443e-05
14,1397,21206,4.290772267268039e-05
14,1398,21207,0.0001628635945962742
14,1399,21208,0.00020965379371773452
14,1400,21209,0.0001391804253216833
14,1401,21210,0.00016754676471464336
14,1402,21211,0.0003749441239051521
14,1403,21212,4.2315532482462004e-05
14,1404,21213,0.0002157272247131914
14,1405,21214,0.0001349407684756443
14,1406,21215,0.00014243209443520755
14,1407,21216,0.00019798717403318733
14,1408,21217,0.0013692203210666776
14,1409,21218,3.819157791440375e-05
14,1410,21219,0.00011912995978491381
14,1411,21220,0.00010838424350367859
14,1412,21221,4.36469454143662e-05
14,1413,21222,0.001415515667758882
14,1414,21223,0.00016768347995821387
14,1415,21224,0.00013579419464804232
