image_path,case,caption
Sun_Multimodal/Train_Negative/case10_negative_img_06595.jpg,case10,This is a colonoscopy frame from a patient with no polyps.
Sun_Multimodal/Train_Negative/case13_negative_img_03587.jpg,case13,This is a colonoscopy frame from a patient with no polyps.
Sun_Multimodal/Train_Negative/case12_negative_img_06109.jpg,case12,This is a colonoscopy frame from a patient with no polyps.
Sun_Multimodal/Train_Negative/case5_negative_img_01149.jpg,case5,This is a colonoscopy frame from a patient with no polyps.
Sun_Multimodal/Train_Negative/case1_negative_img_09503.jpg,case1,This is a colonoscopy frame from a patient with no polyps.
Sun_Multimodal/Train_Negative/case6_negative_img_12623.jpg,case6,This is a colonoscopy frame from a patient with no polyps.
Sun_Multimodal/Train_Negative/case10_negative_img_07013.jpg,case10,This is a colonoscopy frame from a patient with no polyps.
Sun_Multimodal/Train_Negative/case12_negative_img_02476.jpg,case12,This is a colonoscopy frame from a patient with no polyps.
Sun_Multimodal/Train_Negative/case8_negative_img_01619.jpg,case8,This is a colonoscopy frame from a patient with no polyps.
Sun_Multimodal/Train_Negative/case11_negative_img_03908.jpg,case11,This is a colonoscopy frame from a patient with no polyps.
Sun_Multimodal/Train_Negative/case3_negative_img_01487.jpg,case3,This is a colonoscopy frame from a patient with no polyps.
Sun_Multimodal/Train_Negative/case12_negative_img_00323.jpg,case12,This is a colonoscopy frame from a patient with no polyps.
Sun_Multimodal/Train_Negative/case10_negative_img_00018.jpg,case10,This is a colonoscopy frame from a patient with no polyps.
Sun_Multimodal/Train_Negative/case10_negative_img_05746.jpg,case10,This is a colonoscopy frame from a patient with no polyps.
Sun_Multimodal/Train_Negative/case3_negative_img_00560.jpg,case3,This is a colonoscopy frame from a patient with no polyps.
Sun_Multimodal/Train_Negative/case3_negative_img_00216.jpg,case3,This is a colonoscopy frame from a patient with no polyps.
Sun_Multimodal/Train_Negative/case5_negative_img_03979.jpg,case5,This is a colonoscopy frame from a patient with no polyps.
Sun_Multimodal/Train_Negative/case5_negative_img_06255.jpg,case5,This is a colonoscopy frame from a patient with no polyps.
Sun_Multimodal/Train_Negative/case1_negative_img_02678.jpg,case1,This is a colonoscopy frame from a patient with no polyps.
Sun_Multimodal/Train_Negative/case13_negative_img_03137.jpg,case13,This is a colonoscopy frame from a patient with no polyps.
Sun_Multimodal/Train_Negative/case3_negative_img_02543.jpg,case3,This is a colonoscopy frame from a patient with no polyps.
Sun_Multimodal/Train_Negative/case8_negative_img_00088.jpg,case8,This is a colonoscopy frame from a patient with no polyps.
Sun_Multimodal/Train_Negative/case1_negative_img_04452.jpg,case1,This is a colonoscopy frame from a patient with no polyps.
Sun_Multimodal/Train_Negative/case5_negative_img_04161.jpg,case5,This is a colonoscopy frame from a patient with no polyps.
Sun_Multimodal/Train_Negative/case12_negative_img_03121.jpg,case12,This is a colonoscopy frame from a patient with no polyps.
Sun_Multimodal/Train_Negative/case3_negative_img_02869.jpg,case3,This is a colonoscopy frame from a patient with no polyps.
Sun_Multimodal/Train_Negative/case6_negative_img_16113.jpg,case6,This is a colonoscopy frame from a patient with no polyps.
Sun_Multimodal/Train_Negative/case3_negative_img_06977.jpg,case3,This is a colonoscopy frame from a patient with no polyps.
Sun_Multimodal/Train_Negative/case10_negative_img_02163.jpg,case10,This is a colonoscopy frame from a patient with no polyps.
Sun_Multimodal/Train_Negative/case11_negative_img_02175.jpg,case11,This is a colonoscopy frame from a patient with no polyps.
Sun_Multimodal/Train_Negative/case8_negative_img_00216.jpg,case8,This is a colonoscopy frame from a patient with no polyps.
Sun_Multimodal/Train_Negative/case12_negative_img_02639.jpg,case12,This is a colonoscopy frame from a patient with no polyps.
Sun_Multimodal/Train_Negative/case2_negative_img_06513.jpg,case2,This is a colonoscopy frame from a patient with no polyps.
Sun_Multimodal/Train_Negative/case1_negative_img_02341.jpg,case1,This is a colonoscopy frame from a patient with no polyps.
Sun_Multimodal/Train_Negative/case2_negative_img_05874.jpg,case2,This is a colonoscopy frame from a patient with no polyps.
Sun_Multimodal/Train_Negative/case10_negative_img_01865.jpg,case10,This is a colonoscopy frame from a patient with no polyps.
Sun_Multimodal/Train_Negative/case2_negative_img_09317.jpg,case2,This is a colonoscopy frame from a patient with no polyps.
Sun_Multimodal/Train_Negative/case12_negative_img_04704.jpg,case12,This is a colonoscopy frame from a patient with no polyps.
Sun_Multimodal/Train_Negative/case13_negative_img_05294.jpg,case13,This is a colonoscopy frame from a patient with no polyps.
Sun_Multimodal/Train_Negative/case10_negative_img_00521.jpg,case10,This is a colonoscopy frame from a patient with no polyps.
Sun_Multimodal/Train_Negative/case2_negative_img_04942.jpg,case2,This is a colonoscopy frame from a patient with no polyps.
Sun_Multimodal/Train_Negative/case2_negative_img_07382.jpg,case2,This is a colonoscopy frame from a patient with no polyps.
Sun_Multimodal/Train_Negative/case8_negative_img_01320.jpg,case8,This is a colonoscopy frame from a patient with no polyps.
Sun_Multimodal/Train_Negative/case1_negative_img_06529.jpg,case1,This is a colonoscopy frame from a patient with no polyps.
Sun_Multimodal/Train_Negative/case11_negative_img_00945.jpg,case11,This is a colonoscopy frame from a patient with no polyps.
Sun_Multimodal/Train_Negative/case12_negative_img_05525.jpg,case12,This is a colonoscopy frame from a patient with no polyps.
Sun_Multimodal/Train_Negative/case3_negative_img_05366.jpg,case3,This is a colonoscopy frame from a patient with no polyps.
Sun_Multimodal/Train_Negative/case12_negative_img_01849.jpg,case12,This is a colonoscopy frame from a patient with no polyps.
Sun_Multimodal/Train_Negative/case11_negative_img_03850.jpg,case11,This is a colonoscopy frame from a patient with no polyps.
Sun_Multimodal/Train_Negative/case2_negative_img_00978.jpg,case2,This is a colonoscopy frame from a patient with no polyps.
Sun_Multimodal/Train_Negative/case11_negative_img_01632.jpg,case11,This is a colonoscopy frame from a patient with no polyps.
Sun_Multimodal/Train_Negative/case10_negative_img_00877.jpg,case10,This is a colonoscopy frame from a patient with no polyps.
Sun_Multimodal/Train_Negative/case5_negative_img_02787.jpg,case5,This is a colonoscopy frame from a patient with no polyps.
Sun_Multimodal/Train_Negative/case10_negative_img_03510.jpg,case10,This is a colonoscopy frame from a patient with no polyps.
Sun_Multimodal/Train_Negative/case8_negative_img_00444.jpg,case8,This is a colonoscopy frame from a patient with no polyps.
Sun_Multimodal/Train_Negative/case12_negative_img_05401.jpg,case12,This is a colonoscopy frame from a patient with no polyps.
Sun_Multimodal/Train_Negative/case1_negative_img_00627.jpg,case1,This is a colonoscopy frame from a patient with no polyps.
Sun_Multimodal/Train_Negative/case2_negative_img_06087.jpg,case2,This is a colonoscopy frame from a patient with no polyps.
Sun_Multimodal/Train_Negative/case10_negative_img_06188.jpg,case10,This is a colonoscopy frame from a patient with no polyps.
Sun_Multimodal/Train_Negative/case5_negative_img_01222.jpg,case5,This is a colonoscopy frame from a patient with no polyps.
Sun_Multimodal/Train_Negative/case6_negative_img_09417.jpg,case6,This is a colonoscopy frame from a patient with no polyps.
Sun_Multimodal/Train_Negative/case6_negative_img_05802.jpg,case6,This is a colonoscopy frame from a patient with no polyps.
Sun_Multimodal/Train_Negative/case10_negative_img_02047.jpg,case10,This is a colonoscopy frame from a patient with no polyps.
Sun_Multimodal/Train_Negative/case11_negative_img_01957.jpg,case11,This is a colonoscopy frame from a patient with no polyps.
Sun_Multimodal/Train_Negative/case5_negative_img_02337.jpg,case5,This is a colonoscopy frame from a patient with no polyps.
Sun_Multimodal/Train_Negative/case2_negative_img_06390.jpg,case2,This is a colonoscopy frame from a patient with no polyps.
Sun_Multimodal/Train_Negative/case8_negative_img_00332.jpg,case8,This is a colonoscopy frame from a patient with no polyps.
Sun_Multimodal/Train_Negative/case12_negative_img_00571.jpg,case12,This is a colonoscopy frame from a patient with no polyps.
Sun_Multimodal/Train_Negative/case13_negative_img_05239.jpg,case13,This is a colonoscopy frame from a patient with no polyps.
Sun_Multimodal/Train_Negative/case6_negative_img_02142.jpg,case6,This is a colonoscopy frame from a patient with no polyps.
Sun_Multimodal/Train_Negative/case10_negative_img_05575.jpg,case10,This is a colonoscopy frame from a patient with no polyps.
Sun_Multimodal/Train_Negative/case13_negative_img_01327.jpg,case13,This is a colonoscopy frame from a patient with no polyps.
Sun_Multimodal/Train_Negative/case10_negative_img_04335.jpg,case10,This is a colonoscopy frame from a patient with no polyps.
Sun_Multimodal/Train_Negative/case6_negative_img_09689.jpg,case6,This is a colonoscopy frame from a patient with no polyps.
Sun_Multimodal/Train_Negative/case2_negative_img_03596.jpg,case2,This is a colonoscopy frame from a patient with no polyps.
Sun_Multimodal/Train_Negative/case8_negative_img_01858.jpg,case8,This is a colonoscopy frame from a patient with no polyps.
Sun_Multimodal/Train_Negative/case2_negative_img_02307.jpg,case2,This is a colonoscopy frame from a patient with no polyps.
Sun_Multimodal/Train_Negative/case8_negative_img_01889.jpg,case8,This is a colonoscopy frame from a patient with no polyps.
Sun_Multimodal/Train_Negative/case12_negative_img_04778.jpg,case12,This is a colonoscopy frame from a patient with no polyps.
Sun_Multimodal/Train_Negative/case12_negative_img_05559.jpg,case12,This is a colonoscopy frame from a patient with no polyps.
Sun_Multimodal/Train_Negative/case11_negative_img_00939.jpg,case11,This is a colonoscopy frame from a patient with no polyps.
Sun_Multimodal/Train_Negative/case1_negative_img_01698.jpg,case1,This is a colonoscopy frame from a patient with no polyps.
Sun_Multimodal/Train_Negative/case5_negative_img_02780.jpg,case5,This is a colonoscopy frame from a patient with no polyps.
Sun_Multimodal/Train_Negative/case12_negative_img_00739.jpg,case12,This is a colonoscopy frame from a patient with no polyps.
Sun_Multimodal/Train_Negative/case1_negative_img_00994.jpg,case1,This is a colonoscopy frame from a patient with no polyps.
Sun_Multimodal/Train_Negative/case1_negative_img_09578.jpg,case1,This is a colonoscopy frame from a patient with no polyps.
Sun_Multimodal/Train_Negative/case11_negative_img_02087.jpg,case11,This is a colonoscopy frame from a patient with no polyps.
Sun_Multimodal/Train_Negative/case11_negative_img_02720.jpg,case11,This is a colonoscopy frame from a patient with no polyps.
Sun_Multimodal/Train_Negative/case8_negative_img_00443.jpg,case8,This is a colonoscopy frame from a patient with no polyps.
Sun_Multimodal/Train_Negative/case12_negative_img_04993.jpg,case12,This is a colonoscopy frame from a patient with no polyps.
Sun_Multimodal/Train_Negative/case3_negative_img_05245.jpg,case3,This is a colonoscopy frame from a patient with no polyps.
Sun_Multimodal/Train_Negative/case11_negative_img_01254.jpg,case11,This is a colonoscopy frame from a patient with no polyps.
Sun_Multimodal/Train_Negative/case6_negative_img_07826.jpg,case6,This is a colonoscopy frame from a patient with no polyps.
Sun_Multimodal/Train_Negative/case13_negative_img_06164.jpg,case13,This is a colonoscopy frame from a patient with no polyps.
Sun_Multimodal/Train_Negative/case11_negative_img_02341.jpg,case11,This is a colonoscopy frame from a patient with no polyps.
Sun_Multimodal/Train_Negative/case8_negative_img_00754.jpg,case8,This is a colonoscopy frame from a patient with no polyps.
Sun_Multimodal/Train_Negative/case11_negative_img_02845.jpg,case11,This is a colonoscopy frame from a patient with no polyps.
Sun_Multimodal/Train_Negative/case6_negative_img_09862.jpg,case6,This is a colonoscopy frame from a patient with no polyps.
Sun_Multimodal/Train_Negative/case3_negative_img_05294.jpg,case3,This is a colonoscopy frame from a patient with no polyps.
Sun_Multimodal/Train_Negative/case2_negative_img_07270.jpg,case2,This is a colonoscopy frame from a patient with no polyps.
Sun_Multimodal/Train_Negative/case8_negative_img_01575.jpg,case8,This is a colonoscopy frame from a patient with no polyps.
Sun_Multimodal/Train_Negative/case8_negative_img_00335.jpg,case8,This is a colonoscopy frame from a patient with no polyps.
Sun_Multimodal/Train_Negative/case8_negative_img_00492.jpg,case8,This is a colonoscopy frame from a patient with no polyps.
Sun_Multimodal/Train_Negative/case13_negative_img_04954.jpg,case13,This is a colonoscopy frame from a patient with no polyps.
Sun_Multimodal/Train_Negative/case10_negative_img_01293.jpg,case10,This is a colonoscopy frame from a patient with no polyps.
Sun_Multimodal/Train_Negative/case8_negative_img_02159.jpg,case8,This is a colonoscopy frame from a patient with no polyps.
Sun_Multimodal/Train_Negative/case3_negative_img_00492.jpg,case3,This is a colonoscopy frame from a patient with no polyps.
Sun_Multimodal/Train_Negative/case3_negative_img_03587.jpg,case3,This is a colonoscopy frame from a patient with no polyps.
Sun_Multimodal/Train_Negative/case6_negative_img_01431.jpg,case6,This is a colonoscopy frame from a patient with no polyps.
Sun_Multimodal/Train_Negative/case13_negative_img_03014.jpg,case13,This is a colonoscopy frame from a patient with no polyps.
Sun_Multimodal/Train_Negative/case1_negative_img_09356.jpg,case1,This is a colonoscopy frame from a patient with no polyps.
Sun_Multimodal/Train_Negative/case12_negative_img_04009.jpg,case12,This is a colonoscopy frame from a patient with no polyps.
Sun_Multimodal/Train_Negative/case13_negative_img_00560.jpg,case13,This is a colonoscopy frame from a patient with no polyps.
Sun_Multimodal/Train_Negative/case13_negative_img_03807.jpg,case13,This is a colonoscopy frame from a patient with no polyps.
Sun_Multimodal/Train_Negative/case13_negative_img_02235.jpg,case13,This is a colonoscopy frame from a patient with no polyps.
Sun_Multimodal/Train_Negative/case6_negative_img_12361.jpg,case6,This is a colonoscopy frame from a patient with no polyps.
Sun_Multimodal/Train_Negative/case13_negative_img_02543.jpg,case13,This is a colonoscopy frame from a patient with no polyps.
Sun_Multimodal/Train_Negative/case11_negative_img_02678.jpg,case11,This is a colonoscopy frame from a patient with no polyps.
Sun_Multimodal/Train_Negative/case3_negative_img_02777.jpg,case3,This is a colonoscopy frame from a patient with no polyps.
Sun_Multimodal/Train_Negative/case13_negative_img_00216.jpg,case13,This is a colonoscopy frame from a patient with no polyps.
Sun_Multimodal/Train_Negative/case6_negative_img_14958.jpg,case6,This is a colonoscopy frame from a patient with no polyps.
Sun_Multimodal/Train_Negative/case3_negative_img_03924.jpg,case3,This is a colonoscopy frame from a patient with no polyps.
Sun_Multimodal/Train_Negative/case10_negative_img_04782.jpg,case10,This is a colonoscopy frame from a patient with no polyps.
Sun_Multimodal/Train_Negative/case11_negative_img_04452.jpg,case11,This is a colonoscopy frame from a patient with no polyps.
Sun_Multimodal/Train_Negative/case12_negative_img_01440.jpg,case12,This is a colonoscopy frame from a patient with no polyps.
Sun_Multimodal/Train_Negative/case13_negative_img_00677.jpg,case13,This is a colonoscopy frame from a patient with no polyps.
Sun_Multimodal/Train_Negative/case1_negative_img_01138.jpg,case1,This is a colonoscopy frame from a patient with no polyps.
Sun_Multimodal/Train_Negative/case8_negative_img_00398.jpg,case8,This is a colonoscopy frame from a patient with no polyps.
Sun_Multimodal/Train_Negative/case3_negative_img_02653.jpg,case3,This is a colonoscopy frame from a patient with no polyps.
Sun_Multimodal/Train_Negative/case2_negative_img_02224.jpg,case2,This is a colonoscopy frame from a patient with no polyps.
Sun_Multimodal/Train_Negative/case13_negative_img_03580.jpg,case13,This is a colonoscopy frame from a patient with no polyps.
Sun_Multimodal/Train_Negative/case2_negative_img_01331.jpg,case2,This is a colonoscopy frame from a patient with no polyps.
Sun_Multimodal/Train_Negative/case1_negative_img_08891.jpg,case1,This is a colonoscopy frame from a patient with no polyps.
Sun_Multimodal/Train_Negative/case10_negative_img_05487.jpg,case10,This is a colonoscopy frame from a patient with no polyps.
Sun_Multimodal/Train_Negative/case12_negative_img_02471.jpg,case12,This is a colonoscopy frame from a patient with no polyps.
Sun_Multimodal/Train_Negative/case10_negative_img_04101.jpg,case10,This is a colonoscopy frame from a patient with no polyps.
Sun_Multimodal/Train_Negative/case3_negative_img_05239.jpg,case3,This is a colonoscopy frame from a patient with no polyps.
Sun_Multimodal/Train_Negative/case12_negative_img_01916.jpg,case12,This is a colonoscopy frame from a patient with no polyps.
Sun_Multimodal/Train_Negative/case1_negative_img_04742.jpg,case1,This is a colonoscopy frame from a patient with no polyps.
Sun_Multimodal/Train_Negative/case1_negative_img_04034.jpg,case1,This is a colonoscopy frame from a patient with no polyps.
Sun_Multimodal/Train_Negative/case10_negative_img_06685.jpg,case10,This is a colonoscopy frame from a patient with no polyps.
Sun_Multimodal/Train_Negative/case6_negative_img_01515.jpg,case6,This is a colonoscopy frame from a patient with no polyps.
Sun_Multimodal/Train_Negative/case8_negative_img_01168.jpg,case8,This is a colonoscopy frame from a patient with no polyps.
Sun_Multimodal/Train_Negative/case6_negative_img_16114.jpg,case6,This is a colonoscopy frame from a patient with no polyps.
Sun_Multimodal/Train_Negative/case8_negative_img_01030.jpg,case8,This is a colonoscopy frame from a patient with no polyps.
Sun_Multimodal/Train_Negative/case5_negative_img_03826.jpg,case5,This is a colonoscopy frame from a patient with no polyps.
Sun_Multimodal/Train_Negative/case2_negative_img_02878.jpg,case2,This is a colonoscopy frame from a patient with no polyps.
Sun_Multimodal/Train_Negative/case8_negative_img_01451.jpg,case8,This is a colonoscopy frame from a patient with no polyps.
Sun_Multimodal/Train_Negative/case8_negative_img_00211.jpg,case8,This is a colonoscopy frame from a patient with no polyps.
Sun_Multimodal/Train_Negative/case11_negative_img_02172.jpg,case11,This is a colonoscopy frame from a patient with no polyps.
Sun_Multimodal/Train_Negative/case1_negative_img_03506.jpg,case1,This is a colonoscopy frame from a patient with no polyps.
Sun_Multimodal/Train_Negative/case2_negative_img_06966.jpg,case2,This is a colonoscopy frame from a patient with no polyps.
Sun_Multimodal/Train_Negative/case13_negative_img_02249.jpg,case13,This is a colonoscopy frame from a patient with no polyps.
Sun_Multimodal/Train_Negative/case3_negative_img_05076.jpg,case3,This is a colonoscopy frame from a patient with no polyps.
Sun_Multimodal/Train_Negative/case12_negative_img_04075.jpg,case12,This is a colonoscopy frame from a patient with no polyps.
Sun_Multimodal/Train_Negative/case13_negative_img_05242.jpg,case13,This is a colonoscopy frame from a patient with no polyps.
Sun_Multimodal/Train_Negative/case6_negative_img_15316.jpg,case6,This is a colonoscopy frame from a patient with no polyps.
Sun_Multimodal/Train_Negative/case13_negative_img_05293.jpg,case13,This is a colonoscopy frame from a patient with no polyps.
Sun_Multimodal/Train_Negative/case6_negative_img_14924.jpg,case6,This is a colonoscopy frame from a patient with no polyps.
Sun_Multimodal/Train_Negative/case1_negative_img_03270.jpg,case1,This is a colonoscopy frame from a patient with no polyps.
Sun_Multimodal/Train_Negative/case12_negative_img_02148.jpg,case12,This is a colonoscopy frame from a patient with no polyps.
Sun_Multimodal/Train_Negative/case8_negative_img_01327.jpg,case8,This is a colonoscopy frame from a patient with no polyps.
Sun_Multimodal/Train_Negative/case12_negative_img_05522.jpg,case12,This is a colonoscopy frame from a patient with no polyps.
Sun_Multimodal/Train_Negative/case5_negative_img_01805.jpg,case5,This is a colonoscopy frame from a patient with no polyps.
Sun_Multimodal/Train_Negative/case8_negative_img_00106.jpg,case8,This is a colonoscopy frame from a patient with no polyps.
Sun_Multimodal/Train_Negative/case10_negative_img_06247.jpg,case10,This is a colonoscopy frame from a patient with no polyps.
Sun_Multimodal/Train_Negative/case12_negative_img_03622.jpg,case12,This is a colonoscopy frame from a patient with no polyps.
Sun_Multimodal/Train_Negative/case6_negative_img_10562.jpg,case6,This is a colonoscopy frame from a patient with no polyps.
Sun_Multimodal/Train_Negative/case12_negative_img_03243.jpg,case12,This is a colonoscopy frame from a patient with no polyps.
Sun_Multimodal/Train_Negative/case12_negative_img_00356.jpg,case12,This is a colonoscopy frame from a patient with no polyps.
Sun_Multimodal/Train_Negative/case1_negative_img_00189.jpg,case1,This is a colonoscopy frame from a patient with no polyps.
Sun_Multimodal/Train_Negative/case13_negative_img_01617.jpg,case13,This is a colonoscopy frame from a patient with no polyps.
Sun_Multimodal/Train_Negative/case5_negative_img_07812.jpg,case5,This is a colonoscopy frame from a patient with no polyps.
Sun_Multimodal/Train_Negative/case1_negative_img_08786.jpg,case1,This is a colonoscopy frame from a patient with no polyps.
Sun_Multimodal/Train_Negative/case5_negative_img_04907.jpg,case5,This is a colonoscopy frame from a patient with no polyps.
Sun_Multimodal/Train_Negative/case6_negative_img_11826.jpg,case6,This is a colonoscopy frame from a patient with no polyps.
Sun_Multimodal/Train_Negative/case3_negative_img_03717.jpg,case3,This is a colonoscopy frame from a patient with no polyps.
Sun_Multimodal/Train_Negative/case1_negative_img_07940.jpg,case1,This is a colonoscopy frame from a patient with no polyps.
Sun_Multimodal/Train_Negative/case10_negative_img_06943.jpg,case10,This is a colonoscopy frame from a patient with no polyps.
Sun_Multimodal/Train_Negative/case6_negative_img_13638.jpg,case6,This is a colonoscopy frame from a patient with no polyps.
Sun_Multimodal/Train_Negative/case11_negative_img_03486.jpg,case11,This is a colonoscopy frame from a patient with no polyps.
Sun_Multimodal/Train_Negative/case1_negative_img_03115.jpg,case1,This is a colonoscopy frame from a patient with no polyps.
Sun_Multimodal/Train_Negative/case12_negative_img_04814.jpg,case12,This is a colonoscopy frame from a patient with no polyps.
Sun_Multimodal/Train_Negative/case6_negative_img_14633.jpg,case6,This is a colonoscopy frame from a patient with no polyps.
Sun_Multimodal/Train_Negative/case8_negative_img_02157.jpg,case8,This is a colonoscopy frame from a patient with no polyps.
Sun_Multimodal/Train_Negative/case12_negative_img_05226.jpg,case12,This is a colonoscopy frame from a patient with no polyps.
Sun_Multimodal/Train_Negative/case3_negative_img_01909.jpg,case3,This is a colonoscopy frame from a patient with no polyps.
Sun_Multimodal/Train_Negative/case13_negative_img_05651.jpg,case13,This is a colonoscopy frame from a patient with no polyps.
Sun_Multimodal/Train_Negative/case2_negative_img_06566.jpg,case2,This is a colonoscopy frame from a patient with no polyps.
Sun_Multimodal/Train_Negative/case11_negative_img_02100.jpg,case11,This is a colonoscopy frame from a patient with no polyps.
Sun_Multimodal/Train_Negative/case6_negative_img_12419.jpg,case6,This is a colonoscopy frame from a patient with no polyps.
Sun_Multimodal/Train_Negative/case12_negative_img_06752.jpg,case12,This is a colonoscopy frame from a patient with no polyps.
Sun_Multimodal/Train_Negative/case11_negative_img_03740.jpg,case11,This is a colonoscopy frame from a patient with no polyps.
Sun_Multimodal/Train_Negative/case2_negative_img_04233.jpg,case2,This is a colonoscopy frame from a patient with no polyps.
Sun_Multimodal/Train_Negative/case6_negative_img_15412.jpg,case6,This is a colonoscopy frame from a patient with no polyps.
Sun_Multimodal/Train_Negative/case10_negative_img_00585.jpg,case10,This is a colonoscopy frame from a patient with no polyps.
Sun_Multimodal/Train_Negative/case10_negative_img_04838.jpg,case10,This is a colonoscopy frame from a patient with no polyps.
Sun_Multimodal/Train_Negative/case2_negative_img_07450.jpg,case2,This is a colonoscopy frame from a patient with no polyps.
Sun_Multimodal/Train_Negative/case11_negative_img_03036.jpg,case11,This is a colonoscopy frame from a patient with no polyps.
Sun_Multimodal/Train_Negative/case2_negative_img_06210.jpg,case2,This is a colonoscopy frame from a patient with no polyps.
Sun_Multimodal/Train_Negative/case6_negative_img_07502.jpg,case6,This is a colonoscopy frame from a patient with no polyps.
Sun_Multimodal/Train_Negative/case11_negative_img_00930.jpg,case11,This is a colonoscopy frame from a patient with no polyps.
Sun_Multimodal/Train_Negative/case12_negative_img_04310.jpg,case12,This is a colonoscopy frame from a patient with no polyps.
Sun_Multimodal/Train_Negative/case2_negative_img_05764.jpg,case2,This is a colonoscopy frame from a patient with no polyps.
Sun_Multimodal/Train_Negative/case13_negative_img_04767.jpg,case13,This is a colonoscopy frame from a patient with no polyps.
Sun_Multimodal/Train_Negative/case8_negative_img_00174.jpg,case8,This is a colonoscopy frame from a patient with no polyps.
Sun_Multimodal/Train_Negative/case5_negative_img_00245.jpg,case5,This is a colonoscopy frame from a patient with no polyps.
Sun_Multimodal/Train_Negative/case10_negative_img_03787.jpg,case10,This is a colonoscopy frame from a patient with no polyps.
Sun_Multimodal/Train_Negative/case5_negative_img_01877.jpg,case5,This is a colonoscopy frame from a patient with no polyps.
Sun_Multimodal/Train_Negative/case3_negative_img_02318.jpg,case3,This is a colonoscopy frame from a patient with no polyps.
Sun_Multimodal/Train_Negative/case13_negative_img_04222.jpg,case13,This is a colonoscopy frame from a patient with no polyps.
Sun_Multimodal/Train_Negative/case2_negative_img_04461.jpg,case2,This is a colonoscopy frame from a patient with no polyps.
Sun_Multimodal/Train_Negative/case2_negative_img_07906.jpg,case2,This is a colonoscopy frame from a patient with no polyps.
Sun_Multimodal/Train_Negative/case3_negative_img_07103.jpg,case3,This is a colonoscopy frame from a patient with no polyps.
Sun_Multimodal/Train_Negative/case8_negative_img_01271.jpg,case8,This is a colonoscopy frame from a patient with no polyps.
Sun_Multimodal/Train_Negative/case12_negative_img_06100.jpg,case12,This is a colonoscopy frame from a patient with no polyps.
Sun_Multimodal/Train_Negative/case11_negative_img_02752.jpg,case11,This is a colonoscopy frame from a patient with no polyps.
Sun_Multimodal/Train_Negative/case8_negative_img_00396.jpg,case8,This is a colonoscopy frame from a patient with no polyps.
Sun_Multimodal/Train_Negative/case3_negative_img_04805.jpg,case3,This is a colonoscopy frame from a patient with no polyps.
Sun_Multimodal/Train_Negative/case2_negative_img_09627.jpg,case2,This is a colonoscopy frame from a patient with no polyps.
Sun_Multimodal/Train_Negative/case1_negative_img_00652.jpg,case1,This is a colonoscopy frame from a patient with no polyps.
Sun_Multimodal/Train_Negative/case11_negative_img_03573.jpg,case11,This is a colonoscopy frame from a patient with no polyps.
Sun_Multimodal/Train_Negative/case11_negative_img_03901.jpg,case11,This is a colonoscopy frame from a patient with no polyps.
Sun_Multimodal/Train_Negative/case6_negative_img_04294.jpg,case6,This is a colonoscopy frame from a patient with no polyps.
Sun_Multimodal/Train_Negative/case5_negative_img_04509.jpg,case5,This is a colonoscopy frame from a patient with no polyps.
Sun_Multimodal/Train_Negative/case5_negative_img_00417.jpg,case5,This is a colonoscopy frame from a patient with no polyps.
Sun_Multimodal/Train_Negative/case8_negative_img_00726.jpg,case8,This is a colonoscopy frame from a patient with no polyps.
Sun_Multimodal/Train_Negative/case10_negative_img_02453.jpg,case10,This is a colonoscopy frame from a patient with no polyps.
Sun_Multimodal/Train_Negative/case6_negative_img_04183.jpg,case6,This is a colonoscopy frame from a patient with no polyps.
Sun_Multimodal/Train_Negative/case1_negative_img_00937.jpg,case1,This is a colonoscopy frame from a patient with no polyps.
Sun_Multimodal/Train_Negative/case10_negative_img_04721.jpg,case10,This is a colonoscopy frame from a patient with no polyps.
Sun_Multimodal/Train_Negative/case3_negative_img_00347.jpg,case3,This is a colonoscopy frame from a patient with no polyps.
Sun_Multimodal/Train_Negative/case2_negative_img_01170.jpg,case2,This is a colonoscopy frame from a patient with no polyps.
Sun_Multimodal/Train_Negative/case12_negative_img_03863.jpg,case12,This is a colonoscopy frame from a patient with no polyps.
Sun_Multimodal/Train_Negative/case5_negative_img_04451.jpg,case5,This is a colonoscopy frame from a patient with no polyps.
Sun_Multimodal/Train_Negative/case3_negative_img_03987.jpg,case3,This is a colonoscopy frame from a patient with no polyps.
Sun_Multimodal/Train_Negative/case6_negative_img_12465.jpg,case6,This is a colonoscopy frame from a patient with no polyps.
Sun_Multimodal/Train_Negative/case3_negative_img_03633.jpg,case3,This is a colonoscopy frame from a patient with no polyps.
Sun_Multimodal/Train_Negative/case1_negative_img_07360.jpg,case1,This is a colonoscopy frame from a patient with no polyps.
Sun_Multimodal/Train_Negative/case8_negative_img_01329.jpg,case8,This is a colonoscopy frame from a patient with no polyps.
Sun_Multimodal/Train_Negative/case13_negative_img_02531.jpg,case13,This is a colonoscopy frame from a patient with no polyps.
Sun_Multimodal/Train_Negative/case13_negative_img_01856.jpg,case13,This is a colonoscopy frame from a patient with no polyps.
Sun_Multimodal/Train_Negative/case6_negative_img_02641.jpg,case6,This is a colonoscopy frame from a patient with no polyps.
Sun_Multimodal/Train_Negative/case8_negative_img_00108.jpg,case8,This is a colonoscopy frame from a patient with no polyps.
Sun_Multimodal/Train_Negative/case3_negative_img_03524.jpg,case3,This is a colonoscopy frame from a patient with no polyps.
Sun_Multimodal/Train_Negative/case12_negative_img_02527.jpg,case12,This is a colonoscopy frame from a patient with no polyps.
Sun_Multimodal/Train_Negative/case6_negative_img_01492.jpg,case6,This is a colonoscopy frame from a patient with no polyps.
Sun_Multimodal/Train_Negative/case13_negative_img_00605.jpg,case13,This is a colonoscopy frame from a patient with no polyps.
Sun_Multimodal/Train_Negative/case2_negative_img_08698.jpg,case2,This is a colonoscopy frame from a patient with no polyps.
Sun_Multimodal/Train_Negative/case3_negative_img_00431.jpg,case3,This is a colonoscopy frame from a patient with no polyps.
Sun_Multimodal/Train_Negative/case3_negative_img_00843.jpg,case3,This is a colonoscopy frame from a patient with no polyps.
Sun_Multimodal/Train_Negative/case6_negative_img_06499.jpg,case6,This is a colonoscopy frame from a patient with no polyps.
Sun_Multimodal/Train_Negative/case2_negative_img_04466.jpg,case2,This is a colonoscopy frame from a patient with no polyps.
Sun_Multimodal/Train_Negative/case2_negative_img_09241.jpg,case2,This is a colonoscopy frame from a patient with no polyps.
Sun_Multimodal/Train_Negative/case10_negative_img_03562.jpg,case10,This is a colonoscopy frame from a patient with no polyps.
Sun_Multimodal/Train_Negative/case6_negative_img_08132.jpg,case6,This is a colonoscopy frame from a patient with no polyps.
Sun_Multimodal/Train_Negative/case2_negative_img_09620.jpg,case2,This is a colonoscopy frame from a patient with no polyps.
Sun_Multimodal/Train_Negative/case11_negative_img_01221.jpg,case11,This is a colonoscopy frame from a patient with no polyps.
Sun_Multimodal/Train_Negative/case6_negative_img_06261.jpg,case6,This is a colonoscopy frame from a patient with no polyps.
Sun_Multimodal/Train_Negative/case12_negative_img_05473.jpg,case12,This is a colonoscopy frame from a patient with no polyps.
Sun_Multimodal/Train_Negative/case11_negative_img_00813.jpg,case11,This is a colonoscopy frame from a patient with no polyps.
Sun_Multimodal/Train_Negative/case12_negative_img_03238.jpg,case12,This is a colonoscopy frame from a patient with no polyps.
Sun_Multimodal/Train_Negative/case6_negative_img_08921.jpg,case6,This is a colonoscopy frame from a patient with no polyps.
Sun_Multimodal/Train_Negative/case8_negative_img_01617.jpg,case8,This is a colonoscopy frame from a patient with no polyps.
Sun_Multimodal/Train_Negative/case2_negative_img_06752.jpg,case2,This is a colonoscopy frame from a patient with no polyps.
Sun_Multimodal/Train_Negative/case6_negative_img_00889.jpg,case6,This is a colonoscopy frame from a patient with no polyps.
Sun_Multimodal/Train_Negative/case8_negative_img_00086.jpg,case8,This is a colonoscopy frame from a patient with no polyps.
Sun_Multimodal/Train_Negative/case8_negative_img_01161.jpg,case8,This is a colonoscopy frame from a patient with no polyps.
Sun_Multimodal/Train_Negative/case6_negative_img_16045.jpg,case6,This is a colonoscopy frame from a patient with no polyps.
Sun_Multimodal/Train_Negative/case10_negative_img_00760.jpg,case10,This is a colonoscopy frame from a patient with no polyps.
Sun_Multimodal/Train_Negative/case10_negative_img_05799.jpg,case10,This is a colonoscopy frame from a patient with no polyps.
Sun_Multimodal/Train_Negative/case5_negative_img_03977.jpg,case5,This is a colonoscopy frame from a patient with no polyps.
Sun_Multimodal/Train_Negative/case11_negative_img_01925.jpg,case11,This is a colonoscopy frame from a patient with no polyps.
Sun_Multimodal/Train_Negative/case13_negative_img_02318.jpg,case13,This is a colonoscopy frame from a patient with no polyps.
Sun_Multimodal/Train_Negative/case1_negative_img_03457.jpg,case1,This is a colonoscopy frame from a patient with no polyps.
Sun_Multimodal/Train_Negative/case3_negative_img_06795.jpg,case3,This is a colonoscopy frame from a patient with no polyps.
Sun_Multimodal/Train_Negative/case2_negative_img_05550.jpg,case2,This is a colonoscopy frame from a patient with no polyps.
Sun_Multimodal/Train_Negative/case3_negative_img_01039.jpg,case3,This is a colonoscopy frame from a patient with no polyps.
Sun_Multimodal/Train_Negative/case6_negative_img_07091.jpg,case6,This is a colonoscopy frame from a patient with no polyps.
Sun_Multimodal/Train_Negative/case13_negative_img_01093.jpg,case13,This is a colonoscopy frame from a patient with no polyps.
Sun_Multimodal/Train_Negative/case8_negative_img_00679.jpg,case8,This is a colonoscopy frame from a patient with no polyps.
Sun_Multimodal/Train_Negative/case11_negative_img_02968.jpg,case11,This is a colonoscopy frame from a patient with no polyps.
Sun_Multimodal/Train_Negative/case5_negative_img_01308.jpg,case5,This is a colonoscopy frame from a patient with no polyps.
Sun_Multimodal/Train_Negative/case10_negative_img_06073.jpg,case10,This is a colonoscopy frame from a patient with no polyps.
Sun_Multimodal/Train_Negative/case1_negative_img_02089.jpg,case1,This is a colonoscopy frame from a patient with no polyps.
Sun_Multimodal/Train_Negative/case5_negative_img_07122.jpg,case5,This is a colonoscopy frame from a patient with no polyps.
Sun_Multimodal/Train_Negative/case13_negative_img_00515.jpg,case13,This is a colonoscopy frame from a patient with no polyps.
Sun_Multimodal/Train_Negative/case3_negative_img_04198.jpg,case3,This is a colonoscopy frame from a patient with no polyps.
Sun_Multimodal/Train_Negative/case2_negative_img_02871.jpg,case2,This is a colonoscopy frame from a patient with no polyps.
Sun_Multimodal/Train_Negative/case3_negative_img_03634.jpg,case3,This is a colonoscopy frame from a patient with no polyps.
Sun_Multimodal/Train_Negative/case2_negative_img_03996.jpg,case2,This is a colonoscopy frame from a patient with no polyps.
Sun_Multimodal/Train_Negative/case13_negative_img_02536.jpg,case13,This is a colonoscopy frame from a patient with no polyps.
Sun_Multimodal/Train_Negative/case3_negative_img_01617.jpg,case3,This is a colonoscopy frame from a patient with no polyps.
Sun_Multimodal/Train_Negative/case11_negative_img_04046.jpg,case11,This is a colonoscopy frame from a patient with no polyps.
Sun_Multimodal/Train_Negative/case3_negative_img_03284.jpg,case3,This is a colonoscopy frame from a patient with no polyps.
Sun_Multimodal/Train_Negative/case3_negative_img_03951.jpg,case3,This is a colonoscopy frame from a patient with no polyps.
Sun_Multimodal/Train_Negative/case12_negative_img_01435.jpg,case12,This is a colonoscopy frame from a patient with no polyps.
Sun_Multimodal/Train_Negative/case2_negative_img_09778.jpg,case2,This is a colonoscopy frame from a patient with no polyps.
Sun_Multimodal/Train_Negative/case5_negative_img_07235.jpg,case5,This is a colonoscopy frame from a patient with no polyps.
Sun_Multimodal/Train_Negative/case12_negative_img_05959.jpg,case12,This is a colonoscopy frame from a patient with no polyps.
Sun_Multimodal/Train_Negative/case8_negative_img_00838.jpg,case8,This is a colonoscopy frame from a patient with no polyps.
Sun_Multimodal/Train_Negative/case13_negative_img_00347.jpg,case13,This is a colonoscopy frame from a patient with no polyps.
Sun_Multimodal/Train_Negative/case12_negative_img_02404.jpg,case12,This is a colonoscopy frame from a patient with no polyps.
Sun_Multimodal/Train_Negative/case3_negative_img_06359.jpg,case3,This is a colonoscopy frame from a patient with no polyps.
Sun_Multimodal/Train_Negative/case12_negative_img_02876.jpg,case12,This is a colonoscopy frame from a patient with no polyps.
Sun_Multimodal/Train_Negative/case10_negative_img_07061.jpg,case10,This is a colonoscopy frame from a patient with no polyps.
Sun_Multimodal/Train_Negative/case6_negative_img_03543.jpg,case6,This is a colonoscopy frame from a patient with no polyps.
Sun_Multimodal/Train_Negative/case1_negative_img_04041.jpg,case1,This is a colonoscopy frame from a patient with no polyps.
Sun_Multimodal/Train_Negative/case11_negative_img_04275.jpg,case11,This is a colonoscopy frame from a patient with no polyps.
Sun_Multimodal/Train_Negative/case12_negative_img_02372.jpg,case12,This is a colonoscopy frame from a patient with no polyps.
Sun_Multimodal/Train_Negative/case1_negative_img_04387.jpg,case1,This is a colonoscopy frame from a patient with no polyps.
Sun_Multimodal/Train_Negative/case1_negative_img_08835.jpg,case1,This is a colonoscopy frame from a patient with no polyps.
Sun_Multimodal/Train_Negative/case13_negative_img_00843.jpg,case13,This is a colonoscopy frame from a patient with no polyps.
Sun_Multimodal/Train_Negative/case5_negative_img_02758.jpg,case5,This is a colonoscopy frame from a patient with no polyps.
Sun_Multimodal/Train_Negative/case10_negative_img_05423.jpg,case10,This is a colonoscopy frame from a patient with no polyps.
Sun_Multimodal/Train_Negative/case5_negative_img_00946.jpg,case5,This is a colonoscopy frame from a patient with no polyps.
Sun_Multimodal/Train_Negative/case1_negative_img_03112.jpg,case1,This is a colonoscopy frame from a patient with no polyps.
Sun_Multimodal/Train_Negative/case8_negative_img_00605.jpg,case8,This is a colonoscopy frame from a patient with no polyps.
Sun_Multimodal/Train_Negative/case12_negative_img_06493.jpg,case12,This is a colonoscopy frame from a patient with no polyps.
Sun_Multimodal/Train_Negative/case8_negative_img_01045.jpg,case8,This is a colonoscopy frame from a patient with no polyps.
Sun_Multimodal/Train_Negative/case12_negative_img_05586.jpg,case12,This is a colonoscopy frame from a patient with no polyps.
Sun_Multimodal/Train_Negative/case1_negative_img_00007.jpg,case1,This is a colonoscopy frame from a patient with no polyps.
Sun_Multimodal/Train_Negative/case12_negative_img_04461.jpg,case12,This is a colonoscopy frame from a patient with no polyps.
Sun_Multimodal/Train_Negative/case10_negative_img_03330.jpg,case10,This is a colonoscopy frame from a patient with no polyps.
Sun_Multimodal/Train_Negative/case6_negative_img_05147.jpg,case6,This is a colonoscopy frame from a patient with no polyps.
Sun_Multimodal/Train_Negative/case10_negative_img_02570.jpg,case10,This is a colonoscopy frame from a patient with no polyps.
Sun_Multimodal/Train_Negative/case6_negative_img_15867.jpg,case6,This is a colonoscopy frame from a patient with no polyps.
Sun_Multimodal/Train_Negative/case10_negative_img_00582.jpg,case10,This is a colonoscopy frame from a patient with no polyps.
Sun_Multimodal/Train_Negative/case13_negative_img_05541.jpg,case13,This is a colonoscopy frame from a patient with no polyps.
Sun_Multimodal/Train_Negative/case10_negative_img_00553.jpg,case10,This is a colonoscopy frame from a patient with no polyps.
Sun_Multimodal/Train_Negative/case5_negative_img_02176.jpg,case5,This is a colonoscopy frame from a patient with no polyps.
Sun_Multimodal/Train_Negative/case8_negative_img_02247.jpg,case8,This is a colonoscopy frame from a patient with no polyps.
Sun_Multimodal/Train_Negative/case6_negative_img_14284.jpg,case6,This is a colonoscopy frame from a patient with no polyps.
Sun_Multimodal/Train_Negative/case5_negative_img_06068.jpg,case5,This is a colonoscopy frame from a patient with no polyps.
Sun_Multimodal/Train_Negative/case10_negative_img_06318.jpg,case10,This is a colonoscopy frame from a patient with no polyps.
Sun_Multimodal/Train_Negative/case12_negative_img_04317.jpg,case12,This is a colonoscopy frame from a patient with no polyps.
Sun_Multimodal/Train_Negative/case5_negative_img_07249.jpg,case5,This is a colonoscopy frame from a patient with no polyps.
Sun_Multimodal/Train_Negative/case8_negative_img_02181.jpg,case8,This is a colonoscopy frame from a patient with no polyps.
Sun_Multimodal/Train_Negative/case5_negative_img_01402.jpg,case5,This is a colonoscopy frame from a patient with no polyps.
Sun_Multimodal/Train_Negative/case8_negative_img_01733.jpg,case8,This is a colonoscopy frame from a patient with no polyps.
Sun_Multimodal/Train_Negative/case1_negative_img_02585.jpg,case1,This is a colonoscopy frame from a patient with no polyps.
Sun_Multimodal/Train_Negative/case6_negative_img_16863.jpg,case6,This is a colonoscopy frame from a patient with no polyps.
Sun_Multimodal/Train_Negative/case2_negative_img_09502.jpg,case2,This is a colonoscopy frame from a patient with no polyps.
Sun_Multimodal/Train_Negative/case12_negative_img_04111.jpg,case12,This is a colonoscopy frame from a patient with no polyps.
Sun_Multimodal/Train_Negative/case10_negative_img_01906.jpg,case10,This is a colonoscopy frame from a patient with no polyps.
Sun_Multimodal/Train_Negative/case1_negative_img_01490.jpg,case1,This is a colonoscopy frame from a patient with no polyps.
Sun_Multimodal/Train_Negative/case8_negative_img_00714.jpg,case8,This is a colonoscopy frame from a patient with no polyps.
Sun_Multimodal/Train_Negative/case11_negative_img_02477.jpg,case11,This is a colonoscopy frame from a patient with no polyps.
Sun_Multimodal/Train_Negative/case3_negative_img_06466.jpg,case3,This is a colonoscopy frame from a patient with no polyps.
Sun_Multimodal/Train_Negative/case3_negative_img_06814.jpg,case3,This is a colonoscopy frame from a patient with no polyps.
Sun_Multimodal/Train_Negative/case6_negative_img_05437.jpg,case6,This is a colonoscopy frame from a patient with no polyps.
Sun_Multimodal/Train_Negative/case11_negative_img_03590.jpg,case11,This is a colonoscopy frame from a patient with no polyps.
Sun_Multimodal/Train_Negative/case6_negative_img_07362.jpg,case6,This is a colonoscopy frame from a patient with no polyps.
Sun_Multimodal/Train_Negative/case12_negative_img_01589.jpg,case12,This is a colonoscopy frame from a patient with no polyps.
Sun_Multimodal/Train_Negative/case11_negative_img_01562.jpg,case11,This is a colonoscopy frame from a patient with no polyps.
Sun_Multimodal/Train_Negative/case12_negative_img_01558.jpg,case12,This is a colonoscopy frame from a patient with no polyps.
Sun_Multimodal/Train_Negative/case3_negative_img_05205.jpg,case3,This is a colonoscopy frame from a patient with no polyps.
Sun_Multimodal/Train_Negative/case12_negative_img_05834.jpg,case12,This is a colonoscopy frame from a patient with no polyps.
Sun_Multimodal/Train_Negative/case8_negative_img_01622.jpg,case8,This is a colonoscopy frame from a patient with no polyps.
Sun_Multimodal/Train_Negative/case2_negative_img_07680.jpg,case2,This is a colonoscopy frame from a patient with no polyps.
Sun_Multimodal/Train_Negative/case12_negative_img_05027.jpg,case12,This is a colonoscopy frame from a patient with no polyps.
Sun_Multimodal/Train_Negative/case12_negative_img_00779.jpg,case12,This is a colonoscopy frame from a patient with no polyps.
Sun_Multimodal/Train_Negative/case2_negative_img_04821.jpg,case2,This is a colonoscopy frame from a patient with no polyps.
Sun_Multimodal/Train_Negative/case1_negative_img_01833.jpg,case1,This is a colonoscopy frame from a patient with no polyps.
Sun_Multimodal/Train_Negative/case2_negative_img_03458.jpg,case2,This is a colonoscopy frame from a patient with no polyps.
Sun_Multimodal/Train_Negative/case5_negative_img_00095.jpg,case5,This is a colonoscopy frame from a patient with no polyps.
Sun_Multimodal/Train_Negative/case2_negative_img_07934.jpg,case2,This is a colonoscopy frame from a patient with no polyps.
Sun_Multimodal/Train_Negative/case1_negative_img_02926.jpg,case1,This is a colonoscopy frame from a patient with no polyps.
Sun_Multimodal/Train_Negative/case11_negative_img_03687.jpg,case11,This is a colonoscopy frame from a patient with no polyps.
Sun_Multimodal/Train_Negative/case6_negative_img_01307.jpg,case6,This is a colonoscopy frame from a patient with no polyps.
Sun_Multimodal/Train_Negative/case3_negative_img_06248.jpg,case3,This is a colonoscopy frame from a patient with no polyps.
Sun_Multimodal/Train_Negative/case3_negative_img_03516.jpg,case3,This is a colonoscopy frame from a patient with no polyps.
Sun_Multimodal/Train_Negative/case12_negative_img_01872.jpg,case12,This is a colonoscopy frame from a patient with no polyps.
Sun_Multimodal/Train_Negative/case13_negative_img_05169.jpg,case13,This is a colonoscopy frame from a patient with no polyps.
Sun_Multimodal/Train_Negative/case2_negative_img_01634.jpg,case2,This is a colonoscopy frame from a patient with no polyps.
Sun_Multimodal/Train_Negative/case3_negative_img_01996.jpg,case3,This is a colonoscopy frame from a patient with no polyps.
Sun_Multimodal/Train_Negative/case13_negative_img_02971.jpg,case13,This is a colonoscopy frame from a patient with no polyps.
Sun_Multimodal/Train_Negative/case12_negative_img_02174.jpg,case12,This is a colonoscopy frame from a patient with no polyps.
Sun_Multimodal/Train_Negative/case1_negative_img_07887.jpg,case1,This is a colonoscopy frame from a patient with no polyps.
Sun_Multimodal/Train_Negative/case1_negative_img_04247.jpg,case1,This is a colonoscopy frame from a patient with no polyps.
Sun_Multimodal/Train_Negative/case13_negative_img_00256.jpg,case13,This is a colonoscopy frame from a patient with no polyps.
Sun_Multimodal/Train_Negative/case2_negative_img_04979.jpg,case2,This is a colonoscopy frame from a patient with no polyps.
Sun_Multimodal/Train_Negative/case1_negative_img_09460.jpg,case1,This is a colonoscopy frame from a patient with no polyps.
Sun_Multimodal/Train_Negative/case1_negative_img_00388.jpg,case1,This is a colonoscopy frame from a patient with no polyps.
Sun_Multimodal/Train_Negative/case6_negative_img_02105.jpg,case6,This is a colonoscopy frame from a patient with no polyps.
Sun_Multimodal/Train_Negative/case10_negative_img_05532.jpg,case10,This is a colonoscopy frame from a patient with no polyps.
Sun_Multimodal/Train_Negative/case1_negative_img_08690.jpg,case1,This is a colonoscopy frame from a patient with no polyps.
Sun_Multimodal/Train_Negative/case12_negative_img_00944.jpg,case12,This is a colonoscopy frame from a patient with no polyps.
Sun_Multimodal/Train_Negative/case10_negative_img_02158.jpg,case10,This is a colonoscopy frame from a patient with no polyps.
Sun_Multimodal/Train_Negative/case2_negative_img_07709.jpg,case2,This is a colonoscopy frame from a patient with no polyps.
Sun_Multimodal/Train_Negative/case11_negative_img_04621.jpg,case11,This is a colonoscopy frame from a patient with no polyps.
Sun_Multimodal/Train_Negative/case2_negative_img_01875.jpg,case2,This is a colonoscopy frame from a patient with no polyps.
Sun_Multimodal/Train_Negative/case8_negative_img_00309.jpg,case8,This is a colonoscopy frame from a patient with no polyps.
Sun_Multimodal/Train_Negative/case13_negative_img_02351.jpg,case13,This is a colonoscopy frame from a patient with no polyps.
Sun_Multimodal/Train_Negative/case12_negative_img_02081.jpg,case12,This is a colonoscopy frame from a patient with no polyps.
Sun_Multimodal/Train_Negative/case3_negative_img_03082.jpg,case3,This is a colonoscopy frame from a patient with no polyps.
Sun_Multimodal/Train_Negative/case2_negative_img_03887.jpg,case2,This is a colonoscopy frame from a patient with no polyps.
Sun_Multimodal/Train_Negative/case13_negative_img_02884.jpg,case13,This is a colonoscopy frame from a patient with no polyps.
Sun_Multimodal/Train_Negative/case1_negative_img_04074.jpg,case1,This is a colonoscopy frame from a patient with no polyps.
Sun_Multimodal/Train_Negative/case3_negative_img_03344.jpg,case3,This is a colonoscopy frame from a patient with no polyps.
Sun_Multimodal/Train_Negative/case5_negative_img_00459.jpg,case5,This is a colonoscopy frame from a patient with no polyps.
Sun_Multimodal/Train_Negative/case13_negative_img_02097.jpg,case13,This is a colonoscopy frame from a patient with no polyps.
Sun_Multimodal/Train_Negative/case13_negative_img_03170.jpg,case13,This is a colonoscopy frame from a patient with no polyps.
Sun_Multimodal/Train_Negative/case12_negative_img_06288.jpg,case12,This is a colonoscopy frame from a patient with no polyps.
Sun_Multimodal/Train_Negative/case3_negative_img_02272.jpg,case3,This is a colonoscopy frame from a patient with no polyps.
Sun_Multimodal/Train_Negative/case10_negative_img_04141.jpg,case10,This is a colonoscopy frame from a patient with no polyps.
Sun_Multimodal/Train_Negative/case6_negative_img_02491.jpg,case6,This is a colonoscopy frame from a patient with no polyps.
Sun_Multimodal/Train_Negative/case3_negative_img_03053.jpg,case3,This is a colonoscopy frame from a patient with no polyps.
Sun_Multimodal/Train_Negative/case6_negative_img_10922.jpg,case6,This is a colonoscopy frame from a patient with no polyps.
Sun_Multimodal/Train_Negative/case11_negative_img_00049.jpg,case11,This is a colonoscopy frame from a patient with no polyps.
Sun_Multimodal/Train_Negative/case6_negative_img_11310.jpg,case6,This is a colonoscopy frame from a patient with no polyps.
Sun_Multimodal/Train_Negative/case13_negative_img_01940.jpg,case13,This is a colonoscopy frame from a patient with no polyps.
Sun_Multimodal/Train_Negative/case10_negative_img_04520.jpg,case10,This is a colonoscopy frame from a patient with no polyps.
Sun_Multimodal/Train_Negative/case3_negative_img_05618.jpg,case3,This is a colonoscopy frame from a patient with no polyps.
Sun_Multimodal/Train_Negative/case1_negative_img_09544.jpg,case1,This is a colonoscopy frame from a patient with no polyps.
Sun_Multimodal/Train_Negative/case10_negative_img_01747.jpg,case10,This is a colonoscopy frame from a patient with no polyps.
Sun_Multimodal/Train_Negative/case13_negative_img_04755.jpg,case13,This is a colonoscopy frame from a patient with no polyps.
Sun_Multimodal/Train_Negative/case3_negative_img_04561.jpg,case3,This is a colonoscopy frame from a patient with no polyps.
Sun_Multimodal/Train_Negative/case2_negative_img_01648.jpg,case2,This is a colonoscopy frame from a patient with no polyps.
Sun_Multimodal/Train_Negative/case11_negative_img_03817.jpg,case11,This is a colonoscopy frame from a patient with no polyps.
Sun_Multimodal/Train_Negative/case6_negative_img_00949.jpg,case6,This is a colonoscopy frame from a patient with no polyps.
Sun_Multimodal/Train_Negative/case10_negative_img_00914.jpg,case10,This is a colonoscopy frame from a patient with no polyps.
Sun_Multimodal/Train_Negative/case11_negative_img_01751.jpg,case11,This is a colonoscopy frame from a patient with no polyps.
Sun_Multimodal/Train_Negative/case8_negative_img_00280.jpg,case8,This is a colonoscopy frame from a patient with no polyps.
Sun_Multimodal/Train_Negative/case8_negative_img_00955.jpg,case8,This is a colonoscopy frame from a patient with no polyps.
Sun_Multimodal/Train_Negative/case8_negative_img_01367.jpg,case8,This is a colonoscopy frame from a patient with no polyps.
Sun_Multimodal/Train_Negative/case13_negative_img_06317.jpg,case13,This is a colonoscopy frame from a patient with no polyps.
Sun_Multimodal/Train_Negative/case6_negative_img_08755.jpg,case6,This is a colonoscopy frame from a patient with no polyps.
Sun_Multimodal/Train_Negative/case8_negative_img_01863.jpg,case8,This is a colonoscopy frame from a patient with no polyps.
Sun_Multimodal/Train_Negative/case11_negative_img_02132.jpg,case11,This is a colonoscopy frame from a patient with no polyps.
Sun_Multimodal/Train_Negative/case6_negative_img_09115.jpg,case6,This is a colonoscopy frame from a patient with no polyps.
Sun_Multimodal/Train_Negative/case5_negative_img_00160.jpg,case5,This is a colonoscopy frame from a patient with no polyps.
Sun_Multimodal/Train_Negative/case6_negative_img_06067.jpg,case6,This is a colonoscopy frame from a patient with no polyps.
Sun_Multimodal/Train_Negative/case1_negative_img_00453.jpg,case1,This is a colonoscopy frame from a patient with no polyps.
Sun_Multimodal/Train_Negative/case6_negative_img_03739.jpg,case6,This is a colonoscopy frame from a patient with no polyps.
Sun_Multimodal/Train_Negative/case13_negative_img_04442.jpg,case13,This is a colonoscopy frame from a patient with no polyps.
Sun_Multimodal/Train_Negative/case3_negative_img_06542.jpg,case3,This is a colonoscopy frame from a patient with no polyps.
Sun_Multimodal/Train_Negative/case1_negative_img_06679.jpg,case1,This is a colonoscopy frame from a patient with no polyps.
Sun_Multimodal/Train_Negative/case10_negative_img_03764.jpg,case10,This is a colonoscopy frame from a patient with no polyps.
Sun_Multimodal/Train_Negative/case11_negative_img_03313.jpg,case11,This is a colonoscopy frame from a patient with no polyps.
Sun_Multimodal/Train_Negative/case5_negative_img_02254.jpg,case5,This is a colonoscopy frame from a patient with no polyps.
Sun_Multimodal/Train_Negative/case12_negative_img_00938.jpg,case12,This is a colonoscopy frame from a patient with no polyps.
Sun_Multimodal/Train_Negative/case3_negative_img_00309.jpg,case3,This is a colonoscopy frame from a patient with no polyps.
Sun_Multimodal/Train_Negative/case10_negative_img_01031.jpg,case10,This is a colonoscopy frame from a patient with no polyps.
Sun_Multimodal/Train_Negative/case12_negative_img_01193.jpg,case12,This is a colonoscopy frame from a patient with no polyps.
Sun_Multimodal/Train_Negative/case3_negative_img_05169.jpg,case3,This is a colonoscopy frame from a patient with no polyps.
Sun_Multimodal/Train_Negative/case3_negative_img_00983.jpg,case3,This is a colonoscopy frame from a patient with no polyps.
Sun_Multimodal/Train_Negative/case3_negative_img_00256.jpg,case3,This is a colonoscopy frame from a patient with no polyps.
Sun_Multimodal/Train_Negative/case2_negative_img_04098.jpg,case2,This is a colonoscopy frame from a patient with no polyps.
Sun_Multimodal/Train_Negative/case12_negative_img_00415.jpg,case12,This is a colonoscopy frame from a patient with no polyps.
Sun_Multimodal/Train_Negative/case8_negative_img_01688.jpg,case8,This is a colonoscopy frame from a patient with no polyps.
Sun_Multimodal/Train_Negative/case5_negative_img_04932.jpg,case5,This is a colonoscopy frame from a patient with no polyps.
Sun_Multimodal/Train_Negative/case1_negative_img_06050.jpg,case1,This is a colonoscopy frame from a patient with no polyps.
Sun_Multimodal/Train_Negative/case6_negative_img_00464.jpg,case6,This is a colonoscopy frame from a patient with no polyps.
Sun_Multimodal/Train_Negative/case3_negative_img_00952.jpg,case3,This is a colonoscopy frame from a patient with no polyps.
Sun_Multimodal/Train_Negative/case8_negative_img_01238.jpg,case8,This is a colonoscopy frame from a patient with no polyps.
Sun_Multimodal/Train_Negative/case1_negative_img_02288.jpg,case1,This is a colonoscopy frame from a patient with no polyps.
Sun_Multimodal/Train_Negative/case8_negative_img_00478.jpg,case8,This is a colonoscopy frame from a patient with no polyps.
Sun_Multimodal/Train_Negative/case13_negative_img_02387.jpg,case13,This is a colonoscopy frame from a patient with no polyps.
Sun_Multimodal/Train_Negative/case13_negative_img_01535.jpg,case13,This is a colonoscopy frame from a patient with no polyps.
Sun_Multimodal/Train_Negative/case13_negative_img_01947.jpg,case13,This is a colonoscopy frame from a patient with no polyps.
Sun_Multimodal/Train_Negative/case10_negative_img_04527.jpg,case10,This is a colonoscopy frame from a patient with no polyps.
Sun_Multimodal/Train_Negative/case10_negative_img_04955.jpg,case10,This is a colonoscopy frame from a patient with no polyps.
Sun_Multimodal/Train_Negative/case5_negative_img_07742.jpg,case5,This is a colonoscopy frame from a patient with no polyps.
Sun_Multimodal/Train_Negative/case2_negative_img_01376.jpg,case2,This is a colonoscopy frame from a patient with no polyps.
Sun_Multimodal/Train_Negative/case5_negative_img_02282.jpg,case5,This is a colonoscopy frame from a patient with no polyps.
Sun_Multimodal/Train_Negative/case5_negative_img_06849.jpg,case5,This is a colonoscopy frame from a patient with no polyps.
Sun_Multimodal/Train_Negative/case11_negative_img_01490.jpg,case11,This is a colonoscopy frame from a patient with no polyps.
Sun_Multimodal/Train_Negative/case11_negative_img_02585.jpg,case11,This is a colonoscopy frame from a patient with no polyps.
Sun_Multimodal/Train_Negative/case11_negative_img_03810.jpg,case11,This is a colonoscopy frame from a patient with no polyps.
Sun_Multimodal/Train_Negative/case11_negative_img_00116.jpg,case11,This is a colonoscopy frame from a patient with no polyps.
Sun_Multimodal/Train_Negative/case6_negative_img_15884.jpg,case6,This is a colonoscopy frame from a patient with no polyps.
Sun_Multimodal/Train_Negative/case2_negative_img_04902.jpg,case2,This is a colonoscopy frame from a patient with no polyps.
Sun_Multimodal/Train_Negative/case2_negative_img_04570.jpg,case2,This is a colonoscopy frame from a patient with no polyps.
Sun_Multimodal/Train_Negative/case10_negative_img_00913.jpg,case10,This is a colonoscopy frame from a patient with no polyps.
Sun_Multimodal/Train_Negative/case6_negative_img_08024.jpg,case6,This is a colonoscopy frame from a patient with no polyps.
Sun_Multimodal/Train_Negative/case2_negative_img_03909.jpg,case2,This is a colonoscopy frame from a patient with no polyps.
Sun_Multimodal/Train_Negative/case8_negative_img_00520.jpg,case8,This is a colonoscopy frame from a patient with no polyps.
Sun_Multimodal/Train_Negative/case8_negative_img_00952.jpg,case8,This is a colonoscopy frame from a patient with no polyps.
Sun_Multimodal/Train_Negative/case11_negative_img_02692.jpg,case11,This is a colonoscopy frame from a patient with no polyps.
Sun_Multimodal/Train_Negative/case8_negative_img_00256.jpg,case8,This is a colonoscopy frame from a patient with no polyps.
Sun_Multimodal/Train_Negative/case8_negative_img_01416.jpg,case8,This is a colonoscopy frame from a patient with no polyps.
Sun_Multimodal/Train_Negative/case13_negative_img_05205.jpg,case13,This is a colonoscopy frame from a patient with no polyps.
Sun_Multimodal/Train_Negative/case2_negative_img_00318.jpg,case2,This is a colonoscopy frame from a patient with no polyps.
Sun_Multimodal/Train_Negative/case6_negative_img_08494.jpg,case6,This is a colonoscopy frame from a patient with no polyps.
Sun_Multimodal/Train_Negative/case5_negative_img_04418.jpg,case5,This is a colonoscopy frame from a patient with no polyps.
Sun_Multimodal/Train_Negative/case6_negative_img_09573.jpg,case6,This is a colonoscopy frame from a patient with no polyps.
Sun_Multimodal/Train_Negative/case1_negative_img_03120.jpg,case1,This is a colonoscopy frame from a patient with no polyps.
Sun_Multimodal/Train_Negative/case11_negative_img_01441.jpg,case11,This is a colonoscopy frame from a patient with no polyps.
Sun_Multimodal/Train_Negative/case13_negative_img_04024.jpg,case13,This is a colonoscopy frame from a patient with no polyps.
Sun_Multimodal/Train_Negative/case1_negative_img_01675.jpg,case1,This is a colonoscopy frame from a patient with no polyps.
Sun_Multimodal/Train_Negative/case11_negative_img_00201.jpg,case11,This is a colonoscopy frame from a patient with no polyps.
Sun_Multimodal/Train_Negative/case8_negative_img_01940.jpg,case8,This is a colonoscopy frame from a patient with no polyps.
Sun_Multimodal/Train_Negative/case8_negative_img_01295.jpg,case8,This is a colonoscopy frame from a patient with no polyps.
Sun_Multimodal/Train_Negative/case3_negative_img_04755.jpg,case3,This is a colonoscopy frame from a patient with no polyps.
Sun_Multimodal/Train_Negative/case2_negative_img_08890.jpg,case2,This is a colonoscopy frame from a patient with no polyps.
Sun_Multimodal/Train_Negative/case3_negative_img_05115.jpg,case3,This is a colonoscopy frame from a patient with no polyps.
Sun_Multimodal/Train_Negative/case3_negative_img_06461.jpg,case3,This is a colonoscopy frame from a patient with no polyps.
Sun_Multimodal/Train_Negative/case10_negative_img_02007.jpg,case10,This is a colonoscopy frame from a patient with no polyps.
Sun_Multimodal/Train_Negative/case3_negative_img_05906.jpg,case3,This is a colonoscopy frame from a patient with no polyps.
Sun_Multimodal/Train_Negative/case3_negative_img_04493.jpg,case3,This is a colonoscopy frame from a patient with no polyps.
Sun_Multimodal/Train_Negative/case1_negative_img_05139.jpg,case1,This is a colonoscopy frame from a patient with no polyps.
Sun_Multimodal/Train_Negative/case13_negative_img_01128.jpg,case13,This is a colonoscopy frame from a patient with no polyps.
Sun_Multimodal/Train_Negative/case3_negative_img_03449.jpg,case3,This is a colonoscopy frame from a patient with no polyps.
Sun_Multimodal/Train_Negative/case8_negative_img_00065.jpg,case8,This is a colonoscopy frame from a patient with no polyps.
Sun_Multimodal/Train_Negative/case13_negative_img_06123.jpg,case13,This is a colonoscopy frame from a patient with no polyps.
Sun_Multimodal/Train_Negative/case5_negative_img_03620.jpg,case5,This is a colonoscopy frame from a patient with no polyps.
Sun_Multimodal/Train_Negative/case2_negative_img_05214.jpg,case2,This is a colonoscopy frame from a patient with no polyps.
Sun_Multimodal/Train_Negative/case2_negative_img_09273.jpg,case2,This is a colonoscopy frame from a patient with no polyps.
Sun_Multimodal/Train_Negative/case5_negative_img_07099.jpg,case5,This is a colonoscopy frame from a patient with no polyps.
Sun_Multimodal/Train_Negative/case13_negative_img_00309.jpg,case13,This is a colonoscopy frame from a patient with no polyps.
Sun_Multimodal/Train_Negative/case5_negative_img_02060.jpg,case5,This is a colonoscopy frame from a patient with no polyps.
Sun_Multimodal/Train_Negative/case3_negative_img_02884.jpg,case3,This is a colonoscopy frame from a patient with no polyps.
Sun_Multimodal/Train_Negative/case2_negative_img_02726.jpg,case2,This is a colonoscopy frame from a patient with no polyps.
Sun_Multimodal/Train_Negative/case1_negative_img_08646.jpg,case1,This is a colonoscopy frame from a patient with no polyps.
Sun_Multimodal/Train_Negative/case13_negative_img_00630.jpg,case13,This is a colonoscopy frame from a patient with no polyps.
Sun_Multimodal/Train_Negative/case13_negative_img_04089.jpg,case13,This is a colonoscopy frame from a patient with no polyps.
Sun_Multimodal/Train_Negative/case3_negative_img_02097.jpg,case3,This is a colonoscopy frame from a patient with no polyps.
Sun_Multimodal/Train_Negative/case10_negative_img_04871.jpg,case10,This is a colonoscopy frame from a patient with no polyps.
Sun_Multimodal/Train_Negative/case12_negative_img_01066.jpg,case12,This is a colonoscopy frame from a patient with no polyps.
Sun_Multimodal/Train_Negative/case10_negative_img_05996.jpg,case10,This is a colonoscopy frame from a patient with no polyps.
Sun_Multimodal/Train_Negative/case12_negative_img_00626.jpg,case12,This is a colonoscopy frame from a patient with no polyps.
Sun_Multimodal/Train_Negative/case10_negative_img_05243.jpg,case10,This is a colonoscopy frame from a patient with no polyps.
Sun_Multimodal/Train_Negative/case5_negative_img_07666.jpg,case5,This is a colonoscopy frame from a patient with no polyps.
Sun_Multimodal/Train_Negative/case6_negative_img_01017.jpg,case6,This is a colonoscopy frame from a patient with no polyps.
Sun_Multimodal/Train_Negative/case3_negative_img_00372.jpg,case3,This is a colonoscopy frame from a patient with no polyps.
Sun_Multimodal/Train_Negative/case1_negative_img_07042.jpg,case1,This is a colonoscopy frame from a patient with no polyps.
Sun_Multimodal/Train_Negative/case3_negative_img_03267.jpg,case3,This is a colonoscopy frame from a patient with no polyps.
Sun_Multimodal/Train_Negative/case11_negative_img_03623.jpg,case11,This is a colonoscopy frame from a patient with no polyps.
Sun_Multimodal/Train_Negative/case8_negative_img_01932.jpg,case8,This is a colonoscopy frame from a patient with no polyps.
Sun_Multimodal/Train_Negative/case1_negative_img_07509.jpg,case1,This is a colonoscopy frame from a patient with no polyps.
Sun_Multimodal/Train_Negative/case13_negative_img_04513.jpg,case13,This is a colonoscopy frame from a patient with no polyps.
Sun_Multimodal/Train_Negative/case1_negative_img_08809.jpg,case1,This is a colonoscopy frame from a patient with no polyps.
Sun_Multimodal/Train_Negative/case8_negative_img_00761.jpg,case8,This is a colonoscopy frame from a patient with no polyps.
Sun_Multimodal/Train_Negative/case3_negative_img_04346.jpg,case3,This is a colonoscopy frame from a patient with no polyps.
Sun_Multimodal/Train_Negative/case11_negative_img_01965.jpg,case11,This is a colonoscopy frame from a patient with no polyps.
Sun_Multimodal/Train_Negative/case11_negative_img_01517.jpg,case11,This is a colonoscopy frame from a patient with no polyps.
Sun_Multimodal/Train_Negative/case2_negative_img_09660.jpg,case2,This is a colonoscopy frame from a patient with no polyps.
Sun_Multimodal/Train_Negative/case11_negative_img_04298.jpg,case11,This is a colonoscopy frame from a patient with no polyps.
Sun_Multimodal/Train_Negative/case11_negative_img_00421.jpg,case11,This is a colonoscopy frame from a patient with no polyps.
Sun_Multimodal/Train_Negative/case11_negative_img_03534.jpg,case11,This is a colonoscopy frame from a patient with no polyps.
Sun_Multimodal/Train_Negative/case8_negative_img_01657.jpg,case8,This is a colonoscopy frame from a patient with no polyps.
Sun_Multimodal/Train_Negative/case5_negative_img_00326.jpg,case5,This is a colonoscopy frame from a patient with no polyps.
Sun_Multimodal/Train_Negative/case5_negative_img_00481.jpg,case5,This is a colonoscopy frame from a patient with no polyps.
Sun_Multimodal/Train_Negative/case13_negative_img_05425.jpg,case13,This is a colonoscopy frame from a patient with no polyps.
Sun_Multimodal/Train_Negative/case2_negative_img_04426.jpg,case2,This is a colonoscopy frame from a patient with no polyps.
Sun_Multimodal/Train_Negative/case2_negative_img_04854.jpg,case2,This is a colonoscopy frame from a patient with no polyps.
Sun_Multimodal/Train_Negative/case8_negative_img_02484.jpg,case8,This is a colonoscopy frame from a patient with no polyps.
Sun_Multimodal/Train_Negative/case8_negative_img_00476.jpg,case8,This is a colonoscopy frame from a patient with no polyps.
Sun_Multimodal/Train_Negative/case2_negative_img_07533.jpg,case2,This is a colonoscopy frame from a patient with no polyps.
Sun_Multimodal/Train_Negative/case12_negative_img_03619.jpg,case12,This is a colonoscopy frame from a patient with no polyps.
Sun_Multimodal/Train_Negative/case12_negative_img_06147.jpg,case12,This is a colonoscopy frame from a patient with no polyps.
Sun_Multimodal/Train_Negative/case8_negative_img_01236.jpg,case8,This is a colonoscopy frame from a patient with no polyps.
Sun_Multimodal/Train_Negative/case12_negative_img_02560.jpg,case12,This is a colonoscopy frame from a patient with no polyps.
Sun_Multimodal/Train_Negative/case1_negative_img_03658.jpg,case1,This is a colonoscopy frame from a patient with no polyps.
Sun_Multimodal/Train_Negative/case12_negative_img_01807.jpg,case12,This is a colonoscopy frame from a patient with no polyps.
Sun_Multimodal/Train_Negative/case3_negative_img_01236.jpg,case3,This is a colonoscopy frame from a patient with no polyps.
Sun_Multimodal/Train_Negative/case5_negative_img_05141.jpg,case5,This is a colonoscopy frame from a patient with no polyps.
Sun_Multimodal/Train_Negative/case13_negative_img_02576.jpg,case13,This is a colonoscopy frame from a patient with no polyps.
Sun_Multimodal/Train_Negative/case3_negative_img_02742.jpg,case3,This is a colonoscopy frame from a patient with no polyps.
Sun_Multimodal/Train_Negative/case13_negative_img_03491.jpg,case13,This is a colonoscopy frame from a patient with no polyps.
Sun_Multimodal/Train_Negative/case3_negative_img_05749.jpg,case3,This is a colonoscopy frame from a patient with no polyps.
Sun_Multimodal/Train_Negative/case12_negative_img_01762.jpg,case12,This is a colonoscopy frame from a patient with no polyps.
Sun_Multimodal/Train_Negative/case6_negative_img_10377.jpg,case6,This is a colonoscopy frame from a patient with no polyps.
Sun_Multimodal/Train_Negative/case12_negative_img_00122.jpg,case12,This is a colonoscopy frame from a patient with no polyps.
Sun_Multimodal/Train_Negative/case13_negative_img_00555.jpg,case13,This is a colonoscopy frame from a patient with no polyps.
Sun_Multimodal/Train_Negative/case1_negative_img_04544.jpg,case1,This is a colonoscopy frame from a patient with no polyps.
Sun_Multimodal/Train_Negative/case3_negative_img_02793.jpg,case3,This is a colonoscopy frame from a patient with no polyps.
Sun_Multimodal/Train_Negative/case13_negative_img_03440.jpg,case13,This is a colonoscopy frame from a patient with no polyps.
Sun_Multimodal/Train_Negative/case5_negative_img_01729.jpg,case5,This is a colonoscopy frame from a patient with no polyps.
Sun_Multimodal/Train_Negative/case6_negative_img_00182.jpg,case6,This is a colonoscopy frame from a patient with no polyps.
Sun_Multimodal/Train_Negative/case12_negative_img_02677.jpg,case12,This is a colonoscopy frame from a patient with no polyps.
Sun_Multimodal/Train_Negative/case1_negative_img_04682.jpg,case1,This is a colonoscopy frame from a patient with no polyps.
Sun_Multimodal/Train_Negative/case13_negative_img_00134.jpg,case13,This is a colonoscopy frame from a patient with no polyps.
Sun_Multimodal/Train_Negative/case1_negative_img_06670.jpg,case1,This is a colonoscopy frame from a patient with no polyps.
Sun_Multimodal/Train_Negative/case5_negative_img_04416.jpg,case5,This is a colonoscopy frame from a patient with no polyps.
Sun_Multimodal/Train_Negative/case13_negative_img_03021.jpg,case13,This is a colonoscopy frame from a patient with no polyps.
Sun_Multimodal/Train_Negative/case2_negative_img_00232.jpg,case2,This is a colonoscopy frame from a patient with no polyps.
Sun_Multimodal/Train_Negative/case3_negative_img_00645.jpg,case3,This is a colonoscopy frame from a patient with no polyps.
Sun_Multimodal/Train_Negative/case13_negative_img_03564.jpg,case13,This is a colonoscopy frame from a patient with no polyps.
Sun_Multimodal/Train_Negative/case3_negative_img_01816.jpg,case3,This is a colonoscopy frame from a patient with no polyps.
Sun_Multimodal/Train_Negative/case2_negative_img_07658.jpg,case2,This is a colonoscopy frame from a patient with no polyps.
Sun_Multimodal/Train_Negative/case5_negative_img_04991.jpg,case5,This is a colonoscopy frame from a patient with no polyps.
Sun_Multimodal/Train_Negative/case8_negative_img_02099.jpg,case8,This is a colonoscopy frame from a patient with no polyps.
Sun_Multimodal/Train_Negative/case13_negative_img_00766.jpg,case13,This is a colonoscopy frame from a patient with no polyps.
Sun_Multimodal/Train_Negative/case12_negative_img_02782.jpg,case12,This is a colonoscopy frame from a patient with no polyps.
Sun_Multimodal/Train_Negative/case8_negative_img_00878.jpg,case8,This is a colonoscopy frame from a patient with no polyps.
Sun_Multimodal/Train_Negative/case1_negative_img_04316.jpg,case1,This is a colonoscopy frame from a patient with no polyps.
Sun_Multimodal/Train_Negative/case11_negative_img_04685.jpg,case11,This is a colonoscopy frame from a patient with no polyps.
Sun_Multimodal/Train_Negative/case1_negative_img_09296.jpg,case1,This is a colonoscopy frame from a patient with no polyps.
Sun_Multimodal/Train_Negative/case1_negative_img_09008.jpg,case1,This is a colonoscopy frame from a patient with no polyps.
Sun_Multimodal/Train_Negative/case11_negative_img_03410.jpg,case11,This is a colonoscopy frame from a patient with no polyps.
Sun_Multimodal/Train_Negative/case11_negative_img_02250.jpg,case11,This is a colonoscopy frame from a patient with no polyps.
Sun_Multimodal/Train_Negative/case2_negative_img_09482.jpg,case2,This is a colonoscopy frame from a patient with no polyps.
Sun_Multimodal/Train_Negative/case10_negative_img_01886.jpg,case10,This is a colonoscopy frame from a patient with no polyps.
Sun_Multimodal/Train_Negative/case10_negative_img_01353.jpg,case10,This is a colonoscopy frame from a patient with no polyps.
Sun_Multimodal/Train_Negative/case5_negative_img_06028.jpg,case5,This is a colonoscopy frame from a patient with no polyps.
Sun_Multimodal/Train_Negative/case11_negative_img_02631.jpg,case11,This is a colonoscopy frame from a patient with no polyps.
Sun_Multimodal/Train_Negative/case5_negative_img_01784.jpg,case5,This is a colonoscopy frame from a patient with no polyps.
Sun_Multimodal/Train_Negative/case6_negative_img_16236.jpg,case6,This is a colonoscopy frame from a patient with no polyps.
Sun_Multimodal/Train_Negative/case5_negative_img_01023.jpg,case5,This is a colonoscopy frame from a patient with no polyps.
Sun_Multimodal/Train_Negative/case3_negative_img_07060.jpg,case3,This is a colonoscopy frame from a patient with no polyps.
Sun_Multimodal/Train_Negative/case13_negative_img_04845.jpg,case13,This is a colonoscopy frame from a patient with no polyps.
Sun_Multimodal/Train_Negative/case2_negative_img_09821.jpg,case2,This is a colonoscopy frame from a patient with no polyps.
Sun_Multimodal/Train_Negative/case8_negative_img_00645.jpg,case8,This is a colonoscopy frame from a patient with no polyps.
Sun_Multimodal/Train_Negative/case12_negative_img_06374.jpg,case12,This is a colonoscopy frame from a patient with no polyps.
Sun_Multimodal/Train_Negative/case11_negative_img_03366.jpg,case11,This is a colonoscopy frame from a patient with no polyps.
Sun_Multimodal/Train_Negative/case2_negative_img_07700.jpg,case2,This is a colonoscopy frame from a patient with no polyps.
Sun_Multimodal/Train_Negative/case1_negative_img_05719.jpg,case1,This is a colonoscopy frame from a patient with no polyps.
Sun_Multimodal/Train_Negative/case2_negative_img_09032.jpg,case2,This is a colonoscopy frame from a patient with no polyps.
Sun_Multimodal/Train_Negative/case11_negative_img_01841.jpg,case11,This is a colonoscopy frame from a patient with no polyps.
Sun_Multimodal/Train_Negative/case3_negative_img_05385.jpg,case3,This is a colonoscopy frame from a patient with no polyps.
Sun_Multimodal/Train_Negative/case8_negative_img_02389.jpg,case8,This is a colonoscopy frame from a patient with no polyps.
Sun_Multimodal/Train_Negative/case3_negative_img_01002.jpg,case3,This is a colonoscopy frame from a patient with no polyps.
Sun_Multimodal/Train_Negative/case10_negative_img_05464.jpg,case10,This is a colonoscopy frame from a patient with no polyps.
Sun_Multimodal/Train_Negative/case10_negative_img_01908.jpg,case10,This is a colonoscopy frame from a patient with no polyps.
Sun_Multimodal/Train_Negative/case13_negative_img_01236.jpg,case13,This is a colonoscopy frame from a patient with no polyps.
Sun_Multimodal/Train_Negative/case8_negative_img_01949.jpg,case8,This is a colonoscopy frame from a patient with no polyps.
Sun_Multimodal/Train_Negative/case5_negative_img_03299.jpg,case5,This is a colonoscopy frame from a patient with no polyps.
Sun_Multimodal/Train_Negative/case1_negative_img_00118.jpg,case1,This is a colonoscopy frame from a patient with no polyps.
Sun_Multimodal/Train_Negative/case2_negative_img_00654.jpg,case2,This is a colonoscopy frame from a patient with no polyps.
Sun_Multimodal/Train_Negative/case12_negative_img_00812.jpg,case12,This is a colonoscopy frame from a patient with no polyps.
Sun_Multimodal/Train_Negative/case12_negative_img_00460.jpg,case12,This is a colonoscopy frame from a patient with no polyps.
Sun_Multimodal/Train_Negative/case6_negative_img_02840.jpg,case6,This is a colonoscopy frame from a patient with no polyps.
Sun_Multimodal/Train_Negative/case6_negative_img_01955.jpg,case6,This is a colonoscopy frame from a patient with no polyps.
Sun_Multimodal/Train_Negative/case13_negative_img_02742.jpg,case13,This is a colonoscopy frame from a patient with no polyps.
Sun_Multimodal/Train_Negative/case3_negative_img_03440.jpg,case3,This is a colonoscopy frame from a patient with no polyps.
Sun_Multimodal/Train_Negative/case12_negative_img_02831.jpg,case12,This is a colonoscopy frame from a patient with no polyps.
Sun_Multimodal/Train_Negative/case12_negative_img_01924.jpg,case12,This is a colonoscopy frame from a patient with no polyps.
Sun_Multimodal/Train_Negative/case1_negative_img_02928.jpg,case1,This is a colonoscopy frame from a patient with no polyps.
Sun_Multimodal/Train_Negative/case3_negative_img_02661.jpg,case3,This is a colonoscopy frame from a patient with no polyps.
Sun_Multimodal/Train_Negative/case3_negative_img_03021.jpg,case3,This is a colonoscopy frame from a patient with no polyps.
Sun_Multimodal/Train_Negative/case13_negative_img_01932.jpg,case13,This is a colonoscopy frame from a patient with no polyps.
Sun_Multimodal/Train_Negative/case13_negative_img_00300.jpg,case13,This is a colonoscopy frame from a patient with no polyps.
Sun_Multimodal/Train_Negative/case2_negative_img_08848.jpg,case2,This is a colonoscopy frame from a patient with no polyps.
Sun_Multimodal/Train_Negative/case1_negative_img_08376.jpg,case1,This is a colonoscopy frame from a patient with no polyps.
Sun_Multimodal/Train_Negative/case11_negative_img_01342.jpg,case11,This is a colonoscopy frame from a patient with no polyps.
Sun_Multimodal/Train_Negative/case1_negative_img_05068.jpg,case1,This is a colonoscopy frame from a patient with no polyps.
Sun_Multimodal/Train_Negative/case12_negative_img_04885.jpg,case12,This is a colonoscopy frame from a patient with no polyps.
Sun_Multimodal/Train_Negative/case11_negative_img_01897.jpg,case11,This is a colonoscopy frame from a patient with no polyps.
Sun_Multimodal/Train_Negative/case1_negative_img_00091.jpg,case1,This is a colonoscopy frame from a patient with no polyps.
Sun_Multimodal/Train_Negative/case3_negative_img_06246.jpg,case3,This is a colonoscopy frame from a patient with no polyps.
Sun_Multimodal/Train_Negative/case5_negative_img_00205.jpg,case5,This is a colonoscopy frame from a patient with no polyps.
Sun_Multimodal/Train_Negative/case6_negative_img_05217.jpg,case6,This is a colonoscopy frame from a patient with no polyps.
Sun_Multimodal/Train_Negative/case10_negative_img_03060.jpg,case10,This is a colonoscopy frame from a patient with no polyps.
Sun_Multimodal/Train_Negative/case6_negative_img_08397.jpg,case6,This is a colonoscopy frame from a patient with no polyps.
Sun_Multimodal/Train_Negative/case13_negative_img_04893.jpg,case13,This is a colonoscopy frame from a patient with no polyps.
Sun_Multimodal/Train_Negative/case1_negative_img_01965.jpg,case1,This is a colonoscopy frame from a patient with no polyps.
Sun_Multimodal/Train_Negative/case2_negative_img_08562.jpg,case2,This is a colonoscopy frame from a patient with no polyps.
Sun_Multimodal/Train_Negative/case6_negative_img_07684.jpg,case6,This is a colonoscopy frame from a patient with no polyps.
Sun_Multimodal/Train_Negative/case6_negative_img_10808.jpg,case6,This is a colonoscopy frame from a patient with no polyps.
Sun_Multimodal/Train_Negative/case10_negative_img_03873.jpg,case10,This is a colonoscopy frame from a patient with no polyps.
Sun_Multimodal/Train_Negative/case6_negative_img_16231.jpg,case6,This is a colonoscopy frame from a patient with no polyps.
Sun_Multimodal/Train_Negative/case8_negative_img_00927.jpg,case8,This is a colonoscopy frame from a patient with no polyps.
Sun_Multimodal/Train_Negative/case8_negative_img_00584.jpg,case8,This is a colonoscopy frame from a patient with no polyps.
Sun_Multimodal/Train_Negative/case11_negative_img_02140.jpg,case11,This is a colonoscopy frame from a patient with no polyps.
Sun_Multimodal/Train_Negative/case8_negative_img_01811.jpg,case8,This is a colonoscopy frame from a patient with no polyps.
Sun_Multimodal/Train_Negative/case5_negative_img_01752.jpg,case5,This is a colonoscopy frame from a patient with no polyps.
Sun_Multimodal/Train_Negative/case6_negative_img_04740.jpg,case6,This is a colonoscopy frame from a patient with no polyps.
Sun_Multimodal/Train_Negative/case11_negative_img_00615.jpg,case11,This is a colonoscopy frame from a patient with no polyps.
Sun_Multimodal/Train_Negative/case2_negative_img_09454.jpg,case2,This is a colonoscopy frame from a patient with no polyps.
Sun_Multimodal/Train_Negative/case3_negative_img_05044.jpg,case3,This is a colonoscopy frame from a patient with no polyps.
Sun_Multimodal/Train_Negative/case5_negative_img_01333.jpg,case5,This is a colonoscopy frame from a patient with no polyps.
Sun_Multimodal/Train_Negative/case6_negative_img_05561.jpg,case6,This is a colonoscopy frame from a patient with no polyps.
Sun_Multimodal/Train_Negative/case3_negative_img_06942.jpg,case3,This is a colonoscopy frame from a patient with no polyps.
Sun_Multimodal/Train_Negative/case5_negative_img_03466.jpg,case5,This is a colonoscopy frame from a patient with no polyps.
Sun_Multimodal/Train_Negative/case3_negative_img_05425.jpg,case3,This is a colonoscopy frame from a patient with no polyps.
Sun_Multimodal/Train_Negative/case12_negative_img_01378.jpg,case12,This is a colonoscopy frame from a patient with no polyps.
Sun_Multimodal/Train_Negative/case12_negative_img_04426.jpg,case12,This is a colonoscopy frame from a patient with no polyps.
Sun_Multimodal/Train_Negative/case8_negative_img_02452.jpg,case8,This is a colonoscopy frame from a patient with no polyps.
Sun_Multimodal/Train_Negative/case10_negative_img_05418.jpg,case10,This is a colonoscopy frame from a patient with no polyps.
Sun_Multimodal/Train_Negative/case1_negative_img_01890.jpg,case1,This is a colonoscopy frame from a patient with no polyps.
Sun_Multimodal/Train_Negative/case10_negative_img_01974.jpg,case10,This is a colonoscopy frame from a patient with no polyps.
Sun_Multimodal/Train_Negative/case6_negative_img_14491.jpg,case6,This is a colonoscopy frame from a patient with no polyps.
Sun_Multimodal/Train_Negative/case6_negative_img_11468.jpg,case6,This is a colonoscopy frame from a patient with no polyps.
Sun_Multimodal/Train_Negative/case11_negative_img_04188.jpg,case11,This is a colonoscopy frame from a patient with no polyps.
Sun_Multimodal/Train_Negative/case8_negative_img_01126.jpg,case8,This is a colonoscopy frame from a patient with no polyps.
Sun_Multimodal/Train_Negative/case2_negative_img_07623.jpg,case2,This is a colonoscopy frame from a patient with no polyps.
Sun_Multimodal/Train_Negative/case5_negative_img_05309.jpg,case5,This is a colonoscopy frame from a patient with no polyps.
Sun_Multimodal/Train_Negative/case11_negative_img_02877.jpg,case11,This is a colonoscopy frame from a patient with no polyps.
Sun_Multimodal/Train_Negative/case3_negative_img_04894.jpg,case3,This is a colonoscopy frame from a patient with no polyps.
Sun_Multimodal/Train_Negative/case10_negative_img_00080.jpg,case10,This is a colonoscopy frame from a patient with no polyps.
Sun_Multimodal/Train_Negative/case12_negative_img_05393.jpg,case12,This is a colonoscopy frame from a patient with no polyps.
Sun_Multimodal/Train_Negative/case2_negative_img_08780.jpg,case2,This is a colonoscopy frame from a patient with no polyps.
Sun_Multimodal/Train_Negative/case3_negative_img_04845.jpg,case3,This is a colonoscopy frame from a patient with no polyps.
Sun_Multimodal/Train_Negative/case5_negative_img_04598.jpg,case5,This is a colonoscopy frame from a patient with no polyps.
Sun_Multimodal/Train_Negative/case1_negative_img_07619.jpg,case1,This is a colonoscopy frame from a patient with no polyps.
Sun_Multimodal/Train_Negative/case2_negative_img_05261.jpg,case2,This is a colonoscopy frame from a patient with no polyps.
Sun_Multimodal/Train_Negative/case8_negative_img_02324.jpg,case8,This is a colonoscopy frame from a patient with no polyps.
Sun_Multimodal/Train_Negative/case13_negative_img_06290.jpg,case13,This is a colonoscopy frame from a patient with no polyps.
Sun_Multimodal/Train_Negative/case8_negative_img_00471.jpg,case8,This is a colonoscopy frame from a patient with no polyps.
Sun_Multimodal/Train_Negative/case13_negative_img_03750.jpg,case13,This is a colonoscopy frame from a patient with no polyps.
Sun_Multimodal/Train_Negative/case6_negative_img_02260.jpg,case6,This is a colonoscopy frame from a patient with no polyps.
Sun_Multimodal/Train_Negative/case6_negative_img_11627.jpg,case6,This is a colonoscopy frame from a patient with no polyps.
Sun_Multimodal/Train_Negative/case5_negative_img_06432.jpg,case5,This is a colonoscopy frame from a patient with no polyps.
Sun_Multimodal/Train_Negative/case13_negative_img_01005.jpg,case13,This is a colonoscopy frame from a patient with no polyps.
Sun_Multimodal/Train_Negative/case1_negative_img_03599.jpg,case1,This is a colonoscopy frame from a patient with no polyps.
Sun_Multimodal/Train_Negative/case8_negative_img_00529.jpg,case8,This is a colonoscopy frame from a patient with no polyps.
Sun_Multimodal/Train_Negative/case12_negative_img_02106.jpg,case12,This is a colonoscopy frame from a patient with no polyps.
Sun_Multimodal/Train_Negative/case5_negative_img_00618.jpg,case5,This is a colonoscopy frame from a patient with no polyps.
Sun_Multimodal/Train_Negative/case2_negative_img_03572.jpg,case2,This is a colonoscopy frame from a patient with no polyps.
Sun_Multimodal/Train_Negative/case12_negative_img_01013.jpg,case12,This is a colonoscopy frame from a patient with no polyps.
Sun_Multimodal/Train_Negative/case13_negative_img_05908.jpg,case13,This is a colonoscopy frame from a patient with no polyps.
Sun_Multimodal/Train_Negative/case1_negative_img_04931.jpg,case1,This is a colonoscopy frame from a patient with no polyps.
Sun_Multimodal/Train_Negative/case5_negative_img_06082.jpg,case5,This is a colonoscopy frame from a patient with no polyps.
Sun_Multimodal/Train_Negative/case3_negative_img_03673.jpg,case3,This is a colonoscopy frame from a patient with no polyps.
Sun_Multimodal/Train_Negative/case5_negative_img_05197.jpg,case5,This is a colonoscopy frame from a patient with no polyps.
Sun_Multimodal/Train_Negative/case2_negative_img_09049.jpg,case2,This is a colonoscopy frame from a patient with no polyps.
Sun_Multimodal/Train_Negative/case3_negative_img_01935.jpg,case3,This is a colonoscopy frame from a patient with no polyps.
Sun_Multimodal/Train_Negative/case2_negative_img_01130.jpg,case2,This is a colonoscopy frame from a patient with no polyps.
Sun_Multimodal/Train_Negative/case6_negative_img_10711.jpg,case6,This is a colonoscopy frame from a patient with no polyps.
Sun_Multimodal/Train_Negative/case10_negative_img_06034.jpg,case10,This is a colonoscopy frame from a patient with no polyps.
Sun_Multimodal/Train_Negative/case2_negative_img_02025.jpg,case2,This is a colonoscopy frame from a patient with no polyps.
Sun_Multimodal/Train_Negative/case5_negative_img_05251.jpg,case5,This is a colonoscopy frame from a patient with no polyps.
Sun_Multimodal/Train_Negative/case1_negative_img_01270.jpg,case1,This is a colonoscopy frame from a patient with no polyps.
Sun_Multimodal/Train_Negative/case5_negative_img_02656.jpg,case5,This is a colonoscopy frame from a patient with no polyps.
Sun_Multimodal/Train_Negative/case10_negative_img_01841.jpg,case10,This is a colonoscopy frame from a patient with no polyps.
Sun_Multimodal/Train_Negative/case10_negative_img_02526.jpg,case10,This is a colonoscopy frame from a patient with no polyps.
Sun_Multimodal/Train_Negative/case8_negative_img_01800.jpg,case8,This is a colonoscopy frame from a patient with no polyps.
Sun_Multimodal/Train_Negative/case10_negative_img_01052.jpg,case10,This is a colonoscopy frame from a patient with no polyps.
Sun_Multimodal/Train_Negative/case1_negative_img_03144.jpg,case1,This is a colonoscopy frame from a patient with no polyps.
Sun_Multimodal/Train_Negative/case5_negative_img_00562.jpg,case5,This is a colonoscopy frame from a patient with no polyps.
Sun_Multimodal/Train_Negative/case6_negative_img_09965.jpg,case6,This is a colonoscopy frame from a patient with no polyps.
Sun_Multimodal/Train_Negative/case13_negative_img_05176.jpg,case13,This is a colonoscopy frame from a patient with no polyps.
Sun_Multimodal/Train_Negative/case12_negative_img_04894.jpg,case12,This is a colonoscopy frame from a patient with no polyps.
Sun_Multimodal/Train_Negative/case2_negative_img_05092.jpg,case2,This is a colonoscopy frame from a patient with no polyps.
Sun_Multimodal/Train_Negative/case11_negative_img_01353.jpg,case11,This is a colonoscopy frame from a patient with no polyps.
Sun_Multimodal/Train_Negative/case5_negative_img_01792.jpg,case5,This is a colonoscopy frame from a patient with no polyps.
Sun_Multimodal/Train_Negative/case8_negative_img_00936.jpg,case8,This is a colonoscopy frame from a patient with no polyps.
Sun_Multimodal/Train_Negative/case12_negative_img_01935.jpg,case12,This is a colonoscopy frame from a patient with no polyps.
Sun_Multimodal/Train_Negative/case6_negative_img_03967.jpg,case6,This is a colonoscopy frame from a patient with no polyps.
Sun_Multimodal/Train_Negative/case2_negative_img_00133.jpg,case2,This is a colonoscopy frame from a patient with no polyps.
Sun_Multimodal/Train_Negative/case5_negative_img_06975.jpg,case5,This is a colonoscopy frame from a patient with no polyps.
Sun_Multimodal/Train_Negative/case5_negative_img_00899.jpg,case5,This is a colonoscopy frame from a patient with no polyps.
Sun_Multimodal/Train_Negative/case1_negative_img_05540.jpg,case1,This is a colonoscopy frame from a patient with no polyps.
Sun_Multimodal/Train_Negative/case2_negative_img_00920.jpg,case2,This is a colonoscopy frame from a patient with no polyps.
Sun_Multimodal/Train_Negative/case2_negative_img_10000.jpg,case2,This is a colonoscopy frame from a patient with no polyps.
Sun_Multimodal/Train_Negative/case1_negative_img_02939.jpg,case1,This is a colonoscopy frame from a patient with no polyps.
Sun_Multimodal/Train_Negative/case6_negative_img_13381.jpg,case6,This is a colonoscopy frame from a patient with no polyps.
Sun_Multimodal/Train_Negative/case12_negative_img_03673.jpg,case12,This is a colonoscopy frame from a patient with no polyps.
Sun_Multimodal/Train_Negative/case5_negative_img_04145.jpg,case5,This is a colonoscopy frame from a patient with no polyps.
Sun_Multimodal/Train_Negative/case13_negative_img_00467.jpg,case13,This is a colonoscopy frame from a patient with no polyps.
Sun_Multimodal/Train_Negative/case1_negative_img_04804.jpg,case1,This is a colonoscopy frame from a patient with no polyps.
Sun_Multimodal/Train_Negative/case5_negative_img_06610.jpg,case5,This is a colonoscopy frame from a patient with no polyps.
Sun_Multimodal/Train_Negative/case13_negative_img_04579.jpg,case13,This is a colonoscopy frame from a patient with no polyps.
Sun_Multimodal/Train_Negative/case6_negative_img_13096.jpg,case6,This is a colonoscopy frame from a patient with no polyps.
Sun_Multimodal/Train_Negative/case11_negative_img_03228.jpg,case11,This is a colonoscopy frame from a patient with no polyps.
Sun_Multimodal/Train_Negative/case6_negative_img_13731.jpg,case6,This is a colonoscopy frame from a patient with no polyps.
Sun_Multimodal/Train_Negative/case5_negative_img_04283.jpg,case5,This is a colonoscopy frame from a patient with no polyps.
Sun_Multimodal/Train_Negative/case13_negative_img_04118.jpg,case13,This is a colonoscopy frame from a patient with no polyps.
Sun_Multimodal/Train_Negative/case11_negative_img_04223.jpg,case11,This is a colonoscopy frame from a patient with no polyps.
Sun_Multimodal/Train_Negative/case6_negative_img_10183.jpg,case6,This is a colonoscopy frame from a patient with no polyps.
Sun_Multimodal/Train_Negative/case5_negative_img_07843.jpg,case5,This is a colonoscopy frame from a patient with no polyps.
Sun_Multimodal/Train_Negative/case13_negative_img_05758.jpg,case13,This is a colonoscopy frame from a patient with no polyps.
Sun_Multimodal/Train_Negative/case6_negative_img_00194.jpg,case6,This is a colonoscopy frame from a patient with no polyps.
Sun_Multimodal/Train_Negative/case12_negative_img_02661.jpg,case12,This is a colonoscopy frame from a patient with no polyps.
Sun_Multimodal/Train_Negative/case6_negative_img_13615.jpg,case6,This is a colonoscopy frame from a patient with no polyps.
Sun_Multimodal/Train_Negative/case12_negative_img_03440.jpg,case12,This is a colonoscopy frame from a patient with no polyps.
Sun_Multimodal/Train_Negative/case2_negative_img_03674.jpg,case2,This is a colonoscopy frame from a patient with no polyps.
Sun_Multimodal/Train_Negative/case3_negative_img_01924.jpg,case3,This is a colonoscopy frame from a patient with no polyps.
Sun_Multimodal/Train_Negative/case2_negative_img_08618.jpg,case2,This is a colonoscopy frame from a patient with no polyps.
Sun_Multimodal/Train_Negative/case3_negative_img_00812.jpg,case3,This is a colonoscopy frame from a patient with no polyps.
Sun_Multimodal/Train_Negative/case1_negative_img_07750.jpg,case1,This is a colonoscopy frame from a patient with no polyps.
Sun_Multimodal/Train_Negative/case5_negative_img_04376.jpg,case5,This is a colonoscopy frame from a patient with no polyps.
Sun_Multimodal/Train_Negative/case12_negative_img_01002.jpg,case12,This is a colonoscopy frame from a patient with no polyps.
Sun_Multimodal/Train_Negative/case6_negative_img_03050.jpg,case6,This is a colonoscopy frame from a patient with no polyps.
Sun_Multimodal/Train_Negative/case2_negative_img_00476.jpg,case2,This is a colonoscopy frame from a patient with no polyps.
Sun_Multimodal/Train_Negative/case2_negative_img_00804.jpg,case2,This is a colonoscopy frame from a patient with no polyps.
Sun_Multimodal/Train_Negative/case10_negative_img_01339.jpg,case10,This is a colonoscopy frame from a patient with no polyps.
Sun_Multimodal/Train_Negative/case6_negative_img_16989.jpg,case6,This is a colonoscopy frame from a patient with no polyps.
Sun_Multimodal/Train_Negative/case1_negative_img_06571.jpg,case1,This is a colonoscopy frame from a patient with no polyps.
Sun_Multimodal/Train_Negative/case11_negative_img_02362.jpg,case11,This is a colonoscopy frame from a patient with no polyps.
Sun_Multimodal/Train_Negative/case5_negative_img_00497.jpg,case5,This is a colonoscopy frame from a patient with no polyps.
Sun_Multimodal/Train_Negative/case5_negative_img_01570.jpg,case5,This is a colonoscopy frame from a patient with no polyps.
Sun_Multimodal/Train_Negative/case11_negative_img_03522.jpg,case11,This is a colonoscopy frame from a patient with no polyps.
Sun_Multimodal/Train_Negative/case8_negative_img_01641.jpg,case8,This is a colonoscopy frame from a patient with no polyps.
Sun_Multimodal/Train_Negative/case3_negative_img_04426.jpg,case3,This is a colonoscopy frame from a patient with no polyps.
Sun_Multimodal/Train_Negative/case6_negative_img_10689.jpg,case6,This is a colonoscopy frame from a patient with no polyps.
Sun_Multimodal/Train_Negative/case3_negative_img_01378.jpg,case3,This is a colonoscopy frame from a patient with no polyps.
Sun_Multimodal/Train_Negative/case1_negative_img_02537.jpg,case1,This is a colonoscopy frame from a patient with no polyps.
Sun_Multimodal/Train_Negative/case2_negative_img_07957.jpg,case2,This is a colonoscopy frame from a patient with no polyps.
Sun_Multimodal/Train_Negative/case11_negative_img_03143.jpg,case11,This is a colonoscopy frame from a patient with no polyps.
Sun_Multimodal/Train_Negative/case8_negative_img_01587.jpg,case8,This is a colonoscopy frame from a patient with no polyps.
Sun_Multimodal/Train_Negative/case8_negative_img_02335.jpg,case8,This is a colonoscopy frame from a patient with no polyps.
Sun_Multimodal/Train_Negative/case2_negative_img_08825.jpg,case2,This is a colonoscopy frame from a patient with no polyps.
Sun_Multimodal/Train_Negative/case12_negative_img_05044.jpg,case12,This is a colonoscopy frame from a patient with no polyps.
Sun_Multimodal/Train_Negative/case10_negative_img_00386.jpg,case10,This is a colonoscopy frame from a patient with no polyps.
Sun_Multimodal/Train_Negative/case2_negative_img_04893.jpg,case2,This is a colonoscopy frame from a patient with no polyps.
Sun_Multimodal/Train_Negative/case10_negative_img_02402.jpg,case10,This is a colonoscopy frame from a patient with no polyps.
Sun_Multimodal/Train_Negative/case1_negative_img_03873.jpg,case1,This is a colonoscopy frame from a patient with no polyps.
Sun_Multimodal/Train_Negative/case5_negative_img_00027.jpg,case5,This is a colonoscopy frame from a patient with no polyps.
Sun_Multimodal/Train_Negative/case11_negative_img_03635.jpg,case11,This is a colonoscopy frame from a patient with no polyps.
Sun_Multimodal/Train_Negative/case10_negative_img_03242.jpg,case10,This is a colonoscopy frame from a patient with no polyps.
Sun_Multimodal/Train_Negative/case3_negative_img_04885.jpg,case3,This is a colonoscopy frame from a patient with no polyps.
Sun_Multimodal/Train_Negative/case12_negative_img_06246.jpg,case12,This is a colonoscopy frame from a patient with no polyps.
Sun_Multimodal/Train_Negative/case2_negative_img_06072.jpg,case2,This is a colonoscopy frame from a patient with no polyps.
Sun_Multimodal/Train_Negative/case6_negative_img_09841.jpg,case6,This is a colonoscopy frame from a patient with no polyps.
Sun_Multimodal/Train_Negative/case10_negative_img_06831.jpg,case10,This is a colonoscopy frame from a patient with no polyps.
Sun_Multimodal/Train_Negative/case3_negative_img_02782.jpg,case3,This is a colonoscopy frame from a patient with no polyps.
Sun_Multimodal/Train_Negative/case8_negative_img_00249.jpg,case8,This is a colonoscopy frame from a patient with no polyps.
Sun_Multimodal/Train_Negative/case5_negative_img_06733.jpg,case5,This is a colonoscopy frame from a patient with no polyps.
Sun_Multimodal/Train_Negative/case11_negative_img_01798.jpg,case11,This is a colonoscopy frame from a patient with no polyps.
Sun_Multimodal/Train_Negative/case1_negative_img_04555.jpg,case1,This is a colonoscopy frame from a patient with no polyps.
Sun_Multimodal/Train_Negative/case5_negative_img_04875.jpg,case5,This is a colonoscopy frame from a patient with no polyps.
Sun_Multimodal/Train_Negative/case10_negative_img_06022.jpg,case10,This is a colonoscopy frame from a patient with no polyps.
Sun_Multimodal/Train_Negative/case2_negative_img_01681.jpg,case2,This is a colonoscopy frame from a patient with no polyps.
Sun_Multimodal/Train_Negative/case6_negative_img_03340.jpg,case6,This is a colonoscopy frame from a patient with no polyps.
Sun_Multimodal/Train_Negative/case3_negative_img_00467.jpg,case3,This is a colonoscopy frame from a patient with no polyps.
Sun_Multimodal/Train_Negative/case1_negative_img_09065.jpg,case1,This is a colonoscopy frame from a patient with no polyps.
Sun_Multimodal/Train_Negative/case12_negative_img_01816.jpg,case12,This is a colonoscopy frame from a patient with no polyps.
Sun_Multimodal/Train_Negative/case5_negative_img_06424.jpg,case5,This is a colonoscopy frame from a patient with no polyps.
Sun_Multimodal/Train_Negative/case10_negative_img_05220.jpg,case10,This is a colonoscopy frame from a patient with no polyps.
Sun_Multimodal/Train_Negative/case12_negative_img_00645.jpg,case12,This is a colonoscopy frame from a patient with no polyps.
Sun_Multimodal/Train_Negative/case2_negative_img_00471.jpg,case2,This is a colonoscopy frame from a patient with no polyps.
Sun_Multimodal/Train_Negative/case5_negative_img_05150.jpg,case5,This is a colonoscopy frame from a patient with no polyps.
Sun_Multimodal/Train_Negative/case8_negative_img_01646.jpg,case8,This is a colonoscopy frame from a patient with no polyps.
Sun_Multimodal/Train_Negative/case3_negative_img_06374.jpg,case3,This is a colonoscopy frame from a patient with no polyps.
Sun_Multimodal/Train_Negative/case11_negative_img_02365.jpg,case11,This is a colonoscopy frame from a patient with no polyps.
Sun_Multimodal/Train_Negative/case6_negative_img_05325.jpg,case6,This is a colonoscopy frame from a patient with no polyps.
Sun_Multimodal/Train_Negative/case10_negative_img_04159.jpg,case10,This is a colonoscopy frame from a patient with no polyps.
Sun_Multimodal/Train_Negative/case12_negative_img_05385.jpg,case12,This is a colonoscopy frame from a patient with no polyps.
Sun_Multimodal/Train_Negative/case8_negative_img_00467.jpg,case8,This is a colonoscopy frame from a patient with no polyps.
Sun_Multimodal/Train_Negative/case1_negative_img_02297.jpg,case1,This is a colonoscopy frame from a patient with no polyps.
Sun_Multimodal/Train_Negative/case5_negative_img_04648.jpg,case5,This is a colonoscopy frame from a patient with no polyps.
Sun_Multimodal/Train_Negative/case8_negative_img_02495.jpg,case8,This is a colonoscopy frame from a patient with no polyps.
Sun_Multimodal/Train_Negative/case1_negative_img_01425.jpg,case1,This is a colonoscopy frame from a patient with no polyps.
Sun_Multimodal/Train_Negative/case6_negative_img_07011.jpg,case6,This is a colonoscopy frame from a patient with no polyps.
Sun_Multimodal/Train_Negative/case10_negative_img_04538.jpg,case10,This is a colonoscopy frame from a patient with no polyps.
Sun_Multimodal/Train_Negative/case1_negative_img_00961.jpg,case1,This is a colonoscopy frame from a patient with no polyps.
Sun_Multimodal/Train_Negative/case10_negative_img_01962.jpg,case10,This is a colonoscopy frame from a patient with no polyps.
Sun_Multimodal/Train_Negative/case1_negative_img_07518.jpg,case1,This is a colonoscopy frame from a patient with no polyps.
Sun_Multimodal/Train_Negative/case2_negative_img_02978.jpg,case2,This is a colonoscopy frame from a patient with no polyps.
Sun_Multimodal/Train_Negative/case2_negative_img_07254.jpg,case2,This is a colonoscopy frame from a patient with no polyps.
Sun_Multimodal/Train_Negative/case11_negative_img_03195.jpg,case11,This is a colonoscopy frame from a patient with no polyps.
Sun_Multimodal/Train_Negative/case2_negative_img_06866.jpg,case2,This is a colonoscopy frame from a patient with no polyps.
Sun_Multimodal/Train_Negative/case10_negative_img_02405.jpg,case10,This is a colonoscopy frame from a patient with no polyps.
Sun_Multimodal/Train_Negative/case2_negative_img_04720.jpg,case2,This is a colonoscopy frame from a patient with no polyps.
Sun_Multimodal/Train_Negative/case10_negative_img_01171.jpg,case10,This is a colonoscopy frame from a patient with no polyps.
Sun_Multimodal/Train_Negative/case2_negative_img_09107.jpg,case2,This is a colonoscopy frame from a patient with no polyps.
Sun_Multimodal/Train_Negative/case6_negative_img_08274.jpg,case6,This is a colonoscopy frame from a patient with no polyps.
Sun_Multimodal/Train_Negative/case13_negative_img_03168.jpg,case13,This is a colonoscopy frame from a patient with no polyps.
Sun_Multimodal/Train_Negative/case8_negative_img_01697.jpg,case8,This is a colonoscopy frame from a patient with no polyps.
Sun_Multimodal/Train_Negative/case2_negative_img_09442.jpg,case2,This is a colonoscopy frame from a patient with no polyps.
Sun_Multimodal/Train_Negative/case11_negative_img_01043.jpg,case11,This is a colonoscopy frame from a patient with no polyps.
Sun_Multimodal/Train_Negative/case13_negative_img_05266.jpg,case13,This is a colonoscopy frame from a patient with no polyps.
Sun_Multimodal/Train_Negative/case3_negative_img_06147.jpg,case3,This is a colonoscopy frame from a patient with no polyps.
Sun_Multimodal/Train_Negative/case5_negative_img_06489.jpg,case5,This is a colonoscopy frame from a patient with no polyps.
Sun_Multimodal/Train_Negative/case5_negative_img_03470.jpg,case5,This is a colonoscopy frame from a patient with no polyps.
Sun_Multimodal/Train_Negative/case5_negative_img_00917.jpg,case5,This is a colonoscopy frame from a patient with no polyps.
Sun_Multimodal/Train_Negative/case8_negative_img_01762.jpg,case8,This is a colonoscopy frame from a patient with no polyps.
Sun_Multimodal/Train_Negative/case6_negative_img_17006.jpg,case6,This is a colonoscopy frame from a patient with no polyps.
Sun_Multimodal/Train_Negative/case12_negative_img_04346.jpg,case12,This is a colonoscopy frame from a patient with no polyps.
Sun_Multimodal/Train_Negative/case6_negative_img_14113.jpg,case6,This is a colonoscopy frame from a patient with no polyps.
Sun_Multimodal/Train_Negative/case10_negative_img_01084.jpg,case10,This is a colonoscopy frame from a patient with no polyps.
Sun_Multimodal/Train_Negative/case11_negative_img_02620.jpg,case11,This is a colonoscopy frame from a patient with no polyps.
Sun_Multimodal/Train_Negative/case5_negative_img_00672.jpg,case5,This is a colonoscopy frame from a patient with no polyps.
Sun_Multimodal/Train_Negative/case6_negative_img_16580.jpg,case6,This is a colonoscopy frame from a patient with no polyps.
Sun_Multimodal/Train_Negative/case2_negative_img_05353.jpg,case2,This is a colonoscopy frame from a patient with no polyps.
Sun_Multimodal/Train_Negative/case6_negative_img_14900.jpg,case6,This is a colonoscopy frame from a patient with no polyps.
Sun_Multimodal/Train_Negative/case13_negative_img_01137.jpg,case13,This is a colonoscopy frame from a patient with no polyps.
Sun_Multimodal/Train_Negative/case11_negative_img_02319.jpg,case11,This is a colonoscopy frame from a patient with no polyps.
Sun_Multimodal/Train_Negative/case2_negative_img_03021.jpg,case2,This is a colonoscopy frame from a patient with no polyps.
Sun_Multimodal/Train_Negative/case5_negative_img_07721.jpg,case5,This is a colonoscopy frame from a patient with no polyps.
Sun_Multimodal/Train_Negative/case10_negative_img_00828.jpg,case10,This is a colonoscopy frame from a patient with no polyps.
Sun_Multimodal/Train_Negative/case3_negative_img_01762.jpg,case3,This is a colonoscopy frame from a patient with no polyps.
Sun_Multimodal/Train_Negative/case3_negative_img_00122.jpg,case3,This is a colonoscopy frame from a patient with no polyps.
Sun_Multimodal/Train_Negative/case12_negative_img_01121.jpg,case12,This is a colonoscopy frame from a patient with no polyps.
Sun_Multimodal/Train_Negative/case10_negative_img_04544.jpg,case10,This is a colonoscopy frame from a patient with no polyps.
Sun_Multimodal/Train_Negative/case8_negative_img_00869.jpg,case8,This is a colonoscopy frame from a patient with no polyps.
Sun_Multimodal/Train_Negative/case5_negative_img_05074.jpg,case5,This is a colonoscopy frame from a patient with no polyps.
Sun_Multimodal/Train_Negative/case12_negative_img_02793.jpg,case12,This is a colonoscopy frame from a patient with no polyps.
Sun_Multimodal/Train_Negative/case11_negative_img_03138.jpg,case11,This is a colonoscopy frame from a patient with no polyps.
Sun_Multimodal/Train_Negative/case6_negative_img_13357.jpg,case6,This is a colonoscopy frame from a patient with no polyps.
Sun_Multimodal/Train_Negative/case6_negative_img_08669.jpg,case6,This is a colonoscopy frame from a patient with no polyps.
Sun_Multimodal/Train_Negative/case13_negative_img_02492.jpg,case13,This is a colonoscopy frame from a patient with no polyps.
Sun_Multimodal/Train_Negative/case1_negative_img_06483.jpg,case1,This is a colonoscopy frame from a patient with no polyps.
Sun_Multimodal/Train_Negative/case13_negative_img_02335.jpg,case13,This is a colonoscopy frame from a patient with no polyps.
Sun_Multimodal/Train_Negative/case10_negative_img_02479.jpg,case10,This is a colonoscopy frame from a patient with no polyps.
Sun_Multimodal/Train_Negative/case2_negative_img_03336.jpg,case2,This is a colonoscopy frame from a patient with no polyps.
Sun_Multimodal/Train_Negative/case10_negative_img_04595.jpg,case10,This is a colonoscopy frame from a patient with no polyps.
Sun_Multimodal/Train_Negative/case6_negative_img_11402.jpg,case6,This is a colonoscopy frame from a patient with no polyps.
Sun_Multimodal/Train_Negative/case13_negative_img_05499.jpg,case13,This is a colonoscopy frame from a patient with no polyps.
Sun_Multimodal/Train_Negative/case12_negative_img_05749.jpg,case12,This is a colonoscopy frame from a patient with no polyps.
Sun_Multimodal/Train_Negative/case5_negative_img_07057.jpg,case5,This is a colonoscopy frame from a patient with no polyps.
Sun_Multimodal/Train_Negative/case13_negative_img_00812.jpg,case13,This is a colonoscopy frame from a patient with no polyps.
Sun_Multimodal/Train_Negative/case10_negative_img_05472.jpg,case10,This is a colonoscopy frame from a patient with no polyps.
Sun_Multimodal/Train_Negative/case3_negative_img_02560.jpg,case3,This is a colonoscopy frame from a patient with no polyps.
Sun_Multimodal/Train_Negative/case5_negative_img_04523.jpg,case5,This is a colonoscopy frame from a patient with no polyps.
Sun_Multimodal/Train_Negative/case3_negative_img_01807.jpg,case3,This is a colonoscopy frame from a patient with no polyps.
Sun_Multimodal/Train_Negative/case1_negative_img_09190.jpg,case1,This is a colonoscopy frame from a patient with no polyps.
Sun_Multimodal/Train_Negative/case11_negative_img_00671.jpg,case11,This is a colonoscopy frame from a patient with no polyps.
Sun_Multimodal/Train_Negative/case6_negative_img_15844.jpg,case6,This is a colonoscopy frame from a patient with no polyps.
Sun_Multimodal/Train_Negative/case11_negative_img_02124.jpg,case11,This is a colonoscopy frame from a patient with no polyps.
Sun_Multimodal/Train_Negative/case6_negative_img_04724.jpg,case6,This is a colonoscopy frame from a patient with no polyps.
Sun_Multimodal/Train_Negative/case5_negative_img_01736.jpg,case5,This is a colonoscopy frame from a patient with no polyps.
Sun_Multimodal/Train_Negative/case13_negative_img_06301.jpg,case13,This is a colonoscopy frame from a patient with no polyps.
Sun_Multimodal/Train_Negative/case6_negative_img_08743.jpg,case6,This is a colonoscopy frame from a patient with no polyps.
Sun_Multimodal/Train_Negative/case8_negative_img_01407.jpg,case8,This is a colonoscopy frame from a patient with no polyps.
Sun_Multimodal/Train_Negative/case8_negative_img_02173.jpg,case8,This is a colonoscopy frame from a patient with no polyps.
Sun_Multimodal/Train_Negative/case12_negative_img_03449.jpg,case12,This is a colonoscopy frame from a patient with no polyps.
Sun_Multimodal/Train_Negative/case1_negative_img_07788.jpg,case1,This is a colonoscopy frame from a patient with no polyps.
Sun_Multimodal/Train_Negative/case8_negative_img_00626.jpg,case8,This is a colonoscopy frame from a patient with no polyps.
Sun_Multimodal/Train_Negative/case3_negative_img_06926.jpg,case3,This is a colonoscopy frame from a patient with no polyps.
Sun_Multimodal/Train_Negative/case5_negative_img_00261.jpg,case5,This is a colonoscopy frame from a patient with no polyps.
Sun_Multimodal/Train_Negative/case1_negative_img_06119.jpg,case1,This is a colonoscopy frame from a patient with no polyps.
Sun_Multimodal/Train_Negative/case12_negative_img_06461.jpg,case12,This is a colonoscopy frame from a patient with no polyps.
Sun_Multimodal/Train_Negative/case12_negative_img_05906.jpg,case12,This is a colonoscopy frame from a patient with no polyps.
Sun_Multimodal/Train_Negative/case13_negative_img_05103.jpg,case13,This is a colonoscopy frame from a patient with no polyps.
Sun_Multimodal/Train_Negative/case12_negative_img_04493.jpg,case12,This is a colonoscopy frame from a patient with no polyps.
Sun_Multimodal/Train_Negative/case12_negative_img_06000.jpg,case12,This is a colonoscopy frame from a patient with no polyps.
Sun_Multimodal/Train_Negative/case8_negative_img_01371.jpg,case8,This is a colonoscopy frame from a patient with no polyps.
Sun_Multimodal/Train_Negative/case8_negative_img_00296.jpg,case8,This is a colonoscopy frame from a patient with no polyps.
Sun_Multimodal/Train_Negative/case8_negative_img_00943.jpg,case8,This is a colonoscopy frame from a patient with no polyps.
Sun_Multimodal/Train_Negative/case5_negative_img_03715.jpg,case5,This is a colonoscopy frame from a patient with no polyps.
Sun_Multimodal/Train_Negative/case12_negative_img_05115.jpg,case12,This is a colonoscopy frame from a patient with no polyps.
Sun_Multimodal/Train_Negative/case13_negative_img_05562.jpg,case13,This is a colonoscopy frame from a patient with no polyps.
Sun_Multimodal/Train_Negative/case10_negative_img_00570.jpg,case10,This is a colonoscopy frame from a patient with no polyps.
Sun_Multimodal/Train_Negative/case12_negative_img_00372.jpg,case12,This is a colonoscopy frame from a patient with no polyps.
Sun_Multimodal/Train_Negative/case12_negative_img_01295.jpg,case12,This is a colonoscopy frame from a patient with no polyps.
Sun_Multimodal/Train_Negative/case1_negative_img_09133.jpg,case1,This is a colonoscopy frame from a patient with no polyps.
Sun_Multimodal/Train_Negative/case12_negative_img_03267.jpg,case12,This is a colonoscopy frame from a patient with no polyps.
Sun_Multimodal/Train_Negative/case10_negative_img_06602.jpg,case10,This is a colonoscopy frame from a patient with no polyps.
Sun_Multimodal/Train_Negative/case13_negative_img_03610.jpg,case13,This is a colonoscopy frame from a patient with no polyps.
Sun_Multimodal/Train_Negative/case1_negative_img_04375.jpg,case1,This is a colonoscopy frame from a patient with no polyps.
Sun_Multimodal/Train_Negative/case2_negative_img_04439.jpg,case2,This is a colonoscopy frame from a patient with no polyps.
Sun_Multimodal/Train_Negative/case13_negative_img_00364.jpg,case13,This is a colonoscopy frame from a patient with no polyps.
Sun_Multimodal/Train_Negative/case6_negative_img_00014.jpg,case6,This is a colonoscopy frame from a patient with no polyps.
Sun_Multimodal/Train_Negative/case8_negative_img_00469.jpg,case8,This is a colonoscopy frame from a patient with no polyps.
Sun_Multimodal/Train_Negative/case3_negative_img_01066.jpg,case3,This is a colonoscopy frame from a patient with no polyps.
Sun_Multimodal/Train_Negative/case2_negative_img_08328.jpg,case2,This is a colonoscopy frame from a patient with no polyps.
Sun_Multimodal/Train_Negative/case3_negative_img_00626.jpg,case3,This is a colonoscopy frame from a patient with no polyps.
Sun_Multimodal/Train_Negative/case6_negative_img_14489.jpg,case6,This is a colonoscopy frame from a patient with no polyps.
Sun_Multimodal/Train_Negative/case11_negative_img_04637.jpg,case11,This is a colonoscopy frame from a patient with no polyps.
Sun_Multimodal/Train_Negative/case10_negative_img_04240.jpg,case10,This is a colonoscopy frame from a patient with no polyps.
Sun_Multimodal/Train_Negative/case11_negative_img_04190.jpg,case11,This is a colonoscopy frame from a patient with no polyps.
Sun_Multimodal/Train_Negative/case10_negative_img_06174.jpg,case10,This is a colonoscopy frame from a patient with no polyps.
Sun_Multimodal/Train_Negative/case12_negative_img_04968.jpg,case12,This is a colonoscopy frame from a patient with no polyps.
Sun_Multimodal/Train_Negative/case1_negative_img_04062.jpg,case1,This is a colonoscopy frame from a patient with no polyps.
Sun_Multimodal/Train_Negative/case1_negative_img_08005.jpg,case1,This is a colonoscopy frame from a patient with no polyps.
Sun_Multimodal/Train_Negative/case6_negative_img_10651.jpg,case6,This is a colonoscopy frame from a patient with no polyps.
Sun_Multimodal/Train_Negative/case11_negative_img_03718.jpg,case11,This is a colonoscopy frame from a patient with no polyps.
Sun_Multimodal/Train_Negative/case1_negative_img_04280.jpg,case1,This is a colonoscopy frame from a patient with no polyps.
Sun_Multimodal/Train_Negative/case13_negative_img_05268.jpg,case13,This is a colonoscopy frame from a patient with no polyps.
Sun_Multimodal/Train_Negative/case11_negative_img_04713.jpg,case11,This is a colonoscopy frame from a patient with no polyps.
Sun_Multimodal/Train_Negative/case10_negative_img_04364.jpg,case10,This is a colonoscopy frame from a patient with no polyps.
Sun_Multimodal/Train_Negative/case5_negative_img_05235.jpg,case5,This is a colonoscopy frame from a patient with no polyps.
Sun_Multimodal/Train_Negative/case11_negative_img_04372.jpg,case11,This is a colonoscopy frame from a patient with no polyps.
Sun_Multimodal/Train_Negative/case13_negative_img_05609.jpg,case13,This is a colonoscopy frame from a patient with no polyps.
Sun_Multimodal/Train_Negative/case12_negative_img_00952.jpg,case12,This is a colonoscopy frame from a patient with no polyps.
Sun_Multimodal/Train_Negative/case12_negative_img_00256.jpg,case12,This is a colonoscopy frame from a patient with no polyps.
Sun_Multimodal/Train_Negative/case12_negative_img_05508.jpg,case12,This is a colonoscopy frame from a patient with no polyps.
Sun_Multimodal/Train_Negative/case12_negative_img_00983.jpg,case12,This is a colonoscopy frame from a patient with no polyps.
Sun_Multimodal/Train_Negative/case5_negative_img_03308.jpg,case5,This is a colonoscopy frame from a patient with no polyps.
Sun_Multimodal/Train_Negative/case3_negative_img_00415.jpg,case3,This is a colonoscopy frame from a patient with no polyps.
Sun_Multimodal/Train_Negative/case1_negative_img_09017.jpg,case1,This is a colonoscopy frame from a patient with no polyps.
Sun_Multimodal/Train_Negative/case1_negative_img_05863.jpg,case1,This is a colonoscopy frame from a patient with no polyps.
Sun_Multimodal/Train_Negative/case12_negative_img_01077.jpg,case12,This is a colonoscopy frame from a patient with no polyps.
Sun_Multimodal/Train_Negative/case13_negative_img_00995.jpg,case13,This is a colonoscopy frame from a patient with no polyps.
Sun_Multimodal/Train_Negative/case13_negative_img_03355.jpg,case13,This is a colonoscopy frame from a patient with no polyps.
Sun_Multimodal/Train_Negative/case13_negative_img_02967.jpg,case13,This is a colonoscopy frame from a patient with no polyps.
Sun_Multimodal/Train_Negative/case11_negative_img_02189.jpg,case11,This is a colonoscopy frame from a patient with no polyps.
Sun_Multimodal/Train_Negative/case2_negative_img_06771.jpg,case2,This is a colonoscopy frame from a patient with no polyps.
Sun_Multimodal/Train_Negative/case11_negative_img_02317.jpg,case11,This is a colonoscopy frame from a patient with no polyps.
Sun_Multimodal/Train_Negative/case12_negative_img_06545.jpg,case12,This is a colonoscopy frame from a patient with no polyps.
Sun_Multimodal/Train_Negative/case8_negative_img_01634.jpg,case8,This is a colonoscopy frame from a patient with no polyps.
Sun_Multimodal/Train_Negative/case2_negative_img_08043.jpg,case2,This is a colonoscopy frame from a patient with no polyps.
Sun_Multimodal/Train_Negative/case1_negative_img_01791.jpg,case1,This is a colonoscopy frame from a patient with no polyps.
Sun_Multimodal/Train_Negative/case13_negative_img_05780.jpg,case13,This is a colonoscopy frame from a patient with no polyps.
Sun_Multimodal/Train_Negative/case6_negative_img_14045.jpg,case6,This is a colonoscopy frame from a patient with no polyps.
Sun_Multimodal/Train_Negative/case12_negative_img_06124.jpg,case12,This is a colonoscopy frame from a patient with no polyps.
Sun_Multimodal/Train_Negative/case2_negative_img_07922.jpg,case2,This is a colonoscopy frame from a patient with no polyps.
Sun_Multimodal/Train_Negative/case11_negative_img_03691.jpg,case11,This is a colonoscopy frame from a patient with no polyps.
Sun_Multimodal/Train_Negative/case8_negative_img_01980.jpg,case8,This is a colonoscopy frame from a patient with no polyps.
Sun_Multimodal/Train_Negative/case8_negative_img_00415.jpg,case8,This is a colonoscopy frame from a patient with no polyps.
Sun_Multimodal/Train_Negative/case5_negative_img_03631.jpg,case5,This is a colonoscopy frame from a patient with no polyps.
Sun_Multimodal/Train_Negative/case13_negative_img_04206.jpg,case13,This is a colonoscopy frame from a patient with no polyps.
Sun_Multimodal/Train_Negative/case10_negative_img_01214.jpg,case10,This is a colonoscopy frame from a patient with no polyps.
Sun_Multimodal/Train_Negative/case8_negative_img_02340.jpg,case8,This is a colonoscopy frame from a patient with no polyps.
Sun_Multimodal/Train_Negative/case1_negative_img_01825.jpg,case1,This is a colonoscopy frame from a patient with no polyps.
Sun_Multimodal/Train_Negative/case5_negative_img_07059.jpg,case5,This is a colonoscopy frame from a patient with no polyps.
Sun_Multimodal/Train_Negative/case5_negative_img_02707.jpg,case5,This is a colonoscopy frame from a patient with no polyps.
Sun_Multimodal/Train_Negative/case1_negative_img_01321.jpg,case1,This is a colonoscopy frame from a patient with no polyps.
Sun_Multimodal/Train_Negative/case2_negative_img_04333.jpg,case2,This is a colonoscopy frame from a patient with no polyps.
Sun_Multimodal/Train_Negative/case10_negative_img_03590.jpg,case10,This is a colonoscopy frame from a patient with no polyps.
Sun_Multimodal/Train_Negative/case13_negative_img_06225.jpg,case13,This is a colonoscopy frame from a patient with no polyps.
Sun_Multimodal/Train_Negative/case8_negative_img_01951.jpg,case8,This is a colonoscopy frame from a patient with no polyps.
Sun_Multimodal/Train_Negative/case1_negative_img_09639.jpg,case1,This is a colonoscopy frame from a patient with no polyps.
Sun_Multimodal/Train_Negative/case12_negative_img_04566.jpg,case12,This is a colonoscopy frame from a patient with no polyps.
Sun_Multimodal/Train_Negative/case2_negative_img_05112.jpg,case2,This is a colonoscopy frame from a patient with no polyps.
Sun_Multimodal/Train_Negative/case8_negative_img_01142.jpg,case8,This is a colonoscopy frame from a patient with no polyps.
Sun_Multimodal/Train_Negative/case11_negative_img_02461.jpg,case11,This is a colonoscopy frame from a patient with no polyps.
Sun_Multimodal/Train_Negative/case10_negative_img_03368.jpg,case10,This is a colonoscopy frame from a patient with no polyps.
Sun_Multimodal/Train_Negative/case12_negative_img_03053.jpg,case12,This is a colonoscopy frame from a patient with no polyps.
Sun_Multimodal/Train_Negative/case10_negative_img_06391.jpg,case10,This is a colonoscopy frame from a patient with no polyps.
Sun_Multimodal/Train_Negative/case6_negative_img_00641.jpg,case6,This is a colonoscopy frame from a patient with no polyps.
Sun_Multimodal/Train_Negative/case2_negative_img_03267.jpg,case2,This is a colonoscopy frame from a patient with no polyps.
Sun_Multimodal/Train_Negative/case6_negative_img_03754.jpg,case6,This is a colonoscopy frame from a patient with no polyps.
Sun_Multimodal/Train_Negative/case12_negative_img_05618.jpg,case12,This is a colonoscopy frame from a patient with no polyps.
Sun_Multimodal/Train_Negative/case12_negative_img_02272.jpg,case12,This is a colonoscopy frame from a patient with no polyps.
Sun_Multimodal/Train_Negative/case6_negative_img_12780.jpg,case6,This is a colonoscopy frame from a patient with no polyps.
Sun_Multimodal/Train_Negative/case13_negative_img_00150.jpg,case13,This is a colonoscopy frame from a patient with no polyps.
Sun_Multimodal/Train_Negative/case12_negative_img_03344.jpg,case12,This is a colonoscopy frame from a patient with no polyps.
Sun_Multimodal/Train_Negative/case5_negative_img_05544.jpg,case5,This is a colonoscopy frame from a patient with no polyps.
Sun_Multimodal/Train_Negative/case11_negative_img_02248.jpg,case11,This is a colonoscopy frame from a patient with no polyps.
Sun_Multimodal/Train_Negative/case10_negative_img_05980.jpg,case10,This is a colonoscopy frame from a patient with no polyps.
Sun_Multimodal/Train_Negative/case12_negative_img_03082.jpg,case12,This is a colonoscopy frame from a patient with no polyps.
Sun_Multimodal/Train_Negative/case10_negative_img_06895.jpg,case10,This is a colonoscopy frame from a patient with no polyps.
Sun_Multimodal/Train_Negative/case6_negative_img_01777.jpg,case6,This is a colonoscopy frame from a patient with no polyps.
Sun_Multimodal/Train_Negative/case10_negative_img_03680.jpg,case10,This is a colonoscopy frame from a patient with no polyps.
Sun_Multimodal/Train_Negative/case5_negative_img_04989.jpg,case5,This is a colonoscopy frame from a patient with no polyps.
Sun_Multimodal/Train_Negative/case2_negative_img_07691.jpg,case2,This is a colonoscopy frame from a patient with no polyps.
Sun_Multimodal/Train_Negative/case12_negative_img_06542.jpg,case12,This is a colonoscopy frame from a patient with no polyps.
Sun_Multimodal/Train_Negative/case11_negative_img_03922.jpg,case11,This is a colonoscopy frame from a patient with no polyps.
Sun_Multimodal/Train_Negative/case10_negative_img_03127.jpg,case10,This is a colonoscopy frame from a patient with no polyps.
Sun_Multimodal/Train_Negative/case2_negative_img_07136.jpg,case2,This is a colonoscopy frame from a patient with no polyps.
Sun_Multimodal/Train_Negative/case5_negative_img_03982.jpg,case5,This is a colonoscopy frame from a patient with no polyps.
Sun_Multimodal/Train_Negative/case3_negative_img_00938.jpg,case3,This is a colonoscopy frame from a patient with no polyps.
Sun_Multimodal/Train_Negative/case10_negative_img_00795.jpg,case10,This is a colonoscopy frame from a patient with no polyps.
Sun_Multimodal/Train_Negative/case11_negative_img_00445.jpg,case11,This is a colonoscopy frame from a patient with no polyps.
Sun_Multimodal/Train_Negative/case2_negative_img_04023.jpg,case2,This is a colonoscopy frame from a patient with no polyps.
Sun_Multimodal/Train_Negative/case6_negative_img_04171.jpg,case6,This is a colonoscopy frame from a patient with no polyps.
Sun_Multimodal/Train_Negative/case11_negative_img_01112.jpg,case11,This is a colonoscopy frame from a patient with no polyps.
Sun_Multimodal/Train_Negative/case13_negative_img_05490.jpg,case13,This is a colonoscopy frame from a patient with no polyps.
Sun_Multimodal/Train_Negative/case8_negative_img_02396.jpg,case8,This is a colonoscopy frame from a patient with no polyps.
Sun_Multimodal/Train_Negative/case6_negative_img_16400.jpg,case6,This is a colonoscopy frame from a patient with no polyps.
Sun_Multimodal/Train_Negative/case8_negative_img_01283.jpg,case8,This is a colonoscopy frame from a patient with no polyps.
Sun_Multimodal/Train_Negative/case1_negative_img_01747.jpg,case1,This is a colonoscopy frame from a patient with no polyps.
Sun_Multimodal/Train_Negative/case8_negative_img_02050.jpg,case8,This is a colonoscopy frame from a patient with no polyps.
Sun_Multimodal/Train_Negative/case11_negative_img_00494.jpg,case11,This is a colonoscopy frame from a patient with no polyps.
Sun_Multimodal/Train_Negative/case12_negative_img_04561.jpg,case12,This is a colonoscopy frame from a patient with no polyps.
Sun_Multimodal/Train_Negative/case3_negative_img_05562.jpg,case3,This is a colonoscopy frame from a patient with no polyps.
Sun_Multimodal/Train_Negative/case5_negative_img_03521.jpg,case5,This is a colonoscopy frame from a patient with no polyps.
Sun_Multimodal/Train_Negative/case1_negative_img_00107.jpg,case1,This is a colonoscopy frame from a patient with no polyps.
Sun_Multimodal/Train_Negative/case6_negative_img_06533.jpg,case6,This is a colonoscopy frame from a patient with no polyps.
Sun_Multimodal/Train_Negative/case5_negative_img_03286.jpg,case5,This is a colonoscopy frame from a patient with no polyps.
Sun_Multimodal/Train_Negative/case6_negative_img_09441.jpg,case6,This is a colonoscopy frame from a patient with no polyps.
Sun_Multimodal/Train_Negative/case11_negative_img_02466.jpg,case11,This is a colonoscopy frame from a patient with no polyps.
Sun_Multimodal/Train_Negative/case5_negative_img_01274.jpg,case5,This is a colonoscopy frame from a patient with no polyps.
Sun_Multimodal/Train_Negative/case6_negative_img_14271.jpg,case6,This is a colonoscopy frame from a patient with no polyps.
Sun_Multimodal/Train_Negative/case3_negative_img_00779.jpg,case3,This is a colonoscopy frame from a patient with no polyps.
Sun_Multimodal/Train_Negative/case3_negative_img_05027.jpg,case3,This is a colonoscopy frame from a patient with no polyps.
Sun_Multimodal/Train_Negative/case5_negative_img_03064.jpg,case5,This is a colonoscopy frame from a patient with no polyps.
Sun_Multimodal/Train_Negative/case6_negative_img_07191.jpg,case6,This is a colonoscopy frame from a patient with no polyps.
Sun_Multimodal/Train_Negative/case6_negative_img_04084.jpg,case6,This is a colonoscopy frame from a patient with no polyps.
Sun_Multimodal/Train_Negative/case10_negative_img_06838.jpg,case10,This is a colonoscopy frame from a patient with no polyps.
Sun_Multimodal/Train_Negative/case8_negative_img_01400.jpg,case8,This is a colonoscopy frame from a patient with no polyps.
Sun_Multimodal/Train_Negative/case8_negative_img_01872.jpg,case8,This is a colonoscopy frame from a patient with no polyps.
Sun_Multimodal/Train_Negative/case10_negative_img_02554.jpg,case10,This is a colonoscopy frame from a patient with no polyps.
Sun_Multimodal/Train_Negative/case8_negative_img_02174.jpg,case8,This is a colonoscopy frame from a patient with no polyps.
Sun_Multimodal/Train_Negative/case3_negative_img_05834.jpg,case3,This is a colonoscopy frame from a patient with no polyps.
Sun_Multimodal/Train_Negative/case11_negative_img_04309.jpg,case11,This is a colonoscopy frame from a patient with no polyps.
Sun_Multimodal/Train_Negative/case8_negative_img_00186.jpg,case8,This is a colonoscopy frame from a patient with no polyps.
Sun_Multimodal/Train_Negative/case13_negative_img_03039.jpg,case13,This is a colonoscopy frame from a patient with no polyps.
Sun_Multimodal/Train_Negative/case11_negative_img_03806.jpg,case11,This is a colonoscopy frame from a patient with no polyps.
Sun_Multimodal/Train_Negative/case8_negative_img_01717.jpg,case8,This is a colonoscopy frame from a patient with no polyps.
Sun_Multimodal/Train_Negative/case3_negative_img_06225.jpg,case3,This is a colonoscopy frame from a patient with no polyps.
Sun_Multimodal/Train_Negative/case2_negative_img_00019.jpg,case2,This is a colonoscopy frame from a patient with no polyps.
Sun_Multimodal/Train_Negative/case10_negative_img_01756.jpg,case10,This is a colonoscopy frame from a patient with no polyps.
Sun_Multimodal/Train_Negative/case6_negative_img_06361.jpg,case6,This is a colonoscopy frame from a patient with no polyps.
Sun_Multimodal/Train_Negative/case11_negative_img_00561.jpg,case11,This is a colonoscopy frame from a patient with no polyps.
Sun_Multimodal/Train_Negative/case5_negative_img_02941.jpg,case5,This is a colonoscopy frame from a patient with no polyps.
Sun_Multimodal/Train_Negative/case2_negative_img_04107.jpg,case2,This is a colonoscopy frame from a patient with no polyps.
Sun_Multimodal/Train_Negative/case3_negative_img_01589.jpg,case3,This is a colonoscopy frame from a patient with no polyps.
Sun_Multimodal/Train_Negative/case2_negative_img_06233.jpg,case2,This is a colonoscopy frame from a patient with no polyps.
Sun_Multimodal/Train_Negative/case3_negative_img_06644.jpg,case3,This is a colonoscopy frame from a patient with no polyps.
Sun_Multimodal/Train_Negative/case1_negative_img_03586.jpg,case1,This is a colonoscopy frame from a patient with no polyps.
Sun_Multimodal/Train_Negative/case10_negative_img_02585.jpg,case10,This is a colonoscopy frame from a patient with no polyps.
Sun_Multimodal/Train_Negative/case2_negative_img_07801.jpg,case2,This is a colonoscopy frame from a patient with no polyps.
Sun_Multimodal/Train_Negative/case6_negative_img_08795.jpg,case6,This is a colonoscopy frame from a patient with no polyps.
Sun_Multimodal/Train_Negative/case2_negative_img_05326.jpg,case2,This is a colonoscopy frame from a patient with no polyps.
Sun_Multimodal/Train_Negative/case3_negative_img_00944.jpg,case3,This is a colonoscopy frame from a patient with no polyps.
Sun_Multimodal/Train_Negative/case3_negative_img_05268.jpg,case3,This is a colonoscopy frame from a patient with no polyps.
Sun_Multimodal/Train_Negative/case13_negative_img_00702.jpg,case13,This is a colonoscopy frame from a patient with no polyps.
Sun_Multimodal/Train_Negative/case5_negative_img_07492.jpg,case5,This is a colonoscopy frame from a patient with no polyps.
Sun_Multimodal/Train_Negative/case1_negative_img_04372.jpg,case1,This is a colonoscopy frame from a patient with no polyps.
Sun_Multimodal/Train_Negative/case12_negative_img_01154.jpg,case12,This is a colonoscopy frame from a patient with no polyps.
Sun_Multimodal/Train_Negative/case2_negative_img_03847.jpg,case2,This is a colonoscopy frame from a patient with no polyps.
Sun_Multimodal/Train_Negative/case1_negative_img_07963.jpg,case1,This is a colonoscopy frame from a patient with no polyps.
Sun_Multimodal/Train_Negative/case3_negative_img_02174.jpg,case3,This is a colonoscopy frame from a patient with no polyps.
Sun_Multimodal/Train_Negative/case8_negative_img_01558.jpg,case8,This is a colonoscopy frame from a patient with no polyps.
Sun_Multimodal/Train_Negative/case1_negative_img_06884.jpg,case1,This is a colonoscopy frame from a patient with no polyps.
Sun_Multimodal/Train_Negative/case13_negative_img_02340.jpg,case13,This is a colonoscopy frame from a patient with no polyps.
Sun_Multimodal/Train_Negative/case2_negative_img_05508.jpg,case2,This is a colonoscopy frame from a patient with no polyps.
Sun_Multimodal/Train_Negative/case10_negative_img_05407.jpg,case10,This is a colonoscopy frame from a patient with no polyps.
Sun_Multimodal/Train_Negative/case8_negative_img_00779.jpg,case8,This is a colonoscopy frame from a patient with no polyps.
Sun_Multimodal/Train_Negative/case12_negative_img_03516.jpg,case12,This is a colonoscopy frame from a patient with no polyps.
Sun_Multimodal/Train_Negative/case12_negative_img_06248.jpg,case12,This is a colonoscopy frame from a patient with no polyps.
Sun_Multimodal/Train_Negative/case2_negative_img_04729.jpg,case2,This is a colonoscopy frame from a patient with no polyps.
Sun_Multimodal/Train_Negative/case3_negative_img_01872.jpg,case3,This is a colonoscopy frame from a patient with no polyps.
Sun_Multimodal/Train_Negative/case6_negative_img_14748.jpg,case6,This is a colonoscopy frame from a patient with no polyps.
Sun_Multimodal/Train_Negative/case12_negative_img_01996.jpg,case12,This is a colonoscopy frame from a patient with no polyps.
Sun_Multimodal/Train_Negative/case1_negative_img_09642.jpg,case1,This is a colonoscopy frame from a patient with no polyps.
Sun_Multimodal/Train_Negative/case13_negative_img_01840.jpg,case13,This is a colonoscopy frame from a patient with no polyps.
Sun_Multimodal/Train_Negative/case13_negative_img_02955.jpg,case13,This is a colonoscopy frame from a patient with no polyps.
Sun_Multimodal/Train_Negative/case3_negative_img_05379.jpg,case3,This is a colonoscopy frame from a patient with no polyps.
Sun_Multimodal/Train_Negative/case2_negative_img_02705.jpg,case2,This is a colonoscopy frame from a patient with no polyps.
Sun_Multimodal/Train_Negative/case3_negative_img_02372.jpg,case3,This is a colonoscopy frame from a patient with no polyps.
Sun_Multimodal/Train_Negative/case12_negative_img_02531.jpg,case12,This is a colonoscopy frame from a patient with no polyps.
Sun_Multimodal/Train_Negative/case1_negative_img_03609.jpg,case1,This is a colonoscopy frame from a patient with no polyps.
Sun_Multimodal/Train_Negative/case3_negative_img_02876.jpg,case3,This is a colonoscopy frame from a patient with no polyps.
Sun_Multimodal/Train_Negative/case12_negative_img_06359.jpg,case12,This is a colonoscopy frame from a patient with no polyps.
Sun_Multimodal/Train_Negative/case6_negative_img_01455.jpg,case6,This is a colonoscopy frame from a patient with no polyps.
Sun_Multimodal/Train_Negative/case1_negative_img_04174.jpg,case1,This is a colonoscopy frame from a patient with no polyps.
Sun_Multimodal/Train_Negative/case10_negative_img_04090.jpg,case10,This is a colonoscopy frame from a patient with no polyps.
Sun_Multimodal/Train_Negative/case5_negative_img_04781.jpg,case5,This is a colonoscopy frame from a patient with no polyps.
Sun_Multimodal/Train_Negative/case12_negative_img_06738.jpg,case12,This is a colonoscopy frame from a patient with no polyps.
Sun_Multimodal/Train_Negative/case3_negative_img_02065.jpg,case3,This is a colonoscopy frame from a patient with no polyps.
Sun_Multimodal/Train_Negative/case8_negative_img_01449.jpg,case8,This is a colonoscopy frame from a patient with no polyps.
Sun_Multimodal/Train_Negative/case2_negative_img_03987.jpg,case2,This is a colonoscopy frame from a patient with no polyps.
Sun_Multimodal/Train_Negative/case13_negative_img_02251.jpg,case13,This is a colonoscopy frame from a patient with no polyps.
Sun_Multimodal/Train_Negative/case6_negative_img_03761.jpg,case6,This is a colonoscopy frame from a patient with no polyps.
Sun_Multimodal/Train_Negative/case11_negative_img_04721.jpg,case11,This is a colonoscopy frame from a patient with no polyps.
Sun_Multimodal/Train_Negative/case3_negative_img_04317.jpg,case3,This is a colonoscopy frame from a patient with no polyps.
Sun_Multimodal/Train_Negative/case1_negative_img_01772.jpg,case1,This is a colonoscopy frame from a patient with no polyps.
Sun_Multimodal/Train_Negative/case13_negative_img_04684.jpg,case13,This is a colonoscopy frame from a patient with no polyps.
Sun_Multimodal/Train_Negative/case11_negative_img_01546.jpg,case11,This is a colonoscopy frame from a patient with no polyps.
Sun_Multimodal/Train_Negative/case3_negative_img_06830.jpg,case3,This is a colonoscopy frame from a patient with no polyps.
Sun_Multimodal/Train_Negative/case3_negative_img_00668.jpg,case3,This is a colonoscopy frame from a patient with no polyps.
Sun_Multimodal/Train_Negative/case1_negative_img_01313.jpg,case1,This is a colonoscopy frame from a patient with no polyps.
Sun_Multimodal/Train_Negative/case11_negative_img_03672.jpg,case11,This is a colonoscopy frame from a patient with no polyps.
Sun_Multimodal/Train_Negative/case8_negative_img_01511.jpg,case8,This is a colonoscopy frame from a patient with no polyps.
Sun_Multimodal/Train_Negative/case2_negative_img_07214.jpg,case2,This is a colonoscopy frame from a patient with no polyps.
Sun_Multimodal/Train_Negative/case13_negative_img_06217.jpg,case13,This is a colonoscopy frame from a patient with no polyps.
Sun_Multimodal/Train_Negative/case10_negative_img_02445.jpg,case10,This is a colonoscopy frame from a patient with no polyps.
Sun_Multimodal/Train_Negative/case13_negative_img_02309.jpg,case13,This is a colonoscopy frame from a patient with no polyps.
Sun_Multimodal/Train_Negative/case2_negative_img_06485.jpg,case2,This is a colonoscopy frame from a patient with no polyps.
Sun_Multimodal/Train_Negative/case12_negative_img_06116.jpg,case12,This is a colonoscopy frame from a patient with no polyps.
Sun_Multimodal/Train_Negative/case10_negative_img_00466.jpg,case10,This is a colonoscopy frame from a patient with no polyps.
Sun_Multimodal/Train_Negative/case2_negative_img_07103.jpg,case2,This is a colonoscopy frame from a patient with no polyps.
Sun_Multimodal/Train_Negative/case8_negative_img_01606.jpg,case8,This is a colonoscopy frame from a patient with no polyps.
Sun_Multimodal/Train_Negative/case5_negative_img_01290.jpg,case5,This is a colonoscopy frame from a patient with no polyps.
Sun_Multimodal/Train_Negative/case11_negative_img_02325.jpg,case11,This is a colonoscopy frame from a patient with no polyps.
Sun_Multimodal/Train_Negative/case1_negative_img_03751.jpg,case1,This is a colonoscopy frame from a patient with no polyps.
Sun_Multimodal/Train_Negative/case6_negative_img_03289.jpg,case6,This is a colonoscopy frame from a patient with no polyps.
Sun_Multimodal/Train_Negative/case2_negative_img_01748.jpg,case2,This is a colonoscopy frame from a patient with no polyps.
Sun_Multimodal/Train_Negative/case6_negative_img_07842.jpg,case6,This is a colonoscopy frame from a patient with no polyps.
Sun_Multimodal/Train_Negative/case3_negative_img_04461.jpg,case3,This is a colonoscopy frame from a patient with no polyps.
Sun_Multimodal/Train_Negative/case12_negative_img_06795.jpg,case12,This is a colonoscopy frame from a patient with no polyps.
Sun_Multimodal/Train_Negative/case8_negative_img_01896.jpg,case8,This is a colonoscopy frame from a patient with no polyps.
Sun_Multimodal/Train_Negative/case10_negative_img_03457.jpg,case10,This is a colonoscopy frame from a patient with no polyps.
Sun_Multimodal/Train_Negative/case5_negative_img_01072.jpg,case5,This is a colonoscopy frame from a patient with no polyps.
Sun_Multimodal/Train_Negative/case5_negative_img_02167.jpg,case5,This is a colonoscopy frame from a patient with no polyps.
Sun_Multimodal/Train_Negative/case12_negative_img_01039.jpg,case12,This is a colonoscopy frame from a patient with no polyps.
Sun_Multimodal/Train_Negative/case13_negative_img_04310.jpg,case13,This is a colonoscopy frame from a patient with no polyps.
Sun_Multimodal/Train_Negative/case6_negative_img_08466.jpg,case6,This is a colonoscopy frame from a patient with no polyps.
Sun_Multimodal/Train_Negative/case8_negative_img_00162.jpg,case8,This is a colonoscopy frame from a patient with no polyps.
Sun_Multimodal/Train_Negative/case2_negative_img_03139.jpg,case2,This is a colonoscopy frame from a patient with no polyps.
Sun_Multimodal/Train_Negative/case5_negative_img_06418.jpg,case5,This is a colonoscopy frame from a patient with no polyps.
Sun_Multimodal/Train_Negative/case5_negative_img_02974.jpg,case5,This is a colonoscopy frame from a patient with no polyps.
Sun_Multimodal/Train_Negative/case8_negative_img_02141.jpg,case8,This is a colonoscopy frame from a patient with no polyps.
Sun_Multimodal/Train_Negative/case6_negative_img_07262.jpg,case6,This is a colonoscopy frame from a patient with no polyps.
Sun_Multimodal/Train_Negative/case11_negative_img_00585.jpg,case11,This is a colonoscopy frame from a patient with no polyps.
Sun_Multimodal/Train_Negative/case6_negative_img_15065.jpg,case6,This is a colonoscopy frame from a patient with no polyps.
Sun_Multimodal/Train_Negative/case12_negative_img_05597.jpg,case12,This is a colonoscopy frame from a patient with no polyps.
Sun_Multimodal/Train_Negative/case5_negative_img_07289.jpg,case5,This is a colonoscopy frame from a patient with no polyps.
Sun_Multimodal/Train_Negative/case2_negative_img_05004.jpg,case2,This is a colonoscopy frame from a patient with no polyps.
Sun_Multimodal/Train_Negative/case3_negative_img_05473.jpg,case3,This is a colonoscopy frame from a patient with no polyps.
Sun_Multimodal/Train_Negative/case5_negative_img_00525.jpg,case5,This is a colonoscopy frame from a patient with no polyps.
Sun_Multimodal/Train_Negative/case11_negative_img_02577.jpg,case11,This is a colonoscopy frame from a patient with no polyps.
Sun_Multimodal/Train_Negative/case3_negative_img_03238.jpg,case3,This is a colonoscopy frame from a patient with no polyps.
Sun_Multimodal/Train_Negative/case10_negative_img_01806.jpg,case10,This is a colonoscopy frame from a patient with no polyps.
Sun_Multimodal/Train_Negative/case2_negative_img_04582.jpg,case2,This is a colonoscopy frame from a patient with no polyps.
Sun_Multimodal/Train_Negative/case8_negative_img_01435.jpg,case8,This is a colonoscopy frame from a patient with no polyps.
Sun_Multimodal/Train_Negative/case8_negative_img_01392.jpg,case8,This is a colonoscopy frame from a patient with no polyps.
Sun_Multimodal/Train_Negative/case8_negative_img_00275.jpg,case8,This is a colonoscopy frame from a patient with no polyps.
Sun_Multimodal/Train_Negative/case2_negative_img_03589.jpg,case2,This is a colonoscopy frame from a patient with no polyps.
Sun_Multimodal/Train_Negative/case10_negative_img_02058.jpg,case10,This is a colonoscopy frame from a patient with no polyps.
Sun_Multimodal/Train_Negative/case12_negative_img_03951.jpg,case12,This is a colonoscopy frame from a patient with no polyps.
Sun_Multimodal/Train_Negative/case5_negative_img_04563.jpg,case5,This is a colonoscopy frame from a patient with no polyps.
Sun_Multimodal/Train_Negative/case1_negative_img_07145.jpg,case1,This is a colonoscopy frame from a patient with no polyps.
Sun_Multimodal/Train_Negative/case12_negative_img_03284.jpg,case12,This is a colonoscopy frame from a patient with no polyps.
Sun_Multimodal/Train_Negative/case10_negative_img_04613.jpg,case10,This is a colonoscopy frame from a patient with no polyps.
Sun_Multimodal/Train_Negative/case2_negative_img_00602.jpg,case2,This is a colonoscopy frame from a patient with no polyps.
Sun_Multimodal/Train_Negative/case3_negative_img_05959.jpg,case3,This is a colonoscopy frame from a patient with no polyps.
Sun_Multimodal/Train_Negative/case6_negative_img_13317.jpg,case6,This is a colonoscopy frame from a patient with no polyps.
Sun_Multimodal/Train_Negative/case5_negative_img_03109.jpg,case5,This is a colonoscopy frame from a patient with no polyps.
Sun_Multimodal/Train_Negative/case1_negative_img_08487.jpg,case1,This is a colonoscopy frame from a patient with no polyps.
Sun_Multimodal/Train_Negative/case12_negative_img_04198.jpg,case12,This is a colonoscopy frame from a patient with no polyps.
Sun_Multimodal/Train_Negative/case1_negative_img_05975.jpg,case1,This is a colonoscopy frame from a patient with no polyps.
Sun_Multimodal/Train_Negative/case10_negative_img_04504.jpg,case10,This is a colonoscopy frame from a patient with no polyps.
Sun_Multimodal/Train_Negative/case6_negative_img_13461.jpg,case6,This is a colonoscopy frame from a patient with no polyps.
Sun_Multimodal/Train_Negative/case6_negative_img_04138.jpg,case6,This is a colonoscopy frame from a patient with no polyps.
Sun_Multimodal/Train_Negative/case1_negative_img_07252.jpg,case1,This is a colonoscopy frame from a patient with no polyps.
Sun_Multimodal/Train_Negative/case12_negative_img_03634.jpg,case12,This is a colonoscopy frame from a patient with no polyps.
Sun_Multimodal/Train_Negative/case11_negative_img_01999.jpg,case11,This is a colonoscopy frame from a patient with no polyps.
Sun_Multimodal/Train_Negative/case13_negative_img_01177.jpg,case13,This is a colonoscopy frame from a patient with no polyps.
Sun_Multimodal/Train_Negative/case5_negative_img_06932.jpg,case5,This is a colonoscopy frame from a patient with no polyps.
Sun_Multimodal/Train_Negative/case8_negative_img_01344.jpg,case8,This is a colonoscopy frame from a patient with no polyps.
Sun_Multimodal/Train_Negative/case10_negative_img_01305.jpg,case10,This is a colonoscopy frame from a patient with no polyps.
Sun_Multimodal/Train_Negative/case1_negative_img_01546.jpg,case1,This is a colonoscopy frame from a patient with no polyps.
Sun_Multimodal/Train_Negative/case13_negative_img_05557.jpg,case13,This is a colonoscopy frame from a patient with no polyps.
Sun_Multimodal/Train_Negative/case5_negative_img_07199.jpg,case5,This is a colonoscopy frame from a patient with no polyps.
Sun_Multimodal/Train_Negative/case11_negative_img_00695.jpg,case11,This is a colonoscopy frame from a patient with no polyps.
Sun_Multimodal/Train_Negative/case3_negative_img_04684.jpg,case3,This is a colonoscopy frame from a patient with no polyps.
Sun_Multimodal/Train_Negative/case5_negative_img_05978.jpg,case5,This is a colonoscopy frame from a patient with no polyps.
Sun_Multimodal/Train_Negative/case13_negative_img_06023.jpg,case13,This is a colonoscopy frame from a patient with no polyps.
Sun_Multimodal/Train_Negative/case8_negative_img_01725.jpg,case8,This is a colonoscopy frame from a patient with no polyps.
Sun_Multimodal/Train_Negative/case13_negative_img_00668.jpg,case13,This is a colonoscopy frame from a patient with no polyps.
Sun_Multimodal/Train_Negative/case12_negative_img_05933.jpg,case12,This is a colonoscopy frame from a patient with no polyps.
Sun_Multimodal/Train_Negative/case12_negative_img_05541.jpg,case12,This is a colonoscopy frame from a patient with no polyps.
Sun_Multimodal/Train_Negative/case1_negative_img_01680.jpg,case1,This is a colonoscopy frame from a patient with no polyps.
Sun_Multimodal/Train_Negative/case1_negative_img_05039.jpg,case1,This is a colonoscopy frame from a patient with no polyps.
Sun_Multimodal/Train_Negative/case10_negative_img_01764.jpg,case10,This is a colonoscopy frame from a patient with no polyps.
Sun_Multimodal/Train_Negative/case5_negative_img_03894.jpg,case5,This is a colonoscopy frame from a patient with no polyps.
Sun_Multimodal/Train_Negative/case5_negative_img_03437.jpg,case5,This is a colonoscopy frame from a patient with no polyps.
Sun_Multimodal/Train_Negative/case12_negative_img_04805.jpg,case12,This is a colonoscopy frame from a patient with no polyps.
Sun_Multimodal/Train_Negative/case5_negative_img_02277.jpg,case5,This is a colonoscopy frame from a patient with no polyps.
Sun_Multimodal/Train_Negative/case11_negative_img_03330.jpg,case11,This is a colonoscopy frame from a patient with no polyps.
Sun_Multimodal/Train_Negative/case8_negative_img_01053.jpg,case8,This is a colonoscopy frame from a patient with no polyps.
Sun_Multimodal/Train_Negative/case6_negative_img_04370.jpg,case6,This is a colonoscopy frame from a patient with no polyps.
Sun_Multimodal/Train_Negative/case11_negative_img_02570.jpg,case11,This is a colonoscopy frame from a patient with no polyps.
Sun_Multimodal/Train_Negative/case6_negative_img_15871.jpg,case6,This is a colonoscopy frame from a patient with no polyps.
Sun_Multimodal/Train_Negative/case12_negative_img_05656.jpg,case12,This is a colonoscopy frame from a patient with no polyps.
Sun_Multimodal/Train_Negative/case3_negative_img_06100.jpg,case3,This is a colonoscopy frame from a patient with no polyps.
Sun_Multimodal/Train_Negative/case8_negative_img_01432.jpg,case8,This is a colonoscopy frame from a patient with no polyps.
Sun_Multimodal/Train_Negative/case3_negative_img_02527.jpg,case3,This is a colonoscopy frame from a patient with no polyps.
Sun_Multimodal/Train_Negative/case12_negative_img_03524.jpg,case12,This is a colonoscopy frame from a patient with no polyps.
Sun_Multimodal/Train_Negative/case5_negative_img_05324.jpg,case5,This is a colonoscopy frame from a patient with no polyps.
Sun_Multimodal/Train_Negative/case6_negative_img_11024.jpg,case6,This is a colonoscopy frame from a patient with no polyps.
Sun_Multimodal/Train_Negative/case5_negative_img_06231.jpg,case5,This is a colonoscopy frame from a patient with no polyps.
Sun_Multimodal/Train_Negative/case12_negative_img_00431.jpg,case12,This is a colonoscopy frame from a patient with no polyps.
Sun_Multimodal/Train_Negative/case6_negative_img_12550.jpg,case6,This is a colonoscopy frame from a patient with no polyps.
Sun_Multimodal/Train_Negative/case11_negative_img_03609.jpg,case11,This is a colonoscopy frame from a patient with no polyps.
Sun_Multimodal/Train_Negative/case13_negative_img_05379.jpg,case13,This is a colonoscopy frame from a patient with no polyps.
Sun_Multimodal/Train_Negative/case10_negative_img_05435.jpg,case10,This is a colonoscopy frame from a patient with no polyps.
Sun_Multimodal/Train_Negative/case13_negative_img_04539.jpg,case13,This is a colonoscopy frame from a patient with no polyps.
Sun_Multimodal/Train_Negative/case11_negative_img_04174.jpg,case11,This is a colonoscopy frame from a patient with no polyps.
Sun_Multimodal/Train_Negative/case1_negative_img_04340.jpg,case1,This is a colonoscopy frame from a patient with no polyps.
Sun_Multimodal/Train_Negative/case10_negative_img_05343.jpg,case10,This is a colonoscopy frame from a patient with no polyps.
Sun_Multimodal/Train_Negative/case2_negative_img_08819.jpg,case2,This is a colonoscopy frame from a patient with no polyps.
Sun_Multimodal/Train_Negative/case8_negative_img_02309.jpg,case8,This is a colonoscopy frame from a patient with no polyps.
Sun_Multimodal/Train_Negative/case2_negative_img_01887.jpg,case2,This is a colonoscopy frame from a patient with no polyps.
Sun_Multimodal/Train_Negative/case10_negative_img_05896.jpg,case10,This is a colonoscopy frame from a patient with no polyps.
Sun_Multimodal/Train_Negative/case1_negative_img_08480.jpg,case1,This is a colonoscopy frame from a patient with no polyps.
Sun_Multimodal/Train_Negative/case12_negative_img_03633.jpg,case12,This is a colonoscopy frame from a patient with no polyps.
Sun_Multimodal/Train_Negative/case6_negative_img_13814.jpg,case6,This is a colonoscopy frame from a patient with no polyps.
Sun_Multimodal/Train_Negative/case13_negative_img_02404.jpg,case13,This is a colonoscopy frame from a patient with no polyps.
Sun_Multimodal/Train_Negative/case12_negative_img_00347.jpg,case12,This is a colonoscopy frame from a patient with no polyps.
Sun_Multimodal/Train_Negative/case10_negative_img_05085.jpg,case10,This is a colonoscopy frame from a patient with no polyps.
Sun_Multimodal/Train_Negative/case1_negative_img_09106.jpg,case1,This is a colonoscopy frame from a patient with no polyps.
Sun_Multimodal/Train_Negative/case13_negative_img_01170.jpg,case13,This is a colonoscopy frame from a patient with no polyps.
Sun_Multimodal/Train_Negative/case10_negative_img_07077.jpg,case10,This is a colonoscopy frame from a patient with no polyps.
Sun_Multimodal/Train_Negative/case13_negative_img_02065.jpg,case13,This is a colonoscopy frame from a patient with no polyps.
Sun_Multimodal/Train_Negative/case1_negative_img_07634.jpg,case1,This is a colonoscopy frame from a patient with no polyps.
Sun_Multimodal/Train_Negative/case5_negative_img_04212.jpg,case5,This is a colonoscopy frame from a patient with no polyps.
Sun_Multimodal/Train_Negative/case3_negative_img_02251.jpg,case3,This is a colonoscopy frame from a patient with no polyps.
Sun_Multimodal/Train_Negative/case6_negative_img_16759.jpg,case6,This is a colonoscopy frame from a patient with no polyps.
Sun_Multimodal/Train_Negative/case12_negative_img_03987.jpg,case12,This is a colonoscopy frame from a patient with no polyps.
Sun_Multimodal/Train_Negative/case11_negative_img_04050.jpg,case11,This is a colonoscopy frame from a patient with no polyps.
Sun_Multimodal/Train_Negative/case13_negative_img_01435.jpg,case13,This is a colonoscopy frame from a patient with no polyps.
Sun_Multimodal/Train_Negative/case10_negative_img_05267.jpg,case10,This is a colonoscopy frame from a patient with no polyps.
Sun_Multimodal/Train_Negative/case6_negative_img_13542.jpg,case6,This is a colonoscopy frame from a patient with no polyps.
Sun_Multimodal/Train_Negative/case12_negative_img_03717.jpg,case12,This is a colonoscopy frame from a patient with no polyps.
Sun_Multimodal/Train_Negative/case8_negative_img_00578.jpg,case8,This is a colonoscopy frame from a patient with no polyps.
Sun_Multimodal/Train_Negative/case6_negative_img_12763.jpg,case6,This is a colonoscopy frame from a patient with no polyps.
Sun_Multimodal/Train_Negative/case8_negative_img_00119.jpg,case8,This is a colonoscopy frame from a patient with no polyps.
Sun_Multimodal/Train_Negative/case6_negative_img_13123.jpg,case6,This is a colonoscopy frame from a patient with no polyps.
Sun_Multimodal/Train_Negative/case12_negative_img_03376.jpg,case12,This is a colonoscopy frame from a patient with no polyps.
Sun_Multimodal/Train_Negative/case8_negative_img_01759.jpg,case8,This is a colonoscopy frame from a patient with no polyps.
Sun_Multimodal/Train_Negative/case2_negative_img_02074.jpg,case2,This is a colonoscopy frame from a patient with no polyps.
Sun_Multimodal/Train_Negative/case8_negative_img_01788.jpg,case8,This is a colonoscopy frame from a patient with no polyps.
Sun_Multimodal/Train_Negative/case3_negative_img_03243.jpg,case3,This is a colonoscopy frame from a patient with no polyps.
Sun_Multimodal/Train_Negative/case10_negative_img_04730.jpg,case10,This is a colonoscopy frame from a patient with no polyps.
Sun_Multimodal/Train_Negative/case3_negative_img_00356.jpg,case3,This is a colonoscopy frame from a patient with no polyps.
Sun_Multimodal/Train_Negative/case2_negative_img_09018.jpg,case2,This is a colonoscopy frame from a patient with no polyps.
Sun_Multimodal/Train_Negative/case10_negative_img_05170.jpg,case10,This is a colonoscopy frame from a patient with no polyps.
Sun_Multimodal/Train_Negative/case5_negative_img_05661.jpg,case5,This is a colonoscopy frame from a patient with no polyps.
Sun_Multimodal/Train_Negative/case3_negative_img_03622.jpg,case3,This is a colonoscopy frame from a patient with no polyps.
Sun_Multimodal/Train_Negative/case1_negative_img_06992.jpg,case1,This is a colonoscopy frame from a patient with no polyps.
Sun_Multimodal/Train_Negative/case5_negative_img_04786.jpg,case5,This is a colonoscopy frame from a patient with no polyps.
Sun_Multimodal/Train_Negative/case2_negative_img_00340.jpg,case2,This is a colonoscopy frame from a patient with no polyps.
Sun_Multimodal/Train_Negative/case10_negative_img_04351.jpg,case10,This is a colonoscopy frame from a patient with no polyps.
Sun_Multimodal/Train_Negative/case11_negative_img_00301.jpg,case11,This is a colonoscopy frame from a patient with no polyps.
Sun_Multimodal/Train_Negative/case3_negative_img_04310.jpg,case3,This is a colonoscopy frame from a patient with no polyps.
Sun_Multimodal/Train_Negative/case5_negative_img_05358.jpg,case5,This is a colonoscopy frame from a patient with no polyps.
Sun_Multimodal/Train_Negative/case11_negative_img_02454.jpg,case11,This is a colonoscopy frame from a patient with no polyps.
Sun_Multimodal/Train_Negative/case8_negative_img_00090.jpg,case8,This is a colonoscopy frame from a patient with no polyps.
Sun_Multimodal/Train_Negative/case13_negative_img_00829.jpg,case13,This is a colonoscopy frame from a patient with no polyps.
Sun_Multimodal/Train_Negative/case6_negative_img_10279.jpg,case6,This is a colonoscopy frame from a patient with no polyps.
Sun_Multimodal/Train_Negative/case13_negative_img_04937.jpg,case13,This is a colonoscopy frame from a patient with no polyps.
Sun_Multimodal/Train_Negative/case11_negative_img_02792.jpg,case11,This is a colonoscopy frame from a patient with no polyps.
Sun_Multimodal/Train_Negative/case8_negative_img_00883.jpg,case8,This is a colonoscopy frame from a patient with no polyps.
Sun_Multimodal/Train_Negative/case8_negative_img_01516.jpg,case8,This is a colonoscopy frame from a patient with no polyps.
Sun_Multimodal/Train_Negative/case1_negative_img_02201.jpg,case1,This is a colonoscopy frame from a patient with no polyps.
Sun_Multimodal/Train_Negative/case10_negative_img_03906.jpg,case10,This is a colonoscopy frame from a patient with no polyps.
Sun_Multimodal/Train_Negative/case2_negative_img_07565.jpg,case2,This is a colonoscopy frame from a patient with no polyps.
Sun_Multimodal/Train_Negative/case2_negative_img_07917.jpg,case2,This is a colonoscopy frame from a patient with no polyps.
Sun_Multimodal/Train_Negative/case3_negative_img_07112.jpg,case3,This is a colonoscopy frame from a patient with no polyps.
Sun_Multimodal/Train_Negative/case6_negative_img_16891.jpg,case6,This is a colonoscopy frame from a patient with no polyps.
Sun_Multimodal/Train_Negative/case3_negative_img_06752.jpg,case3,This is a colonoscopy frame from a patient with no polyps.
Sun_Multimodal/Train_Negative/case6_negative_img_05703.jpg,case6,This is a colonoscopy frame from a patient with no polyps.
Sun_Multimodal/Train_Negative/case2_negative_img_08865.jpg,case2,This is a colonoscopy frame from a patient with no polyps.
Sun_Multimodal/Train_Negative/case12_negative_img_06570.jpg,case12,This is a colonoscopy frame from a patient with no polyps.
Sun_Multimodal/Train_Negative/case6_negative_img_15630.jpg,case6,This is a colonoscopy frame from a patient with no polyps.
Sun_Multimodal/Train_Negative/case12_negative_img_01909.jpg,case12,This is a colonoscopy frame from a patient with no polyps.
Sun_Multimodal/Train_Negative/case6_negative_img_06277.jpg,case6,This is a colonoscopy frame from a patient with no polyps.
Sun_Multimodal/Train_Negative/case1_negative_img_08271.jpg,case1,This is a colonoscopy frame from a patient with no polyps.
Sun_Multimodal/Train_Negative/case10_negative_img_00939.jpg,case10,This is a colonoscopy frame from a patient with no polyps.
Sun_Multimodal/Train_Negative/case11_negative_img_04022.jpg,case11,This is a colonoscopy frame from a patient with no polyps.
Sun_Multimodal/Train_Negative/case6_negative_img_11265.jpg,case6,This is a colonoscopy frame from a patient with no polyps.
Sun_Multimodal/Train_Negative/case11_negative_img_04785.jpg,case11,This is a colonoscopy frame from a patient with no polyps.
Sun_Multimodal/Train_Negative/case1_negative_img_06931.jpg,case1,This is a colonoscopy frame from a patient with no polyps.
Sun_Multimodal/Train_Negative/case12_negative_img_03765.jpg,case12,This is a colonoscopy frame from a patient with no polyps.
Sun_Multimodal/Train_Negative/case13_negative_img_01026.jpg,case13,This is a colonoscopy frame from a patient with no polyps.
Sun_Multimodal/Train_Negative/case6_negative_img_06888.jpg,case6,This is a colonoscopy frame from a patient with no polyps.
Sun_Multimodal/Train_Negative/case6_negative_img_02243.jpg,case6,This is a colonoscopy frame from a patient with no polyps.
Sun_Multimodal/Train_Negative/case8_negative_img_02199.jpg,case8,This is a colonoscopy frame from a patient with no polyps.
Sun_Multimodal/Train_Negative/case13_negative_img_02133.jpg,case13,This is a colonoscopy frame from a patient with no polyps.
Sun_Multimodal/Train_Negative/case11_negative_img_02208.jpg,case11,This is a colonoscopy frame from a patient with no polyps.
Sun_Multimodal/Train_Negative/case3_negative_img_06219.jpg,case3,This is a colonoscopy frame from a patient with no polyps.
Sun_Multimodal/Train_Negative/case2_negative_img_03697.jpg,case2,This is a colonoscopy frame from a patient with no polyps.
Sun_Multimodal/Train_Negative/case1_negative_img_06654.jpg,case1,This is a colonoscopy frame from a patient with no polyps.
Sun_Multimodal/Train_Negative/case3_negative_img_02471.jpg,case3,This is a colonoscopy frame from a patient with no polyps.
Sun_Multimodal/Train_Negative/case5_negative_img_02279.jpg,case5,This is a colonoscopy frame from a patient with no polyps.
Sun_Multimodal/Train_Negative/case12_negative_img_05239.jpg,case12,This is a colonoscopy frame from a patient with no polyps.
Sun_Multimodal/Train_Negative/case12_negative_img_02653.jpg,case12,This is a colonoscopy frame from a patient with no polyps.
Sun_Multimodal/Train_Negative/case1_negative_img_09892.jpg,case1,This is a colonoscopy frame from a patient with no polyps.
Sun_Multimodal/Train_Negative/case10_negative_img_04323.jpg,case10,This is a colonoscopy frame from a patient with no polyps.
Sun_Multimodal/Train_Negative/case2_negative_img_01900.jpg,case2,This is a colonoscopy frame from a patient with no polyps.
Sun_Multimodal/Train_Negative/case8_negative_img_02529.jpg,case8,This is a colonoscopy frame from a patient with no polyps.
Sun_Multimodal/Train_Negative/case6_negative_img_10886.jpg,case6,This is a colonoscopy frame from a patient with no polyps.
Sun_Multimodal/Train_Negative/case11_negative_img_00373.jpg,case11,This is a colonoscopy frame from a patient with no polyps.
Sun_Multimodal/Train_Negative/case3_negative_img_05522.jpg,case3,This is a colonoscopy frame from a patient with no polyps.
Sun_Multimodal/Train_Negative/case2_negative_img_09132.jpg,case2,This is a colonoscopy frame from a patient with no polyps.
Sun_Multimodal/Train_Negative/case10_negative_img_01144.jpg,case10,This is a colonoscopy frame from a patient with no polyps.
Sun_Multimodal/Train_Negative/case1_negative_img_00526.jpg,case1,This is a colonoscopy frame from a patient with no polyps.
Sun_Multimodal/Train_Negative/case6_negative_img_15555.jpg,case6,This is a colonoscopy frame from a patient with no polyps.
Sun_Multimodal/Train_Negative/case13_negative_img_00429.jpg,case13,This is a colonoscopy frame from a patient with no polyps.
Sun_Multimodal/Train_Negative/case11_negative_img_03607.jpg,case11,This is a colonoscopy frame from a patient with no polyps.
Sun_Multimodal/Train_Negative/case8_negative_img_00324.jpg,case8,This is a colonoscopy frame from a patient with no polyps.
Sun_Multimodal/Train_Negative/case1_negative_img_03433.jpg,case1,This is a colonoscopy frame from a patient with no polyps.
Sun_Multimodal/Train_Negative/case1_negative_img_06869.jpg,case1,This is a colonoscopy frame from a patient with no polyps.
Sun_Multimodal/Train_Negative/case11_negative_img_02731.jpg,case11,This is a colonoscopy frame from a patient with no polyps.
Sun_Multimodal/Train_Negative/case8_negative_img_01212.jpg,case8,This is a colonoscopy frame from a patient with no polyps.
Sun_Multimodal/Train_Negative/case1_negative_img_02505.jpg,case1,This is a colonoscopy frame from a patient with no polyps.
Sun_Multimodal/Train_Negative/case3_negative_img_04075.jpg,case3,This is a colonoscopy frame from a patient with no polyps.
Sun_Multimodal/Train_Negative/case12_negative_img_05076.jpg,case12,This is a colonoscopy frame from a patient with no polyps.
Sun_Multimodal/Train_Negative/case2_negative_img_08465.jpg,case2,This is a colonoscopy frame from a patient with no polyps.
Sun_Multimodal/Train_Negative/case8_negative_img_02307.jpg,case8,This is a colonoscopy frame from a patient with no polyps.
Sun_Multimodal/Train_Negative/case6_negative_img_15223.jpg,case6,This is a colonoscopy frame from a patient with no polyps.
Sun_Multimodal/Train_Negative/case5_negative_img_03676.jpg,case5,This is a colonoscopy frame from a patient with no polyps.
Sun_Multimodal/Train_Negative/case10_negative_img_01253.jpg,case10,This is a colonoscopy frame from a patient with no polyps.
Sun_Multimodal/Train_Negative/case5_negative_img_06128.jpg,case5,This is a colonoscopy frame from a patient with no polyps.
Sun_Multimodal/Train_Negative/case8_negative_img_01673.jpg,case8,This is a colonoscopy frame from a patient with no polyps.
Sun_Multimodal/Train_Negative/case11_negative_img_03510.jpg,case11,This is a colonoscopy frame from a patient with no polyps.
Sun_Multimodal/Train_Negative/case10_negative_img_07079.jpg,case10,This is a colonoscopy frame from a patient with no polyps.
Sun_Multimodal/Train_Negative/case11_negative_img_01990.jpg,case11,This is a colonoscopy frame from a patient with no polyps.
Sun_Multimodal/Train_Negative/case5_negative_img_07309.jpg,case5,This is a colonoscopy frame from a patient with no polyps.
Sun_Multimodal/Train_Negative/case8_negative_img_00904.jpg,case8,This is a colonoscopy frame from a patient with no polyps.
Sun_Multimodal/Train_Negative/case8_negative_img_01491.jpg,case8,This is a colonoscopy frame from a patient with no polyps.
Sun_Multimodal/Train_Negative/case13_negative_img_05282.jpg,case13,This is a colonoscopy frame from a patient with no polyps.
Sun_Multimodal/Train_Negative/case13_negative_img_05957.jpg,case13,This is a colonoscopy frame from a patient with no polyps.
Sun_Multimodal/Train_Negative/case10_negative_img_04429.jpg,case10,This is a colonoscopy frame from a patient with no polyps.
Sun_Multimodal/Train_Negative/case11_negative_img_03846.jpg,case11,This is a colonoscopy frame from a patient with no polyps.
Sun_Multimodal/Train_Negative/case13_negative_img_06051.jpg,case13,This is a colonoscopy frame from a patient with no polyps.
Sun_Multimodal/Train_Negative/case6_negative_img_04474.jpg,case6,This is a colonoscopy frame from a patient with no polyps.
Sun_Multimodal/Train_Negative/case5_negative_img_00581.jpg,case5,This is a colonoscopy frame from a patient with no polyps.
Sun_Multimodal/Train_Negative/case3_negative_img_05370.jpg,case3,This is a colonoscopy frame from a patient with no polyps.
Sun_Multimodal/Train_Negative/case12_negative_img_05245.jpg,case12,This is a colonoscopy frame from a patient with no polyps.
Sun_Multimodal/Train_Negative/case6_negative_img_06457.jpg,case6,This is a colonoscopy frame from a patient with no polyps.
Sun_Multimodal/Train_Negative/case11_negative_img_02502.jpg,case11,This is a colonoscopy frame from a patient with no polyps.
Sun_Multimodal/Train_Negative/case6_negative_img_09957.jpg,case6,This is a colonoscopy frame from a patient with no polyps.
Sun_Multimodal/Train_Negative/case13_negative_img_05253.jpg,case13,This is a colonoscopy frame from a patient with no polyps.
Sun_Multimodal/Train_Negative/case2_negative_img_02869.jpg,case2,This is a colonoscopy frame from a patient with no polyps.
Sun_Multimodal/Train_Negative/case1_negative_img_02882.jpg,case1,This is a colonoscopy frame from a patient with no polyps.
Sun_Multimodal/Train_Negative/case10_negative_img_02966.jpg,case10,This is a colonoscopy frame from a patient with no polyps.
Sun_Multimodal/Train_Negative/case11_negative_img_02828.jpg,case11,This is a colonoscopy frame from a patient with no polyps.
Sun_Multimodal/Train_Negative/case8_negative_img_00739.jpg,case8,This is a colonoscopy frame from a patient with no polyps.
Sun_Multimodal/Train_Negative/case6_negative_img_12143.jpg,case6,This is a colonoscopy frame from a patient with no polyps.
Sun_Multimodal/Train_Negative/case1_negative_img_03789.jpg,case1,This is a colonoscopy frame from a patient with no polyps.
Sun_Multimodal/Train_Negative/case8_negative_img_01179.jpg,case8,This is a colonoscopy frame from a patient with no polyps.
Sun_Multimodal/Train_Negative/case12_negative_img_03924.jpg,case12,This is a colonoscopy frame from a patient with no polyps.
Sun_Multimodal/Train_Negative/case10_negative_img_06694.jpg,case10,This is a colonoscopy frame from a patient with no polyps.
Sun_Multimodal/Train_Negative/case13_negative_img_03686.jpg,case13,This is a colonoscopy frame from a patient with no polyps.
Sun_Multimodal/Train_Negative/case5_negative_img_07871.jpg,case5,This is a colonoscopy frame from a patient with no polyps.
Sun_Multimodal/Train_Negative/case3_negative_img_01440.jpg,case3,This is a colonoscopy frame from a patient with no polyps.
Sun_Multimodal/Train_Negative/case10_negative_img_05781.jpg,case10,This is a colonoscopy frame from a patient with no polyps.
Sun_Multimodal/Train_Negative/case5_negative_img_01629.jpg,case5,This is a colonoscopy frame from a patient with no polyps.
Sun_Multimodal/Train_Negative/case8_negative_img_01518.jpg,case8,This is a colonoscopy frame from a patient with no polyps.
Sun_Multimodal/Train_Negative/case12_negative_img_02777.jpg,case12,This is a colonoscopy frame from a patient with no polyps.
Sun_Multimodal/Train_Negative/case10_negative_img_01559.jpg,case10,This is a colonoscopy frame from a patient with no polyps.
Sun_Multimodal/Train_Negative/case3_negative_img_04009.jpg,case3,This is a colonoscopy frame from a patient with no polyps.
Sun_Multimodal/Train_Negative/case5_negative_img_07714.jpg,case5,This is a colonoscopy frame from a patient with no polyps.
Sun_Multimodal/Train_Negative/case12_negative_img_02001.jpg,case12,This is a colonoscopy frame from a patient with no polyps.
Sun_Multimodal/Train_Negative/case1_negative_img_07580.jpg,case1,This is a colonoscopy frame from a patient with no polyps.
Sun_Multimodal/Train_Negative/case11_negative_img_04567.jpg,case11,This is a colonoscopy frame from a patient with no polyps.
Sun_Multimodal/Train_Negative/case1_negative_img_09174.jpg,case1,This is a colonoscopy frame from a patient with no polyps.
Sun_Multimodal/Train_Negative/case12_negative_img_00492.jpg,case12,This is a colonoscopy frame from a patient with no polyps.
Sun_Multimodal/Train_Negative/case10_negative_img_05750.jpg,case10,This is a colonoscopy frame from a patient with no polyps.
Sun_Multimodal/Train_Negative/case8_negative_img_01331.jpg,case8,This is a colonoscopy frame from a patient with no polyps.
Sun_Multimodal/Train_Negative/case1_negative_img_06538.jpg,case1,This is a colonoscopy frame from a patient with no polyps.
Sun_Multimodal/Train_Negative/case8_negative_img_00903.jpg,case8,This is a colonoscopy frame from a patient with no polyps.
Sun_Multimodal/Train_Negative/case5_negative_img_03755.jpg,case5,This is a colonoscopy frame from a patient with no polyps.
Sun_Multimodal/Train_Negative/case11_negative_img_04059.jpg,case11,This is a colonoscopy frame from a patient with no polyps.
Sun_Multimodal/Train_Negative/case2_negative_img_04953.jpg,case2,This is a colonoscopy frame from a patient with no polyps.
Sun_Multimodal/Train_Negative/case11_negative_img_03433.jpg,case11,This is a colonoscopy frame from a patient with no polyps.
Sun_Multimodal/Train_Negative/case5_negative_img_02574.jpg,case5,This is a colonoscopy frame from a patient with no polyps.
Sun_Multimodal/Train_Negative/case1_negative_img_00712.jpg,case1,This is a colonoscopy frame from a patient with no polyps.
Sun_Multimodal/Train_Negative/case2_negative_img_09767.jpg,case2,This is a colonoscopy frame from a patient with no polyps.
Sun_Multimodal/Train_Negative/case3_negative_img_00429.jpg,case3,This is a colonoscopy frame from a patient with no polyps.
Sun_Multimodal/Train_Negative/case6_negative_img_14686.jpg,case6,This is a colonoscopy frame from a patient with no polyps.
Sun_Multimodal/Train_Negative/case12_negative_img_02249.jpg,case12,This is a colonoscopy frame from a patient with no polyps.
Sun_Multimodal/Train_Negative/case10_negative_img_02172.jpg,case10,This is a colonoscopy frame from a patient with no polyps.
Sun_Multimodal/Train_Negative/case5_negative_img_00557.jpg,case5,This is a colonoscopy frame from a patient with no polyps.
Sun_Multimodal/Train_Negative/case2_negative_img_08230.jpg,case2,This is a colonoscopy frame from a patient with no polyps.
Sun_Multimodal/Train_Negative/case13_negative_img_03681.jpg,case13,This is a colonoscopy frame from a patient with no polyps.
Sun_Multimodal/Train_Negative/case2_negative_img_05689.jpg,case2,This is a colonoscopy frame from a patient with no polyps.
Sun_Multimodal/Train_Negative/case11_negative_img_04216.jpg,case11,This is a colonoscopy frame from a patient with no polyps.
Sun_Multimodal/Train_Negative/case3_negative_img_05559.jpg,case3,This is a colonoscopy frame from a patient with no polyps.
Sun_Multimodal/Train_Negative/case6_negative_img_07348.jpg,case6,This is a colonoscopy frame from a patient with no polyps.
Sun_Multimodal/Train_Negative/case6_negative_img_00085.jpg,case6,This is a colonoscopy frame from a patient with no polyps.
Sun_Multimodal/Train_Negative/case13_negative_img_06219.jpg,case13,This is a colonoscopy frame from a patient with no polyps.
Sun_Multimodal/Train_Negative/case1_negative_img_08424.jpg,case1,This is a colonoscopy frame from a patient with no polyps.
Sun_Multimodal/Train_Negative/case1_negative_img_05575.jpg,case1,This is a colonoscopy frame from a patient with no polyps.
Sun_Multimodal/Train_Negative/case10_negative_img_05491.jpg,case10,This is a colonoscopy frame from a patient with no polyps.
Sun_Multimodal/Train_Negative/case2_negative_img_01480.jpg,case2,This is a colonoscopy frame from a patient with no polyps.
Sun_Multimodal/Train_Negative/case8_negative_img_01269.jpg,case8,This is a colonoscopy frame from a patient with no polyps.
Sun_Multimodal/Train_Negative/case2_negative_img_02595.jpg,case2,This is a colonoscopy frame from a patient with no polyps.
Sun_Multimodal/Train_Negative/case13_negative_img_01105.jpg,case13,This is a colonoscopy frame from a patient with no polyps.
Sun_Multimodal/Train_Negative/case3_negative_img_00571.jpg,case3,This is a colonoscopy frame from a patient with no polyps.
Sun_Multimodal/Train_Negative/case5_negative_img_06295.jpg,case5,This is a colonoscopy frame from a patient with no polyps.
Sun_Multimodal/Train_Negative/case10_negative_img_06642.jpg,case10,This is a colonoscopy frame from a patient with no polyps.
Sun_Multimodal/Train_Negative/case10_negative_img_04820.jpg,case10,This is a colonoscopy frame from a patient with no polyps.
Sun_Multimodal/Train_Negative/case2_negative_img_08948.jpg,case2,This is a colonoscopy frame from a patient with no polyps.
Sun_Multimodal/Train_Negative/case10_negative_img_03459.jpg,case10,This is a colonoscopy frame from a patient with no polyps.
Sun_Multimodal/Train_Negative/case1_negative_img_06544.jpg,case1,This is a colonoscopy frame from a patient with no polyps.
Sun_Multimodal/Train_Negative/case3_negative_img_03121.jpg,case3,This is a colonoscopy frame from a patient with no polyps.
Sun_Multimodal/Train_Negative/case12_negative_img_00216.jpg,case12,This is a colonoscopy frame from a patient with no polyps.
Sun_Multimodal/Train_Negative/case1_negative_img_04670.jpg,case1,This is a colonoscopy frame from a patient with no polyps.
Sun_Multimodal/Train_Negative/case5_negative_img_05503.jpg,case5,This is a colonoscopy frame from a patient with no polyps.
Sun_Multimodal/Train_Negative/case3_negative_img_02476.jpg,case3,This is a colonoscopy frame from a patient with no polyps.
Sun_Multimodal/Train_Negative/case2_negative_img_00754.jpg,case2,This is a colonoscopy frame from a patient with no polyps.
Sun_Multimodal/Train_Negative/case10_negative_img_04745.jpg,case10,This is a colonoscopy frame from a patient with no polyps.
Sun_Multimodal/Train_Negative/case12_negative_img_01487.jpg,case12,This is a colonoscopy frame from a patient with no polyps.
Sun_Multimodal/Train_Negative/case3_negative_img_06109.jpg,case3,This is a colonoscopy frame from a patient with no polyps.
Sun_Multimodal/Train_Negative/case10_negative_img_05916.jpg,case10,This is a colonoscopy frame from a patient with no polyps.
Sun_Multimodal/Train_Negative/case2_negative_img_08999.jpg,case2,This is a colonoscopy frame from a patient with no polyps.
Sun_Multimodal/Train_Negative/case13_negative_img_01491.jpg,case13,This is a colonoscopy frame from a patient with no polyps.
Sun_Multimodal/Train_Negative/case3_negative_img_05282.jpg,case3,This is a colonoscopy frame from a patient with no polyps.
Sun_Multimodal/Train_Negative/case8_negative_img_02017.jpg,case8,This is a colonoscopy frame from a patient with no polyps.
Sun_Multimodal/Train_Negative/case12_negative_img_05366.jpg,case12,This is a colonoscopy frame from a patient with no polyps.
Sun_Multimodal/Train_Negative/case6_negative_img_13778.jpg,case6,This is a colonoscopy frame from a patient with no polyps.
Sun_Multimodal/Train_Negative/case2_negative_img_06047.jpg,case2,This is a colonoscopy frame from a patient with no polyps.
Sun_Multimodal/Train_Negative/case11_negative_img_02386.jpg,case11,This is a colonoscopy frame from a patient with no polyps.
Sun_Multimodal/Train_Negative/case13_negative_img_05370.jpg,case13,This is a colonoscopy frame from a patient with no polyps.
Sun_Multimodal/Train_Negative/case10_negative_img_00362.jpg,case10,This is a colonoscopy frame from a patient with no polyps.
Sun_Multimodal/Train_Negative/case3_negative_img_04704.jpg,case3,This is a colonoscopy frame from a patient with no polyps.
Sun_Multimodal/Train_Negative/case10_negative_img_01950.jpg,case10,This is a colonoscopy frame from a patient with no polyps.
Sun_Multimodal/Train_Negative/case1_negative_img_00521.jpg,case1,This is a colonoscopy frame from a patient with no polyps.
Sun_Multimodal/Train_Negative/case8_negative_img_00323.jpg,case8,This is a colonoscopy frame from a patient with no polyps.
Sun_Multimodal/Train_Negative/case8_negative_img_01563.jpg,case8,This is a colonoscopy frame from a patient with no polyps.
Sun_Multimodal/Train_Negative/case6_negative_img_16331.jpg,case6,This is a colonoscopy frame from a patient with no polyps.
Sun_Multimodal/Train_Negative/case3_negative_img_02639.jpg,case3,This is a colonoscopy frame from a patient with no polyps.
Sun_Multimodal/Train_Negative/case8_negative_img_00455.jpg,case8,This is a colonoscopy frame from a patient with no polyps.
Sun_Multimodal/Train_Negative/case2_negative_img_09222.jpg,case2,This is a colonoscopy frame from a patient with no polyps.
Sun_Multimodal/Train_Negative/case8_negative_img_02300.jpg,case8,This is a colonoscopy frame from a patient with no polyps.
Sun_Multimodal/Train_Negative/case13_negative_img_00358.jpg,case13,This is a colonoscopy frame from a patient with no polyps.
Sun_Multimodal/Train_Negative/case5_negative_img_02031.jpg,case5,This is a colonoscopy frame from a patient with no polyps.
Sun_Multimodal/Train_Negative/case13_negative_img_05874.jpg,case13,This is a colonoscopy frame from a patient with no polyps.
Sun_Multimodal/Train_Negative/case11_negative_img_02882.jpg,case11,This is a colonoscopy frame from a patient with no polyps.
Sun_Multimodal/Train_Negative/case2_negative_img_06731.jpg,case2,This is a colonoscopy frame from a patient with no polyps.
Sun_Multimodal/Train_Negative/case6_negative_img_00449.jpg,case6,This is a colonoscopy frame from a patient with no polyps.
Sun_Multimodal/Train_Negative/case8_negative_img_00034.jpg,case8,This is a colonoscopy frame from a patient with no polyps.
Sun_Multimodal/Train_Negative/case12_negative_img_02869.jpg,case12,This is a colonoscopy frame from a patient with no polyps.
Sun_Multimodal/Train_Negative/case5_negative_img_01937.jpg,case5,This is a colonoscopy frame from a patient with no polyps.
Sun_Multimodal/Train_Negative/case11_negative_img_01997.jpg,case11,This is a colonoscopy frame from a patient with no polyps.
Sun_Multimodal/Train_Negative/case10_negative_img_01635.jpg,case10,This is a colonoscopy frame from a patient with no polyps.
Sun_Multimodal/Train_Negative/case2_negative_img_09643.jpg,case2,This is a colonoscopy frame from a patient with no polyps.
Sun_Multimodal/Train_Negative/case6_negative_img_05059.jpg,case6,This is a colonoscopy frame from a patient with no polyps.
Sun_Multimodal/Train_Negative/case11_negative_img_03659.jpg,case11,This is a colonoscopy frame from a patient with no polyps.
Sun_Multimodal/Train_Negative/case12_negative_img_03115.jpg,case12,This is a colonoscopy frame from a patient with no polyps.
Sun_Multimodal/Train_Negative/case10_negative_img_03589.jpg,case10,This is a colonoscopy frame from a patient with no polyps.
Sun_Multimodal/Train_Negative/case13_negative_img_01237.jpg,case13,This is a colonoscopy frame from a patient with no polyps.
Sun_Multimodal/Train_Negative/case13_negative_img_01590.jpg,case13,This is a colonoscopy frame from a patient with no polyps.
Sun_Multimodal/Train_Negative/case5_negative_img_04946.jpg,case5,This is a colonoscopy frame from a patient with no polyps.
Sun_Multimodal/Train_Negative/case12_negative_img_03574.jpg,case12,This is a colonoscopy frame from a patient with no polyps.
Sun_Multimodal/Train_Negative/case11_negative_img_04233.jpg,case11,This is a colonoscopy frame from a patient with no polyps.
Sun_Multimodal/Train_Negative/case13_negative_img_04108.jpg,case13,This is a colonoscopy frame from a patient with no polyps.
Sun_Multimodal/Train_Negative/case6_negative_img_10193.jpg,case6,This is a colonoscopy frame from a patient with no polyps.
Sun_Multimodal/Train_Negative/case12_negative_img_00813.jpg,case12,This is a colonoscopy frame from a patient with no polyps.
Sun_Multimodal/Train_Negative/case12_negative_img_05449.jpg,case12,This is a colonoscopy frame from a patient with no polyps.
Sun_Multimodal/Train_Negative/case10_negative_img_05772.jpg,case10,This is a colonoscopy frame from a patient with no polyps.
Sun_Multimodal/Train_Negative/case6_negative_img_03977.jpg,case6,This is a colonoscopy frame from a patient with no polyps.
Sun_Multimodal/Train_Negative/case6_negative_img_13057.jpg,case6,This is a colonoscopy frame from a patient with no polyps.
Sun_Multimodal/Train_Negative/case13_negative_img_03675.jpg,case13,This is a colonoscopy frame from a patient with no polyps.
Sun_Multimodal/Train_Negative/case10_negative_img_04553.jpg,case10,This is a colonoscopy frame from a patient with no polyps.
Sun_Multimodal/Train_Negative/case12_negative_img_02784.jpg,case12,This is a colonoscopy frame from a patient with no polyps.
Sun_Multimodal/Train_Negative/case2_negative_img_03825.jpg,case2,This is a colonoscopy frame from a patient with no polyps.
Sun_Multimodal/Train_Negative/case10_negative_img_02186.jpg,case10,This is a colonoscopy frame from a patient with no polyps.
Sun_Multimodal/Train_Negative/case6_negative_img_05216.jpg,case6,This is a colonoscopy frame from a patient with no polyps.
Sun_Multimodal/Train_Negative/case8_negative_img_00135.jpg,case8,This is a colonoscopy frame from a patient with no polyps.
Sun_Multimodal/Train_Negative/case6_negative_img_01308.jpg,case6,This is a colonoscopy frame from a patient with no polyps.
Sun_Multimodal/Train_Negative/case11_negative_img_00971.jpg,case11,This is a colonoscopy frame from a patient with no polyps.
Sun_Multimodal/Train_Negative/case3_negative_img_04960.jpg,case3,This is a colonoscopy frame from a patient with no polyps.
Sun_Multimodal/Train_Negative/case8_negative_img_01314.jpg,case8,This is a colonoscopy frame from a patient with no polyps.
Sun_Multimodal/Train_Negative/case3_negative_img_06181.jpg,case3,This is a colonoscopy frame from a patient with no polyps.
Sun_Multimodal/Train_Negative/case11_negative_img_02637.jpg,case11,This is a colonoscopy frame from a patient with no polyps.
Sun_Multimodal/Train_Negative/case3_negative_img_05094.jpg,case3,This is a colonoscopy frame from a patient with no polyps.
Sun_Multimodal/Train_Negative/case11_negative_img_01722.jpg,case11,This is a colonoscopy frame from a patient with no polyps.
Sun_Multimodal/Train_Negative/case10_negative_img_00263.jpg,case10,This is a colonoscopy frame from a patient with no polyps.
Sun_Multimodal/Train_Negative/case6_negative_img_07654.jpg,case6,This is a colonoscopy frame from a patient with no polyps.
Sun_Multimodal/Train_Negative/case1_negative_img_03947.jpg,case1,This is a colonoscopy frame from a patient with no polyps.
Sun_Multimodal/Train_Negative/case10_negative_img_06428.jpg,case10,This is a colonoscopy frame from a patient with no polyps.
Sun_Multimodal/Train_Negative/case8_negative_img_01810.jpg,case8,This is a colonoscopy frame from a patient with no polyps.
Sun_Multimodal/Train_Negative/case5_negative_img_03467.jpg,case5,This is a colonoscopy frame from a patient with no polyps.
Sun_Multimodal/Train_Negative/case12_negative_img_00539.jpg,case12,This is a colonoscopy frame from a patient with no polyps.
Sun_Multimodal/Train_Negative/case2_negative_img_07706.jpg,case2,This is a colonoscopy frame from a patient with no polyps.
Sun_Multimodal/Train_Negative/case10_negative_img_03717.jpg,case10,This is a colonoscopy frame from a patient with no polyps.
Sun_Multimodal/Train_Negative/case6_negative_img_08347.jpg,case6,This is a colonoscopy frame from a patient with no polyps.
Sun_Multimodal/Train_Negative/case11_negative_img_02520.jpg,case11,This is a colonoscopy frame from a patient with no polyps.
Sun_Multimodal/Train_Negative/case11_negative_img_02287.jpg,case11,This is a colonoscopy frame from a patient with no polyps.
Sun_Multimodal/Train_Negative/case13_negative_img_05880.jpg,case13,This is a colonoscopy frame from a patient with no polyps.
Sun_Multimodal/Train_Negative/case1_negative_img_01344.jpg,case1,This is a colonoscopy frame from a patient with no polyps.
Sun_Multimodal/Train_Negative/case12_negative_img_02729.jpg,case12,This is a colonoscopy frame from a patient with no polyps.
Sun_Multimodal/Train_Negative/case10_negative_img_02860.jpg,case10,This is a colonoscopy frame from a patient with no polyps.
Sun_Multimodal/Train_Negative/case10_negative_img_03987.jpg,case10,This is a colonoscopy frame from a patient with no polyps.
Sun_Multimodal/Train_Negative/case12_negative_img_06190.jpg,case12,This is a colonoscopy frame from a patient with no polyps.
Sun_Multimodal/Train_Negative/case2_negative_img_07243.jpg,case2,This is a colonoscopy frame from a patient with no polyps.
Sun_Multimodal/Train_Negative/case11_negative_img_01511.jpg,case11,This is a colonoscopy frame from a patient with no polyps.
Sun_Multimodal/Train_Negative/case8_negative_img_01127.jpg,case8,This is a colonoscopy frame from a patient with no polyps.
Sun_Multimodal/Train_Negative/case13_negative_img_02049.jpg,case13,This is a colonoscopy frame from a patient with no polyps.
Sun_Multimodal/Train_Negative/case5_negative_img_01560.jpg,case5,This is a colonoscopy frame from a patient with no polyps.
Sun_Multimodal/Train_Negative/case12_negative_img_06287.jpg,case12,This is a colonoscopy frame from a patient with no polyps.
Sun_Multimodal/Train_Negative/case5_negative_img_04599.jpg,case5,This is a colonoscopy frame from a patient with no polyps.
Sun_Multimodal/Train_Negative/case11_negative_img_00427.jpg,case11,This is a colonoscopy frame from a patient with no polyps.
Sun_Multimodal/Train_Negative/case1_negative_img_01053.jpg,case1,This is a colonoscopy frame from a patient with no polyps.
Sun_Multimodal/Train_Negative/case13_negative_img_04602.jpg,case13,This is a colonoscopy frame from a patient with no polyps.
Sun_Multimodal/Train_Negative/case5_negative_img_01101.jpg,case5,This is a colonoscopy frame from a patient with no polyps.
Sun_Multimodal/Train_Negative/case11_negative_img_02713.jpg,case11,This is a colonoscopy frame from a patient with no polyps.
Sun_Multimodal/Train_Negative/case1_negative_img_09939.jpg,case1,This is a colonoscopy frame from a patient with no polyps.
Sun_Multimodal/Train_Negative/case11_negative_img_00046.jpg,case11,This is a colonoscopy frame from a patient with no polyps.
Sun_Multimodal/Train_Negative/case10_negative_img_00843.jpg,case10,This is a colonoscopy frame from a patient with no polyps.
Sun_Multimodal/Train_Negative/case13_negative_img_05423.jpg,case13,This is a colonoscopy frame from a patient with no polyps.
Sun_Multimodal/Train_Negative/case8_negative_img_02482.jpg,case8,This is a colonoscopy frame from a patient with no polyps.
Sun_Multimodal/Train_Negative/case2_negative_img_04119.jpg,case2,This is a colonoscopy frame from a patient with no polyps.
Sun_Multimodal/Train_Negative/case2_negative_img_01647.jpg,case2,This is a colonoscopy frame from a patient with no polyps.
Sun_Multimodal/Train_Negative/case3_negative_img_05489.jpg,case3,This is a colonoscopy frame from a patient with no polyps.
Sun_Multimodal/Train_Negative/case6_negative_img_00946.jpg,case6,This is a colonoscopy frame from a patient with no polyps.
Sun_Multimodal/Train_Negative/case12_negative_img_06478.jpg,case12,This is a colonoscopy frame from a patient with no polyps.
Sun_Multimodal/Train_Negative/case11_negative_img_04000.jpg,case11,This is a colonoscopy frame from a patient with no polyps.
Sun_Multimodal/Train_Negative/case5_negative_img_07612.jpg,case5,This is a colonoscopy frame from a patient with no polyps.
Sun_Multimodal/Train_Negative/case2_negative_img_01226.jpg,case2,This is a colonoscopy frame from a patient with no polyps.
Sun_Multimodal/Train_Negative/case6_negative_img_15359.jpg,case6,This is a colonoscopy frame from a patient with no polyps.
Sun_Multimodal/Train_Negative/case1_negative_img_06913.jpg,case1,This is a colonoscopy frame from a patient with no polyps.
Sun_Multimodal/Train_Negative/case6_negative_img_12424.jpg,case6,This is a colonoscopy frame from a patient with no polyps.
Sun_Multimodal/Train_Negative/case5_negative_img_05196.jpg,case5,This is a colonoscopy frame from a patient with no polyps.
Sun_Multimodal/Train_Negative/case1_negative_img_06217.jpg,case1,This is a colonoscopy frame from a patient with no polyps.
Sun_Multimodal/Train_Negative/case2_negative_img_02445.jpg,case2,This is a colonoscopy frame from a patient with no polyps.
Sun_Multimodal/Train_Negative/case5_negative_img_07164.jpg,case5,This is a colonoscopy frame from a patient with no polyps.
Sun_Multimodal/Train_Negative/case3_negative_img_05039.jpg,case3,This is a colonoscopy frame from a patient with no polyps.
Sun_Multimodal/Train_Negative/case6_negative_img_04889.jpg,case6,This is a colonoscopy frame from a patient with no polyps.
Sun_Multimodal/Train_Negative/case5_negative_img_05985.jpg,case5,This is a colonoscopy frame from a patient with no polyps.
Sun_Multimodal/Train_Negative/case6_negative_img_03882.jpg,case6,This is a colonoscopy frame from a patient with no polyps.
Sun_Multimodal/Train_Negative/case13_negative_img_00695.jpg,case13,This is a colonoscopy frame from a patient with no polyps.
Sun_Multimodal/Train_Negative/case3_negative_img_00638.jpg,case3,This is a colonoscopy frame from a patient with no polyps.
Sun_Multimodal/Train_Negative/case13_negative_img_05887.jpg,case13,This is a colonoscopy frame from a patient with no polyps.
Sun_Multimodal/Train_Negative/case6_negative_img_15570.jpg,case6,This is a colonoscopy frame from a patient with no polyps.
Sun_Multimodal/Train_Negative/case11_negative_img_03622.jpg,case11,This is a colonoscopy frame from a patient with no polyps.
Sun_Multimodal/Train_Negative/case8_negative_img_01541.jpg,case8,This is a colonoscopy frame from a patient with no polyps.
Sun_Multimodal/Train_Negative/case5_negative_img_00030.jpg,case5,This is a colonoscopy frame from a patient with no polyps.
Sun_Multimodal/Train_Negative/case12_negative_img_02089.jpg,case12,This is a colonoscopy frame from a patient with no polyps.
Sun_Multimodal/Train_Negative/case8_negative_img_02035.jpg,case8,This is a colonoscopy frame from a patient with no polyps.
Sun_Multimodal/Train_Negative/case3_negative_img_04347.jpg,case3,This is a colonoscopy frame from a patient with no polyps.
Sun_Multimodal/Train_Negative/case12_negative_img_00868.jpg,case12,This is a colonoscopy frame from a patient with no polyps.
Sun_Multimodal/Train_Negative/case1_negative_img_01085.jpg,case1,This is a colonoscopy frame from a patient with no polyps.
Sun_Multimodal/Train_Negative/case3_negative_img_04892.jpg,case3,This is a colonoscopy frame from a patient with no polyps.
Sun_Multimodal/Train_Negative/case11_negative_img_04248.jpg,case11,This is a colonoscopy frame from a patient with no polyps.
Sun_Multimodal/Train_Negative/case2_negative_img_05170.jpg,case2,This is a colonoscopy frame from a patient with no polyps.
Sun_Multimodal/Train_Negative/case3_negative_img_06860.jpg,case3,This is a colonoscopy frame from a patient with no polyps.
Sun_Multimodal/Train_Negative/case8_negative_img_01120.jpg,case8,This is a colonoscopy frame from a patient with no polyps.
Sun_Multimodal/Train_Negative/case13_negative_img_06181.jpg,case13,This is a colonoscopy frame from a patient with no polyps.
Sun_Multimodal/Train_Negative/case6_negative_img_08960.jpg,case6,This is a colonoscopy frame from a patient with no polyps.
Sun_Multimodal/Train_Negative/case5_negative_img_00480.jpg,case5,This is a colonoscopy frame from a patient with no polyps.
Sun_Multimodal/Train_Negative/case3_negative_img_06364.jpg,case3,This is a colonoscopy frame from a patient with no polyps.
Sun_Multimodal/Train_Negative/case3_negative_img_05271.jpg,case3,This is a colonoscopy frame from a patient with no polyps.
Sun_Multimodal/Train_Negative/case12_negative_img_04272.jpg,case12,This is a colonoscopy frame from a patient with no polyps.
Sun_Multimodal/Train_Negative/case2_negative_img_06372.jpg,case2,This is a colonoscopy frame from a patient with no polyps.
Sun_Multimodal/Train_Negative/case3_negative_img_06705.jpg,case3,This is a colonoscopy frame from a patient with no polyps.
Sun_Multimodal/Train_Negative/case1_negative_img_02287.jpg,case1,This is a colonoscopy frame from a patient with no polyps.
Sun_Multimodal/Train_Negative/case13_negative_img_05383.jpg,case13,This is a colonoscopy frame from a patient with no polyps.
Sun_Multimodal/Train_Negative/case3_negative_img_01237.jpg,case3,This is a colonoscopy frame from a patient with no polyps.
Sun_Multimodal/Train_Negative/case6_negative_img_00941.jpg,case6,This is a colonoscopy frame from a patient with no polyps.
Sun_Multimodal/Train_Negative/case12_negative_img_02561.jpg,case12,This is a colonoscopy frame from a patient with no polyps.
Sun_Multimodal/Train_Negative/case6_negative_img_12093.jpg,case6,This is a colonoscopy frame from a patient with no polyps.
Sun_Multimodal/Train_Negative/case3_negative_img_04108.jpg,case3,This is a colonoscopy frame from a patient with no polyps.
Sun_Multimodal/Train_Negative/case10_negative_img_04470.jpg,case10,This is a colonoscopy frame from a patient with no polyps.
Sun_Multimodal/Train_Negative/case2_negative_img_02493.jpg,case2,This is a colonoscopy frame from a patient with no polyps.
Sun_Multimodal/Train_Negative/case2_negative_img_02442.jpg,case2,This is a colonoscopy frame from a patient with no polyps.
Sun_Multimodal/Train_Negative/case12_negative_img_03036.jpg,case12,This is a colonoscopy frame from a patient with no polyps.
Sun_Multimodal/Train_Negative/case8_negative_img_00259.jpg,case8,This is a colonoscopy frame from a patient with no polyps.
Sun_Multimodal/Train_Negative/case1_negative_img_06210.jpg,case1,This is a colonoscopy frame from a patient with no polyps.
Sun_Multimodal/Train_Negative/case6_negative_img_12423.jpg,case6,This is a colonoscopy frame from a patient with no polyps.
Sun_Multimodal/Train_Negative/case12_negative_img_01763.jpg,case12,This is a colonoscopy frame from a patient with no polyps.
Sun_Multimodal/Train_Negative/case13_negative_img_01314.jpg,case13,This is a colonoscopy frame from a patient with no polyps.
Sun_Multimodal/Train_Negative/case1_negative_img_00829.jpg,case1,This is a colonoscopy frame from a patient with no polyps.
Sun_Multimodal/Train_Negative/case13_negative_img_00554.jpg,case13,This is a colonoscopy frame from a patient with no polyps.
Sun_Multimodal/Train_Negative/case10_negative_img_00218.jpg,case10,This is a colonoscopy frame from a patient with no polyps.
Sun_Multimodal/Train_Negative/case2_negative_img_01925.jpg,case2,This is a colonoscopy frame from a patient with no polyps.
Sun_Multimodal/Train_Negative/case8_negative_img_00638.jpg,case8,This is a colonoscopy frame from a patient with no polyps.
Sun_Multimodal/Train_Negative/case5_negative_img_01349.jpg,case5,This is a colonoscopy frame from a patient with no polyps.
Sun_Multimodal/Train_Negative/case10_negative_img_06795.jpg,case10,This is a colonoscopy frame from a patient with no polyps.
Sun_Multimodal/Train_Negative/case6_negative_img_02962.jpg,case6,This is a colonoscopy frame from a patient with no polyps.
Sun_Multimodal/Train_Negative/case13_negative_img_00135.jpg,case13,This is a colonoscopy frame from a patient with no polyps.
Sun_Multimodal/Train_Negative/case5_negative_img_02989.jpg,case5,This is a colonoscopy frame from a patient with no polyps.
Sun_Multimodal/Train_Negative/case1_negative_img_07574.jpg,case1,This is a colonoscopy frame from a patient with no polyps.
Sun_Multimodal/Train_Negative/case2_negative_img_07238.jpg,case2,This is a colonoscopy frame from a patient with no polyps.
Sun_Multimodal/Train_Negative/case10_negative_img_06905.jpg,case10,This is a colonoscopy frame from a patient with no polyps.
Sun_Multimodal/Train_Negative/case13_negative_img_00470.jpg,case13,This is a colonoscopy frame from a patient with no polyps.
Sun_Multimodal/Train_Negative/case12_negative_img_02494.jpg,case12,This is a colonoscopy frame from a patient with no polyps.
Sun_Multimodal/Train_Negative/case3_negative_img_03497.jpg,case3,This is a colonoscopy frame from a patient with no polyps.
Sun_Multimodal/Train_Negative/case6_negative_img_09458.jpg,case6,This is a colonoscopy frame from a patient with no polyps.
Sun_Multimodal/Train_Negative/case11_negative_img_03598.jpg,case11,This is a colonoscopy frame from a patient with no polyps.
Sun_Multimodal/Train_Negative/case5_negative_img_04533.jpg,case5,This is a colonoscopy frame from a patient with no polyps.
Sun_Multimodal/Train_Negative/case3_negative_img_02902.jpg,case3,This is a colonoscopy frame from a patient with no polyps.
Sun_Multimodal/Train_Negative/case12_negative_img_00814.jpg,case12,This is a colonoscopy frame from a patient with no polyps.
Sun_Multimodal/Train_Negative/case12_negative_img_04578.jpg,case12,This is a colonoscopy frame from a patient with no polyps.
Sun_Multimodal/Train_Negative/case13_negative_img_01127.jpg,case13,This is a colonoscopy frame from a patient with no polyps.
Sun_Multimodal/Train_Negative/case11_negative_img_04542.jpg,case11,This is a colonoscopy frame from a patient with no polyps.
Sun_Multimodal/Train_Negative/case13_negative_img_05039.jpg,case13,This is a colonoscopy frame from a patient with no polyps.
Sun_Multimodal/Train_Negative/case10_negative_img_03699.jpg,case10,This is a colonoscopy frame from a patient with no polyps.
Sun_Multimodal/Train_Negative/case5_negative_img_05405.jpg,case5,This is a colonoscopy frame from a patient with no polyps.
Sun_Multimodal/Train_Negative/case10_negative_img_00838.jpg,case10,This is a colonoscopy frame from a patient with no polyps.
Sun_Multimodal/Train_Negative/case13_negative_img_01934.jpg,case13,This is a colonoscopy frame from a patient with no polyps.
Sun_Multimodal/Train_Negative/case3_negative_img_00695.jpg,case3,This is a colonoscopy frame from a patient with no polyps.
Sun_Multimodal/Train_Negative/case3_negative_img_06779.jpg,case3,This is a colonoscopy frame from a patient with no polyps.
Sun_Multimodal/Train_Negative/case11_negative_img_02984.jpg,case11,This is a colonoscopy frame from a patient with no polyps.
Sun_Multimodal/Train_Negative/case12_negative_img_01408.jpg,case12,This is a colonoscopy frame from a patient with no polyps.
Sun_Multimodal/Train_Negative/case1_negative_img_00097.jpg,case1,This is a colonoscopy frame from a patient with no polyps.
Sun_Multimodal/Train_Negative/case12_negative_img_04883.jpg,case12,This is a colonoscopy frame from a patient with no polyps.
Sun_Multimodal/Train_Negative/case10_negative_img_00173.jpg,case10,This is a colonoscopy frame from a patient with no polyps.
Sun_Multimodal/Train_Negative/case1_negative_img_01170.jpg,case1,This is a colonoscopy frame from a patient with no polyps.
Sun_Multimodal/Train_Negative/case2_negative_img_04162.jpg,case2,This is a colonoscopy frame from a patient with no polyps.
Sun_Multimodal/Train_Negative/case8_negative_img_00921.jpg,case8,This is a colonoscopy frame from a patient with no polyps.
Sun_Multimodal/Train_Negative/case10_negative_img_03875.jpg,case10,This is a colonoscopy frame from a patient with no polyps.
Sun_Multimodal/Train_Negative/case5_negative_img_02137.jpg,case5,This is a colonoscopy frame from a patient with no polyps.
Sun_Multimodal/Train_Negative/case1_negative_img_05379.jpg,case1,This is a colonoscopy frame from a patient with no polyps.
Sun_Multimodal/Train_Negative/case2_negative_img_01959.jpg,case2,This is a colonoscopy frame from a patient with no polyps.
Sun_Multimodal/Train_Negative/case11_negative_img_00613.jpg,case11,This is a colonoscopy frame from a patient with no polyps.
Sun_Multimodal/Train_Negative/case3_negative_img_04602.jpg,case3,This is a colonoscopy frame from a patient with no polyps.
Sun_Multimodal/Train_Negative/case6_negative_img_16541.jpg,case6,This is a colonoscopy frame from a patient with no polyps.
Sun_Multimodal/Train_Negative/case8_negative_img_01817.jpg,case8,This is a colonoscopy frame from a patient with no polyps.
Sun_Multimodal/Train_Negative/case8_negative_img_00582.jpg,case8,This is a colonoscopy frame from a patient with no polyps.
Sun_Multimodal/Train_Negative/case8_negative_img_00225.jpg,case8,This is a colonoscopy frame from a patient with no polyps.
Sun_Multimodal/Train_Negative/case2_negative_img_06952.jpg,case2,This is a colonoscopy frame from a patient with no polyps.
Sun_Multimodal/Train_Negative/case3_negative_img_05423.jpg,case3,This is a colonoscopy frame from a patient with no polyps.
Sun_Multimodal/Train_Negative/case10_negative_img_01045.jpg,case10,This is a colonoscopy frame from a patient with no polyps.
Sun_Multimodal/Train_Negative/case11_negative_img_02280.jpg,case11,This is a colonoscopy frame from a patient with no polyps.
Sun_Multimodal/Train_Negative/case2_negative_img_07701.jpg,case2,This is a colonoscopy frame from a patient with no polyps.
Sun_Multimodal/Train_Negative/case6_negative_img_13492.jpg,case6,This is a colonoscopy frame from a patient with no polyps.
Sun_Multimodal/Train_Negative/case5_negative_img_04120.jpg,case5,This is a colonoscopy frame from a patient with no polyps.
Sun_Multimodal/Train_Negative/case1_negative_img_07974.jpg,case1,This is a colonoscopy frame from a patient with no polyps.
Sun_Multimodal/Train_Negative/case13_negative_img_03517.jpg,case13,This is a colonoscopy frame from a patient with no polyps.
Sun_Multimodal/Train_Negative/case2_negative_img_08338.jpg,case2,This is a colonoscopy frame from a patient with no polyps.
Sun_Multimodal/Train_Negative/case13_negative_img_05889.jpg,case13,This is a colonoscopy frame from a patient with no polyps.
Sun_Multimodal/Train_Negative/case2_negative_img_09578.jpg,case2,This is a colonoscopy frame from a patient with no polyps.
Sun_Multimodal/Train_Negative/case11_negative_img_03998.jpg,case11,This is a colonoscopy frame from a patient with no polyps.
Sun_Multimodal/Train_Negative/case10_negative_img_07083.jpg,case10,This is a colonoscopy frame from a patient with no polyps.
Sun_Multimodal/Train_Negative/case3_negative_img_03897.jpg,case3,This is a colonoscopy frame from a patient with no polyps.
Sun_Multimodal/Train_Negative/case10_negative_img_04631.jpg,case10,This is a colonoscopy frame from a patient with no polyps.
Sun_Multimodal/Train_Negative/case1_negative_img_09655.jpg,case1,This is a colonoscopy frame from a patient with no polyps.
Sun_Multimodal/Train_Negative/case11_negative_img_00358.jpg,case11,This is a colonoscopy frame from a patient with no polyps.
Sun_Multimodal/Train_Negative/case10_negative_img_05707.jpg,case10,This is a colonoscopy frame from a patient with no polyps.
Sun_Multimodal/Train_Negative/case10_negative_img_00059.jpg,case10,This is a colonoscopy frame from a patient with no polyps.
Sun_Multimodal/Train_Negative/case12_negative_img_01950.jpg,case12,This is a colonoscopy frame from a patient with no polyps.
Sun_Multimodal/Train_Negative/case3_negative_img_00521.jpg,case3,This is a colonoscopy frame from a patient with no polyps.
Sun_Multimodal/Train_Negative/case1_negative_img_05144.jpg,case1,This is a colonoscopy frame from a patient with no polyps.
Sun_Multimodal/Train_Negative/case3_negative_img_03393.jpg,case3,This is a colonoscopy frame from a patient with no polyps.
Sun_Multimodal/Train_Negative/case3_negative_img_03434.jpg,case3,This is a colonoscopy frame from a patient with no polyps.
Sun_Multimodal/Train_Negative/case10_negative_img_07052.jpg,case10,This is a colonoscopy frame from a patient with no polyps.
Sun_Multimodal/Train_Negative/case10_negative_img_06612.jpg,case10,This is a colonoscopy frame from a patient with no polyps.
Sun_Multimodal/Train_Negative/case13_negative_img_03600.jpg,case13,This is a colonoscopy frame from a patient with no polyps.
Sun_Multimodal/Train_Negative/case13_negative_img_01946.jpg,case13,This is a colonoscopy frame from a patient with no polyps.
Sun_Multimodal/Train_Negative/case5_negative_img_06103.jpg,case5,This is a colonoscopy frame from a patient with no polyps.
Sun_Multimodal/Train_Negative/case6_negative_img_02751.jpg,case6,This is a colonoscopy frame from a patient with no polyps.
Sun_Multimodal/Train_Negative/case13_negative_img_03261.jpg,case13,This is a colonoscopy frame from a patient with no polyps.
Sun_Multimodal/Train_Negative/case8_negative_img_01239.jpg,case8,This is a colonoscopy frame from a patient with no polyps.
Sun_Multimodal/Train_Negative/case1_negative_img_06397.jpg,case1,This is a colonoscopy frame from a patient with no polyps.
Sun_Multimodal/Train_Negative/case3_negative_img_03055.jpg,case3,This is a colonoscopy frame from a patient with no polyps.
Sun_Multimodal/Train_Negative/case5_negative_img_05288.jpg,case5,This is a colonoscopy frame from a patient with no polyps.
Sun_Multimodal/Train_Negative/case8_negative_img_01700.jpg,case8,This is a colonoscopy frame from a patient with no polyps.
Sun_Multimodal/Train_Negative/case6_negative_img_03428.jpg,case6,This is a colonoscopy frame from a patient with no polyps.
Sun_Multimodal/Train_Negative/case1_negative_img_02804.jpg,case1,This is a colonoscopy frame from a patient with no polyps.
Sun_Multimodal/Train_Negative/case8_negative_img_00286.jpg,case8,This is a colonoscopy frame from a patient with no polyps.
Sun_Multimodal/Train_Negative/case10_negative_img_02592.jpg,case10,This is a colonoscopy frame from a patient with no polyps.
Sun_Multimodal/Train_Negative/case13_negative_img_05572.jpg,case13,This is a colonoscopy frame from a patient with no polyps.
Sun_Multimodal/Train_Negative/case11_negative_img_00661.jpg,case11,This is a colonoscopy frame from a patient with no polyps.
Sun_Multimodal/Train_Negative/case5_negative_img_02194.jpg,case5,This is a colonoscopy frame from a patient with no polyps.
Sun_Multimodal/Train_Negative/case2_negative_img_05447.jpg,case2,This is a colonoscopy frame from a patient with no polyps.
Sun_Multimodal/Train_Negative/case11_negative_img_01021.jpg,case11,This is a colonoscopy frame from a patient with no polyps.
Sun_Multimodal/Train_Negative/case3_negative_img_05797.jpg,case3,This is a colonoscopy frame from a patient with no polyps.
Sun_Multimodal/Train_Negative/case11_negative_img_01786.jpg,case11,This is a colonoscopy frame from a patient with no polyps.
Sun_Multimodal/Train_Negative/case5_negative_img_05638.jpg,case5,This is a colonoscopy frame from a patient with no polyps.
Sun_Multimodal/Train_Negative/case5_negative_img_01726.jpg,case5,This is a colonoscopy frame from a patient with no polyps.
Sun_Multimodal/Train_Negative/case3_negative_img_05451.jpg,case3,This is a colonoscopy frame from a patient with no polyps.
Sun_Multimodal/Train_Negative/case6_negative_img_07995.jpg,case6,This is a colonoscopy frame from a patient with no polyps.
Sun_Multimodal/Train_Negative/case3_negative_img_02828.jpg,case3,This is a colonoscopy frame from a patient with no polyps.
Sun_Multimodal/Train_Negative/case5_negative_img_04419.jpg,case5,This is a colonoscopy frame from a patient with no polyps.
Sun_Multimodal/Train_Negative/case2_negative_img_06694.jpg,case2,This is a colonoscopy frame from a patient with no polyps.
Sun_Multimodal/Train_Negative/case12_negative_img_05757.jpg,case12,This is a colonoscopy frame from a patient with no polyps.
Sun_Multimodal/Train_Negative/case2_negative_img_09976.jpg,case2,This is a colonoscopy frame from a patient with no polyps.
Sun_Multimodal/Train_Negative/case5_negative_img_03944.jpg,case5,This is a colonoscopy frame from a patient with no polyps.
Sun_Multimodal/Train_Negative/case3_negative_img_05907.jpg,case3,This is a colonoscopy frame from a patient with no polyps.
Sun_Multimodal/Train_Negative/case10_negative_img_02006.jpg,case10,This is a colonoscopy frame from a patient with no polyps.
Sun_Multimodal/Train_Negative/case11_negative_img_02471.jpg,case11,This is a colonoscopy frame from a patient with no polyps.
Sun_Multimodal/Train_Negative/case5_negative_img_05879.jpg,case5,This is a colonoscopy frame from a patient with no polyps.
Sun_Multimodal/Train_Negative/case10_negative_img_02770.jpg,case10,This is a colonoscopy frame from a patient with no polyps.
Sun_Multimodal/Train_Negative/case6_negative_img_08560.jpg,case6,This is a colonoscopy frame from a patient with no polyps.
Sun_Multimodal/Train_Negative/case6_negative_img_07860.jpg,case6,This is a colonoscopy frame from a patient with no polyps.
Sun_Multimodal/Train_Negative/case13_negative_img_05037.jpg,case13,This is a colonoscopy frame from a patient with no polyps.
Sun_Multimodal/Train_Negative/case8_negative_img_01990.jpg,case8,This is a colonoscopy frame from a patient with no polyps.
Sun_Multimodal/Train_Negative/case6_negative_img_14434.jpg,case6,This is a colonoscopy frame from a patient with no polyps.
Sun_Multimodal/Train_Negative/case12_negative_img_01698.jpg,case12,This is a colonoscopy frame from a patient with no polyps.
Sun_Multimodal/Train_Negative/case10_negative_img_00444.jpg,case10,This is a colonoscopy frame from a patient with no polyps.
Sun_Multimodal/Train_Negative/case2_negative_img_08432.jpg,case2,This is a colonoscopy frame from a patient with no polyps.
Sun_Multimodal/Train_Negative/case5_negative_img_06834.jpg,case5,This is a colonoscopy frame from a patient with no polyps.
Sun_Multimodal/Train_Negative/case2_negative_img_07079.jpg,case2,This is a colonoscopy frame from a patient with no polyps.
Sun_Multimodal/Train_Negative/case12_negative_img_03886.jpg,case12,This is a colonoscopy frame from a patient with no polyps.
Sun_Multimodal/Train_Negative/case1_negative_img_09814.jpg,case1,This is a colonoscopy frame from a patient with no polyps.
Sun_Multimodal/Train_Negative/case3_negative_img_00064.jpg,case3,This is a colonoscopy frame from a patient with no polyps.
Sun_Multimodal/Train_Negative/case12_negative_img_00180.jpg,case12,This is a colonoscopy frame from a patient with no polyps.
Sun_Multimodal/Train_Negative/case10_negative_img_06357.jpg,case10,This is a colonoscopy frame from a patient with no polyps.
Sun_Multimodal/Train_Negative/case5_negative_img_04772.jpg,case5,This is a colonoscopy frame from a patient with no polyps.
Sun_Multimodal/Train_Negative/case3_negative_img_02731.jpg,case3,This is a colonoscopy frame from a patient with no polyps.
Sun_Multimodal/Train_Negative/case1_negative_img_06966.jpg,case1,This is a colonoscopy frame from a patient with no polyps.
Sun_Multimodal/Train_Negative/case13_negative_img_02977.jpg,case13,This is a colonoscopy frame from a patient with no polyps.
Sun_Multimodal/Train_Negative/case11_negative_img_02199.jpg,case11,This is a colonoscopy frame from a patient with no polyps.
Sun_Multimodal/Train_Negative/case12_negative_img_03044.jpg,case12,This is a colonoscopy frame from a patient with no polyps.
Sun_Multimodal/Train_Negative/case2_negative_img_01525.jpg,case2,This is a colonoscopy frame from a patient with no polyps.
Sun_Multimodal/Train_Negative/case13_negative_img_01366.jpg,case13,This is a colonoscopy frame from a patient with no polyps.
Sun_Multimodal/Train_Negative/case11_negative_img_04703.jpg,case11,This is a colonoscopy frame from a patient with no polyps.
Sun_Multimodal/Train_Negative/case5_negative_img_04465.jpg,case5,This is a colonoscopy frame from a patient with no polyps.
Sun_Multimodal/Train_Negative/case3_negative_img_00373.jpg,case3,This is a colonoscopy frame from a patient with no polyps.
Sun_Multimodal/Train_Negative/case12_negative_img_00942.jpg,case12,This is a colonoscopy frame from a patient with no polyps.
Sun_Multimodal/Train_Negative/case2_negative_img_01144.jpg,case2,This is a colonoscopy frame from a patient with no polyps.
Sun_Multimodal/Train_Negative/case6_negative_img_11869.jpg,case6,This is a colonoscopy frame from a patient with no polyps.
Sun_Multimodal/Train_Negative/case6_negative_img_14345.jpg,case6,This is a colonoscopy frame from a patient with no polyps.
Sun_Multimodal/Train_Negative/case8_negative_img_02421.jpg,case8,This is a colonoscopy frame from a patient with no polyps.
Sun_Multimodal/Train_Negative/case6_negative_img_15977.jpg,case6,This is a colonoscopy frame from a patient with no polyps.
Sun_Multimodal/Train_Negative/case8_negative_img_01534.jpg,case8,This is a colonoscopy frame from a patient with no polyps.
Sun_Multimodal/Train_Negative/case8_negative_img_00374.jpg,case8,This is a colonoscopy frame from a patient with no polyps.
Sun_Multimodal/Train_Negative/case6_negative_img_07363.jpg,case6,This is a colonoscopy frame from a patient with no polyps.
Sun_Multimodal/Train_Negative/case5_negative_img_02371.jpg,case5,This is a colonoscopy frame from a patient with no polyps.
Sun_Multimodal/Train_Negative/case6_negative_img_06951.jpg,case6,This is a colonoscopy frame from a patient with no polyps.
Sun_Multimodal/Train_Negative/case8_negative_img_00715.jpg,case8,This is a colonoscopy frame from a patient with no polyps.
Sun_Multimodal/Train_Negative/case6_negative_img_04972.jpg,case6,This is a colonoscopy frame from a patient with no polyps.
Sun_Multimodal/Train_Negative/case11_negative_img_03540.jpg,case11,This is a colonoscopy frame from a patient with no polyps.
Sun_Multimodal/Train_Negative/case6_negative_img_14052.jpg,case6,This is a colonoscopy frame from a patient with no polyps.
Sun_Multimodal/Train_Negative/case1_negative_img_09158.jpg,case1,This is a colonoscopy frame from a patient with no polyps.
Sun_Multimodal/Train_Negative/case6_negative_img_03979.jpg,case6,This is a colonoscopy frame from a patient with no polyps.
Sun_Multimodal/Train_Negative/case13_negative_img_05797.jpg,case13,This is a colonoscopy frame from a patient with no polyps.
Sun_Multimodal/Train_Negative/case8_negative_img_02091.jpg,case8,This is a colonoscopy frame from a patient with no polyps.
Sun_Multimodal/Train_Negative/case1_negative_img_01021.jpg,case1,This is a colonoscopy frame from a patient with no polyps.
Sun_Multimodal/Train_Negative/case11_negative_img_04413.jpg,case11,This is a colonoscopy frame from a patient with no polyps.
Sun_Multimodal/Train_Negative/case3_negative_img_02357.jpg,case3,This is a colonoscopy frame from a patient with no polyps.
Sun_Multimodal/Train_Negative/case10_negative_img_02188.jpg,case10,This is a colonoscopy frame from a patient with no polyps.
Sun_Multimodal/Train_Negative/case12_negative_img_02966.jpg,case12,This is a colonoscopy frame from a patient with no polyps.
Sun_Multimodal/Train_Negative/case3_negative_img_03517.jpg,case3,This is a colonoscopy frame from a patient with no polyps.
Sun_Multimodal/Train_Negative/case5_negative_img_05926.jpg,case5,This is a colonoscopy frame from a patient with no polyps.
Sun_Multimodal/Train_Negative/case12_negative_img_04099.jpg,case12,This is a colonoscopy frame from a patient with no polyps.
Sun_Multimodal/Train_Negative/case3_negative_img_00063.jpg,case3,This is a colonoscopy frame from a patient with no polyps.
Sun_Multimodal/Train_Negative/case10_negative_img_04405.jpg,case10,This is a colonoscopy frame from a patient with no polyps.
Sun_Multimodal/Train_Negative/case1_negative_img_03998.jpg,case1,This is a colonoscopy frame from a patient with no polyps.
Sun_Multimodal/Train_Negative/case6_negative_img_00680.jpg,case6,This is a colonoscopy frame from a patient with no polyps.
Sun_Multimodal/Train_Negative/case8_negative_img_00928.jpg,case8,This is a colonoscopy frame from a patient with no polyps.
Sun_Multimodal/Train_Negative/case13_negative_img_03897.jpg,case13,This is a colonoscopy frame from a patient with no polyps.
Sun_Multimodal/Train_Negative/case5_negative_img_04003.jpg,case5,This is a colonoscopy frame from a patient with no polyps.
Sun_Multimodal/Train_Negative/case10_negative_img_03378.jpg,case10,This is a colonoscopy frame from a patient with no polyps.
Sun_Multimodal/Train_Negative/case3_negative_img_03600.jpg,case3,This is a colonoscopy frame from a patient with no polyps.
Sun_Multimodal/Train_Negative/case13_negative_img_00286.jpg,case13,This is a colonoscopy frame from a patient with no polyps.
Sun_Multimodal/Train_Negative/case10_negative_img_05294.jpg,case10,This is a colonoscopy frame from a patient with no polyps.
Sun_Multimodal/Train_Negative/case5_negative_img_05585.jpg,case5,This is a colonoscopy frame from a patient with no polyps.
Sun_Multimodal/Train_Negative/case12_negative_img_03422.jpg,case12,This is a colonoscopy frame from a patient with no polyps.
Sun_Multimodal/Train_Negative/case13_negative_img_03055.jpg,case13,This is a colonoscopy frame from a patient with no polyps.
Sun_Multimodal/Train_Negative/case1_negative_img_07044.jpg,case1,This is a colonoscopy frame from a patient with no polyps.
Sun_Multimodal/Train_Negative/case6_negative_img_06809.jpg,case6,This is a colonoscopy frame from a patient with no polyps.
Sun_Multimodal/Train_Negative/case11_negative_img_04365.jpg,case11,This is a colonoscopy frame from a patient with no polyps.
Sun_Multimodal/Train_Negative/case11_negative_img_01849.jpg,case11,This is a colonoscopy frame from a patient with no polyps.
Sun_Multimodal/Train_Negative/case6_negative_img_01692.jpg,case6,This is a colonoscopy frame from a patient with no polyps.
Sun_Multimodal/Train_Negative/case12_negative_img_01632.jpg,case12,This is a colonoscopy frame from a patient with no polyps.
Sun_Multimodal/Train_Negative/case10_negative_img_07084.jpg,case10,This is a colonoscopy frame from a patient with no polyps.
Sun_Multimodal/Train_Negative/case13_negative_img_02731.jpg,case13,This is a colonoscopy frame from a patient with no polyps.
Sun_Multimodal/Train_Negative/case3_negative_img_03345.jpg,case3,This is a colonoscopy frame from a patient with no polyps.
Sun_Multimodal/Train_Negative/case13_negative_img_03171.jpg,case13,This is a colonoscopy frame from a patient with no polyps.
Sun_Multimodal/Train_Negative/case6_negative_img_11006.jpg,case6,This is a colonoscopy frame from a patient with no polyps.
Sun_Multimodal/Train_Negative/case6_negative_img_06229.jpg,case6,This is a colonoscopy frame from a patient with no polyps.
Sun_Multimodal/Train_Negative/case10_negative_img_04140.jpg,case10,This is a colonoscopy frame from a patient with no polyps.
Sun_Multimodal/Train_Negative/case5_negative_img_02809.jpg,case5,This is a colonoscopy frame from a patient with no polyps.
Sun_Multimodal/Train_Negative/case6_negative_img_13025.jpg,case6,This is a colonoscopy frame from a patient with no polyps.
Sun_Multimodal/Train_Negative/case10_negative_img_07055.jpg,case10,This is a colonoscopy frame from a patient with no polyps.
Sun_Multimodal/Train_Negative/case5_negative_img_05011.jpg,case5,This is a colonoscopy frame from a patient with no polyps.
Sun_Multimodal/Train_Negative/case10_negative_img_06274.jpg,case10,This is a colonoscopy frame from a patient with no polyps.
Sun_Multimodal/Train_Negative/case2_negative_img_09730.jpg,case2,This is a colonoscopy frame from a patient with no polyps.
Sun_Multimodal/Train_Negative/case2_negative_img_09097.jpg,case2,This is a colonoscopy frame from a patient with no polyps.
Sun_Multimodal/Train_Negative/case1_negative_img_01105.jpg,case1,This is a colonoscopy frame from a patient with no polyps.
Sun_Multimodal/Train_Negative/case5_negative_img_00617.jpg,case5,This is a colonoscopy frame from a patient with no polyps.
Sun_Multimodal/Train_Negative/case10_negative_img_02232.jpg,case10,This is a colonoscopy frame from a patient with no polyps.
Sun_Multimodal/Train_Negative/case8_negative_img_01366.jpg,case8,This is a colonoscopy frame from a patient with no polyps.
Sun_Multimodal/Train_Negative/case10_negative_img_00567.jpg,case10,This is a colonoscopy frame from a patient with no polyps.
Sun_Multimodal/Train_Negative/case10_negative_img_05239.jpg,case10,This is a colonoscopy frame from a patient with no polyps.
Sun_Multimodal/Train_Negative/case13_negative_img_01819.jpg,case13,This is a colonoscopy frame from a patient with no polyps.
Sun_Multimodal/Train_Negative/case2_negative_img_09884.jpg,case2,This is a colonoscopy frame from a patient with no polyps.
Sun_Multimodal/Train_Negative/case2_negative_img_05440.jpg,case2,This is a colonoscopy frame from a patient with no polyps.
Sun_Multimodal/Train_Negative/case10_negative_img_01823.jpg,case10,This is a colonoscopy frame from a patient with no polyps.
Sun_Multimodal/Train_Negative/case10_negative_img_01451.jpg,case10,This is a colonoscopy frame from a patient with no polyps.
Sun_Multimodal/Train_Negative/case8_negative_img_02505.jpg,case8,This is a colonoscopy frame from a patient with no polyps.
Sun_Multimodal/Train_Negative/case11_negative_img_00666.jpg,case11,This is a colonoscopy frame from a patient with no polyps.
Sun_Multimodal/Train_Negative/case13_negative_img_05203.jpg,case13,This is a colonoscopy frame from a patient with no polyps.
Sun_Multimodal/Train_Negative/case5_negative_img_01086.jpg,case5,This is a colonoscopy frame from a patient with no polyps.
Sun_Multimodal/Train_Negative/case13_negative_img_06316.jpg,case13,This is a colonoscopy frame from a patient with no polyps.
Sun_Multimodal/Train_Negative/case8_negative_img_00985.jpg,case8,This is a colonoscopy frame from a patient with no polyps.
Sun_Multimodal/Train_Negative/case8_negative_img_00250.jpg,case8,This is a colonoscopy frame from a patient with no polyps.
Sun_Multimodal/Train_Negative/case10_negative_img_01797.jpg,case10,This is a colonoscopy frame from a patient with no polyps.
Sun_Multimodal/Train_Negative/case1_negative_img_03681.jpg,case1,This is a colonoscopy frame from a patient with no polyps.
Sun_Multimodal/Train_Negative/case5_negative_img_00500.jpg,case5,This is a colonoscopy frame from a patient with no polyps.
Sun_Multimodal/Train_Negative/case11_negative_img_03312.jpg,case11,This is a colonoscopy frame from a patient with no polyps.
Sun_Multimodal/Train_Negative/case12_negative_img_06300.jpg,case12,This is a colonoscopy frame from a patient with no polyps.
Sun_Multimodal/Train_Negative/case6_negative_img_12998.jpg,case6,This is a colonoscopy frame from a patient with no polyps.
Sun_Multimodal/Train_Negative/case8_negative_img_00437.jpg,case8,This is a colonoscopy frame from a patient with no polyps.
Sun_Multimodal/Train_Negative/case11_negative_img_02754.jpg,case11,This is a colonoscopy frame from a patient with no polyps.
Sun_Multimodal/Train_Negative/case8_negative_img_00390.jpg,case8,This is a colonoscopy frame from a patient with no polyps.
Sun_Multimodal/Train_Negative/case8_negative_img_01277.jpg,case8,This is a colonoscopy frame from a patient with no polyps.
Sun_Multimodal/Train_Negative/case11_negative_img_03114.jpg,case11,This is a colonoscopy frame from a patient with no polyps.
Sun_Multimodal/Train_Negative/case6_negative_img_08133.jpg,case6,This is a colonoscopy frame from a patient with no polyps.
Sun_Multimodal/Train_Negative/case3_negative_img_05650.jpg,case3,This is a colonoscopy frame from a patient with no polyps.
Sun_Multimodal/Train_Negative/case11_negative_img_03575.jpg,case11,This is a colonoscopy frame from a patient with no polyps.
Sun_Multimodal/Train_Negative/case6_negative_img_04535.jpg,case6,This is a colonoscopy frame from a patient with no polyps.
Sun_Multimodal/Train_Negative/case11_negative_img_02492.jpg,case11,This is a colonoscopy frame from a patient with no polyps.
Sun_Multimodal/Train_Negative/case5_negative_img_03272.jpg,case5,This is a colonoscopy frame from a patient with no polyps.
Sun_Multimodal/Train_Negative/case1_negative_img_00654.jpg,case1,This is a colonoscopy frame from a patient with no polyps.
Sun_Multimodal/Train_Negative/case11_negative_img_01924.jpg,case11,This is a colonoscopy frame from a patient with no polyps.
Sun_Multimodal/Train_Negative/case5_negative_img_03504.jpg,case5,This is a colonoscopy frame from a patient with no polyps.
Sun_Multimodal/Train_Negative/case8_negative_img_00720.jpg,case8,This is a colonoscopy frame from a patient with no polyps.
Sun_Multimodal/Train_Negative/case13_negative_img_02778.jpg,case13,This is a colonoscopy frame from a patient with no polyps.
Sun_Multimodal/Train_Negative/case5_negative_img_00411.jpg,case5,This is a colonoscopy frame from a patient with no polyps.
Sun_Multimodal/Train_Negative/case3_negative_img_05681.jpg,case3,This is a colonoscopy frame from a patient with no polyps.
Sun_Multimodal/Train_Negative/case11_negative_img_04669.jpg,case11,This is a colonoscopy frame from a patient with no polyps.
Sun_Multimodal/Train_Negative/case12_negative_img_05765.jpg,case12,This is a colonoscopy frame from a patient with no polyps.
Sun_Multimodal/Train_Negative/case5_negative_img_01630.jpg,case5,This is a colonoscopy frame from a patient with no polyps.
Sun_Multimodal/Train_Negative/case11_negative_img_02785.jpg,case11,This is a colonoscopy frame from a patient with no polyps.
Sun_Multimodal/Train_Negative/case5_negative_img_05089.jpg,case5,This is a colonoscopy frame from a patient with no polyps.
Sun_Multimodal/Train_Negative/case3_negative_img_02866.jpg,case3,This is a colonoscopy frame from a patient with no polyps.
Sun_Multimodal/Train_Negative/case6_negative_img_10757.jpg,case6,This is a colonoscopy frame from a patient with no polyps.
Sun_Multimodal/Train_Negative/case3_negative_img_00894.jpg,case3,This is a colonoscopy frame from a patient with no polyps.
Sun_Multimodal/Train_Negative/case11_negative_img_04350.jpg,case11,This is a colonoscopy frame from a patient with no polyps.
Sun_Multimodal/Train_Negative/case12_negative_img_02191.jpg,case12,This is a colonoscopy frame from a patient with no polyps.
Sun_Multimodal/Train_Negative/case2_negative_img_03242.jpg,case2,This is a colonoscopy frame from a patient with no polyps.
Sun_Multimodal/Train_Negative/case1_negative_img_05345.jpg,case1,This is a colonoscopy frame from a patient with no polyps.
Sun_Multimodal/Train_Negative/case10_negative_img_00258.jpg,case10,This is a colonoscopy frame from a patient with no polyps.
Sun_Multimodal/Train_Negative/case10_negative_img_05974.jpg,case10,This is a colonoscopy frame from a patient with no polyps.
Sun_Multimodal/Train_Negative/case11_negative_img_00159.jpg,case11,This is a colonoscopy frame from a patient with no polyps.
Sun_Multimodal/Train_Negative/case1_negative_img_04273.jpg,case1,This is a colonoscopy frame from a patient with no polyps.
Sun_Multimodal/Train_Negative/case13_negative_img_01422.jpg,case13,This is a colonoscopy frame from a patient with no polyps.
Sun_Multimodal/Train_Negative/case2_negative_img_00421.jpg,case2,This is a colonoscopy frame from a patient with no polyps.
Sun_Multimodal/Train_Negative/case13_negative_img_02537.jpg,case13,This is a colonoscopy frame from a patient with no polyps.
Sun_Multimodal/Train_Negative/case2_negative_img_03946.jpg,case2,This is a colonoscopy frame from a patient with no polyps.
Sun_Multimodal/Train_Negative/case12_negative_img_03700.jpg,case12,This is a colonoscopy frame from a patient with no polyps.
Sun_Multimodal/Train_Negative/case12_negative_img_01393.jpg,case12,This is a colonoscopy frame from a patient with no polyps.
Sun_Multimodal/Train_Negative/case2_negative_img_08139.jpg,case2,This is a colonoscopy frame from a patient with no polyps.
Sun_Multimodal/Train_Negative/case12_negative_img_05958.jpg,case12,This is a colonoscopy frame from a patient with no polyps.
Sun_Multimodal/Train_Negative/case12_negative_img_00274.jpg,case12,This is a colonoscopy frame from a patient with no polyps.
Sun_Multimodal/Train_Negative/case6_negative_img_07578.jpg,case6,This is a colonoscopy frame from a patient with no polyps.
Sun_Multimodal/Train_Negative/case6_negative_img_08878.jpg,case6,This is a colonoscopy frame from a patient with no polyps.
Sun_Multimodal/Train_Negative/case3_negative_img_03522.jpg,case3,This is a colonoscopy frame from a patient with no polyps.
Sun_Multimodal/Train_Negative/case5_negative_img_02788.jpg,case5,This is a colonoscopy frame from a patient with no polyps.
Sun_Multimodal/Train_Negative/case10_negative_img_05354.jpg,case10,This is a colonoscopy frame from a patient with no polyps.
Sun_Multimodal/Train_Negative/case1_negative_img_09570.jpg,case1,This is a colonoscopy frame from a patient with no polyps.
Sun_Multimodal/Train_Negative/case3_negative_img_03067.jpg,case3,This is a colonoscopy frame from a patient with no polyps.
Sun_Multimodal/Train_Negative/case10_negative_img_04175.jpg,case10,This is a colonoscopy frame from a patient with no polyps.
Sun_Multimodal/Train_Negative/case12_negative_img_00885.jpg,case12,This is a colonoscopy frame from a patient with no polyps.
Sun_Multimodal/Train_Negative/case3_negative_img_01886.jpg,case3,This is a colonoscopy frame from a patient with no polyps.
Sun_Multimodal/Train_Negative/case10_negative_img_06620.jpg,case10,This is a colonoscopy frame from a patient with no polyps.
Sun_Multimodal/Train_Negative/case10_negative_img_07060.jpg,case10,This is a colonoscopy frame from a patient with no polyps.
Sun_Multimodal/Train_Negative/case12_negative_img_02877.jpg,case12,This is a colonoscopy frame from a patient with no polyps.
Sun_Multimodal/Train_Negative/case2_negative_img_02147.jpg,case2,This is a colonoscopy frame from a patient with no polyps.
Sun_Multimodal/Train_Negative/case6_negative_img_02806.jpg,case6,This is a colonoscopy frame from a patient with no polyps.
Sun_Multimodal/Train_Negative/case5_negative_img_07814.jpg,case5,This is a colonoscopy frame from a patient with no polyps.
Sun_Multimodal/Train_Negative/case8_negative_img_02009.jpg,case8,This is a colonoscopy frame from a patient with no polyps.
Sun_Multimodal/Train_Negative/case12_negative_img_01266.jpg,case12,This is a colonoscopy frame from a patient with no polyps.
Sun_Multimodal/Train_Negative/case10_negative_img_03269.jpg,case10,This is a colonoscopy frame from a patient with no polyps.
Sun_Multimodal/Train_Negative/case12_negative_img_03152.jpg,case12,This is a colonoscopy frame from a patient with no polyps.
Sun_Multimodal/Train_Negative/case6_negative_img_13307.jpg,case6,This is a colonoscopy frame from a patient with no polyps.
Sun_Multimodal/Train_Negative/case13_negative_img_01270.jpg,case13,This is a colonoscopy frame from a patient with no polyps.
Sun_Multimodal/Train_Negative/case13_negative_img_04289.jpg,case13,This is a colonoscopy frame from a patient with no polyps.
Sun_Multimodal/Train_Negative/case5_negative_img_07007.jpg,case5,This is a colonoscopy frame from a patient with no polyps.
Sun_Multimodal/Train_Negative/case8_negative_img_02468.jpg,case8,This is a colonoscopy frame from a patient with no polyps.
Sun_Multimodal/Train_Negative/case1_negative_img_08446.jpg,case1,This is a colonoscopy frame from a patient with no polyps.
Sun_Multimodal/Train_Negative/case12_negative_img_04812.jpg,case12,This is a colonoscopy frame from a patient with no polyps.
Sun_Multimodal/Train_Negative/case6_negative_img_05955.jpg,case6,This is a colonoscopy frame from a patient with no polyps.
Sun_Multimodal/Train_Negative/case11_negative_img_03327.jpg,case11,This is a colonoscopy frame from a patient with no polyps.
Sun_Multimodal/Train_Negative/case13_negative_img_01328.jpg,case13,This is a colonoscopy frame from a patient with no polyps.
Sun_Multimodal/Train_Negative/case10_negative_img_01464.jpg,case10,This is a colonoscopy frame from a patient with no polyps.
Sun_Multimodal/Train_Negative/case2_negative_img_07487.jpg,case2,This is a colonoscopy frame from a patient with no polyps.
Sun_Multimodal/Train_Negative/case6_negative_img_16973.jpg,case6,This is a colonoscopy frame from a patient with no polyps.
Sun_Multimodal/Train_Negative/case1_negative_img_03900.jpg,case1,This is a colonoscopy frame from a patient with no polyps.
Sun_Multimodal/Train_Negative/case10_negative_img_02903.jpg,case10,This is a colonoscopy frame from a patient with no polyps.
Sun_Multimodal/Train_Negative/case8_negative_img_00513.jpg,case8,This is a colonoscopy frame from a patient with no polyps.
Sun_Multimodal/Train_Negative/case3_negative_img_06661.jpg,case3,This is a colonoscopy frame from a patient with no polyps.
Sun_Multimodal/Train_Negative/case10_negative_img_03835.jpg,case10,This is a colonoscopy frame from a patient with no polyps.
Sun_Multimodal/Train_Negative/case3_negative_img_04134.jpg,case3,This is a colonoscopy frame from a patient with no polyps.
Sun_Multimodal/Train_Negative/case12_negative_img_00669.jpg,case12,This is a colonoscopy frame from a patient with no polyps.
Sun_Multimodal/Train_Negative/case2_negative_img_08956.jpg,case2,This is a colonoscopy frame from a patient with no polyps.
Sun_Multimodal/Train_Negative/case8_negative_img_00172.jpg,case8,This is a colonoscopy frame from a patient with no polyps.
Sun_Multimodal/Train_Negative/case11_negative_img_01304.jpg,case11,This is a colonoscopy frame from a patient with no polyps.
Sun_Multimodal/Train_Negative/case13_negative_img_05686.jpg,case13,This is a colonoscopy frame from a patient with no polyps.
Sun_Multimodal/Train_Negative/case12_negative_img_05556.jpg,case12,This is a colonoscopy frame from a patient with no polyps.
Sun_Multimodal/Train_Negative/case13_negative_img_05121.jpg,case13,This is a colonoscopy frame from a patient with no polyps.
Sun_Multimodal/Train_Negative/case5_negative_img_07248.jpg,case5,This is a colonoscopy frame from a patient with no polyps.
Sun_Multimodal/Train_Negative/case3_negative_img_00175.jpg,case3,This is a colonoscopy frame from a patient with no polyps.
Sun_Multimodal/Train_Negative/case11_negative_img_04164.jpg,case11,This is a colonoscopy frame from a patient with no polyps.
Sun_Multimodal/Train_Negative/case8_negative_img_02319.jpg,case8,This is a colonoscopy frame from a patient with no polyps.
Sun_Multimodal/Train_Negative/case1_negative_img_04350.jpg,case1,This is a colonoscopy frame from a patient with no polyps.
Sun_Multimodal/Train_Negative/case2_negative_img_01342.jpg,case2,This is a colonoscopy frame from a patient with no polyps.
Sun_Multimodal/Train_Negative/case10_negative_img_05886.jpg,case10,This is a colonoscopy frame from a patient with no polyps.
Sun_Multimodal/Train_Negative/case1_negative_img_07245.jpg,case1,This is a colonoscopy frame from a patient with no polyps.
Sun_Multimodal/Train_Negative/case12_negative_img_03184.jpg,case12,This is a colonoscopy frame from a patient with no polyps.
Sun_Multimodal/Train_Negative/case13_negative_img_02866.jpg,case13,This is a colonoscopy frame from a patient with no polyps.
Sun_Multimodal/Train_Negative/case6_negative_img_09708.jpg,case6,This is a colonoscopy frame from a patient with no polyps.
Sun_Multimodal/Train_Negative/case13_negative_img_00720.jpg,case13,This is a colonoscopy frame from a patient with no polyps.
Sun_Multimodal/Train_Negative/case6_negative_img_10102.jpg,case6,This is a colonoscopy frame from a patient with no polyps.
Sun_Multimodal/Train_Negative/case3_negative_img_02537.jpg,case3,This is a colonoscopy frame from a patient with no polyps.
Sun_Multimodal/Train_Negative/case1_negative_img_00159.jpg,case1,This is a colonoscopy frame from a patient with no polyps.
Sun_Multimodal/Train_Negative/case1_negative_img_08787.jpg,case1,This is a colonoscopy frame from a patient with no polyps.
Sun_Multimodal/Train_Negative/case3_negative_img_01422.jpg,case3,This is a colonoscopy frame from a patient with no polyps.
Sun_Multimodal/Train_Negative/case3_negative_img_03716.jpg,case3,This is a colonoscopy frame from a patient with no polyps.
Sun_Multimodal/Train_Negative/case10_negative_img_06297.jpg,case10,This is a colonoscopy frame from a patient with no polyps.
Sun_Multimodal/Train_Negative/case13_negative_img_00437.jpg,case13,This is a colonoscopy frame from a patient with no polyps.
Sun_Multimodal/Train_Negative/case3_negative_img_00603.jpg,case3,This is a colonoscopy frame from a patient with no polyps.
Sun_Multimodal/Train_Negative/case11_negative_img_01807.jpg,case11,This is a colonoscopy frame from a patient with no polyps.
Sun_Multimodal/Train_Negative/case5_negative_img_06379.jpg,case5,This is a colonoscopy frame from a patient with no polyps.
Sun_Multimodal/Train_Negative/case5_negative_img_02267.jpg,case5,This is a colonoscopy frame from a patient with no polyps.
Sun_Multimodal/Train_Negative/case1_negative_img_08519.jpg,case1,This is a colonoscopy frame from a patient with no polyps.
Sun_Multimodal/Train_Negative/case3_negative_img_06110.jpg,case3,This is a colonoscopy frame from a patient with no polyps.
Sun_Multimodal/Train_Negative/case8_negative_img_01850.jpg,case8,This is a colonoscopy frame from a patient with no polyps.
Sun_Multimodal/Train_Negative/case1_negative_img_02443.jpg,case1,This is a colonoscopy frame from a patient with no polyps.
Sun_Multimodal/Train_Negative/case6_negative_img_05190.jpg,case6,This is a colonoscopy frame from a patient with no polyps.
Sun_Multimodal/Train_Negative/case13_negative_img_04307.jpg,case13,This is a colonoscopy frame from a patient with no polyps.
Sun_Multimodal/Train_Negative/case6_negative_img_14282.jpg,case6,This is a colonoscopy frame from a patient with no polyps.
Sun_Multimodal/Train_Negative/case5_negative_img_02170.jpg,case5,This is a colonoscopy frame from a patient with no polyps.
Sun_Multimodal/Train_Negative/case13_negative_img_00219.jpg,case13,This is a colonoscopy frame from a patient with no polyps.
Sun_Multimodal/Train_Negative/case12_negative_img_06444.jpg,case12,This is a colonoscopy frame from a patient with no polyps.
Sun_Multimodal/Train_Negative/case8_negative_img_01735.jpg,case8,This is a colonoscopy frame from a patient with no polyps.
Sun_Multimodal/Train_Negative/case5_negative_img_01876.jpg,case5,This is a colonoscopy frame from a patient with no polyps.
Sun_Multimodal/Train_Negative/case12_negative_img_05551.jpg,case12,This is a colonoscopy frame from a patient with no polyps.
Sun_Multimodal/Train_Negative/case5_negative_img_02963.jpg,case5,This is a colonoscopy frame from a patient with no polyps.
Sun_Multimodal/Train_Negative/case2_negative_img_05765.jpg,case2,This is a colonoscopy frame from a patient with no polyps.
Sun_Multimodal/Train_Negative/case12_negative_img_06101.jpg,case12,This is a colonoscopy frame from a patient with no polyps.
Sun_Multimodal/Train_Negative/case1_negative_img_07239.jpg,case1,This is a colonoscopy frame from a patient with no polyps.
Sun_Multimodal/Train_Negative/case13_negative_img_02468.jpg,case13,This is a colonoscopy frame from a patient with no polyps.
Sun_Multimodal/Train_Negative/case13_negative_img_04223.jpg,case13,This is a colonoscopy frame from a patient with no polyps.
Sun_Multimodal/Train_Negative/case2_negative_img_09247.jpg,case2,This is a colonoscopy frame from a patient with no polyps.
Sun_Multimodal/Train_Negative/case10_negative_img_05488.jpg,case10,This is a colonoscopy frame from a patient with no polyps.
Sun_Multimodal/Train_Negative/case3_negative_img_04017.jpg,case3,This is a colonoscopy frame from a patient with no polyps.
Sun_Multimodal/Train_Negative/case8_negative_img_02365.jpg,case8,This is a colonoscopy frame from a patient with no polyps.
Sun_Multimodal/Train_Negative/case13_negative_img_05811.jpg,case13,This is a colonoscopy frame from a patient with no polyps.
Sun_Multimodal/Train_Negative/case10_negative_img_00803.jpg,case10,This is a colonoscopy frame from a patient with no polyps.
Sun_Multimodal/Train_Negative/case5_negative_img_05399.jpg,case5,This is a colonoscopy frame from a patient with no polyps.
Sun_Multimodal/Train_Negative/case10_negative_img_03105.jpg,case10,This is a colonoscopy frame from a patient with no polyps.
Sun_Multimodal/Train_Negative/case3_negative_img_04804.jpg,case3,This is a colonoscopy frame from a patient with no polyps.
Sun_Multimodal/Train_Negative/case2_negative_img_04001.jpg,case2,This is a colonoscopy frame from a patient with no polyps.
Sun_Multimodal/Train_Negative/case13_negative_img_05002.jpg,case13,This is a colonoscopy frame from a patient with no polyps.
Sun_Multimodal/Train_Negative/case11_negative_img_04579.jpg,case11,This is a colonoscopy frame from a patient with no polyps.
Sun_Multimodal/Train_Negative/case13_negative_img_04134.jpg,case13,This is a colonoscopy frame from a patient with no polyps.
Sun_Multimodal/Train_Negative/case10_negative_img_04678.jpg,case10,This is a colonoscopy frame from a patient with no polyps.
Sun_Multimodal/Train_Negative/case5_negative_img_06988.jpg,case5,This is a colonoscopy frame from a patient with no polyps.
Sun_Multimodal/Train_Negative/case3_negative_img_02939.jpg,case3,This is a colonoscopy frame from a patient with no polyps.
Sun_Multimodal/Train_Negative/case3_negative_img_06827.jpg,case3,This is a colonoscopy frame from a patient with no polyps.
Sun_Multimodal/Train_Negative/case10_negative_img_02033.jpg,case10,This is a colonoscopy frame from a patient with no polyps.
Sun_Multimodal/Train_Negative/case8_negative_img_02413.jpg,case8,This is a colonoscopy frame from a patient with no polyps.
Sun_Multimodal/Train_Negative/case2_negative_img_00208.jpg,case2,This is a colonoscopy frame from a patient with no polyps.
Sun_Multimodal/Train_Negative/case8_negative_img_00346.jpg,case8,This is a colonoscopy frame from a patient with no polyps.
Sun_Multimodal/Train_Negative/case5_negative_img_00077.jpg,case5,This is a colonoscopy frame from a patient with no polyps.
Sun_Multimodal/Train_Negative/case1_negative_img_03451.jpg,case1,This is a colonoscopy frame from a patient with no polyps.
Sun_Multimodal/Train_Negative/case6_negative_img_05065.jpg,case6,This is a colonoscopy frame from a patient with no polyps.
Sun_Multimodal/Train_Negative/case12_negative_img_06677.jpg,case12,This is a colonoscopy frame from a patient with no polyps.
Sun_Multimodal/Train_Negative/case8_negative_img_01974.jpg,case8,This is a colonoscopy frame from a patient with no polyps.
Sun_Multimodal/Train_Negative/case8_negative_img_01506.jpg,case8,This is a colonoscopy frame from a patient with no polyps.
Sun_Multimodal/Train_Negative/case10_negative_img_06075.jpg,case10,This is a colonoscopy frame from a patient with no polyps.
Sun_Multimodal/Train_Negative/case11_negative_img_03889.jpg,case11,This is a colonoscopy frame from a patient with no polyps.
Sun_Multimodal/Train_Negative/case3_negative_img_03253.jpg,case3,This is a colonoscopy frame from a patient with no polyps.
Sun_Multimodal/Train_Negative/case12_negative_img_03071.jpg,case12,This is a colonoscopy frame from a patient with no polyps.
Sun_Multimodal/Train_Negative/case12_negative_img_06088.jpg,case12,This is a colonoscopy frame from a patient with no polyps.
Sun_Multimodal/Train_Negative/case10_negative_img_05973.jpg,case10,This is a colonoscopy frame from a patient with no polyps.
Sun_Multimodal/Train_Negative/case1_negative_img_01989.jpg,case1,This is a colonoscopy frame from a patient with no polyps.
Sun_Multimodal/Train_Negative/case1_negative_img_09325.jpg,case1,This is a colonoscopy frame from a patient with no polyps.
Sun_Multimodal/Train_Negative/case12_negative_img_01083.jpg,case12,This is a colonoscopy frame from a patient with no polyps.
Sun_Multimodal/Train_Negative/case13_negative_img_01382.jpg,case13,This is a colonoscopy frame from a patient with no polyps.
Sun_Multimodal/Train_Negative/case2_negative_img_00854.jpg,case2,This is a colonoscopy frame from a patient with no polyps.
Sun_Multimodal/Train_Negative/case3_negative_img_00051.jpg,case3,This is a colonoscopy frame from a patient with no polyps.
Sun_Multimodal/Train_Negative/case2_negative_img_08699.jpg,case2,This is a colonoscopy frame from a patient with no polyps.
Sun_Multimodal/Train_Negative/case3_negative_img_00430.jpg,case3,This is a colonoscopy frame from a patient with no polyps.
Sun_Multimodal/Train_Negative/case3_negative_img_03525.jpg,case3,This is a colonoscopy frame from a patient with no polyps.
Sun_Multimodal/Train_Negative/case12_negative_img_03366.jpg,case12,This is a colonoscopy frame from a patient with no polyps.
Sun_Multimodal/Train_Negative/case8_negative_img_01749.jpg,case8,This is a colonoscopy frame from a patient with no polyps.
Sun_Multimodal/Train_Negative/case5_negative_img_00773.jpg,case5,This is a colonoscopy frame from a patient with no polyps.
Sun_Multimodal/Train_Negative/case6_negative_img_15233.jpg,case6,This is a colonoscopy frame from a patient with no polyps.
Sun_Multimodal/Train_Negative/case11_negative_img_01634.jpg,case11,This is a colonoscopy frame from a patient with no polyps.
Sun_Multimodal/Train_Negative/case12_negative_img_04626.jpg,case12,This is a colonoscopy frame from a patient with no polyps.
Sun_Multimodal/Train_Negative/case13_negative_img_04251.jpg,case13,This is a colonoscopy frame from a patient with no polyps.
Sun_Multimodal/Train_Negative/case1_negative_img_03734.jpg,case1,This is a colonoscopy frame from a patient with no polyps.
Sun_Multimodal/Train_Negative/case5_negative_img_06559.jpg,case5,This is a colonoscopy frame from a patient with no polyps.
Sun_Multimodal/Train_Negative/case2_negative_img_05633.jpg,case2,This is a colonoscopy frame from a patient with no polyps.
Sun_Multimodal/Train_Negative/case6_negative_img_07455.jpg,case6,This is a colonoscopy frame from a patient with no polyps.
Sun_Multimodal/Train_Negative/case3_negative_img_04404.jpg,case3,This is a colonoscopy frame from a patient with no polyps.
Sun_Multimodal/Train_Negative/case11_negative_img_02391.jpg,case11,This is a colonoscopy frame from a patient with no polyps.
Sun_Multimodal/Train_Negative/case11_negative_img_02436.jpg,case11,This is a colonoscopy frame from a patient with no polyps.
Sun_Multimodal/Train_Negative/case8_negative_img_01115.jpg,case8,This is a colonoscopy frame from a patient with no polyps.
Sun_Multimodal/Train_Negative/case12_negative_img_03948.jpg,case12,This is a colonoscopy frame from a patient with no polyps.
Sun_Multimodal/Train_Negative/case11_negative_img_00702.jpg,case11,This is a colonoscopy frame from a patient with no polyps.
Sun_Multimodal/Train_Negative/case12_negative_img_06605.jpg,case12,This is a colonoscopy frame from a patient with no polyps.
Sun_Multimodal/Train_Negative/case8_negative_img_01906.jpg,case8,This is a colonoscopy frame from a patient with no polyps.
Sun_Multimodal/Train_Negative/case5_negative_img_00005.jpg,case5,This is a colonoscopy frame from a patient with no polyps.
Sun_Multimodal/Train_Negative/case8_negative_img_00334.jpg,case8,This is a colonoscopy frame from a patient with no polyps.
Sun_Multimodal/Train_Negative/case6_negative_img_13190.jpg,case6,This is a colonoscopy frame from a patient with no polyps.
Sun_Multimodal/Train_Negative/case10_negative_img_03759.jpg,case10,This is a colonoscopy frame from a patient with no polyps.
Sun_Multimodal/Train_Negative/case13_negative_img_03015.jpg,case13,This is a colonoscopy frame from a patient with no polyps.
Sun_Multimodal/Train_Negative/case10_negative_img_06814.jpg,case10,This is a colonoscopy frame from a patient with no polyps.
Sun_Multimodal/Train_Negative/case5_negative_img_04043.jpg,case5,This is a colonoscopy frame from a patient with no polyps.
Sun_Multimodal/Train_Negative/case10_negative_img_02578.jpg,case10,This is a colonoscopy frame from a patient with no polyps.
Sun_Multimodal/Train_Negative/case1_negative_img_06225.jpg,case1,This is a colonoscopy frame from a patient with no polyps.
Sun_Multimodal/Train_Negative/case1_negative_img_01589.jpg,case1,This is a colonoscopy frame from a patient with no polyps.
Sun_Multimodal/Train_Negative/case8_negative_img_02539.jpg,case8,This is a colonoscopy frame from a patient with no polyps.
Sun_Multimodal/Train_Negative/case10_negative_img_05573.jpg,case10,This is a colonoscopy frame from a patient with no polyps.
Sun_Multimodal/Train_Negative/case6_negative_img_02632.jpg,case6,This is a colonoscopy frame from a patient with no polyps.
Sun_Multimodal/Train_Negative/case2_negative_img_01214.jpg,case2,This is a colonoscopy frame from a patient with no polyps.
Sun_Multimodal/Train_Negative/case8_negative_img_00968.jpg,case8,This is a colonoscopy frame from a patient with no polyps.
Sun_Multimodal/Train_Negative/case13_negative_img_02542.jpg,case13,This is a colonoscopy frame from a patient with no polyps.
Sun_Multimodal/Train_Negative/case12_negative_img_02692.jpg,case12,This is a colonoscopy frame from a patient with no polyps.
Sun_Multimodal/Train_Negative/case3_negative_img_03691.jpg,case3,This is a colonoscopy frame from a patient with no polyps.
Sun_Multimodal/Train_Negative/case6_negative_img_01346.jpg,case6,This is a colonoscopy frame from a patient with no polyps.
Sun_Multimodal/Train_Negative/case12_negative_img_03314.jpg,case12,This is a colonoscopy frame from a patient with no polyps.
Sun_Multimodal/Train_Negative/case5_negative_img_05966.jpg,case5,This is a colonoscopy frame from a patient with no polyps.
Sun_Multimodal/Train_Negative/case2_negative_img_01497.jpg,case2,This is a colonoscopy frame from a patient with no polyps.
Sun_Multimodal/Train_Negative/case13_negative_img_01573.jpg,case13,This is a colonoscopy frame from a patient with no polyps.
Sun_Multimodal/Train_Negative/case8_negative_img_00399.jpg,case8,This is a colonoscopy frame from a patient with no polyps.
Sun_Multimodal/Train_Negative/case3_negative_img_03012.jpg,case3,This is a colonoscopy frame from a patient with no polyps.
Sun_Multimodal/Train_Negative/case13_negative_img_02814.jpg,case13,This is a colonoscopy frame from a patient with no polyps.
Sun_Multimodal/Train_Negative/case13_negative_img_01112.jpg,case13,This is a colonoscopy frame from a patient with no polyps.
Sun_Multimodal/Train_Negative/case13_negative_img_00752.jpg,case13,This is a colonoscopy frame from a patient with no polyps.
Sun_Multimodal/Train_Negative/case13_negative_img_03647.jpg,case13,This is a colonoscopy frame from a patient with no polyps.
Sun_Multimodal/Train_Negative/case12_negative_img_02470.jpg,case12,This is a colonoscopy frame from a patient with no polyps.
Sun_Multimodal/Train_Negative/case3_negative_img_03801.jpg,case3,This is a colonoscopy frame from a patient with no polyps.
Sun_Multimodal/Train_Negative/case6_negative_img_05878.jpg,case6,This is a colonoscopy frame from a patient with no polyps.
Sun_Multimodal/Train_Negative/case8_negative_img_01169.jpg,case8,This is a colonoscopy frame from a patient with no polyps.
Sun_Multimodal/Train_Negative/case1_negative_img_07120.jpg,case1,This is a colonoscopy frame from a patient with no polyps.
Sun_Multimodal/Train_Negative/case13_negative_img_03696.jpg,case13,This is a colonoscopy frame from a patient with no polyps.
Sun_Multimodal/Train_Negative/case10_negative_img_00768.jpg,case10,This is a colonoscopy frame from a patient with no polyps.
Sun_Multimodal/Train_Negative/case5_negative_img_06986.jpg,case5,This is a colonoscopy frame from a patient with no polyps.
Sun_Multimodal/Train_Negative/case13_negative_img_03922.jpg,case13,This is a colonoscopy frame from a patient with no polyps.
Sun_Multimodal/Train_Negative/case8_negative_img_00348.jpg,case8,This is a colonoscopy frame from a patient with no polyps.
Sun_Multimodal/Train_Negative/case6_negative_img_11855.jpg,case6,This is a colonoscopy frame from a patient with no polyps.
Sun_Multimodal/Train_Negative/case11_negative_img_00992.jpg,case11,This is a colonoscopy frame from a patient with no polyps.
Sun_Multimodal/Train_Negative/case1_negative_img_01194.jpg,case1,This is a colonoscopy frame from a patient with no polyps.
Sun_Multimodal/Train_Negative/case3_negative_img_05416.jpg,case3,This is a colonoscopy frame from a patient with no polyps.
Sun_Multimodal/Train_Negative/case11_negative_img_02512.jpg,case11,This is a colonoscopy frame from a patient with no polyps.
Sun_Multimodal/Train_Negative/case13_negative_img_06090.jpg,case13,This is a colonoscopy frame from a patient with no polyps.
Sun_Multimodal/Train_Negative/case6_negative_img_14221.jpg,case6,This is a colonoscopy frame from a patient with no polyps.
Sun_Multimodal/Train_Negative/case8_negative_img_01822.jpg,case8,This is a colonoscopy frame from a patient with no polyps.
Sun_Multimodal/Train_Negative/case5_negative_img_00121.jpg,case5,This is a colonoscopy frame from a patient with no polyps.
Sun_Multimodal/Train_Negative/case5_negative_img_00657.jpg,case5,This is a colonoscopy frame from a patient with no polyps.
Sun_Multimodal/Train_Negative/case2_negative_img_08923.jpg,case2,This is a colonoscopy frame from a patient with no polyps.
Sun_Multimodal/Train_Negative/case13_negative_img_04375.jpg,case13,This is a colonoscopy frame from a patient with no polyps.
Sun_Multimodal/Train_Negative/case8_negative_img_01747.jpg,case8,This is a colonoscopy frame from a patient with no polyps.
Sun_Multimodal/Train_Negative/case8_negative_img_00107.jpg,case8,This is a colonoscopy frame from a patient with no polyps.
Sun_Multimodal/Train_Negative/case11_negative_img_02264.jpg,case11,This is a colonoscopy frame from a patient with no polyps.
Sun_Multimodal/Train_Negative/case12_negative_img_04363.jpg,case12,This is a colonoscopy frame from a patient with no polyps.
Sun_Multimodal/Train_Negative/case5_negative_img_02911.jpg,case5,This is a colonoscopy frame from a patient with no polyps.
Sun_Multimodal/Train_Negative/case10_negative_img_05481.jpg,case10,This is a colonoscopy frame from a patient with no polyps.
Sun_Multimodal/Train_Negative/case13_negative_img_03586.jpg,case13,This is a colonoscopy frame from a patient with no polyps.
Sun_Multimodal/Train_Negative/case8_negative_img_00058.jpg,case8,This is a colonoscopy frame from a patient with no polyps.
Sun_Multimodal/Train_Negative/case3_negative_img_03474.jpg,case3,This is a colonoscopy frame from a patient with no polyps.
Sun_Multimodal/Train_Negative/case13_negative_img_03691.jpg,case13,This is a colonoscopy frame from a patient with no polyps.
Sun_Multimodal/Train_Negative/case3_negative_img_02542.jpg,case3,This is a colonoscopy frame from a patient with no polyps.
Sun_Multimodal/Train_Negative/case2_negative_img_00660.jpg,case2,This is a colonoscopy frame from a patient with no polyps.
Sun_Multimodal/Train_Negative/case11_negative_img_01558.jpg,case11,This is a colonoscopy frame from a patient with no polyps.
Sun_Multimodal/Train_Negative/case5_negative_img_05720.jpg,case5,This is a colonoscopy frame from a patient with no polyps.
Sun_Multimodal/Train_Negative/case12_negative_img_00792.jpg,case12,This is a colonoscopy frame from a patient with no polyps.
Sun_Multimodal/Train_Negative/case5_negative_img_06192.jpg,case5,This is a colonoscopy frame from a patient with no polyps.
Sun_Multimodal/Train_Negative/case2_negative_img_00201.jpg,case2,This is a colonoscopy frame from a patient with no polyps.
Sun_Multimodal/Train_Negative/case12_negative_img_01675.jpg,case12,This is a colonoscopy frame from a patient with no polyps.
Sun_Multimodal/Train_Negative/case13_negative_img_04065.jpg,case13,This is a colonoscopy frame from a patient with no polyps.
Sun_Multimodal/Train_Negative/case11_negative_img_00995.jpg,case11,This is a colonoscopy frame from a patient with no polyps.
Sun_Multimodal/Train_Negative/case3_negative_img_04984.jpg,case3,This is a colonoscopy frame from a patient with no polyps.
Sun_Multimodal/Train_Negative/case5_negative_img_02212.jpg,case5,This is a colonoscopy frame from a patient with no polyps.
Sun_Multimodal/Train_Negative/case11_negative_img_03880.jpg,case11,This is a colonoscopy frame from a patient with no polyps.
Sun_Multimodal/Train_Negative/case8_negative_img_01791.jpg,case8,This is a colonoscopy frame from a patient with no polyps.
Sun_Multimodal/Train_Negative/case1_negative_img_02086.jpg,case1,This is a colonoscopy frame from a patient with no polyps.
Sun_Multimodal/Train_Negative/case6_negative_img_01839.jpg,case6,This is a colonoscopy frame from a patient with no polyps.
Sun_Multimodal/Train_Negative/case10_negative_img_00983.jpg,case10,This is a colonoscopy frame from a patient with no polyps.
Sun_Multimodal/Train_Negative/case1_negative_img_04979.jpg,case1,This is a colonoscopy frame from a patient with no polyps.
Sun_Multimodal/Train_Negative/case5_negative_img_03033.jpg,case5,This is a colonoscopy frame from a patient with no polyps.
Sun_Multimodal/Train_Negative/case2_negative_img_06512.jpg,case2,This is a colonoscopy frame from a patient with no polyps.
Sun_Multimodal/Train_Negative/case12_negative_img_06081.jpg,case12,This is a colonoscopy frame from a patient with no polyps.
Sun_Multimodal/Train_Negative/case8_negative_img_01457.jpg,case8,This is a colonoscopy frame from a patient with no polyps.
Sun_Multimodal/Train_Negative/case10_negative_img_03435.jpg,case10,This is a colonoscopy frame from a patient with no polyps.
Sun_Multimodal/Train_Negative/case8_negative_img_01486.jpg,case8,This is a colonoscopy frame from a patient with no polyps.
Sun_Multimodal/Train_Negative/case8_negative_img_00561.jpg,case8,This is a colonoscopy frame from a patient with no polyps.
Sun_Multimodal/Train_Negative/case3_negative_img_06613.jpg,case3,This is a colonoscopy frame from a patient with no polyps.
Sun_Multimodal/Train_Negative/case3_negative_img_05706.jpg,case3,This is a colonoscopy frame from a patient with no polyps.
Sun_Multimodal/Train_Negative/case10_negative_img_04399.jpg,case10,This is a colonoscopy frame from a patient with no polyps.
Sun_Multimodal/Train_Negative/case2_negative_img_04531.jpg,case2,This is a colonoscopy frame from a patient with no polyps.
Sun_Multimodal/Train_Negative/case2_negative_img_04296.jpg,case2,This is a colonoscopy frame from a patient with no polyps.
Sun_Multimodal/Train_Negative/case11_negative_img_03851.jpg,case11,This is a colonoscopy frame from a patient with no polyps.
Sun_Multimodal/Train_Negative/case11_negative_img_00536.jpg,case11,This is a colonoscopy frame from a patient with no polyps.
Sun_Multimodal/Train_Negative/case12_negative_img_05283.jpg,case12,This is a colonoscopy frame from a patient with no polyps.
Sun_Multimodal/Train_Negative/case5_negative_img_01134.jpg,case5,This is a colonoscopy frame from a patient with no polyps.
Sun_Multimodal/Train_Negative/case6_negative_img_00038.jpg,case6,This is a colonoscopy frame from a patient with no polyps.
Sun_Multimodal/Train_Negative/case10_negative_img_01991.jpg,case10,This is a colonoscopy frame from a patient with no polyps.
Sun_Multimodal/Train_Negative/case5_negative_img_02021.jpg,case5,This is a colonoscopy frame from a patient with no polyps.
Sun_Multimodal/Train_Negative/case8_negative_img_00783.jpg,case8,This is a colonoscopy frame from a patient with no polyps.
Sun_Multimodal/Train_Negative/case3_negative_img_03408.jpg,case3,This is a colonoscopy frame from a patient with no polyps.
Sun_Multimodal/Train_Negative/case5_negative_img_01927.jpg,case5,This is a colonoscopy frame from a patient with no polyps.
Sun_Multimodal/Train_Negative/case6_negative_img_15655.jpg,case6,This is a colonoscopy frame from a patient with no polyps.
Sun_Multimodal/Train_Negative/case10_negative_img_00065.jpg,case10,This is a colonoscopy frame from a patient with no polyps.
Sun_Multimodal/Train_Negative/case11_negative_img_00412.jpg,case11,This is a colonoscopy frame from a patient with no polyps.
Sun_Multimodal/Train_Negative/case11_negative_img_01252.jpg,case11,This is a colonoscopy frame from a patient with no polyps.
Sun_Multimodal/Train_Negative/case12_negative_img_01268.jpg,case12,This is a colonoscopy frame from a patient with no polyps.
Sun_Multimodal/Train_Negative/case11_negative_img_01283.jpg,case11,This is a colonoscopy frame from a patient with no polyps.
Sun_Multimodal/Train_Negative/case6_negative_img_14763.jpg,case6,This is a colonoscopy frame from a patient with no polyps.
Sun_Multimodal/Train_Negative/case11_negative_img_00364.jpg,case11,This is a colonoscopy frame from a patient with no polyps.
Sun_Multimodal/Train_Negative/case10_negative_img_00713.jpg,case10,This is a colonoscopy frame from a patient with no polyps.
Sun_Multimodal/Train_Negative/case2_negative_img_07617.jpg,case2,This is a colonoscopy frame from a patient with no polyps.
Sun_Multimodal/Train_Negative/case6_negative_img_13768.jpg,case6,This is a colonoscopy frame from a patient with no polyps.
Sun_Multimodal/Train_Negative/case1_negative_img_03045.jpg,case1,This is a colonoscopy frame from a patient with no polyps.
Sun_Multimodal/Train_Negative/case10_negative_img_01940.jpg,case10,This is a colonoscopy frame from a patient with no polyps.
Sun_Multimodal/Train_Negative/case13_negative_img_04520.jpg,case13,This is a colonoscopy frame from a patient with no polyps.
Sun_Multimodal/Train_Negative/case2_negative_img_09936.jpg,case2,This is a colonoscopy frame from a patient with no polyps.
Sun_Multimodal/Train_Negative/case12_negative_img_04157.jpg,case12,This is a colonoscopy frame from a patient with no polyps.
Sun_Multimodal/Train_Negative/case8_negative_img_01901.jpg,case8,This is a colonoscopy frame from a patient with no polyps.
Sun_Multimodal/Train_Negative/case3_negative_img_02814.jpg,case3,This is a colonoscopy frame from a patient with no polyps.
Sun_Multimodal/Train_Negative/case12_negative_img_03465.jpg,case12,This is a colonoscopy frame from a patient with no polyps.
Sun_Multimodal/Train_Negative/case6_negative_img_03362.jpg,case6,This is a colonoscopy frame from a patient with no polyps.
Sun_Multimodal/Train_Negative/case6_negative_img_11165.jpg,case6,This is a colonoscopy frame from a patient with no polyps.
Sun_Multimodal/Train_Negative/case6_negative_img_13984.jpg,case6,This is a colonoscopy frame from a patient with no polyps.
Sun_Multimodal/Train_Negative/case8_negative_img_01859.jpg,case8,This is a colonoscopy frame from a patient with no polyps.
Sun_Multimodal/Train_Negative/case1_negative_img_07462.jpg,case1,This is a colonoscopy frame from a patient with no polyps.
Sun_Multimodal/Train_Negative/case13_negative_img_03801.jpg,case13,This is a colonoscopy frame from a patient with no polyps.
Sun_Multimodal/Train_Negative/case3_negative_img_01112.jpg,case3,This is a colonoscopy frame from a patient with no polyps.
Sun_Multimodal/Train_Negative/case10_negative_img_04334.jpg,case10,This is a colonoscopy frame from a patient with no polyps.
Sun_Multimodal/Train_Negative/case3_negative_img_00752.jpg,case3,This is a colonoscopy frame from a patient with no polyps.
Sun_Multimodal/Train_Negative/case12_negative_img_01780.jpg,case12,This is a colonoscopy frame from a patient with no polyps.
Sun_Multimodal/Train_Negative/case3_negative_img_00024.jpg,case3,This is a colonoscopy frame from a patient with no polyps.
Sun_Multimodal/Train_Negative/case10_negative_img_04442.jpg,case10,This is a colonoscopy frame from a patient with no polyps.
Sun_Multimodal/Train_Negative/case5_negative_img_07180.jpg,case5,This is a colonoscopy frame from a patient with no polyps.
Sun_Multimodal/Train_Negative/case6_negative_img_10840.jpg,case6,This is a colonoscopy frame from a patient with no polyps.
Sun_Multimodal/Train_Negative/case10_negative_img_05202.jpg,case10,This is a colonoscopy frame from a patient with no polyps.
Sun_Multimodal/Train_Negative/case2_negative_img_03546.jpg,case2,This is a colonoscopy frame from a patient with no polyps.
Sun_Multimodal/Train_Negative/case11_negative_img_00938.jpg,case11,This is a colonoscopy frame from a patient with no polyps.
Sun_Multimodal/Train_Negative/case12_negative_img_00206.jpg,case12,This is a colonoscopy frame from a patient with no polyps.
Sun_Multimodal/Train_Negative/case1_negative_img_06692.jpg,case1,This is a colonoscopy frame from a patient with no polyps.
Sun_Multimodal/Train_Negative/case12_negative_img_02553.jpg,case12,This is a colonoscopy frame from a patient with no polyps.
Sun_Multimodal/Train_Negative/case5_negative_img_04886.jpg,case5,This is a colonoscopy frame from a patient with no polyps.
Sun_Multimodal/Train_Negative/case6_negative_img_16618.jpg,case6,This is a colonoscopy frame from a patient with no polyps.
Sun_Multimodal/Train_Negative/case10_negative_img_03028.jpg,case10,This is a colonoscopy frame from a patient with no polyps.
Sun_Multimodal/Train_Negative/case11_negative_img_04058.jpg,case11,This is a colonoscopy frame from a patient with no polyps.
Sun_Multimodal/Train_Negative/case10_negative_img_00296.jpg,case10,This is a colonoscopy frame from a patient with no polyps.
Sun_Multimodal/Train_Negative/case3_negative_img_04157.jpg,case3,This is a colonoscopy frame from a patient with no polyps.
Sun_Multimodal/Train_Negative/case10_negative_img_03856.jpg,case10,This is a colonoscopy frame from a patient with no polyps.
Sun_Multimodal/Train_Negative/case2_negative_img_07435.jpg,case2,This is a colonoscopy frame from a patient with no polyps.
Sun_Multimodal/Train_Negative/case1_negative_img_02427.jpg,case1,This is a colonoscopy frame from a patient with no polyps.
Sun_Multimodal/Train_Negative/case2_negative_img_06275.jpg,case2,This is a colonoscopy frame from a patient with no polyps.
Sun_Multimodal/Train_Negative/case11_negative_img_00527.jpg,case11,This is a colonoscopy frame from a patient with no polyps.
Sun_Multimodal/Train_Negative/case3_negative_img_01268.jpg,case3,This is a colonoscopy frame from a patient with no polyps.
Sun_Multimodal/Train_Negative/case13_negative_img_04702.jpg,case13,This is a colonoscopy frame from a patient with no polyps.
Sun_Multimodal/Train_Negative/case2_negative_img_05701.jpg,case2,This is a colonoscopy frame from a patient with no polyps.
Sun_Multimodal/Train_Negative/case5_negative_img_03335.jpg,case5,This is a colonoscopy frame from a patient with no polyps.
Sun_Multimodal/Train_Negative/case11_negative_img_02272.jpg,case11,This is a colonoscopy frame from a patient with no polyps.
Sun_Multimodal/Train_Negative/case6_negative_img_16675.jpg,case6,This is a colonoscopy frame from a patient with no polyps.
Sun_Multimodal/Train_Negative/case1_negative_img_02046.jpg,case1,This is a colonoscopy frame from a patient with no polyps.
Sun_Multimodal/Train_Negative/case11_negative_img_03840.jpg,case11,This is a colonoscopy frame from a patient with no polyps.
Sun_Multimodal/Train_Negative/case8_negative_img_01027.jpg,case8,This is a colonoscopy frame from a patient with no polyps.
Sun_Multimodal/Train_Negative/case12_negative_img_03408.jpg,case12,This is a colonoscopy frame from a patient with no polyps.
Sun_Multimodal/Train_Negative/case5_negative_img_05208.jpg,case5,This is a colonoscopy frame from a patient with no polyps.
Sun_Multimodal/Train_Negative/case10_negative_img_02173.jpg,case10,This is a colonoscopy frame from a patient with no polyps.
Sun_Multimodal/Train_Negative/case2_negative_img_04637.jpg,case2,This is a colonoscopy frame from a patient with no polyps.
Sun_Multimodal/Train_Negative/case1_negative_img_03511.jpg,case1,This is a colonoscopy frame from a patient with no polyps.
Sun_Multimodal/Train_Negative/case11_negative_img_03725.jpg,case11,This is a colonoscopy frame from a patient with no polyps.
Sun_Multimodal/Train_Negative/case2_negative_img_07343.jpg,case2,This is a colonoscopy frame from a patient with no polyps.
Sun_Multimodal/Train_Negative/case2_negative_img_08596.jpg,case2,This is a colonoscopy frame from a patient with no polyps.
Sun_Multimodal/Train_Negative/case10_negative_img_00992.jpg,case10,This is a colonoscopy frame from a patient with no polyps.
Sun_Multimodal/Train_Negative/case2_negative_img_04983.jpg,case2,This is a colonoscopy frame from a patient with no polyps.
Sun_Multimodal/Train_Negative/case13_negative_img_04867.jpg,case13,This is a colonoscopy frame from a patient with no polyps.
Sun_Multimodal/Train_Negative/case3_negative_img_05558.jpg,case3,This is a colonoscopy frame from a patient with no polyps.
Sun_Multimodal/Train_Negative/case5_negative_img_07405.jpg,case5,This is a colonoscopy frame from a patient with no polyps.
Sun_Multimodal/Train_Negative/case3_negative_img_02553.jpg,case3,This is a colonoscopy frame from a patient with no polyps.
Sun_Multimodal/Train_Negative/case12_negative_img_00024.jpg,case12,This is a colonoscopy frame from a patient with no polyps.
Sun_Multimodal/Train_Negative/case1_negative_img_08857.jpg,case1,This is a colonoscopy frame from a patient with no polyps.
Sun_Multimodal/Train_Negative/case3_negative_img_01780.jpg,case3,This is a colonoscopy frame from a patient with no polyps.
Sun_Multimodal/Train_Negative/case3_negative_img_05139.jpg,case3,This is a colonoscopy frame from a patient with no polyps.
Sun_Multimodal/Train_Negative/case2_negative_img_09529.jpg,case2,This is a colonoscopy frame from a patient with no polyps.
Sun_Multimodal/Train_Negative/case6_negative_img_12283.jpg,case6,This is a colonoscopy frame from a patient with no polyps.
Sun_Multimodal/Train_Negative/case8_negative_img_01268.jpg,case8,This is a colonoscopy frame from a patient with no polyps.
Sun_Multimodal/Train_Negative/case1_negative_img_06813.jpg,case1,This is a colonoscopy frame from a patient with no polyps.
Sun_Multimodal/Train_Negative/case11_negative_img_04100.jpg,case11,This is a colonoscopy frame from a patient with no polyps.
Sun_Multimodal/Train_Negative/case1_negative_img_09513.jpg,case1,This is a colonoscopy frame from a patient with no polyps.
Sun_Multimodal/Train_Negative/case12_negative_img_01112.jpg,case12,This is a colonoscopy frame from a patient with no polyps.
Sun_Multimodal/Train_Negative/case5_negative_img_06152.jpg,case5,This is a colonoscopy frame from a patient with no polyps.
Sun_Multimodal/Train_Negative/case1_negative_img_05574.jpg,case1,This is a colonoscopy frame from a patient with no polyps.
Sun_Multimodal/Train_Negative/case13_negative_img_01917.jpg,case13,This is a colonoscopy frame from a patient with no polyps.
Sun_Multimodal/Train_Negative/case2_negative_img_01481.jpg,case2,This is a colonoscopy frame from a patient with no polyps.
Sun_Multimodal/Train_Negative/case10_negative_img_00469.jpg,case10,This is a colonoscopy frame from a patient with no polyps.
Sun_Multimodal/Train_Negative/case1_negative_img_04334.jpg,case1,This is a colonoscopy frame from a patient with no polyps.
Sun_Multimodal/Train_Negative/case12_negative_img_00752.jpg,case12,This is a colonoscopy frame from a patient with no polyps.
Sun_Multimodal/Train_Negative/case3_negative_img_03465.jpg,case3,This is a colonoscopy frame from a patient with no polyps.
Sun_Multimodal/Train_Negative/case10_negative_img_01648.jpg,case10,This is a colonoscopy frame from a patient with no polyps.
Sun_Multimodal/Train_Negative/case13_negative_img_02926.jpg,case13,This is a colonoscopy frame from a patient with no polyps.
Sun_Multimodal/Train_Negative/case5_negative_img_03728.jpg,case5,This is a colonoscopy frame from a patient with no polyps.
Sun_Multimodal/Train_Negative/case10_negative_img_04821.jpg,case10,This is a colonoscopy frame from a patient with no polyps.
Sun_Multimodal/Train_Negative/case2_negative_img_00442.jpg,case2,This is a colonoscopy frame from a patient with no polyps.
Sun_Multimodal/Train_Negative/case3_negative_img_00792.jpg,case3,This is a colonoscopy frame from a patient with no polyps.
Sun_Multimodal/Train_Negative/case8_negative_img_02259.jpg,case8,This is a colonoscopy frame from a patient with no polyps.
Sun_Multimodal/Train_Negative/case3_negative_img_01675.jpg,case3,This is a colonoscopy frame from a patient with no polyps.
Sun_Multimodal/Train_Negative/case12_negative_img_02542.jpg,case12,This is a colonoscopy frame from a patient with no polyps.
Sun_Multimodal/Train_Negative/case3_negative_img_04938.jpg,case3,This is a colonoscopy frame from a patient with no polyps.
Sun_Multimodal/Train_Negative/case6_negative_img_02990.jpg,case6,This is a colonoscopy frame from a patient with no polyps.
Sun_Multimodal/Train_Negative/case11_negative_img_04445.jpg,case11,This is a colonoscopy frame from a patient with no polyps.
Sun_Multimodal/Train_Negative/case13_negative_img_01020.jpg,case13,This is a colonoscopy frame from a patient with no polyps.
Sun_Multimodal/Train_Negative/case1_negative_img_09087.jpg,case1,This is a colonoscopy frame from a patient with no polyps.
Sun_Multimodal/Train_Negative/case5_negative_img_04393.jpg,case5,This is a colonoscopy frame from a patient with no polyps.
Sun_Multimodal/Train_Negative/case12_negative_img_03474.jpg,case12,This is a colonoscopy frame from a patient with no polyps.
Sun_Multimodal/Train_Negative/case6_negative_img_13186.jpg,case6,This is a colonoscopy frame from a patient with no polyps.
Sun_Multimodal/Train_Negative/case2_negative_img_00334.jpg,case2,This is a colonoscopy frame from a patient with no polyps.
Sun_Multimodal/Train_Negative/case13_negative_img_04469.jpg,case13,This is a colonoscopy frame from a patient with no polyps.
Sun_Multimodal/Train_Negative/case11_negative_img_04752.jpg,case11,This is a colonoscopy frame from a patient with no polyps.
Sun_Multimodal/Train_Negative/case1_negative_img_06233.jpg,case1,This is a colonoscopy frame from a patient with no polyps.
Sun_Multimodal/Train_Negative/case6_negative_img_14772.jpg,case6,This is a colonoscopy frame from a patient with no polyps.
Sun_Multimodal/Train_Negative/case3_negative_img_05283.jpg,case3,This is a colonoscopy frame from a patient with no polyps.
Sun_Multimodal/Train_Negative/case10_negative_img_00702.jpg,case10,This is a colonoscopy frame from a patient with no polyps.
Sun_Multimodal/Train_Negative/case2_negative_img_04713.jpg,case2,This is a colonoscopy frame from a patient with no polyps.
Sun_Multimodal/Train_Negative/case6_negative_img_13318.jpg,case6,This is a colonoscopy frame from a patient with no polyps.
Sun_Multimodal/Train_Negative/case12_negative_img_06613.jpg,case12,This is a colonoscopy frame from a patient with no polyps.
Sun_Multimodal/Train_Negative/case12_negative_img_05706.jpg,case12,This is a colonoscopy frame from a patient with no polyps.
Sun_Multimodal/Train_Negative/case10_negative_img_01523.jpg,case10,This is a colonoscopy frame from a patient with no polyps.
Sun_Multimodal/Train_Negative/case3_negative_img_05145.jpg,case3,This is a colonoscopy frame from a patient with no polyps.
Sun_Multimodal/Train_Negative/case2_negative_img_09927.jpg,case2,This is a colonoscopy frame from a patient with no polyps.
Sun_Multimodal/Train_Negative/case2_negative_img_09555.jpg,case2,This is a colonoscopy frame from a patient with no polyps.
Sun_Multimodal/Train_Negative/case11_negative_img_01185.jpg,case11,This is a colonoscopy frame from a patient with no polyps.
Sun_Multimodal/Train_Negative/case13_negative_img_00359.jpg,case13,This is a colonoscopy frame from a patient with no polyps.
Sun_Multimodal/Train_Negative/case10_negative_img_00415.jpg,case10,This is a colonoscopy frame from a patient with no polyps.
Sun_Multimodal/Train_Negative/case8_negative_img_02301.jpg,case8,This is a colonoscopy frame from a patient with no polyps.
Sun_Multimodal/Train_Negative/case6_negative_img_04137.jpg,case6,This is a colonoscopy frame from a patient with no polyps.
Sun_Multimodal/Train_Negative/case5_negative_img_00765.jpg,case5,This is a colonoscopy frame from a patient with no polyps.
Sun_Multimodal/Train_Negative/case3_negative_img_06081.jpg,case3,This is a colonoscopy frame from a patient with no polyps.
Sun_Multimodal/Train_Negative/case11_negative_img_01243.jpg,case11,This is a colonoscopy frame from a patient with no polyps.
Sun_Multimodal/Train_Negative/case1_negative_img_05169.jpg,case1,This is a colonoscopy frame from a patient with no polyps.
Sun_Multimodal/Train_Negative/case12_negative_img_04984.jpg,case12,This is a colonoscopy frame from a patient with no polyps.
Sun_Multimodal/Train_Negative/case11_negative_img_02883.jpg,case11,This is a colonoscopy frame from a patient with no polyps.
Sun_Multimodal/Train_Negative/case8_negative_img_01675.jpg,case8,This is a colonoscopy frame from a patient with no polyps.
Sun_Multimodal/Train_Negative/case6_negative_img_16751.jpg,case6,This is a colonoscopy frame from a patient with no polyps.
Sun_Multimodal/Train_Negative/case6_negative_img_13943.jpg,case6,This is a colonoscopy frame from a patient with no polyps.
Sun_Multimodal/Train_Negative/case13_negative_img_05558.jpg,case13,This is a colonoscopy frame from a patient with no polyps.
Sun_Multimodal/Train_Negative/case2_negative_img_00445.jpg,case2,This is a colonoscopy frame from a patient with no polyps.
Sun_Multimodal/Train_Negative/case5_negative_img_04345.jpg,case5,This is a colonoscopy frame from a patient with no polyps.
Sun_Multimodal/Train_Negative/case12_negative_img_02937.jpg,case12,This is a colonoscopy frame from a patient with no polyps.
Sun_Multimodal/Train_Negative/case2_negative_img_03131.jpg,case2,This is a colonoscopy frame from a patient with no polyps.
Sun_Multimodal/Train_Negative/case11_negative_img_04830.jpg,case11,This is a colonoscopy frame from a patient with no polyps.
Sun_Multimodal/Train_Negative/case13_negative_img_01027.jpg,case13,This is a colonoscopy frame from a patient with no polyps.
Sun_Multimodal/Train_Negative/case8_negative_img_02198.jpg,case8,This is a colonoscopy frame from a patient with no polyps.
Sun_Multimodal/Train_Negative/case13_negative_img_05139.jpg,case13,This is a colonoscopy frame from a patient with no polyps.
Sun_Multimodal/Train_Negative/case1_negative_img_01128.jpg,case1,This is a colonoscopy frame from a patient with no polyps.
Sun_Multimodal/Train_Negative/case5_negative_img_02278.jpg,case5,This is a colonoscopy frame from a patient with no polyps.
Sun_Multimodal/Train_Negative/case6_negative_img_02293.jpg,case6,This is a colonoscopy frame from a patient with no polyps.
Sun_Multimodal/Train_Negative/case10_negative_img_04743.jpg,case10,This is a colonoscopy frame from a patient with no polyps.
Sun_Multimodal/Train_Negative/case12_negative_img_04478.jpg,case12,This is a colonoscopy frame from a patient with no polyps.
Sun_Multimodal/Train_Negative/case13_negative_img_02644.jpg,case13,This is a colonoscopy frame from a patient with no polyps.
Sun_Multimodal/Train_Negative/case12_negative_img_02233.jpg,case12,This is a colonoscopy frame from a patient with no polyps.
Sun_Multimodal/Train_Negative/case3_negative_img_02470.jpg,case3,This is a colonoscopy frame from a patient with no polyps.
Sun_Multimodal/Train_Negative/case2_negative_img_07759.jpg,case2,This is a colonoscopy frame from a patient with no polyps.
Sun_Multimodal/Train_Negative/case5_negative_img_04394.jpg,case5,This is a colonoscopy frame from a patient with no polyps.
Sun_Multimodal/Train_Negative/case13_negative_img_01330.jpg,case13,This is a colonoscopy frame from a patient with no polyps.
Sun_Multimodal/Train_Negative/case5_negative_img_07147.jpg,case5,This is a colonoscopy frame from a patient with no polyps.
Sun_Multimodal/Train_Negative/case12_negative_img_03012.jpg,case12,This is a colonoscopy frame from a patient with no polyps.
Sun_Multimodal/Train_Negative/case13_negative_img_03817.jpg,case13,This is a colonoscopy frame from a patient with no polyps.
Sun_Multimodal/Train_Negative/case1_negative_img_06593.jpg,case1,This is a colonoscopy frame from a patient with no polyps.
Sun_Multimodal/Train_Negative/case5_negative_img_00475.jpg,case5,This is a colonoscopy frame from a patient with no polyps.
Sun_Multimodal/Train_Negative/case5_negative_img_00807.jpg,case5,This is a colonoscopy frame from a patient with no polyps.
Sun_Multimodal/Train_Negative/case8_negative_img_00744.jpg,case8,This is a colonoscopy frame from a patient with no polyps.
Sun_Multimodal/Train_Negative/case11_negative_img_02427.jpg,case11,This is a colonoscopy frame from a patient with no polyps.
Sun_Multimodal/Train_Negative/case12_negative_img_03959.jpg,case12,This is a colonoscopy frame from a patient with no polyps.
Sun_Multimodal/Train_Negative/case3_negative_img_04363.jpg,case3,This is a colonoscopy frame from a patient with no polyps.
Sun_Multimodal/Train_Negative/case1_negative_img_08798.jpg,case1,This is a colonoscopy frame from a patient with no polyps.
Sun_Multimodal/Train_Negative/case1_negative_img_05618.jpg,case1,This is a colonoscopy frame from a patient with no polyps.
Sun_Multimodal/Train_Negative/case13_negative_img_04157.jpg,case13,This is a colonoscopy frame from a patient with no polyps.
Sun_Multimodal/Train_Negative/case13_negative_img_01609.jpg,case13,This is a colonoscopy frame from a patient with no polyps.
Sun_Multimodal/Train_Negative/case2_negative_img_05154.jpg,case2,This is a colonoscopy frame from a patient with no polyps.
Sun_Multimodal/Train_Negative/case10_negative_img_02431.jpg,case10,This is a colonoscopy frame from a patient with no polyps.
Sun_Multimodal/Train_Negative/case6_negative_img_09061.jpg,case6,This is a colonoscopy frame from a patient with no polyps.
Sun_Multimodal/Train_Negative/case5_negative_img_03101.jpg,case5,This is a colonoscopy frame from a patient with no polyps.
Sun_Multimodal/Train_Negative/case10_negative_img_01956.jpg,case10,This is a colonoscopy frame from a patient with no polyps.
Sun_Multimodal/Train_Negative/case2_negative_img_01859.jpg,case2,This is a colonoscopy frame from a patient with no polyps.
Sun_Multimodal/Train_Negative/case13_negative_img_00428.jpg,case13,This is a colonoscopy frame from a patient with no polyps.
Sun_Multimodal/Train_Negative/case5_negative_img_02037.jpg,case5,This is a colonoscopy frame from a patient with no polyps.
Sun_Multimodal/Train_Negative/case8_negative_img_02306.jpg,case8,This is a colonoscopy frame from a patient with no polyps.
Sun_Multimodal/Train_Negative/case12_negative_img_05077.jpg,case12,This is a colonoscopy frame from a patient with no polyps.
Sun_Multimodal/Train_Negative/case12_negative_img_04637.jpg,case12,This is a colonoscopy frame from a patient with no polyps.
Sun_Multimodal/Train_Negative/case11_negative_img_01625.jpg,case11,This is a colonoscopy frame from a patient with no polyps.
Sun_Multimodal/Train_Negative/case2_negative_img_06883.jpg,case2,This is a colonoscopy frame from a patient with no polyps.
Sun_Multimodal/Train_Negative/case1_negative_img_02504.jpg,case1,This is a colonoscopy frame from a patient with no polyps.
Sun_Multimodal/Train_Negative/case1_negative_img_04089.jpg,case1,This is a colonoscopy frame from a patient with no polyps.
Sun_Multimodal/Train_Negative/case12_negative_img_05416.jpg,case12,This is a colonoscopy frame from a patient with no polyps.
Sun_Multimodal/Train_Negative/case2_negative_img_08005.jpg,case2,This is a colonoscopy frame from a patient with no polyps.
Sun_Multimodal/Train_Negative/case3_negative_img_04867.jpg,case3,This is a colonoscopy frame from a patient with no polyps.
Sun_Multimodal/Train_Negative/case8_negative_img_01672.jpg,case8,This is a colonoscopy frame from a patient with no polyps.
Sun_Multimodal/Train_Negative/case6_negative_img_08944.jpg,case6,This is a colonoscopy frame from a patient with no polyps.
Sun_Multimodal/Train_Negative/case8_negative_img_00795.jpg,case8,This is a colonoscopy frame from a patient with no polyps.
Sun_Multimodal/Train_Negative/case8_negative_img_00032.jpg,case8,This is a colonoscopy frame from a patient with no polyps.
Sun_Multimodal/Train_Negative/case11_negative_img_02351.jpg,case11,This is a colonoscopy frame from a patient with no polyps.
Sun_Multimodal/Train_Negative/case2_negative_img_04527.jpg,case2,This is a colonoscopy frame from a patient with no polyps.
Sun_Multimodal/Train_Negative/case8_negative_img_02222.jpg,case8,This is a colonoscopy frame from a patient with no polyps.
Sun_Multimodal/Train_Negative/case1_negative_img_01292.jpg,case1,This is a colonoscopy frame from a patient with no polyps.
Sun_Multimodal/Train_Negative/case13_negative_img_01848.jpg,case13,This is a colonoscopy frame from a patient with no polyps.
Sun_Multimodal/Train_Negative/case3_negative_img_06605.jpg,case3,This is a colonoscopy frame from a patient with no polyps.
Sun_Multimodal/Train_Negative/case8_negative_img_00577.jpg,case8,This is a colonoscopy frame from a patient with no polyps.
Sun_Multimodal/Train_Negative/case5_negative_img_00646.jpg,case5,This is a colonoscopy frame from a patient with no polyps.
Sun_Multimodal/Train_Negative/case1_negative_img_02852.jpg,case1,This is a colonoscopy frame from a patient with no polyps.
Sun_Multimodal/Train_Negative/case11_negative_img_01360.jpg,case11,This is a colonoscopy frame from a patient with no polyps.
Sun_Multimodal/Train_Negative/case10_negative_img_01717.jpg,case10,This is a colonoscopy frame from a patient with no polyps.
Sun_Multimodal/Train_Negative/case13_negative_img_05145.jpg,case13,This is a colonoscopy frame from a patient with no polyps.
Sun_Multimodal/Train_Negative/case10_negative_img_05609.jpg,case10,This is a colonoscopy frame from a patient with no polyps.
Sun_Multimodal/Train_Negative/case12_negative_img_05295.jpg,case12,This is a colonoscopy frame from a patient with no polyps.
Sun_Multimodal/Train_Negative/case11_negative_img_03847.jpg,case11,This is a colonoscopy frame from a patient with no polyps.
Sun_Multimodal/Train_Negative/case8_negative_img_01787.jpg,case8,This is a colonoscopy frame from a patient with no polyps.
Sun_Multimodal/Train_Negative/case11_negative_img_03343.jpg,case11,This is a colonoscopy frame from a patient with no polyps.
Sun_Multimodal/Train_Negative/case5_negative_img_01311.jpg,case5,This is a colonoscopy frame from a patient with no polyps.
Sun_Multimodal/Train_Negative/case2_negative_img_07725.jpg,case2,This is a colonoscopy frame from a patient with no polyps.
Sun_Multimodal/Train_Negative/case12_negative_img_04404.jpg,case12,This is a colonoscopy frame from a patient with no polyps.
Sun_Multimodal/Train_Negative/case11_negative_img_01864.jpg,case11,This is a colonoscopy frame from a patient with no polyps.
Sun_Multimodal/Train_Negative/case5_negative_img_04789.jpg,case5,This is a colonoscopy frame from a patient with no polyps.
Sun_Multimodal/Train_Negative/case6_negative_img_08705.jpg,case6,This is a colonoscopy frame from a patient with no polyps.
Sun_Multimodal/Train_Negative/case8_negative_img_01441.jpg,case8,This is a colonoscopy frame from a patient with no polyps.
Sun_Multimodal/Train_Negative/case8_negative_img_00201.jpg,case8,This is a colonoscopy frame from a patient with no polyps.
Sun_Multimodal/Train_Negative/case5_negative_img_03025.jpg,case5,This is a colonoscopy frame from a patient with no polyps.
Sun_Multimodal/Train_Negative/case8_negative_img_02554.jpg,case8,This is a colonoscopy frame from a patient with no polyps.
Sun_Multimodal/Train_Negative/case3_negative_img_04626.jpg,case3,This is a colonoscopy frame from a patient with no polyps.
Sun_Multimodal/Train_Negative/case1_negative_img_05664.jpg,case1,This is a colonoscopy frame from a patient with no polyps.
Sun_Multimodal/Train_Negative/case5_negative_img_06242.jpg,case5,This is a colonoscopy frame from a patient with no polyps.
Sun_Multimodal/Train_Negative/case10_negative_img_04667.jpg,case10,This is a colonoscopy frame from a patient with no polyps.
Sun_Multimodal/Train_Negative/case5_negative_img_05882.jpg,case5,This is a colonoscopy frame from a patient with no polyps.
Sun_Multimodal/Train_Negative/case3_negative_img_03314.jpg,case3,This is a colonoscopy frame from a patient with no polyps.
Sun_Multimodal/Train_Negative/case8_negative_img_00738.jpg,case8,This is a colonoscopy frame from a patient with no polyps.
Sun_Multimodal/Train_Negative/case13_negative_img_03687.jpg,case13,This is a colonoscopy frame from a patient with no polyps.
Sun_Multimodal/Train_Negative/case2_negative_img_02684.jpg,case2,This is a colonoscopy frame from a patient with no polyps.
Sun_Multimodal/Train_Negative/case13_negative_img_04938.jpg,case13,This is a colonoscopy frame from a patient with no polyps.
Sun_Multimodal/Train_Negative/case1_negative_img_08850.jpg,case1,This is a colonoscopy frame from a patient with no polyps.
Sun_Multimodal/Train_Negative/case10_negative_img_00318.jpg,case10,This is a colonoscopy frame from a patient with no polyps.
Sun_Multimodal/Train_Negative/case13_negative_img_00454.jpg,case13,This is a colonoscopy frame from a patient with no polyps.
Sun_Multimodal/Train_Negative/case3_negative_img_02692.jpg,case3,This is a colonoscopy frame from a patient with no polyps.
Sun_Multimodal/Train_Negative/case10_negative_img_06553.jpg,case10,This is a colonoscopy frame from a patient with no polyps.
Sun_Multimodal/Train_Negative/case8_negative_img_00388.jpg,case8,This is a colonoscopy frame from a patient with no polyps.
Sun_Multimodal/Train_Negative/case13_negative_img_03590.jpg,case13,This is a colonoscopy frame from a patient with no polyps.
Sun_Multimodal/Train_Negative/case13_negative_img_03656.jpg,case13,This is a colonoscopy frame from a patient with no polyps.
Sun_Multimodal/Train_Negative/case5_negative_img_05386.jpg,case5,This is a colonoscopy frame from a patient with no polyps.
Sun_Multimodal/Train_Negative/case6_negative_img_03954.jpg,case6,This is a colonoscopy frame from a patient with no polyps.
Sun_Multimodal/Train_Negative/case10_negative_img_04828.jpg,case10,This is a colonoscopy frame from a patient with no polyps.
Sun_Multimodal/Train_Negative/case2_negative_img_05315.jpg,case2,This is a colonoscopy frame from a patient with no polyps.
Sun_Multimodal/Train_Negative/case11_negative_img_01773.jpg,case11,This is a colonoscopy frame from a patient with no polyps.
Sun_Multimodal/Train_Negative/case11_negative_img_03781.jpg,case11,This is a colonoscopy frame from a patient with no polyps.
Sun_Multimodal/Train_Negative/case3_negative_img_06677.jpg,case3,This is a colonoscopy frame from a patient with no polyps.
Sun_Multimodal/Train_Negative/case2_negative_img_04134.jpg,case2,This is a colonoscopy frame from a patient with no polyps.
Sun_Multimodal/Train_Negative/case13_negative_img_00669.jpg,case13,This is a colonoscopy frame from a patient with no polyps.
Sun_Multimodal/Train_Negative/case3_negative_img_05303.jpg,case3,This is a colonoscopy frame from a patient with no polyps.
Sun_Multimodal/Train_Negative/case2_negative_img_03698.jpg,case2,This is a colonoscopy frame from a patient with no polyps.
Sun_Multimodal/Train_Negative/case12_negative_img_02939.jpg,case12,This is a colonoscopy frame from a patient with no polyps.
Sun_Multimodal/Train_Negative/case5_negative_img_01867.jpg,case5,This is a colonoscopy frame from a patient with no polyps.
Sun_Multimodal/Train_Negative/case10_negative_img_03746.jpg,case10,This is a colonoscopy frame from a patient with no polyps.
Sun_Multimodal/Train_Negative/case5_negative_img_01363.jpg,case5,This is a colonoscopy frame from a patient with no polyps.
Sun_Multimodal/Train_Negative/case8_negative_img_01052.jpg,case8,This is a colonoscopy frame from a patient with no polyps.
Sun_Multimodal/Train_Negative/case11_negative_img_03496.jpg,case11,This is a colonoscopy frame from a patient with no polyps.
Sun_Multimodal/Train_Negative/case12_negative_img_04804.jpg,case12,This is a colonoscopy frame from a patient with no polyps.
Sun_Multimodal/Train_Negative/case11_negative_img_01816.jpg,case11,This is a colonoscopy frame from a patient with no polyps.
Sun_Multimodal/Train_Negative/case3_negative_img_05807.jpg,case3,This is a colonoscopy frame from a patient with no polyps.
Sun_Multimodal/Train_Negative/case1_negative_img_00010.jpg,case1,This is a colonoscopy frame from a patient with no polyps.
Sun_Multimodal/Train_Negative/case8_negative_img_02147.jpg,case8,This is a colonoscopy frame from a patient with no polyps.
Sun_Multimodal/Train_Negative/case8_negative_img_01433.jpg,case8,This is a colonoscopy frame from a patient with no polyps.
Sun_Multimodal/Train_Negative/case6_negative_img_13249.jpg,case6,This is a colonoscopy frame from a patient with no polyps.
Sun_Multimodal/Train_Negative/case10_negative_img_00595.jpg,case10,This is a colonoscopy frame from a patient with no polyps.
Sun_Multimodal/Train_Negative/case13_negative_img_05587.jpg,case13,This is a colonoscopy frame from a patient with no polyps.
Sun_Multimodal/Train_Negative/case8_negative_img_02281.jpg,case8,This is a colonoscopy frame from a patient with no polyps.
Sun_Multimodal/Train_Negative/case6_negative_img_15402.jpg,case6,This is a colonoscopy frame from a patient with no polyps.
Sun_Multimodal/Train_Negative/case12_negative_img_04017.jpg,case12,This is a colonoscopy frame from a patient with no polyps.
Sun_Multimodal/Train_Negative/case10_negative_img_01800.jpg,case10,This is a colonoscopy frame from a patient with no polyps.
Sun_Multimodal/Train_Negative/case13_negative_img_04159.jpg,case13,This is a colonoscopy frame from a patient with no polyps.
Sun_Multimodal/Train_Negative/case12_negative_img_00430.jpg,case12,This is a colonoscopy frame from a patient with no polyps.
Sun_Multimodal/Train_Negative/case10_negative_img_06140.jpg,case10,This is a colonoscopy frame from a patient with no polyps.
Sun_Multimodal/Train_Negative/case12_negative_img_03525.jpg,case12,This is a colonoscopy frame from a patient with no polyps.
Sun_Multimodal/Train_Negative/case3_negative_img_03366.jpg,case3,This is a colonoscopy frame from a patient with no polyps.
Sun_Multimodal/Train_Negative/case1_negative_img_04845.jpg,case1,This is a colonoscopy frame from a patient with no polyps.
Sun_Multimodal/Train_Negative/case1_negative_img_08822.jpg,case1,This is a colonoscopy frame from a patient with no polyps.
Sun_Multimodal/Train_Negative/case12_negative_img_00051.jpg,case12,This is a colonoscopy frame from a patient with no polyps.
Sun_Multimodal/Train_Negative/case6_negative_img_05008.jpg,case6,This is a colonoscopy frame from a patient with no polyps.
Sun_Multimodal/Train_Negative/case2_negative_img_02530.jpg,case2,This is a colonoscopy frame from a patient with no polyps.
Sun_Multimodal/Train_Negative/case10_negative_img_06953.jpg,case10,This is a colonoscopy frame from a patient with no polyps.
Sun_Multimodal/Train_Negative/case8_negative_img_01919.jpg,case8,This is a colonoscopy frame from a patient with no polyps.
Sun_Multimodal/Train_Negative/case3_negative_img_06088.jpg,case3,This is a colonoscopy frame from a patient with no polyps.
Sun_Multimodal/Train_Negative/case10_negative_img_04970.jpg,case10,This is a colonoscopy frame from a patient with no polyps.
Sun_Multimodal/Train_Negative/case2_negative_img_08818.jpg,case2,This is a colonoscopy frame from a patient with no polyps.
Sun_Multimodal/Train_Negative/case12_negative_img_03253.jpg,case12,This is a colonoscopy frame from a patient with no polyps.
Sun_Multimodal/Train_Negative/case2_negative_img_07179.jpg,case2,This is a colonoscopy frame from a patient with no polyps.
Sun_Multimodal/Train_Negative/case5_negative_img_02458.jpg,case5,This is a colonoscopy frame from a patient with no polyps.
Sun_Multimodal/Train_Negative/case8_negative_img_01339.jpg,case8,This is a colonoscopy frame from a patient with no polyps.
Sun_Multimodal/Train_Negative/case12_negative_img_03716.jpg,case12,This is a colonoscopy frame from a patient with no polyps.
Sun_Multimodal/Train_Negative/case2_negative_img_02362.jpg,case2,This is a colonoscopy frame from a patient with no polyps.
Sun_Multimodal/Train_Negative/case6_negative_img_13931.jpg,case6,This is a colonoscopy frame from a patient with no polyps.
Sun_Multimodal/Train_Negative/case12_negative_img_00603.jpg,case12,This is a colonoscopy frame from a patient with no polyps.
Sun_Multimodal/Train_Negative/case1_negative_img_08202.jpg,case1,This is a colonoscopy frame from a patient with no polyps.
Sun_Multimodal/Train_Negative/case13_negative_img_05958.jpg,case13,This is a colonoscopy frame from a patient with no polyps.
Sun_Multimodal/Train_Negative/case5_negative_img_05905.jpg,case5,This is a colonoscopy frame from a patient with no polyps.
Sun_Multimodal/Train_Negative/case8_negative_img_01758.jpg,case8,This is a colonoscopy frame from a patient with no polyps.
Sun_Multimodal/Train_Negative/case13_negative_img_00615.jpg,case13,This is a colonoscopy frame from a patient with no polyps.
Sun_Multimodal/Train_Negative/case2_negative_img_04199.jpg,case2,This is a colonoscopy frame from a patient with no polyps.
Sun_Multimodal/Train_Negative/case8_negative_img_01789.jpg,case8,This is a colonoscopy frame from a patient with no polyps.
Sun_Multimodal/Train_Negative/case1_negative_img_07067.jpg,case1,This is a colonoscopy frame from a patient with no polyps.
Sun_Multimodal/Train_Negative/case6_negative_img_09958.jpg,case6,This is a colonoscopy frame from a patient with no polyps.
Sun_Multimodal/Train_Negative/case5_negative_img_07692.jpg,case5,This is a colonoscopy frame from a patient with no polyps.
Sun_Multimodal/Train_Negative/case12_negative_img_00175.jpg,case12,This is a colonoscopy frame from a patient with no polyps.
Sun_Multimodal/Train_Negative/case2_negative_img_00894.jpg,case2,This is a colonoscopy frame from a patient with no polyps.
Sun_Multimodal/Train_Negative/case1_negative_img_09334.jpg,case1,This is a colonoscopy frame from a patient with no polyps.
Sun_Multimodal/Train_Negative/case11_negative_img_04727.jpg,case11,This is a colonoscopy frame from a patient with no polyps.
Sun_Multimodal/Train_Negative/case3_negative_img_03184.jpg,case3,This is a colonoscopy frame from a patient with no polyps.
Sun_Multimodal/Train_Negative/case13_negative_img_02982.jpg,case13,This is a colonoscopy frame from a patient with no polyps.
Sun_Multimodal/Train_Negative/case3_negative_img_03623.jpg,case3,This is a colonoscopy frame from a patient with no polyps.
Sun_Multimodal/Train_Negative/case8_negative_img_01176.jpg,case8,This is a colonoscopy frame from a patient with no polyps.
Sun_Multimodal/Train_Negative/case8_negative_img_00882.jpg,case8,This is a colonoscopy frame from a patient with no polyps.
Sun_Multimodal/Train_Negative/case11_negative_img_02034.jpg,case11,This is a colonoscopy frame from a patient with no polyps.
Sun_Multimodal/Train_Negative/case5_negative_img_02733.jpg,case5,This is a colonoscopy frame from a patient with no polyps.
Sun_Multimodal/Train_Negative/case2_negative_img_05935.jpg,case2,This is a colonoscopy frame from a patient with no polyps.
Sun_Multimodal/Train_Negative/case2_negative_img_05547.jpg,case2,This is a colonoscopy frame from a patient with no polyps.
Sun_Multimodal/Train_Negative/case13_negative_img_04936.jpg,case13,This is a colonoscopy frame from a patient with no polyps.
Sun_Multimodal/Train_Negative/case10_negative_img_01556.jpg,case10,This is a colonoscopy frame from a patient with no polyps.
Sun_Multimodal/Train_Negative/case8_negative_img_02374.jpg,case8,This is a colonoscopy frame from a patient with no polyps.
Sun_Multimodal/Train_Negative/case12_negative_img_06110.jpg,case12,This is a colonoscopy frame from a patient with no polyps.
Sun_Multimodal/Train_Negative/case1_negative_img_03336.jpg,case1,This is a colonoscopy frame from a patient with no polyps.
Sun_Multimodal/Train_Negative/case10_negative_img_02335.jpg,case10,This is a colonoscopy frame from a patient with no polyps.
Sun_Multimodal/Train_Negative/case13_negative_img_05013.jpg,case13,This is a colonoscopy frame from a patient with no polyps.
Sun_Multimodal/Train_Negative/case11_negative_img_01236.jpg,case11,This is a colonoscopy frame from a patient with no polyps.
Sun_Multimodal/Train_Negative/case3_negative_img_05580.jpg,case3,This is a colonoscopy frame from a patient with no polyps.
Sun_Multimodal/Train_Negative/case11_negative_img_01591.jpg,case11,This is a colonoscopy frame from a patient with no polyps.
Sun_Multimodal/Train_Negative/case2_negative_img_06745.jpg,case2,This is a colonoscopy frame from a patient with no polyps.
Sun_Multimodal/Train_Negative/case3_negative_img_06332.jpg,case3,This is a colonoscopy frame from a patient with no polyps.
Sun_Multimodal/Train_Negative/case10_negative_img_03114.jpg,case10,This is a colonoscopy frame from a patient with no polyps.
Sun_Multimodal/Train_Negative/case5_negative_img_01296.jpg,case5,This is a colonoscopy frame from a patient with no polyps.
Sun_Multimodal/Train_Negative/case8_negative_img_01499.jpg,case8,This is a colonoscopy frame from a patient with no polyps.
Sun_Multimodal/Train_Negative/case13_negative_img_03366.jpg,case13,This is a colonoscopy frame from a patient with no polyps.
Sun_Multimodal/Train_Negative/case2_negative_img_08549.jpg,case2,This is a colonoscopy frame from a patient with no polyps.
Sun_Multimodal/Train_Negative/case2_negative_img_00842.jpg,case2,This is a colonoscopy frame from a patient with no polyps.
Sun_Multimodal/Train_Negative/case1_negative_img_05422.jpg,case1,This is a colonoscopy frame from a patient with no polyps.
Sun_Multimodal/Train_Negative/case11_negative_img_04390.jpg,case11,This is a colonoscopy frame from a patient with no polyps.
Sun_Multimodal/Train_Negative/case6_negative_img_06329.jpg,case6,This is a colonoscopy frame from a patient with no polyps.
Sun_Multimodal/Train_Negative/case13_negative_img_01052.jpg,case13,This is a colonoscopy frame from a patient with no polyps.
Sun_Multimodal/Train_Negative/case2_negative_img_09768.jpg,case2,This is a colonoscopy frame from a patient with no polyps.
Sun_Multimodal/Train_Negative/case3_negative_img_01266.jpg,case3,This is a colonoscopy frame from a patient with no polyps.
Sun_Multimodal/Train_Negative/case10_negative_img_05600.jpg,case10,This is a colonoscopy frame from a patient with no polyps.
Sun_Multimodal/Train_Negative/case2_negative_img_01167.jpg,case2,This is a colonoscopy frame from a patient with no polyps.
Sun_Multimodal/Train_Negative/case12_negative_img_01886.jpg,case12,This is a colonoscopy frame from a patient with no polyps.
Sun_Multimodal/Train_Negative/case3_negative_img_00885.jpg,case3,This is a colonoscopy frame from a patient with no polyps.
Sun_Multimodal/Train_Negative/case3_negative_img_02877.jpg,case3,This is a colonoscopy frame from a patient with no polyps.
Sun_Multimodal/Train_Negative/case10_negative_img_04882.jpg,case10,This is a colonoscopy frame from a patient with no polyps.
Sun_Multimodal/Train_Negative/case5_negative_img_07132.jpg,case5,This is a colonoscopy frame from a patient with no polyps.
Sun_Multimodal/Train_Negative/case10_negative_img_05517.jpg,case10,This is a colonoscopy frame from a patient with no polyps.
Sun_Multimodal/Train_Negative/case1_negative_img_08901.jpg,case1,This is a colonoscopy frame from a patient with no polyps.
Sun_Multimodal/Train_Negative/case12_negative_img_03067.jpg,case12,This is a colonoscopy frame from a patient with no polyps.
Sun_Multimodal/Train_Negative/case6_negative_img_13595.jpg,case6,This is a colonoscopy frame from a patient with no polyps.
Sun_Multimodal/Train_Negative/case8_negative_img_00208.jpg,case8,This is a colonoscopy frame from a patient with no polyps.
Sun_Multimodal/Train_Negative/case13_negative_img_02250.jpg,case13,This is a colonoscopy frame from a patient with no polyps.
Sun_Multimodal/Train_Negative/case13_negative_img_02985.jpg,case13,This is a colonoscopy frame from a patient with no polyps.
Sun_Multimodal/Train_Negative/case5_negative_img_00872.jpg,case5,This is a colonoscopy frame from a patient with no polyps.
Sun_Multimodal/Train_Negative/case13_negative_img_03129.jpg,case13,This is a colonoscopy frame from a patient with no polyps.
Sun_Multimodal/Train_Negative/case2_negative_img_07674.jpg,case2,This is a colonoscopy frame from a patient with no polyps.
Sun_Multimodal/Train_Negative/case8_negative_img_02064.jpg,case8,This is a colonoscopy frame from a patient with no polyps.
Sun_Multimodal/Train_Negative/case3_negative_img_05556.jpg,case3,This is a colonoscopy frame from a patient with no polyps.
Sun_Multimodal/Train_Negative/case8_negative_img_01962.jpg,case8,This is a colonoscopy frame from a patient with no polyps.
Sun_Multimodal/Train_Negative/case8_negative_img_01510.jpg,case8,This is a colonoscopy frame from a patient with no polyps.
Sun_Multimodal/Train_Negative/case12_negative_img_06661.jpg,case12,This is a colonoscopy frame from a patient with no polyps.
Sun_Multimodal/Train_Negative/case8_negative_img_00350.jpg,case8,This is a colonoscopy frame from a patient with no polyps.
Sun_Multimodal/Train_Negative/case8_negative_img_00885.jpg,case8,This is a colonoscopy frame from a patient with no polyps.
Sun_Multimodal/Train_Negative/case3_negative_img_00669.jpg,case3,This is a colonoscopy frame from a patient with no polyps.
Sun_Multimodal/Train_Negative/case13_negative_img_04543.jpg,case13,This is a colonoscopy frame from a patient with no polyps.
Sun_Multimodal/Train_Negative/case13_negative_img_05303.jpg,case13,This is a colonoscopy frame from a patient with no polyps.
Sun_Multimodal/Train_Negative/case11_negative_img_00766.jpg,case11,This is a colonoscopy frame from a patient with no polyps.
Sun_Multimodal/Train_Negative/case11_negative_img_00010.jpg,case11,This is a colonoscopy frame from a patient with no polyps.
Sun_Multimodal/Train_Negative/case13_negative_img_05807.jpg,case13,This is a colonoscopy frame from a patient with no polyps.
Sun_Multimodal/Train_Negative/case13_negative_img_05475.jpg,case13,This is a colonoscopy frame from a patient with no polyps.
Sun_Multimodal/Train_Negative/case2_negative_img_05591.jpg,case2,This is a colonoscopy frame from a patient with no polyps.
Sun_Multimodal/Train_Negative/case6_negative_img_08685.jpg,case6,This is a colonoscopy frame from a patient with no polyps.
Sun_Multimodal/Train_Negative/case11_negative_img_03105.jpg,case11,This is a colonoscopy frame from a patient with no polyps.
Sun_Multimodal/Train_Negative/case8_negative_img_01266.jpg,case8,This is a colonoscopy frame from a patient with no polyps.
Sun_Multimodal/Train_Negative/case6_negative_img_07396.jpg,case6,This is a colonoscopy frame from a patient with no polyps.
Sun_Multimodal/Train_Negative/case3_negative_img_04812.jpg,case3,This is a colonoscopy frame from a patient with no polyps.
Sun_Multimodal/Train_Negative/case12_negative_img_05463.jpg,case12,This is a colonoscopy frame from a patient with no polyps.
Sun_Multimodal/Train_Negative/case13_negative_img_05014.jpg,case13,This is a colonoscopy frame from a patient with no polyps.
Sun_Multimodal/Train_Negative/case6_negative_img_16084.jpg,case6,This is a colonoscopy frame from a patient with no polyps.
Sun_Multimodal/Train_Negative/case10_negative_img_03113.jpg,case10,This is a colonoscopy frame from a patient with no polyps.
Sun_Multimodal/Train_Negative/case5_negative_img_00376.jpg,case5,This is a colonoscopy frame from a patient with no polyps.
Sun_Multimodal/Train_Negative/case6_negative_img_00848.jpg,case6,This is a colonoscopy frame from a patient with no polyps.
Sun_Multimodal/Train_Negative/case10_negative_img_00543.jpg,case10,This is a colonoscopy frame from a patient with no polyps.
Sun_Multimodal/Train_Negative/case12_negative_img_05681.jpg,case12,This is a colonoscopy frame from a patient with no polyps.
Sun_Multimodal/Train_Negative/case3_negative_img_05765.jpg,case3,This is a colonoscopy frame from a patient with no polyps.
Sun_Multimodal/Train_Negative/case5_negative_img_01073.jpg,case5,This is a colonoscopy frame from a patient with no polyps.
Sun_Multimodal/Train_Negative/case2_negative_img_05773.jpg,case2,This is a colonoscopy frame from a patient with no polyps.
Sun_Multimodal/Train_Negative/case2_negative_img_08154.jpg,case2,This is a colonoscopy frame from a patient with no polyps.
Sun_Multimodal/Train_Negative/case8_negative_img_02191.jpg,case8,This is a colonoscopy frame from a patient with no polyps.
Sun_Multimodal/Train_Negative/case13_negative_img_05697.jpg,case13,This is a colonoscopy frame from a patient with no polyps.
Sun_Multimodal/Train_Negative/case2_negative_img_07026.jpg,case2,This is a colonoscopy frame from a patient with no polyps.
Sun_Multimodal/Train_Negative/case8_negative_img_01084.jpg,case8,This is a colonoscopy frame from a patient with no polyps.
Sun_Multimodal/Train_Negative/case10_negative_img_03790.jpg,case10,This is a colonoscopy frame from a patient with no polyps.
Sun_Multimodal/Train_Negative/case2_negative_img_07750.jpg,case2,This is a colonoscopy frame from a patient with no polyps.
Sun_Multimodal/Train_Negative/case11_negative_img_00584.jpg,case11,This is a colonoscopy frame from a patient with no polyps.
Sun_Multimodal/Train_Negative/case10_negative_img_00654.jpg,case10,This is a colonoscopy frame from a patient with no polyps.
Sun_Multimodal/Train_Negative/case11_negative_img_00223.jpg,case11,This is a colonoscopy frame from a patient with no polyps.
Sun_Multimodal/Train_Negative/case8_negative_img_02140.jpg,case8,This is a colonoscopy frame from a patient with no polyps.
Sun_Multimodal/Train_Negative/case12_negative_img_05231.jpg,case12,This is a colonoscopy frame from a patient with no polyps.
Sun_Multimodal/Train_Negative/case11_negative_img_01463.jpg,case11,This is a colonoscopy frame from a patient with no polyps.
Sun_Multimodal/Train_Negative/case13_negative_img_01758.jpg,case13,This is a colonoscopy frame from a patient with no polyps.
Sun_Multimodal/Train_Negative/case8_negative_img_01846.jpg,case8,This is a colonoscopy frame from a patient with no polyps.
Sun_Multimodal/Train_Negative/case11_negative_img_02117.jpg,case11,This is a colonoscopy frame from a patient with no polyps.
Sun_Multimodal/Train_Negative/case6_negative_img_09130.jpg,case6,This is a colonoscopy frame from a patient with no polyps.
Sun_Multimodal/Train_Negative/case1_negative_img_03911.jpg,case1,This is a colonoscopy frame from a patient with no polyps.
Sun_Multimodal/Train_Negative/case6_negative_img_06042.jpg,case6,This is a colonoscopy frame from a patient with no polyps.
Sun_Multimodal/Train_Negative/case13_negative_img_05580.jpg,case13,This is a colonoscopy frame from a patient with no polyps.
Sun_Multimodal/Train_Negative/case1_negative_img_01236.jpg,case1,This is a colonoscopy frame from a patient with no polyps.
Sun_Multimodal/Train_Negative/case12_negative_img_05650.jpg,case12,This is a colonoscopy frame from a patient with no polyps.
Sun_Multimodal/Train_Negative/case5_negative_img_07477.jpg,case5,This is a colonoscopy frame from a patient with no polyps.
Sun_Multimodal/Train_Negative/case1_negative_img_04051.jpg,case1,This is a colonoscopy frame from a patient with no polyps.
Sun_Multimodal/Train_Negative/case8_negative_img_02018.jpg,case8,This is a colonoscopy frame from a patient with no polyps.
Sun_Multimodal/Train_Negative/case3_negative_img_05958.jpg,case3,This is a colonoscopy frame from a patient with no polyps.
Sun_Multimodal/Train_Negative/case12_negative_img_03522.jpg,case12,This is a colonoscopy frame from a patient with no polyps.
Sun_Multimodal/Train_Negative/case10_negative_img_05841.jpg,case10,This is a colonoscopy frame from a patient with no polyps.
Sun_Multimodal/Train_Negative/case1_negative_img_07957.jpg,case1,This is a colonoscopy frame from a patient with no polyps.
Sun_Multimodal/Train_Negative/case3_negative_img_03700.jpg,case3,This is a colonoscopy frame from a patient with no polyps.
Sun_Multimodal/Train_Negative/case1_negative_img_03849.jpg,case1,This is a colonoscopy frame from a patient with no polyps.
Sun_Multimodal/Train_Negative/case2_negative_img_02241.jpg,case2,This is a colonoscopy frame from a patient with no polyps.
Sun_Multimodal/Train_Negative/case3_negative_img_02191.jpg,case3,This is a colonoscopy frame from a patient with no polyps.
Sun_Multimodal/Train_Negative/case1_negative_img_08321.jpg,case1,This is a colonoscopy frame from a patient with no polyps.
Sun_Multimodal/Train_Negative/case13_negative_img_00357.jpg,case13,This is a colonoscopy frame from a patient with no polyps.
Sun_Multimodal/Train_Negative/case1_negative_img_04346.jpg,case1,This is a colonoscopy frame from a patient with no polyps.
Sun_Multimodal/Train_Negative/case2_negative_img_01881.jpg,case2,This is a colonoscopy frame from a patient with no polyps.
Sun_Multimodal/Train_Negative/case5_negative_img_06120.jpg,case5,This is a colonoscopy frame from a patient with no polyps.
Sun_Multimodal/Train_Negative/case1_negative_img_09561.jpg,case1,This is a colonoscopy frame from a patient with no polyps.
Sun_Multimodal/Train_Negative/case10_negative_img_06631.jpg,case10,This is a colonoscopy frame from a patient with no polyps.
Sun_Multimodal/Train_Negative/case13_negative_img_03623.jpg,case13,This is a colonoscopy frame from a patient with no polyps.
Sun_Multimodal/Train_Negative/case3_negative_img_02982.jpg,case3,This is a colonoscopy frame from a patient with no polyps.
Sun_Multimodal/Train_Negative/case6_negative_img_03553.jpg,case6,This is a colonoscopy frame from a patient with no polyps.
Sun_Multimodal/Train_Negative/case12_negative_img_01973.jpg,case12,This is a colonoscopy frame from a patient with no polyps.
Sun_Multimodal/Train_Negative/case11_negative_img_04513.jpg,case11,This is a colonoscopy frame from a patient with no polyps.
Sun_Multimodal/Train_Negative/case11_negative_img_01998.jpg,case11,This is a colonoscopy frame from a patient with no polyps.
Sun_Multimodal/Train_Negative/case12_negative_img_00894.jpg,case12,This is a colonoscopy frame from a patient with no polyps.
Sun_Multimodal/Train_Negative/case2_negative_img_09838.jpg,case2,This is a colonoscopy frame from a patient with no polyps.
Sun_Multimodal/Train_Negative/case2_negative_img_01294.jpg,case2,This is a colonoscopy frame from a patient with no polyps.
Sun_Multimodal/Train_Negative/case12_negative_img_05619.jpg,case12,This is a colonoscopy frame from a patient with no polyps.
Sun_Multimodal/Train_Negative/case2_negative_img_01941.jpg,case2,This is a colonoscopy frame from a patient with no polyps.
Sun_Multimodal/Train_Negative/case1_negative_img_07434.jpg,case1,This is a colonoscopy frame from a patient with no polyps.
Sun_Multimodal/Train_Negative/case5_negative_img_05652.jpg,case5,This is a colonoscopy frame from a patient with no polyps.
Sun_Multimodal/Train_Negative/case6_negative_img_03493.jpg,case6,This is a colonoscopy frame from a patient with no polyps.
Sun_Multimodal/Train_Negative/case5_negative_img_01829.jpg,case5,This is a colonoscopy frame from a patient with no polyps.
Sun_Multimodal/Train_Negative/case12_negative_img_03345.jpg,case12,This is a colonoscopy frame from a patient with no polyps.
Sun_Multimodal/Train_Negative/case1_negative_img_00728.jpg,case1,This is a colonoscopy frame from a patient with no polyps.
Sun_Multimodal/Train_Negative/case11_negative_img_01889.jpg,case11,This is a colonoscopy frame from a patient with no polyps.
Sun_Multimodal/Train_Negative/case3_negative_img_01253.jpg,case3,This is a colonoscopy frame from a patient with no polyps.
Sun_Multimodal/Train_Negative/case3_negative_img_03167.jpg,case3,This is a colonoscopy frame from a patient with no polyps.
Sun_Multimodal/Train_Negative/case2_negative_img_01990.jpg,case2,This is a colonoscopy frame from a patient with no polyps.
Sun_Multimodal/Train_Negative/case2_negative_img_05662.jpg,case2,This is a colonoscopy frame from a patient with no polyps.
Sun_Multimodal/Train_Negative/case1_negative_img_01797.jpg,case1,This is a colonoscopy frame from a patient with no polyps.
Sun_Multimodal/Train_Negative/case2_negative_img_07137.jpg,case2,This is a colonoscopy frame from a patient with no polyps.
Sun_Multimodal/Train_Negative/case6_negative_img_08904.jpg,case6,This is a colonoscopy frame from a patient with no polyps.
Sun_Multimodal/Train_Negative/case3_negative_img_06300.jpg,case3,This is a colonoscopy frame from a patient with no polyps.
Sun_Multimodal/Train_Negative/case5_negative_img_00896.jpg,case5,This is a colonoscopy frame from a patient with no polyps.
Sun_Multimodal/Train_Negative/case13_negative_img_05832.jpg,case13,This is a colonoscopy frame from a patient with no polyps.
Sun_Multimodal/Train_Negative/case10_negative_img_00820.jpg,case10,This is a colonoscopy frame from a patient with no polyps.
Sun_Multimodal/Train_Negative/case6_negative_img_06182.jpg,case6,This is a colonoscopy frame from a patient with no polyps.
Sun_Multimodal/Train_Negative/case2_negative_img_07556.jpg,case2,This is a colonoscopy frame from a patient with no polyps.
Sun_Multimodal/Train_Negative/case5_negative_img_00054.jpg,case5,This is a colonoscopy frame from a patient with no polyps.
Sun_Multimodal/Train_Negative/case6_negative_img_05046.jpg,case6,This is a colonoscopy frame from a patient with no polyps.
Sun_Multimodal/Train_Negative/case11_negative_img_02006.jpg,case11,This is a colonoscopy frame from a patient with no polyps.
Sun_Multimodal/Train_Negative/case1_negative_img_05239.jpg,case1,This is a colonoscopy frame from a patient with no polyps.
Sun_Multimodal/Train_Negative/case8_negative_img_02397.jpg,case8,This is a colonoscopy frame from a patient with no polyps.
Sun_Multimodal/Train_Negative/case10_negative_img_00483.jpg,case10,This is a colonoscopy frame from a patient with no polyps.
Sun_Multimodal/Train_Negative/case2_negative_img_04335.jpg,case2,This is a colonoscopy frame from a patient with no polyps.
Sun_Multimodal/Train_Negative/case8_negative_img_00704.jpg,case8,This is a colonoscopy frame from a patient with no polyps.
Sun_Multimodal/Train_Negative/case12_negative_img_06592.jpg,case12,This is a colonoscopy frame from a patient with no polyps.
Sun_Multimodal/Train_Negative/case10_negative_img_00745.jpg,case10,This is a colonoscopy frame from a patient with no polyps.
Sun_Multimodal/Train_Negative/case5_negative_img_03287.jpg,case5,This is a colonoscopy frame from a patient with no polyps.
Sun_Multimodal/Train_Negative/case1_negative_img_09198.jpg,case1,This is a colonoscopy frame from a patient with no polyps.
Sun_Multimodal/Train_Negative/case11_negative_img_01572.jpg,case11,This is a colonoscopy frame from a patient with no polyps.
Sun_Multimodal/Train_Negative/case1_negative_img_03924.jpg,case1,This is a colonoscopy frame from a patient with no polyps.
Sun_Multimodal/Train_Negative/case11_negative_img_01037.jpg,case11,This is a colonoscopy frame from a patient with no polyps.
Sun_Multimodal/Train_Negative/case8_negative_img_02514.jpg,case8,This is a colonoscopy frame from a patient with no polyps.
Sun_Multimodal/Train_Negative/case2_negative_img_04211.jpg,case2,This is a colonoscopy frame from a patient with no polyps.
Sun_Multimodal/Train_Negative/case6_negative_img_09564.jpg,case6,This is a colonoscopy frame from a patient with no polyps.
Sun_Multimodal/Train_Negative/case11_negative_img_02543.jpg,case11,This is a colonoscopy frame from a patient with no polyps.
Sun_Multimodal/Train_Negative/case8_negative_img_00187.jpg,case8,This is a colonoscopy frame from a patient with no polyps.
Sun_Multimodal/Train_Negative/case8_negative_img_02175.jpg,case8,This is a colonoscopy frame from a patient with no polyps.
Sun_Multimodal/Train_Negative/case11_negative_img_01487.jpg,case11,This is a colonoscopy frame from a patient with no polyps.
Sun_Multimodal/Train_Negative/case1_negative_img_01114.jpg,case1,This is a colonoscopy frame from a patient with no polyps.
Sun_Multimodal/Train_Negative/case3_negative_img_04571.jpg,case3,This is a colonoscopy frame from a patient with no polyps.
Sun_Multimodal/Train_Negative/case11_negative_img_03807.jpg,case11,This is a colonoscopy frame from a patient with no polyps.
Sun_Multimodal/Train_Negative/case5_negative_img_02153.jpg,case5,This is a colonoscopy frame from a patient with no polyps.
Sun_Multimodal/Train_Negative/case11_negative_img_00101.jpg,case11,This is a colonoscopy frame from a patient with no polyps.
Sun_Multimodal/Train_Negative/case10_negative_img_04468.jpg,case10,This is a colonoscopy frame from a patient with no polyps.
Sun_Multimodal/Train_Negative/case13_negative_img_04324.jpg,case13,This is a colonoscopy frame from a patient with no polyps.
Sun_Multimodal/Train_Negative/case2_negative_img_06595.jpg,case2,This is a colonoscopy frame from a patient with no polyps.
Sun_Multimodal/Train_Negative/case8_negative_img_00537.jpg,case8,This is a colonoscopy frame from a patient with no polyps.
Sun_Multimodal/Train_Negative/case10_negative_img_03463.jpg,case10,This is a colonoscopy frame from a patient with no polyps.
Sun_Multimodal/Train_Negative/case3_negative_img_03422.jpg,case3,This is a colonoscopy frame from a patient with no polyps.
Sun_Multimodal/Train_Negative/case6_negative_img_00801.jpg,case6,This is a colonoscopy frame from a patient with no polyps.
Sun_Multimodal/Train_Negative/case11_negative_img_04281.jpg,case11,This is a colonoscopy frame from a patient with no polyps.
Sun_Multimodal/Train_Negative/case5_negative_img_02818.jpg,case5,This is a colonoscopy frame from a patient with no polyps.
Sun_Multimodal/Train_Negative/case13_negative_img_03277.jpg,case13,This is a colonoscopy frame from a patient with no polyps.
Sun_Multimodal/Train_Negative/case2_negative_img_04398.jpg,case2,This is a colonoscopy frame from a patient with no polyps.
Sun_Multimodal/Train_Negative/case10_negative_img_05370.jpg,case10,This is a colonoscopy frame from a patient with no polyps.
Sun_Multimodal/Train_Negative/case3_negative_img_04048.jpg,case3,This is a colonoscopy frame from a patient with no polyps.
Sun_Multimodal/Train_Negative/case13_negative_img_04978.jpg,case13,This is a colonoscopy frame from a patient with no polyps.
Sun_Multimodal/Train_Negative/case13_negative_img_01254.jpg,case13,This is a colonoscopy frame from a patient with no polyps.
Sun_Multimodal/Train_Negative/case12_negative_img_00063.jpg,case12,This is a colonoscopy frame from a patient with no polyps.
Sun_Multimodal/Train_Negative/case3_negative_img_04099.jpg,case3,This is a colonoscopy frame from a patient with no polyps.
Sun_Multimodal/Train_Negative/case5_negative_img_01668.jpg,case5,This is a colonoscopy frame from a patient with no polyps.
Sun_Multimodal/Train_Negative/case2_negative_img_07989.jpg,case2,This is a colonoscopy frame from a patient with no polyps.
Sun_Multimodal/Train_Negative/case8_negative_img_00319.jpg,case8,This is a colonoscopy frame from a patient with no polyps.
Sun_Multimodal/Train_Negative/case12_negative_img_00402.jpg,case12,This is a colonoscopy frame from a patient with no polyps.
Sun_Multimodal/Train_Negative/case10_negative_img_05067.jpg,case10,This is a colonoscopy frame from a patient with no polyps.
Sun_Multimodal/Train_Negative/case13_negative_img_01635.jpg,case13,This is a colonoscopy frame from a patient with no polyps.
Sun_Multimodal/Train_Negative/case13_negative_img_02720.jpg,case13,This is a colonoscopy frame from a patient with no polyps.
Sun_Multimodal/Train_Negative/case8_negative_img_00778.jpg,case8,This is a colonoscopy frame from a patient with no polyps.
Sun_Multimodal/Train_Negative/case12_negative_img_02357.jpg,case12,This is a colonoscopy frame from a patient with no polyps.
Sun_Multimodal/Train_Negative/case12_negative_img_03517.jpg,case12,This is a colonoscopy frame from a patient with no polyps.
Sun_Multimodal/Train_Negative/case3_negative_img_02966.jpg,case3,This is a colonoscopy frame from a patient with no polyps.
Sun_Multimodal/Train_Negative/case13_negative_img_06199.jpg,case13,This is a colonoscopy frame from a patient with no polyps.
Sun_Multimodal/Train_Negative/case11_negative_img_02682.jpg,case11,This is a colonoscopy frame from a patient with no polyps.
Sun_Multimodal/Train_Negative/case8_negative_img_00246.jpg,case8,This is a colonoscopy frame from a patient with no polyps.
Sun_Multimodal/Train_Negative/case3_negative_img_01698.jpg,case3,This is a colonoscopy frame from a patient with no polyps.
Sun_Multimodal/Train_Negative/case6_negative_img_11529.jpg,case6,This is a colonoscopy frame from a patient with no polyps.
Sun_Multimodal/Train_Negative/case2_negative_img_06685.jpg,case2,This is a colonoscopy frame from a patient with no polyps.
Sun_Multimodal/Train_Negative/case8_negative_img_00627.jpg,case8,This is a colonoscopy frame from a patient with no polyps.
Sun_Multimodal/Train_Negative/case11_negative_img_00211.jpg,case11,This is a colonoscopy frame from a patient with no polyps.
Sun_Multimodal/Train_Negative/case12_negative_img_05907.jpg,case12,This is a colonoscopy frame from a patient with no polyps.
Sun_Multimodal/Train_Negative/case2_negative_img_08166.jpg,case2,This is a colonoscopy frame from a patient with no polyps.
Sun_Multimodal/Train_Negative/case11_negative_img_02595.jpg,case11,This is a colonoscopy frame from a patient with no polyps.
Sun_Multimodal/Train_Negative/case8_negative_img_01711.jpg,case8,This is a colonoscopy frame from a patient with no polyps.
Sun_Multimodal/Train_Negative/case3_negative_img_05757.jpg,case3,This is a colonoscopy frame from a patient with no polyps.
Sun_Multimodal/Train_Negative/case2_negative_img_09892.jpg,case2,This is a colonoscopy frame from a patient with no polyps.
Sun_Multimodal/Train_Negative/case6_negative_img_14973.jpg,case6,This is a colonoscopy frame from a patient with no polyps.
Sun_Multimodal/Train_Negative/case13_negative_img_05563.jpg,case13,This is a colonoscopy frame from a patient with no polyps.
Sun_Multimodal/Train_Negative/case10_negative_img_05588.jpg,case10,This is a colonoscopy frame from a patient with no polyps.
Sun_Multimodal/Train_Negative/case13_negative_img_03328.jpg,case13,This is a colonoscopy frame from a patient with no polyps.
Sun_Multimodal/Train_Negative/case8_negative_img_00530.jpg,case8,This is a colonoscopy frame from a patient with no polyps.
Sun_Multimodal/Train_Negative/case5_negative_img_00601.jpg,case5,This is a colonoscopy frame from a patient with no polyps.
Sun_Multimodal/Train_Negative/case10_negative_img_07043.jpg,case10,This is a colonoscopy frame from a patient with no polyps.
Sun_Multimodal/Train_Negative/case12_negative_img_00373.jpg,case12,This is a colonoscopy frame from a patient with no polyps.
Sun_Multimodal/Train_Negative/case3_negative_img_00942.jpg,case3,This is a colonoscopy frame from a patient with no polyps.
Sun_Multimodal/Train_Negative/case6_negative_img_14038.jpg,case6,This is a colonoscopy frame from a patient with no polyps.
Sun_Multimodal/Train_Negative/case1_negative_img_07261.jpg,case1,This is a colonoscopy frame from a patient with no polyps.
Sun_Multimodal/Train_Negative/case5_negative_img_04647.jpg,case5,This is a colonoscopy frame from a patient with no polyps.
Sun_Multimodal/Train_Negative/case8_negative_img_00468.jpg,case8,This is a colonoscopy frame from a patient with no polyps.
Sun_Multimodal/Train_Negative/case13_negative_img_01525.jpg,case13,This is a colonoscopy frame from a patient with no polyps.
Sun_Multimodal/Train_Negative/case10_negative_img_01269.jpg,case10,This is a colonoscopy frame from a patient with no polyps.
Sun_Multimodal/Train_Negative/case12_negative_img_00064.jpg,case12,This is a colonoscopy frame from a patient with no polyps.
Sun_Multimodal/Train_Negative/case13_negative_img_01253.jpg,case13,This is a colonoscopy frame from a patient with no polyps.
Sun_Multimodal/Train_Negative/case1_negative_img_09225.jpg,case1,This is a colonoscopy frame from a patient with no polyps.
Sun_Multimodal/Train_Negative/case6_negative_img_01684.jpg,case6,This is a colonoscopy frame from a patient with no polyps.
Sun_Multimodal/Train_Negative/case1_negative_img_05184.jpg,case1,This is a colonoscopy frame from a patient with no polyps.
Sun_Multimodal/Train_Negative/case2_negative_img_01071.jpg,case2,This is a colonoscopy frame from a patient with no polyps.
Sun_Multimodal/Train_Negative/case13_negative_img_03167.jpg,case13,This is a colonoscopy frame from a patient with no polyps.
Sun_Multimodal/Train_Negative/case3_negative_img_03886.jpg,case3,This is a colonoscopy frame from a patient with no polyps.
Sun_Multimodal/Train_Negative/case1_negative_img_06736.jpg,case1,This is a colonoscopy frame from a patient with no polyps.
Sun_Multimodal/Train_Negative/case1_negative_img_08541.jpg,case1,This is a colonoscopy frame from a patient with no polyps.
Sun_Multimodal/Train_Negative/case2_negative_img_02386.jpg,case2,This is a colonoscopy frame from a patient with no polyps.
Sun_Multimodal/Train_Negative/case1_negative_img_00059.jpg,case1,This is a colonoscopy frame from a patient with no polyps.
Sun_Multimodal/Train_Negative/case13_negative_img_04048.jpg,case13,This is a colonoscopy frame from a patient with no polyps.
Sun_Multimodal/Train_Negative/case12_negative_img_00521.jpg,case12,This is a colonoscopy frame from a patient with no polyps.
Sun_Multimodal/Train_Negative/case3_negative_img_01950.jpg,case3,This is a colonoscopy frame from a patient with no polyps.
Sun_Multimodal/Train_Negative/case13_negative_img_00156.jpg,case13,This is a colonoscopy frame from a patient with no polyps.
Sun_Multimodal/Train_Negative/case12_negative_img_03434.jpg,case12,This is a colonoscopy frame from a patient with no polyps.
Sun_Multimodal/Train_Negative/case12_negative_img_03393.jpg,case12,This is a colonoscopy frame from a patient with no polyps.
Sun_Multimodal/Train_Negative/case6_negative_img_09269.jpg,case6,This is a colonoscopy frame from a patient with no polyps.
Sun_Multimodal/Train_Negative/case5_negative_img_07217.jpg,case5,This is a colonoscopy frame from a patient with no polyps.
Sun_Multimodal/Train_Negative/case10_negative_img_05632.jpg,case10,This is a colonoscopy frame from a patient with no polyps.
Sun_Multimodal/Train_Negative/case12_negative_img_04349.jpg,case12,This is a colonoscopy frame from a patient with no polyps.
Sun_Multimodal/Train_Negative/case11_negative_img_02188.jpg,case11,This is a colonoscopy frame from a patient with no polyps.
Sun_Multimodal/Train_Negative/case5_negative_img_05123.jpg,case5,This is a colonoscopy frame from a patient with no polyps.
Sun_Multimodal/Train_Negative/case2_negative_img_06249.jpg,case2,This is a colonoscopy frame from a patient with no polyps.
Sun_Multimodal/Train_Negative/case1_negative_img_05410.jpg,case1,This is a colonoscopy frame from a patient with no polyps.
Sun_Multimodal/Train_Negative/case2_negative_img_04782.jpg,case2,This is a colonoscopy frame from a patient with no polyps.
Sun_Multimodal/Train_Negative/case10_negative_img_00793.jpg,case10,This is a colonoscopy frame from a patient with no polyps.
Sun_Multimodal/Train_Negative/case2_negative_img_08042.jpg,case2,This is a colonoscopy frame from a patient with no polyps.
Sun_Multimodal/Train_Negative/case12_negative_img_05451.jpg,case12,This is a colonoscopy frame from a patient with no polyps.
Sun_Multimodal/Train_Negative/case10_negative_img_01674.jpg,case10,This is a colonoscopy frame from a patient with no polyps.
Sun_Multimodal/Train_Negative/case13_negative_img_01138.jpg,case13,This is a colonoscopy frame from a patient with no polyps.
Sun_Multimodal/Train_Negative/case12_negative_img_02828.jpg,case12,This is a colonoscopy frame from a patient with no polyps.
Sun_Multimodal/Train_Negative/case8_negative_img_00075.jpg,case8,This is a colonoscopy frame from a patient with no polyps.
Sun_Multimodal/Train_Negative/case5_negative_img_05868.jpg,case5,This is a colonoscopy frame from a patient with no polyps.
Sun_Multimodal/Train_Negative/case5_negative_img_01504.jpg,case5,This is a colonoscopy frame from a patient with no polyps.
Sun_Multimodal/Train_Negative/case13_negative_img_06133.jpg,case13,This is a colonoscopy frame from a patient with no polyps.
Sun_Multimodal/Train_Negative/case11_negative_img_03556.jpg,case11,This is a colonoscopy frame from a patient with no polyps.
Sun_Multimodal/Train_Negative/case2_negative_img_04836.jpg,case2,This is a colonoscopy frame from a patient with no polyps.
Sun_Multimodal/Train_Negative/case11_negative_img_00022.jpg,case11,This is a colonoscopy frame from a patient with no polyps.
Sun_Multimodal/Train_Negative/case3_negative_img_07126.jpg,case3,This is a colonoscopy frame from a patient with no polyps.
Sun_Multimodal/Train_Negative/case8_negative_img_00866.jpg,case8,This is a colonoscopy frame from a patient with no polyps.
Sun_Multimodal/Train_Negative/case8_negative_img_01522.jpg,case8,This is a colonoscopy frame from a patient with no polyps.
Sun_Multimodal/Train_Negative/case1_negative_img_02592.jpg,case1,This is a colonoscopy frame from a patient with no polyps.
Sun_Multimodal/Train_Negative/case8_negative_img_02437.jpg,case8,This is a colonoscopy frame from a patient with no polyps.
Sun_Multimodal/Train_Negative/case2_negative_img_04495.jpg,case2,This is a colonoscopy frame from a patient with no polyps.
Sun_Multimodal/Train_Negative/case13_negative_img_04571.jpg,case13,This is a colonoscopy frame from a patient with no polyps.
Sun_Multimodal/Train_Negative/case11_negative_img_03587.jpg,case11,This is a colonoscopy frame from a patient with no polyps.
Sun_Multimodal/Train_Negative/case10_negative_img_02017.jpg,case10,This is a colonoscopy frame from a patient with no polyps.
Sun_Multimodal/Train_Negative/case6_negative_img_05852.jpg,case6,This is a colonoscopy frame from a patient with no polyps.
Sun_Multimodal/Train_Negative/case5_negative_img_00840.jpg,case5,This is a colonoscopy frame from a patient with no polyps.
Sun_Multimodal/Train_Negative/case8_negative_img_02056.jpg,case8,This is a colonoscopy frame from a patient with no polyps.
Sun_Multimodal/Train_Negative/case6_negative_img_11527.jpg,case6,This is a colonoscopy frame from a patient with no polyps.
Sun_Multimodal/Train_Negative/case1_negative_img_05314.jpg,case1,This is a colonoscopy frame from a patient with no polyps.
Sun_Multimodal/Train_Negative/case12_negative_img_06779.jpg,case12,This is a colonoscopy frame from a patient with no polyps.
Sun_Multimodal/Train_Negative/case1_negative_img_07020.jpg,case1,This is a colonoscopy frame from a patient with no polyps.
Sun_Multimodal/Train_Negative/case12_negative_img_03497.jpg,case12,This is a colonoscopy frame from a patient with no polyps.
Sun_Multimodal/Train_Negative/case3_negative_img_02494.jpg,case3,This is a colonoscopy frame from a patient with no polyps.
Sun_Multimodal/Train_Negative/case12_negative_img_02902.jpg,case12,This is a colonoscopy frame from a patient with no polyps.
Sun_Multimodal/Train_Negative/case3_negative_img_00814.jpg,case3,This is a colonoscopy frame from a patient with no polyps.
Sun_Multimodal/Train_Negative/case3_negative_img_04578.jpg,case3,This is a colonoscopy frame from a patient with no polyps.
Sun_Multimodal/Train_Negative/case2_negative_img_08168.jpg,case2,This is a colonoscopy frame from a patient with no polyps.
Sun_Multimodal/Train_Negative/case11_negative_img_00569.jpg,case11,This is a colonoscopy frame from a patient with no polyps.
Sun_Multimodal/Train_Negative/case1_negative_img_03229.jpg,case1,This is a colonoscopy frame from a patient with no polyps.
Sun_Multimodal/Train_Negative/case2_negative_img_01230.jpg,case2,This is a colonoscopy frame from a patient with no polyps.
Sun_Multimodal/Train_Negative/case11_negative_img_04016.jpg,case11,This is a colonoscopy frame from a patient with no polyps.
Sun_Multimodal/Train_Negative/case2_negative_img_09670.jpg,case2,This is a colonoscopy frame from a patient with no polyps.
Sun_Multimodal/Train_Negative/case12_negative_img_05423.jpg,case12,This is a colonoscopy frame from a patient with no polyps.
Sun_Multimodal/Train_Negative/case5_negative_img_01576.jpg,case5,This is a colonoscopy frame from a patient with no polyps.
Sun_Multimodal/Train_Negative/case2_negative_img_07142.jpg,case2,This is a colonoscopy frame from a patient with no polyps.
Sun_Multimodal/Train_Negative/case10_negative_img_03153.jpg,case10,This is a colonoscopy frame from a patient with no polyps.
Sun_Multimodal/Train_Negative/case11_negative_img_03283.jpg,case11,This is a colonoscopy frame from a patient with no polyps.
Sun_Multimodal/Train_Negative/case5_negative_img_02002.jpg,case5,This is a colonoscopy frame from a patient with no polyps.
Sun_Multimodal/Train_Negative/case1_negative_img_05948.jpg,case1,This is a colonoscopy frame from a patient with no polyps.
Sun_Multimodal/Train_Negative/case10_negative_img_01267.jpg,case10,This is a colonoscopy frame from a patient with no polyps.
Sun_Multimodal/Train_Negative/case12_negative_img_04602.jpg,case12,This is a colonoscopy frame from a patient with no polyps.
Sun_Multimodal/Train_Negative/case5_negative_img_00757.jpg,case5,This is a colonoscopy frame from a patient with no polyps.
Sun_Multimodal/Train_Negative/case8_negative_img_00466.jpg,case8,This is a colonoscopy frame from a patient with no polyps.
Sun_Multimodal/Train_Negative/case11_negative_img_02705.jpg,case11,This is a colonoscopy frame from a patient with no polyps.
Sun_Multimodal/Train_Negative/case12_negative_img_02049.jpg,case12,This is a colonoscopy frame from a patient with no polyps.
Sun_Multimodal/Train_Negative/case8_negative_img_01226.jpg,case8,This is a colonoscopy frame from a patient with no polyps.
Sun_Multimodal/Train_Negative/case10_negative_img_03532.jpg,case10,This is a colonoscopy frame from a patient with no polyps.
Sun_Multimodal/Train_Negative/case8_negative_img_01922.jpg,case8,This is a colonoscopy frame from a patient with no polyps.
Sun_Multimodal/Train_Negative/case11_negative_img_01166.jpg,case11,This is a colonoscopy frame from a patient with no polyps.
Sun_Multimodal/Train_Negative/case3_negative_img_00629.jpg,case3,This is a colonoscopy frame from a patient with no polyps.
Sun_Multimodal/Train_Negative/case6_negative_img_05452.jpg,case6,This is a colonoscopy frame from a patient with no polyps.
Sun_Multimodal/Train_Negative/case1_negative_img_07178.jpg,case1,This is a colonoscopy frame from a patient with no polyps.
Sun_Multimodal/Train_Negative/case8_negative_img_01131.jpg,case8,This is a colonoscopy frame from a patient with no polyps.
Sun_Multimodal/Train_Negative/case3_negative_img_04883.jpg,case3,This is a colonoscopy frame from a patient with no polyps.
Sun_Multimodal/Train_Negative/case2_negative_img_04721.jpg,case2,This is a colonoscopy frame from a patient with no polyps.
Sun_Multimodal/Train_Negative/case13_negative_img_05722.jpg,case13,This is a colonoscopy frame from a patient with no polyps.
Sun_Multimodal/Train_Negative/case8_negative_img_02024.jpg,case8,This is a colonoscopy frame from a patient with no polyps.
Sun_Multimodal/Train_Negative/case3_negative_img_01408.jpg,case3,This is a colonoscopy frame from a patient with no polyps.
Sun_Multimodal/Train_Negative/case8_negative_img_01806.jpg,case8,This is a colonoscopy frame from a patient with no polyps.
Sun_Multimodal/Train_Negative/case12_negative_img_06705.jpg,case12,This is a colonoscopy frame from a patient with no polyps.
Sun_Multimodal/Train_Negative/case8_negative_img_00234.jpg,case8,This is a colonoscopy frame from a patient with no polyps.
Sun_Multimodal/Train_Negative/case10_negative_img_02520.jpg,case10,This is a colonoscopy frame from a patient with no polyps.
Sun_Multimodal/Train_Negative/case8_negative_img_00593.jpg,case8,This is a colonoscopy frame from a patient with no polyps.
Sun_Multimodal/Train_Negative/case13_negative_img_00539.jpg,case13,This is a colonoscopy frame from a patient with no polyps.
Sun_Multimodal/Train_Negative/case5_negative_img_00564.jpg,case5,This is a colonoscopy frame from a patient with no polyps.
Sun_Multimodal/Train_Negative/case2_negative_img_06150.jpg,case2,This is a colonoscopy frame from a patient with no polyps.
Sun_Multimodal/Train_Negative/case11_negative_img_02291.jpg,case11,This is a colonoscopy frame from a patient with no polyps.
Sun_Multimodal/Train_Negative/case5_negative_img_01324.jpg,case5,This is a colonoscopy frame from a patient with no polyps.
Sun_Multimodal/Train_Negative/case12_negative_img_06364.jpg,case12,This is a colonoscopy frame from a patient with no polyps.
Sun_Multimodal/Train_Negative/case8_negative_img_01015.jpg,case8,This is a colonoscopy frame from a patient with no polyps.
Sun_Multimodal/Train_Negative/case3_negative_img_04272.jpg,case3,This is a colonoscopy frame from a patient with no polyps.
Sun_Multimodal/Train_Negative/case12_negative_img_05271.jpg,case12,This is a colonoscopy frame from a patient with no polyps.
Sun_Multimodal/Train_Negative/case12_negative_img_04396.jpg,case12,This is a colonoscopy frame from a patient with no polyps.
Sun_Multimodal/Train_Negative/case12_negative_img_04892.jpg,case12,This is a colonoscopy frame from a patient with no polyps.
Sun_Multimodal/Train_Negative/case3_negative_img_00868.jpg,case3,This is a colonoscopy frame from a patient with no polyps.
Sun_Multimodal/Train_Negative/case12_negative_img_04347.jpg,case12,This is a colonoscopy frame from a patient with no polyps.
Sun_Multimodal/Train_Negative/case6_negative_img_07555.jpg,case6,This is a colonoscopy frame from a patient with no polyps.
Sun_Multimodal/Train_Negative/case1_negative_img_01161.jpg,case1,This is a colonoscopy frame from a patient with no polyps.
Sun_Multimodal/Train_Negative/case11_negative_img_03400.jpg,case11,This is a colonoscopy frame from a patient with no polyps.
Sun_Multimodal/Train_Negative/case8_negative_img_01763.jpg,case8,This is a colonoscopy frame from a patient with no polyps.
Sun_Multimodal/Train_Negative/case2_negative_img_06181.jpg,case2,This is a colonoscopy frame from a patient with no polyps.
Sun_Multimodal/Train_Negative/case2_negative_img_06626.jpg,case2,This is a colonoscopy frame from a patient with no polyps.
Sun_Multimodal/Train_Negative/case11_negative_img_02240.jpg,case11,This is a colonoscopy frame from a patient with no polyps.
Sun_Multimodal/Train_Negative/case6_negative_img_07693.jpg,case6,This is a colonoscopy frame from a patient with no polyps.
Sun_Multimodal/Train_Negative/case12_negative_img_00638.jpg,case12,This is a colonoscopy frame from a patient with no polyps.
Sun_Multimodal/Train_Negative/case1_negative_img_08239.jpg,case1,This is a colonoscopy frame from a patient with no polyps.
Sun_Multimodal/Train_Negative/case11_negative_img_01093.jpg,case11,This is a colonoscopy frame from a patient with no polyps.
Sun_Multimodal/Train_Negative/case11_negative_img_01734.jpg,case11,This is a colonoscopy frame from a patient with no polyps.
Sun_Multimodal/Train_Negative/case2_negative_img_06247.jpg,case2,This is a colonoscopy frame from a patient with no polyps.
Sun_Multimodal/Train_Negative/case8_negative_img_00542.jpg,case8,This is a colonoscopy frame from a patient with no polyps.
Sun_Multimodal/Train_Negative/case3_negative_img_02089.jpg,case3,This is a colonoscopy frame from a patient with no polyps.
Sun_Multimodal/Train_Negative/case1_negative_img_02415.jpg,case1,This is a colonoscopy frame from a patient with no polyps.
Sun_Multimodal/Train_Negative/case13_negative_img_03663.jpg,case13,This is a colonoscopy frame from a patient with no polyps.
Sun_Multimodal/Train_Negative/case5_negative_img_05866.jpg,case5,This is a colonoscopy frame from a patient with no polyps.
Sun_Multimodal/Train_Negative/case11_negative_img_02318.jpg,case11,This is a colonoscopy frame from a patient with no polyps.
Sun_Multimodal/Train_Negative/case8_negative_img_02089.jpg,case8,This is a colonoscopy frame from a patient with no polyps.
Sun_Multimodal/Train_Negative/case6_negative_img_02886.jpg,case6,This is a colonoscopy frame from a patient with no polyps.
Sun_Multimodal/Train_Negative/case10_negative_img_05764.jpg,case10,This is a colonoscopy frame from a patient with no polyps.
Sun_Multimodal/Train_Negative/case3_negative_img_03791.jpg,case3,This is a colonoscopy frame from a patient with no polyps.
Sun_Multimodal/Train_Negative/case3_negative_img_03036.jpg,case3,This is a colonoscopy frame from a patient with no polyps.
Sun_Multimodal/Train_Negative/case6_negative_img_13387.jpg,case6,This is a colonoscopy frame from a patient with no polyps.
Sun_Multimodal/Train_Negative/case3_negative_img_01763.jpg,case3,This is a colonoscopy frame from a patient with no polyps.
Sun_Multimodal/Train_Negative/case2_negative_img_04838.jpg,case2,This is a colonoscopy frame from a patient with no polyps.
Sun_Multimodal/Train_Negative/case5_negative_img_03199.jpg,case5,This is a colonoscopy frame from a patient with no polyps.
Sun_Multimodal/Train_Negative/case5_negative_img_06160.jpg,case5,This is a colonoscopy frame from a patient with no polyps.
Sun_Multimodal/Train_Negative/case5_negative_img_06616.jpg,case5,This is a colonoscopy frame from a patient with no polyps.
Sun_Multimodal/Train_Negative/case13_negative_img_00461.jpg,case13,This is a colonoscopy frame from a patient with no polyps.
Sun_Multimodal/Train_Negative/case8_negative_img_02439.jpg,case8,This is a colonoscopy frame from a patient with no polyps.
Sun_Multimodal/Train_Negative/case1_negative_img_04011.jpg,case1,This is a colonoscopy frame from a patient with no polyps.
Sun_Multimodal/Train_Negative/case13_negative_img_01640.jpg,case13,This is a colonoscopy frame from a patient with no polyps.
Sun_Multimodal/Train_Negative/case3_negative_img_02561.jpg,case3,This is a colonoscopy frame from a patient with no polyps.
Sun_Multimodal/Train_Negative/case5_negative_img_01742.jpg,case5,This is a colonoscopy frame from a patient with no polyps.
Sun_Multimodal/Train_Negative/case5_negative_img_02657.jpg,case5,This is a colonoscopy frame from a patient with no polyps.
Sun_Multimodal/Train_Negative/case2_negative_img_04263.jpg,case2,This is a colonoscopy frame from a patient with no polyps.
Sun_Multimodal/Train_Negative/case2_negative_img_05384.jpg,case2,This is a colonoscopy frame from a patient with no polyps.
Sun_Multimodal/Train_Negative/case3_negative_img_06287.jpg,case3,This is a colonoscopy frame from a patient with no polyps.
Sun_Multimodal/Train_Negative/case10_negative_img_02146.jpg,case10,This is a colonoscopy frame from a patient with no polyps.
Sun_Multimodal/Train_Negative/case2_negative_img_09025.jpg,case2,This is a colonoscopy frame from a patient with no polyps.
Sun_Multimodal/Train_Negative/case11_negative_img_01424.jpg,case11,This is a colonoscopy frame from a patient with no polyps.
Sun_Multimodal/Train_Negative/case5_negative_img_02591.jpg,case5,This is a colonoscopy frame from a patient with no polyps.
Sun_Multimodal/Train_Negative/case13_negative_img_00629.jpg,case13,This is a colonoscopy frame from a patient with no polyps.
Sun_Multimodal/Train_Negative/case13_negative_img_05177.jpg,case13,This is a colonoscopy frame from a patient with no polyps.
Sun_Multimodal/Train_Negative/case2_negative_img_05734.jpg,case2,This is a colonoscopy frame from a patient with no polyps.
Sun_Multimodal/Train_Negative/case8_negative_img_01764.jpg,case8,This is a colonoscopy frame from a patient with no polyps.
Sun_Multimodal/Train_Negative/case11_negative_img_03875.jpg,case11,This is a colonoscopy frame from a patient with no polyps.
Sun_Multimodal/Train_Negative/case11_negative_img_03407.jpg,case11,This is a colonoscopy frame from a patient with no polyps.
Sun_Multimodal/Train_Negative/case6_negative_img_04447.jpg,case6,This is a colonoscopy frame from a patient with no polyps.
Sun_Multimodal/Train_Negative/case6_negative_img_01319.jpg,case6,This is a colonoscopy frame from a patient with no polyps.
Sun_Multimodal/Train_Negative/case2_negative_img_00879.jpg,case2,This is a colonoscopy frame from a patient with no polyps.
Sun_Multimodal/Train_Negative/case3_negative_img_05722.jpg,case3,This is a colonoscopy frame from a patient with no polyps.
Sun_Multimodal/Train_Negative/case8_negative_img_02210.jpg,case8,This is a colonoscopy frame from a patient with no polyps.
Sun_Multimodal/Train_Negative/case3_negative_img_02729.jpg,case3,This is a colonoscopy frame from a patient with no polyps.
Sun_Multimodal/Train_Negative/case2_negative_img_01772.jpg,case2,This is a colonoscopy frame from a patient with no polyps.
Sun_Multimodal/Train_Negative/case11_negative_img_04554.jpg,case11,This is a colonoscopy frame from a patient with no polyps.
Sun_Multimodal/Train_Negative/case10_negative_img_06217.jpg,case10,This is a colonoscopy frame from a patient with no polyps.
Sun_Multimodal/Train_Negative/case10_negative_img_02309.jpg,case10,This is a colonoscopy frame from a patient with no polyps.
Sun_Multimodal/Train_Negative/case8_negative_img_02348.jpg,case8,This is a colonoscopy frame from a patient with no polyps.
Sun_Multimodal/Train_Negative/case12_negative_img_05039.jpg,case12,This is a colonoscopy frame from a patient with no polyps.
Sun_Multimodal/Train_Negative/case13_negative_img_00310.jpg,case13,This is a colonoscopy frame from a patient with no polyps.
Sun_Multimodal/Train_Negative/case2_negative_img_00225.jpg,case2,This is a colonoscopy frame from a patient with no polyps.
Sun_Multimodal/Train_Negative/case1_negative_img_06485.jpg,case1,This is a colonoscopy frame from a patient with no polyps.
Sun_Multimodal/Train_Negative/case1_negative_img_09196.jpg,case1,This is a colonoscopy frame from a patient with no polyps.
Sun_Multimodal/Train_Negative/case13_negative_img_01647.jpg,case13,This is a colonoscopy frame from a patient with no polyps.
Sun_Multimodal/Train_Negative/case12_negative_img_05489.jpg,case12,This is a colonoscopy frame from a patient with no polyps.
Sun_Multimodal/Train_Negative/case5_negative_img_07842.jpg,case5,This is a colonoscopy frame from a patient with no polyps.
Sun_Multimodal/Train_Negative/case6_negative_img_13097.jpg,case6,This is a colonoscopy frame from a patient with no polyps.
Sun_Multimodal/Train_Negative/case5_negative_img_00849.jpg,case5,This is a colonoscopy frame from a patient with no polyps.
Sun_Multimodal/Train_Negative/case2_negative_img_03751.jpg,case2,This is a colonoscopy frame from a patient with no polyps.
Sun_Multimodal/Train_Negative/case1_negative_img_04553.jpg,case1,This is a colonoscopy frame from a patient with no polyps.
Sun_Multimodal/Train_Negative/case5_negative_img_07175.jpg,case5,This is a colonoscopy frame from a patient with no polyps.
Sun_Multimodal/Train_Negative/case1_negative_img_04921.jpg,case1,This is a colonoscopy frame from a patient with no polyps.
Sun_Multimodal/Train_Negative/case13_negative_img_00930.jpg,case13,This is a colonoscopy frame from a patient with no polyps.
Sun_Multimodal/Train_Negative/case6_negative_img_15399.jpg,case6,This is a colonoscopy frame from a patient with no polyps.
Sun_Multimodal/Train_Negative/case12_negative_img_03020.jpg,case12,This is a colonoscopy frame from a patient with no polyps.
Sun_Multimodal/Train_Negative/case3_negative_img_02784.jpg,case3,This is a colonoscopy frame from a patient with no polyps.
Sun_Multimodal/Train_Negative/case3_negative_img_05449.jpg,case3,This is a colonoscopy frame from a patient with no polyps.
Sun_Multimodal/Train_Negative/case13_negative_img_03791.jpg,case13,This is a colonoscopy frame from a patient with no polyps.
Sun_Multimodal/Train_Negative/case3_negative_img_03574.jpg,case3,This is a colonoscopy frame from a patient with no polyps.
Sun_Multimodal/Train_Negative/case11_negative_img_03809.jpg,case11,This is a colonoscopy frame from a patient with no polyps.
Sun_Multimodal/Train_Negative/case6_negative_img_07289.jpg,case6,This is a colonoscopy frame from a patient with no polyps.
Sun_Multimodal/Train_Negative/case11_negative_img_01489.jpg,case11,This is a colonoscopy frame from a patient with no polyps.
Sun_Multimodal/Train_Negative/case3_negative_img_00461.jpg,case3,This is a colonoscopy frame from a patient with no polyps.
Sun_Multimodal/Train_Negative/case3_negative_img_00813.jpg,case3,This is a colonoscopy frame from a patient with no polyps.
Sun_Multimodal/Train_Negative/case10_negative_img_06333.jpg,case10,This is a colonoscopy frame from a patient with no polyps.
Sun_Multimodal/Train_Negative/case8_negative_img_00539.jpg,case8,This is a colonoscopy frame from a patient with no polyps.
Sun_Multimodal/Train_Negative/case3_negative_img_03115.jpg,case3,This is a colonoscopy frame from a patient with no polyps.
Sun_Multimodal/Train_Negative/case6_negative_img_14508.jpg,case6,This is a colonoscopy frame from a patient with no polyps.
Sun_Multimodal/Train_Negative/case1_negative_img_05465.jpg,case1,This is a colonoscopy frame from a patient with no polyps.
Sun_Multimodal/Train_Negative/case3_negative_img_00539.jpg,case3,This is a colonoscopy frame from a patient with no polyps.
Sun_Multimodal/Train_Negative/case11_negative_img_02702.jpg,case11,This is a colonoscopy frame from a patient with no polyps.
Sun_Multimodal/Train_Negative/case6_negative_img_09053.jpg,case6,This is a colonoscopy frame from a patient with no polyps.
Sun_Multimodal/Train_Negative/case8_negative_img_00317.jpg,case8,This is a colonoscopy frame from a patient with no polyps.
Sun_Multimodal/Train_Negative/case10_negative_img_03243.jpg,case10,This is a colonoscopy frame from a patient with no polyps.
Sun_Multimodal/Train_Negative/case12_negative_img_06181.jpg,case12,This is a colonoscopy frame from a patient with no polyps.
Sun_Multimodal/Train_Negative/case10_negative_img_00356.jpg,case10,This is a colonoscopy frame from a patient with no polyps.
Sun_Multimodal/Train_Negative/case2_negative_img_04892.jpg,case2,This is a colonoscopy frame from a patient with no polyps.
Sun_Multimodal/Train_Negative/case12_negative_img_05094.jpg,case12,This is a colonoscopy frame from a patient with no polyps.
Sun_Multimodal/Train_Negative/case6_negative_img_15914.jpg,case6,This is a colonoscopy frame from a patient with no polyps.
Sun_Multimodal/Train_Negative/case1_negative_img_00515.jpg,case1,This is a colonoscopy frame from a patient with no polyps.
Sun_Multimodal/Train_Negative/case8_negative_img_01136.jpg,case8,This is a colonoscopy frame from a patient with no polyps.
Sun_Multimodal/Train_Negative/case11_negative_img_02867.jpg,case11,This is a colonoscopy frame from a patient with no polyps.
Sun_Multimodal/Train_Negative/case12_negative_img_04960.jpg,case12,This is a colonoscopy frame from a patient with no polyps.
Sun_Multimodal/Train_Negative/case6_negative_img_06540.jpg,case6,This is a colonoscopy frame from a patient with no polyps.
Sun_Multimodal/Train_Negative/case3_negative_img_01210.jpg,case3,This is a colonoscopy frame from a patient with no polyps.
Sun_Multimodal/Train_Negative/case5_negative_img_05974.jpg,case5,This is a colonoscopy frame from a patient with no polyps.
Sun_Multimodal/Train_Negative/case5_negative_img_00258.jpg,case5,This is a colonoscopy frame from a patient with no polyps.
Sun_Multimodal/Train_Negative/case8_negative_img_00169.jpg,case8,This is a colonoscopy frame from a patient with no polyps.
Sun_Multimodal/Train_Negative/case6_negative_img_14539.jpg,case6,This is a colonoscopy frame from a patient with no polyps.
Sun_Multimodal/Train_Negative/case12_negative_img_01795.jpg,case12,This is a colonoscopy frame from a patient with no polyps.
Sun_Multimodal/Train_Negative/case13_negative_img_01837.jpg,case13,This is a colonoscopy frame from a patient with no polyps.
Sun_Multimodal/Train_Negative/case1_negative_img_09433.jpg,case1,This is a colonoscopy frame from a patient with no polyps.
Sun_Multimodal/Train_Negative/case12_negative_img_01032.jpg,case12,This is a colonoscopy frame from a patient with no polyps.
Sun_Multimodal/Train_Negative/case6_negative_img_10427.jpg,case6,This is a colonoscopy frame from a patient with no polyps.
Sun_Multimodal/Train_Negative/case13_negative_img_05929.jpg,case13,This is a colonoscopy frame from a patient with no polyps.
Sun_Multimodal/Train_Negative/case2_negative_img_04558.jpg,case2,This is a colonoscopy frame from a patient with no polyps.
Sun_Multimodal/Train_Negative/case12_negative_img_03767.jpg,case12,This is a colonoscopy frame from a patient with no polyps.
Sun_Multimodal/Train_Negative/case1_negative_img_06933.jpg,case1,This is a colonoscopy frame from a patient with no polyps.
Sun_Multimodal/Train_Negative/case2_negative_img_03921.jpg,case2,This is a colonoscopy frame from a patient with no polyps.
Sun_Multimodal/Train_Negative/case1_negative_img_08977.jpg,case1,This is a colonoscopy frame from a patient with no polyps.
Sun_Multimodal/Train_Negative/case13_negative_img_01494.jpg,case13,This is a colonoscopy frame from a patient with no polyps.
Sun_Multimodal/Train_Negative/case13_negative_img_03007.jpg,case13,This is a colonoscopy frame from a patient with no polyps.
Sun_Multimodal/Train_Negative/case6_negative_img_13625.jpg,case6,This is a colonoscopy frame from a patient with no polyps.
Sun_Multimodal/Train_Negative/case12_negative_img_02230.jpg,case12,This is a colonoscopy frame from a patient with no polyps.
Sun_Multimodal/Train_Negative/case5_negative_img_07525.jpg,case5,This is a colonoscopy frame from a patient with no polyps.
Sun_Multimodal/Train_Negative/case2_negative_img_04376.jpg,case2,This is a colonoscopy frame from a patient with no polyps.
Sun_Multimodal/Train_Negative/case13_negative_img_05375.jpg,case13,This is a colonoscopy frame from a patient with no polyps.
Sun_Multimodal/Train_Negative/case11_negative_img_00710.jpg,case11,This is a colonoscopy frame from a patient with no polyps.
Sun_Multimodal/Train_Negative/case12_negative_img_04142.jpg,case12,This is a colonoscopy frame from a patient with no polyps.
Sun_Multimodal/Train_Negative/case3_negative_img_06054.jpg,case3,This is a colonoscopy frame from a patient with no polyps.
Sun_Multimodal/Train_Negative/case10_negative_img_03272.jpg,case10,This is a colonoscopy frame from a patient with no polyps.
Sun_Multimodal/Train_Negative/case8_negative_img_01914.jpg,case8,This is a colonoscopy frame from a patient with no polyps.
Sun_Multimodal/Train_Negative/case13_negative_img_04154.jpg,case13,This is a colonoscopy frame from a patient with no polyps.
Sun_Multimodal/Train_Negative/case12_negative_img_03528.jpg,case12,This is a colonoscopy frame from a patient with no polyps.
Sun_Multimodal/Train_Negative/case11_negative_img_03512.jpg,case11,This is a colonoscopy frame from a patient with no polyps.
Sun_Multimodal/Train_Negative/case10_negative_img_05089.jpg,case10,This is a colonoscopy frame from a patient with no polyps.
Sun_Multimodal/Train_Negative/case3_negative_img_04864.jpg,case3,This is a colonoscopy frame from a patient with no polyps.
Sun_Multimodal/Train_Negative/case10_negative_img_01630.jpg,case10,This is a colonoscopy frame from a patient with no polyps.
Sun_Multimodal/Train_Negative/case11_negative_img_01247.jpg,case11,This is a colonoscopy frame from a patient with no polyps.
Sun_Multimodal/Train_Negative/case8_negative_img_01210.jpg,case8,This is a colonoscopy frame from a patient with no polyps.
Sun_Multimodal/Train_Negative/case13_negative_img_03248.jpg,case13,This is a colonoscopy frame from a patient with no polyps.
Sun_Multimodal/Train_Negative/case10_negative_img_03504.jpg,case10,This is a colonoscopy frame from a patient with no polyps.
Sun_Multimodal/Train_Negative/case1_negative_img_03347.jpg,case1,This is a colonoscopy frame from a patient with no polyps.
Sun_Multimodal/Train_Negative/case13_negative_img_04996.jpg,case13,This is a colonoscopy frame from a patient with no polyps.
Sun_Multimodal/Train_Negative/case2_negative_img_05995.jpg,case2,This is a colonoscopy frame from a patient with no polyps.
Sun_Multimodal/Train_Negative/case11_negative_img_01181.jpg,case11,This is a colonoscopy frame from a patient with no polyps.
Sun_Multimodal/Train_Negative/case8_negative_img_02305.jpg,case8,This is a colonoscopy frame from a patient with no polyps.
Sun_Multimodal/Train_Negative/case2_negative_img_04872.jpg,case2,This is a colonoscopy frame from a patient with no polyps.
Sun_Multimodal/Train_Negative/case10_negative_img_00411.jpg,case10,This is a colonoscopy frame from a patient with no polyps.
Sun_Multimodal/Train_Negative/case1_negative_img_02042.jpg,case1,This is a colonoscopy frame from a patient with no polyps.
Sun_Multimodal/Train_Negative/case5_negative_img_01464.jpg,case5,This is a colonoscopy frame from a patient with no polyps.
Sun_Multimodal/Train_Negative/case13_negative_img_06053.jpg,case13,This is a colonoscopy frame from a patient with no polyps.
Sun_Multimodal/Train_Negative/case12_negative_img_06383.jpg,case12,This is a colonoscopy frame from a patient with no polyps.
Sun_Multimodal/Train_Negative/case13_negative_img_00618.jpg,case13,This is a colonoscopy frame from a patient with no polyps.
Sun_Multimodal/Train_Negative/case5_negative_img_02903.jpg,case5,This is a colonoscopy frame from a patient with no polyps.
Sun_Multimodal/Train_Negative/case13_negative_img_01058.jpg,case13,This is a colonoscopy frame from a patient with no polyps.
Sun_Multimodal/Train_Negative/case11_negative_img_01363.jpg,case11,This is a colonoscopy frame from a patient with no polyps.
Sun_Multimodal/Train_Negative/case8_negative_img_01493.jpg,case8,This is a colonoscopy frame from a patient with no polyps.
Sun_Multimodal/Train_Negative/case1_negative_img_03263.jpg,case1,This is a colonoscopy frame from a patient with no polyps.
Sun_Multimodal/Train_Negative/case2_negative_img_05364.jpg,case2,This is a colonoscopy frame from a patient with no polyps.
Sun_Multimodal/Train_Negative/case11_negative_img_00142.jpg,case11,This is a colonoscopy frame from a patient with no polyps.
Sun_Multimodal/Train_Negative/case13_negative_img_05955.jpg,case13,This is a colonoscopy frame from a patient with no polyps.
Sun_Multimodal/Train_Negative/case1_negative_img_01536.jpg,case1,This is a colonoscopy frame from a patient with no polyps.
Sun_Multimodal/Train_Negative/case1_negative_img_01291.jpg,case1,This is a colonoscopy frame from a patient with no polyps.
Sun_Multimodal/Train_Negative/case3_negative_img_04182.jpg,case3,This is a colonoscopy frame from a patient with no polyps.
Sun_Multimodal/Train_Negative/case13_negative_img_05251.jpg,case13,This is a colonoscopy frame from a patient with no polyps.
Sun_Multimodal/Train_Negative/case3_negative_img_04625.jpg,case3,This is a colonoscopy frame from a patient with no polyps.
Sun_Multimodal/Train_Negative/case11_negative_img_01074.jpg,case11,This is a colonoscopy frame from a patient with no polyps.
Sun_Multimodal/Train_Negative/case12_negative_img_01738.jpg,case12,This is a colonoscopy frame from a patient with no polyps.
Sun_Multimodal/Train_Negative/case8_negative_img_01442.jpg,case8,This is a colonoscopy frame from a patient with no polyps.
Sun_Multimodal/Train_Negative/case5_negative_img_03835.jpg,case5,This is a colonoscopy frame from a patient with no polyps.
Sun_Multimodal/Train_Negative/case11_negative_img_00980.jpg,case11,This is a colonoscopy frame from a patient with no polyps.
Sun_Multimodal/Train_Negative/case2_negative_img_04633.jpg,case2,This is a colonoscopy frame from a patient with no polyps.
Sun_Multimodal/Train_Negative/case11_negative_img_00255.jpg,case11,This is a colonoscopy frame from a patient with no polyps.
Sun_Multimodal/Train_Negative/case8_negative_img_02136.jpg,case8,This is a colonoscopy frame from a patient with no polyps.
Sun_Multimodal/Train_Negative/case11_negative_img_03340.jpg,case11,This is a colonoscopy frame from a patient with no polyps.
Sun_Multimodal/Train_Negative/case12_negative_img_02775.jpg,case12,This is a colonoscopy frame from a patient with no polyps.
Sun_Multimodal/Train_Negative/case5_negative_img_04175.jpg,case5,This is a colonoscopy frame from a patient with no polyps.
Sun_Multimodal/Train_Negative/case5_negative_img_07060.jpg,case5,This is a colonoscopy frame from a patient with no polyps.
Sun_Multimodal/Train_Negative/case1_negative_img_09261.jpg,case1,This is a colonoscopy frame from a patient with no polyps.
Sun_Multimodal/Train_Negative/case5_negative_img_06620.jpg,case5,This is a colonoscopy frame from a patient with no polyps.
Sun_Multimodal/Train_Negative/case6_negative_img_01974.jpg,case6,This is a colonoscopy frame from a patient with no polyps.
Sun_Multimodal/Train_Negative/case2_negative_img_06799.jpg,case2,This is a colonoscopy frame from a patient with no polyps.
Sun_Multimodal/Train_Negative/case10_negative_img_02788.jpg,case10,This is a colonoscopy frame from a patient with no polyps.
Sun_Multimodal/Train_Negative/case5_negative_img_05354.jpg,case5,This is a colonoscopy frame from a patient with no polyps.
Sun_Multimodal/Train_Negative/case13_negative_img_05768.jpg,case13,This is a colonoscopy frame from a patient with no polyps.
Sun_Multimodal/Train_Negative/case13_negative_img_00740.jpg,case13,This is a colonoscopy frame from a patient with no polyps.
Sun_Multimodal/Train_Negative/case5_negative_img_03269.jpg,case5,This is a colonoscopy frame from a patient with no polyps.
Sun_Multimodal/Train_Negative/case10_negative_img_07007.jpg,case10,This is a colonoscopy frame from a patient with no polyps.
Sun_Multimodal/Train_Negative/case6_negative_img_00842.jpg,case6,This is a colonoscopy frame from a patient with no polyps.
Sun_Multimodal/Train_Negative/case3_negative_img_06498.jpg,case3,This is a colonoscopy frame from a patient with no polyps.
Sun_Multimodal/Train_Negative/case13_negative_img_00321.jpg,case13,This is a colonoscopy frame from a patient with no polyps.
Sun_Multimodal/Train_Negative/case12_negative_img_03643.jpg,case12,This is a colonoscopy frame from a patient with no polyps.
Sun_Multimodal/Train_Negative/case2_negative_img_02237.jpg,case2,This is a colonoscopy frame from a patient with no polyps.
Sun_Multimodal/Train_Negative/case2_negative_img_03805.jpg,case2,This is a colonoscopy frame from a patient with no polyps.
Sun_Multimodal/Train_Negative/case11_negative_img_03396.jpg,case11,This is a colonoscopy frame from a patient with no polyps.
Sun_Multimodal/Train_Negative/case13_negative_img_06054.jpg,case13,This is a colonoscopy frame from a patient with no polyps.
Sun_Multimodal/Train_Negative/case2_negative_img_07057.jpg,case2,This is a colonoscopy frame from a patient with no polyps.
Sun_Multimodal/Train_Negative/case6_negative_img_06483.jpg,case6,This is a colonoscopy frame from a patient with no polyps.
Sun_Multimodal/Train_Negative/case3_negative_img_05375.jpg,case3,This is a colonoscopy frame from a patient with no polyps.
Sun_Multimodal/Train_Negative/case12_negative_img_01428.jpg,case12,This is a colonoscopy frame from a patient with no polyps.
Sun_Multimodal/Train_Negative/case10_negative_img_02267.jpg,case10,This is a colonoscopy frame from a patient with no polyps.
Sun_Multimodal/Train_Negative/case8_negative_img_00573.jpg,case8,This is a colonoscopy frame from a patient with no polyps.
Sun_Multimodal/Train_Negative/case10_negative_img_06379.jpg,case10,This is a colonoscopy frame from a patient with no polyps.
Sun_Multimodal/Train_Negative/case2_negative_img_07844.jpg,case2,This is a colonoscopy frame from a patient with no polyps.
Sun_Multimodal/Train_Negative/case3_negative_img_04154.jpg,case3,This is a colonoscopy frame from a patient with no polyps.
Sun_Multimodal/Train_Negative/case1_negative_img_01531.jpg,case1,This is a colonoscopy frame from a patient with no polyps.
Sun_Multimodal/Train_Negative/case12_negative_img_04717.jpg,case12,This is a colonoscopy frame from a patient with no polyps.
Sun_Multimodal/Train_Negative/case3_negative_img_05062.jpg,case3,This is a colonoscopy frame from a patient with no polyps.
Sun_Multimodal/Train_Negative/case10_negative_img_01876.jpg,case10,This is a colonoscopy frame from a patient with no polyps.
Sun_Multimodal/Train_Negative/case1_negative_img_00407.jpg,case1,This is a colonoscopy frame from a patient with no polyps.
Sun_Multimodal/Train_Negative/case12_negative_img_05621.jpg,case12,This is a colonoscopy frame from a patient with no polyps.
Sun_Multimodal/Train_Negative/case6_negative_img_15474.jpg,case6,This is a colonoscopy frame from a patient with no polyps.
Sun_Multimodal/Train_Negative/case11_negative_img_03726.jpg,case11,This is a colonoscopy frame from a patient with no polyps.
Sun_Multimodal/Train_Negative/case8_negative_img_01837.jpg,case8,This is a colonoscopy frame from a patient with no polyps.
Sun_Multimodal/Train_Negative/case2_negative_img_07895.jpg,case2,This is a colonoscopy frame from a patient with no polyps.
Sun_Multimodal/Train_Negative/case10_negative_img_02963.jpg,case10,This is a colonoscopy frame from a patient with no polyps.
Sun_Multimodal/Train_Negative/case2_negative_img_06972.jpg,case2,This is a colonoscopy frame from a patient with no polyps.
Sun_Multimodal/Train_Negative/case3_negative_img_04996.jpg,case3,This is a colonoscopy frame from a patient with no polyps.
Sun_Multimodal/Train_Negative/case2_negative_img_09013.jpg,case2,This is a colonoscopy frame from a patient with no polyps.
Sun_Multimodal/Train_Negative/case10_negative_img_02170.jpg,case10,This is a colonoscopy frame from a patient with no polyps.
Sun_Multimodal/Train_Negative/case12_negative_img_06355.jpg,case12,This is a colonoscopy frame from a patient with no polyps.
Sun_Multimodal/Train_Negative/case11_negative_img_03347.jpg,case11,This is a colonoscopy frame from a patient with no polyps.
Sun_Multimodal/Train_Negative/case13_negative_img_03545.jpg,case13,This is a colonoscopy frame from a patient with no polyps.
Sun_Multimodal/Train_Negative/case13_negative_img_03937.jpg,case13,This is a colonoscopy frame from a patient with no polyps.
Sun_Multimodal/Train_Negative/case2_negative_img_06039.jpg,case2,This is a colonoscopy frame from a patient with no polyps.
Sun_Multimodal/Train_Negative/case5_negative_img_05886.jpg,case5,This is a colonoscopy frame from a patient with no polyps.
Sun_Multimodal/Train_Negative/case6_negative_img_08238.jpg,case6,This is a colonoscopy frame from a patient with no polyps.
Sun_Multimodal/Train_Negative/case3_negative_img_05929.jpg,case3,This is a colonoscopy frame from a patient with no polyps.
Sun_Multimodal/Train_Negative/case12_negative_img_04558.jpg,case12,This is a colonoscopy frame from a patient with no polyps.
Sun_Multimodal/Train_Negative/case5_negative_img_06297.jpg,case5,This is a colonoscopy frame from a patient with no polyps.
Sun_Multimodal/Train_Negative/case6_negative_img_11725.jpg,case6,This is a colonoscopy frame from a patient with no polyps.
Sun_Multimodal/Train_Negative/case3_negative_img_00901.jpg,case3,This is a colonoscopy frame from a patient with no polyps.
Sun_Multimodal/Train_Negative/case12_negative_img_00497.jpg,case12,This is a colonoscopy frame from a patient with no polyps.
Sun_Multimodal/Train_Negative/case5_negative_img_07370.jpg,case5,This is a colonoscopy frame from a patient with no polyps.
Sun_Multimodal/Train_Negative/case11_negative_img_03569.jpg,case11,This is a colonoscopy frame from a patient with no polyps.
Sun_Multimodal/Train_Negative/case12_negative_img_00751.jpg,case12,This is a colonoscopy frame from a patient with no polyps.
Sun_Multimodal/Train_Negative/case2_negative_img_09989.jpg,case2,This is a colonoscopy frame from a patient with no polyps.
Sun_Multimodal/Train_Negative/case13_negative_img_01566.jpg,case13,This is a colonoscopy frame from a patient with no polyps.
Sun_Multimodal/Train_Negative/case6_negative_img_00056.jpg,case6,This is a colonoscopy frame from a patient with no polyps.
Sun_Multimodal/Train_Negative/case6_negative_img_04148.jpg,case6,This is a colonoscopy frame from a patient with no polyps.
Sun_Multimodal/Train_Negative/case11_negative_img_01318.jpg,case11,This is a colonoscopy frame from a patient with no polyps.
Sun_Multimodal/Train_Negative/case11_negative_img_04446.jpg,case11,This is a colonoscopy frame from a patient with no polyps.
Sun_Multimodal/Train_Negative/case1_negative_img_05795.jpg,case1,This is a colonoscopy frame from a patient with no polyps.
Sun_Multimodal/Train_Negative/case5_negative_img_07254.jpg,case5,This is a colonoscopy frame from a patient with no polyps.
Sun_Multimodal/Train_Negative/case6_negative_img_02993.jpg,case6,This is a colonoscopy frame from a patient with no polyps.
Sun_Multimodal/Train_Negative/case1_negative_img_06127.jpg,case1,This is a colonoscopy frame from a patient with no polyps.
Sun_Multimodal/Train_Negative/case5_negative_img_05973.jpg,case5,This is a colonoscopy frame from a patient with no polyps.
Sun_Multimodal/Train_Negative/case13_negative_img_02691.jpg,case13,This is a colonoscopy frame from a patient with no polyps.
Sun_Multimodal/Train_Negative/case3_negative_img_04128.jpg,case3,This is a colonoscopy frame from a patient with no polyps.
Sun_Multimodal/Train_Negative/case6_negative_img_10852.jpg,case6,This is a colonoscopy frame from a patient with no polyps.
Sun_Multimodal/Train_Negative/case1_negative_img_05821.jpg,case1,This is a colonoscopy frame from a patient with no polyps.
Sun_Multimodal/Train_Negative/case5_negative_img_06075.jpg,case5,This is a colonoscopy frame from a patient with no polyps.
Sun_Multimodal/Train_Negative/case13_negative_img_02925.jpg,case13,This is a colonoscopy frame from a patient with no polyps.
Sun_Multimodal/Train_Negative/case1_negative_img_07306.jpg,case1,This is a colonoscopy frame from a patient with no polyps.
Sun_Multimodal/Train_Negative/case8_negative_img_01439.jpg,case8,This is a colonoscopy frame from a patient with no polyps.
Sun_Multimodal/Train_Negative/case1_negative_img_06597.jpg,case1,This is a colonoscopy frame from a patient with no polyps.
Sun_Multimodal/Train_Negative/case13_negative_img_02586.jpg,case13,This is a colonoscopy frame from a patient with no polyps.
Sun_Multimodal/Train_Negative/case11_negative_img_04751.jpg,case11,This is a colonoscopy frame from a patient with no polyps.
Sun_Multimodal/Train_Negative/case12_negative_img_01743.jpg,case12,This is a colonoscopy frame from a patient with no polyps.
Sun_Multimodal/Train_Negative/case3_negative_img_00740.jpg,case3,This is a colonoscopy frame from a patient with no polyps.
Sun_Multimodal/Train_Negative/case1_negative_img_04565.jpg,case1,This is a colonoscopy frame from a patient with no polyps.
Sun_Multimodal/Train_Negative/case8_negative_img_00618.jpg,case8,This is a colonoscopy frame from a patient with no polyps.
Sun_Multimodal/Train_Negative/case1_negative_img_09084.jpg,case1,This is a colonoscopy frame from a patient with no polyps.
Sun_Multimodal/Train_Negative/case3_negative_img_00321.jpg,case3,This is a colonoscopy frame from a patient with no polyps.
Sun_Multimodal/Train_Negative/case13_negative_img_01755.jpg,case13,This is a colonoscopy frame from a patient with no polyps.
Sun_Multimodal/Train_Negative/case3_negative_img_00618.jpg,case3,This is a colonoscopy frame from a patient with no polyps.
Sun_Multimodal/Train_Negative/case5_negative_img_03105.jpg,case5,This is a colonoscopy frame from a patient with no polyps.
Sun_Multimodal/Train_Negative/case10_negative_img_05399.jpg,case10,This is a colonoscopy frame from a patient with no polyps.
Sun_Multimodal/Train_Negative/case13_negative_img_05372.jpg,case13,This is a colonoscopy frame from a patient with no polyps.
Sun_Multimodal/Train_Negative/case8_negative_img_02474.jpg,case8,This is a colonoscopy frame from a patient with no polyps.
Sun_Multimodal/Train_Negative/case1_negative_img_07528.jpg,case1,This is a colonoscopy frame from a patient with no polyps.
Sun_Multimodal/Train_Negative/case8_negative_img_01561.jpg,case8,This is a colonoscopy frame from a patient with no polyps.
Sun_Multimodal/Train_Negative/case11_negative_img_02042.jpg,case11,This is a colonoscopy frame from a patient with no polyps.
Sun_Multimodal/Train_Negative/case3_negative_img_06053.jpg,case3,This is a colonoscopy frame from a patient with no polyps.
Sun_Multimodal/Train_Negative/case13_negative_img_02379.jpg,case13,This is a colonoscopy frame from a patient with no polyps.
Sun_Multimodal/Train_Negative/case12_negative_img_05364.jpg,case12,This is a colonoscopy frame from a patient with no polyps.
Sun_Multimodal/Train_Negative/case11_negative_img_02851.jpg,case11,This is a colonoscopy frame from a patient with no polyps.
Sun_Multimodal/Train_Negative/case11_negative_img_02423.jpg,case11,This is a colonoscopy frame from a patient with no polyps.
Sun_Multimodal/Train_Negative/case5_negative_img_00803.jpg,case5,This is a colonoscopy frame from a patient with no polyps.
Sun_Multimodal/Train_Negative/case11_negative_img_03967.jpg,case11,This is a colonoscopy frame from a patient with no polyps.
Sun_Multimodal/Train_Negative/case2_negative_img_07173.jpg,case2,This is a colonoscopy frame from a patient with no polyps.
Sun_Multimodal/Train_Negative/case10_negative_img_02722.jpg,case10,This is a colonoscopy frame from a patient with no polyps.
Sun_Multimodal/Train_Negative/case3_negative_img_06344.jpg,case3,This is a colonoscopy frame from a patient with no polyps.
Sun_Multimodal/Train_Negative/case12_negative_img_02419.jpg,case12,This is a colonoscopy frame from a patient with no polyps.
Sun_Multimodal/Train_Negative/case11_negative_img_02355.jpg,case11,This is a colonoscopy frame from a patient with no polyps.
Sun_Multimodal/Train_Negative/case13_negative_img_04625.jpg,case13,This is a colonoscopy frame from a patient with no polyps.
Sun_Multimodal/Train_Negative/case10_negative_img_00077.jpg,case10,This is a colonoscopy frame from a patient with no polyps.
Sun_Multimodal/Train_Negative/case5_negative_img_04678.jpg,case5,This is a colonoscopy frame from a patient with no polyps.
Sun_Multimodal/Train_Negative/case10_negative_img_06988.jpg,case10,This is a colonoscopy frame from a patient with no polyps.
Sun_Multimodal/Train_Negative/case6_negative_img_15226.jpg,case6,This is a colonoscopy frame from a patient with no polyps.
Sun_Multimodal/Train_Negative/case11_negative_img_01621.jpg,case11,This is a colonoscopy frame from a patient with no polyps.
Sun_Multimodal/Train_Negative/case5_negative_img_07581.jpg,case5,This is a colonoscopy frame from a patient with no polyps.
Sun_Multimodal/Train_Negative/case5_negative_img_02578.jpg,case5,This is a colonoscopy frame from a patient with no polyps.
Sun_Multimodal/Train_Negative/case1_negative_img_08667.jpg,case1,This is a colonoscopy frame from a patient with no polyps.
Sun_Multimodal/Train_Negative/case11_negative_img_04393.jpg,case11,This is a colonoscopy frame from a patient with no polyps.
Sun_Multimodal/Train_Negative/case10_negative_img_04043.jpg,case10,This is a colonoscopy frame from a patient with no polyps.
Sun_Multimodal/Train_Negative/case5_negative_img_06814.jpg,case5,This is a colonoscopy frame from a patient with no polyps.
Sun_Multimodal/Train_Negative/case12_negative_img_02941.jpg,case12,This is a colonoscopy frame from a patient with no polyps.
Sun_Multimodal/Train_Negative/case5_negative_img_05573.jpg,case5,This is a colonoscopy frame from a patient with no polyps.
Sun_Multimodal/Train_Negative/case13_negative_img_03704.jpg,case13,This is a colonoscopy frame from a patient with no polyps.
Sun_Multimodal/Train_Negative/case5_negative_img_03759.jpg,case5,This is a colonoscopy frame from a patient with no polyps.
Sun_Multimodal/Train_Negative/case6_negative_img_10820.jpg,case6,This is a colonoscopy frame from a patient with no polyps.
Sun_Multimodal/Train_Negative/case8_negative_img_02228.jpg,case8,This is a colonoscopy frame from a patient with no polyps.
Sun_Multimodal/Train_Negative/case1_negative_img_07374.jpg,case1,This is a colonoscopy frame from a patient with no polyps.
Sun_Multimodal/Train_Negative/case13_negative_img_02957.jpg,case13,This is a colonoscopy frame from a patient with no polyps.
Sun_Multimodal/Train_Negative/case2_negative_img_03250.jpg,case2,This is a colonoscopy frame from a patient with no polyps.
Sun_Multimodal/Train_Negative/case11_negative_img_02168.jpg,case11,This is a colonoscopy frame from a patient with no polyps.
Sun_Multimodal/Train_Negative/case8_negative_img_01839.jpg,case8,This is a colonoscopy frame from a patient with no polyps.
Sun_Multimodal/Train_Negative/case13_negative_img_03413.jpg,case13,This is a colonoscopy frame from a patient with no polyps.
Sun_Multimodal/Train_Negative/case12_negative_img_00171.jpg,case12,This is a colonoscopy frame from a patient with no polyps.
Sun_Multimodal/Train_Negative/case10_negative_img_05966.jpg,case10,This is a colonoscopy frame from a patient with no polyps.
Sun_Multimodal/Train_Negative/case2_negative_img_01977.jpg,case2,This is a colonoscopy frame from a patient with no polyps.
Sun_Multimodal/Train_Negative/case12_negative_img_05188.jpg,case12,This is a colonoscopy frame from a patient with no polyps.
Sun_Multimodal/Train_Negative/case6_negative_img_02684.jpg,case6,This is a colonoscopy frame from a patient with no polyps.
Sun_Multimodal/Train_Negative/case12_negative_img_01731.jpg,case12,This is a colonoscopy frame from a patient with no polyps.
Sun_Multimodal/Train_Negative/case1_negative_img_05882.jpg,case1,This is a colonoscopy frame from a patient with no polyps.
Sun_Multimodal/Train_Negative/case11_negative_img_04084.jpg,case11,This is a colonoscopy frame from a patient with no polyps.
Sun_Multimodal/Train_Negative/case1_negative_img_07063.jpg,case1,This is a colonoscopy frame from a patient with no polyps.
Sun_Multimodal/Train_Negative/case13_negative_img_03072.jpg,case13,This is a colonoscopy frame from a patient with no polyps.
Sun_Multimodal/Train_Negative/case13_negative_img_02632.jpg,case13,This is a colonoscopy frame from a patient with no polyps.
Sun_Multimodal/Train_Negative/case2_negative_img_03631.jpg,case2,This is a colonoscopy frame from a patient with no polyps.
Sun_Multimodal/Train_Negative/case11_negative_img_02509.jpg,case11,This is a colonoscopy frame from a patient with no polyps.
Sun_Multimodal/Train_Negative/case13_negative_img_00167.jpg,case13,This is a colonoscopy frame from a patient with no polyps.
Sun_Multimodal/Train_Negative/case3_negative_img_04998.jpg,case3,This is a colonoscopy frame from a patient with no polyps.
Sun_Multimodal/Train_Negative/case11_negative_img_00989.jpg,case11,This is a colonoscopy frame from a patient with no polyps.
Sun_Multimodal/Train_Negative/case3_negative_img_04774.jpg,case3,This is a colonoscopy frame from a patient with no polyps.
Sun_Multimodal/Train_Negative/case8_negative_img_02406.jpg,case8,This is a colonoscopy frame from a patient with no polyps.
Sun_Multimodal/Train_Negative/case13_negative_img_05300.jpg,case13,This is a colonoscopy frame from a patient with no polyps.
Sun_Multimodal/Train_Negative/case13_negative_img_04540.jpg,case13,This is a colonoscopy frame from a patient with no polyps.
Sun_Multimodal/Train_Negative/case1_negative_img_03444.jpg,case1,This is a colonoscopy frame from a patient with no polyps.
Sun_Multimodal/Train_Negative/case2_negative_img_06456.jpg,case2,This is a colonoscopy frame from a patient with no polyps.
Sun_Multimodal/Train_Negative/case10_negative_img_06559.jpg,case10,This is a colonoscopy frame from a patient with no polyps.
Sun_Multimodal/Train_Negative/case11_negative_img_00304.jpg,case11,This is a colonoscopy frame from a patient with no polyps.
Sun_Multimodal/Train_Negative/case8_negative_img_02067.jpg,case8,This is a colonoscopy frame from a patient with no polyps.
Sun_Multimodal/Train_Negative/case10_negative_img_00773.jpg,case10,This is a colonoscopy frame from a patient with no polyps.
Sun_Multimodal/Train_Negative/case1_negative_img_02665.jpg,case1,This is a colonoscopy frame from a patient with no polyps.
Sun_Multimodal/Train_Negative/case6_negative_img_09300.jpg,case6,This is a colonoscopy frame from a patient with no polyps.
Sun_Multimodal/Train_Negative/case6_negative_img_05367.jpg,case6,This is a colonoscopy frame from a patient with no polyps.
Sun_Multimodal/Train_Negative/case1_negative_img_03753.jpg,case1,This is a colonoscopy frame from a patient with no polyps.
Sun_Multimodal/Train_Negative/case12_negative_img_00499.jpg,case12,This is a colonoscopy frame from a patient with no polyps.
Sun_Multimodal/Train_Negative/case6_negative_img_07840.jpg,case6,This is a colonoscopy frame from a patient with no polyps.
Sun_Multimodal/Train_Negative/case10_negative_img_00005.jpg,case10,This is a colonoscopy frame from a patient with no polyps.
Sun_Multimodal/Train_Negative/case11_negative_img_03106.jpg,case11,This is a colonoscopy frame from a patient with no polyps.
Sun_Multimodal/Train_Negative/case8_negative_img_00382.jpg,case8,This is a colonoscopy frame from a patient with no polyps.
Sun_Multimodal/Train_Negative/case8_negative_img_00425.jpg,case8,This is a colonoscopy frame from a patient with no polyps.
Sun_Multimodal/Train_Negative/case11_negative_img_02746.jpg,case11,This is a colonoscopy frame from a patient with no polyps.
Sun_Multimodal/Train_Negative/case6_negative_img_14414.jpg,case6,This is a colonoscopy frame from a patient with no polyps.
Sun_Multimodal/Train_Negative/case10_negative_img_01583.jpg,case10,This is a colonoscopy frame from a patient with no polyps.
Sun_Multimodal/Train_Negative/case2_negative_img_04807.jpg,case2,This is a colonoscopy frame from a patient with no polyps.
Sun_Multimodal/Train_Negative/case8_negative_img_02370.jpg,case8,This is a colonoscopy frame from a patient with no polyps.
Sun_Multimodal/Train_Negative/case8_negative_img_01720.jpg,case8,This is a colonoscopy frame from a patient with no polyps.
Sun_Multimodal/Train_Negative/case8_negative_img_01087.jpg,case8,This is a colonoscopy frame from a patient with no polyps.
Sun_Multimodal/Train_Negative/case10_negative_img_00121.jpg,case10,This is a colonoscopy frame from a patient with no polyps.
Sun_Multimodal/Train_Negative/case3_negative_img_04935.jpg,case3,This is a colonoscopy frame from a patient with no polyps.
Sun_Multimodal/Train_Negative/case1_negative_img_01685.jpg,case1,This is a colonoscopy frame from a patient with no polyps.
Sun_Multimodal/Train_Negative/case11_negative_img_03022.jpg,case11,This is a colonoscopy frame from a patient with no polyps.
Sun_Multimodal/Train_Negative/case3_negative_img_07033.jpg,case3,This is a colonoscopy frame from a patient with no polyps.
Sun_Multimodal/Train_Negative/case11_negative_img_03785.jpg,case11,This is a colonoscopy frame from a patient with no polyps.
Sun_Multimodal/Train_Negative/case8_negative_img_00973.jpg,case8,This is a colonoscopy frame from a patient with no polyps.
Sun_Multimodal/Train_Negative/case8_negative_img_00501.jpg,case8,This is a colonoscopy frame from a patient with no polyps.
Sun_Multimodal/Train_Negative/case1_negative_img_06548.jpg,case1,This is a colonoscopy frame from a patient with no polyps.
Sun_Multimodal/Train_Negative/case11_negative_img_04029.jpg,case11,This is a colonoscopy frame from a patient with no polyps.
Sun_Multimodal/Train_Negative/case8_negative_img_02522.jpg,case8,This is a colonoscopy frame from a patient with no polyps.
Sun_Multimodal/Train_Negative/case3_negative_img_04650.jpg,case3,This is a colonoscopy frame from a patient with no polyps.
Sun_Multimodal/Train_Negative/case13_negative_img_04816.jpg,case13,This is a colonoscopy frame from a patient with no polyps.
Sun_Multimodal/Train_Negative/case10_negative_img_02911.jpg,case10,This is a colonoscopy frame from a patient with no polyps.
Sun_Multimodal/Train_Negative/case12_negative_img_02658.jpg,case12,This is a colonoscopy frame from a patient with no polyps.
Sun_Multimodal/Train_Negative/case8_negative_img_01390.jpg,case8,This is a colonoscopy frame from a patient with no polyps.
Sun_Multimodal/Train_Negative/case3_negative_img_04596.jpg,case3,This is a colonoscopy frame from a patient with no polyps.
Sun_Multimodal/Train_Negative/case10_negative_img_00657.jpg,case10,This is a colonoscopy frame from a patient with no polyps.
Sun_Multimodal/Train_Negative/case11_negative_img_02907.jpg,case11,This is a colonoscopy frame from a patient with no polyps.
Sun_Multimodal/Train_Negative/case8_negative_img_00616.jpg,case8,This is a colonoscopy frame from a patient with no polyps.
Sun_Multimodal/Train_Negative/case12_negative_img_02239.jpg,case12,This is a colonoscopy frame from a patient with no polyps.
Sun_Multimodal/Train_Negative/case3_negative_img_03703.jpg,case3,This is a colonoscopy frame from a patient with no polyps.
Sun_Multimodal/Train_Negative/case1_negative_img_07954.jpg,case1,This is a colonoscopy frame from a patient with no polyps.
Sun_Multimodal/Train_Negative/case13_negative_img_00850.jpg,case13,This is a colonoscopy frame from a patient with no polyps.
Sun_Multimodal/Train_Negative/case6_negative_img_00333.jpg,case6,This is a colonoscopy frame from a patient with no polyps.
Sun_Multimodal/Train_Negative/case6_negative_img_03226.jpg,case6,This is a colonoscopy frame from a patient with no polyps.
Sun_Multimodal/Train_Negative/case1_negative_img_09675.jpg,case1,This is a colonoscopy frame from a patient with no polyps.
Sun_Multimodal/Train_Negative/case1_negative_img_04083.jpg,case1,This is a colonoscopy frame from a patient with no polyps.
Sun_Multimodal/Train_Negative/case12_negative_img_04989.jpg,case12,This is a colonoscopy frame from a patient with no polyps.
Sun_Multimodal/Train_Negative/case1_negative_img_09910.jpg,case1,This is a colonoscopy frame from a patient with no polyps.
Sun_Multimodal/Train_Negative/case12_negative_img_01163.jpg,case12,This is a colonoscopy frame from a patient with no polyps.
Sun_Multimodal/Train_Negative/case1_negative_img_04890.jpg,case1,This is a colonoscopy frame from a patient with no polyps.
Sun_Multimodal/Train_Negative/case6_negative_img_15228.jpg,case6,This is a colonoscopy frame from a patient with no polyps.
Sun_Multimodal/Train_Negative/case10_negative_img_06986.jpg,case10,This is a colonoscopy frame from a patient with no polyps.
Sun_Multimodal/Train_Negative/case5_negative_img_00768.jpg,case5,This is a colonoscopy frame from a patient with no polyps.
Sun_Multimodal/Train_Negative/case10_negative_img_02898.jpg,case10,This is a colonoscopy frame from a patient with no polyps.
Sun_Multimodal/Train_Negative/case10_negative_img_03033.jpg,case10,This is a colonoscopy frame from a patient with no polyps.
Sun_Multimodal/Train_Negative/case5_negative_img_00983.jpg,case5,This is a colonoscopy frame from a patient with no polyps.
Sun_Multimodal/Train_Negative/case6_negative_img_06884.jpg,case6,This is a colonoscopy frame from a patient with no polyps.
Sun_Multimodal/Train_Negative/case13_negative_img_04774.jpg,case13,This is a colonoscopy frame from a patient with no polyps.
Sun_Multimodal/Train_Negative/case2_negative_img_04690.jpg,case2,This is a colonoscopy frame from a patient with no polyps.
Sun_Multimodal/Train_Negative/case6_negative_img_10048.jpg,case6,This is a colonoscopy frame from a patient with no polyps.
Sun_Multimodal/Train_Negative/case2_negative_img_04137.jpg,case2,This is a colonoscopy frame from a patient with no polyps.
Sun_Multimodal/Train_Negative/case6_negative_img_09642.jpg,case6,This is a colonoscopy frame from a patient with no polyps.
Sun_Multimodal/Train_Negative/case10_negative_img_02212.jpg,case10,This is a colonoscopy frame from a patient with no polyps.
Sun_Multimodal/Train_Negative/case8_negative_img_01346.jpg,case8,This is a colonoscopy frame from a patient with no polyps.
Sun_Multimodal/Train_Negative/case13_negative_img_05555.jpg,case13,This is a colonoscopy frame from a patient with no polyps.
Sun_Multimodal/Train_Negative/case2_negative_img_09371.jpg,case2,This is a colonoscopy frame from a patient with no polyps.
Sun_Multimodal/Train_Negative/case6_negative_img_03718.jpg,case6,This is a colonoscopy frame from a patient with no polyps.
Sun_Multimodal/Train_Negative/case8_negative_img_02525.jpg,case8,This is a colonoscopy frame from a patient with no polyps.
Sun_Multimodal/Train_Negative/case13_negative_img_05223.jpg,case13,This is a colonoscopy frame from a patient with no polyps.
Sun_Multimodal/Train_Negative/case1_negative_img_07479.jpg,case1,This is a colonoscopy frame from a patient with no polyps.
Sun_Multimodal/Train_Negative/case13_negative_img_03468.jpg,case13,This is a colonoscopy frame from a patient with no polyps.
Sun_Multimodal/Train_Negative/case8_negative_img_01397.jpg,case8,This is a colonoscopy frame from a patient with no polyps.
Sun_Multimodal/Train_Negative/case2_negative_img_06907.jpg,case2,This is a colonoscopy frame from a patient with no polyps.
Sun_Multimodal/Train_Negative/case1_negative_img_03567.jpg,case1,This is a colonoscopy frame from a patient with no polyps.
Sun_Multimodal/Train_Negative/case8_negative_img_00270.jpg,case8,This is a colonoscopy frame from a patient with no polyps.
Sun_Multimodal/Train_Negative/case12_negative_img_05235.jpg,case12,This is a colonoscopy frame from a patient with no polyps.
Sun_Multimodal/Train_Negative/case11_negative_img_00227.jpg,case11,This is a colonoscopy frame from a patient with no polyps.
Sun_Multimodal/Train_Negative/case6_negative_img_02539.jpg,case6,This is a colonoscopy frame from a patient with no polyps.
Sun_Multimodal/Train_Negative/case5_negative_img_03435.jpg,case5,This is a colonoscopy frame from a patient with no polyps.
Sun_Multimodal/Train_Negative/case11_negative_img_02572.jpg,case11,This is a colonoscopy frame from a patient with no polyps.
Sun_Multimodal/Train_Negative/case2_negative_img_07754.jpg,case2,This is a colonoscopy frame from a patient with no polyps.
Sun_Multimodal/Train_Negative/case5_negative_img_04399.jpg,case5,This is a colonoscopy frame from a patient with no polyps.
Sun_Multimodal/Train_Negative/case10_negative_img_06522.jpg,case10,This is a colonoscopy frame from a patient with no polyps.
Sun_Multimodal/Train_Negative/case6_negative_img_12552.jpg,case6,This is a colonoscopy frame from a patient with no polyps.
Sun_Multimodal/Train_Negative/case2_negative_img_04378.jpg,case2,This is a colonoscopy frame from a patient with no polyps.
Sun_Multimodal/Train_Negative/case5_negative_img_05481.jpg,case5,This is a colonoscopy frame from a patient with no polyps.
Sun_Multimodal/Train_Negative/case12_negative_img_03281.jpg,case12,This is a colonoscopy frame from a patient with no polyps.
Sun_Multimodal/Train_Negative/case3_negative_img_01430.jpg,case3,This is a colonoscopy frame from a patient with no polyps.
Sun_Multimodal/Train_Negative/case13_negative_img_00044.jpg,case13,This is a colonoscopy frame from a patient with no polyps.
Sun_Multimodal/Train_Negative/case2_negative_img_00607.jpg,case2,This is a colonoscopy frame from a patient with no polyps.
Sun_Multimodal/Train_Negative/case11_negative_img_01298.jpg,case11,This is a colonoscopy frame from a patient with no polyps.
Sun_Multimodal/Train_Negative/case11_negative_img_01249.jpg,case11,This is a colonoscopy frame from a patient with no polyps.
Sun_Multimodal/Train_Negative/case10_negative_img_05720.jpg,case10,This is a colonoscopy frame from a patient with no polyps.
Sun_Multimodal/Train_Negative/case10_negative_img_06192.jpg,case10,This is a colonoscopy frame from a patient with no polyps.
Sun_Multimodal/Train_Negative/case1_negative_img_02168.jpg,case1,This is a colonoscopy frame from a patient with no polyps.
Sun_Multimodal/Train_Negative/case3_negative_img_02253.jpg,case3,This is a colonoscopy frame from a patient with no polyps.
Sun_Multimodal/Train_Negative/case3_negative_img_01080.jpg,case3,This is a colonoscopy frame from a patient with no polyps.
Sun_Multimodal/Train_Negative/case6_negative_img_12583.jpg,case6,This is a colonoscopy frame from a patient with no polyps.
Sun_Multimodal/Train_Negative/case2_negative_img_03405.jpg,case2,This is a colonoscopy frame from a patient with no polyps.
Sun_Multimodal/Train_Negative/case12_negative_img_01853.jpg,case12,This is a colonoscopy frame from a patient with no polyps.
Sun_Multimodal/Train_Negative/case11_negative_img_04433.jpg,case11,This is a colonoscopy frame from a patient with no polyps.
Sun_Multimodal/Train_Negative/case3_negative_img_00422.jpg,case3,This is a colonoscopy frame from a patient with no polyps.
Sun_Multimodal/Train_Negative/case6_negative_img_10034.jpg,case6,This is a colonoscopy frame from a patient with no polyps.
Sun_Multimodal/Train_Negative/case13_negative_img_03703.jpg,case13,This is a colonoscopy frame from a patient with no polyps.
Sun_Multimodal/Train_Negative/case1_negative_img_07712.jpg,case1,This is a colonoscopy frame from a patient with no polyps.
Sun_Multimodal/Train_Negative/case5_negative_img_04334.jpg,case5,This is a colonoscopy frame from a patient with no polyps.
Sun_Multimodal/Train_Negative/case3_negative_img_06269.jpg,case3,This is a colonoscopy frame from a patient with no polyps.
Sun_Multimodal/Train_Negative/case6_negative_img_00566.jpg,case6,This is a colonoscopy frame from a patient with no polyps.
Sun_Multimodal/Train_Negative/case1_negative_img_09441.jpg,case1,This is a colonoscopy frame from a patient with no polyps.
Sun_Multimodal/Train_Negative/case1_negative_img_05426.jpg,case1,This is a colonoscopy frame from a patient with no polyps.
Sun_Multimodal/Train_Negative/case2_negative_img_00846.jpg,case2,This is a colonoscopy frame from a patient with no polyps.
Sun_Multimodal/Train_Negative/case8_negative_img_00908.jpg,case8,This is a colonoscopy frame from a patient with no polyps.
Sun_Multimodal/Train_Negative/case6_negative_img_13932.jpg,case6,This is a colonoscopy frame from a patient with no polyps.
Sun_Multimodal/Train_Negative/case10_negative_img_04886.jpg,case10,This is a colonoscopy frame from a patient with no polyps.
Sun_Multimodal/Train_Negative/case1_negative_img_09490.jpg,case1,This is a colonoscopy frame from a patient with no polyps.
Sun_Multimodal/Train_Negative/case11_negative_img_04083.jpg,case11,This is a colonoscopy frame from a patient with no polyps.
Sun_Multimodal/Train_Negative/case5_negative_img_03028.jpg,case5,This is a colonoscopy frame from a patient with no polyps.
Sun_Multimodal/Train_Negative/case11_negative_img_04724.jpg,case11,This is a colonoscopy frame from a patient with no polyps.
Sun_Multimodal/Train_Negative/case12_negative_img_02997.jpg,case12,This is a colonoscopy frame from a patient with no polyps.
Sun_Multimodal/Train_Negative/case5_negative_img_05202.jpg,case5,This is a colonoscopy frame from a patient with no polyps.
Sun_Multimodal/Train_Negative/case5_negative_img_04442.jpg,case5,This is a colonoscopy frame from a patient with no polyps.
Sun_Multimodal/Train_Negative/case5_negative_img_07557.jpg,case5,This is a colonoscopy frame from a patient with no polyps.
Sun_Multimodal/Train_Negative/case1_negative_img_09756.jpg,case1,This is a colonoscopy frame from a patient with no polyps.
Sun_Multimodal/Train_Negative/case10_negative_img_01927.jpg,case10,This is a colonoscopy frame from a patient with no polyps.
Sun_Multimodal/Train_Negative/case13_negative_img_04935.jpg,case13,This is a colonoscopy frame from a patient with no polyps.
Sun_Multimodal/Train_Negative/case8_negative_img_00881.jpg,case8,This is a colonoscopy frame from a patient with no polyps.
Sun_Multimodal/Train_Negative/case5_negative_img_00065.jpg,case5,This is a colonoscopy frame from a patient with no polyps.
Sun_Multimodal/Train_Negative/case1_negative_img_01777.jpg,case1,This is a colonoscopy frame from a patient with no polyps.
Sun_Multimodal/Train_Negative/case10_negative_img_01134.jpg,case10,This is a colonoscopy frame from a patient with no polyps.
Sun_Multimodal/Train_Negative/case10_negative_img_02021.jpg,case10,This is a colonoscopy frame from a patient with no polyps.
Sun_Multimodal/Train_Negative/case3_negative_img_03319.jpg,case3,This is a colonoscopy frame from a patient with no polyps.
Sun_Multimodal/Train_Negative/case3_negative_img_06447.jpg,case3,This is a colonoscopy frame from a patient with no polyps.
Sun_Multimodal/Train_Negative/case5_negative_img_01991.jpg,case5,This is a colonoscopy frame from a patient with no polyps.
Sun_Multimodal/Train_Negative/case6_negative_img_01508.jpg,case6,This is a colonoscopy frame from a patient with no polyps.
Sun_Multimodal/Train_Negative/case11_negative_img_03560.jpg,case11,This is a colonoscopy frame from a patient with no polyps.
Sun_Multimodal/Train_Negative/case11_negative_img_00807.jpg,case11,This is a colonoscopy frame from a patient with no polyps.
Sun_Multimodal/Train_Negative/case3_negative_img_06750.jpg,case3,This is a colonoscopy frame from a patient with no polyps.
Sun_Multimodal/Train_Negative/case8_negative_img_00422.jpg,case8,This is a colonoscopy frame from a patient with no polyps.
Sun_Multimodal/Train_Negative/case5_negative_img_00713.jpg,case5,This is a colonoscopy frame from a patient with no polyps.
Sun_Multimodal/Train_Negative/case12_negative_img_06113.jpg,case12,This is a colonoscopy frame from a patient with no polyps.
Sun_Multimodal/Train_Negative/case2_negative_img_04472.jpg,case2,This is a colonoscopy frame from a patient with no polyps.
Sun_Multimodal/Train_Negative/case13_negative_img_05471.jpg,case13,This is a colonoscopy frame from a patient with no polyps.
Sun_Multimodal/Train_Negative/case11_negative_img_00014.jpg,case11,This is a colonoscopy frame from a patient with no polyps.
Sun_Multimodal/Train_Negative/case6_negative_img_07987.jpg,case6,This is a colonoscopy frame from a patient with no polyps.
Sun_Multimodal/Train_Negative/case11_negative_img_00212.jpg,case11,This is a colonoscopy frame from a patient with no polyps.
Sun_Multimodal/Train_Negative/case3_negative_img_06924.jpg,case3,This is a colonoscopy frame from a patient with no polyps.
Sun_Multimodal/Train_Negative/case5_negative_img_02186.jpg,case5,This is a colonoscopy frame from a patient with no polyps.
Sun_Multimodal/Train_Negative/case10_negative_img_00204.jpg,case10,This is a colonoscopy frame from a patient with no polyps.
Sun_Multimodal/Train_Negative/case8_negative_img_01877.jpg,case8,This is a colonoscopy frame from a patient with no polyps.
Sun_Multimodal/Train_Negative/case1_negative_img_03920.jpg,case1,This is a colonoscopy frame from a patient with no polyps.
Sun_Multimodal/Train_Negative/case8_negative_img_00533.jpg,case8,This is a colonoscopy frame from a patient with no polyps.
Sun_Multimodal/Train_Negative/case1_negative_img_03583.jpg,case1,This is a colonoscopy frame from a patient with no polyps.
Sun_Multimodal/Train_Negative/case10_negative_img_03467.jpg,case10,This is a colonoscopy frame from a patient with no polyps.
Sun_Multimodal/Train_Negative/case5_negative_img_03717.jpg,case5,This is a colonoscopy frame from a patient with no polyps.
Sun_Multimodal/Train_Negative/case10_negative_img_01332.jpg,case10,This is a colonoscopy frame from a patient with no polyps.
Sun_Multimodal/Train_Negative/case5_negative_img_00263.jpg,case5,This is a colonoscopy frame from a patient with no polyps.
Sun_Multimodal/Train_Negative/case1_negative_img_03645.jpg,case1,This is a colonoscopy frame from a patient with no polyps.
Sun_Multimodal/Train_Negative/case11_negative_img_02231.jpg,case11,This is a colonoscopy frame from a patient with no polyps.
Sun_Multimodal/Train_Negative/case5_negative_img_06428.jpg,case5,This is a colonoscopy frame from a patient with no polyps.
Sun_Multimodal/Train_Negative/case6_negative_img_15084.jpg,case6,This is a colonoscopy frame from a patient with no polyps.
Sun_Multimodal/Train_Negative/case8_negative_img_02499.jpg,case8,This is a colonoscopy frame from a patient with no polyps.
Sun_Multimodal/Train_Negative/case10_negative_img_04946.jpg,case10,This is a colonoscopy frame from a patient with no polyps.
Sun_Multimodal/Train_Negative/case13_negative_img_01954.jpg,case13,This is a colonoscopy frame from a patient with no polyps.
Sun_Multimodal/Train_Negative/case13_negative_img_04619.jpg,case13,This is a colonoscopy frame from a patient with no polyps.
Sun_Multimodal/Train_Negative/case1_negative_img_05156.jpg,case1,This is a colonoscopy frame from a patient with no polyps.
Sun_Multimodal/Train_Negative/case11_negative_img_04522.jpg,case11,This is a colonoscopy frame from a patient with no polyps.
Sun_Multimodal/Train_Negative/case5_negative_img_03589.jpg,case5,This is a colonoscopy frame from a patient with no polyps.
Sun_Multimodal/Train_Negative/case13_negative_img_00707.jpg,case13,This is a colonoscopy frame from a patient with no polyps.
Sun_Multimodal/Train_Negative/case12_negative_img_05389.jpg,case12,This is a colonoscopy frame from a patient with no polyps.
Sun_Multimodal/Train_Negative/case13_negative_img_02724.jpg,case13,This is a colonoscopy frame from a patient with no polyps.
Sun_Multimodal/Train_Negative/case5_negative_img_04553.jpg,case5,This is a colonoscopy frame from a patient with no polyps.
Sun_Multimodal/Train_Negative/case13_negative_img_03164.jpg,case13,This is a colonoscopy frame from a patient with no polyps.
Sun_Multimodal/Train_Negative/case12_negative_img_00874.jpg,case12,This is a colonoscopy frame from a patient with no polyps.
Sun_Multimodal/Train_Negative/case11_negative_img_01978.jpg,case11,This is a colonoscopy frame from a patient with no polyps.
Sun_Multimodal/Train_Negative/case2_negative_img_02974.jpg,case2,This is a colonoscopy frame from a patient with no polyps.
Sun_Multimodal/Train_Negative/case5_negative_img_05772.jpg,case5,This is a colonoscopy frame from a patient with no polyps.
Sun_Multimodal/Train_Negative/case6_negative_img_02792.jpg,case6,This is a colonoscopy frame from a patient with no polyps.
Sun_Multimodal/Train_Negative/case12_negative_img_00067.jpg,case12,This is a colonoscopy frame from a patient with no polyps.
Sun_Multimodal/Train_Negative/case12_negative_img_03390.jpg,case12,This is a colonoscopy frame from a patient with no polyps.
Sun_Multimodal/Train_Negative/case2_negative_img_00716.jpg,case2,This is a colonoscopy frame from a patient with no polyps.
Sun_Multimodal/Train_Negative/case3_negative_img_05398.jpg,case3,This is a colonoscopy frame from a patient with no polyps.
Sun_Multimodal/Train_Negative/case3_negative_img_00700.jpg,case3,This is a colonoscopy frame from a patient with no polyps.
Sun_Multimodal/Train_Negative/case1_negative_img_04957.jpg,case1,This is a colonoscopy frame from a patient with no polyps.
Sun_Multimodal/Train_Negative/case10_negative_img_05985.jpg,case10,This is a colonoscopy frame from a patient with no polyps.
Sun_Multimodal/Train_Negative/case6_negative_img_15499.jpg,case6,This is a colonoscopy frame from a patient with no polyps.
Sun_Multimodal/Train_Negative/case13_negative_img_04889.jpg,case13,This is a colonoscopy frame from a patient with no polyps.
Sun_Multimodal/Train_Negative/case6_negative_img_03780.jpg,case6,This is a colonoscopy frame from a patient with no polyps.
Sun_Multimodal/Train_Negative/case13_negative_img_02965.jpg,case13,This is a colonoscopy frame from a patient with no polyps.
Sun_Multimodal/Train_Negative/case1_negative_img_03258.jpg,case1,This is a colonoscopy frame from a patient with no polyps.
Sun_Multimodal/Train_Negative/case1_negative_img_02418.jpg,case1,This is a colonoscopy frame from a patient with no polyps.
Sun_Multimodal/Train_Negative/case6_negative_img_10001.jpg,case6,This is a colonoscopy frame from a patient with no polyps.
Sun_Multimodal/Train_Negative/case10_negative_img_05196.jpg,case10,This is a colonoscopy frame from a patient with no polyps.
Sun_Multimodal/Train_Negative/case3_negative_img_02897.jpg,case3,This is a colonoscopy frame from a patient with no polyps.
Sun_Multimodal/Train_Negative/case2_negative_img_02092.jpg,case2,This is a colonoscopy frame from a patient with no polyps.
Sun_Multimodal/Train_Negative/case8_negative_img_00689.jpg,case8,This is a colonoscopy frame from a patient with no polyps.
Sun_Multimodal/Train_Negative/case11_negative_img_02774.jpg,case11,This is a colonoscopy frame from a patient with no polyps.
Sun_Multimodal/Train_Negative/case11_negative_img_03693.jpg,case11,This is a colonoscopy frame from a patient with no polyps.
Sun_Multimodal/Train_Negative/case3_negative_img_07125.jpg,case3,This is a colonoscopy frame from a patient with no polyps.
Sun_Multimodal/Train_Negative/case6_negative_img_11378.jpg,case6,This is a colonoscopy frame from a patient with no polyps.
Sun_Multimodal/Train_Negative/case13_negative_img_04204.jpg,case13,This is a colonoscopy frame from a patient with no polyps.
Sun_Multimodal/Train_Negative/case6_negative_img_05880.jpg,case6,This is a colonoscopy frame from a patient with no polyps.
Sun_Multimodal/Train_Negative/case1_negative_img_06798.jpg,case1,This is a colonoscopy frame from a patient with no polyps.
Sun_Multimodal/Train_Negative/case5_negative_img_03987.jpg,case5,This is a colonoscopy frame from a patient with no polyps.
Sun_Multimodal/Train_Negative/case11_negative_img_00440.jpg,case11,This is a colonoscopy frame from a patient with no polyps.
Sun_Multimodal/Train_Negative/case5_negative_img_02860.jpg,case5,This is a colonoscopy frame from a patient with no polyps.
Sun_Multimodal/Train_Negative/case6_negative_img_02428.jpg,case6,This is a colonoscopy frame from a patient with no polyps.
Sun_Multimodal/Train_Negative/case10_negative_img_01101.jpg,case10,This is a colonoscopy frame from a patient with no polyps.
Sun_Multimodal/Train_Negative/case6_negative_img_03268.jpg,case6,This is a colonoscopy frame from a patient with no polyps.
Sun_Multimodal/Train_Negative/case13_negative_img_04113.jpg,case13,This is a colonoscopy frame from a patient with no polyps.
Sun_Multimodal/Train_Negative/case3_negative_img_06472.jpg,case3,This is a colonoscopy frame from a patient with no polyps.
Sun_Multimodal/Train_Negative/case10_negative_img_01560.jpg,case10,This is a colonoscopy frame from a patient with no polyps.
Sun_Multimodal/Train_Negative/case10_negative_img_04599.jpg,case10,This is a colonoscopy frame from a patient with no polyps.
Sun_Multimodal/Train_Negative/case8_negative_img_00361.jpg,case8,This is a colonoscopy frame from a patient with no polyps.
Sun_Multimodal/Train_Negative/case5_negative_img_04470.jpg,case5,This is a colonoscopy frame from a patient with no polyps.
Sun_Multimodal/Train_Negative/case1_negative_img_06616.jpg,case1,This is a colonoscopy frame from a patient with no polyps.
Sun_Multimodal/Train_Negative/case1_negative_img_09764.jpg,case1,This is a colonoscopy frame from a patient with no polyps.
Sun_Multimodal/Train_Negative/case3_negative_img_04619.jpg,case3,This is a colonoscopy frame from a patient with no polyps.
Sun_Multimodal/Train_Negative/case11_negative_img_04716.jpg,case11,This is a colonoscopy frame from a patient with no polyps.
Sun_Multimodal/Train_Negative/case10_negative_img_01349.jpg,case10,This is a colonoscopy frame from a patient with no polyps.
Sun_Multimodal/Train_Negative/case1_negative_img_05414.jpg,case1,This is a colonoscopy frame from a patient with no polyps.
Sun_Multimodal/Train_Negative/case5_negative_img_06795.jpg,case5,This is a colonoscopy frame from a patient with no polyps.
Sun_Multimodal/Train_Negative/case2_negative_img_01246.jpg,case2,This is a colonoscopy frame from a patient with no polyps.
Sun_Multimodal/Train_Negative/case12_negative_img_06079.jpg,case12,This is a colonoscopy frame from a patient with no polyps.
Sun_Multimodal/Train_Negative/case2_negative_img_02886.jpg,case2,This is a colonoscopy frame from a patient with no polyps.
Sun_Multimodal/Train_Negative/case13_negative_img_02962.jpg,case13,This is a colonoscopy frame from a patient with no polyps.
Sun_Multimodal/Train_Negative/case12_negative_img_02167.jpg,case12,This is a colonoscopy frame from a patient with no polyps.
Sun_Multimodal/Train_Negative/case10_negative_img_02989.jpg,case10,This is a colonoscopy frame from a patient with no polyps.
Sun_Multimodal/Train_Negative/case13_negative_img_01064.jpg,case13,This is a colonoscopy frame from a patient with no polyps.
Sun_Multimodal/Train_Negative/case5_negative_img_00218.jpg,case5,This is a colonoscopy frame from a patient with no polyps.
Sun_Multimodal/Train_Negative/case8_negative_img_01769.jpg,case8,This is a colonoscopy frame from a patient with no polyps.
Sun_Multimodal/Train_Negative/case1_negative_img_02547.jpg,case1,This is a colonoscopy frame from a patient with no polyps.
Sun_Multimodal/Train_Negative/case13_negative_img_05443.jpg,case13,This is a colonoscopy frame from a patient with no polyps.
Sun_Multimodal/Train_Negative/case8_negative_img_01631.jpg,case8,This is a colonoscopy frame from a patient with no polyps.
Sun_Multimodal/Train_Negative/case11_negative_img_03552.jpg,case11,This is a colonoscopy frame from a patient with no polyps.
Sun_Multimodal/Train_Negative/case2_negative_img_07693.jpg,case2,This is a colonoscopy frame from a patient with no polyps.
Sun_Multimodal/Train_Negative/case11_negative_img_00447.jpg,case11,This is a colonoscopy frame from a patient with no polyps.
Sun_Multimodal/Train_Negative/case11_negative_img_00835.jpg,case11,This is a colonoscopy frame from a patient with no polyps.
Sun_Multimodal/Train_Negative/case3_negative_img_04824.jpg,case3,This is a colonoscopy frame from a patient with no polyps.
Sun_Multimodal/Train_Negative/case6_negative_img_07875.jpg,case6,This is a colonoscopy frame from a patient with no polyps.
Sun_Multimodal/Train_Negative/case10_negative_img_00030.jpg,case10,This is a colonoscopy frame from a patient with no polyps.
Sun_Multimodal/Train_Negative/case8_negative_img_02083.jpg,case8,This is a colonoscopy frame from a patient with no polyps.
Sun_Multimodal/Train_Negative/case3_negative_img_05912.jpg,case3,This is a colonoscopy frame from a patient with no polyps.
Sun_Multimodal/Train_Negative/case6_negative_img_16063.jpg,case6,This is a colonoscopy frame from a patient with no polyps.
Sun_Multimodal/Train_Negative/case8_negative_img_00707.jpg,case8,This is a colonoscopy frame from a patient with no polyps.
Sun_Multimodal/Train_Negative/case10_negative_img_00480.jpg,case10,This is a colonoscopy frame from a patient with no polyps.
Sun_Multimodal/Train_Negative/case8_negative_img_02394.jpg,case8,This is a colonoscopy frame from a patient with no polyps.
Sun_Multimodal/Train_Negative/case10_negative_img_00327.jpg,case10,This is a colonoscopy frame from a patient with no polyps.
Sun_Multimodal/Train_Negative/case2_negative_img_04336.jpg,case2,This is a colonoscopy frame from a patient with no polyps.
Sun_Multimodal/Train_Negative/case6_negative_img_14357.jpg,case6,This is a colonoscopy frame from a patient with no polyps.
Sun_Multimodal/Train_Negative/case6_negative_img_09785.jpg,case6,This is a colonoscopy frame from a patient with no polyps.
Sun_Multimodal/Train_Negative/case1_negative_img_03471.jpg,case1,This is a colonoscopy frame from a patient with no polyps.
Sun_Multimodal/Train_Negative/case8_negative_img_01281.jpg,case8,This is a colonoscopy frame from a patient with no polyps.
Sun_Multimodal/Train_Negative/case2_negative_img_07223.jpg,case2,This is a colonoscopy frame from a patient with no polyps.
Sun_Multimodal/Train_Negative/case3_negative_img_05836.jpg,case3,This is a colonoscopy frame from a patient with no polyps.
Sun_Multimodal/Train_Negative/case5_negative_img_03875.jpg,case5,This is a colonoscopy frame from a patient with no polyps.
Sun_Multimodal/Train_Negative/case6_negative_img_14612.jpg,case6,This is a colonoscopy frame from a patient with no polyps.
Sun_Multimodal/Train_Negative/case13_negative_img_05670.jpg,case13,This is a colonoscopy frame from a patient with no polyps.
Sun_Multimodal/Train_Negative/case8_negative_img_02176.jpg,case8,This is a colonoscopy frame from a patient with no polyps.
Sun_Multimodal/Train_Negative/case2_negative_img_02038.jpg,case2,This is a colonoscopy frame from a patient with no polyps.
Sun_Multimodal/Train_Negative/case10_negative_img_02137.jpg,case10,This is a colonoscopy frame from a patient with no polyps.
Sun_Multimodal/Train_Negative/case10_negative_img_02690.jpg,case10,This is a colonoscopy frame from a patient with no polyps.
Sun_Multimodal/Train_Negative/case6_negative_img_14273.jpg,case6,This is a colonoscopy frame from a patient with no polyps.
Sun_Multimodal/Train_Negative/case11_negative_img_01793.jpg,case11,This is a colonoscopy frame from a patient with no polyps.
Sun_Multimodal/Train_Negative/case5_negative_img_00173.jpg,case5,This is a colonoscopy frame from a patient with no polyps.
Sun_Multimodal/Train_Negative/case8_negative_img_00997.jpg,case8,This is a colonoscopy frame from a patient with no polyps.
Sun_Multimodal/Train_Negative/case13_negative_img_06304.jpg,case13,This is a colonoscopy frame from a patient with no polyps.
Sun_Multimodal/Train_Negative/case5_negative_img_01045.jpg,case5,This is a colonoscopy frame from a patient with no polyps.
Sun_Multimodal/Train_Negative/case8_negative_img_00946.jpg,case8,This is a colonoscopy frame from a patient with no polyps.
Sun_Multimodal/Train_Negative/case13_negative_img_01479.jpg,case13,This is a colonoscopy frame from a patient with no polyps.
Sun_Multimodal/Train_Negative/case2_negative_img_08503.jpg,case2,This is a colonoscopy frame from a patient with no polyps.
Sun_Multimodal/Train_Negative/case11_negative_img_02236.jpg,case11,This is a colonoscopy frame from a patient with no polyps.
Sun_Multimodal/Train_Negative/case8_negative_img_00155.jpg,case8,This is a colonoscopy frame from a patient with no polyps.
Sun_Multimodal/Train_Negative/case6_negative_img_12088.jpg,case6,This is a colonoscopy frame from a patient with no polyps.
Sun_Multimodal/Train_Negative/case11_negative_img_00563.jpg,case11,This is a colonoscopy frame from a patient with no polyps.
Sun_Multimodal/Train_Negative/case13_negative_img_01018.jpg,case13,This is a colonoscopy frame from a patient with no polyps.
Sun_Multimodal/Train_Negative/case10_negative_img_04533.jpg,case10,This is a colonoscopy frame from a patient with no polyps.
Sun_Multimodal/Train_Negative/case1_negative_img_06382.jpg,case1,This is a colonoscopy frame from a patient with no polyps.
Sun_Multimodal/Train_Negative/case3_negative_img_03040.jpg,case3,This is a colonoscopy frame from a patient with no polyps.
Sun_Multimodal/Train_Negative/case12_negative_img_01290.jpg,case12,This is a colonoscopy frame from a patient with no polyps.
Sun_Multimodal/Train_Negative/case5_negative_img_06905.jpg,case5,This is a colonoscopy frame from a patient with no polyps.
Sun_Multimodal/Train_Negative/case11_negative_img_04525.jpg,case11,This is a colonoscopy frame from a patient with no polyps.
Sun_Multimodal/Train_Negative/case3_negative_img_02261.jpg,case3,This is a colonoscopy frame from a patient with no polyps.
Sun_Multimodal/Train_Negative/case12_negative_img_03262.jpg,case12,This is a colonoscopy frame from a patient with no polyps.
Sun_Multimodal/Train_Negative/case3_negative_img_02965.jpg,case3,This is a colonoscopy frame from a patient with no polyps.
Sun_Multimodal/Train_Negative/case5_negative_img_00838.jpg,case5,This is a colonoscopy frame from a patient with no polyps.
Sun_Multimodal/Train_Negative/case12_negative_img_02881.jpg,case12,This is a colonoscopy frame from a patient with no polyps.
Sun_Multimodal/Train_Negative/case13_negative_img_04168.jpg,case13,This is a colonoscopy frame from a patient with no polyps.
Sun_Multimodal/Train_Negative/case13_negative_img_01636.jpg,case13,This is a colonoscopy frame from a patient with no polyps.
Sun_Multimodal/Train_Negative/case12_negative_img_01994.jpg,case12,This is a colonoscopy frame from a patient with no polyps.
Sun_Multimodal/Train_Negative/case12_negative_img_02092.jpg,case12,This is a colonoscopy frame from a patient with no polyps.
Sun_Multimodal/Train_Negative/case6_negative_img_12912.jpg,case6,This is a colonoscopy frame from a patient with no polyps.
Sun_Multimodal/Train_Negative/case10_negative_img_05405.jpg,case10,This is a colonoscopy frame from a patient with no polyps.
Sun_Multimodal/Train_Negative/case2_negative_img_05978.jpg,case2,This is a colonoscopy frame from a patient with no polyps.
Sun_Multimodal/Train_Negative/case13_negative_img_01257.jpg,case13,This is a colonoscopy frame from a patient with no polyps.
Sun_Multimodal/Train_Negative/case13_negative_img_01982.jpg,case13,This is a colonoscopy frame from a patient with no polyps.
Sun_Multimodal/Train_Negative/case5_negative_img_03699.jpg,case5,This is a colonoscopy frame from a patient with no polyps.
Sun_Multimodal/Train_Negative/case5_negative_img_02592.jpg,case5,This is a colonoscopy frame from a patient with no polyps.
Sun_Multimodal/Train_Negative/case1_negative_img_01613.jpg,case1,This is a colonoscopy frame from a patient with no polyps.
Sun_Multimodal/Train_Negative/case6_negative_img_07227.jpg,case6,This is a colonoscopy frame from a patient with no polyps.
Sun_Multimodal/Train_Negative/case8_negative_img_00651.jpg,case8,This is a colonoscopy frame from a patient with no polyps.
Sun_Multimodal/Train_Negative/case12_negative_img_03399.jpg,case12,This is a colonoscopy frame from a patient with no polyps.
Sun_Multimodal/Train_Negative/case1_negative_img_02706.jpg,case1,This is a colonoscopy frame from a patient with no polyps.
Sun_Multimodal/Train_Negative/case2_negative_img_05420.jpg,case2,This is a colonoscopy frame from a patient with no polyps.
Sun_Multimodal/Train_Negative/case11_negative_img_01046.jpg,case11,This is a colonoscopy frame from a patient with no polyps.
Sun_Multimodal/Train_Negative/case10_negative_img_05288.jpg,case10,This is a colonoscopy frame from a patient with no polyps.
Sun_Multimodal/Train_Negative/case8_negative_img_02565.jpg,case8,This is a colonoscopy frame from a patient with no polyps.
Sun_Multimodal/Train_Negative/case1_negative_img_08939.jpg,case1,This is a colonoscopy frame from a patient with no polyps.
Sun_Multimodal/Train_Negative/case13_negative_img_05263.jpg,case13,This is a colonoscopy frame from a patient with no polyps.
Sun_Multimodal/Train_Negative/case8_negative_img_01802.jpg,case8,This is a colonoscopy frame from a patient with no polyps.
Sun_Multimodal/Train_Negative/case8_negative_img_01470.jpg,case8,This is a colonoscopy frame from a patient with no polyps.
Sun_Multimodal/Train_Negative/case10_negative_img_02283.jpg,case10,This is a colonoscopy frame from a patient with no polyps.
Sun_Multimodal/Train_Negative/case2_negative_img_06243.jpg,case2,This is a colonoscopy frame from a patient with no polyps.
Sun_Multimodal/Train_Negative/case12_negative_img_06077.jpg,case12,This is a colonoscopy frame from a patient with no polyps.
Sun_Multimodal/Train_Negative/case8_negative_img_02213.jpg,case8,This is a colonoscopy frame from a patient with no polyps.
Sun_Multimodal/Train_Negative/case11_negative_img_00170.jpg,case11,This is a colonoscopy frame from a patient with no polyps.
Sun_Multimodal/Train_Negative/case6_negative_img_07697.jpg,case6,This is a colonoscopy frame from a patient with no polyps.
Sun_Multimodal/Train_Negative/case10_negative_img_04419.jpg,case10,This is a colonoscopy frame from a patient with no polyps.
Sun_Multimodal/Train_Negative/case2_negative_img_05356.jpg,case2,This is a colonoscopy frame from a patient with no polyps.
Sun_Multimodal/Train_Negative/case2_negative_img_09496.jpg,case2,This is a colonoscopy frame from a patient with no polyps.
Sun_Multimodal/Train_Negative/case6_negative_img_04836.jpg,case6,This is a colonoscopy frame from a patient with no polyps.
Sun_Multimodal/Train_Negative/case11_negative_img_03404.jpg,case11,This is a colonoscopy frame from a patient with no polyps.
Sun_Multimodal/Train_Negative/case6_negative_img_08851.jpg,case6,This is a colonoscopy frame from a patient with no polyps.
Sun_Multimodal/Train_Negative/case3_negative_img_03979.jpg,case3,This is a colonoscopy frame from a patient with no polyps.
Sun_Multimodal/Train_Negative/case10_negative_img_02194.jpg,case10,This is a colonoscopy frame from a patient with no polyps.
Sun_Multimodal/Train_Negative/case2_negative_img_09750.jpg,case2,This is a colonoscopy frame from a patient with no polyps.
Sun_Multimodal/Train_Negative/case3_negative_img_05340.jpg,case3,This is a colonoscopy frame from a patient with no polyps.
Sun_Multimodal/Train_Negative/case6_negative_img_06311.jpg,case6,This is a colonoscopy frame from a patient with no polyps.
Sun_Multimodal/Train_Negative/case10_negative_img_01726.jpg,case10,This is a colonoscopy frame from a patient with no polyps.
Sun_Multimodal/Train_Negative/case10_negative_img_05638.jpg,case10,This is a colonoscopy frame from a patient with no polyps.
Sun_Multimodal/Train_Negative/case11_negative_img_00963.jpg,case11,This is a colonoscopy frame from a patient with no polyps.
Sun_Multimodal/Train_Negative/case11_negative_img_00511.jpg,case11,This is a colonoscopy frame from a patient with no polyps.
Sun_Multimodal/Train_Negative/case12_negative_img_00764.jpg,case12,This is a colonoscopy frame from a patient with no polyps.
Sun_Multimodal/Train_Negative/case11_negative_img_01668.jpg,case11,This is a colonoscopy frame from a patient with no polyps.
Sun_Multimodal/Train_Negative/case11_negative_img_04136.jpg,case11,This is a colonoscopy frame from a patient with no polyps.
Sun_Multimodal/Train_Negative/case3_negative_img_03032.jpg,case3,This is a colonoscopy frame from a patient with no polyps.
Sun_Multimodal/Train_Negative/case5_negative_img_04631.jpg,case5,This is a colonoscopy frame from a patient with no polyps.
Sun_Multimodal/Train_Negative/case6_negative_img_13383.jpg,case6,This is a colonoscopy frame from a patient with no polyps.
Sun_Multimodal/Train_Negative/case11_negative_img_01209.jpg,case11,This is a colonoscopy frame from a patient with no polyps.
Sun_Multimodal/Train_Negative/case10_negative_img_04120.jpg,case10,This is a colonoscopy frame from a patient with no polyps.
Sun_Multimodal/Train_Negative/case12_negative_img_00305.jpg,case12,This is a colonoscopy frame from a patient with no polyps.
Sun_Multimodal/Train_Negative/case6_negative_img_00402.jpg,case6,This is a colonoscopy frame from a patient with no polyps.
Sun_Multimodal/Train_Negative/case1_negative_img_06791.jpg,case1,This is a colonoscopy frame from a patient with no polyps.
Sun_Multimodal/Train_Negative/case3_negative_img_02565.jpg,case3,This is a colonoscopy frame from a patient with no polyps.
Sun_Multimodal/Train_Negative/case10_negative_img_06103.jpg,case10,This is a colonoscopy frame from a patient with no polyps.
Sun_Multimodal/Train_Negative/case2_negative_img_08099.jpg,case2,This is a colonoscopy frame from a patient with no polyps.
Sun_Multimodal/Train_Negative/case8_negative_img_01528.jpg,case8,This is a colonoscopy frame from a patient with no polyps.
Sun_Multimodal/Train_Negative/case5_negative_img_00059.jpg,case5,This is a colonoscopy frame from a patient with no polyps.
Sun_Multimodal/Train_Negative/case5_negative_img_05707.jpg,case5,This is a colonoscopy frame from a patient with no polyps.
Sun_Multimodal/Train_Negative/case13_negative_img_01225.jpg,case13,This is a colonoscopy frame from a patient with no polyps.
Sun_Multimodal/Train_Negative/case5_negative_img_06612.jpg,case5,This is a colonoscopy frame from a patient with no polyps.
Sun_Multimodal/Train_Negative/case5_negative_img_07052.jpg,case5,This is a colonoscopy frame from a patient with no polyps.
Sun_Multimodal/Train_Negative/case10_negative_img_04772.jpg,case10,This is a colonoscopy frame from a patient with no polyps.
Sun_Multimodal/Train_Negative/case5_negative_img_06357.jpg,case5,This is a colonoscopy frame from a patient with no polyps.
Sun_Multimodal/Train_Negative/case10_negative_img_06834.jpg,case10,This is a colonoscopy frame from a patient with no polyps.
Sun_Multimodal/Train_Negative/case13_negative_img_01301.jpg,case13,This is a colonoscopy frame from a patient with no polyps.
Sun_Multimodal/Train_Negative/case3_negative_img_00775.jpg,case3,This is a colonoscopy frame from a patient with no polyps.
Sun_Multimodal/Train_Negative/case2_negative_img_01234.jpg,case2,This is a colonoscopy frame from a patient with no polyps.
Sun_Multimodal/Train_Negative/case11_negative_img_04012.jpg,case11,This is a colonoscopy frame from a patient with no polyps.
Sun_Multimodal/Train_Negative/case13_negative_img_01477.jpg,case13,This is a colonoscopy frame from a patient with no polyps.
Sun_Multimodal/Train_Negative/case10_negative_img_04465.jpg,case10,This is a colonoscopy frame from a patient with no polyps.
Sun_Multimodal/Train_Negative/case2_negative_img_03913.jpg,case2,This is a colonoscopy frame from a patient with no polyps.
Sun_Multimodal/Train_Negative/case1_negative_img_06573.jpg,case1,This is a colonoscopy frame from a patient with no polyps.
Sun_Multimodal/Train_Negative/case2_negative_img_02486.jpg,case2,This is a colonoscopy frame from a patient with no polyps.
Sun_Multimodal/Train_Negative/case6_negative_img_01707.jpg,case6,This is a colonoscopy frame from a patient with no polyps.
Sun_Multimodal/Train_Negative/case3_negative_img_07008.jpg,case3,This is a colonoscopy frame from a patient with no polyps.
Sun_Multimodal/Train_Negative/case13_negative_img_04748.jpg,case13,This is a colonoscopy frame from a patient with no polyps.
Sun_Multimodal/Train_Negative/case13_negative_img_00656.jpg,case13,This is a colonoscopy frame from a patient with no polyps.
Sun_Multimodal/Train_Negative/case12_negative_img_03493.jpg,case12,This is a colonoscopy frame from a patient with no polyps.
Sun_Multimodal/Train_Negative/case6_negative_img_16198.jpg,case6,This is a colonoscopy frame from a patient with no polyps.
Sun_Multimodal/Train_Negative/case6_negative_img_05741.jpg,case6,This is a colonoscopy frame from a patient with no polyps.
Sun_Multimodal/Train_Negative/case10_negative_img_03944.jpg,case10,This is a colonoscopy frame from a patient with no polyps.
Sun_Multimodal/Train_Negative/case6_negative_img_08166.jpg,case6,This is a colonoscopy frame from a patient with no polyps.
Sun_Multimodal/Train_Negative/case5_negative_img_07758.jpg,case5,This is a colonoscopy frame from a patient with no polyps.
Sun_Multimodal/Train_Negative/case5_negative_img_02006.jpg,case5,This is a colonoscopy frame from a patient with no polyps.
Sun_Multimodal/Train_Negative/case11_negative_img_02360.jpg,case11,This is a colonoscopy frame from a patient with no polyps.
Sun_Multimodal/Train_Negative/case12_negative_img_05380.jpg,case12,This is a colonoscopy frame from a patient with no polyps.
Sun_Multimodal/Train_Negative/case1_negative_img_01041.jpg,case1,This is a colonoscopy frame from a patient with no polyps.
Sun_Multimodal/Train_Negative/case13_negative_img_04166.jpg,case13,This is a colonoscopy frame from a patient with no polyps.
Sun_Multimodal/Train_Negative/case5_negative_img_00444.jpg,case5,This is a colonoscopy frame from a patient with no polyps.
Sun_Multimodal/Train_Negative/case6_negative_img_08271.jpg,case6,This is a colonoscopy frame from a patient with no polyps.
Sun_Multimodal/Train_Negative/case1_negative_img_02622.jpg,case1,This is a colonoscopy frame from a patient with no polyps.
Sun_Multimodal/Train_Negative/case1_negative_img_02185.jpg,case1,This is a colonoscopy frame from a patient with no polyps.
Sun_Multimodal/Train_Negative/case3_negative_img_05173.jpg,case3,This is a colonoscopy frame from a patient with no polyps.
Sun_Multimodal/Train_Negative/case11_negative_img_00722.jpg,case11,This is a colonoscopy frame from a patient with no polyps.
Sun_Multimodal/Train_Negative/case10_negative_img_05879.jpg,case10,This is a colonoscopy frame from a patient with no polyps.
Sun_Multimodal/Train_Negative/case5_negative_img_02770.jpg,case5,This is a colonoscopy frame from a patient with no polyps.
Sun_Multimodal/Train_Negative/case6_negative_img_13489.jpg,case6,This is a colonoscopy frame from a patient with no polyps.
Sun_Multimodal/Train_Negative/case13_negative_img_06252.jpg,case13,This is a colonoscopy frame from a patient with no polyps.
Sun_Multimodal/Train_Negative/case12_negative_img_03837.jpg,case12,This is a colonoscopy frame from a patient with no polyps.
Sun_Multimodal/Train_Negative/case5_negative_img_04405.jpg,case5,This is a colonoscopy frame from a patient with no polyps.
Sun_Multimodal/Train_Negative/case11_negative_img_02549.jpg,case11,This is a colonoscopy frame from a patient with no polyps.
Sun_Multimodal/Train_Negative/case1_negative_img_00028.jpg,case1,This is a colonoscopy frame from a patient with no polyps.
Sun_Multimodal/Train_Negative/case13_negative_img_01767.jpg,case13,This is a colonoscopy frame from a patient with no polyps.
Sun_Multimodal/Train_Negative/case12_negative_img_00550.jpg,case12,This is a colonoscopy frame from a patient with no polyps.
Sun_Multimodal/Train_Negative/case6_negative_img_00636.jpg,case6,This is a colonoscopy frame from a patient with no polyps.
Sun_Multimodal/Train_Negative/case1_negative_img_06202.jpg,case1,This is a colonoscopy frame from a patient with no polyps.
Sun_Multimodal/Train_Negative/case12_negative_img_02664.jpg,case12,This is a colonoscopy frame from a patient with no polyps.
Sun_Multimodal/Train_Negative/case12_negative_img_00696.jpg,case12,This is a colonoscopy frame from a patient with no polyps.
Sun_Multimodal/Train_Negative/case5_negative_img_02188.jpg,case5,This is a colonoscopy frame from a patient with no polyps.
Sun_Multimodal/Train_Negative/case10_negative_img_05926.jpg,case10,This is a colonoscopy frame from a patient with no polyps.
Sun_Multimodal/Train_Negative/case13_negative_img_04458.jpg,case13,This is a colonoscopy frame from a patient with no polyps.
Sun_Multimodal/Train_Negative/case6_negative_img_03055.jpg,case6,This is a colonoscopy frame from a patient with no polyps.
Sun_Multimodal/Train_Negative/case2_negative_img_00473.jpg,case2,This is a colonoscopy frame from a patient with no polyps.
Sun_Multimodal/Train_Negative/case12_negative_img_00647.jpg,case12,This is a colonoscopy frame from a patient with no polyps.
Sun_Multimodal/Train_Negative/case10_negative_img_05585.jpg,case10,This is a colonoscopy frame from a patient with no polyps.
Sun_Multimodal/Train_Negative/case6_negative_img_07958.jpg,case6,This is a colonoscopy frame from a patient with no polyps.
Sun_Multimodal/Train_Negative/case12_negative_img_05578.jpg,case12,This is a colonoscopy frame from a patient with no polyps.
Sun_Multimodal/Train_Negative/case1_negative_img_08180.jpg,case1,This is a colonoscopy frame from a patient with no polyps.
Sun_Multimodal/Train_Negative/case11_negative_img_04474.jpg,case11,This is a colonoscopy frame from a patient with no polyps.
Sun_Multimodal/Train_Negative/case12_negative_img_01814.jpg,case12,This is a colonoscopy frame from a patient with no polyps.
Sun_Multimodal/Train_Negative/case10_negative_img_04003.jpg,case10,This is a colonoscopy frame from a patient with no polyps.
Sun_Multimodal/Train_Negative/case3_negative_img_03902.jpg,case3,This is a colonoscopy frame from a patient with no polyps.
Sun_Multimodal/Train_Negative/case3_negative_img_03570.jpg,case3,This is a colonoscopy frame from a patient with no polyps.
Sun_Multimodal/Train_Negative/case2_negative_img_06659.jpg,case2,This is a colonoscopy frame from a patient with no polyps.
Sun_Multimodal/Train_Negative/case5_negative_img_05294.jpg,case5,This is a colonoscopy frame from a patient with no polyps.
Sun_Multimodal/Train_Negative/case2_negative_img_07019.jpg,case2,This is a colonoscopy frame from a patient with no polyps.
Sun_Multimodal/Train_Negative/case6_negative_img_16638.jpg,case6,This is a colonoscopy frame from a patient with no polyps.
Sun_Multimodal/Train_Negative/case11_negative_img_03146.jpg,case11,This is a colonoscopy frame from a patient with no polyps.
Sun_Multimodal/Train_Negative/case10_negative_img_02371.jpg,case10,This is a colonoscopy frame from a patient with no polyps.
Sun_Multimodal/Train_Negative/case12_negative_img_04601.jpg,case12,This is a colonoscopy frame from a patient with no polyps.
Sun_Multimodal/Train_Negative/case13_negative_img_05844.jpg,case13,This is a colonoscopy frame from a patient with no polyps.
Sun_Multimodal/Train_Negative/case8_negative_img_02497.jpg,case8,This is a colonoscopy frame from a patient with no polyps.
Sun_Multimodal/Train_Negative/case2_negative_img_07141.jpg,case2,This is a colonoscopy frame from a patient with no polyps.
Sun_Multimodal/Train_Negative/case6_negative_img_06936.jpg,case6,This is a colonoscopy frame from a patient with no polyps.
Sun_Multimodal/Train_Negative/case12_negative_img_00408.jpg,case12,This is a colonoscopy frame from a patient with no polyps.
Sun_Multimodal/Train_Negative/case8_negative_img_01695.jpg,case8,This is a colonoscopy frame from a patient with no polyps.
Sun_Multimodal/Train_Negative/case11_negative_img_02411.jpg,case11,This is a colonoscopy frame from a patient with no polyps.
Sun_Multimodal/Train_Negative/case8_negative_img_00772.jpg,case8,This is a colonoscopy frame from a patient with no polyps.
Sun_Multimodal/Train_Negative/case13_negative_img_05895.jpg,case13,This is a colonoscopy frame from a patient with no polyps.
Sun_Multimodal/Train_Negative/case2_negative_img_04343.jpg,case2,This is a colonoscopy frame from a patient with no polyps.
Sun_Multimodal/Train_Negative/case13_negative_img_05340.jpg,case13,This is a colonoscopy frame from a patient with no polyps.
Sun_Multimodal/Train_Negative/case6_negative_img_14485.jpg,case6,This is a colonoscopy frame from a patient with no polyps.
Sun_Multimodal/Train_Negative/case8_negative_img_00313.jpg,case8,This is a colonoscopy frame from a patient with no polyps.
Sun_Multimodal/Train_Negative/case12_negative_img_06185.jpg,case12,This is a colonoscopy frame from a patient with no polyps.
Sun_Multimodal/Train_Negative/case8_negative_img_01921.jpg,case8,This is a colonoscopy frame from a patient with no polyps.
Sun_Multimodal/Train_Negative/case1_negative_img_00054.jpg,case1,This is a colonoscopy frame from a patient with no polyps.
Sun_Multimodal/Train_Negative/case8_negative_img_02103.jpg,case8,This is a colonoscopy frame from a patient with no polyps.
Sun_Multimodal/Train_Negative/case5_negative_img_02232.jpg,case5,This is a colonoscopy frame from a patient with no polyps.
Sun_Multimodal/Train_Negative/case10_negative_img_00617.jpg,case10,This is a colonoscopy frame from a patient with no polyps.
Sun_Multimodal/Train_Negative/case5_negative_img_05239.jpg,case5,This is a colonoscopy frame from a patient with no polyps.
Sun_Multimodal/Train_Negative/case5_negative_img_00567.jpg,case5,This is a colonoscopy frame from a patient with no polyps.
Sun_Multimodal/Train_Negative/case3_negative_img_06524.jpg,case3,This is a colonoscopy frame from a patient with no polyps.
Sun_Multimodal/Train_Negative/case2_negative_img_08200.jpg,case2,This is a colonoscopy frame from a patient with no polyps.
Sun_Multimodal/Train_Negative/case1_negative_img_00435.jpg,case1,This is a colonoscopy frame from a patient with no polyps.
Sun_Multimodal/Train_Negative/case6_negative_img_14206.jpg,case6,This is a colonoscopy frame from a patient with no polyps.
Sun_Multimodal/Train_Negative/case5_negative_img_01797.jpg,case5,This is a colonoscopy frame from a patient with no polyps.
Sun_Multimodal/Train_Negative/case6_negative_img_08045.jpg,case6,This is a colonoscopy frame from a patient with no polyps.
Sun_Multimodal/Train_Negative/case13_negative_img_00999.jpg,case13,This is a colonoscopy frame from a patient with no polyps.
Sun_Multimodal/Train_Negative/case10_negative_img_00500.jpg,case10,This is a colonoscopy frame from a patient with no polyps.
Sun_Multimodal/Train_Negative/case2_negative_img_08904.jpg,case2,This is a colonoscopy frame from a patient with no polyps.
Sun_Multimodal/Train_Negative/case3_negative_img_06987.jpg,case3,This is a colonoscopy frame from a patient with no polyps.
Sun_Multimodal/Train_Negative/case2_negative_img_06625.jpg,case2,This is a colonoscopy frame from a patient with no polyps.
Sun_Multimodal/Train_Negative/case13_negative_img_05173.jpg,case13,This is a colonoscopy frame from a patient with no polyps.
Sun_Multimodal/Train_Negative/case10_negative_img_01086.jpg,case10,This is a colonoscopy frame from a patient with no polyps.
Sun_Multimodal/Train_Negative/case2_negative_img_05097.jpg,case2,This is a colonoscopy frame from a patient with no polyps.
Sun_Multimodal/Train_Negative/case10_negative_img_01721.jpg,case10,This is a colonoscopy frame from a patient with no polyps.
Sun_Multimodal/Train_Negative/case6_negative_img_14428.jpg,case6,This is a colonoscopy frame from a patient with no polyps.
Sun_Multimodal/Train_Negative/case5_negative_img_07084.jpg,case5,This is a colonoscopy frame from a patient with no polyps.
Sun_Multimodal/Train_Negative/case6_negative_img_15268.jpg,case6,This is a colonoscopy frame from a patient with no polyps.
Sun_Multimodal/Train_Negative/case13_negative_img_00314.jpg,case13,This is a colonoscopy frame from a patient with no polyps.
Sun_Multimodal/Train_Negative/case1_negative_img_04305.jpg,case1,This is a colonoscopy frame from a patient with no polyps.
Sun_Multimodal/Train_Negative/case2_negative_img_01776.jpg,case2,This is a colonoscopy frame from a patient with no polyps.
Sun_Multimodal/Train_Negative/case13_negative_img_00775.jpg,case13,This is a colonoscopy frame from a patient with no polyps.
Sun_Multimodal/Train_Negative/case1_negative_img_08703.jpg,case1,This is a colonoscopy frame from a patient with no polyps.
Sun_Multimodal/Train_Negative/case3_negative_img_01301.jpg,case3,This is a colonoscopy frame from a patient with no polyps.
Sun_Multimodal/Train_Negative/case3_negative_img_00933.jpg,case3,This is a colonoscopy frame from a patient with no polyps.
Sun_Multimodal/Train_Negative/case12_negative_img_02321.jpg,case12,This is a colonoscopy frame from a patient with no polyps.
Sun_Multimodal/Train_Negative/case5_negative_img_06274.jpg,case5,This is a colonoscopy frame from a patient with no polyps.
Sun_Multimodal/Train_Negative/case11_negative_img_01578.jpg,case11,This is a colonoscopy frame from a patient with no polyps.
Sun_Multimodal/Train_Negative/case1_negative_img_04012.jpg,case1,This is a colonoscopy frame from a patient with no polyps.
Sun_Multimodal/Train_Negative/case10_negative_img_05011.jpg,case10,This is a colonoscopy frame from a patient with no polyps.
Sun_Multimodal/Train_Negative/case5_negative_img_07393.jpg,case5,This is a colonoscopy frame from a patient with no polyps.
Sun_Multimodal/Train_Negative/case10_negative_img_02809.jpg,case10,This is a colonoscopy frame from a patient with no polyps.
Sun_Multimodal/Train_Negative/case2_negative_img_02574.jpg,case2,This is a colonoscopy frame from a patient with no polyps.
Sun_Multimodal/Train_Negative/case5_negative_img_04140.jpg,case5,This is a colonoscopy frame from a patient with no polyps.
Sun_Multimodal/Train_Negative/case3_negative_img_04748.jpg,case3,This is a colonoscopy frame from a patient with no polyps.
Sun_Multimodal/Train_Negative/case5_negative_img_07055.jpg,case5,This is a colonoscopy frame from a patient with no polyps.
Sun_Multimodal/Train_Negative/case2_negative_img_04498.jpg,case2,This is a colonoscopy frame from a patient with no polyps.
Sun_Multimodal/Train_Negative/case11_negative_img_01119.jpg,case11,This is a colonoscopy frame from a patient with no polyps.
Sun_Multimodal/Train_Negative/case6_negative_img_08267.jpg,case6,This is a colonoscopy frame from a patient with no polyps.
Sun_Multimodal/Train_Negative/case11_negative_img_03995.jpg,case11,This is a colonoscopy frame from a patient with no polyps.
Sun_Multimodal/Train_Negative/case5_negative_img_00820.jpg,case5,This is a colonoscopy frame from a patient with no polyps.
Sun_Multimodal/Train_Negative/case8_negative_img_00302.jpg,case8,This is a colonoscopy frame from a patient with no polyps.
Sun_Multimodal/Train_Negative/case6_negative_img_04661.jpg,case6,This is a colonoscopy frame from a patient with no polyps.
Sun_Multimodal/Train_Negative/case11_negative_img_03186.jpg,case11,This is a colonoscopy frame from a patient with no polyps.
Sun_Multimodal/Train_Negative/case8_negative_img_02457.jpg,case8,This is a colonoscopy frame from a patient with no polyps.
Sun_Multimodal/Train_Negative/case10_negative_img_00343.jpg,case10,This is a colonoscopy frame from a patient with no polyps.
Sun_Multimodal/Train_Negative/case1_negative_img_01895.jpg,case1,This is a colonoscopy frame from a patient with no polyps.
Sun_Multimodal/Train_Negative/case10_negative_img_00896.jpg,case10,This is a colonoscopy frame from a patient with no polyps.
Sun_Multimodal/Train_Negative/case2_negative_img_05512.jpg,case2,This is a colonoscopy frame from a patient with no polyps.
Sun_Multimodal/Train_Negative/case13_negative_img_05855.jpg,case13,This is a colonoscopy frame from a patient with no polyps.
Sun_Multimodal/Train_Negative/case10_negative_img_03287.jpg,case10,This is a colonoscopy frame from a patient with no polyps.
Sun_Multimodal/Train_Negative/case5_negative_img_00745.jpg,case5,This is a colonoscopy frame from a patient with no polyps.
Sun_Multimodal/Train_Negative/case10_negative_img_00054.jpg,case10,This is a colonoscopy frame from a patient with no polyps.
Sun_Multimodal/Train_Negative/case11_negative_img_00423.jpg,case11,This is a colonoscopy frame from a patient with no polyps.
Sun_Multimodal/Train_Negative/case5_negative_img_00483.jpg,case5,This is a colonoscopy frame from a patient with no polyps.
Sun_Multimodal/Train_Negative/case12_negative_img_03743.jpg,case12,This is a colonoscopy frame from a patient with no polyps.
Sun_Multimodal/Train_Negative/case1_negative_img_06917.jpg,case1,This is a colonoscopy frame from a patient with no polyps.
Sun_Multimodal/Train_Negative/case1_negative_img_00489.jpg,case1,This is a colonoscopy frame from a patient with no polyps.
Sun_Multimodal/Train_Negative/case12_negative_img_04748.jpg,case12,This is a colonoscopy frame from a patient with no polyps.
Sun_Multimodal/Train_Negative/case8_negative_img_02279.jpg,case8,This is a colonoscopy frame from a patient with no polyps.
Sun_Multimodal/Train_Negative/case2_negative_img_03116.jpg,case2,This is a colonoscopy frame from a patient with no polyps.
Sun_Multimodal/Train_Negative/case3_negative_img_02321.jpg,case3,This is a colonoscopy frame from a patient with no polyps.
Sun_Multimodal/Train_Negative/case10_negative_img_05652.jpg,case10,This is a colonoscopy frame from a patient with no polyps.
Sun_Multimodal/Train_Negative/case1_negative_img_09076.jpg,case1,This is a colonoscopy frame from a patient with no polyps.
Sun_Multimodal/Train_Negative/case12_negative_img_00933.jpg,case12,This is a colonoscopy frame from a patient with no polyps.
Sun_Multimodal/Train_Negative/case13_negative_img_00691.jpg,case13,This is a colonoscopy frame from a patient with no polyps.
Sun_Multimodal/Train_Negative/case13_negative_img_03023.jpg,case13,This is a colonoscopy frame from a patient with no polyps.
Sun_Multimodal/Train_Negative/case10_negative_img_01829.jpg,case10,This is a colonoscopy frame from a patient with no polyps.
Sun_Multimodal/Train_Negative/case13_negative_img_04449.jpg,case13,This is a colonoscopy frame from a patient with no polyps.
Sun_Multimodal/Train_Negative/case13_negative_img_01652.jpg,case13,This is a colonoscopy frame from a patient with no polyps.
Sun_Multimodal/Train_Negative/case6_negative_img_10630.jpg,case6,This is a colonoscopy frame from a patient with no polyps.
Sun_Multimodal/Train_Negative/case3_negative_img_01814.jpg,case3,This is a colonoscopy frame from a patient with no polyps.
Sun_Multimodal/Train_Negative/case1_negative_img_04003.jpg,case1,This is a colonoscopy frame from a patient with no polyps.
Sun_Multimodal/Train_Negative/case12_negative_img_06589.jpg,case12,This is a colonoscopy frame from a patient with no polyps.
Sun_Multimodal/Train_Negative/case12_negative_img_03570.jpg,case12,This is a colonoscopy frame from a patient with no polyps.
Sun_Multimodal/Train_Negative/case12_negative_img_03902.jpg,case12,This is a colonoscopy frame from a patient with no polyps.
Sun_Multimodal/Train_Negative/case1_negative_img_02648.jpg,case1,This is a colonoscopy frame from a patient with no polyps.
Sun_Multimodal/Train_Negative/case13_negative_img_02747.jpg,case13,This is a colonoscopy frame from a patient with no polyps.
Sun_Multimodal/Train_Negative/case1_negative_img_06756.jpg,case1,This is a colonoscopy frame from a patient with no polyps.
Sun_Multimodal/Train_Negative/case5_negative_img_05370.jpg,case5,This is a colonoscopy frame from a patient with no polyps.
Sun_Multimodal/Train_Negative/case11_negative_img_00748.jpg,case11,This is a colonoscopy frame from a patient with no polyps.
Sun_Multimodal/Train_Negative/case6_negative_img_10984.jpg,case6,This is a colonoscopy frame from a patient with no polyps.
Sun_Multimodal/Train_Negative/case13_negative_img_02481.jpg,case13,This is a colonoscopy frame from a patient with no polyps.
Sun_Multimodal/Train_Negative/case10_negative_img_02818.jpg,case10,This is a colonoscopy frame from a patient with no polyps.
Sun_Multimodal/Train_Negative/case2_negative_img_02565.jpg,case2,This is a colonoscopy frame from a patient with no polyps.
Sun_Multimodal/Train_Negative/case3_negative_img_02664.jpg,case3,This is a colonoscopy frame from a patient with no polyps.
Sun_Multimodal/Train_Negative/case5_negative_img_05067.jpg,case5,This is a colonoscopy frame from a patient with no polyps.
Sun_Multimodal/Train_Negative/case3_negative_img_03783.jpg,case3,This is a colonoscopy frame from a patient with no polyps.
Sun_Multimodal/Train_Negative/case1_negative_img_05926.jpg,case1,This is a colonoscopy frame from a patient with no polyps.
Sun_Multimodal/Train_Negative/case3_negative_img_00696.jpg,case3,This is a colonoscopy frame from a patient with no polyps.
Sun_Multimodal/Train_Negative/case6_negative_img_01254.jpg,case6,This is a colonoscopy frame from a patient with no polyps.
Sun_Multimodal/Train_Negative/case3_negative_img_00550.jpg,case3,This is a colonoscopy frame from a patient with no polyps.
Sun_Multimodal/Train_Negative/case10_negative_img_01668.jpg,case10,This is a colonoscopy frame from a patient with no polyps.
Sun_Multimodal/Train_Negative/case6_negative_img_09614.jpg,case6,This is a colonoscopy frame from a patient with no polyps.
Sun_Multimodal/Train_Negative/case2_negative_img_03979.jpg,case2,This is a colonoscopy frame from a patient with no polyps.
Sun_Multimodal/Train_Negative/case3_negative_img_06185.jpg,case3,This is a colonoscopy frame from a patient with no polyps.
Sun_Multimodal/Train_Negative/case11_negative_img_04419.jpg,case11,This is a colonoscopy frame from a patient with no polyps.
Sun_Multimodal/Train_Negative/case3_negative_img_00408.jpg,case3,This is a colonoscopy frame from a patient with no polyps.
Sun_Multimodal/Train_Negative/case6_negative_img_03459.jpg,case6,This is a colonoscopy frame from a patient with no polyps.
Sun_Multimodal/Train_Negative/case6_negative_img_16655.jpg,case6,This is a colonoscopy frame from a patient with no polyps.
Sun_Multimodal/Train_Negative/case12_negative_img_06376.jpg,case12,This is a colonoscopy frame from a patient with no polyps.
Sun_Multimodal/Train_Negative/case5_negative_img_04468.jpg,case5,This is a colonoscopy frame from a patient with no polyps.
Sun_Multimodal/Train_Negative/case10_negative_img_02153.jpg,case10,This is a colonoscopy frame from a patient with no polyps.
Sun_Multimodal/Train_Negative/case2_negative_img_06142.jpg,case2,This is a colonoscopy frame from a patient with no polyps.
Sun_Multimodal/Train_Negative/case5_negative_img_03463.jpg,case5,This is a colonoscopy frame from a patient with no polyps.
Sun_Multimodal/Train_Negative/case3_negative_img_05852.jpg,case3,This is a colonoscopy frame from a patient with no polyps.
Sun_Multimodal/Train_Negative/case1_negative_img_01605.jpg,case1,This is a colonoscopy frame from a patient with no polyps.
Sun_Multimodal/Train_Negative/case1_negative_img_03296.jpg,case1,This is a colonoscopy frame from a patient with no polyps.
Sun_Multimodal/Train_Negative/case13_negative_img_03399.jpg,case13,This is a colonoscopy frame from a patient with no polyps.
Sun_Multimodal/Train_Negative/case3_negative_img_04601.jpg,case3,This is a colonoscopy frame from a patient with no polyps.
Sun_Multimodal/Train_Negative/case2_negative_img_01528.jpg,case2,This is a colonoscopy frame from a patient with no polyps.
Sun_Multimodal/Train_Negative/case13_negative_img_04392.jpg,case13,This is a colonoscopy frame from a patient with no polyps.
Sun_Multimodal/Train_Negative/case11_negative_img_00489.jpg,case11,This is a colonoscopy frame from a patient with no polyps.
Sun_Multimodal/Train_Negative/case10_negative_img_04647.jpg,case10,This is a colonoscopy frame from a patient with no polyps.
Sun_Multimodal/Train_Negative/case8_negative_img_00718.jpg,case8,This is a colonoscopy frame from a patient with no polyps.
Sun_Multimodal/Train_Negative/case3_negative_img_03493.jpg,case3,This is a colonoscopy frame from a patient with no polyps.
Sun_Multimodal/Train_Negative/case5_negative_img_01269.jpg,case5,This is a colonoscopy frame from a patient with no polyps.
Sun_Multimodal/Train_Negative/case2_negative_img_05569.jpg,case2,This is a colonoscopy frame from a patient with no polyps.
Sun_Multimodal/Train_Negative/case5_negative_img_07043.jpg,case5,This is a colonoscopy frame from a patient with no polyps.
Sun_Multimodal/Train_Negative/case2_negative_img_01477.jpg,case2,This is a colonoscopy frame from a patient with no polyps.
Sun_Multimodal/Train_Negative/case6_negative_img_15508.jpg,case6,This is a colonoscopy frame from a patient with no polyps.
Sun_Multimodal/Train_Negative/case13_negative_img_02825.jpg,case13,This is a colonoscopy frame from a patient with no polyps.
Sun_Multimodal/Train_Negative/case6_negative_img_13435.jpg,case6,This is a colonoscopy frame from a patient with no polyps.
Sun_Multimodal/Train_Negative/case6_negative_img_10287.jpg,case6,This is a colonoscopy frame from a patient with no polyps.
Sun_Multimodal/Train_Negative/case3_negative_img_00691.jpg,case3,This is a colonoscopy frame from a patient with no polyps.
Sun_Multimodal/Train_Negative/case1_negative_img_09293.jpg,case1,This is a colonoscopy frame from a patient with no polyps.
Sun_Multimodal/Train_Negative/case11_negative_img_01218.jpg,case11,This is a colonoscopy frame from a patient with no polyps.
Sun_Multimodal/Train_Negative/case11_negative_img_00161.jpg,case11,This is a colonoscopy frame from a patient with no polyps.
Sun_Multimodal/Train_Negative/case8_negative_img_02202.jpg,case8,This is a colonoscopy frame from a patient with no polyps.
Sun_Multimodal/Train_Negative/case8_negative_img_00925.jpg,case8,This is a colonoscopy frame from a patient with no polyps.
Sun_Multimodal/Train_Negative/case8_negative_img_01317.jpg,case8,This is a colonoscopy frame from a patient with no polyps.
Sun_Multimodal/Train_Negative/case11_negative_img_01895.jpg,case11,This is a colonoscopy frame from a patient with no polyps.
Sun_Multimodal/Train_Negative/case12_negative_img_04352.jpg,case12,This is a colonoscopy frame from a patient with no polyps.
Sun_Multimodal/Train_Negative/case12_negative_img_05512.jpg,case12,This is a colonoscopy frame from a patient with no polyps.
Sun_Multimodal/Train_Negative/case1_negative_img_02061.jpg,case1,This is a colonoscopy frame from a patient with no polyps.
Sun_Multimodal/Train_Negative/case1_negative_img_03186.jpg,case1,This is a colonoscopy frame from a patient with no polyps.
Sun_Multimodal/Train_Negative/case10_negative_img_00601.jpg,case10,This is a colonoscopy frame from a patient with no polyps.
Sun_Multimodal/Train_Negative/case11_negative_img_01436.jpg,case11,This is a colonoscopy frame from a patient with no polyps.
Sun_Multimodal/Train_Negative/case11_negative_img_01391.jpg,case11,This is a colonoscopy frame from a patient with no polyps.
Sun_Multimodal/Train_Negative/case3_negative_img_05380.jpg,case3,This is a colonoscopy frame from a patient with no polyps.
Sun_Multimodal/Train_Negative/case2_negative_img_02848.jpg,case2,This is a colonoscopy frame from a patient with no polyps.
Sun_Multimodal/Train_Negative/case1_negative_img_06268.jpg,case1,This is a colonoscopy frame from a patient with no polyps.
Sun_Multimodal/Train_Negative/case6_negative_img_03749.jpg,case6,This is a colonoscopy frame from a patient with no polyps.
Sun_Multimodal/Train_Negative/case13_negative_img_05272.jpg,case13,This is a colonoscopy frame from a patient with no polyps.
Sun_Multimodal/Train_Negative/case8_negative_img_01683.jpg,case8,This is a colonoscopy frame from a patient with no polyps.
Sun_Multimodal/Train_Negative/case12_negative_img_03979.jpg,case12,This is a colonoscopy frame from a patient with no polyps.
Sun_Multimodal/Train_Negative/case13_negative_img_05737.jpg,case13,This is a colonoscopy frame from a patient with no polyps.
Sun_Multimodal/Train_Negative/case11_negative_img_01960.jpg,case11,This is a colonoscopy frame from a patient with no polyps.
Sun_Multimodal/Train_Negative/case2_negative_img_07995.jpg,case2,This is a colonoscopy frame from a patient with no polyps.
Sun_Multimodal/Train_Negative/case11_negative_img_03626.jpg,case11,This is a colonoscopy frame from a patient with no polyps.
Sun_Multimodal/Train_Negative/case5_negative_img_01674.jpg,case5,This is a colonoscopy frame from a patient with no polyps.
Sun_Multimodal/Train_Negative/case5_negative_img_00793.jpg,case5,This is a colonoscopy frame from a patient with no polyps.
Sun_Multimodal/Train_Negative/case3_negative_img_06077.jpg,case3,This is a colonoscopy frame from a patient with no polyps.
Sun_Multimodal/Train_Negative/case10_negative_img_01504.jpg,case10,This is a colonoscopy frame from a patient with no polyps.
Sun_Multimodal/Train_Negative/case2_negative_img_08495.jpg,case2,This is a colonoscopy frame from a patient with no polyps.
Sun_Multimodal/Train_Negative/case1_negative_img_01892.jpg,case1,This is a colonoscopy frame from a patient with no polyps.
Sun_Multimodal/Train_Negative/case10_negative_img_05868.jpg,case10,This is a colonoscopy frame from a patient with no polyps.
Sun_Multimodal/Train_Negative/case13_negative_img_05852.jpg,case13,This is a colonoscopy frame from a patient with no polyps.
Sun_Multimodal/Train_Negative/case10_negative_img_00840.jpg,case10,This is a colonoscopy frame from a patient with no polyps.
Sun_Multimodal/Train_Negative/case5_negative_img_02017.jpg,case5,This is a colonoscopy frame from a patient with no polyps.
Sun_Multimodal/Train_Negative/case11_negative_img_02710.jpg,case11,This is a colonoscopy frame from a patient with no polyps.
Sun_Multimodal/Train_Negative/case6_negative_img_08177.jpg,case6,This is a colonoscopy frame from a patient with no polyps.
Sun_Multimodal/Train_Negative/case8_negative_img_01594.jpg,case8,This is a colonoscopy frame from a patient with no polyps.
Sun_Multimodal/Train_Negative/case1_negative_img_01050.jpg,case1,This is a colonoscopy frame from a patient with no polyps.
Sun_Multimodal/Train_Negative/case13_negative_img_05041.jpg,case13,This is a colonoscopy frame from a patient with no polyps.
Sun_Multimodal/Train_Negative/case1_negative_img_02145.jpg,case1,This is a colonoscopy frame from a patient with no polyps.
Sun_Multimodal/Train_Negative/case12_negative_img_06523.jpg,case12,This is a colonoscopy frame from a patient with no polyps.
Sun_Multimodal/Train_Negative/case8_negative_img_00012.jpg,case8,This is a colonoscopy frame from a patient with no polyps.
Sun_Multimodal/Train_Negative/case6_negative_img_09883.jpg,case6,This is a colonoscopy frame from a patient with no polyps.
Sun_Multimodal/Train_Negative/case3_negative_img_03399.jpg,case3,This is a colonoscopy frame from a patient with no polyps.
Sun_Multimodal/Train_Negative/case8_negative_img_00959.jpg,case8,This is a colonoscopy frame from a patient with no polyps.
Sun_Multimodal/Train_Negative/case2_negative_img_02497.jpg,case2,This is a colonoscopy frame from a patient with no polyps.
Sun_Multimodal/Train_Negative/case6_negative_img_13511.jpg,case6,This is a colonoscopy frame from a patient with no polyps.
Sun_Multimodal/Train_Negative/case5_negative_img_07611.jpg,case5,This is a colonoscopy frame from a patient with no polyps.
Sun_Multimodal/Train_Negative/case11_negative_img_04003.jpg,case11,This is a colonoscopy frame from a patient with no polyps.
Sun_Multimodal/Train_Negative/case1_negative_img_05805.jpg,case1,This is a colonoscopy frame from a patient with no polyps.
Sun_Multimodal/Train_Negative/case13_negative_img_04338.jpg,case13,This is a colonoscopy frame from a patient with no polyps.
Sun_Multimodal/Train_Negative/case6_negative_img_14968.jpg,case6,This is a colonoscopy frame from a patient with no polyps.
Sun_Multimodal/Train_Negative/case3_negative_img_02481.jpg,case3,This is a colonoscopy frame from a patient with no polyps.
Sun_Multimodal/Train_Negative/case12_negative_img_02565.jpg,case12,This is a colonoscopy frame from a patient with no polyps.
Sun_Multimodal/Train_Negative/case6_negative_img_11182.jpg,case6,This is a colonoscopy frame from a patient with no polyps.
Sun_Multimodal/Train_Negative/case11_negative_img_04810.jpg,case11,This is a colonoscopy frame from a patient with no polyps.
Sun_Multimodal/Train_Negative/case11_negative_img_04462.jpg,case11,This is a colonoscopy frame from a patient with no polyps.
Sun_Multimodal/Train_Negative/case6_negative_img_03850.jpg,case6,This is a colonoscopy frame from a patient with no polyps.
Sun_Multimodal/Train_Negative/case13_negative_img_00647.jpg,case13,This is a colonoscopy frame from a patient with no polyps.
Sun_Multimodal/Train_Negative/case1_negative_img_04120.jpg,case1,This is a colonoscopy frame from a patient with no polyps.
Sun_Multimodal/Train_Negative/case10_negative_img_05123.jpg,case10,This is a colonoscopy frame from a patient with no polyps.
Sun_Multimodal/Train_Negative/case6_negative_img_11153.jpg,case6,This is a colonoscopy frame from a patient with no polyps.
Sun_Multimodal/Train_Negative/case3_negative_img_00305.jpg,case3,This is a colonoscopy frame from a patient with no polyps.
Sun_Multimodal/Train_Negative/case13_negative_img_03783.jpg,case13,This is a colonoscopy frame from a patient with no polyps.
Sun_Multimodal/Train_Negative/case3_negative_img_00764.jpg,case3,This is a colonoscopy frame from a patient with no polyps.
Sun_Multimodal/Train_Negative/case1_negative_img_08281.jpg,case1,This is a colonoscopy frame from a patient with no polyps.
Sun_Multimodal/Train_Negative/case12_negative_img_03032.jpg,case12,This is a colonoscopy frame from a patient with no polyps.
Sun_Multimodal/Train_Negative/case5_negative_img_05632.jpg,case5,This is a colonoscopy frame from a patient with no polyps.
Sun_Multimodal/Train_Negative/case3_negative_img_06816.jpg,case3,This is a colonoscopy frame from a patient with no polyps.
Sun_Multimodal/Train_Negative/case10_negative_img_02002.jpg,case10,This is a colonoscopy frame from a patient with no polyps.
Sun_Multimodal/Train_Negative/case5_negative_img_03532.jpg,case5,This is a colonoscopy frame from a patient with no polyps.
Sun_Multimodal/Train_Negative/case6_negative_img_06287.jpg,case6,This is a colonoscopy frame from a patient with no polyps.
Sun_Multimodal/Train_Negative/case1_negative_img_01754.jpg,case1,This is a colonoscopy frame from a patient with no polyps.
Sun_Multimodal/Train_Negative/case10_negative_img_00757.jpg,case10,This is a colonoscopy frame from a patient with no polyps.
Sun_Multimodal/Train_Negative/case1_negative_img_03812.jpg,case1,This is a colonoscopy frame from a patient with no polyps.
Sun_Multimodal/Train_Negative/case8_negative_img_02422.jpg,case8,This is a colonoscopy frame from a patient with no polyps.
Sun_Multimodal/Train_Negative/case11_negative_img_00741.jpg,case11,This is a colonoscopy frame from a patient with no polyps.
Sun_Multimodal/Train_Negative/case2_negative_img_04480.jpg,case2,This is a colonoscopy frame from a patient with no polyps.
Sun_Multimodal/Train_Negative/case6_negative_img_15506.jpg,case6,This is a colonoscopy frame from a patient with no polyps.
Sun_Multimodal/Train_Negative/case5_negative_img_03153.jpg,case5,This is a colonoscopy frame from a patient with no polyps.
Sun_Multimodal/Train_Negative/case10_negative_img_01576.jpg,case10,This is a colonoscopy frame from a patient with no polyps.
Sun_Multimodal/Train_Negative/case8_negative_img_01994.jpg,case8,This is a colonoscopy frame from a patient with no polyps.
Sun_Multimodal/Train_Negative/case8_negative_img_01241.jpg,case8,This is a colonoscopy frame from a patient with no polyps.
Sun_Multimodal/Train_Negative/case2_negative_img_07936.jpg,case2,This is a colonoscopy frame from a patient with no polyps.
Sun_Multimodal/Train_Negative/case11_negative_img_00824.jpg,case11,This is a colonoscopy frame from a patient with no polyps.
Sun_Multimodal/Train_Negative/case2_negative_img_08057.jpg,case2,This is a colonoscopy frame from a patient with no polyps.
Sun_Multimodal/Train_Negative/case12_negative_img_05836.jpg,case12,This is a colonoscopy frame from a patient with no polyps.
Sun_Multimodal/Train_Negative/case13_negative_img_04673.jpg,case13,This is a colonoscopy frame from a patient with no polyps.
Sun_Multimodal/Train_Negative/case2_negative_img_09617.jpg,case2,This is a colonoscopy frame from a patient with no polyps.
Sun_Multimodal/Train_Negative/case13_negative_img_03678.jpg,case13,This is a colonoscopy frame from a patient with no polyps.
Sun_Multimodal/Train_Negative/case10_negative_img_03134.jpg,case10,This is a colonoscopy frame from a patient with no polyps.
Sun_Multimodal/Train_Negative/case1_negative_img_07669.jpg,case1,This is a colonoscopy frame from a patient with no polyps.
Sun_Multimodal/Train_Negative/case8_negative_img_00559.jpg,case8,This is a colonoscopy frame from a patient with no polyps.
Sun_Multimodal/Train_Negative/case13_negative_img_01414.jpg,case13,This is a colonoscopy frame from a patient with no polyps.
Sun_Multimodal/Train_Negative/case12_negative_img_02965.jpg,case12,This is a colonoscopy frame from a patient with no polyps.
Sun_Multimodal/Train_Negative/case3_negative_img_02881.jpg,case3,This is a colonoscopy frame from a patient with no polyps.
Sun_Multimodal/Train_Negative/case13_negative_img_03087.jpg,case13,This is a colonoscopy frame from a patient with no polyps.
Sun_Multimodal/Train_Negative/case11_negative_img_03869.jpg,case11,This is a colonoscopy frame from a patient with no polyps.
Sun_Multimodal/Train_Negative/case6_negative_img_04829.jpg,case6,This is a colonoscopy frame from a patient with no polyps.
Sun_Multimodal/Train_Negative/case3_negative_img_01994.jpg,case3,This is a colonoscopy frame from a patient with no polyps.
Sun_Multimodal/Train_Negative/case11_negative_img_04410.jpg,case11,This is a colonoscopy frame from a patient with no polyps.
Sun_Multimodal/Train_Negative/case1_negative_img_09775.jpg,case1,This is a colonoscopy frame from a patient with no polyps.
Sun_Multimodal/Train_Negative/case3_negative_img_01290.jpg,case3,This is a colonoscopy frame from a patient with no polyps.
Sun_Multimodal/Train_Negative/case3_negative_img_03262.jpg,case3,This is a colonoscopy frame from a patient with no polyps.
Sun_Multimodal/Train_Negative/case12_negative_img_02261.jpg,case12,This is a colonoscopy frame from a patient with no polyps.
Sun_Multimodal/Train_Negative/case3_negative_img_03603.jpg,case3,This is a colonoscopy frame from a patient with no polyps.
Sun_Multimodal/Train_Negative/case12_negative_img_03040.jpg,case12,This is a colonoscopy frame from a patient with no polyps.
Sun_Multimodal/Train_Negative/case1_negative_img_05636.jpg,case1,This is a colonoscopy frame from a patient with no polyps.
Sun_Multimodal/Train_Negative/case11_negative_img_00889.jpg,case11,This is a colonoscopy frame from a patient with no polyps.
Sun_Multimodal/Train_Negative/case3_negative_img_04898.jpg,case3,This is a colonoscopy frame from a patient with no polyps.
Sun_Multimodal/Train_Negative/case10_negative_img_03199.jpg,case10,This is a colonoscopy frame from a patient with no polyps.
Sun_Multimodal/Train_Negative/case10_negative_img_06160.jpg,case10,This is a colonoscopy frame from a patient with no polyps.
Sun_Multimodal/Train_Negative/case12_negative_img_02345.jpg,case12,This is a colonoscopy frame from a patient with no polyps.
Sun_Multimodal/Train_Negative/case2_negative_img_01877.jpg,case2,This is a colonoscopy frame from a patient with no polyps.
Sun_Multimodal/Train_Negative/case10_negative_img_05866.jpg,case10,This is a colonoscopy frame from a patient with no polyps.
Sun_Multimodal/Train_Negative/case11_negative_img_02068.jpg,case11,This is a colonoscopy frame from a patient with no polyps.
Sun_Multimodal/Train_Negative/case3_negative_img_06079.jpg,case3,This is a colonoscopy frame from a patient with no polyps.
Sun_Multimodal/Train_Negative/case6_negative_img_00776.jpg,case6,This is a colonoscopy frame from a patient with no polyps.
Sun_Multimodal/Train_Negative/case5_negative_img_05764.jpg,case5,This is a colonoscopy frame from a patient with no polyps.
Sun_Multimodal/Train_Negative/case12_negative_img_03612.jpg,case12,This is a colonoscopy frame from a patient with no polyps.
Sun_Multimodal/Train_Negative/case11_negative_img_04155.jpg,case11,This is a colonoscopy frame from a patient with no polyps.
Sun_Multimodal/Train_Negative/case2_negative_img_08838.jpg,case2,This is a colonoscopy frame from a patient with no polyps.
Sun_Multimodal/Train_Negative/case1_negative_img_06055.jpg,case1,This is a colonoscopy frame from a patient with no polyps.
Sun_Multimodal/Train_Negative/case6_negative_img_00813.jpg,case6,This is a colonoscopy frame from a patient with no polyps.
Sun_Multimodal/Train_Negative/case3_negative_img_03842.jpg,case3,This is a colonoscopy frame from a patient with no polyps.
Sun_Multimodal/Train_Negative/case10_negative_img_06616.jpg,case10,This is a colonoscopy frame from a patient with no polyps.
Sun_Multimodal/Train_Negative/case11_negative_img_03298.jpg,case11,This is a colonoscopy frame from a patient with no polyps.
Sun_Multimodal/Train_Negative/case5_negative_img_07481.jpg,case5,This is a colonoscopy frame from a patient with no polyps.
Sun_Multimodal/Train_Negative/case1_negative_img_05140.jpg,case1,This is a colonoscopy frame from a patient with no polyps.
Sun_Multimodal/Train_Negative/case11_negative_img_04534.jpg,case11,This is a colonoscopy frame from a patient with no polyps.
Sun_Multimodal/Train_Negative/case10_negative_img_01324.jpg,case10,This is a colonoscopy frame from a patient with no polyps.
Sun_Multimodal/Train_Negative/case11_negative_img_01753.jpg,case11,This is a colonoscopy frame from a patient with no polyps.
Sun_Multimodal/Train_Negative/case11_negative_img_00113.jpg,case11,This is a colonoscopy frame from a patient with no polyps.
Sun_Multimodal/Train_Negative/case2_negative_img_04907.jpg,case2,This is a colonoscopy frame from a patient with no polyps.
Sun_Multimodal/Train_Negative/case10_negative_img_00564.jpg,case10,This is a colonoscopy frame from a patient with no polyps.
Sun_Multimodal/Train_Negative/case8_negative_img_01365.jpg,case8,This is a colonoscopy frame from a patient with no polyps.
Sun_Multimodal/Train_Negative/case1_negative_img_02472.jpg,case1,This is a colonoscopy frame from a patient with no polyps.
Sun_Multimodal/Train_Negative/case8_negative_img_00282.jpg,case8,This is a colonoscopy frame from a patient with no polyps.
Sun_Multimodal/Train_Negative/case12_negative_img_05912.jpg,case12,This is a colonoscopy frame from a patient with no polyps.
Sun_Multimodal/Train_Negative/case11_negative_img_00572.jpg,case11,This is a colonoscopy frame from a patient with no polyps.
Sun_Multimodal/Train_Negative/case13_negative_img_05117.jpg,case13,This is a colonoscopy frame from a patient with no polyps.
Sun_Multimodal/Train_Negative/case5_negative_img_02520.jpg,case5,This is a colonoscopy frame from a patient with no polyps.
Sun_Multimodal/Train_Negative/case6_negative_img_06372.jpg,case6,This is a colonoscopy frame from a patient with no polyps.
Sun_Multimodal/Train_Negative/case1_negative_img_03653.jpg,case1,This is a colonoscopy frame from a patient with no polyps.
Sun_Multimodal/Train_Negative/case3_negative_img_02328.jpg,case3,This is a colonoscopy frame from a patient with no polyps.
Sun_Multimodal/Train_Negative/case8_negative_img_01704.jpg,case8,This is a colonoscopy frame from a patient with no polyps.
Sun_Multimodal/Train_Negative/case6_negative_img_08832.jpg,case6,This is a colonoscopy frame from a patient with no polyps.
Sun_Multimodal/Train_Negative/case1_negative_img_03682.jpg,case1,This is a colonoscopy frame from a patient with no polyps.
Sun_Multimodal/Train_Negative/case8_negative_img_00632.jpg,case8,This is a colonoscopy frame from a patient with no polyps.
Sun_Multimodal/Train_Negative/case12_negative_img_04824.jpg,case12,This is a colonoscopy frame from a patient with no polyps.
Sun_Multimodal/Train_Negative/case6_negative_img_07991.jpg,case6,This is a colonoscopy frame from a patient with no polyps.
Sun_Multimodal/Train_Negative/case12_negative_img_05216.jpg,case12,This is a colonoscopy frame from a patient with no polyps.
Sun_Multimodal/Train_Negative/case6_negative_img_15385.jpg,case6,This is a colonoscopy frame from a patient with no polyps.
Sun_Multimodal/Train_Negative/case1_negative_img_00823.jpg,case1,This is a colonoscopy frame from a patient with no polyps.
Sun_Multimodal/Train_Negative/case5_negative_img_02309.jpg,case5,This is a colonoscopy frame from a patient with no polyps.
Sun_Multimodal/Train_Negative/case3_negative_img_01414.jpg,case3,This is a colonoscopy frame from a patient with no polyps.
Sun_Multimodal/Train_Negative/case8_negative_img_02038.jpg,case8,This is a colonoscopy frame from a patient with no polyps.
Sun_Multimodal/Train_Negative/case11_negative_img_01969.jpg,case11,This is a colonoscopy frame from a patient with no polyps.
Sun_Multimodal/Train_Negative/case5_negative_img_06217.jpg,case5,This is a colonoscopy frame from a patient with no polyps.
Sun_Multimodal/Train_Negative/case12_negative_img_02897.jpg,case12,This is a colonoscopy frame from a patient with no polyps.
Sun_Multimodal/Train_Negative/case2_negative_img_03091.jpg,case2,This is a colonoscopy frame from a patient with no polyps.
Sun_Multimodal/Train_Negative/case11_negative_img_04624.jpg,case11,This is a colonoscopy frame from a patient with no polyps.
Sun_Multimodal/Train_Negative/case1_negative_img_04862.jpg,case1,This is a colonoscopy frame from a patient with no polyps.
Sun_Multimodal/Train_Negative/case2_negative_img_01870.jpg,case2,This is a colonoscopy frame from a patient with no polyps.
Sun_Multimodal/Train_Negative/case6_negative_img_10223.jpg,case6,This is a colonoscopy frame from a patient with no polyps.
Sun_Multimodal/Train_Negative/case13_negative_img_02422.jpg,case13,This is a colonoscopy frame from a patient with no polyps.
Sun_Multimodal/Train_Negative/case13_negative_img_03262.jpg,case13,This is a colonoscopy frame from a patient with no polyps.
Sun_Multimodal/Train_Negative/case12_negative_img_00700.jpg,case12,This is a colonoscopy frame from a patient with no polyps.
Sun_Multimodal/Train_Negative/case10_negative_img_00849.jpg,case10,This is a colonoscopy frame from a patient with no polyps.
Sun_Multimodal/Train_Negative/case1_negative_img_09933.jpg,case1,This is a colonoscopy frame from a patient with no polyps.
Sun_Multimodal/Train_Negative/case1_negative_img_07612.jpg,case1,This is a colonoscopy frame from a patient with no polyps.
Sun_Multimodal/Train_Negative/case13_negative_img_03603.jpg,case13,This is a colonoscopy frame from a patient with no polyps.
Sun_Multimodal/Train_Negative/case3_negative_img_03390.jpg,case3,This is a colonoscopy frame from a patient with no polyps.
Sun_Multimodal/Train_Negative/case10_negative_img_07051.jpg,case10,This is a colonoscopy frame from a patient with no polyps.
Sun_Multimodal/Train_Negative/case12_negative_img_05398.jpg,case12,This is a colonoscopy frame from a patient with no polyps.
Sun_Multimodal/Train_Negative/case6_negative_img_02333.jpg,case6,This is a colonoscopy frame from a patient with no polyps.
Sun_Multimodal/Train_Negative/case5_negative_img_02146.jpg,case5,This is a colonoscopy frame from a patient with no polyps.
Sun_Multimodal/Train_Negative/case13_negative_img_04496.jpg,case13,This is a colonoscopy frame from a patient with no polyps.
Sun_Multimodal/Train_Negative/case1_negative_img_00320.jpg,case1,This is a colonoscopy frame from a patient with no polyps.
Sun_Multimodal/Train_Negative/case10_negative_img_02591.jpg,case10,This is a colonoscopy frame from a patient with no polyps.
Sun_Multimodal/Train_Negative/case2_negative_img_06227.jpg,case2,This is a colonoscopy frame from a patient with no polyps.
Sun_Multimodal/Train_Negative/case11_negative_img_02641.jpg,case11,This is a colonoscopy frame from a patient with no polyps.
Sun_Multimodal/Train_Negative/case10_negative_img_01742.jpg,case10,This is a colonoscopy frame from a patient with no polyps.
Sun_Multimodal/Train_Negative/case12_negative_img_06472.jpg,case12,This is a colonoscopy frame from a patient with no polyps.
Sun_Multimodal/Train_Negative/case13_negative_img_06005.jpg,case13,This is a colonoscopy frame from a patient with no polyps.
Sun_Multimodal/Train_Negative/case10_negative_img_02657.jpg,case10,This is a colonoscopy frame from a patient with no polyps.
Sun_Multimodal/Train_Negative/case11_negative_img_02220.jpg,case11,This is a colonoscopy frame from a patient with no polyps.
Sun_Multimodal/Train_Negative/case11_negative_img_02556.jpg,case11,This is a colonoscopy frame from a patient with no polyps.
Sun_Multimodal/Train_Negative/case8_negative_img_00635.jpg,case8,This is a colonoscopy frame from a patient with no polyps.
Sun_Multimodal/Train_Negative/case6_negative_img_04883.jpg,case6,This is a colonoscopy frame from a patient with no polyps.
Sun_Multimodal/Train_Negative/case11_negative_img_01443.jpg,case11,This is a colonoscopy frame from a patient with no polyps.
Sun_Multimodal/Train_Negative/case8_negative_img_01414.jpg,case8,This is a colonoscopy frame from a patient with no polyps.
Sun_Multimodal/Train_Negative/case3_negative_img_03678.jpg,case3,This is a colonoscopy frame from a patient with no polyps.
Sun_Multimodal/Train_Negative/case8_negative_img_00254.jpg,case8,This is a colonoscopy frame from a patient with no polyps.
Sun_Multimodal/Train_Negative/case10_negative_img_02932.jpg,case10,This is a colonoscopy frame from a patient with no polyps.
Sun_Multimodal/Train_Negative/case10_negative_img_01827.jpg,case10,This is a colonoscopy frame from a patient with no polyps.
Sun_Multimodal/Train_Negative/case6_negative_img_11949.jpg,case6,This is a colonoscopy frame from a patient with no polyps.
Sun_Multimodal/Train_Negative/case6_negative_img_15382.jpg,case6,This is a colonoscopy frame from a patient with no polyps.
Sun_Multimodal/Train_Negative/case8_negative_img_00711.jpg,case8,This is a colonoscopy frame from a patient with no polyps.
Sun_Multimodal/Train_Negative/case6_negative_img_07367.jpg,case6,This is a colonoscopy frame from a patient with no polyps.
Sun_Multimodal/Train_Negative/case11_negative_img_00327.jpg,case11,This is a colonoscopy frame from a patient with no polyps.
Sun_Multimodal/Train_Negative/case6_negative_img_14087.jpg,case6,This is a colonoscopy frame from a patient with no polyps.
Sun_Multimodal/Train_Negative/case1_negative_img_02580.jpg,case1,This is a colonoscopy frame from a patient with no polyps.
Sun_Multimodal/Train_Negative/case11_negative_img_03653.jpg,case11,This is a colonoscopy frame from a patient with no polyps.
Sun_Multimodal/Train_Negative/case8_negative_img_00370.jpg,case8,This is a colonoscopy frame from a patient with no polyps.
Sun_Multimodal/Train_Negative/case1_negative_img_03815.jpg,case1,This is a colonoscopy frame from a patient with no polyps.
Sun_Multimodal/Train_Negative/case13_negative_img_02328.jpg,case13,This is a colonoscopy frame from a patient with no polyps.
Sun_Multimodal/Train_Negative/case3_negative_img_05117.jpg,case3,This is a colonoscopy frame from a patient with no polyps.
Sun_Multimodal/Train_Negative/case8_negative_img_02425.jpg,case8,This is a colonoscopy frame from a patient with no polyps.
Sun_Multimodal/Train_Negative/case2_negative_img_06303.jpg,case2,This is a colonoscopy frame from a patient with no polyps.
Sun_Multimodal/Train_Negative/case8_negative_img_00406.jpg,case8,This is a colonoscopy frame from a patient with no polyps.
Sun_Multimodal/Train_Negative/case11_negative_img_02765.jpg,case11,This is a colonoscopy frame from a patient with no polyps.
Sun_Multimodal/Train_Negative/case6_negative_img_08102.jpg,case6,This is a colonoscopy frame from a patient with no polyps.
Sun_Multimodal/Train_Negative/case5_negative_img_03243.jpg,case5,This is a colonoscopy frame from a patient with no polyps.
Sun_Multimodal/Train_Negative/case11_negative_img_00823.jpg,case11,This is a colonoscopy frame from a patient with no polyps.
Sun_Multimodal/Train_Negative/case13_negative_img_05034.jpg,case13,This is a colonoscopy frame from a patient with no polyps.
Sun_Multimodal/Train_Negative/case8_negative_img_01627.jpg,case8,This is a colonoscopy frame from a patient with no polyps.
Sun_Multimodal/Train_Negative/case5_negative_img_00356.jpg,case5,This is a colonoscopy frame from a patient with no polyps.
Sun_Multimodal/Train_Negative/case2_negative_img_02345.jpg,case2,This is a colonoscopy frame from a patient with no polyps.
Sun_Multimodal/Train_Negative/case5_negative_img_07664.jpg,case5,This is a colonoscopy frame from a patient with no polyps.
Sun_Multimodal/Train_Negative/case13_negative_img_04898.jpg,case13,This is a colonoscopy frame from a patient with no polyps.
Sun_Multimodal/Train_Negative/case5_negative_img_07901.jpg,case5,This is a colonoscopy frame from a patient with no polyps.
Sun_Multimodal/Train_Negative/case3_negative_img_05389.jpg,case3,This is a colonoscopy frame from a patient with no polyps.
Sun_Multimodal/Train_Negative/case2_negative_img_09799.jpg,case2,This is a colonoscopy frame from a patient with no polyps.
Sun_Multimodal/Train_Negative/case1_negative_img_09772.jpg,case1,This is a colonoscopy frame from a patient with no polyps.
Sun_Multimodal/Train_Negative/case5_negative_img_06333.jpg,case5,This is a colonoscopy frame from a patient with no polyps.
Sun_Multimodal/Train_Negative/case13_negative_img_02611.jpg,case13,This is a colonoscopy frame from a patient with no polyps.
Sun_Multimodal/Train_Negative/case6_negative_img_11935.jpg,case6,This is a colonoscopy frame from a patient with no polyps.
Sun_Multimodal/Train_Negative/case6_negative_img_10307.jpg,case6,This is a colonoscopy frame from a patient with no polyps.
Sun_Multimodal/Train_Negative/case1_negative_img_04534.jpg,case1,This is a colonoscopy frame from a patient with no polyps.
Sun_Multimodal/Train_Negative/case13_negative_img_03842.jpg,case13,This is a colonoscopy frame from a patient with no polyps.
Sun_Multimodal/Train_Negative/case13_negative_img_03430.jpg,case13,This is a colonoscopy frame from a patient with no polyps.
Sun_Multimodal/Train_Negative/case8_negative_img_01468.jpg,case8,This is a colonoscopy frame from a patient with no polyps.
Sun_Multimodal/Train_Negative/case2_negative_img_02635.jpg,case2,This is a colonoscopy frame from a patient with no polyps.
Sun_Multimodal/Train_Negative/case1_negative_img_07180.jpg,case1,This is a colonoscopy frame from a patient with no polyps.
Sun_Multimodal/Train_Negative/case13_negative_img_02076.jpg,case13,This is a colonoscopy frame from a patient with no polyps.
Sun_Multimodal/Train_Negative/case6_negative_img_07458.jpg,case6,This is a colonoscopy frame from a patient with no polyps.
Sun_Multimodal/Train_Negative/case1_negative_img_06874.jpg,case1,This is a colonoscopy frame from a patient with no polyps.
Sun_Multimodal/Train_Negative/case6_negative_img_10560.jpg,case6,This is a colonoscopy frame from a patient with no polyps.
Sun_Multimodal/Train_Negative/case11_negative_img_04611.jpg,case11,This is a colonoscopy frame from a patient with no polyps.
Sun_Multimodal/Train_Negative/case5_negative_img_01648.jpg,case5,This is a colonoscopy frame from a patient with no polyps.
Sun_Multimodal/Train_Negative/case1_negative_img_03389.jpg,case1,This is a colonoscopy frame from a patient with no polyps.
Sun_Multimodal/Train_Negative/case13_negative_img_02361.jpg,case13,This is a colonoscopy frame from a patient with no polyps.
Sun_Multimodal/Train_Negative/case6_negative_img_15129.jpg,case6,This is a colonoscopy frame from a patient with no polyps.
Sun_Multimodal/Train_Negative/case12_negative_img_00422.jpg,case12,This is a colonoscopy frame from a patient with no polyps.
Sun_Multimodal/Train_Negative/case3_negative_img_01853.jpg,case3,This is a colonoscopy frame from a patient with no polyps.
Sun_Multimodal/Train_Negative/case5_negative_img_00469.jpg,case5,This is a colonoscopy frame from a patient with no polyps.
Sun_Multimodal/Train_Negative/case6_negative_img_08989.jpg,case6,This is a colonoscopy frame from a patient with no polyps.
Sun_Multimodal/Train_Negative/case12_negative_img_06269.jpg,case12,This is a colonoscopy frame from a patient with no polyps.
Sun_Multimodal/Train_Negative/case10_negative_img_06152.jpg,case10,This is a colonoscopy frame from a patient with no polyps.
Sun_Multimodal/Train_Negative/case8_negative_img_01386.jpg,case8,This is a colonoscopy frame from a patient with no polyps.
Sun_Multimodal/Train_Negative/case12_negative_img_06750.jpg,case12,This is a colonoscopy frame from a patient with no polyps.
Sun_Multimodal/Train_Negative/case11_negative_img_03742.jpg,case11,This is a colonoscopy frame from a patient with no polyps.
Sun_Multimodal/Train_Negative/case10_negative_img_03335.jpg,case10,This is a colonoscopy frame from a patient with no polyps.
Sun_Multimodal/Train_Negative/case13_negative_img_02239.jpg,case13,This is a colonoscopy frame from a patient with no polyps.
Sun_Multimodal/Train_Negative/case1_negative_img_06228.jpg,case1,This is a colonoscopy frame from a patient with no polyps.
Sun_Multimodal/Train_Negative/case8_negative_img_00261.jpg,case8,This is a colonoscopy frame from a patient with no polyps.
Sun_Multimodal/Train_Negative/case3_negative_img_06113.jpg,case3,This is a colonoscopy frame from a patient with no polyps.
Sun_Multimodal/Train_Negative/case5_negative_img_00296.jpg,case5,This is a colonoscopy frame from a patient with no polyps.
Sun_Multimodal/Train_Negative/case1_negative_img_03117.jpg,case1,This is a colonoscopy frame from a patient with no polyps.
Sun_Multimodal/Train_Negative/case6_negative_img_09544.jpg,case6,This is a colonoscopy frame from a patient with no polyps.
Sun_Multimodal/Train_Negative/case8_negative_img_00600.jpg,case8,This is a colonoscopy frame from a patient with no polyps.
Sun_Multimodal/Train_Negative/case8_negative_img_02155.jpg,case8,This is a colonoscopy frame from a patient with no polyps.
Sun_Multimodal/Train_Negative/case11_negative_img_00236.jpg,case11,This is a colonoscopy frame from a patient with no polyps.
Sun_Multimodal/Train_Negative/case2_negative_img_09701.jpg,case2,This is a colonoscopy frame from a patient with no polyps.
Sun_Multimodal/Train_Negative/case1_negative_img_01134.jpg,case1,This is a colonoscopy frame from a patient with no polyps.
Sun_Multimodal/Train_Negative/case12_negative_img_06447.jpg,case12,This is a colonoscopy frame from a patient with no polyps.
Sun_Multimodal/Train_Negative/case12_negative_img_03319.jpg,case12,This is a colonoscopy frame from a patient with no polyps.
Sun_Multimodal/Train_Negative/case5_negative_img_00992.jpg,case5,This is a colonoscopy frame from a patient with no polyps.
Sun_Multimodal/Train_Negative/case5_negative_img_02173.jpg,case5,This is a colonoscopy frame from a patient with no polyps.
Sun_Multimodal/Train_Negative/case10_negative_img_05208.jpg,case10,This is a colonoscopy frame from a patient with no polyps.
Sun_Multimodal/Train_Negative/case8_negative_img_00517.jpg,case8,This is a colonoscopy frame from a patient with no polyps.
Sun_Multimodal/Train_Negative/case2_negative_img_06212.jpg,case2,This is a colonoscopy frame from a patient with no polyps.
Sun_Multimodal/Train_Negative/case2_negative_img_07452.jpg,case2,This is a colonoscopy frame from a patient with no polyps.
Sun_Multimodal/Train_Negative/case12_negative_img_03778.jpg,case12,This is a colonoscopy frame from a patient with no polyps.
Sun_Multimodal/Train_Negative/case6_negative_img_04943.jpg,case6,This is a colonoscopy frame from a patient with no polyps.
Sun_Multimodal/Train_Negative/case5_negative_img_01523.jpg,case5,This is a colonoscopy frame from a patient with no polyps.
Sun_Multimodal/Train_Negative/case11_negative_img_03571.jpg,case11,This is a colonoscopy frame from a patient with no polyps.
Sun_Multimodal/Train_Negative/case3_negative_img_06487.jpg,case3,This is a colonoscopy frame from a patient with no polyps.
Sun_Multimodal/Train_Negative/case8_negative_img_00841.jpg,case8,This is a colonoscopy frame from a patient with no polyps.
Sun_Multimodal/Train_Negative/case2_negative_img_03468.jpg,case2,This is a colonoscopy frame from a patient with no polyps.
Sun_Multimodal/Train_Negative/case5_negative_img_00702.jpg,case5,This is a colonoscopy frame from a patient with no polyps.
Sun_Multimodal/Train_Negative/case8_negative_img_01505.jpg,case8,This is a colonoscopy frame from a patient with no polyps.
Sun_Multimodal/Train_Negative/case11_negative_img_02026.jpg,case11,This is a colonoscopy frame from a patient with no polyps.
Sun_Multimodal/Train_Negative/case8_negative_img_00890.jpg,case8,This is a colonoscopy frame from a patient with no polyps.
Sun_Multimodal/Train_Negative/case13_negative_img_01208.jpg,case13,This is a colonoscopy frame from a patient with no polyps.
Sun_Multimodal/Train_Negative/case12_negative_img_04686.jpg,case12,This is a colonoscopy frame from a patient with no polyps.
Sun_Multimodal/Train_Negative/case5_negative_img_00415.jpg,case5,This is a colonoscopy frame from a patient with no polyps.
Sun_Multimodal/Train_Negative/case11_negative_img_02447.jpg,case11,This is a colonoscopy frame from a patient with no polyps.
Sun_Multimodal/Train_Negative/case8_negative_img_01164.jpg,case8,This is a colonoscopy frame from a patient with no polyps.
Sun_Multimodal/Train_Negative/case8_negative_img_02071.jpg,case8,This is a colonoscopy frame from a patient with no polyps.
Sun_Multimodal/Train_Negative/case10_negative_img_00765.jpg,case10,This is a colonoscopy frame from a patient with no polyps.
Sun_Multimodal/Train_Negative/case12_negative_img_01080.jpg,case12,This is a colonoscopy frame from a patient with no polyps.
Sun_Multimodal/Train_Negative/case1_negative_img_08566.jpg,case1,This is a colonoscopy frame from a patient with no polyps.
Sun_Multimodal/Train_Negative/case6_negative_img_01787.jpg,case6,This is a colonoscopy frame from a patient with no polyps.
Sun_Multimodal/Train_Negative/case12_negative_img_02253.jpg,case12,This is a colonoscopy frame from a patient with no polyps.
Sun_Multimodal/Train_Negative/case13_negative_img_03064.jpg,case13,This is a colonoscopy frame from a patient with no polyps.
Sun_Multimodal/Train_Negative/case10_negative_img_03728.jpg,case10,This is a colonoscopy frame from a patient with no polyps.
Sun_Multimodal/Train_Negative/case5_negative_img_04821.jpg,case5,This is a colonoscopy frame from a patient with no polyps.
Sun_Multimodal/Train_Negative/case3_negative_img_03281.jpg,case3,This is a colonoscopy frame from a patient with no polyps.
Sun_Multimodal/Train_Negative/case6_negative_img_00905.jpg,case6,This is a colonoscopy frame from a patient with no polyps.
Sun_Multimodal/Train_Negative/case12_negative_img_01430.jpg,case12,This is a colonoscopy frame from a patient with no polyps.
Sun_Multimodal/Train_Negative/case2_negative_img_00044.jpg,case2,This is a colonoscopy frame from a patient with no polyps.
Sun_Multimodal/Train_Negative/case13_negative_img_01047.jpg,case13,This is a colonoscopy frame from a patient with no polyps.
Sun_Multimodal/Train_Negative/case13_negative_img_00607.jpg,case13,This is a colonoscopy frame from a patient with no polyps.
Sun_Multimodal/Train_Negative/case8_negative_img_00919.jpg,case8,This is a colonoscopy frame from a patient with no polyps.
Sun_Multimodal/Train_Negative/case2_negative_img_02370.jpg,case2,This is a colonoscopy frame from a patient with no polyps.
Sun_Multimodal/Train_Negative/case1_negative_img_01529.jpg,case1,This is a colonoscopy frame from a patient with no polyps.
Sun_Multimodal/Train_Negative/case13_negative_img_00266.jpg,case13,This is a colonoscopy frame from a patient with no polyps.
Sun_Multimodal/Train_Negative/case10_negative_img_04393.jpg,case10,This is a colonoscopy frame from a patient with no polyps.
Sun_Multimodal/Train_Negative/case5_negative_img_02431.jpg,case5,This is a colonoscopy frame from a patient with no polyps.
Sun_Multimodal/Train_Negative/case11_negative_img_01223.jpg,case11,This is a colonoscopy frame from a patient with no polyps.
Sun_Multimodal/Train_Negative/case12_negative_img_04596.jpg,case12,This is a colonoscopy frame from a patient with no polyps.
Sun_Multimodal/Train_Negative/case5_negative_img_01956.jpg,case5,This is a colonoscopy frame from a patient with no polyps.
Sun_Multimodal/Train_Negative/case10_negative_img_03101.jpg,case10,This is a colonoscopy frame from a patient with no polyps.
Sun_Multimodal/Train_Negative/case3_negative_img_02239.jpg,case3,This is a colonoscopy frame from a patient with no polyps.
Sun_Multimodal/Train_Negative/case12_negative_img_04650.jpg,case12,This is a colonoscopy frame from a patient with no polyps.
Sun_Multimodal/Train_Negative/case13_negative_img_04227.jpg,case13,This is a colonoscopy frame from a patient with no polyps.
Sun_Multimodal/Train_Negative/case1_negative_img_00591.jpg,case1,This is a colonoscopy frame from a patient with no polyps.
Sun_Multimodal/Train_Negative/case2_negative_img_05583.jpg,case2,This is a colonoscopy frame from a patient with no polyps.
Sun_Multimodal/Train_Negative/case10_negative_img_00807.jpg,case10,This is a colonoscopy frame from a patient with no polyps.
Sun_Multimodal/Train_Negative/case10_negative_img_00475.jpg,case10,This is a colonoscopy frame from a patient with no polyps.
Sun_Multimodal/Train_Negative/case6_negative_img_15990.jpg,case6,This is a colonoscopy frame from a patient with no polyps.
Sun_Multimodal/Train_Negative/case11_negative_img_03117.jpg,case11,This is a colonoscopy frame from a patient with no polyps.
Sun_Multimodal/Train_Negative/case12_negative_img_06105.jpg,case12,This is a colonoscopy frame from a patient with no polyps.
Sun_Multimodal/Train_Negative/case3_negative_img_02658.jpg,case3,This is a colonoscopy frame from a patient with no polyps.
Sun_Multimodal/Train_Negative/case8_negative_img_00434.jpg,case8,This is a colonoscopy frame from a patient with no polyps.
Sun_Multimodal/Train_Negative/case1_negative_img_03484.jpg,case1,This is a colonoscopy frame from a patient with no polyps.
Sun_Multimodal/Train_Negative/case1_negative_img_00932.jpg,case1,This is a colonoscopy frame from a patient with no polyps.
Sun_Multimodal/Train_Negative/case2_negative_img_09947.jpg,case2,This is a colonoscopy frame from a patient with no polyps.
Sun_Multimodal/Train_Negative/case11_negative_img_01134.jpg,case11,This is a colonoscopy frame from a patient with no polyps.
Sun_Multimodal/Train_Negative/case10_negative_img_02037.jpg,case10,This is a colonoscopy frame from a patient with no polyps.
Sun_Multimodal/Train_Negative/case2_negative_img_03778.jpg,case2,This is a colonoscopy frame from a patient with no polyps.
Sun_Multimodal/Train_Negative/case11_negative_img_02832.jpg,case11,This is a colonoscopy frame from a patient with no polyps.
Sun_Multimodal/Train_Negative/case1_negative_img_00686.jpg,case1,This is a colonoscopy frame from a patient with no polyps.
Sun_Multimodal/Train_Negative/case3_negative_img_01163.jpg,case3,This is a colonoscopy frame from a patient with no polyps.
Sun_Multimodal/Train_Negative/case13_negative_img_00965.jpg,case13,This is a colonoscopy frame from a patient with no polyps.
Sun_Multimodal/Train_Negative/case13_negative_img_00517.jpg,case13,This is a colonoscopy frame from a patient with no polyps.
Sun_Multimodal/Train_Negative/case1_negative_img_09486.jpg,case1,This is a colonoscopy frame from a patient with no polyps.
Sun_Multimodal/Train_Negative/case13_negative_img_01357.jpg,case13,This is a colonoscopy frame from a patient with no polyps.
Sun_Multimodal/Train_Negative/case10_negative_img_04345.jpg,case10,This is a colonoscopy frame from a patient with no polyps.
Sun_Multimodal/Train_Negative/case2_negative_img_03994.jpg,case2,This is a colonoscopy frame from a patient with no polyps.
Sun_Multimodal/Train_Negative/case1_negative_img_06253.jpg,case1,This is a colonoscopy frame from a patient with no polyps.
Sun_Multimodal/Train_Negative/case10_negative_img_06410.jpg,case10,This is a colonoscopy frame from a patient with no polyps.
Sun_Multimodal/Train_Negative/case3_negative_img_04989.jpg,case3,This is a colonoscopy frame from a patient with no polyps.
Sun_Multimodal/Train_Negative/case1_negative_img_08100.jpg,case1,This is a colonoscopy frame from a patient with no polyps.
Sun_Multimodal/Train_Negative/case1_negative_img_01639.jpg,case1,This is a colonoscopy frame from a patient with no polyps.
Sun_Multimodal/Train_Negative/case2_negative_img_03156.jpg,case2,This is a colonoscopy frame from a patient with no polyps.
Sun_Multimodal/Train_Negative/case6_negative_img_07909.jpg,case6,This is a colonoscopy frame from a patient with no polyps.
Sun_Multimodal/Train_Negative/case12_negative_img_05529.jpg,case12,This is a colonoscopy frame from a patient with no polyps.
Sun_Multimodal/Train_Negative/case11_negative_img_04425.jpg,case11,This is a colonoscopy frame from a patient with no polyps.
Sun_Multimodal/Train_Negative/case1_negative_img_05051.jpg,case1,This is a colonoscopy frame from a patient with no polyps.
Sun_Multimodal/Train_Negative/case2_negative_img_00043.jpg,case2,This is a colonoscopy frame from a patient with no polyps.
Sun_Multimodal/Train_Negative/case5_negative_img_04743.jpg,case5,This is a colonoscopy frame from a patient with no polyps.
Sun_Multimodal/Train_Negative/case12_negative_img_03703.jpg,case12,This is a colonoscopy frame from a patient with no polyps.
Sun_Multimodal/Train_Negative/case10_negative_img_02278.jpg,case10,This is a colonoscopy frame from a patient with no polyps.
Sun_Multimodal/Train_Negative/case13_negative_img_02534.jpg,case13,This is a colonoscopy frame from a patient with no polyps.
Sun_Multimodal/Train_Negative/case2_negative_img_03290.jpg,case2,This is a colonoscopy frame from a patient with no polyps.
Sun_Multimodal/Train_Negative/case10_negative_img_04394.jpg,case10,This is a colonoscopy frame from a patient with no polyps.
Sun_Multimodal/Train_Negative/case8_negative_img_02239.jpg,case8,This is a colonoscopy frame from a patient with no polyps.
Sun_Multimodal/Train_Negative/case6_negative_img_01214.jpg,case6,This is a colonoscopy frame from a patient with no polyps.
Sun_Multimodal/Train_Negative/case1_negative_img_08752.jpg,case1,This is a colonoscopy frame from a patient with no polyps.
Sun_Multimodal/Train_Negative/case12_negative_img_04998.jpg,case12,This is a colonoscopy frame from a patient with no polyps.
Sun_Multimodal/Train_Negative/case2_negative_img_00167.jpg,case2,This is a colonoscopy frame from a patient with no polyps.
Sun_Multimodal/Train_Negative/case5_negative_img_04667.jpg,case5,This is a colonoscopy frame from a patient with no polyps.
Sun_Multimodal/Train_Negative/case10_negative_img_06242.jpg,case10,This is a colonoscopy frame from a patient with no polyps.
Sun_Multimodal/Train_Negative/case12_negative_img_06179.jpg,case12,This is a colonoscopy frame from a patient with no polyps.
Sun_Multimodal/Train_Negative/case8_negative_img_01208.jpg,case8,This is a colonoscopy frame from a patient with no polyps.
Sun_Multimodal/Train_Negative/case3_negative_img_05188.jpg,case3,This is a colonoscopy frame from a patient with no polyps.
Sun_Multimodal/Train_Negative/case3_negative_img_00171.jpg,case3,This is a colonoscopy frame from a patient with no polyps.
Sun_Multimodal/Train_Negative/case11_negative_img_04160.jpg,case11,This is a colonoscopy frame from a patient with no polyps.
Sun_Multimodal/Train_Negative/case10_negative_img_05882.jpg,case10,This is a colonoscopy frame from a patient with no polyps.
Sun_Multimodal/Train_Negative/case6_negative_img_15239.jpg,case6,This is a colonoscopy frame from a patient with no polyps.
Sun_Multimodal/Train_Negative/case3_negative_img_01731.jpg,case3,This is a colonoscopy frame from a patient with no polyps.
Sun_Multimodal/Train_Negative/case13_negative_img_00841.jpg,case13,This is a colonoscopy frame from a patient with no polyps.
Sun_Multimodal/Train_Negative/case10_negative_img_05386.jpg,case10,This is a colonoscopy frame from a patient with no polyps.
Sun_Multimodal/Train_Negative/case13_negative_img_06278.jpg,case13,This is a colonoscopy frame from a patient with no polyps.
Sun_Multimodal/Train_Negative/case1_negative_img_02608.jpg,case1,This is a colonoscopy frame from a patient with no polyps.
Sun_Multimodal/Train_Negative/case6_negative_img_13765.jpg,case6,This is a colonoscopy frame from a patient with no polyps.
Sun_Multimodal/Train_Negative/case5_negative_img_05609.jpg,case5,This is a colonoscopy frame from a patient with no polyps.
Sun_Multimodal/Train_Negative/case5_negative_img_01717.jpg,case5,This is a colonoscopy frame from a patient with no polyps.
Sun_Multimodal/Train_Negative/case2_negative_img_07484.jpg,case2,This is a colonoscopy frame from a patient with no polyps.
Sun_Multimodal/Train_Negative/case8_negative_img_02533.jpg,case8,This is a colonoscopy frame from a patient with no polyps.
Sun_Multimodal/Train_Negative/case13_negative_img_05235.jpg,case13,This is a colonoscopy frame from a patient with no polyps.
Sun_Multimodal/Train_Negative/case8_negative_img_01047.jpg,case8,This is a colonoscopy frame from a patient with no polyps.
Sun_Multimodal/Train_Negative/case11_negative_img_03483.jpg,case11,This is a colonoscopy frame from a patient with no polyps.
Sun_Multimodal/Train_Negative/case2_negative_img_05017.jpg,case2,This is a colonoscopy frame from a patient with no polyps.
Sun_Multimodal/Train_Negative/case3_negative_img_00499.jpg,case3,This is a colonoscopy frame from a patient with no polyps.
Sun_Multimodal/Train_Negative/case10_negative_img_00646.jpg,case10,This is a colonoscopy frame from a patient with no polyps.
Sun_Multimodal/Train_Negative/case6_negative_img_02288.jpg,case6,This is a colonoscopy frame from a patient with no polyps.
Sun_Multimodal/Train_Negative/case11_negative_img_00935.jpg,case11,This is a colonoscopy frame from a patient with no polyps.
Sun_Multimodal/Train_Negative/case10_negative_img_04789.jpg,case10,This is a colonoscopy frame from a patient with no polyps.
Sun_Multimodal/Train_Negative/case1_negative_img_02781.jpg,case1,This is a colonoscopy frame from a patient with no polyps.
Sun_Multimodal/Train_Negative/case8_negative_img_01096.jpg,case8,This is a colonoscopy frame from a patient with no polyps.
Sun_Multimodal/Train_Negative/case1_negative_img_07778.jpg,case1,This is a colonoscopy frame from a patient with no polyps.
Sun_Multimodal/Train_Negative/case10_negative_img_03025.jpg,case10,This is a colonoscopy frame from a patient with no polyps.
Sun_Multimodal/Train_Negative/case10_negative_img_01311.jpg,case10,This is a colonoscopy frame from a patient with no polyps.
Sun_Multimodal/Train_Negative/case11_negative_img_00126.jpg,case11,This is a colonoscopy frame from a patient with no polyps.
Sun_Multimodal/Train_Negative/case6_negative_img_10398.jpg,case6,This is a colonoscopy frame from a patient with no polyps.
Sun_Multimodal/Train_Negative/case8_negative_img_01885.jpg,case8,This is a colonoscopy frame from a patient with no polyps.
Sun_Multimodal/Train_Negative/case8_negative_img_00962.jpg,case8,This is a colonoscopy frame from a patient with no polyps.
Sun_Multimodal/Train_Negative/case11_negative_img_02673.jpg,case11,This is a colonoscopy frame from a patient with no polyps.
Sun_Multimodal/Train_Negative/case1_negative_img_07652.jpg,case1,This is a colonoscopy frame from a patient with no polyps.
Sun_Multimodal/Train_Negative/case3_negative_img_02590.jpg,case3,This is a colonoscopy frame from a patient with no polyps.
Sun_Multimodal/Train_Negative/case5_negative_img_06953.jpg,case5,This is a colonoscopy frame from a patient with no polyps.
Sun_Multimodal/Train_Negative/case6_negative_img_03294.jpg,case6,This is a colonoscopy frame from a patient with no polyps.
Sun_Multimodal/Train_Negative/case6_negative_img_08699.jpg,case6,This is a colonoscopy frame from a patient with no polyps.
Sun_Multimodal/Train_Negative/case12_negative_img_00740.jpg,case12,This is a colonoscopy frame from a patient with no polyps.
Sun_Multimodal/Train_Negative/case3_negative_img_01743.jpg,case3,This is a colonoscopy frame from a patient with no polyps.
Sun_Multimodal/Train_Negative/case1_negative_img_04326.jpg,case1,This is a colonoscopy frame from a patient with no polyps.
Sun_Multimodal/Train_Negative/case13_negative_img_00337.jpg,case13,This is a colonoscopy frame from a patient with no polyps.
Sun_Multimodal/Train_Negative/case12_negative_img_04128.jpg,case12,This is a colonoscopy frame from a patient with no polyps.
Sun_Multimodal/Train_Negative/case6_negative_img_12536.jpg,case6,This is a colonoscopy frame from a patient with no polyps.
Sun_Multimodal/Train_Negative/case1_negative_img_06305.jpg,case1,This is a colonoscopy frame from a patient with no polyps.
Sun_Multimodal/Train_Negative/case10_negative_img_02458.jpg,case10,This is a colonoscopy frame from a patient with no polyps.
Sun_Multimodal/Train_Negative/case5_negative_img_07417.jpg,case5,This is a colonoscopy frame from a patient with no polyps.
Sun_Multimodal/Train_Negative/case1_negative_img_07124.jpg,case1,This is a colonoscopy frame from a patient with no polyps.
Sun_Multimodal/Train_Negative/case5_negative_img_04970.jpg,case5,This is a colonoscopy frame from a patient with no polyps.
Sun_Multimodal/Train_Negative/case11_negative_img_02177.jpg,case11,This is a colonoscopy frame from a patient with no polyps.
Sun_Multimodal/Train_Negative/case1_negative_img_03503.jpg,case1,This is a colonoscopy frame from a patient with no polyps.
Sun_Multimodal/Train_Negative/case12_negative_img_04070.jpg,case12,This is a colonoscopy frame from a patient with no polyps.
Sun_Multimodal/Train_Negative/case10_negative_img_01867.jpg,case10,This is a colonoscopy frame from a patient with no polyps.
Sun_Multimodal/Train_Negative/case13_negative_img_04875.jpg,case13,This is a colonoscopy frame from a patient with no polyps.
Sun_Multimodal/Train_Negative/case2_negative_img_05404.jpg,case2,This is a colonoscopy frame from a patient with no polyps.
Sun_Multimodal/Train_Negative/case1_negative_img_01983.jpg,case1,This is a colonoscopy frame from a patient with no polyps.
Sun_Multimodal/Train_Negative/case11_negative_img_02964.jpg,case11,This is a colonoscopy frame from a patient with no polyps.
Sun_Multimodal/Train_Negative/case5_negative_img_04828.jpg,case5,This is a colonoscopy frame from a patient with no polyps.
Sun_Multimodal/Train_Negative/case12_negative_img_06344.jpg,case12,This is a colonoscopy frame from a patient with no polyps.
Sun_Multimodal/Train_Negative/case1_negative_img_05729.jpg,case1,This is a colonoscopy frame from a patient with no polyps.
Sun_Multimodal/Train_Negative/case13_negative_img_04710.jpg,case13,This is a colonoscopy frame from a patient with no polyps.
Sun_Multimodal/Train_Negative/case3_negative_img_00848.jpg,case3,This is a colonoscopy frame from a patient with no polyps.
Sun_Multimodal/Train_Negative/case11_negative_img_01375.jpg,case11,This is a colonoscopy frame from a patient with no polyps.
Sun_Multimodal/Train_Negative/case12_negative_img_01439.jpg,case12,This is a colonoscopy frame from a patient with no polyps.
Sun_Multimodal/Train_Negative/case3_negative_img_05364.jpg,case3,This is a colonoscopy frame from a patient with no polyps.
Sun_Multimodal/Train_Negative/case3_negative_img_04283.jpg,case3,This is a colonoscopy frame from a patient with no polyps.
Sun_Multimodal/Train_Negative/case5_negative_img_01800.jpg,case5,This is a colonoscopy frame from a patient with no polyps.
Sun_Multimodal/Train_Negative/case8_negative_img_00103.jpg,case8,This is a colonoscopy frame from a patient with no polyps.
Sun_Multimodal/Train_Negative/case5_negative_img_00595.jpg,case5,This is a colonoscopy frame from a patient with no polyps.
Sun_Multimodal/Train_Negative/case1_negative_img_01520.jpg,case1,This is a colonoscopy frame from a patient with no polyps.
Sun_Multimodal/Train_Negative/case5_negative_img_07658.jpg,case5,This is a colonoscopy frame from a patient with no polyps.
Sun_Multimodal/Train_Negative/case10_negative_img_01363.jpg,case10,This is a colonoscopy frame from a patient with no polyps.
Sun_Multimodal/Train_Negative/case13_negative_img_04371.jpg,case13,This is a colonoscopy frame from a patient with no polyps.
Sun_Multimodal/Train_Negative/case5_negative_img_03746.jpg,case5,This is a colonoscopy frame from a patient with no polyps.
Sun_Multimodal/Train_Negative/case6_negative_img_14921.jpg,case6,This is a colonoscopy frame from a patient with no polyps.
Sun_Multimodal/Train_Negative/case12_negative_img_06053.jpg,case12,This is a colonoscopy frame from a patient with no polyps.
Sun_Multimodal/Train_Negative/case12_negative_img_00888.jpg,case12,This is a colonoscopy frame from a patient with no polyps.
Sun_Multimodal/Train_Negative/case5_negative_img_01556.jpg,case5,This is a colonoscopy frame from a patient with no polyps.
Sun_Multimodal/Train_Negative/case10_negative_img_02733.jpg,case10,This is a colonoscopy frame from a patient with no polyps.
Sun_Multimodal/Train_Negative/case6_negative_img_09363.jpg,case6,This is a colonoscopy frame from a patient with no polyps.
Sun_Multimodal/Train_Negative/case6_negative_img_15237.jpg,case6,This is a colonoscopy frame from a patient with no polyps.
Sun_Multimodal/Train_Negative/case8_negative_img_02313.jpg,case8,This is a colonoscopy frame from a patient with no polyps.
Sun_Multimodal/Train_Negative/case12_negative_img_05062.jpg,case12,This is a colonoscopy frame from a patient with no polyps.
Sun_Multimodal/Train_Negative/case13_negative_img_05415.jpg,case13,This is a colonoscopy frame from a patient with no polyps.
Sun_Multimodal/Train_Negative/case1_negative_img_01404.jpg,case1,This is a colonoscopy frame from a patient with no polyps.
Sun_Multimodal/Train_Negative/case2_negative_img_04416.jpg,case2,This is a colonoscopy frame from a patient with no polyps.
Sun_Multimodal/Train_Negative/case6_negative_img_14477.jpg,case6,This is a colonoscopy frame from a patient with no polyps.
Sun_Multimodal/Train_Negative/case1_negative_img_05968.jpg,case1,This is a colonoscopy frame from a patient with no polyps.
Sun_Multimodal/Train_Negative/case3_negative_img_05621.jpg,case3,This is a colonoscopy frame from a patient with no polyps.
Sun_Multimodal/Train_Negative/case1_negative_img_02267.jpg,case1,This is a colonoscopy frame from a patient with no polyps.
Sun_Multimodal/Train_Negative/case13_negative_img_03528.jpg,case13,This is a colonoscopy frame from a patient with no polyps.
Sun_Multimodal/Train_Negative/case8_negative_img_01902.jpg,case8,This is a colonoscopy frame from a patient with no polyps.
Sun_Multimodal/Train_Negative/case5_negative_img_03114.jpg,case5,This is a colonoscopy frame from a patient with no polyps.
Sun_Multimodal/Train_Negative/case10_negative_img_01296.jpg,case10,This is a colonoscopy frame from a patient with no polyps.
Sun_Multimodal/Train_Negative/case3_negative_img_04717.jpg,case3,This is a colonoscopy frame from a patient with no polyps.
Sun_Multimodal/Train_Negative/case10_negative_img_02045.jpg,case10,This is a colonoscopy frame from a patient with no polyps.
Sun_Multimodal/Train_Negative/case2_negative_img_07614.jpg,case2,This is a colonoscopy frame from a patient with no polyps.
Sun_Multimodal/Train_Negative/case5_negative_img_02335.jpg,case5,This is a colonoscopy frame from a patient with no polyps.
Sun_Multimodal/Train_Negative/case6_negative_img_15687.jpg,case6,This is a colonoscopy frame from a patient with no polyps.
Sun_Multimodal/Train_Negative/case3_negative_img_01428.jpg,case3,This is a colonoscopy frame from a patient with no polyps.
Sun_Multimodal/Train_Negative/case11_negative_img_01955.jpg,case11,This is a colonoscopy frame from a patient with no polyps.
Sun_Multimodal/Train_Negative/case1_negative_img_00153.jpg,case1,This is a colonoscopy frame from a patient with no polyps.
Sun_Multimodal/Train_Negative/case6_negative_img_06915.jpg,case6,This is a colonoscopy frame from a patient with no polyps.
Sun_Multimodal/Train_Negative/case3_negative_img_00751.jpg,case3,This is a colonoscopy frame from a patient with no polyps.
Sun_Multimodal/Train_Negative/case6_negative_img_11507.jpg,case6,This is a colonoscopy frame from a patient with no polyps.
Sun_Multimodal/Train_Negative/case13_negative_img_01482.jpg,case13,This is a colonoscopy frame from a patient with no polyps.
Sun_Multimodal/Train_Negative/case10_negative_img_05905.jpg,case10,This is a colonoscopy frame from a patient with no polyps.
Sun_Multimodal/Train_Negative/case1_negative_img_04574.jpg,case1,This is a colonoscopy frame from a patient with no polyps.
Sun_Multimodal/Train_Negative/case1_negative_img_04906.jpg,case1,This is a colonoscopy frame from a patient with no polyps.
Sun_Multimodal/Train_Negative/case6_negative_img_13252.jpg,case6,This is a colonoscopy frame from a patient with no polyps.
Sun_Multimodal/Train_Negative/case1_negative_img_04115.jpg,case1,This is a colonoscopy frame from a patient with no polyps.
Sun_Multimodal/Train_Negative/case2_negative_img_04659.jpg,case2,This is a colonoscopy frame from a patient with no polyps.
Sun_Multimodal/Train_Negative/case12_negative_img_00901.jpg,case12,This is a colonoscopy frame from a patient with no polyps.
Sun_Multimodal/Train_Negative/case5_negative_img_07294.jpg,case5,This is a colonoscopy frame from a patient with no polyps.
Sun_Multimodal/Train_Negative/case3_negative_img_00497.jpg,case3,This is a colonoscopy frame from a patient with no polyps.
Sun_Multimodal/Train_Negative/case8_negative_img_01049.jpg,case8,This is a colonoscopy frame from a patient with no polyps.
Sun_Multimodal/Train_Negative/case2_negative_img_09708.jpg,case2,This is a colonoscopy frame from a patient with no polyps.
Sun_Multimodal/Train_Negative/case3_negative_img_04558.jpg,case3,This is a colonoscopy frame from a patient with no polyps.
Sun_Multimodal/Train_Negative/case1_negative_img_06925.jpg,case1,This is a colonoscopy frame from a patient with no polyps.
Sun_Multimodal/Train_Negative/case3_negative_img_02772.jpg,case3,This is a colonoscopy frame from a patient with no polyps.
Sun_Multimodal/Train_Negative/case6_negative_img_10843.jpg,case6,This is a colonoscopy frame from a patient with no polyps.
Sun_Multimodal/Train_Negative/case13_negative_img_00213.jpg,case13,This is a colonoscopy frame from a patient with no polyps.
Sun_Multimodal/Train_Negative/case6_negative_img_02636.jpg,case6,This is a colonoscopy frame from a patient with no polyps.
Sun_Multimodal/Train_Negative/case2_negative_img_09369.jpg,case2,This is a colonoscopy frame from a patient with no polyps.
Sun_Multimodal/Train_Negative/case3_negative_img_04875.jpg,case3,This is a colonoscopy frame from a patient with no polyps.
Sun_Multimodal/Train_Negative/case13_negative_img_02078.jpg,case13,This is a colonoscopy frame from a patient with no polyps.
Sun_Multimodal/Train_Negative/case8_negative_img_00787.jpg,case8,This is a colonoscopy frame from a patient with no polyps.
Sun_Multimodal/Train_Negative/case11_negative_img_03971.jpg,case11,This is a colonoscopy frame from a patient with no polyps.
Sun_Multimodal/Train_Negative/case8_negative_img_01660.jpg,case8,This is a colonoscopy frame from a patient with no polyps.
Sun_Multimodal/Train_Negative/case11_negative_img_04169.jpg,case11,This is a colonoscopy frame from a patient with no polyps.
Sun_Multimodal/Train_Negative/case2_negative_img_09591.jpg,case2,This is a colonoscopy frame from a patient with no polyps.
Sun_Multimodal/Train_Negative/case12_negative_img_04182.jpg,case12,This is a colonoscopy frame from a patient with no polyps.
Sun_Multimodal/Train_Negative/case3_negative_img_01738.jpg,case3,This is a colonoscopy frame from a patient with no polyps.
Sun_Multimodal/Train_Negative/case10_negative_img_00872.jpg,case10,This is a colonoscopy frame from a patient with no polyps.
Sun_Multimodal/Train_Negative/case6_negative_img_05014.jpg,case6,This is a colonoscopy frame from a patient with no polyps.
Sun_Multimodal/Train_Negative/case13_negative_img_00848.jpg,case13,This is a colonoscopy frame from a patient with no polyps.
Sun_Multimodal/Train_Negative/case10_negative_img_00376.jpg,case10,This is a colonoscopy frame from a patient with no polyps.
Sun_Multimodal/Train_Negative/case8_negative_img_02462.jpg,case8,This is a colonoscopy frame from a patient with no polyps.
Sun_Multimodal/Train_Negative/case6_negative_img_11458.jpg,case6,This is a colonoscopy frame from a patient with no polyps.
Sun_Multimodal/Train_Negative/case13_negative_img_04283.jpg,case13,This is a colonoscopy frame from a patient with no polyps.
Sun_Multimodal/Train_Negative/case5_negative_img_03113.jpg,case5,This is a colonoscopy frame from a patient with no polyps.
Sun_Multimodal/Train_Negative/case11_negative_img_03275.jpg,case11,This is a colonoscopy frame from a patient with no polyps.
Sun_Multimodal/Train_Negative/case3_negative_img_06383.jpg,case3,This is a colonoscopy frame from a patient with no polyps.
Sun_Multimodal/Train_Negative/case11_negative_img_01287.jpg,case11,This is a colonoscopy frame from a patient with no polyps.
Sun_Multimodal/Train_Negative/case6_negative_img_10340.jpg,case6,This is a colonoscopy frame from a patient with no polyps.
Sun_Multimodal/Train_Negative/case12_negative_img_00115.jpg,case12,This is a colonoscopy frame from a patient with no polyps.
Sun_Multimodal/Train_Negative/case11_negative_img_00659.jpg,case11,This is a colonoscopy frame from a patient with no polyps.
Sun_Multimodal/Train_Negative/case2_negative_img_09418.jpg,case2,This is a colonoscopy frame from a patient with no polyps.
Sun_Multimodal/Train_Negative/case11_negative_img_01019.jpg,case11,This is a colonoscopy frame from a patient with no polyps.
Sun_Multimodal/Train_Negative/case13_negative_img_02590.jpg,case13,This is a colonoscopy frame from a patient with no polyps.
Sun_Multimodal/Train_Negative/case3_negative_img_03643.jpg,case3,This is a colonoscopy frame from a patient with no polyps.
Sun_Multimodal/Train_Negative/case5_negative_img_05600.jpg,case5,This is a colonoscopy frame from a patient with no polyps.
Sun_Multimodal/Train_Negative/case8_negative_img_01388.jpg,case8,This is a colonoscopy frame from a patient with no polyps.
Sun_Multimodal/Train_Negative/case3_negative_img_00337.jpg,case3,This is a colonoscopy frame from a patient with no polyps.
Sun_Multimodal/Train_Negative/case11_negative_img_00238.jpg,case11,This is a colonoscopy frame from a patient with no polyps.
Sun_Multimodal/Train_Negative/case12_negative_img_06498.jpg,case12,This is a colonoscopy frame from a patient with no polyps.
Sun_Multimodal/Train_Negative/case5_negative_img_05517.jpg,case5,This is a colonoscopy frame from a patient with no polyps.
Sun_Multimodal/Train_Negative/case2_negative_img_03123.jpg,case2,This is a colonoscopy frame from a patient with no polyps.
Sun_Multimodal/Train_Negative/case8_negative_img_00178.jpg,case8,This is a colonoscopy frame from a patient with no polyps.
Sun_Multimodal/Train_Negative/case2_negative_img_03684.jpg,case2,This is a colonoscopy frame from a patient with no polyps.
Sun_Multimodal/Train_Negative/case13_negative_img_02687.jpg,case13,This is a colonoscopy frame from a patient with no polyps.
Sun_Multimodal/Train_Negative/case11_negative_img_03829.jpg,case11,This is a colonoscopy frame from a patient with no polyps.
Sun_Multimodal/Train_Negative/case8_negative_img_01738.jpg,case8,This is a colonoscopy frame from a patient with no polyps.
Sun_Multimodal/Train_Negative/case5_negative_img_04882.jpg,case5,This is a colonoscopy frame from a patient with no polyps.
Sun_Multimodal/Train_Negative/case13_negative_img_01035.jpg,case13,This is a colonoscopy frame from a patient with no polyps.
Sun_Multimodal/Train_Negative/case11_negative_img_04822.jpg,case11,This is a colonoscopy frame from a patient with no polyps.
Sun_Multimodal/Train_Negative/case13_negative_img_02541.jpg,case13,This is a colonoscopy frame from a patient with no polyps.
Sun_Multimodal/Train_Negative/case2_negative_img_03930.jpg,case2,This is a colonoscopy frame from a patient with no polyps.
Sun_Multimodal/Train_Negative/case11_negative_img_04796.jpg,case11,This is a colonoscopy frame from a patient with no polyps.
Sun_Multimodal/Train_Negative/case11_negative_img_00688.jpg,case11,This is a colonoscopy frame from a patient with no polyps.
Sun_Multimodal/Train_Negative/case5_negative_img_05841.jpg,case5,This is a colonoscopy frame from a patient with no polyps.
Sun_Multimodal/Train_Negative/case6_negative_img_09318.jpg,case6,This is a colonoscopy frame from a patient with no polyps.
Sun_Multimodal/Train_Negative/case12_negative_img_03233.jpg,case12,This is a colonoscopy frame from a patient with no polyps.
Sun_Multimodal/Train_Negative/case3_negative_img_02230.jpg,case3,This is a colonoscopy frame from a patient with no polyps.
Sun_Multimodal/Train_Negative/case6_negative_img_11094.jpg,case6,This is a colonoscopy frame from a patient with no polyps.
Sun_Multimodal/Train_Negative/case11_negative_img_04115.jpg,case11,This is a colonoscopy frame from a patient with no polyps.
Sun_Multimodal/Train_Negative/case6_negative_img_15999.jpg,case6,This is a colonoscopy frame from a patient with no polyps.
Sun_Multimodal/Train_Negative/case3_negative_img_01032.jpg,case3,This is a colonoscopy frame from a patient with no polyps.
Sun_Multimodal/Train_Negative/case12_negative_img_00796.jpg,case12,This is a colonoscopy frame from a patient with no polyps.
Sun_Multimodal/Train_Negative/case11_negative_img_04663.jpg,case11,This is a colonoscopy frame from a patient with no polyps.
Sun_Multimodal/Train_Negative/case5_negative_img_06631.jpg,case5,This is a colonoscopy frame from a patient with no polyps.
Sun_Multimodal/Train_Negative/case3_negative_img_03767.jpg,case3,This is a colonoscopy frame from a patient with no polyps.
Sun_Multimodal/Train_Negative/case13_negative_img_03921.jpg,case13,This is a colonoscopy frame from a patient with no polyps.
Sun_Multimodal/Train_Negative/case1_negative_img_07542.jpg,case1,This is a colonoscopy frame from a patient with no polyps.
Sun_Multimodal/Train_Negative/case8_negative_img_01979.jpg,case8,This is a colonoscopy frame from a patient with no polyps.
Sun_Multimodal/Train_Negative/case12_negative_img_01210.jpg,case12,This is a colonoscopy frame from a patient with no polyps.
Sun_Multimodal/Train_Negative/case10_negative_img_06120.jpg,case10,This is a colonoscopy frame from a patient with no polyps.
Sun_Multimodal/Train_Negative/case2_negative_img_02696.jpg,case2,This is a colonoscopy frame from a patient with no polyps.
Sun_Multimodal/Train_Negative/case13_negative_img_02772.jpg,case13,This is a colonoscopy frame from a patient with no polyps.
Sun_Multimodal/Train_Negative/case6_negative_img_05409.jpg,case6,This is a colonoscopy frame from a patient with no polyps.
Sun_Multimodal/Train_Negative/case2_negative_img_03771.jpg,case2,This is a colonoscopy frame from a patient with no polyps.
Sun_Multimodal/Train_Negative/case6_negative_img_05130.jpg,case6,This is a colonoscopy frame from a patient with no polyps.
Sun_Multimodal/Train_Negative/case13_negative_img_03879.jpg,case13,This is a colonoscopy frame from a patient with no polyps.
Sun_Multimodal/Train_Negative/case8_negative_img_02546.jpg,case8,This is a colonoscopy frame from a patient with no polyps.
Sun_Multimodal/Train_Negative/case12_negative_img_04077.jpg,case12,This is a colonoscopy frame from a patient with no polyps.
Sun_Multimodal/Train_Negative/case5_negative_img_03790.jpg,case5,This is a colonoscopy frame from a patient with no polyps.
Sun_Multimodal/Train_Negative/case1_negative_img_02725.jpg,case1,This is a colonoscopy frame from a patient with no polyps.
Sun_Multimodal/Train_Negative/case2_negative_img_07737.jpg,case2,This is a colonoscopy frame from a patient with no polyps.
Sun_Multimodal/Train_Negative/case2_negative_img_02069.jpg,case2,This is a colonoscopy frame from a patient with no polyps.
Sun_Multimodal/Train_Negative/case5_negative_img_00543.jpg,case5,This is a colonoscopy frame from a patient with no polyps.
Sun_Multimodal/Train_Negative/case1_negative_img_03165.jpg,case1,This is a colonoscopy frame from a patient with no polyps.
Sun_Multimodal/Train_Negative/case12_negative_img_01348.jpg,case12,This is a colonoscopy frame from a patient with no polyps.
Sun_Multimodal/Train_Negative/case12_negative_img_04864.jpg,case12,This is a colonoscopy frame from a patient with no polyps.
Sun_Multimodal/Train_Negative/case11_negative_img_01876.jpg,case11,This is a colonoscopy frame from a patient with no polyps.
Sun_Multimodal/Train_Negative/case10_negative_img_01073.jpg,case10,This is a colonoscopy frame from a patient with no polyps.
Sun_Multimodal/Train_Negative/case2_negative_img_05062.jpg,case2,This is a colonoscopy frame from a patient with no polyps.
Sun_Multimodal/Train_Negative/case10_negative_img_00194.jpg,case10,This is a colonoscopy frame from a patient with no polyps.
Sun_Multimodal/Train_Negative/case11_negative_img_00295.jpg,case11,This is a colonoscopy frame from a patient with no polyps.
Sun_Multimodal/Train_Negative/case3_negative_img_03528.jpg,case3,This is a colonoscopy frame from a patient with no polyps.
Sun_Multimodal/Train_Negative/case8_negative_img_01744.jpg,case8,This is a colonoscopy frame from a patient with no polyps.
Sun_Multimodal/Train_Negative/case11_negative_img_03855.jpg,case11,This is a colonoscopy frame from a patient with no polyps.
Sun_Multimodal/Train_Negative/case3_negative_img_04142.jpg,case3,This is a colonoscopy frame from a patient with no polyps.
Sun_Multimodal/Train_Negative/case12_negative_img_05141.jpg,case12,This is a colonoscopy frame from a patient with no polyps.
Sun_Multimodal/Train_Negative/case5_negative_img_00654.jpg,case5,This is a colonoscopy frame from a patient with no polyps.
Sun_Multimodal/Train_Negative/case2_negative_img_01125.jpg,case2,This is a colonoscopy frame from a patient with no polyps.
Sun_Multimodal/Train_Negative/case1_negative_img_07785.jpg,case1,This is a colonoscopy frame from a patient with no polyps.
Sun_Multimodal/Train_Negative/case12_negative_img_00130.jpg,case12,This is a colonoscopy frame from a patient with no polyps.
Sun_Multimodal/Train_Negative/case12_negative_img_01770.jpg,case12,This is a colonoscopy frame from a patient with no polyps.
Sun_Multimodal/Train_Negative/case12_negative_img_04789.jpg,case12,This is a colonoscopy frame from a patient with no polyps.
Sun_Multimodal/Train_Negative/case1_negative_img_07492.jpg,case1,This is a colonoscopy frame from a patient with no polyps.
Sun_Multimodal/Train_Negative/case12_negative_img_03753.jpg,case12,This is a colonoscopy frame from a patient with no polyps.
Sun_Multimodal/Train_Negative/case13_negative_img_00231.jpg,case13,This is a colonoscopy frame from a patient with no polyps.
Sun_Multimodal/Train_Negative/case5_negative_img_02158.jpg,case5,This is a colonoscopy frame from a patient with no polyps.
Sun_Multimodal/Train_Negative/case6_negative_img_00952.jpg,case6,This is a colonoscopy frame from a patient with no polyps.
Sun_Multimodal/Train_Negative/case5_negative_img_05532.jpg,case5,This is a colonoscopy frame from a patient with no polyps.
Sun_Multimodal/Train_Negative/case13_negative_img_03745.jpg,case13,This is a colonoscopy frame from a patient with no polyps.
Sun_Multimodal/Train_Negative/case13_negative_img_00650.jpg,case13,This is a colonoscopy frame from a patient with no polyps.
Sun_Multimodal/Train_Negative/case6_negative_img_02275.jpg,case6,This is a colonoscopy frame from a patient with no polyps.
Sun_Multimodal/Train_Negative/case1_negative_img_05001.jpg,case1,This is a colonoscopy frame from a patient with no polyps.
Sun_Multimodal/Train_Negative/case12_negative_img_01815.jpg,case12,This is a colonoscopy frame from a patient with no polyps.
Sun_Multimodal/Train_Negative/case12_negative_img_04600.jpg,case12,This is a colonoscopy frame from a patient with no polyps.
Sun_Multimodal/Train_Negative/case8_negative_img_02496.jpg,case8,This is a colonoscopy frame from a patient with no polyps.
Sun_Multimodal/Train_Negative/case13_negative_img_05437.jpg,case13,This is a colonoscopy frame from a patient with no polyps.
Sun_Multimodal/Train_Negative/case1_negative_img_02533.jpg,case1,This is a colonoscopy frame from a patient with no polyps.
Sun_Multimodal/Train_Negative/case6_negative_img_09087.jpg,case6,This is a colonoscopy frame from a patient with no polyps.
Sun_Multimodal/Train_Negative/case8_negative_img_00816.jpg,case8,This is a colonoscopy frame from a patient with no polyps.
Sun_Multimodal/Train_Negative/case11_negative_img_00841.jpg,case11,This is a colonoscopy frame from a patient with no polyps.
Sun_Multimodal/Train_Negative/case2_negative_img_08032.jpg,case2,This is a colonoscopy frame from a patient with no polyps.
Sun_Multimodal/Train_Negative/case11_negative_img_03281.jpg,case11,This is a colonoscopy frame from a patient with no polyps.
Sun_Multimodal/Train_Negative/case5_negative_img_01906.jpg,case5,This is a colonoscopy frame from a patient with no polyps.
Sun_Multimodal/Train_Negative/case11_negative_img_03250.jpg,case11,This is a colonoscopy frame from a patient with no polyps.
Sun_Multimodal/Train_Negative/case2_negative_img_03728.jpg,case2,This is a colonoscopy frame from a patient with no polyps.
Sun_Multimodal/Train_Negative/case12_negative_img_04517.jpg,case12,This is a colonoscopy frame from a patient with no polyps.
Sun_Multimodal/Train_Negative/case6_negative_img_07305.jpg,case6,This is a colonoscopy frame from a patient with no polyps.
Sun_Multimodal/Train_Negative/case2_negative_img_04723.jpg,case2,This is a colonoscopy frame from a patient with no polyps.
Sun_Multimodal/Train_Negative/case10_negative_img_00095.jpg,case10,This is a colonoscopy frame from a patient with no polyps.
Sun_Multimodal/Train_Negative/case3_negative_img_04735.jpg,case3,This is a colonoscopy frame from a patient with no polyps.
Sun_Multimodal/Train_Negative/case10_negative_img_00886.jpg,case10,This is a colonoscopy frame from a patient with no polyps.
Sun_Multimodal/Train_Negative/case11_negative_img_02534.jpg,case11,This is a colonoscopy frame from a patient with no polyps.
Sun_Multimodal/Train_Negative/case1_negative_img_03140.jpg,case1,This is a colonoscopy frame from a patient with no polyps.
Sun_Multimodal/Train_Negative/case5_negative_img_00914.jpg,case5,This is a colonoscopy frame from a patient with no polyps.
Sun_Multimodal/Train_Negative/case6_negative_img_11138.jpg,case6,This is a colonoscopy frame from a patient with no polyps.
Sun_Multimodal/Train_Negative/case3_negative_img_05430.jpg,case3,This is a colonoscopy frame from a patient with no polyps.
Sun_Multimodal/Train_Negative/case6_negative_img_07586.jpg,case6,This is a colonoscopy frame from a patient with no polyps.
Sun_Multimodal/Train_Negative/case1_negative_img_07398.jpg,case1,This is a colonoscopy frame from a patient with no polyps.
Sun_Multimodal/Train_Negative/case5_negative_img_01747.jpg,case5,This is a colonoscopy frame from a patient with no polyps.
Sun_Multimodal/Train_Negative/case5_negative_img_03764.jpg,case5,This is a colonoscopy frame from a patient with no polyps.
Sun_Multimodal/Train_Negative/case2_negative_img_09337.jpg,case2,This is a colonoscopy frame from a patient with no polyps.
Sun_Multimodal/Train_Negative/case12_negative_img_06071.jpg,case12,This is a colonoscopy frame from a patient with no polyps.
Sun_Multimodal/Train_Negative/case5_negative_img_01031.jpg,case5,This is a colonoscopy frame from a patient with no polyps.
Sun_Multimodal/Train_Negative/case10_negative_img_02254.jpg,case10,This is a colonoscopy frame from a patient with no polyps.
Sun_Multimodal/Train_Negative/case8_negative_img_00540.jpg,case8,This is a colonoscopy frame from a patient with no polyps.
Sun_Multimodal/Train_Negative/case1_negative_img_03982.jpg,case1,This is a colonoscopy frame from a patient with no polyps.
Sun_Multimodal/Train_Negative/case12_negative_img_05977.jpg,case12,This is a colonoscopy frame from a patient with no polyps.
Sun_Multimodal/Train_Negative/case2_negative_img_08116.jpg,case2,This is a colonoscopy frame from a patient with no polyps.
Sun_Multimodal/Train_Negative/case3_negative_img_04974.jpg,case3,This is a colonoscopy frame from a patient with no polyps.
Sun_Multimodal/Train_Negative/case10_negative_img_00160.jpg,case10,This is a colonoscopy frame from a patient with no polyps.
Sun_Multimodal/Train_Negative/case1_negative_img_00723.jpg,case1,This is a colonoscopy frame from a patient with no polyps.
Sun_Multimodal/Train_Negative/case11_negative_img_04409.jpg,case11,This is a colonoscopy frame from a patient with no polyps.
Sun_Multimodal/Train_Negative/case13_negative_img_04095.jpg,case13,This is a colonoscopy frame from a patient with no polyps.
Sun_Multimodal/Train_Negative/case6_negative_img_09265.jpg,case6,This is a colonoscopy frame from a patient with no polyps.
Sun_Multimodal/Train_Negative/case8_negative_img_01761.jpg,case8,This is a colonoscopy frame from a patient with no polyps.
Sun_Multimodal/Train_Negative/case2_negative_img_03831.jpg,case2,This is a colonoscopy frame from a patient with no polyps.
Sun_Multimodal/Train_Negative/case1_negative_img_01828.jpg,case1,This is a colonoscopy frame from a patient with no polyps.
Sun_Multimodal/Train_Negative/case10_negative_img_00459.jpg,case10,This is a colonoscopy frame from a patient with no polyps.
Sun_Multimodal/Train_Negative/case2_negative_img_01316.jpg,case2,This is a colonoscopy frame from a patient with no polyps.
Sun_Multimodal/Train_Negative/case1_negative_img_08702.jpg,case1,This is a colonoscopy frame from a patient with no polyps.
Sun_Multimodal/Train_Negative/case13_negative_img_01134.jpg,case13,This is a colonoscopy frame from a patient with no polyps.
Sun_Multimodal/Train_Negative/case3_negative_img_00932.jpg,case3,This is a colonoscopy frame from a patient with no polyps.
Sun_Multimodal/Train_Negative/case3_negative_img_00540.jpg,case3,This is a colonoscopy frame from a patient with no polyps.
Sun_Multimodal/Train_Negative/case3_negative_img_00591.jpg,case3,This is a colonoscopy frame from a patient with no polyps.
Sun_Multimodal/Train_Negative/case6_negative_img_11060.jpg,case6,This is a colonoscopy frame from a patient with no polyps.
Sun_Multimodal/Train_Negative/case12_negative_img_04919.jpg,case12,This is a colonoscopy frame from a patient with no polyps.
Sun_Multimodal/Train_Negative/case1_negative_img_04013.jpg,case1,This is a colonoscopy frame from a patient with no polyps.
Sun_Multimodal/Train_Negative/case5_negative_img_04520.jpg,case5,This is a colonoscopy frame from a patient with no polyps.
Sun_Multimodal/Train_Negative/case1_negative_img_06746.jpg,case1,This is a colonoscopy frame from a patient with no polyps.
Sun_Multimodal/Train_Negative/case13_negative_img_02336.jpg,case13,This is a colonoscopy frame from a patient with no polyps.
Sun_Multimodal/Train_Negative/case2_negative_img_06819.jpg,case2,This is a colonoscopy frame from a patient with no polyps.
Sun_Multimodal/Train_Negative/case5_negative_img_04141.jpg,case5,This is a colonoscopy frame from a patient with no polyps.
Sun_Multimodal/Train_Negative/case13_negative_img_06228.jpg,case13,This is a colonoscopy frame from a patient with no polyps.
Sun_Multimodal/Train_Negative/case5_negative_img_00913.jpg,case5,This is a colonoscopy frame from a patient with no polyps.
Sun_Multimodal/Train_Negative/case13_negative_img_03048.jpg,case13,This is a colonoscopy frame from a patient with no polyps.
Sun_Multimodal/Train_Negative/case6_negative_img_16693.jpg,case6,This is a colonoscopy frame from a patient with no polyps.
Sun_Multimodal/Train_Negative/case11_negative_img_03373.jpg,case11,This is a colonoscopy frame from a patient with no polyps.
Sun_Multimodal/Train_Negative/case11_negative_img_01426.jpg,case11,This is a colonoscopy frame from a patient with no polyps.
Sun_Multimodal/Train_Negative/case3_negative_img_05437.jpg,case3,This is a colonoscopy frame from a patient with no polyps.
Sun_Multimodal/Train_Negative/case2_negative_img_05040.jpg,case2,This is a colonoscopy frame from a patient with no polyps.
Sun_Multimodal/Train_Negative/case10_negative_img_06849.jpg,case10,This is a colonoscopy frame from a patient with no polyps.
Sun_Multimodal/Train_Negative/case8_negative_img_01471.jpg,case8,This is a colonoscopy frame from a patient with no polyps.
Sun_Multimodal/Train_Negative/case8_negative_img_00231.jpg,case8,This is a colonoscopy frame from a patient with no polyps.
Sun_Multimodal/Train_Negative/case10_negative_img_02282.jpg,case10,This is a colonoscopy frame from a patient with no polyps.
Sun_Multimodal/Train_Negative/case13_negative_img_04422.jpg,case13,This is a colonoscopy frame from a patient with no polyps.
Sun_Multimodal/Train_Negative/case11_negative_img_00607.jpg,case11,This is a colonoscopy frame from a patient with no polyps.
Sun_Multimodal/Train_Negative/case2_negative_img_05882.jpg,case2,This is a colonoscopy frame from a patient with no polyps.
Sun_Multimodal/Train_Negative/case6_negative_img_14904.jpg,case6,This is a colonoscopy frame from a patient with no polyps.
Sun_Multimodal/Train_Negative/case1_negative_img_00345.jpg,case1,This is a colonoscopy frame from a patient with no polyps.
Sun_Multimodal/Train_Negative/case10_negative_img_04418.jpg,case10,This is a colonoscopy frame from a patient with no polyps.
Sun_Multimodal/Train_Negative/case3_negative_img_06635.jpg,case3,This is a colonoscopy frame from a patient with no polyps.
Sun_Multimodal/Train_Negative/case1_negative_img_01164.jpg,case1,This is a colonoscopy frame from a patient with no polyps.
Sun_Multimodal/Train_Negative/case12_negative_img_06417.jpg,case12,This is a colonoscopy frame from a patient with no polyps.
Sun_Multimodal/Train_Negative/case11_negative_img_03877.jpg,case11,This is a colonoscopy frame from a patient with no polyps.
Sun_Multimodal/Train_Negative/case2_negative_img_06623.jpg,case2,This is a colonoscopy frame from a patient with no polyps.
Sun_Multimodal/Train_Negative/case8_negative_img_00126.jpg,case8,This is a colonoscopy frame from a patient with no polyps.
Sun_Multimodal/Train_Negative/case13_negative_img_02835.jpg,case13,This is a colonoscopy frame from a patient with no polyps.
Sun_Multimodal/Train_Negative/case1_negative_img_02548.jpg,case1,This is a colonoscopy frame from a patient with no polyps.
Sun_Multimodal/Train_Negative/case3_negative_img_01766.jpg,case3,This is a colonoscopy frame from a patient with no polyps.
Sun_Multimodal/Train_Negative/case5_negative_img_07725.jpg,case5,This is a colonoscopy frame from a patient with no polyps.
Sun_Multimodal/Train_Negative/case12_negative_img_01682.jpg,case12,This is a colonoscopy frame from a patient with no polyps.
Sun_Multimodal/Train_Negative/case10_negative_img_04932.jpg,case10,This is a colonoscopy frame from a patient with no polyps.
Sun_Multimodal/Train_Negative/case1_negative_img_05931.jpg,case1,This is a colonoscopy frame from a patient with no polyps.
Sun_Multimodal/Train_Negative/case12_negative_img_01125.jpg,case12,This is a colonoscopy frame from a patient with no polyps.
Sun_Multimodal/Train_Negative/case10_negative_img_07034.jpg,case10,This is a colonoscopy frame from a patient with no polyps.
Sun_Multimodal/Train_Negative/case12_negative_img_02451.jpg,case12,This is a colonoscopy frame from a patient with no polyps.
Sun_Multimodal/Train_Negative/case11_negative_img_01208.jpg,case11,This is a colonoscopy frame from a patient with no polyps.
Sun_Multimodal/Train_Negative/case3_negative_img_00935.jpg,case3,This is a colonoscopy frame from a patient with no polyps.
Sun_Multimodal/Train_Negative/case6_negative_img_02387.jpg,case6,This is a colonoscopy frame from a patient with no polyps.
Sun_Multimodal/Train_Negative/case2_negative_img_00646.jpg,case2,This is a colonoscopy frame from a patient with no polyps.
Sun_Multimodal/Train_Negative/case5_negative_img_04955.jpg,case5,This is a colonoscopy frame from a patient with no polyps.
Sun_Multimodal/Train_Negative/case5_negative_img_04527.jpg,case5,This is a colonoscopy frame from a patient with no polyps.
Sun_Multimodal/Train_Negative/case6_negative_img_02041.jpg,case6,This is a colonoscopy frame from a patient with no polyps.
Sun_Multimodal/Train_Negative/case6_negative_img_15518.jpg,case6,This is a colonoscopy frame from a patient with no polyps.
Sun_Multimodal/Train_Negative/case2_negative_img_01122.jpg,case2,This is a colonoscopy frame from a patient with no polyps.
Sun_Multimodal/Train_Negative/case3_negative_img_01555.jpg,case3,This is a colonoscopy frame from a patient with no polyps.
Sun_Multimodal/Train_Negative/case5_negative_img_05996.jpg,case5,This is a colonoscopy frame from a patient with no polyps.
Sun_Multimodal/Train_Negative/case5_negative_img_05243.jpg,case5,This is a colonoscopy frame from a patient with no polyps.
Sun_Multimodal/Train_Negative/case5_negative_img_04871.jpg,case5,This is a colonoscopy frame from a patient with no polyps.
Sun_Multimodal/Train_Negative/case11_negative_img_04765.jpg,case11,This is a colonoscopy frame from a patient with no polyps.
Sun_Multimodal/Train_Negative/case1_negative_img_05311.jpg,case1,This is a colonoscopy frame from a patient with no polyps.
Sun_Multimodal/Train_Negative/case13_negative_img_00540.jpg,case13,This is a colonoscopy frame from a patient with no polyps.
Sun_Multimodal/Train_Negative/case6_negative_img_01070.jpg,case6,This is a colonoscopy frame from a patient with no polyps.
Sun_Multimodal/Train_Negative/case8_negative_img_00998.jpg,case8,This is a colonoscopy frame from a patient with no polyps.
Sun_Multimodal/Train_Negative/case11_negative_img_02658.jpg,case11,This is a colonoscopy frame from a patient with no polyps.
Sun_Multimodal/Train_Negative/case2_negative_img_01592.jpg,case2,This is a colonoscopy frame from a patient with no polyps.
Sun_Multimodal/Train_Negative/case2_negative_img_00475.jpg,case2,This is a colonoscopy frame from a patient with no polyps.
Sun_Multimodal/Train_Negative/case12_negative_img_01001.jpg,case12,This is a colonoscopy frame from a patient with no polyps.
Sun_Multimodal/Train_Negative/case1_negative_img_07753.jpg,case1,This is a colonoscopy frame from a patient with no polyps.
Sun_Multimodal/Train_Negative/case3_negative_img_06228.jpg,case3,This is a colonoscopy frame from a patient with no polyps.
Sun_Multimodal/Train_Negative/case1_negative_img_00758.jpg,case1,This is a colonoscopy frame from a patient with no polyps.
Sun_Multimodal/Train_Negative/case1_negative_img_08318.jpg,case1,This is a colonoscopy frame from a patient with no polyps.
Sun_Multimodal/Train_Negative/case5_negative_img_02007.jpg,case5,This is a colonoscopy frame from a patient with no polyps.
Sun_Multimodal/Train_Negative/case8_negative_img_02491.jpg,case8,This is a colonoscopy frame from a patient with no polyps.
Sun_Multimodal/Train_Negative/case2_negative_img_05273.jpg,case2,This is a colonoscopy frame from a patient with no polyps.
Sun_Multimodal/Train_Negative/case11_negative_img_01615.jpg,case11,This is a colonoscopy frame from a patient with no polyps.
Sun_Multimodal/Train_Negative/case8_negative_img_01584.jpg,case8,This is a colonoscopy frame from a patient with no polyps.
Sun_Multimodal/Train_Negative/case6_negative_img_03918.jpg,case6,This is a colonoscopy frame from a patient with no polyps.
Sun_Multimodal/Train_Negative/case3_negative_img_05265.jpg,case3,This is a colonoscopy frame from a patient with no polyps.
Sun_Multimodal/Train_Negative/case2_negative_img_04052.jpg,case2,This is a colonoscopy frame from a patient with no polyps.
Sun_Multimodal/Train_Negative/case2_negative_img_08792.jpg,case2,This is a colonoscopy frame from a patient with no polyps.
Sun_Multimodal/Train_Negative/case11_negative_img_03953.jpg,case11,This is a colonoscopy frame from a patient with no polyps.
Sun_Multimodal/Train_Negative/case8_negative_img_01642.jpg,case8,This is a colonoscopy frame from a patient with no polyps.
Sun_Multimodal/Train_Negative/case13_negative_img_06144.jpg,case13,This is a colonoscopy frame from a patient with no polyps.
Sun_Multimodal/Train_Negative/case11_negative_img_02361.jpg,case11,This is a colonoscopy frame from a patient with no polyps.
Sun_Multimodal/Train_Negative/case10_negative_img_02060.jpg,case10,This is a colonoscopy frame from a patient with no polyps.
Sun_Multimodal/Train_Negative/case2_negative_img_07196.jpg,case2,This is a colonoscopy frame from a patient with no polyps.
Sun_Multimodal/Train_Negative/case6_negative_img_16010.jpg,case6,This is a colonoscopy frame from a patient with no polyps.
Sun_Multimodal/Train_Negative/case10_negative_img_03620.jpg,case10,This is a colonoscopy frame from a patient with no polyps.
Sun_Multimodal/Train_Negative/case11_negative_img_03257.jpg,case11,This is a colonoscopy frame from a patient with no polyps.
Sun_Multimodal/Train_Negative/case2_negative_img_08743.jpg,case2,This is a colonoscopy frame from a patient with no polyps.
Sun_Multimodal/Train_Negative/case11_negative_img_03191.jpg,case11,This is a colonoscopy frame from a patient with no polyps.
Sun_Multimodal/Train_Negative/case1_negative_img_06889.jpg,case1,This is a colonoscopy frame from a patient with no polyps.
Sun_Multimodal/Train_Negative/case8_negative_img_00315.jpg,case8,This is a colonoscopy frame from a patient with no polyps.
Sun_Multimodal/Train_Negative/case1_negative_img_00965.jpg,case1,This is a colonoscopy frame from a patient with no polyps.
Sun_Multimodal/Train_Negative/case13_negative_img_04506.jpg,case13,This is a colonoscopy frame from a patient with no polyps.
Sun_Multimodal/Train_Negative/case11_negative_img_00084.jpg,case11,This is a colonoscopy frame from a patient with no polyps.
Sun_Multimodal/Train_Negative/case11_negative_img_04376.jpg,case11,This is a colonoscopy frame from a patient with no polyps.
Sun_Multimodal/Train_Negative/case12_negative_img_00956.jpg,case12,This is a colonoscopy frame from a patient with no polyps.
Sun_Multimodal/Train_Negative/case11_negative_img_00268.jpg,case11,This is a colonoscopy frame from a patient with no polyps.
Sun_Multimodal/Train_Negative/case5_negative_img_07564.jpg,case5,This is a colonoscopy frame from a patient with no polyps.
Sun_Multimodal/Train_Negative/case10_negative_img_05141.jpg,case10,This is a colonoscopy frame from a patient with no polyps.
Sun_Multimodal/Train_Negative/case3_negative_img_01146.jpg,case3,This is a colonoscopy frame from a patient with no polyps.
Sun_Multimodal/Train_Negative/case1_negative_img_08936.jpg,case1,This is a colonoscopy frame from a patient with no polyps.
Sun_Multimodal/Train_Negative/case13_negative_img_00532.jpg,case13,This is a colonoscopy frame from a patient with no polyps.
Sun_Multimodal/Train_Negative/case6_negative_img_07649.jpg,case6,This is a colonoscopy frame from a patient with no polyps.
Sun_Multimodal/Train_Negative/case11_negative_img_04717.jpg,case11,This is a colonoscopy frame from a patient with no polyps.
Sun_Multimodal/Train_Negative/case1_negative_img_06276.jpg,case1,This is a colonoscopy frame from a patient with no polyps.
Sun_Multimodal/Train_Negative/case2_negative_img_03264.jpg,case2,This is a colonoscopy frame from a patient with no polyps.
Sun_Multimodal/Train_Negative/case1_negative_img_03528.jpg,case1,This is a colonoscopy frame from a patient with no polyps.
Sun_Multimodal/Train_Negative/case6_negative_img_16929.jpg,case6,This is a colonoscopy frame from a patient with no polyps.
Sun_Multimodal/Train_Negative/case12_negative_img_03726.jpg,case12,This is a colonoscopy frame from a patient with no polyps.
Sun_Multimodal/Train_Negative/case10_negative_img_02988.jpg,case10,This is a colonoscopy frame from a patient with no polyps.
Sun_Multimodal/Train_Negative/case13_negative_img_02511.jpg,case13,This is a colonoscopy frame from a patient with no polyps.
Sun_Multimodal/Train_Negative/case10_negative_img_04416.jpg,case10,This is a colonoscopy frame from a patient with no polyps.
Sun_Multimodal/Train_Negative/case6_negative_img_02661.jpg,case6,This is a colonoscopy frame from a patient with no polyps.
Sun_Multimodal/Train_Negative/case8_negative_img_00128.jpg,case8,This is a colonoscopy frame from a patient with no polyps.
Sun_Multimodal/Train_Negative/case10_negative_img_06722.jpg,case10,This is a colonoscopy frame from a patient with no polyps.
Sun_Multimodal/Train_Negative/case6_negative_img_10007.jpg,case6,This is a colonoscopy frame from a patient with no polyps.
Sun_Multimodal/Train_Negative/case2_negative_img_01626.jpg,case2,This is a colonoscopy frame from a patient with no polyps.
Sun_Multimodal/Train_Negative/case12_negative_img_00252.jpg,case12,This is a colonoscopy frame from a patient with no polyps.
Sun_Multimodal/Train_Negative/case3_negative_img_01251.jpg,case3,This is a colonoscopy frame from a patient with no polyps.
Sun_Multimodal/Train_Negative/case10_negative_img_01729.jpg,case10,This is a colonoscopy frame from a patient with no polyps.
Sun_Multimodal/Train_Negative/case3_negative_img_04036.jpg,case3,This is a colonoscopy frame from a patient with no polyps.
Sun_Multimodal/Train_Negative/case12_negative_img_06120.jpg,case12,This is a colonoscopy frame from a patient with no polyps.
Sun_Multimodal/Train_Negative/case2_negative_img_04787.jpg,case2,This is a colonoscopy frame from a patient with no polyps.
Sun_Multimodal/Train_Negative/case6_negative_img_15601.jpg,case6,This is a colonoscopy frame from a patient with no polyps.
Sun_Multimodal/Train_Negative/case3_negative_img_04825.jpg,case3,This is a colonoscopy frame from a patient with no polyps.
Sun_Multimodal/Train_Negative/case6_negative_img_06246.jpg,case6,This is a colonoscopy frame from a patient with no polyps.
Sun_Multimodal/Train_Negative/case8_negative_img_01146.jpg,case8,This is a colonoscopy frame from a patient with no polyps.
Sun_Multimodal/Train_Negative/case11_negative_img_02817.jpg,case11,This is a colonoscopy frame from a patient with no polyps.
Sun_Multimodal/Train_Negative/case12_negative_img_04910.jpg,case12,This is a colonoscopy frame from a patient with no polyps.
Sun_Multimodal/Train_Negative/case11_negative_img_01570.jpg,case11,This is a colonoscopy frame from a patient with no polyps.
Sun_Multimodal/Train_Negative/case11_negative_img_00330.jpg,case11,This is a colonoscopy frame from a patient with no polyps.
Sun_Multimodal/Train_Negative/case1_negative_img_01744.jpg,case1,This is a colonoscopy frame from a patient with no polyps.
Sun_Multimodal/Train_Negative/case6_negative_img_09784.jpg,case6,This is a colonoscopy frame from a patient with no polyps.
Sun_Multimodal/Train_Negative/case8_negative_img_01527.jpg,case8,This is a colonoscopy frame from a patient with no polyps.
Sun_Multimodal/Train_Negative/case8_negative_img_01280.jpg,case8,This is a colonoscopy frame from a patient with no polyps.
Sun_Multimodal/Train_Negative/case1_negative_img_04809.jpg,case1,This is a colonoscopy frame from a patient with no polyps.
Sun_Multimodal/Train_Negative/case10_negative_img_00326.jpg,case10,This is a colonoscopy frame from a patient with no polyps.
Sun_Multimodal/Train_Negative/case8_negative_img_02395.jpg,case8,This is a colonoscopy frame from a patient with no polyps.
Sun_Multimodal/Train_Negative/case10_negative_img_00481.jpg,case10,This is a colonoscopy frame from a patient with no polyps.
Sun_Multimodal/Train_Negative/case13_negative_img_05493.jpg,case13,This is a colonoscopy frame from a patient with no polyps.
Sun_Multimodal/Train_Negative/case1_negative_img_00917.jpg,case1,This is a colonoscopy frame from a patient with no polyps.
Sun_Multimodal/Train_Negative/case2_negative_img_05577.jpg,case2,This is a colonoscopy frame from a patient with no polyps.
Sun_Multimodal/Train_Negative/case2_negative_img_00229.jpg,case2,This is a colonoscopy frame from a patient with no polyps.
Sun_Multimodal/Train_Negative/case5_negative_img_01886.jpg,case5,This is a colonoscopy frame from a patient with no polyps.
Sun_Multimodal/Train_Negative/case10_negative_img_06028.jpg,case10,This is a colonoscopy frame from a patient with no polyps.
Sun_Multimodal/Train_Negative/case5_negative_img_01353.jpg,case5,This is a colonoscopy frame from a patient with no polyps.
Sun_Multimodal/Train_Negative/case10_negative_img_01784.jpg,case10,This is a colonoscopy frame from a patient with no polyps.
Sun_Multimodal/Train_Negative/case10_negative_img_01023.jpg,case10,This is a colonoscopy frame from a patient with no polyps.
Sun_Multimodal/Train_Negative/case13_negative_img_00688.jpg,case13,This is a colonoscopy frame from a patient with no polyps.
Sun_Multimodal/Train_Negative/case3_negative_img_04205.jpg,case3,This is a colonoscopy frame from a patient with no polyps.
Sun_Multimodal/Train_Negative/case12_negative_img_05206.jpg,case12,This is a colonoscopy frame from a patient with no polyps.
Sun_Multimodal/Train_Negative/case13_negative_img_03829.jpg,case13,This is a colonoscopy frame from a patient with no polyps.
Sun_Multimodal/Train_Negative/case1_negative_img_01201.jpg,case1,This is a colonoscopy frame from a patient with no polyps.
Sun_Multimodal/Train_Negative/case1_negative_img_00833.jpg,case1,This is a colonoscopy frame from a patient with no polyps.
Sun_Multimodal/Train_Negative/case11_negative_img_01035.jpg,case11,This is a colonoscopy frame from a patient with no polyps.
Sun_Multimodal/Train_Negative/case2_negative_img_09434.jpg,case2,This is a colonoscopy frame from a patient with no polyps.
Sun_Multimodal/Train_Negative/case6_negative_img_07143.jpg,case6,This is a colonoscopy frame from a patient with no polyps.
Sun_Multimodal/Train_Negative/case13_negative_img_05566.jpg,case13,This is a colonoscopy frame from a patient with no polyps.
Sun_Multimodal/Train_Negative/case3_negative_img_07007.jpg,case3,This is a colonoscopy frame from a patient with no polyps.
Sun_Multimodal/Train_Negative/case3_negative_img_05333.jpg,case3,This is a colonoscopy frame from a patient with no polyps.
Sun_Multimodal/Train_Negative/case3_negative_img_03578.jpg,case3,This is a colonoscopy frame from a patient with no polyps.
Sun_Multimodal/Train_Negative/case13_negative_img_02847.jpg,case13,This is a colonoscopy frame from a patient with no polyps.
Sun_Multimodal/Train_Negative/case3_negative_img_00154.jpg,case3,This is a colonoscopy frame from a patient with no polyps.
Sun_Multimodal/Train_Negative/case11_negative_img_04145.jpg,case11,This is a colonoscopy frame from a patient with no polyps.
Sun_Multimodal/Train_Negative/case5_negative_img_07757.jpg,case5,This is a colonoscopy frame from a patient with no polyps.
Sun_Multimodal/Train_Negative/case3_negative_img_04859.jpg,case3,This is a colonoscopy frame from a patient with no polyps.
Sun_Multimodal/Train_Negative/case12_negative_img_01944.jpg,case12,This is a colonoscopy frame from a patient with no polyps.
Sun_Multimodal/Train_Negative/case1_negative_img_05181.jpg,case1,This is a colonoscopy frame from a patient with no polyps.
Sun_Multimodal/Train_Negative/case6_negative_img_11015.jpg,case6,This is a colonoscopy frame from a patient with no polyps.
Sun_Multimodal/Train_Negative/case11_negative_img_04252.jpg,case11,This is a colonoscopy frame from a patient with no polyps.
Sun_Multimodal/Train_Negative/case6_negative_img_02452.jpg,case6,This is a colonoscopy frame from a patient with no polyps.
Sun_Multimodal/Train_Negative/case5_negative_img_07440.jpg,case5,This is a colonoscopy frame from a patient with no polyps.
Sun_Multimodal/Train_Negative/case1_negative_img_04066.jpg,case1,This is a colonoscopy frame from a patient with no polyps.
Sun_Multimodal/Train_Negative/case10_negative_img_04991.jpg,case10,This is a colonoscopy frame from a patient with no polyps.
Sun_Multimodal/Train_Negative/case12_negative_img_01186.jpg,case12,This is a colonoscopy frame from a patient with no polyps.
Sun_Multimodal/Train_Negative/case11_negative_img_02546.jpg,case11,This is a colonoscopy frame from a patient with no polyps.
Sun_Multimodal/Train_Negative/case10_negative_img_03771.jpg,case10,This is a colonoscopy frame from a patient with no polyps.
Sun_Multimodal/Train_Negative/case13_negative_img_05676.jpg,case13,This is a colonoscopy frame from a patient with no polyps.
Sun_Multimodal/Train_Negative/case5_negative_img_03873.jpg,case5,This is a colonoscopy frame from a patient with no polyps.
Sun_Multimodal/Train_Negative/case11_negative_img_03767.jpg,case11,This is a colonoscopy frame from a patient with no polyps.
Sun_Multimodal/Train_Negative/case5_negative_img_03060.jpg,case5,This is a colonoscopy frame from a patient with no polyps.
Sun_Multimodal/Train_Negative/case10_negative_img_00205.jpg,case10,This is a colonoscopy frame from a patient with no polyps.
Sun_Multimodal/Train_Negative/case1_negative_img_04558.jpg,case1,This is a colonoscopy frame from a patient with no polyps.
Sun_Multimodal/Train_Negative/case11_negative_img_00104.jpg,case11,This is a colonoscopy frame from a patient with no polyps.
Sun_Multimodal/Train_Negative/case6_negative_img_14503.jpg,case6,This is a colonoscopy frame from a patient with no polyps.
Sun_Multimodal/Train_Negative/case13_negative_img_04321.jpg,case13,This is a colonoscopy frame from a patient with no polyps.
Sun_Multimodal/Train_Negative/case10_negative_img_01333.jpg,case10,This is a colonoscopy frame from a patient with no polyps.
Sun_Multimodal/Train_Negative/case10_negative_img_03466.jpg,case10,This is a colonoscopy frame from a patient with no polyps.
Sun_Multimodal/Train_Negative/case3_negative_img_05493.jpg,case3,This is a colonoscopy frame from a patient with no polyps.
Sun_Multimodal/Train_Negative/case11_negative_img_04809.jpg,case11,This is a colonoscopy frame from a patient with no polyps.
Sun_Multimodal/Train_Negative/case10_negative_img_01752.jpg,case10,This is a colonoscopy frame from a patient with no polyps.
Sun_Multimodal/Train_Negative/case1_negative_img_00751.jpg,case1,This is a colonoscopy frame from a patient with no polyps.
Sun_Multimodal/Train_Negative/case2_negative_img_04103.jpg,case2,This is a colonoscopy frame from a patient with no polyps.
Sun_Multimodal/Train_Negative/case11_negative_img_00565.jpg,case11,This is a colonoscopy frame from a patient with no polyps.
Sun_Multimodal/Train_Negative/case8_negative_img_00153.jpg,case8,This is a colonoscopy frame from a patient with no polyps.
Sun_Multimodal/Train_Negative/case6_negative_img_05270.jpg,case6,This is a colonoscopy frame from a patient with no polyps.
Sun_Multimodal/Train_Negative/case10_negative_img_03299.jpg,case10,This is a colonoscopy frame from a patient with no polyps.
Sun_Multimodal/Train_Negative/case8_negative_img_02498.jpg,case8,This is a colonoscopy frame from a patient with no polyps.
Sun_Multimodal/Train_Negative/case6_negative_img_10545.jpg,case6,This is a colonoscopy frame from a patient with no polyps.
Sun_Multimodal/Train_Negative/case2_negative_img_04848.jpg,case2,This is a colonoscopy frame from a patient with no polyps.
Sun_Multimodal/Train_Negative/case2_negative_img_00283.jpg,case2,This is a colonoscopy frame from a patient with no polyps.
Sun_Multimodal/Train_Negative/case5_negative_img_01908.jpg,case5,This is a colonoscopy frame from a patient with no polyps.
Sun_Multimodal/Train_Negative/case12_negative_img_02424.jpg,case12,This is a colonoscopy frame from a patient with no polyps.
Sun_Multimodal/Train_Negative/case13_negative_img_02053.jpg,case13,This is a colonoscopy frame from a patient with no polyps.
Sun_Multimodal/Train_Negative/case1_negative_img_08006.jpg,case1,This is a colonoscopy frame from a patient with no polyps.
Sun_Multimodal/Train_Negative/case13_negative_img_01197.jpg,case13,This is a colonoscopy frame from a patient with no polyps.
Sun_Multimodal/Train_Negative/case6_negative_img_09439.jpg,case6,This is a colonoscopy frame from a patient with no polyps.
Sun_Multimodal/Train_Negative/case12_negative_img_02887.jpg,case12,This is a colonoscopy frame from a patient with no polyps.
Sun_Multimodal/Train_Negative/case2_negative_img_02166.jpg,case2,This is a colonoscopy frame from a patient with no polyps.
Sun_Multimodal/Train_Negative/case2_negative_img_00252.jpg,case2,This is a colonoscopy frame from a patient with no polyps.
Sun_Multimodal/Train_Negative/case12_negative_img_04178.jpg,case12,This is a colonoscopy frame from a patient with no polyps.
Sun_Multimodal/Train_Negative/case2_negative_img_00987.jpg,case2,This is a colonoscopy frame from a patient with no polyps.
Sun_Multimodal/Train_Negative/case3_negative_img_01065.jpg,case3,This is a colonoscopy frame from a patient with no polyps.
Sun_Multimodal/Train_Negative/case6_negative_img_10594.jpg,case6,This is a colonoscopy frame from a patient with no polyps.
Sun_Multimodal/Train_Negative/case10_negative_img_06516.jpg,case10,This is a colonoscopy frame from a patient with no polyps.
Sun_Multimodal/Train_Negative/case2_negative_img_02507.jpg,case2,This is a colonoscopy frame from a patient with no polyps.
Sun_Multimodal/Train_Negative/case13_negative_img_02344.jpg,case13,This is a colonoscopy frame from a patient with no polyps.
Sun_Multimodal/Train_Negative/case1_negative_img_03879.jpg,case1,This is a colonoscopy frame from a patient with no polyps.
Sun_Multimodal/Train_Negative/case12_negative_img_02733.jpg,case12,This is a colonoscopy frame from a patient with no polyps.
Sun_Multimodal/Train_Negative/case13_negative_img_02891.jpg,case13,This is a colonoscopy frame from a patient with no polyps.
Sun_Multimodal/Train_Negative/case12_negative_img_02094.jpg,case12,This is a colonoscopy frame from a patient with no polyps.
Sun_Multimodal/Train_Negative/case10_negative_img_00618.jpg,case10,This is a colonoscopy frame from a patient with no polyps.
Sun_Multimodal/Train_Negative/case13_negative_img_03041.jpg,case13,This is a colonoscopy frame from a patient with no polyps.
Sun_Multimodal/Train_Negative/case12_negative_img_06709.jpg,case12,This is a colonoscopy frame from a patient with no polyps.
Sun_Multimodal/Train_Negative/case3_negative_img_02054.jpg,case3,This is a colonoscopy frame from a patient with no polyps.
Sun_Multimodal/Train_Negative/case13_negative_img_03852.jpg,case13,This is a colonoscopy frame from a patient with no polyps.
Sun_Multimodal/Train_Negative/case10_negative_img_06432.jpg,case10,This is a colonoscopy frame from a patient with no polyps.
Sun_Multimodal/Train_Negative/case6_negative_img_12493.jpg,case6,This is a colonoscopy frame from a patient with no polyps.
Sun_Multimodal/Train_Negative/case1_negative_img_03259.jpg,case1,This is a colonoscopy frame from a patient with no polyps.
Sun_Multimodal/Train_Negative/case5_negative_img_07674.jpg,case5,This is a colonoscopy frame from a patient with no polyps.
Sun_Multimodal/Train_Negative/case10_negative_img_05251.jpg,case10,This is a colonoscopy frame from a patient with no polyps.
Sun_Multimodal/Train_Negative/case11_negative_img_01738.jpg,case11,This is a colonoscopy frame from a patient with no polyps.
Sun_Multimodal/Train_Negative/case6_negative_img_06778.jpg,case6,This is a colonoscopy frame from a patient with no polyps.
Sun_Multimodal/Train_Negative/case5_negative_img_06034.jpg,case5,This is a colonoscopy frame from a patient with no polyps.
Sun_Multimodal/Train_Negative/case10_negative_img_06082.jpg,case10,This is a colonoscopy frame from a patient with no polyps.
Sun_Multimodal/Train_Negative/case12_negative_img_02972.jpg,case12,This is a colonoscopy frame from a patient with no polyps.
Sun_Multimodal/Train_Negative/case2_negative_img_08118.jpg,case2,This is a colonoscopy frame from a patient with no polyps.
Sun_Multimodal/Train_Negative/case10_negative_img_05197.jpg,case10,This is a colonoscopy frame from a patient with no polyps.
Sun_Multimodal/Train_Negative/case10_negative_img_05309.jpg,case10,This is a colonoscopy frame from a patient with no polyps.
Sun_Multimodal/Train_Negative/case2_negative_img_01318.jpg,case2,This is a colonoscopy frame from a patient with no polyps.
Sun_Multimodal/Train_Negative/case8_negative_img_02343.jpg,case8,This is a colonoscopy frame from a patient with no polyps.
Sun_Multimodal/Train_Negative/case3_negative_img_04796.jpg,case3,This is a colonoscopy frame from a patient with no polyps.
Sun_Multimodal/Train_Negative/case5_negative_img_00080.jpg,case5,This is a colonoscopy frame from a patient with no polyps.
Sun_Multimodal/Train_Negative/case5_negative_img_01974.jpg,case5,This is a colonoscopy frame from a patient with no polyps.
Sun_Multimodal/Train_Negative/case8_negative_img_00077.jpg,case8,This is a colonoscopy frame from a patient with no polyps.
Sun_Multimodal/Train_Negative/case5_negative_img_05418.jpg,case5,This is a colonoscopy frame from a patient with no polyps.
Sun_Multimodal/Train_Negative/case13_negative_img_02759.jpg,case13,This is a colonoscopy frame from a patient with no polyps.
Sun_Multimodal/Train_Negative/case6_negative_img_09445.jpg,case6,This is a colonoscopy frame from a patient with no polyps.
Sun_Multimodal/Train_Negative/case6_negative_img_08205.jpg,case6,This is a colonoscopy frame from a patient with no polyps.
Sun_Multimodal/Train_Negative/case2_negative_img_08091.jpg,case2,This is a colonoscopy frame from a patient with no polyps.
Sun_Multimodal/Train_Negative/case8_negative_img_02054.jpg,case8,This is a colonoscopy frame from a patient with no polyps.
Sun_Multimodal/Train_Negative/case11_negative_img_00337.jpg,case11,This is a colonoscopy frame from a patient with no polyps.
Sun_Multimodal/Train_Negative/case3_negative_img_01478.jpg,case3,This is a colonoscopy frame from a patient with no polyps.
Sun_Multimodal/Train_Negative/case3_negative_img_00238.jpg,case3,This is a colonoscopy frame from a patient with no polyps.
Sun_Multimodal/Train_Negative/case12_negative_img_06651.jpg,case12,This is a colonoscopy frame from a patient with no polyps.
Sun_Multimodal/Train_Negative/case8_negative_img_01520.jpg,case8,This is a colonoscopy frame from a patient with no polyps.
Sun_Multimodal/Train_Negative/case2_negative_img_06465.jpg,case2,This is a colonoscopy frame from a patient with no polyps.
Sun_Multimodal/Train_Negative/case2_negative_img_00589.jpg,case2,This is a colonoscopy frame from a patient with no polyps.
Sun_Multimodal/Train_Negative/case10_negative_img_04598.jpg,case10,This is a colonoscopy frame from a patient with no polyps.
Sun_Multimodal/Train_Negative/case8_negative_img_02392.jpg,case8,This is a colonoscopy frame from a patient with no polyps.
Sun_Multimodal/Train_Negative/case12_negative_img_05744.jpg,case12,This is a colonoscopy frame from a patient with no polyps.
Sun_Multimodal/Train_Negative/case6_negative_img_14157.jpg,case6,This is a colonoscopy frame from a patient with no polyps.
Sun_Multimodal/Train_Negative/case3_negative_img_04541.jpg,case3,This is a colonoscopy frame from a patient with no polyps.
Sun_Multimodal/Train_Negative/case2_negative_img_04136.jpg,case2,This is a colonoscopy frame from a patient with no polyps.
Sun_Multimodal/Train_Negative/case11_negative_img_03445.jpg,case11,This is a colonoscopy frame from a patient with no polyps.
Sun_Multimodal/Train_Negative/case2_negative_img_07023.jpg,case2,This is a colonoscopy frame from a patient with no polyps.
Sun_Multimodal/Train_Negative/case8_negative_img_01081.jpg,case8,This is a colonoscopy frame from a patient with no polyps.
Sun_Multimodal/Train_Negative/case6_negative_img_07171.jpg,case6,This is a colonoscopy frame from a patient with no polyps.
Sun_Multimodal/Train_Negative/case5_negative_img_02163.jpg,case5,This is a colonoscopy frame from a patient with no polyps.
Sun_Multimodal/Train_Negative/case13_negative_img_04314.jpg,case13,This is a colonoscopy frame from a patient with no polyps.
Sun_Multimodal/Train_Negative/case8_negative_img_00507.jpg,case8,This is a colonoscopy frame from a patient with no polyps.
Sun_Multimodal/Train_Negative/case8_negative_img_00975.jpg,case8,This is a colonoscopy frame from a patient with no polyps.
Sun_Multimodal/Train_Negative/case11_negative_img_03024.jpg,case11,This is a colonoscopy frame from a patient with no polyps.
Sun_Multimodal/Train_Negative/case8_negative_img_01892.jpg,case8,This is a colonoscopy frame from a patient with no polyps.
Sun_Multimodal/Train_Negative/case11_negative_img_03783.jpg,case11,This is a colonoscopy frame from a patient with no polyps.
Sun_Multimodal/Train_Negative/case13_negative_img_03469.jpg,case13,This is a colonoscopy frame from a patient with no polyps.
Sun_Multimodal/Train_Negative/case8_negative_img_01843.jpg,case8,This is a colonoscopy frame from a patient with no polyps.
Sun_Multimodal/Train_Negative/case6_negative_img_14240.jpg,case6,This is a colonoscopy frame from a patient with no polyps.
Sun_Multimodal/Train_Negative/case2_negative_img_09406.jpg,case2,This is a colonoscopy frame from a patient with no polyps.
Sun_Multimodal/Train_Negative/case3_negative_img_00748.jpg,case3,This is a colonoscopy frame from a patient with no polyps.
Sun_Multimodal/Train_Negative/case2_negative_img_05461.jpg,case2,This is a colonoscopy frame from a patient with no polyps.
Sun_Multimodal/Train_Negative/case10_negative_img_01470.jpg,case10,This is a colonoscopy frame from a patient with no polyps.
Sun_Multimodal/Train_Negative/case8_negative_img_02283.jpg,case8,This is a colonoscopy frame from a patient with no polyps.
Sun_Multimodal/Train_Negative/case1_negative_img_01233.jpg,case1,This is a colonoscopy frame from a patient with no polyps.
Sun_Multimodal/Train_Negative/case1_negative_img_08978.jpg,case1,This is a colonoscopy frame from a patient with no polyps.
Sun_Multimodal/Train_Negative/case12_negative_img_05655.jpg,case12,This is a colonoscopy frame from a patient with no polyps.
Sun_Multimodal/Train_Negative/case1_negative_img_06659.jpg,case1,This is a colonoscopy frame from a patient with no polyps.
Sun_Multimodal/Train_Negative/case13_negative_img_02648.jpg,case13,This is a colonoscopy frame from a patient with no polyps.
Sun_Multimodal/Train_Negative/case5_negative_img_00521.jpg,case5,This is a colonoscopy frame from a patient with no polyps.
Sun_Multimodal/Train_Negative/case2_negative_img_09067.jpg,case2,This is a colonoscopy frame from a patient with no polyps.
Sun_Multimodal/Train_Negative/case1_negative_img_00959.jpg,case1,This is a colonoscopy frame from a patient with no polyps.
Sun_Multimodal/Train_Negative/case13_negative_img_01264.jpg,case13,This is a colonoscopy frame from a patient with no polyps.
Sun_Multimodal/Train_Negative/case5_negative_img_07013.jpg,case5,This is a colonoscopy frame from a patient with no polyps.
Sun_Multimodal/Train_Negative/case2_negative_img_02940.jpg,case2,This is a colonoscopy frame from a patient with no polyps.
Sun_Multimodal/Train_Negative/case8_negative_img_00329.jpg,case8,This is a colonoscopy frame from a patient with no polyps.
Sun_Multimodal/Train_Negative/case5_negative_img_05746.jpg,case5,This is a colonoscopy frame from a patient with no polyps.
Sun_Multimodal/Train_Negative/case5_negative_img_00018.jpg,case5,This is a colonoscopy frame from a patient with no polyps.
Sun_Multimodal/Train_Negative/case6_negative_img_15139.jpg,case6,This is a colonoscopy frame from a patient with no polyps.
Sun_Multimodal/Train_Negative/case6_negative_img_02460.jpg,case6,This is a colonoscopy frame from a patient with no polyps.
Sun_Multimodal/Train_Negative/case2_negative_img_09698.jpg,case2,This is a colonoscopy frame from a patient with no polyps.
Sun_Multimodal/Train_Negative/case3_negative_img_05288.jpg,case3,This is a colonoscopy frame from a patient with no polyps.
Sun_Multimodal/Train_Negative/case5_negative_img_06595.jpg,case5,This is a colonoscopy frame from a patient with no polyps.
Sun_Multimodal/Train_Negative/case11_negative_img_04260.jpg,case11,This is a colonoscopy frame from a patient with no polyps.
Sun_Multimodal/Train_Negative/case10_negative_img_01149.jpg,case10,This is a colonoscopy frame from a patient with no polyps.
Sun_Multimodal/Train_Negative/case3_negative_img_02283.jpg,case3,This is a colonoscopy frame from a patient with no polyps.
Sun_Multimodal/Train_Negative/case6_negative_img_08999.jpg,case6,This is a colonoscopy frame from a patient with no polyps.
Sun_Multimodal/Train_Negative/case13_negative_img_03150.jpg,case13,This is a colonoscopy frame from a patient with no polyps.
Sun_Multimodal/Train_Negative/case6_negative_img_01203.jpg,case6,This is a colonoscopy frame from a patient with no polyps.
Sun_Multimodal/Train_Negative/case1_negative_img_03729.jpg,case1,This is a colonoscopy frame from a patient with no polyps.
Sun_Multimodal/Train_Negative/case12_negative_img_02863.jpg,case12,This is a colonoscopy frame from a patient with no polyps.
Sun_Multimodal/Train_Negative/case10_negative_img_04161.jpg,case10,This is a colonoscopy frame from a patient with no polyps.
Sun_Multimodal/Train_Negative/case3_negative_img_00507.jpg,case3,This is a colonoscopy frame from a patient with no polyps.
Sun_Multimodal/Train_Negative/case11_negative_img_04516.jpg,case11,This is a colonoscopy frame from a patient with no polyps.
Sun_Multimodal/Train_Negative/case2_negative_img_05189.jpg,case2,This is a colonoscopy frame from a patient with no polyps.
Sun_Multimodal/Train_Negative/case2_negative_img_01730.jpg,case2,This is a colonoscopy frame from a patient with no polyps.
Sun_Multimodal/Train_Negative/case13_negative_img_02407.jpg,case13,This is a colonoscopy frame from a patient with no polyps.
Sun_Multimodal/Train_Negative/case12_negative_img_03630.jpg,case12,This is a colonoscopy frame from a patient with no polyps.
Sun_Multimodal/Train_Negative/case10_negative_img_06255.jpg,case10,This is a colonoscopy frame from a patient with no polyps.
Sun_Multimodal/Train_Negative/case10_negative_img_03979.jpg,case10,This is a colonoscopy frame from a patient with no polyps.
Sun_Multimodal/Train_Negative/case1_negative_img_04343.jpg,case1,This is a colonoscopy frame from a patient with no polyps.
Sun_Multimodal/Train_Negative/case1_negative_img_05503.jpg,case1,This is a colonoscopy frame from a patient with no polyps.
Sun_Multimodal/Train_Negative/case13_negative_img_01960.jpg,case13,This is a colonoscopy frame from a patient with no polyps.
Sun_Multimodal/Train_Negative/case5_negative_img_04335.jpg,case5,This is a colonoscopy frame from a patient with no polyps.
Sun_Multimodal/Train_Negative/case12_negative_img_02292.jpg,case12,This is a colonoscopy frame from a patient with no polyps.
Sun_Multimodal/Train_Negative/case3_negative_img_03291.jpg,case3,This is a colonoscopy frame from a patient with no polyps.
Sun_Multimodal/Train_Negative/case5_negative_img_05575.jpg,case5,This is a colonoscopy frame from a patient with no polyps.
Sun_Multimodal/Train_Negative/case11_negative_img_02279.jpg,case11,This is a colonoscopy frame from a patient with no polyps.
Sun_Multimodal/Train_Negative/case13_negative_img_01057.jpg,case13,This is a colonoscopy frame from a patient with no polyps.
Sun_Multimodal/Train_Negative/case13_negative_img_02284.jpg,case13,This is a colonoscopy frame from a patient with no polyps.
Sun_Multimodal/Train_Negative/case1_negative_img_06940.jpg,case1,This is a colonoscopy frame from a patient with no polyps.
Sun_Multimodal/Train_Negative/case3_negative_img_01174.jpg,case3,This is a colonoscopy frame from a patient with no polyps.
Sun_Multimodal/Train_Negative/case3_negative_img_07098.jpg,case3,This is a colonoscopy frame from a patient with no polyps.
Sun_Multimodal/Train_Negative/case5_negative_img_07556.jpg,case5,This is a colonoscopy frame from a patient with no polyps.
Sun_Multimodal/Train_Negative/case1_negative_img_01189.jpg,case1,This is a colonoscopy frame from a patient with no polyps.
Sun_Multimodal/Train_Negative/case13_negative_img_02634.jpg,case13,This is a colonoscopy frame from a patient with no polyps.
Sun_Multimodal/Train_Negative/case1_negative_img_03442.jpg,case1,This is a colonoscopy frame from a patient with no polyps.
Sun_Multimodal/Train_Negative/case2_negative_img_09950.jpg,case2,This is a colonoscopy frame from a patient with no polyps.
Sun_Multimodal/Train_Negative/case5_negative_img_06188.jpg,case5,This is a colonoscopy frame from a patient with no polyps.
Sun_Multimodal/Train_Negative/case11_negative_img_00763.jpg,case11,This is a colonoscopy frame from a patient with no polyps.
Sun_Multimodal/Train_Negative/case3_negative_img_06446.jpg,case3,This is a colonoscopy frame from a patient with no polyps.
Sun_Multimodal/Train_Negative/case5_negative_img_00877.jpg,case5,This is a colonoscopy frame from a patient with no polyps.
Sun_Multimodal/Train_Negative/case10_negative_img_02787.jpg,case10,This is a colonoscopy frame from a patient with no polyps.
Sun_Multimodal/Train_Negative/case1_negative_img_02663.jpg,case1,This is a colonoscopy frame from a patient with no polyps.
Sun_Multimodal/Train_Negative/case2_negative_img_08703.jpg,case2,This is a colonoscopy frame from a patient with no polyps.
Sun_Multimodal/Train_Negative/case5_negative_img_03510.jpg,case5,This is a colonoscopy frame from a patient with no polyps.
Sun_Multimodal/Train_Negative/case11_negative_img_01593.jpg,case11,This is a colonoscopy frame from a patient with no polyps.
Sun_Multimodal/Train_Negative/case3_negative_img_00909.jpg,case3,This is a colonoscopy frame from a patient with no polyps.
Sun_Multimodal/Train_Negative/case12_negative_img_05466.jpg,case12,This is a colonoscopy frame from a patient with no polyps.
Sun_Multimodal/Train_Negative/case5_negative_img_02047.jpg,case5,This is a colonoscopy frame from a patient with no polyps.
Sun_Multimodal/Train_Negative/case10_negative_img_01222.jpg,case10,This is a colonoscopy frame from a patient with no polyps.
Sun_Multimodal/Train_Negative/case1_negative_img_03493.jpg,case1,This is a colonoscopy frame from a patient with no polyps.
Sun_Multimodal/Train_Negative/case10_negative_img_02337.jpg,case10,This is a colonoscopy frame from a patient with no polyps.
Sun_Multimodal/Train_Negative/case2_negative_img_06326.jpg,case2,This is a colonoscopy frame from a patient with no polyps.
Sun_Multimodal/Train_Negative/case13_negative_img_02145.jpg,case13,This is a colonoscopy frame from a patient with no polyps.
Sun_Multimodal/Train_Negative/case12_negative_img_02532.jpg,case12,This is a colonoscopy frame from a patient with no polyps.
Sun_Multimodal/Train_Negative/case6_negative_img_01320.jpg,case6,This is a colonoscopy frame from a patient with no polyps.
Sun_Multimodal/Train_Negative/case11_negative_img_03399.jpg,case11,This is a colonoscopy frame from a patient with no polyps.
Sun_Multimodal/Train_Negative/case2_negative_img_01613.jpg,case2,This is a colonoscopy frame from a patient with no polyps.
Sun_Multimodal/Train_Negative/case2_negative_img_07439.jpg,case2,This is a colonoscopy frame from a patient with no polyps.
Sun_Multimodal/Train_Negative/case2_negative_img_03955.jpg,case2,This is a colonoscopy frame from a patient with no polyps.
Sun_Multimodal/Train_Negative/case3_negative_img_03150.jpg,case3,This is a colonoscopy frame from a patient with no polyps.
Sun_Multimodal/Train_Negative/case1_negative_img_06292.jpg,case1,This is a colonoscopy frame from a patient with no polyps.
Sun_Multimodal/Train_Negative/case1_negative_img_09447.jpg,case1,This is a colonoscopy frame from a patient with no polyps.
Sun_Multimodal/Train_Negative/case12_negative_img_00606.jpg,case12,This is a colonoscopy frame from a patient with no polyps.
Sun_Multimodal/Train_Negative/case5_negative_img_07646.jpg,case5,This is a colonoscopy frame from a patient with no polyps.
Sun_Multimodal/Train_Negative/case13_negative_img_00507.jpg,case13,This is a colonoscopy frame from a patient with no polyps.
Sun_Multimodal/Train_Negative/case5_negative_img_04782.jpg,case5,This is a colonoscopy frame from a patient with no polyps.
Sun_Multimodal/Train_Negative/case6_negative_img_13597.jpg,case6,This is a colonoscopy frame from a patient with no polyps.
Sun_Multimodal/Train_Negative/case3_negative_img_00887.jpg,case3,This is a colonoscopy frame from a patient with no polyps.
Sun_Multimodal/Train_Negative/case1_negative_img_09750.jpg,case1,This is a colonoscopy frame from a patient with no polyps.
Sun_Multimodal/Train_Negative/case12_negative_img_03404.jpg,case12,This is a colonoscopy frame from a patient with no polyps.
Sun_Multimodal/Train_Negative/case11_negative_img_02796.jpg,case11,This is a colonoscopy frame from a patient with no polyps.
Sun_Multimodal/Train_Negative/case6_negative_img_00088.jpg,case6,This is a colonoscopy frame from a patient with no polyps.
Sun_Multimodal/Train_Negative/case2_negative_img_07217.jpg,case2,This is a colonoscopy frame from a patient with no polyps.
Sun_Multimodal/Train_Negative/case11_negative_img_00764.jpg,case11,This is a colonoscopy frame from a patient with no polyps.
Sun_Multimodal/Train_Negative/case8_negative_img_02407.jpg,case8,This is a colonoscopy frame from a patient with no polyps.
Sun_Multimodal/Train_Negative/case13_negative_img_04541.jpg,case13,This is a colonoscopy frame from a patient with no polyps.
Sun_Multimodal/Train_Negative/case6_negative_img_04985.jpg,case6,This is a colonoscopy frame from a patient with no polyps.
Sun_Multimodal/Train_Negative/case8_negative_img_01173.jpg,case8,This is a colonoscopy frame from a patient with no polyps.
Sun_Multimodal/Train_Negative/case10_negative_img_02780.jpg,case10,This is a colonoscopy frame from a patient with no polyps.
Sun_Multimodal/Train_Negative/case12_negative_img_01209.jpg,case12,This is a colonoscopy frame from a patient with no polyps.
Sun_Multimodal/Train_Negative/case2_negative_img_09144.jpg,case2,This is a colonoscopy frame from a patient with no polyps.
Sun_Multimodal/Train_Negative/case12_negative_img_04557.jpg,case12,This is a colonoscopy frame from a patient with no polyps.
Sun_Multimodal/Train_Negative/case13_negative_img_04120.jpg,case13,This is a colonoscopy frame from a patient with no polyps.
Sun_Multimodal/Train_Negative/case3_negative_img_01838.jpg,case3,This is a colonoscopy frame from a patient with no polyps.
Sun_Multimodal/Train_Negative/case12_negative_img_00449.jpg,case12,This is a colonoscopy frame from a patient with no polyps.
Sun_Multimodal/Train_Negative/case12_negative_img_05813.jpg,case12,This is a colonoscopy frame from a patient with no polyps.
Sun_Multimodal/Train_Negative/case2_negative_img_05655.jpg,case2,This is a colonoscopy frame from a patient with no polyps.
Sun_Multimodal/Train_Negative/case6_negative_img_16086.jpg,case6,This is a colonoscopy frame from a patient with no polyps.
Sun_Multimodal/Train_Negative/case11_negative_img_03914.jpg,case11,This is a colonoscopy frame from a patient with no polyps.
Sun_Multimodal/Train_Negative/case5_negative_img_01293.jpg,case5,This is a colonoscopy frame from a patient with no polyps.
Sun_Multimodal/Train_Negative/case12_negative_img_04640.jpg,case12,This is a colonoscopy frame from a patient with no polyps.
Sun_Multimodal/Train_Negative/case2_negative_img_09986.jpg,case2,This is a colonoscopy frame from a patient with no polyps.
Sun_Multimodal/Train_Negative/case8_negative_img_01264.jpg,case8,This is a colonoscopy frame from a patient with no polyps.
Sun_Multimodal/Train_Negative/case3_negative_img_02648.jpg,case3,This is a colonoscopy frame from a patient with no polyps.
Sun_Multimodal/Train_Negative/case1_negative_img_02901.jpg,case1,This is a colonoscopy frame from a patient with no polyps.
Sun_Multimodal/Train_Negative/case2_negative_img_07561.jpg,case2,This is a colonoscopy frame from a patient with no polyps.
Sun_Multimodal/Train_Negative/case8_negative_img_00424.jpg,case8,This is a colonoscopy frame from a patient with no polyps.
Sun_Multimodal/Train_Negative/case8_negative_img_00383.jpg,case8,This is a colonoscopy frame from a patient with no polyps.
Sun_Multimodal/Train_Negative/case6_negative_img_02249.jpg,case6,This is a colonoscopy frame from a patient with no polyps.
Sun_Multimodal/Train_Negative/case1_negative_img_01123.jpg,case1,This is a colonoscopy frame from a patient with no polyps.
Sun_Multimodal/Train_Negative/case3_negative_img_05306.jpg,case3,This is a colonoscopy frame from a patient with no polyps.
Sun_Multimodal/Train_Negative/case8_negative_img_00161.jpg,case8,This is a colonoscopy frame from a patient with no polyps.
Sun_Multimodal/Train_Negative/case11_negative_img_03442.jpg,case11,This is a colonoscopy frame from a patient with no polyps.
Sun_Multimodal/Train_Negative/case13_negative_img_06027.jpg,case13,This is a colonoscopy frame from a patient with no polyps.
Sun_Multimodal/Train_Negative/case6_negative_img_04870.jpg,case6,This is a colonoscopy frame from a patient with no polyps.
Sun_Multimodal/Train_Negative/case13_negative_img_04313.jpg,case13,This is a colonoscopy frame from a patient with no polyps.
Sun_Multimodal/Train_Negative/case2_negative_img_08290.jpg,case2,This is a colonoscopy frame from a patient with no polyps.
Sun_Multimodal/Train_Negative/case8_negative_img_02255.jpg,case8,This is a colonoscopy frame from a patient with no polyps.
Sun_Multimodal/Train_Negative/case10_negative_img_03826.jpg,case10,This is a colonoscopy frame from a patient with no polyps.
Sun_Multimodal/Train_Negative/case12_negative_img_02688.jpg,case12,This is a colonoscopy frame from a patient with no polyps.
Sun_Multimodal/Train_Negative/case1_negative_img_06549.jpg,case1,This is a colonoscopy frame from a patient with no polyps.
Sun_Multimodal/Train_Negative/case11_negative_img_02663.jpg,case11,This is a colonoscopy frame from a patient with no polyps.
Sun_Multimodal/Train_Negative/case8_negative_img_00972.jpg,case8,This is a colonoscopy frame from a patient with no polyps.
Sun_Multimodal/Train_Negative/case8_negative_img_01391.jpg,case8,This is a colonoscopy frame from a patient with no polyps.
Sun_Multimodal/Train_Negative/case13_negative_img_00909.jpg,case13,This is a colonoscopy frame from a patient with no polyps.
Sun_Multimodal/Train_Negative/case13_negative_img_05225.jpg,case13,This is a colonoscopy frame from a patient with no polyps.
Sun_Multimodal/Train_Negative/case10_negative_img_01805.jpg,case10,This is a colonoscopy frame from a patient with no polyps.
Sun_Multimodal/Train_Negative/case2_negative_img_05814.jpg,case2,This is a colonoscopy frame from a patient with no polyps.
Sun_Multimodal/Train_Negative/case8_negative_img_01057.jpg,case8,This is a colonoscopy frame from a patient with no polyps.
Sun_Multimodal/Train_Negative/case12_negative_img_02238.jpg,case12,This is a colonoscopy frame from a patient with no polyps.
Sun_Multimodal/Train_Negative/case3_negative_img_06565.jpg,case3,This is a colonoscopy frame from a patient with no polyps.
Sun_Multimodal/Train_Negative/case1_negative_img_01655.jpg,case1,This is a colonoscopy frame from a patient with no polyps.
Sun_Multimodal/Train_Negative/case11_negative_img_00221.jpg,case11,This is a colonoscopy frame from a patient with no polyps.
Sun_Multimodal/Train_Negative/case2_negative_img_01420.jpg,case2,This is a colonoscopy frame from a patient with no polyps.
Sun_Multimodal/Train_Negative/case6_negative_img_07758.jpg,case6,This is a colonoscopy frame from a patient with no polyps.
Sun_Multimodal/Train_Negative/case3_negative_img_01057.jpg,case3,This is a colonoscopy frame from a patient with no polyps.
Sun_Multimodal/Train_Negative/case2_negative_img_08319.jpg,case2,This is a colonoscopy frame from a patient with no polyps.
Sun_Multimodal/Train_Negative/case12_negative_img_02701.jpg,case12,This is a colonoscopy frame from a patient with no polyps.
Sun_Multimodal/Train_Negative/case5_negative_img_04101.jpg,case5,This is a colonoscopy frame from a patient with no polyps.
Sun_Multimodal/Train_Negative/case12_negative_img_01275.jpg,case12,This is a colonoscopy frame from a patient with no polyps.
Sun_Multimodal/Train_Negative/case11_negative_img_00379.jpg,case11,This is a colonoscopy frame from a patient with no polyps.
Sun_Multimodal/Train_Negative/case2_negative_img_02154.jpg,case2,This is a colonoscopy frame from a patient with no polyps.
Sun_Multimodal/Train_Negative/case5_negative_img_05487.jpg,case5,This is a colonoscopy frame from a patient with no polyps.
Sun_Multimodal/Train_Negative/case12_negative_img_02416.jpg,case12,This is a colonoscopy frame from a patient with no polyps.
Sun_Multimodal/Train_Negative/case8_negative_img_00039.jpg,case8,This is a colonoscopy frame from a patient with no polyps.
Sun_Multimodal/Train_Negative/case11_negative_img_03968.jpg,case11,This is a colonoscopy frame from a patient with no polyps.
Sun_Multimodal/Train_Negative/case12_negative_img_03256.jpg,case12,This is a colonoscopy frame from a patient with no polyps.
Sun_Multimodal/Train_Negative/case3_negative_img_02634.jpg,case3,This is a colonoscopy frame from a patient with no polyps.
Sun_Multimodal/Train_Negative/case5_negative_img_06685.jpg,case5,This is a colonoscopy frame from a patient with no polyps.
Sun_Multimodal/Train_Negative/case1_negative_img_09563.jpg,case1,This is a colonoscopy frame from a patient with no polyps.
Sun_Multimodal/Train_Negative/case12_negative_img_00722.jpg,case12,This is a colonoscopy frame from a patient with no polyps.
Sun_Multimodal/Train_Negative/case5_negative_img_07229.jpg,case5,This is a colonoscopy frame from a patient with no polyps.
Sun_Multimodal/Train_Negative/case12_negative_img_00269.jpg,case12,This is a colonoscopy frame from a patient with no polyps.
Sun_Multimodal/Train_Negative/case3_negative_img_04293.jpg,case3,This is a colonoscopy frame from a patient with no polyps.
Sun_Multimodal/Train_Negative/case3_negative_img_06261.jpg,case3,This is a colonoscopy frame from a patient with no polyps.
Sun_Multimodal/Train_Negative/case6_negative_img_17037.jpg,case6,This is a colonoscopy frame from a patient with no polyps.
Sun_Multimodal/Train_Negative/case5_negative_img_00585.jpg,case5,This is a colonoscopy frame from a patient with no polyps.
Sun_Multimodal/Train_Negative/case2_negative_img_04950.jpg,case2,This is a colonoscopy frame from a patient with no polyps.
Sun_Multimodal/Train_Negative/case13_negative_img_05286.jpg,case13,This is a colonoscopy frame from a patient with no polyps.
Sun_Multimodal/Train_Negative/case8_negative_img_01332.jpg,case8,This is a colonoscopy frame from a patient with no polyps.
Sun_Multimodal/Train_Negative/case8_negative_img_01495.jpg,case8,This is a colonoscopy frame from a patient with no polyps.
Sun_Multimodal/Train_Negative/case3_negative_img_07091.jpg,case3,This is a colonoscopy frame from a patient with no polyps.
Sun_Multimodal/Train_Negative/case8_negative_img_01444.jpg,case8,This is a colonoscopy frame from a patient with no polyps.
Sun_Multimodal/Train_Negative/case6_negative_img_09140.jpg,case6,This is a colonoscopy frame from a patient with no polyps.
Sun_Multimodal/Train_Negative/case8_negative_img_00204.jpg,case8,This is a colonoscopy frame from a patient with no polyps.
Sun_Multimodal/Train_Negative/case5_negative_img_03787.jpg,case5,This is a colonoscopy frame from a patient with no polyps.
Sun_Multimodal/Train_Negative/case10_negative_img_01877.jpg,case10,This is a colonoscopy frame from a patient with no polyps.
Sun_Multimodal/Train_Negative/case13_negative_img_01349.jpg,case13,This is a colonoscopy frame from a patient with no polyps.
Sun_Multimodal/Train_Negative/case12_negative_img_05187.jpg,case12,This is a colonoscopy frame from a patient with no polyps.
Sun_Multimodal/Train_Negative/case10_negative_img_00245.jpg,case10,This is a colonoscopy frame from a patient with no polyps.
Sun_Multimodal/Train_Negative/case8_negative_img_00665.jpg,case8,This is a colonoscopy frame from a patient with no polyps.
Sun_Multimodal/Train_Negative/case11_negative_img_03893.jpg,case11,This is a colonoscopy frame from a patient with no polyps.
Sun_Multimodal/Train_Negative/case11_negative_img_03346.jpg,case11,This is a colonoscopy frame from a patient with no polyps.
Sun_Multimodal/Train_Negative/case8_negative_img_01025.jpg,case8,This is a colonoscopy frame from a patient with no polyps.
Sun_Multimodal/Train_Negative/case5_negative_img_04838.jpg,case5,This is a colonoscopy frame from a patient with no polyps.
Sun_Multimodal/Train_Negative/case2_negative_img_04635.jpg,case2,This is a colonoscopy frame from a patient with no polyps.
Sun_Multimodal/Train_Negative/case13_negative_img_04076.jpg,case13,This is a colonoscopy frame from a patient with no polyps.
Sun_Multimodal/Train_Negative/case1_negative_img_08380.jpg,case1,This is a colonoscopy frame from a patient with no polyps.
Sun_Multimodal/Train_Negative/case3_negative_img_03770.jpg,case3,This is a colonoscopy frame from a patient with no polyps.
Sun_Multimodal/Train_Negative/case12_negative_img_05319.jpg,case12,This is a colonoscopy frame from a patient with no polyps.
Sun_Multimodal/Train_Negative/case13_negative_img_04689.jpg,case13,This is a colonoscopy frame from a patient with no polyps.
Sun_Multimodal/Train_Negative/case2_negative_img_00673.jpg,case2,This is a colonoscopy frame from a patient with no polyps.
Sun_Multimodal/Train_Negative/case5_negative_img_06247.jpg,case5,This is a colonoscopy frame from a patient with no polyps.
Sun_Multimodal/Train_Negative/case10_negative_img_06690.jpg,case10,This is a colonoscopy frame from a patient with no polyps.
Sun_Multimodal/Train_Negative/case13_negative_img_03653.jpg,case13,This is a colonoscopy frame from a patient with no polyps.
Sun_Multimodal/Train_Negative/case11_negative_img_03568.jpg,case11,This is a colonoscopy frame from a patient with no polyps.
Sun_Multimodal/Train_Negative/case12_negative_img_01903.jpg,case12,This is a colonoscopy frame from a patient with no polyps.
Sun_Multimodal/Train_Negative/case5_negative_img_06943.jpg,case5,This is a colonoscopy frame from a patient with no polyps.
Sun_Multimodal/Train_Negative/case8_negative_img_00858.jpg,case8,This is a colonoscopy frame from a patient with no polyps.
Sun_Multimodal/Train_Negative/case13_negative_img_02800.jpg,case13,This is a colonoscopy frame from a patient with no polyps.
Sun_Multimodal/Train_Negative/case1_negative_img_08884.jpg,case1,This is a colonoscopy frame from a patient with no polyps.
Sun_Multimodal/Train_Negative/case10_negative_img_04907.jpg,case10,This is a colonoscopy frame from a patient with no polyps.
Sun_Multimodal/Train_Negative/case13_negative_img_04239.jpg,case13,This is a colonoscopy frame from a patient with no polyps.
Sun_Multimodal/Train_Negative/case6_negative_img_14869.jpg,case6,This is a colonoscopy frame from a patient with no polyps.
Sun_Multimodal/Train_Negative/case13_negative_img_01022.jpg,case13,This is a colonoscopy frame from a patient with no polyps.
Sun_Multimodal/Train_Negative/case3_negative_img_01216.jpg,case3,This is a colonoscopy frame from a patient with no polyps.
Sun_Multimodal/Train_Negative/case3_negative_img_03685.jpg,case3,This is a colonoscopy frame from a patient with no polyps.
Sun_Multimodal/Train_Negative/case12_negative_img_06798.jpg,case12,This is a colonoscopy frame from a patient with no polyps.
Sun_Multimodal/Train_Negative/case5_negative_img_04721.jpg,case5,This is a colonoscopy frame from a patient with no polyps.
Sun_Multimodal/Train_Negative/case5_negative_img_07193.jpg,case5,This is a colonoscopy frame from a patient with no polyps.
Sun_Multimodal/Train_Negative/case12_negative_img_01034.jpg,case12,This is a colonoscopy frame from a patient with no polyps.
Sun_Multimodal/Train_Negative/case10_negative_img_04451.jpg,case10,This is a colonoscopy frame from a patient with no polyps.
Sun_Multimodal/Train_Negative/case1_negative_img_04916.jpg,case1,This is a colonoscopy frame from a patient with no polyps.
Sun_Multimodal/Train_Negative/case1_negative_img_04564.jpg,case1,This is a colonoscopy frame from a patient with no polyps.
Sun_Multimodal/Train_Negative/case8_negative_img_01438.jpg,case8,This is a colonoscopy frame from a patient with no polyps.
Sun_Multimodal/Train_Negative/case12_negative_img_00563.jpg,case12,This is a colonoscopy frame from a patient with no polyps.
Sun_Multimodal/Train_Negative/case6_negative_img_05948.jpg,case6,This is a colonoscopy frame from a patient with no polyps.
Sun_Multimodal/Train_Negative/case8_negative_img_00619.jpg,case8,This is a colonoscopy frame from a patient with no polyps.
Sun_Multimodal/Train_Negative/case3_negative_img_06919.jpg,case3,This is a colonoscopy frame from a patient with no polyps.
Sun_Multimodal/Train_Negative/case12_negative_img_03804.jpg,case12,This is a colonoscopy frame from a patient with no polyps.
Sun_Multimodal/Train_Negative/case12_negative_img_03476.jpg,case12,This is a colonoscopy frame from a patient with no polyps.
Sun_Multimodal/Train_Negative/case13_negative_img_03001.jpg,case13,This is a colonoscopy frame from a patient with no polyps.
Sun_Multimodal/Train_Negative/case2_negative_img_05530.jpg,case2,This is a colonoscopy frame from a patient with no polyps.
Sun_Multimodal/Train_Negative/case1_negative_img_00950.jpg,case1,This is a colonoscopy frame from a patient with no polyps.
Sun_Multimodal/Train_Negative/case2_negative_img_05297.jpg,case2,This is a colonoscopy frame from a patient with no polyps.
Sun_Multimodal/Train_Negative/case13_negative_img_04294.jpg,case13,This is a colonoscopy frame from a patient with no polyps.
Sun_Multimodal/Train_Negative/case3_negative_img_01059.jpg,case3,This is a colonoscopy frame from a patient with no polyps.
Sun_Multimodal/Train_Negative/case2_negative_img_06044.jpg,case2,This is a colonoscopy frame from a patient with no polyps.
Sun_Multimodal/Train_Negative/case8_negative_img_00741.jpg,case8,This is a colonoscopy frame from a patient with no polyps.
Sun_Multimodal/Train_Negative/case1_negative_img_02616.jpg,case1,This is a colonoscopy frame from a patient with no polyps.
Sun_Multimodal/Train_Negative/case11_negative_img_00377.jpg,case11,This is a colonoscopy frame from a patient with no polyps.
Sun_Multimodal/Train_Negative/case12_negative_img_00849.jpg,case12,This is a colonoscopy frame from a patient with no polyps.
Sun_Multimodal/Train_Negative/case11_negative_img_01537.jpg,case11,This is a colonoscopy frame from a patient with no polyps.
Sun_Multimodal/Train_Negative/case11_negative_img_01994.jpg,case11,This is a colonoscopy frame from a patient with no polyps.
Sun_Multimodal/Train_Negative/case1_negative_img_00635.jpg,case1,This is a colonoscopy frame from a patient with no polyps.
Sun_Multimodal/Train_Negative/case2_negative_img_04067.jpg,case2,This is a colonoscopy frame from a patient with no polyps.
Sun_Multimodal/Train_Negative/case5_negative_img_02453.jpg,case5,This is a colonoscopy frame from a patient with no polyps.
Sun_Multimodal/Train_Negative/case2_negative_img_08000.jpg,case2,This is a colonoscopy frame from a patient with no polyps.
Sun_Multimodal/Train_Negative/case13_negative_img_06171.jpg,case13,This is a colonoscopy frame from a patient with no polyps.
Sun_Multimodal/Train_Negative/case3_negative_img_06345.jpg,case3,This is a colonoscopy frame from a patient with no polyps.
Sun_Multimodal/Train_Negative/case12_negative_img_02418.jpg,case12,This is a colonoscopy frame from a patient with no polyps.
Sun_Multimodal/Train_Negative/case10_negative_img_00417.jpg,case10,This is a colonoscopy frame from a patient with no polyps.
Sun_Multimodal/Train_Negative/case8_negative_img_02303.jpg,case8,This is a colonoscopy frame from a patient with no polyps.
Sun_Multimodal/Train_Negative/case2_negative_img_05993.jpg,case2,This is a colonoscopy frame from a patient with no polyps.
Sun_Multimodal/Train_Negative/case10_negative_img_04509.jpg,case10,This is a colonoscopy frame from a patient with no polyps.
Sun_Multimodal/Train_Negative/case13_negative_img_04245.jpg,case13,This is a colonoscopy frame from a patient with no polyps.
Sun_Multimodal/Train_Negative/case1_negative_img_05978.jpg,case1,This is a colonoscopy frame from a patient with no polyps.
Sun_Multimodal/Train_Negative/case12_negative_img_02935.jpg,case12,This is a colonoscopy frame from a patient with no polyps.
Sun_Multimodal/Train_Negative/case12_negative_img_06459.jpg,case12,This is a colonoscopy frame from a patient with no polyps.
Sun_Multimodal/Train_Negative/case1_negative_img_04674.jpg,case1,This is a colonoscopy frame from a patient with no polyps.
Sun_Multimodal/Train_Negative/case12_negative_img_00212.jpg,case12,This is a colonoscopy frame from a patient with no polyps.
Sun_Multimodal/Train_Negative/case11_negative_img_04832.jpg,case11,This is a colonoscopy frame from a patient with no polyps.
Sun_Multimodal/Train_Negative/case1_negative_img_09053.jpg,case1,This is a colonoscopy frame from a patient with no polyps.
Sun_Multimodal/Train_Negative/case1_negative_img_09432.jpg,case1,This is a colonoscopy frame from a patient with no polyps.
Sun_Multimodal/Train_Negative/case11_negative_img_04021.jpg,case11,This is a colonoscopy frame from a patient with no polyps.
Sun_Multimodal/Train_Negative/case6_negative_img_03061.jpg,case6,This is a colonoscopy frame from a patient with no polyps.
Sun_Multimodal/Train_Negative/case5_negative_img_06073.jpg,case5,This is a colonoscopy frame from a patient with no polyps.
Sun_Multimodal/Train_Negative/case10_negative_img_01308.jpg,case10,This is a colonoscopy frame from a patient with no polyps.
Sun_Multimodal/Train_Negative/case3_negative_img_00797.jpg,case3,This is a colonoscopy frame from a patient with no polyps.
Sun_Multimodal/Train_Negative/case5_negative_img_07633.jpg,case5,This is a colonoscopy frame from a patient with no polyps.
Sun_Multimodal/Train_Negative/case2_negative_img_04559.jpg,case2,This is a colonoscopy frame from a patient with no polyps.
Sun_Multimodal/Train_Negative/case5_negative_img_07194.jpg,case5,This is a colonoscopy frame from a patient with no polyps.
Sun_Multimodal/Train_Negative/case11_negative_img_00698.jpg,case11,This is a colonoscopy frame from a patient with no polyps.
Sun_Multimodal/Train_Negative/case1_negative_img_04563.jpg,case1,This is a colonoscopy frame from a patient with no polyps.
Sun_Multimodal/Train_Negative/case11_negative_img_04757.jpg,case11,This is a colonoscopy frame from a patient with no polyps.
Sun_Multimodal/Train_Negative/case6_negative_img_13245.jpg,case6,This is a colonoscopy frame from a patient with no polyps.
Sun_Multimodal/Train_Negative/case12_negative_img_03010.jpg,case12,This is a colonoscopy frame from a patient with no polyps.
Sun_Multimodal/Train_Negative/case2_negative_img_09069.jpg,case2,This is a colonoscopy frame from a patient with no polyps.
Sun_Multimodal/Train_Negative/case1_negative_img_03842.jpg,case1,This is a colonoscopy frame from a patient with no polyps.
Sun_Multimodal/Train_Negative/case11_negative_img_03604.jpg,case11,This is a colonoscopy frame from a patient with no polyps.
Sun_Multimodal/Train_Negative/case8_negative_img_01567.jpg,case8,This is a colonoscopy frame from a patient with no polyps.
Sun_Multimodal/Train_Negative/case12_negative_img_03529.jpg,case12,This is a colonoscopy frame from a patient with no polyps.
Sun_Multimodal/Train_Negative/case6_negative_img_09402.jpg,case6,This is a colonoscopy frame from a patient with no polyps.
Sun_Multimodal/Train_Negative/case5_negative_img_03562.jpg,case5,This is a colonoscopy frame from a patient with no polyps.
Sun_Multimodal/Train_Negative/case3_negative_img_05953.jpg,case3,This is a colonoscopy frame from a patient with no polyps.
Sun_Multimodal/Train_Negative/case13_negative_img_05063.jpg,case13,This is a colonoscopy frame from a patient with no polyps.
Sun_Multimodal/Train_Negative/case11_negative_img_00874.jpg,case11,This is a colonoscopy frame from a patient with no polyps.
Sun_Multimodal/Train_Negative/case3_negative_img_05257.jpg,case3,This is a colonoscopy frame from a patient with no polyps.
Sun_Multimodal/Train_Negative/case11_negative_img_03513.jpg,case11,This is a colonoscopy frame from a patient with no polyps.
Sun_Multimodal/Train_Negative/case11_negative_img_03961.jpg,case11,This is a colonoscopy frame from a patient with no polyps.
Sun_Multimodal/Train_Negative/case13_negative_img_04242.jpg,case13,This is a colonoscopy frame from a patient with no polyps.
Sun_Multimodal/Train_Negative/case6_negative_img_02779.jpg,case6,This is a colonoscopy frame from a patient with no polyps.
Sun_Multimodal/Train_Negative/case10_negative_img_03977.jpg,case10,This is a colonoscopy frame from a patient with no polyps.
Sun_Multimodal/Train_Negative/case6_negative_img_16335.jpg,case6,This is a colonoscopy frame from a patient with no polyps.
Sun_Multimodal/Train_Negative/case8_negative_img_00823.jpg,case8,This is a colonoscopy frame from a patient with no polyps.
Sun_Multimodal/Train_Negative/case8_negative_img_00451.jpg,case8,This is a colonoscopy frame from a patient with no polyps.
Sun_Multimodal/Train_Negative/case6_negative_img_05772.jpg,case6,This is a colonoscopy frame from a patient with no polyps.
Sun_Multimodal/Train_Negative/case5_negative_img_00760.jpg,case5,This is a colonoscopy frame from a patient with no polyps.
Sun_Multimodal/Train_Negative/case5_negative_img_05799.jpg,case5,This is a colonoscopy frame from a patient with no polyps.
Sun_Multimodal/Train_Negative/case5_negative_img_07589.jpg,case5,This is a colonoscopy frame from a patient with no polyps.
Sun_Multimodal/Train_Negative/case3_negative_img_04294.jpg,case3,This is a colonoscopy frame from a patient with no polyps.
Sun_Multimodal/Train_Negative/case5_negative_img_02570.jpg,case5,This is a colonoscopy frame from a patient with no polyps.
Sun_Multimodal/Train_Negative/case13_negative_img_05147.jpg,case13,This is a colonoscopy frame from a patient with no polyps.
Sun_Multimodal/Train_Negative/case11_negative_img_00950.jpg,case11,This is a colonoscopy frame from a patient with no polyps.
Sun_Multimodal/Train_Negative/case12_negative_img_05530.jpg,case12,This is a colonoscopy frame from a patient with no polyps.
Sun_Multimodal/Train_Negative/case5_negative_img_03330.jpg,case5,This is a colonoscopy frame from a patient with no polyps.
Sun_Multimodal/Train_Negative/case5_negative_img_00582.jpg,case5,This is a colonoscopy frame from a patient with no polyps.
Sun_Multimodal/Train_Negative/case3_negative_img_03538.jpg,case3,This is a colonoscopy frame from a patient with no polyps.
Sun_Multimodal/Train_Negative/case11_negative_img_01703.jpg,case11,This is a colonoscopy frame from a patient with no polyps.
Sun_Multimodal/Train_Negative/case10_negative_img_00946.jpg,case10,This is a colonoscopy frame from a patient with no polyps.
Sun_Multimodal/Train_Negative/case8_negative_img_00907.jpg,case8,This is a colonoscopy frame from a patient with no polyps.
Sun_Multimodal/Train_Negative/case6_negative_img_09147.jpg,case6,This is a colonoscopy frame from a patient with no polyps.
Sun_Multimodal/Train_Negative/case11_negative_img_03720.jpg,case11,This is a colonoscopy frame from a patient with no polyps.
Sun_Multimodal/Train_Negative/case12_negative_img_05627.jpg,case12,This is a colonoscopy frame from a patient with no polyps.
Sun_Multimodal/Train_Negative/case11_negative_img_00635.jpg,case11,This is a colonoscopy frame from a patient with no polyps.
Sun_Multimodal/Train_Negative/case1_negative_img_00401.jpg,case1,This is a colonoscopy frame from a patient with no polyps.
Sun_Multimodal/Train_Negative/case10_negative_img_01402.jpg,case10,This is a colonoscopy frame from a patient with no polyps.
Sun_Multimodal/Train_Negative/case3_negative_img_05064.jpg,case3,This is a colonoscopy frame from a patient with no polyps.
Sun_Multimodal/Train_Negative/case10_negative_img_06068.jpg,case10,This is a colonoscopy frame from a patient with no polyps.
Sun_Multimodal/Train_Negative/case8_negative_img_01785.jpg,case8,This is a colonoscopy frame from a patient with no polyps.
Sun_Multimodal/Train_Negative/case10_negative_img_02176.jpg,case10,This is a colonoscopy frame from a patient with no polyps.
Sun_Multimodal/Train_Negative/case5_negative_img_00553.jpg,case5,This is a colonoscopy frame from a patient with no polyps.
Sun_Multimodal/Train_Negative/case12_negative_img_02998.jpg,case12,This is a colonoscopy frame from a patient with no polyps.
Sun_Multimodal/Train_Negative/case5_negative_img_06318.jpg,case5,This is a colonoscopy frame from a patient with no polyps.
Sun_Multimodal/Train_Negative/case12_negative_img_00518.jpg,case12,This is a colonoscopy frame from a patient with no polyps.
Sun_Multimodal/Train_Negative/case5_negative_img_07061.jpg,case5,This is a colonoscopy frame from a patient with no polyps.
Sun_Multimodal/Train_Negative/case3_negative_img_00662.jpg,case3,This is a colonoscopy frame from a patient with no polyps.
Sun_Multimodal/Train_Negative/case12_negative_img_04698.jpg,case12,This is a colonoscopy frame from a patient with no polyps.
Sun_Multimodal/Train_Negative/case1_negative_img_06312.jpg,case1,This is a colonoscopy frame from a patient with no polyps.
Sun_Multimodal/Train_Negative/case12_negative_img_03134.jpg,case12,This is a colonoscopy frame from a patient with no polyps.
Sun_Multimodal/Train_Negative/case6_negative_img_03252.jpg,case6,This is a colonoscopy frame from a patient with no polyps.
Sun_Multimodal/Train_Negative/case13_negative_img_03685.jpg,case13,This is a colonoscopy frame from a patient with no polyps.
Sun_Multimodal/Train_Negative/case5_negative_img_05423.jpg,case5,This is a colonoscopy frame from a patient with no polyps.
Sun_Multimodal/Train_Negative/case10_negative_img_02758.jpg,case10,This is a colonoscopy frame from a patient with no polyps.
Sun_Multimodal/Train_Negative/case2_negative_img_03476.jpg,case2,This is a colonoscopy frame from a patient with no polyps.
Sun_Multimodal/Train_Negative/case8_negative_img_02378.jpg,case8,This is a colonoscopy frame from a patient with no polyps.
Sun_Multimodal/Train_Negative/case13_negative_img_03639.jpg,case13,This is a colonoscopy frame from a patient with no polyps.
Sun_Multimodal/Train_Negative/case11_negative_img_03970.jpg,case11,This is a colonoscopy frame from a patient with no polyps.
Sun_Multimodal/Train_Negative/case6_negative_img_08525.jpg,case6,This is a colonoscopy frame from a patient with no polyps.
Sun_Multimodal/Train_Negative/case5_negative_img_02445.jpg,case5,This is a colonoscopy frame from a patient with no polyps.
Sun_Multimodal/Train_Negative/case11_negative_img_00865.jpg,case11,This is a colonoscopy frame from a patient with no polyps.
Sun_Multimodal/Train_Negative/case3_negative_img_00518.jpg,case3,This is a colonoscopy frame from a patient with no polyps.
Sun_Multimodal/Train_Negative/case11_negative_img_04509.jpg,case11,This is a colonoscopy frame from a patient with no polyps.
Sun_Multimodal/Train_Negative/case11_negative_img_03163.jpg,case11,This is a colonoscopy frame from a patient with no polyps.
Sun_Multimodal/Train_Negative/case3_negative_img_05627.jpg,case3,This is a colonoscopy frame from a patient with no polyps.
Sun_Multimodal/Train_Negative/case1_negative_img_00242.jpg,case1,This is a colonoscopy frame from a patient with no polyps.
Sun_Multimodal/Train_Negative/case12_negative_img_05064.jpg,case12,This is a colonoscopy frame from a patient with no polyps.
Sun_Multimodal/Train_Negative/case13_negative_img_04957.jpg,case13,This is a colonoscopy frame from a patient with no polyps.
Sun_Multimodal/Train_Negative/case10_negative_img_01290.jpg,case10,This is a colonoscopy frame from a patient with no polyps.
Sun_Multimodal/Train_Negative/case2_negative_img_05281.jpg,case2,This is a colonoscopy frame from a patient with no polyps.
Sun_Multimodal/Train_Negative/case12_negative_img_06607.jpg,case12,This is a colonoscopy frame from a patient with no polyps.
Sun_Multimodal/Train_Negative/case8_negative_img_01576.jpg,case8,This is a colonoscopy frame from a patient with no polyps.
Sun_Multimodal/Train_Negative/case3_negative_img_05530.jpg,case3,This is a colonoscopy frame from a patient with no polyps.
Sun_Multimodal/Train_Negative/case12_negative_img_03538.jpg,case12,This is a colonoscopy frame from a patient with no polyps.
Sun_Multimodal/Train_Negative/case8_negative_img_01117.jpg,case8,This is a colonoscopy frame from a patient with no polyps.
Sun_Multimodal/Train_Negative/case11_negative_img_03274.jpg,case11,This is a colonoscopy frame from a patient with no polyps.
Sun_Multimodal/Train_Negative/case5_negative_img_00466.jpg,case5,This is a colonoscopy frame from a patient with no polyps.
Sun_Multimodal/Train_Negative/case1_negative_img_07815.jpg,case1,This is a colonoscopy frame from a patient with no polyps.
Sun_Multimodal/Train_Negative/case8_negative_img_01389.jpg,case8,This is a colonoscopy frame from a patient with no polyps.
Sun_Multimodal/Train_Negative/case6_negative_img_10894.jpg,case6,This is a colonoscopy frame from a patient with no polyps.
Sun_Multimodal/Train_Negative/case11_negative_img_00658.jpg,case11,This is a colonoscopy frame from a patient with no polyps.
Sun_Multimodal/Train_Negative/case13_negative_img_00911.jpg,case13,This is a colonoscopy frame from a patient with no polyps.
Sun_Multimodal/Train_Negative/case12_negative_img_03812.jpg,case12,This is a colonoscopy frame from a patient with no polyps.
Sun_Multimodal/Train_Negative/case3_negative_img_01200.jpg,case3,This is a colonoscopy frame from a patient with no polyps.
Sun_Multimodal/Train_Negative/case10_negative_img_04781.jpg,case10,This is a colonoscopy frame from a patient with no polyps.
Sun_Multimodal/Train_Negative/case8_negative_img_00179.jpg,case8,This is a colonoscopy frame from a patient with no polyps.
Sun_Multimodal/Train_Negative/case2_negative_img_00824.jpg,case2,This is a colonoscopy frame from a patient with no polyps.
Sun_Multimodal/Train_Negative/case3_negative_img_04698.jpg,case3,This is a colonoscopy frame from a patient with no polyps.
Sun_Multimodal/Train_Negative/case12_negative_img_00662.jpg,case12,This is a colonoscopy frame from a patient with no polyps.
Sun_Multimodal/Train_Negative/case5_negative_img_04090.jpg,case5,This is a colonoscopy frame from a patient with no polyps.
Sun_Multimodal/Train_Negative/case6_negative_img_10172.jpg,case6,This is a colonoscopy frame from a patient with no polyps.
Sun_Multimodal/Train_Negative/case10_negative_img_03109.jpg,case10,This is a colonoscopy frame from a patient with no polyps.
Sun_Multimodal/Train_Negative/case1_negative_img_05560.jpg,case1,This is a colonoscopy frame from a patient with no polyps.
Sun_Multimodal/Train_Negative/case10_negative_img_04563.jpg,case10,This is a colonoscopy frame from a patient with no polyps.
Sun_Multimodal/Train_Negative/case5_negative_img_02058.jpg,case5,This is a colonoscopy frame from a patient with no polyps.
Sun_Multimodal/Train_Negative/case1_negative_img_08347.jpg,case1,This is a colonoscopy frame from a patient with no polyps.
Sun_Multimodal/Train_Negative/case2_negative_img_01495.jpg,case2,This is a colonoscopy frame from a patient with no polyps.
Sun_Multimodal/Train_Negative/case5_negative_img_04613.jpg,case5,This is a colonoscopy frame from a patient with no polyps.
Sun_Multimodal/Train_Negative/case3_negative_img_03010.jpg,case3,This is a colonoscopy frame from a patient with no polyps.
Sun_Multimodal/Train_Negative/case6_negative_img_13370.jpg,case6,This is a colonoscopy frame from a patient with no polyps.
Sun_Multimodal/Train_Negative/case12_negative_img_03125.jpg,case12,This is a colonoscopy frame from a patient with no polyps.
Sun_Multimodal/Train_Negative/case10_negative_img_06932.jpg,case10,This is a colonoscopy frame from a patient with no polyps.
Sun_Multimodal/Train_Negative/case6_negative_img_01177.jpg,case6,This is a colonoscopy frame from a patient with no polyps.
Sun_Multimodal/Train_Negative/case12_negative_img_00797.jpg,case12,This is a colonoscopy frame from a patient with no polyps.
Sun_Multimodal/Train_Negative/case1_negative_img_01308.jpg,case1,This is a colonoscopy frame from a patient with no polyps.
Sun_Multimodal/Train_Negative/case2_negative_img_05928.jpg,case2,This is a colonoscopy frame from a patient with no polyps.
Sun_Multimodal/Train_Negative/case3_negative_img_02935.jpg,case3,This is a colonoscopy frame from a patient with no polyps.
Sun_Multimodal/Train_Negative/case5_negative_img_04504.jpg,case5,This is a colonoscopy frame from a patient with no polyps.
Sun_Multimodal/Train_Negative/case3_negative_img_06459.jpg,case3,This is a colonoscopy frame from a patient with no polyps.
Sun_Multimodal/Train_Negative/case1_negative_img_00129.jpg,case1,This is a colonoscopy frame from a patient with no polyps.
Sun_Multimodal/Train_Negative/case3_negative_img_00212.jpg,case3,This is a colonoscopy frame from a patient with no polyps.
Sun_Multimodal/Train_Negative/case3_negative_img_01452.jpg,case3,This is a colonoscopy frame from a patient with no polyps.
Sun_Multimodal/Train_Negative/case6_negative_img_15811.jpg,case6,This is a colonoscopy frame from a patient with no polyps.
Sun_Multimodal/Train_Negative/case2_negative_img_00889.jpg,case2,This is a colonoscopy frame from a patient with no polyps.
Sun_Multimodal/Train_Negative/case1_negative_img_00410.jpg,case1,This is a colonoscopy frame from a patient with no polyps.
Sun_Multimodal/Train_Negative/case6_negative_img_05696.jpg,case6,This is a colonoscopy frame from a patient with no polyps.
Sun_Multimodal/Train_Negative/case10_negative_img_02974.jpg,case10,This is a colonoscopy frame from a patient with no polyps.
Sun_Multimodal/Train_Negative/case8_negative_img_01820.jpg,case8,This is a colonoscopy frame from a patient with no polyps.
Sun_Multimodal/Train_Negative/case11_negative_img_03731.jpg,case11,This is a colonoscopy frame from a patient with no polyps.
Sun_Multimodal/Train_Negative/case10_negative_img_06418.jpg,case10,This is a colonoscopy frame from a patient with no polyps.
Sun_Multimodal/Train_Negative/case6_negative_img_04771.jpg,case6,This is a colonoscopy frame from a patient with no polyps.
Sun_Multimodal/Train_Negative/case10_negative_img_01072.jpg,case10,This is a colonoscopy frame from a patient with no polyps.
Sun_Multimodal/Train_Negative/case5_negative_img_03457.jpg,case5,This is a colonoscopy frame from a patient with no polyps.
Sun_Multimodal/Train_Negative/case2_negative_img_04184.jpg,case2,This is a colonoscopy frame from a patient with no polyps.
Sun_Multimodal/Train_Negative/case12_negative_img_05257.jpg,case12,This is a colonoscopy frame from a patient with no polyps.
Sun_Multimodal/Train_Negative/case8_negative_img_01794.jpg,case8,This is a colonoscopy frame from a patient with no polyps.
Sun_Multimodal/Train_Negative/case8_negative_img_01033.jpg,case8,This is a colonoscopy frame from a patient with no polyps.
Sun_Multimodal/Train_Negative/case12_negative_img_02989.jpg,case12,This is a colonoscopy frame from a patient with no polyps.
Sun_Multimodal/Train_Negative/case10_negative_img_02167.jpg,case10,This is a colonoscopy frame from a patient with no polyps.
Sun_Multimodal/Train_Negative/case11_negative_img_02266.jpg,case11,This is a colonoscopy frame from a patient with no polyps.
Sun_Multimodal/Train_Negative/case1_negative_img_03612.jpg,case1,This is a colonoscopy frame from a patient with no polyps.
Sun_Multimodal/Train_Negative/case5_negative_img_01806.jpg,case5,This is a colonoscopy frame from a patient with no polyps.
Sun_Multimodal/Train_Negative/case13_negative_img_00608.jpg,case13,This is a colonoscopy frame from a patient with no polyps.
Sun_Multimodal/Train_Negative/case1_negative_img_01147.jpg,case1,This is a colonoscopy frame from a patient with no polyps.
Sun_Multimodal/Train_Negative/case12_negative_img_05953.jpg,case12,This is a colonoscopy frame from a patient with no polyps.
Sun_Multimodal/Train_Negative/case11_negative_img_00941.jpg,case11,This is a colonoscopy frame from a patient with no polyps.
Sun_Multimodal/Train_Negative/case8_negative_img_01324.jpg,case8,This is a colonoscopy frame from a patient with no polyps.
Sun_Multimodal/Train_Negative/case2_negative_img_07386.jpg,case2,This is a colonoscopy frame from a patient with no polyps.
Sun_Multimodal/Train_Negative/case6_negative_img_16200.jpg,case6,This is a colonoscopy frame from a patient with no polyps.
Sun_Multimodal/Train_Negative/case8_negative_img_01483.jpg,case8,This is a colonoscopy frame from a patient with no polyps.
Sun_Multimodal/Train_Negative/case11_negative_img_02607.jpg,case11,This is a colonoscopy frame from a patient with no polyps.
Sun_Multimodal/Train_Negative/case8_negative_img_00564.jpg,case8,This is a colonoscopy frame from a patient with no polyps.
Sun_Multimodal/Train_Negative/case10_negative_img_00525.jpg,case10,This is a colonoscopy frame from a patient with no polyps.
Sun_Multimodal/Train_Negative/case8_negative_img_02231.jpg,case8,This is a colonoscopy frame from a patient with no polyps.
Sun_Multimodal/Train_Negative/case6_negative_img_03295.jpg,case6,This is a colonoscopy frame from a patient with no polyps.
Sun_Multimodal/Train_Negative/case11_negative_img_04572.jpg,case11,This is a colonoscopy frame from a patient with no polyps.
Sun_Multimodal/Train_Negative/case3_negative_img_00563.jpg,case3,This is a colonoscopy frame from a patient with no polyps.
Sun_Multimodal/Train_Negative/case1_negative_img_08086.jpg,case1,This is a colonoscopy frame from a patient with no polyps.
Sun_Multimodal/Train_Negative/case10_negative_img_05745.jpg,case10,This is a colonoscopy frame from a patient with no polyps.
Sun_Multimodal/Train_Negative/case12_negative_img_02475.jpg,case12,This is a colonoscopy frame from a patient with no polyps.
Sun_Multimodal/Train_Negative/case3_negative_img_03804.jpg,case3,This is a colonoscopy frame from a patient with no polyps.
Sun_Multimodal/Train_Negative/case5_negative_img_05435.jpg,case5,This is a colonoscopy frame from a patient with no polyps.
Sun_Multimodal/Train_Negative/case10_negative_img_05324.jpg,case10,This is a colonoscopy frame from a patient with no polyps.
Sun_Multimodal/Train_Negative/case6_negative_img_14878.jpg,case6,This is a colonoscopy frame from a patient with no polyps.
Sun_Multimodal/Train_Negative/case2_negative_img_06499.jpg,case2,This is a colonoscopy frame from a patient with no polyps.
Sun_Multimodal/Train_Negative/case8_negative_img_00849.jpg,case8,This is a colonoscopy frame from a patient with no polyps.
Sun_Multimodal/Train_Negative/case13_negative_img_03584.jpg,case13,This is a colonoscopy frame from a patient with no polyps.
Sun_Multimodal/Train_Negative/case10_negative_img_06231.jpg,case10,This is a colonoscopy frame from a patient with no polyps.
Sun_Multimodal/Train_Negative/case12_negative_img_03122.jpg,case12,This is a colonoscopy frame from a patient with no polyps.
Sun_Multimodal/Train_Negative/case11_negative_img_02789.jpg,case11,This is a colonoscopy frame from a patient with no polyps.
Sun_Multimodal/Train_Negative/case8_negative_img_00898.jpg,case8,This is a colonoscopy frame from a patient with no polyps.
Sun_Multimodal/Train_Negative/case3_negative_img_06798.jpg,case3,This is a colonoscopy frame from a patient with no polyps.
Sun_Multimodal/Train_Negative/case13_negative_img_01200.jpg,case13,This is a colonoscopy frame from a patient with no polyps.
Sun_Multimodal/Train_Negative/case10_negative_img_04212.jpg,case10,This is a colonoscopy frame from a patient with no polyps.
Sun_Multimodal/Train_Negative/case3_negative_img_01034.jpg,case3,This is a colonoscopy frame from a patient with no polyps.
Sun_Multimodal/Train_Negative/case5_negative_img_07077.jpg,case5,This is a colonoscopy frame from a patient with no polyps.
Sun_Multimodal/Train_Negative/case2_negative_img_01443.jpg,case2,This is a colonoscopy frame from a patient with no polyps.
Sun_Multimodal/Train_Negative/case5_negative_img_05343.jpg,case5,This is a colonoscopy frame from a patient with no polyps.
Sun_Multimodal/Train_Negative/case13_negative_img_02774.jpg,case13,This is a colonoscopy frame from a patient with no polyps.
Sun_Multimodal/Train_Negative/case6_negative_img_00884.jpg,case6,This is a colonoscopy frame from a patient with no polyps.
Sun_Multimodal/Train_Negative/case5_negative_img_05896.jpg,case5,This is a colonoscopy frame from a patient with no polyps.
Sun_Multimodal/Train_Negative/case8_negative_img_02079.jpg,case8,This is a colonoscopy frame from a patient with no polyps.
Sun_Multimodal/Train_Negative/case12_negative_img_01216.jpg,case12,This is a colonoscopy frame from a patient with no polyps.
Sun_Multimodal/Train_Negative/case2_negative_img_08222.jpg,case2,This is a colonoscopy frame from a patient with no polyps.
Sun_Multimodal/Train_Negative/case11_negative_img_00623.jpg,case11,This is a colonoscopy frame from a patient with no polyps.
Sun_Multimodal/Train_Negative/case10_negative_img_05978.jpg,case10,This is a colonoscopy frame from a patient with no polyps.
Sun_Multimodal/Train_Negative/case5_negative_img_01764.jpg,case5,This is a colonoscopy frame from a patient with no polyps.
Sun_Multimodal/Train_Negative/case11_negative_img_03091.jpg,case11,This is a colonoscopy frame from a patient with no polyps.
Sun_Multimodal/Train_Negative/case3_negative_img_07080.jpg,case3,This is a colonoscopy frame from a patient with no polyps.
Sun_Multimodal/Train_Negative/case10_negative_img_03894.jpg,case10,This is a colonoscopy frame from a patient with no polyps.
Sun_Multimodal/Train_Negative/case6_negative_img_00668.jpg,case6,This is a colonoscopy frame from a patient with no polyps.
Sun_Multimodal/Train_Negative/case10_negative_img_02501.jpg,case10,This is a colonoscopy frame from a patient with no polyps.
Sun_Multimodal/Train_Negative/case1_negative_img_03502.jpg,case1,This is a colonoscopy frame from a patient with no polyps.
Sun_Multimodal/Train_Negative/case8_negative_img_00215.jpg,case8,This is a colonoscopy frame from a patient with no polyps.
Sun_Multimodal/Train_Negative/case8_negative_img_00674.jpg,case8,This is a colonoscopy frame from a patient with no polyps.
Sun_Multimodal/Train_Negative/case8_negative_img_01793.jpg,case8,This is a colonoscopy frame from a patient with no polyps.
Sun_Multimodal/Train_Negative/case11_negative_img_03386.jpg,case11,This is a colonoscopy frame from a patient with no polyps.
Sun_Multimodal/Train_Negative/case2_negative_img_02719.jpg,case2,This is a colonoscopy frame from a patient with no polyps.
Sun_Multimodal/Train_Negative/case11_negative_img_03853.jpg,case11,This is a colonoscopy frame from a patient with no polyps.
Sun_Multimodal/Train_Negative/case6_negative_img_14133.jpg,case6,This is a colonoscopy frame from a patient with no polyps.
Sun_Multimodal/Train_Negative/case3_negative_img_00849.jpg,case3,This is a colonoscopy frame from a patient with no polyps.
Sun_Multimodal/Train_Negative/case1_negative_img_09039.jpg,case1,This is a colonoscopy frame from a patient with no polyps.
Sun_Multimodal/Train_Negative/case13_negative_img_04711.jpg,case13,This is a colonoscopy frame from a patient with no polyps.
Sun_Multimodal/Train_Negative/case1_negative_img_01140.jpg,case1,This is a colonoscopy frame from a patient with no polyps.
Sun_Multimodal/Train_Negative/case3_negative_img_04957.jpg,case3,This is a colonoscopy frame from a patient with no polyps.
Sun_Multimodal/Train_Negative/case8_negative_img_00563.jpg,case8,This is a colonoscopy frame from a patient with no polyps.
Sun_Multimodal/Train_Negative/case11_negative_img_02600.jpg,case11,This is a colonoscopy frame from a patient with no polyps.
Sun_Multimodal/Train_Negative/case10_negative_img_02277.jpg,case10,This is a colonoscopy frame from a patient with no polyps.
Sun_Multimodal/Train_Negative/case10_negative_img_03437.jpg,case10,This is a colonoscopy frame from a patient with no polyps.
Sun_Multimodal/Train_Negative/case12_negative_img_05147.jpg,case12,This is a colonoscopy frame from a patient with no polyps.
Sun_Multimodal/Train_Negative/case12_negative_img_01059.jpg,case12,This is a colonoscopy frame from a patient with no polyps.
Sun_Multimodal/Train_Negative/case1_negative_img_02171.jpg,case1,This is a colonoscopy frame from a patient with no polyps.
Sun_Multimodal/Train_Negative/case13_negative_img_03199.jpg,case13,This is a colonoscopy frame from a patient with no polyps.
Sun_Multimodal/Train_Negative/case8_negative_img_00026.jpg,case8,This is a colonoscopy frame from a patient with no polyps.
Sun_Multimodal/Train_Negative/case11_negative_img_02724.jpg,case11,This is a colonoscopy frame from a patient with no polyps.
Sun_Multimodal/Train_Negative/case8_negative_img_00447.jpg,case8,This is a colonoscopy frame from a patient with no polyps.
Sun_Multimodal/Train_Negative/case6_negative_img_05764.jpg,case6,This is a colonoscopy frame from a patient with no polyps.
Sun_Multimodal/Train_Negative/case13_negative_img_05866.jpg,case13,This is a colonoscopy frame from a patient with no polyps.
Sun_Multimodal/Train_Negative/case1_negative_img_01877.jpg,case1,This is a colonoscopy frame from a patient with no polyps.
Sun_Multimodal/Train_Negative/case10_negative_img_05358.jpg,case10,This is a colonoscopy frame from a patient with no polyps.
Sun_Multimodal/Train_Negative/case6_negative_img_06671.jpg,case6,This is a colonoscopy frame from a patient with no polyps.
Sun_Multimodal/Train_Negative/case2_negative_img_00509.jpg,case2,This is a colonoscopy frame from a patient with no polyps.
Sun_Multimodal/Train_Negative/case13_negative_img_04254.jpg,case13,This is a colonoscopy frame from a patient with no polyps.
Sun_Multimodal/Train_Negative/case3_negative_img_05187.jpg,case3,This is a colonoscopy frame from a patient with no polyps.
Sun_Multimodal/Train_Negative/case6_negative_img_11328.jpg,case6,This is a colonoscopy frame from a patient with no polyps.
Sun_Multimodal/Train_Negative/case6_negative_img_14300.jpg,case6,This is a colonoscopy frame from a patient with no polyps.
Sun_Multimodal/Train_Negative/case2_negative_img_09934.jpg,case2,This is a colonoscopy frame from a patient with no polyps.
Sun_Multimodal/Train_Negative/case3_negative_img_00608.jpg,case3,This is a colonoscopy frame from a patient with no polyps.
Sun_Multimodal/Train_Negative/case1_negative_img_08838.jpg,case1,This is a colonoscopy frame from a patient with no polyps.
Sun_Multimodal/Train_Negative/case8_negative_img_02464.jpg,case8,This is a colonoscopy frame from a patient with no polyps.
Sun_Multimodal/Train_Negative/case13_negative_img_06277.jpg,case13,This is a colonoscopy frame from a patient with no polyps.
Sun_Multimodal/Train_Negative/case10_negative_img_03265.jpg,case10,This is a colonoscopy frame from a patient with no polyps.
Sun_Multimodal/Train_Negative/case1_negative_img_03854.jpg,case1,This is a colonoscopy frame from a patient with no polyps.
Sun_Multimodal/Train_Negative/case11_negative_img_02052.jpg,case11,This is a colonoscopy frame from a patient with no polyps.
Sun_Multimodal/Train_Negative/case8_negative_img_00331.jpg,case8,This is a colonoscopy frame from a patient with no polyps.
Sun_Multimodal/Train_Negative/case6_negative_img_15121.jpg,case6,This is a colonoscopy frame from a patient with no polyps.
Sun_Multimodal/Train_Negative/case8_negative_img_02005.jpg,case8,This is a colonoscopy frame from a patient with no polyps.
Sun_Multimodal/Train_Negative/case13_negative_img_05703.jpg,case13,This is a colonoscopy frame from a patient with no polyps.
Sun_Multimodal/Train_Negative/case12_negative_img_04293.jpg,case12,This is a colonoscopy frame from a patient with no polyps.
Sun_Multimodal/Train_Negative/case5_negative_img_03906.jpg,case5,This is a colonoscopy frame from a patient with no polyps.
Sun_Multimodal/Train_Negative/case3_negative_img_00269.jpg,case3,This is a colonoscopy frame from a patient with no polyps.
Sun_Multimodal/Train_Negative/case11_negative_img_02394.jpg,case11,This is a colonoscopy frame from a patient with no polyps.
Sun_Multimodal/Train_Negative/case12_negative_img_06261.jpg,case12,This is a colonoscopy frame from a patient with no polyps.
Sun_Multimodal/Train_Negative/case1_negative_img_07812.jpg,case1,This is a colonoscopy frame from a patient with no polyps.
Sun_Multimodal/Train_Negative/case1_negative_img_05492.jpg,case1,This is a colonoscopy frame from a patient with no polyps.
Sun_Multimodal/Train_Negative/case11_negative_img_04741.jpg,case11,This is a colonoscopy frame from a patient with no polyps.
Sun_Multimodal/Train_Negative/case6_negative_img_15418.jpg,case6,This is a colonoscopy frame from a patient with no polyps.
Sun_Multimodal/Train_Negative/case6_negative_img_05959.jpg,case6,This is a colonoscopy frame from a patient with no polyps.
Sun_Multimodal/Train_Negative/case5_negative_img_05267.jpg,case5,This is a colonoscopy frame from a patient with no polyps.
Sun_Multimodal/Train_Negative/case8_negative_img_00608.jpg,case8,This is a colonoscopy frame from a patient with no polyps.
Sun_Multimodal/Train_Negative/case13_negative_img_03010.jpg,case13,This is a colonoscopy frame from a patient with no polyps.
Sun_Multimodal/Train_Negative/case6_negative_img_10727.jpg,case6,This is a colonoscopy frame from a patient with no polyps.
Sun_Multimodal/Train_Negative/case6_negative_img_10080.jpg,case6,This is a colonoscopy frame from a patient with no polyps.
Sun_Multimodal/Train_Negative/case5_negative_img_07532.jpg,case5,This is a colonoscopy frame from a patient with no polyps.
Sun_Multimodal/Train_Negative/case2_negative_img_00746.jpg,case2,This is a colonoscopy frame from a patient with no polyps.
Sun_Multimodal/Train_Negative/case1_negative_img_05754.jpg,case1,This is a colonoscopy frame from a patient with no polyps.
Sun_Multimodal/Train_Negative/case3_negative_img_05319.jpg,case3,This is a colonoscopy frame from a patient with no polyps.
Sun_Multimodal/Train_Negative/case1_negative_img_09045.jpg,case1,This is a colonoscopy frame from a patient with no polyps.
Sun_Multimodal/Train_Negative/case10_negative_img_04786.jpg,case10,This is a colonoscopy frame from a patient with no polyps.
Sun_Multimodal/Train_Negative/case2_negative_img_01670.jpg,case2,This is a colonoscopy frame from a patient with no polyps.
Sun_Multimodal/Train_Negative/case10_negative_img_05661.jpg,case10,This is a colonoscopy frame from a patient with no polyps.
Sun_Multimodal/Train_Negative/case5_negative_img_04351.jpg,case5,This is a colonoscopy frame from a patient with no polyps.
Sun_Multimodal/Train_Negative/case6_negative_img_00503.jpg,case6,This is a colonoscopy frame from a patient with no polyps.
Sun_Multimodal/Train_Negative/case2_negative_img_03682.jpg,case2,This is a colonoscopy frame from a patient with no polyps.
Sun_Multimodal/Train_Negative/case2_negative_img_01211.jpg,case2,This is a colonoscopy frame from a patient with no polyps.
Sun_Multimodal/Train_Negative/case6_negative_img_14289.jpg,case6,This is a colonoscopy frame from a patient with no polyps.
Sun_Multimodal/Train_Negative/case1_negative_img_05443.jpg,case1,This is a colonoscopy frame from a patient with no polyps.
Sun_Multimodal/Train_Negative/case13_negative_img_01452.jpg,case13,This is a colonoscopy frame from a patient with no polyps.
Sun_Multimodal/Train_Negative/case5_negative_img_05170.jpg,case5,This is a colonoscopy frame from a patient with no polyps.
Sun_Multimodal/Train_Negative/case2_negative_img_07828.jpg,case2,This is a colonoscopy frame from a patient with no polyps.
Sun_Multimodal/Train_Negative/case5_negative_img_04730.jpg,case5,This is a colonoscopy frame from a patient with no polyps.
Sun_Multimodal/Train_Negative/case12_negative_img_03770.jpg,case12,This is a colonoscopy frame from a patient with no polyps.
Sun_Multimodal/Train_Negative/case11_negative_img_02490.jpg,case11,This is a colonoscopy frame from a patient with no polyps.
Sun_Multimodal/Train_Negative/case12_negative_img_06565.jpg,case12,This is a colonoscopy frame from a patient with no polyps.
Sun_Multimodal/Train_Negative/case3_negative_img_02238.jpg,case3,This is a colonoscopy frame from a patient with no polyps.
Sun_Multimodal/Train_Negative/case2_negative_img_07111.jpg,case2,This is a colonoscopy frame from a patient with no polyps.
Sun_Multimodal/Train_Negative/case6_negative_img_01269.jpg,case6,This is a colonoscopy frame from a patient with no polyps.
Sun_Multimodal/Train_Negative/case13_negative_img_04647.jpg,case13,This is a colonoscopy frame from a patient with no polyps.
Sun_Multimodal/Train_Negative/case1_negative_img_05108.jpg,case1,This is a colonoscopy frame from a patient with no polyps.
Sun_Multimodal/Train_Negative/case2_negative_img_02589.jpg,case2,This is a colonoscopy frame from a patient with no polyps.
Sun_Multimodal/Train_Negative/case2_negative_img_07570.jpg,case2,This is a colonoscopy frame from a patient with no polyps.
Sun_Multimodal/Train_Negative/case5_negative_img_01144.jpg,case5,This is a colonoscopy frame from a patient with no polyps.
Sun_Multimodal/Train_Negative/case11_negative_img_02756.jpg,case11,This is a colonoscopy frame from a patient with no polyps.
Sun_Multimodal/Train_Negative/case3_negative_img_02688.jpg,case3,This is a colonoscopy frame from a patient with no polyps.
Sun_Multimodal/Train_Negative/case2_negative_img_04772.jpg,case2,This is a colonoscopy frame from a patient with no polyps.
Sun_Multimodal/Train_Negative/case5_negative_img_07418.jpg,case5,This is a colonoscopy frame from a patient with no polyps.
Sun_Multimodal/Train_Negative/case8_negative_img_02077.jpg,case8,This is a colonoscopy frame from a patient with no polyps.
Sun_Multimodal/Train_Negative/case11_negative_img_00314.jpg,case11,This is a colonoscopy frame from a patient with no polyps.
Sun_Multimodal/Train_Negative/case12_negative_img_05306.jpg,case12,This is a colonoscopy frame from a patient with no polyps.
Sun_Multimodal/Train_Negative/case10_negative_img_06128.jpg,case10,This is a colonoscopy frame from a patient with no polyps.
Sun_Multimodal/Train_Negative/case5_negative_img_01253.jpg,case5,This is a colonoscopy frame from a patient with no polyps.
Sun_Multimodal/Train_Negative/case10_negative_img_03676.jpg,case10,This is a colonoscopy frame from a patient with no polyps.
Sun_Multimodal/Train_Negative/case6_negative_img_04994.jpg,case6,This is a colonoscopy frame from a patient with no polyps.
Sun_Multimodal/Train_Negative/case13_negative_img_03871.jpg,case13,This is a colonoscopy frame from a patient with no polyps.
Sun_Multimodal/Train_Negative/case1_negative_img_04507.jpg,case1,This is a colonoscopy frame from a patient with no polyps.
Sun_Multimodal/Train_Negative/case3_negative_img_00722.jpg,case3,This is a colonoscopy frame from a patient with no polyps.
Sun_Multimodal/Train_Negative/case11_negative_img_03359.jpg,case11,This is a colonoscopy frame from a patient with no polyps.
Sun_Multimodal/Train_Negative/case3_negative_img_02416.jpg,case3,This is a colonoscopy frame from a patient with no polyps.
Sun_Multimodal/Train_Negative/case5_negative_img_00939.jpg,case5,This is a colonoscopy frame from a patient with no polyps.
Sun_Multimodal/Train_Negative/case13_negative_img_02185.jpg,case13,This is a colonoscopy frame from a patient with no polyps.
Sun_Multimodal/Train_Negative/case1_negative_img_09741.jpg,case1,This is a colonoscopy frame from a patient with no polyps.
Sun_Multimodal/Train_Negative/case11_negative_img_04352.jpg,case11,This is a colonoscopy frame from a patient with no polyps.
Sun_Multimodal/Train_Negative/case5_negative_img_07591.jpg,case5,This is a colonoscopy frame from a patient with no polyps.
Sun_Multimodal/Train_Negative/case11_negative_img_00948.jpg,case11,This is a colonoscopy frame from a patient with no polyps.
Sun_Multimodal/Train_Negative/case3_negative_img_01275.jpg,case3,This is a colonoscopy frame from a patient with no polyps.
Sun_Multimodal/Train_Negative/case11_negative_img_04424.jpg,case11,This is a colonoscopy frame from a patient with no polyps.
Sun_Multimodal/Train_Negative/case5_negative_img_04323.jpg,case5,This is a colonoscopy frame from a patient with no polyps.
Sun_Multimodal/Train_Negative/case12_negative_img_04709.jpg,case12,This is a colonoscopy frame from a patient with no polyps.
Sun_Multimodal/Train_Negative/case12_negative_img_00617.jpg,case12,This is a colonoscopy frame from a patient with no polyps.
Sun_Multimodal/Train_Negative/case3_negative_img_02701.jpg,case3,This is a colonoscopy frame from a patient with no polyps.
Sun_Multimodal/Train_Negative/case10_negative_img_02279.jpg,case10,This is a colonoscopy frame from a patient with no polyps.
Sun_Multimodal/Train_Negative/case2_negative_img_06268.jpg,case2,This is a colonoscopy frame from a patient with no polyps.
Sun_Multimodal/Train_Negative/case12_negative_img_00887.jpg,case12,This is a colonoscopy frame from a patient with no polyps.
Sun_Multimodal/Train_Negative/case1_negative_img_04093.jpg,case1,This is a colonoscopy frame from a patient with no polyps.
Sun_Multimodal/Train_Negative/case10_negative_img_01629.jpg,case10,This is a colonoscopy frame from a patient with no polyps.
Sun_Multimodal/Train_Negative/case11_negative_img_04500.jpg,case11,This is a colonoscopy frame from a patient with no polyps.
Sun_Multimodal/Train_Negative/case6_negative_img_11747.jpg,case6,This is a colonoscopy frame from a patient with no polyps.
Sun_Multimodal/Train_Negative/case6_negative_img_12652.jpg,case6,This is a colonoscopy frame from a patient with no polyps.
Sun_Multimodal/Train_Negative/case11_negative_img_03979.jpg,case11,This is a colonoscopy frame from a patient with no polyps.
Sun_Multimodal/Train_Negative/case5_negative_img_01559.jpg,case5,This is a colonoscopy frame from a patient with no polyps.
Sun_Multimodal/Train_Negative/case13_negative_img_01976.jpg,case13,This is a colonoscopy frame from a patient with no polyps.
Sun_Multimodal/Train_Negative/case1_negative_img_05515.jpg,case1,This is a colonoscopy frame from a patient with no polyps.
Sun_Multimodal/Train_Negative/case1_negative_img_09572.jpg,case1,This is a colonoscopy frame from a patient with no polyps.
Sun_Multimodal/Train_Negative/case12_negative_img_01173.jpg,case12,This is a colonoscopy frame from a patient with no polyps.
Sun_Multimodal/Train_Negative/case5_negative_img_06694.jpg,case5,This is a colonoscopy frame from a patient with no polyps.
Sun_Multimodal/Train_Negative/case13_negative_img_00344.jpg,case13,This is a colonoscopy frame from a patient with no polyps.
Sun_Multimodal/Train_Negative/case8_negative_img_01209.jpg,case8,This is a colonoscopy frame from a patient with no polyps.
Sun_Multimodal/Train_Negative/case1_negative_img_07240.jpg,case1,This is a colonoscopy frame from a patient with no polyps.
Sun_Multimodal/Train_Negative/case13_negative_img_03984.jpg,case13,This is a colonoscopy frame from a patient with no polyps.
Sun_Multimodal/Train_Negative/case5_negative_img_05781.jpg,case5,This is a colonoscopy frame from a patient with no polyps.
Sun_Multimodal/Train_Negative/case5_negative_img_05750.jpg,case5,This is a colonoscopy frame from a patient with no polyps.
Sun_Multimodal/Train_Negative/case1_negative_img_02268.jpg,case1,This is a colonoscopy frame from a patient with no polyps.
Sun_Multimodal/Train_Negative/case2_negative_img_01396.jpg,case2,This is a colonoscopy frame from a patient with no polyps.
Sun_Multimodal/Train_Negative/case1_negative_img_04423.jpg,case1,This is a colonoscopy frame from a patient with no polyps.
Sun_Multimodal/Train_Negative/case1_negative_img_08836.jpg,case1,This is a colonoscopy frame from a patient with no polyps.
Sun_Multimodal/Train_Negative/case1_negative_img_02609.jpg,case1,This is a colonoscopy frame from a patient with no polyps.
Sun_Multimodal/Train_Negative/case3_negative_img_02532.jpg,case3,This is a colonoscopy frame from a patient with no polyps.
Sun_Multimodal/Train_Negative/case10_negative_img_00581.jpg,case10,This is a colonoscopy frame from a patient with no polyps.
Sun_Multimodal/Train_Negative/case8_negative_img_02295.jpg,case8,This is a colonoscopy frame from a patient with no polyps.
Sun_Multimodal/Train_Negative/case3_negative_img_04640.jpg,case3,This is a colonoscopy frame from a patient with no polyps.
Sun_Multimodal/Train_Negative/case13_negative_img_02598.jpg,case13,This is a colonoscopy frame from a patient with no polyps.
Sun_Multimodal/Train_Negative/case2_negative_img_06562.jpg,case2,This is a colonoscopy frame from a patient with no polyps.
Sun_Multimodal/Train_Negative/case2_negative_img_07485.jpg,case2,This is a colonoscopy frame from a patient with no polyps.
Sun_Multimodal/Train_Negative/case8_negative_img_01380.jpg,case8,This is a colonoscopy frame from a patient with no polyps.
Sun_Multimodal/Train_Negative/case13_negative_img_06321.jpg,case13,This is a colonoscopy frame from a patient with no polyps.
Sun_Multimodal/Train_Negative/case8_negative_img_01855.jpg,case8,This is a colonoscopy frame from a patient with no polyps.
Sun_Multimodal/Train_Negative/case11_negative_img_03744.jpg,case11,This is a colonoscopy frame from a patient with no polyps.
Sun_Multimodal/Train_Negative/case12_negative_img_06756.jpg,case12,This is a colonoscopy frame from a patient with no polyps.
Sun_Multimodal/Train_Negative/case11_negative_img_04489.jpg,case11,This is a colonoscopy frame from a patient with no polyps.
Sun_Multimodal/Train_Negative/case11_negative_img_01470.jpg,case11,This is a colonoscopy frame from a patient with no polyps.
Sun_Multimodal/Train_Negative/case3_negative_img_05813.jpg,case3,This is a colonoscopy frame from a patient with no polyps.
Sun_Multimodal/Train_Negative/case11_negative_img_00597.jpg,case11,This is a colonoscopy frame from a patient with no polyps.
Sun_Multimodal/Train_Negative/case5_negative_img_04429.jpg,case5,This is a colonoscopy frame from a patient with no polyps.
Sun_Multimodal/Train_Negative/case8_negative_img_01046.jpg,case8,This is a colonoscopy frame from a patient with no polyps.
Sun_Multimodal/Train_Negative/case11_negative_img_02213.jpg,case11,This is a colonoscopy frame from a patient with no polyps.
Sun_Multimodal/Train_Negative/case3_negative_img_04557.jpg,case3,This is a colonoscopy frame from a patient with no polyps.
Sun_Multimodal/Train_Negative/case3_negative_img_01209.jpg,case3,This is a colonoscopy frame from a patient with no polyps.
Sun_Multimodal/Train_Negative/case5_negative_img_02966.jpg,case5,This is a colonoscopy frame from a patient with no polyps.
Sun_Multimodal/Train_Negative/case8_negative_img_02182.jpg,case8,This is a colonoscopy frame from a patient with no polyps.
Sun_Multimodal/Train_Negative/case1_negative_img_00772.jpg,case1,This is a colonoscopy frame from a patient with no polyps.
Sun_Multimodal/Train_Negative/case3_negative_img_00449.jpg,case3,This is a colonoscopy frame from a patient with no polyps.
Sun_Multimodal/Train_Negative/case12_negative_img_01838.jpg,case12,This is a colonoscopy frame from a patient with no polyps.
Sun_Multimodal/Train_Negative/case8_negative_img_01351.jpg,case8,This is a colonoscopy frame from a patient with no polyps.
Sun_Multimodal/Train_Negative/case8_negative_img_01884.jpg,case8,This is a colonoscopy frame from a patient with no polyps.
Sun_Multimodal/Train_Negative/case2_negative_img_03938.jpg,case2,This is a colonoscopy frame from a patient with no polyps.
Sun_Multimodal/Train_Negative/case11_negative_img_04507.jpg,case11,This is a colonoscopy frame from a patient with no polyps.
Sun_Multimodal/Train_Negative/case13_negative_img_03637.jpg,case13,This is a colonoscopy frame from a patient with no polyps.
Sun_Multimodal/Train_Negative/case1_negative_img_06066.jpg,case1,This is a colonoscopy frame from a patient with no polyps.
Sun_Multimodal/Train_Negative/case2_negative_img_03074.jpg,case2,This is a colonoscopy frame from a patient with no polyps.
Sun_Multimodal/Train_Negative/case1_negative_img_04352.jpg,case1,This is a colonoscopy frame from a patient with no polyps.
Sun_Multimodal/Train_Negative/case13_negative_img_04988.jpg,case13,This is a colonoscopy frame from a patient with no polyps.
Sun_Multimodal/Train_Negative/case1_negative_img_00999.jpg,case1,This is a colonoscopy frame from a patient with no polyps.
Sun_Multimodal/Train_Negative/case13_negative_img_01971.jpg,case13,This is a colonoscopy frame from a patient with no polyps.
Sun_Multimodal/Train_Negative/case12_negative_img_01174.jpg,case12,This is a colonoscopy frame from a patient with no polyps.
Sun_Multimodal/Train_Negative/case13_negative_img_02864.jpg,case13,This is a colonoscopy frame from a patient with no polyps.
Sun_Multimodal/Train_Negative/case2_negative_img_02980.jpg,case2,This is a colonoscopy frame from a patient with no polyps.
Sun_Multimodal/Train_Negative/case2_negative_img_02951.jpg,case2,This is a colonoscopy frame from a patient with no polyps.
Sun_Multimodal/Train_Negative/case2_negative_img_02523.jpg,case2,This is a colonoscopy frame from a patient with no polyps.
Sun_Multimodal/Train_Negative/case10_negative_img_06295.jpg,case10,This is a colonoscopy frame from a patient with no polyps.
Sun_Multimodal/Train_Negative/case1_negative_img_08831.jpg,case1,This is a colonoscopy frame from a patient with no polyps.
Sun_Multimodal/Train_Negative/case13_negative_img_00392.jpg,case13,This is a colonoscopy frame from a patient with no polyps.
Sun_Multimodal/Train_Negative/case13_negative_img_02701.jpg,case13,This is a colonoscopy frame from a patient with no polyps.
Sun_Multimodal/Train_Negative/case5_negative_img_05491.jpg,case5,This is a colonoscopy frame from a patient with no polyps.
Sun_Multimodal/Train_Negative/case1_negative_img_07150.jpg,case1,This is a colonoscopy frame from a patient with no polyps.
Sun_Multimodal/Train_Negative/case8_negative_img_01119.jpg,case8,This is a colonoscopy frame from a patient with no polyps.
Sun_Multimodal/Train_Negative/case12_negative_img_03291.jpg,case12,This is a colonoscopy frame from a patient with no polyps.
Sun_Multimodal/Train_Negative/case3_negative_img_02292.jpg,case3,This is a colonoscopy frame from a patient with no polyps.
Sun_Multimodal/Train_Negative/case2_negative_img_04709.jpg,case2,This is a colonoscopy frame from a patient with no polyps.
Sun_Multimodal/Train_Negative/case11_negative_img_04271.jpg,case11,This is a colonoscopy frame from a patient with no polyps.
Sun_Multimodal/Train_Negative/case13_negative_img_04473.jpg,case13,This is a colonoscopy frame from a patient with no polyps.
Sun_Multimodal/Train_Negative/case8_negative_img_02535.jpg,case8,This is a colonoscopy frame from a patient with no polyps.
Sun_Multimodal/Train_Negative/case1_negative_img_01585.jpg,case1,This is a colonoscopy frame from a patient with no polyps.
Sun_Multimodal/Train_Negative/case13_negative_img_03478.jpg,case13,This is a colonoscopy frame from a patient with no polyps.
Sun_Multimodal/Train_Negative/case8_negative_img_01852.jpg,case8,This is a colonoscopy frame from a patient with no polyps.
Sun_Multimodal/Train_Negative/case10_negative_img_02574.jpg,case10,This is a colonoscopy frame from a patient with no polyps.
Sun_Multimodal/Train_Negative/case11_negative_img_00237.jpg,case11,This is a colonoscopy frame from a patient with no polyps.
Sun_Multimodal/Train_Negative/case12_negative_img_00909.jpg,case12,This is a colonoscopy frame from a patient with no polyps.
Sun_Multimodal/Train_Negative/case3_negative_img_05466.jpg,case3,This is a colonoscopy frame from a patient with no polyps.
Sun_Multimodal/Train_Negative/case6_negative_img_03369.jpg,case6,This is a colonoscopy frame from a patient with no polyps.
Sun_Multimodal/Train_Negative/case10_negative_img_03755.jpg,case10,This is a colonoscopy frame from a patient with no polyps.
Sun_Multimodal/Train_Negative/case1_negative_img_07008.jpg,case1,This is a colonoscopy frame from a patient with no polyps.
Sun_Multimodal/Train_Negative/case8_negative_img_01041.jpg,case8,This is a colonoscopy frame from a patient with no polyps.
Sun_Multimodal/Train_Negative/case12_negative_img_06446.jpg,case12,This is a colonoscopy frame from a patient with no polyps.
Sun_Multimodal/Train_Negative/case11_negative_img_03454.jpg,case11,This is a colonoscopy frame from a patient with no polyps.
Sun_Multimodal/Train_Negative/case8_negative_img_01737.jpg,case8,This is a colonoscopy frame from a patient with no polyps.
Sun_Multimodal/Train_Negative/case8_negative_img_02185.jpg,case8,This is a colonoscopy frame from a patient with no polyps.
Sun_Multimodal/Train_Negative/case12_negative_img_05553.jpg,case12,This is a colonoscopy frame from a patient with no polyps.
Sun_Multimodal/Train_Negative/case6_negative_img_07973.jpg,case6,This is a colonoscopy frame from a patient with no polyps.
Sun_Multimodal/Train_Negative/case8_negative_img_00516.jpg,case8,This is a colonoscopy frame from a patient with no polyps.
Sun_Multimodal/Train_Negative/case8_negative_img_01883.jpg,case8,This is a colonoscopy frame from a patient with no polyps.
Sun_Multimodal/Train_Negative/case6_negative_img_04075.jpg,case6,This is a colonoscopy frame from a patient with no polyps.
Sun_Multimodal/Train_Negative/case10_negative_img_00557.jpg,case10,This is a colonoscopy frame from a patient with no polyps.
Sun_Multimodal/Train_Negative/case5_negative_img_02172.jpg,case5,This is a colonoscopy frame from a patient with no polyps.
Sun_Multimodal/Train_Negative/case1_negative_img_02104.jpg,case1,This is a colonoscopy frame from a patient with no polyps.
Sun_Multimodal/Train_Negative/case5_negative_img_01950.jpg,case5,This is a colonoscopy frame from a patient with no polyps.
Sun_Multimodal/Train_Negative/case5_negative_img_00362.jpg,case5,This is a colonoscopy frame from a patient with no polyps.
Sun_Multimodal/Train_Negative/case11_negative_img_02330.jpg,case11,This is a colonoscopy frame from a patient with no polyps.
Sun_Multimodal/Train_Negative/case1_negative_img_08728.jpg,case1,This is a colonoscopy frame from a patient with no polyps.
Sun_Multimodal/Train_Negative/case11_negative_img_00817.jpg,case11,This is a colonoscopy frame from a patient with no polyps.
Sun_Multimodal/Train_Negative/case8_negative_img_01272.jpg,case8,This is a colonoscopy frame from a patient with no polyps.
Sun_Multimodal/Train_Negative/case11_negative_img_00004.jpg,case11,This is a colonoscopy frame from a patient with no polyps.
Sun_Multimodal/Train_Negative/case8_negative_img_02367.jpg,case8,This is a colonoscopy frame from a patient with no polyps.
Sun_Multimodal/Train_Negative/case12_negative_img_00748.jpg,case12,This is a colonoscopy frame from a patient with no polyps.
Sun_Multimodal/Train_Negative/case1_negative_img_08349.jpg,case1,This is a colonoscopy frame from a patient with no polyps.
Sun_Multimodal/Train_Negative/case13_negative_img_05813.jpg,case13,This is a colonoscopy frame from a patient with no polyps.
Sun_Multimodal/Train_Negative/case3_negative_img_05655.jpg,case3,This is a colonoscopy frame from a patient with no polyps.
Sun_Multimodal/Train_Negative/case11_negative_img_01695.jpg,case11,This is a colonoscopy frame from a patient with no polyps.
Sun_Multimodal/Train_Negative/case10_negative_img_01937.jpg,case10,This is a colonoscopy frame from a patient with no polyps.
Sun_Multimodal/Train_Negative/case8_negative_img_02411.jpg,case8,This is a colonoscopy frame from a patient with no polyps.
Sun_Multimodal/Train_Negative/case8_negative_img_01976.jpg,case8,This is a colonoscopy frame from a patient with no polyps.
Sun_Multimodal/Train_Negative/case6_negative_img_12299.jpg,case6,This is a colonoscopy frame from a patient with no polyps.
Sun_Multimodal/Train_Negative/case12_negative_img_04541.jpg,case12,This is a colonoscopy frame from a patient with no polyps.
Sun_Multimodal/Train_Negative/case11_negative_img_01921.jpg,case11,This is a colonoscopy frame from a patient with no polyps.
Sun_Multimodal/Train_Negative/case6_negative_img_09813.jpg,case6,This is a colonoscopy frame from a patient with no polyps.
Sun_Multimodal/Train_Negative/case11_negative_img_02446.jpg,case11,This is a colonoscopy frame from a patient with no polyps.
Sun_Multimodal/Train_Negative/case10_negative_img_02031.jpg,case10,This is a colonoscopy frame from a patient with no polyps.
Sun_Multimodal/Train_Negative/case6_negative_img_13581.jpg,case6,This is a colonoscopy frame from a patient with no polyps.
Sun_Multimodal/Train_Negative/case3_negative_img_03630.jpg,case3,This is a colonoscopy frame from a patient with no polyps.
Sun_Multimodal/Train_Negative/case1_negative_img_04500.jpg,case1,This is a colonoscopy frame from a patient with no polyps.
Sun_Multimodal/Train_Negative/case10_negative_img_05503.jpg,case10,This is a colonoscopy frame from a patient with no polyps.
Sun_Multimodal/Train_Negative/case2_negative_img_03181.jpg,case2,This is a colonoscopy frame from a patient with no polyps.
Sun_Multimodal/Train_Negative/case5_negative_img_04820.jpg,case5,This is a colonoscopy frame from a patient with no polyps.
Sun_Multimodal/Train_Negative/case3_negative_img_02863.jpg,case3,This is a colonoscopy frame from a patient with no polyps.
Sun_Multimodal/Train_Negative/case1_negative_img_05086.jpg,case1,This is a colonoscopy frame from a patient with no polyps.
Sun_Multimodal/Train_Negative/case12_negative_img_04419.jpg,case12,This is a colonoscopy frame from a patient with no polyps.
Sun_Multimodal/Train_Negative/case5_negative_img_03459.jpg,case5,This is a colonoscopy frame from a patient with no polyps.
Sun_Multimodal/Train_Negative/case1_negative_img_08670.jpg,case1,This is a colonoscopy frame from a patient with no polyps.
Sun_Multimodal/Train_Negative/case1_negative_img_04617.jpg,case1,This is a colonoscopy frame from a patient with no polyps.
Sun_Multimodal/Train_Negative/case12_negative_img_05288.jpg,case12,This is a colonoscopy frame from a patient with no polyps.
Sun_Multimodal/Train_Negative/case6_negative_img_13131.jpg,case6,This is a colonoscopy frame from a patient with no polyps.
Sun_Multimodal/Train_Negative/case5_negative_img_05916.jpg,case5,This is a colonoscopy frame from a patient with no polyps.
Sun_Multimodal/Train_Negative/case12_negative_img_02283.jpg,case12,This is a colonoscopy frame from a patient with no polyps.
Sun_Multimodal/Train_Negative/case13_negative_img_01427.jpg,case13,This is a colonoscopy frame from a patient with no polyps.
Sun_Multimodal/Train_Negative/case2_negative_img_00424.jpg,case2,This is a colonoscopy frame from a patient with no polyps.
Sun_Multimodal/Train_Negative/case6_negative_img_01757.jpg,case6,This is a colonoscopy frame from a patient with no polyps.
Sun_Multimodal/Train_Negative/case5_negative_img_04745.jpg,case5,This is a colonoscopy frame from a patient with no polyps.
Sun_Multimodal/Train_Negative/case10_negative_img_07081.jpg,case10,This is a colonoscopy frame from a patient with no polyps.
Sun_Multimodal/Train_Negative/case3_negative_img_02972.jpg,case3,This is a colonoscopy frame from a patient with no polyps.
Sun_Multimodal/Train_Negative/case13_negative_img_03174.jpg,case13,This is a colonoscopy frame from a patient with no polyps.
Sun_Multimodal/Train_Negative/case8_negative_img_02039.jpg,case8,This is a colonoscopy frame from a patient with no polyps.
Sun_Multimodal/Train_Negative/case11_negative_img_04244.jpg,case11,This is a colonoscopy frame from a patient with no polyps.
Sun_Multimodal/Train_Negative/case10_negative_img_06975.jpg,case10,This is a colonoscopy frame from a patient with no polyps.
Sun_Multimodal/Train_Negative/case13_negative_img_02880.jpg,case13,This is a colonoscopy frame from a patient with no polyps.
Sun_Multimodal/Train_Negative/case10_negative_img_00899.jpg,case10,This is a colonoscopy frame from a patient with no polyps.
Sun_Multimodal/Train_Negative/case12_negative_img_05729.jpg,case12,This is a colonoscopy frame from a patient with no polyps.
Sun_Multimodal/Train_Negative/case8_negative_img_02458.jpg,case8,This is a colonoscopy frame from a patient with no polyps.
Sun_Multimodal/Train_Negative/case12_negative_img_00077.jpg,case12,This is a colonoscopy frame from a patient with no polyps.
Sun_Multimodal/Train_Negative/case2_negative_img_01403.jpg,case2,This is a colonoscopy frame from a patient with no polyps.
Sun_Multimodal/Train_Negative/case2_negative_img_00535.jpg,case2,This is a colonoscopy frame from a patient with no polyps.
Sun_Multimodal/Train_Negative/case1_negative_img_05280.jpg,case1,This is a colonoscopy frame from a patient with no polyps.
Sun_Multimodal/Train_Negative/case13_negative_img_01291.jpg,case13,This is a colonoscopy frame from a patient with no polyps.
Sun_Multimodal/Train_Negative/case10_negative_img_04283.jpg,case10,This is a colonoscopy frame from a patient with no polyps.
Sun_Multimodal/Train_Negative/case12_negative_img_02054.jpg,case12,This is a colonoscopy frame from a patient with no polyps.
Sun_Multimodal/Train_Negative/case3_negative_img_06709.jpg,case3,This is a colonoscopy frame from a patient with no polyps.
Sun_Multimodal/Train_Negative/case8_negative_img_00809.jpg,case8,This is a colonoscopy frame from a patient with no polyps.
Sun_Multimodal/Train_Negative/case13_negative_img_03263.jpg,case13,This is a colonoscopy frame from a patient with no polyps.
Sun_Multimodal/Train_Negative/case6_negative_img_01646.jpg,case6,This is a colonoscopy frame from a patient with no polyps.
Sun_Multimodal/Train_Negative/case10_negative_img_04145.jpg,case10,This is a colonoscopy frame from a patient with no polyps.
Sun_Multimodal/Train_Negative/case2_negative_img_00154.jpg,case2,This is a colonoscopy frame from a patient with no polyps.
Sun_Multimodal/Train_Negative/case2_negative_img_01714.jpg,case2,This is a colonoscopy frame from a patient with no polyps.
Sun_Multimodal/Train_Negative/case6_negative_img_10135.jpg,case6,This is a colonoscopy frame from a patient with no polyps.
Sun_Multimodal/Train_Negative/case1_negative_img_07613.jpg,case1,This is a colonoscopy frame from a patient with no polyps.
Sun_Multimodal/Train_Negative/case10_negative_img_06610.jpg,case10,This is a colonoscopy frame from a patient with no polyps.
Sun_Multimodal/Train_Negative/case11_negative_img_02640.jpg,case11,This is a colonoscopy frame from a patient with no polyps.
Sun_Multimodal/Train_Negative/case3_negative_img_06651.jpg,case3,This is a colonoscopy frame from a patient with no polyps.
Sun_Multimodal/Train_Negative/case8_negative_img_00284.jpg,case8,This is a colonoscopy frame from a patient with no polyps.
Sun_Multimodal/Train_Negative/case5_negative_img_01052.jpg,case5,This is a colonoscopy frame from a patient with no polyps.
Sun_Multimodal/Train_Negative/case10_negative_img_00562.jpg,case10,This is a colonoscopy frame from a patient with no polyps.
Sun_Multimodal/Train_Negative/case8_negative_img_02276.jpg,case8,This is a colonoscopy frame from a patient with no polyps.
Sun_Multimodal/Train_Negative/case3_negative_img_05744.jpg,case3,This is a colonoscopy frame from a patient with no polyps.
Sun_Multimodal/Train_Negative/case1_negative_img_00321.jpg,case1,This is a colonoscopy frame from a patient with no polyps.
Sun_Multimodal/Train_Negative/case5_negative_img_01841.jpg,case5,This is a colonoscopy frame from a patient with no polyps.
Sun_Multimodal/Train_Negative/case8_negative_img_01702.jpg,case8,This is a colonoscopy frame from a patient with no polyps.
Sun_Multimodal/Train_Negative/case6_negative_img_16181.jpg,case6,This is a colonoscopy frame from a patient with no polyps.
Sun_Multimodal/Train_Negative/case10_negative_img_02656.jpg,case10,This is a colonoscopy frame from a patient with no polyps.
Sun_Multimodal/Train_Negative/case12_negative_img_01478.jpg,case12,This is a colonoscopy frame from a patient with no polyps.
Sun_Multimodal/Train_Negative/case11_negative_img_00574.jpg,case11,This is a colonoscopy frame from a patient with no polyps.
Sun_Multimodal/Train_Negative/case12_negative_img_00238.jpg,case12,This is a colonoscopy frame from a patient with no polyps.
Sun_Multimodal/Train_Negative/case10_negative_img_01792.jpg,case10,This is a colonoscopy frame from a patient with no polyps.
Sun_Multimodal/Train_Negative/case2_negative_img_05024.jpg,case2,This is a colonoscopy frame from a patient with no polyps.
Sun_Multimodal/Train_Negative/case1_negative_img_00036.jpg,case1,This is a colonoscopy frame from a patient with no polyps.
Sun_Multimodal/Train_Negative/case2_negative_img_09043.jpg,case2,This is a colonoscopy frame from a patient with no polyps.
Sun_Multimodal/Train_Negative/case8_negative_img_00634.jpg,case8,This is a colonoscopy frame from a patient with no polyps.
Sun_Multimodal/Train_Negative/case8_negative_img_01074.jpg,case8,This is a colonoscopy frame from a patient with no polyps.
Sun_Multimodal/Train_Negative/case12_negative_img_04796.jpg,case12,This is a colonoscopy frame from a patient with no polyps.
Sun_Multimodal/Train_Negative/case1_negative_img_08289.jpg,case1,This is a colonoscopy frame from a patient with no polyps.
Sun_Multimodal/Train_Negative/case6_negative_img_15424.jpg,case6,This is a colonoscopy frame from a patient with no polyps.
Sun_Multimodal/Train_Negative/case6_negative_img_08751.jpg,case6,This is a colonoscopy frame from a patient with no polyps.
Sun_Multimodal/Train_Negative/case8_negative_img_00980.jpg,case8,This is a colonoscopy frame from a patient with no polyps.
Sun_Multimodal/Train_Negative/case12_negative_img_05493.jpg,case12,This is a colonoscopy frame from a patient with no polyps.
Sun_Multimodal/Train_Negative/case6_negative_img_06526.jpg,case6,This is a colonoscopy frame from a patient with no polyps.
Sun_Multimodal/Train_Negative/case11_negative_img_01566.jpg,case11,This is a colonoscopy frame from a patient with no polyps.
Sun_Multimodal/Train_Negative/case11_negative_img_01914.jpg,case11,This is a colonoscopy frame from a patient with no polyps.
Sun_Multimodal/Train_Negative/case1_negative_img_03007.jpg,case1,This is a colonoscopy frame from a patient with no polyps.
Sun_Multimodal/Train_Negative/case5_negative_img_00386.jpg,case5,This is a colonoscopy frame from a patient with no polyps.
Sun_Multimodal/Train_Negative/case1_negative_img_02647.jpg,case1,This is a colonoscopy frame from a patient with no polyps.
Sun_Multimodal/Train_Negative/case10_negative_img_01570.jpg,case10,This is a colonoscopy frame from a patient with no polyps.
Sun_Multimodal/Train_Negative/case2_negative_img_05913.jpg,case2,This is a colonoscopy frame from a patient with no polyps.
Sun_Multimodal/Train_Negative/case6_negative_img_06147.jpg,case6,This is a colonoscopy frame from a patient with no polyps.
Sun_Multimodal/Train_Negative/case11_negative_img_04659.jpg,case11,This is a colonoscopy frame from a patient with no polyps.
Sun_Multimodal/Train_Negative/case13_negative_img_05322.jpg,case13,This is a colonoscopy frame from a patient with no polyps.
Sun_Multimodal/Train_Negative/case10_negative_img_00497.jpg,case10,This is a colonoscopy frame from a patient with no polyps.
Sun_Multimodal/Train_Negative/case8_negative_img_01943.jpg,case8,This is a colonoscopy frame from a patient with no polyps.
Sun_Multimodal/Train_Negative/case11_negative_img_02012.jpg,case11,This is a colonoscopy frame from a patient with no polyps.
Sun_Multimodal/Train_Negative/case8_negative_img_00407.jpg,case8,This is a colonoscopy frame from a patient with no polyps.
Sun_Multimodal/Train_Negative/case8_negative_img_01992.jpg,case8,This is a colonoscopy frame from a patient with no polyps.
Sun_Multimodal/Train_Negative/case8_negative_img_01247.jpg,case8,This is a colonoscopy frame from a patient with no polyps.
Sun_Multimodal/Train_Negative/case6_negative_img_08103.jpg,case6,This is a colonoscopy frame from a patient with no polyps.
Sun_Multimodal/Train_Negative/case11_negative_img_03124.jpg,case11,This is a colonoscopy frame from a patient with no polyps.
Sun_Multimodal/Train_Negative/case12_negative_img_06136.jpg,case12,This is a colonoscopy frame from a patient with no polyps.
Sun_Multimodal/Train_Negative/case8_negative_img_02352.jpg,case8,This is a colonoscopy frame from a patient with no polyps.
Sun_Multimodal/Train_Negative/case6_negative_img_14391.jpg,case6,This is a colonoscopy frame from a patient with no polyps.
Sun_Multimodal/Train_Negative/case1_negative_img_03771.jpg,case1,This is a colonoscopy frame from a patient with no polyps.
Sun_Multimodal/Train_Negative/case5_negative_img_03242.jpg,case5,This is a colonoscopy frame from a patient with no polyps.
Sun_Multimodal/Train_Negative/case13_negative_img_04675.jpg,case13,This is a colonoscopy frame from a patient with no polyps.
Sun_Multimodal/Train_Negative/case10_negative_img_00027.jpg,case10,This is a colonoscopy frame from a patient with no polyps.
Sun_Multimodal/Train_Negative/case5_negative_img_02402.jpg,case5,This is a colonoscopy frame from a patient with no polyps.
Sun_Multimodal/Train_Negative/case2_negative_img_01984.jpg,case2,This is a colonoscopy frame from a patient with no polyps.
Sun_Multimodal/Train_Negative/case3_negative_img_04178.jpg,case3,This is a colonoscopy frame from a patient with no polyps.
Sun_Multimodal/Train_Negative/case1_negative_img_00888.jpg,case1,This is a colonoscopy frame from a patient with no polyps.
Sun_Multimodal/Train_Negative/case6_negative_img_03790.jpg,case6,This is a colonoscopy frame from a patient with no polyps.
Sun_Multimodal/Train_Negative/case11_negative_img_01729.jpg,case11,This is a colonoscopy frame from a patient with no polyps.
Sun_Multimodal/Train_Negative/case12_negative_img_01065.jpg,case12,This is a colonoscopy frame from a patient with no polyps.
Sun_Multimodal/Train_Negative/case2_negative_img_00411.jpg,case2,This is a colonoscopy frame from a patient with no polyps.
Sun_Multimodal/Train_Negative/case3_negative_img_02094.jpg,case3,This is a colonoscopy frame from a patient with no polyps.
Sun_Multimodal/Train_Negative/case3_negative_img_02733.jpg,case3,This is a colonoscopy frame from a patient with no polyps.
Sun_Multimodal/Train_Negative/case13_negative_img_00633.jpg,case13,This is a colonoscopy frame from a patient with no polyps.
Sun_Multimodal/Train_Negative/case3_negative_img_02352.jpg,case3,This is a colonoscopy frame from a patient with no polyps.
Sun_Multimodal/Train_Negative/case3_negative_img_06948.jpg,case3,This is a colonoscopy frame from a patient with no polyps.
Sun_Multimodal/Train_Negative/case8_negative_img_00648.jpg,case8,This is a colonoscopy frame from a patient with no polyps.
Sun_Multimodal/Train_Negative/case5_negative_img_01339.jpg,case5,This is a colonoscopy frame from a patient with no polyps.
Sun_Multimodal/Train_Negative/case6_negative_img_10767.jpg,case6,This is a colonoscopy frame from a patient with no polyps.
Sun_Multimodal/Train_Negative/case13_negative_img_03843.jpg,case13,This is a colonoscopy frame from a patient with no polyps.
Sun_Multimodal/Train_Negative/case6_negative_img_12453.jpg,case6,This is a colonoscopy frame from a patient with no polyps.
Sun_Multimodal/Train_Negative/case10_negative_img_04376.jpg,case10,This is a colonoscopy frame from a patient with no polyps.
Sun_Multimodal/Train_Negative/case1_negative_img_04292.jpg,case1,This is a colonoscopy frame from a patient with no polyps.
Sun_Multimodal/Train_Negative/case10_negative_img_04648.jpg,case10,This is a colonoscopy frame from a patient with no polyps.
Sun_Multimodal/Train_Negative/case11_negative_img_01913.jpg,case11,This is a colonoscopy frame from a patient with no polyps.
Sun_Multimodal/Train_Negative/case12_negative_img_05333.jpg,case12,This is a colonoscopy frame from a patient with no polyps.
Sun_Multimodal/Train_Negative/case12_negative_img_03578.jpg,case12,This is a colonoscopy frame from a patient with no polyps.
Sun_Multimodal/Train_Negative/case5_negative_img_04538.jpg,case5,This is a colonoscopy frame from a patient with no polyps.
Sun_Multimodal/Train_Negative/case8_negative_img_02423.jpg,case8,This is a colonoscopy frame from a patient with no polyps.
Sun_Multimodal/Train_Negative/case13_negative_img_05325.jpg,case13,This is a colonoscopy frame from a patient with no polyps.
Sun_Multimodal/Train_Negative/case8_negative_img_00376.jpg,case8,This is a colonoscopy frame from a patient with no polyps.
Sun_Multimodal/Train_Negative/case6_negative_img_08672.jpg,case6,This is a colonoscopy frame from a patient with no polyps.
Sun_Multimodal/Train_Negative/case5_negative_img_04159.jpg,case5,This is a colonoscopy frame from a patient with no polyps.
Sun_Multimodal/Train_Negative/case5_negative_img_01171.jpg,case5,This is a colonoscopy frame from a patient with no polyps.
Sun_Multimodal/Train_Negative/case3_negative_img_07132.jpg,case3,This is a colonoscopy frame from a patient with no polyps.
Sun_Multimodal/Train_Negative/case6_negative_img_09744.jpg,case6,This is a colonoscopy frame from a patient with no polyps.
Sun_Multimodal/Train_Negative/case8_negative_img_00872.jpg,case8,This is a colonoscopy frame from a patient with no polyps.
Sun_Multimodal/Train_Negative/case13_negative_img_02458.jpg,case13,This is a colonoscopy frame from a patient with no polyps.
Sun_Multimodal/Train_Negative/case8_negative_img_02355.jpg,case8,This is a colonoscopy frame from a patient with no polyps.
Sun_Multimodal/Train_Negative/case8_negative_img_00061.jpg,case8,This is a colonoscopy frame from a patient with no polyps.
Sun_Multimodal/Train_Negative/case5_negative_img_01962.jpg,case5,This is a colonoscopy frame from a patient with no polyps.
Sun_Multimodal/Train_Negative/case8_negative_img_01186.jpg,case8,This is a colonoscopy frame from a patient with no polyps.
Sun_Multimodal/Train_Negative/case5_negative_img_02405.jpg,case5,This is a colonoscopy frame from a patient with no polyps.
Sun_Multimodal/Train_Negative/case11_negative_img_04549.jpg,case11,This is a colonoscopy frame from a patient with no polyps.
Sun_Multimodal/Train_Negative/case3_negative_img_05206.jpg,case3,This is a colonoscopy frame from a patient with no polyps.
Sun_Multimodal/Train_Negative/case12_negative_img_04205.jpg,case12,This is a colonoscopy frame from a patient with no polyps.
Sun_Multimodal/Train_Negative/case6_negative_img_11590.jpg,case6,This is a colonoscopy frame from a patient with no polyps.
Sun_Multimodal/Train_Negative/case13_negative_img_01415.jpg,case13,This is a colonoscopy frame from a patient with no polyps.
Sun_Multimodal/Train_Negative/case10_negative_img_04875.jpg,case10,This is a colonoscopy frame from a patient with no polyps.
Sun_Multimodal/Train_Negative/case3_negative_img_01186.jpg,case3,This is a colonoscopy frame from a patient with no polyps.
Sun_Multimodal/Train_Negative/case6_negative_img_10477.jpg,case6,This is a colonoscopy frame from a patient with no polyps.
Sun_Multimodal/Train_Negative/case1_negative_img_07351.jpg,case1,This is a colonoscopy frame from a patient with no polyps.
Sun_Multimodal/Train_Negative/case3_negative_img_03174.jpg,case3,This is a colonoscopy frame from a patient with no polyps.
Sun_Multimodal/Train_Negative/case5_negative_img_07203.jpg,case5,This is a colonoscopy frame from a patient with no polyps.
Sun_Multimodal/Train_Negative/case11_negative_img_04411.jpg,case11,This is a colonoscopy frame from a patient with no polyps.
Sun_Multimodal/Train_Negative/case13_negative_img_01074.jpg,case13,This is a colonoscopy frame from a patient with no polyps.
Sun_Multimodal/Train_Negative/case5_negative_img_06831.jpg,case5,This is a colonoscopy frame from a patient with no polyps.
Sun_Multimodal/Train_Negative/case6_negative_img_12743.jpg,case6,This is a colonoscopy frame from a patient with no polyps.
Sun_Multimodal/Train_Negative/case10_negative_img_06733.jpg,case10,This is a colonoscopy frame from a patient with no polyps.
Sun_Multimodal/Train_Negative/case13_negative_img_03086.jpg,case13,This is a colonoscopy frame from a patient with no polyps.
Sun_Multimodal/Train_Negative/case5_negative_img_05220.jpg,case5,This is a colonoscopy frame from a patient with no polyps.
Sun_Multimodal/Train_Negative/case2_negative_img_03614.jpg,case2,This is a colonoscopy frame from a patient with no polyps.
Sun_Multimodal/Train_Negative/case12_negative_img_04859.jpg,case12,This is a colonoscopy frame from a patient with no polyps.
Sun_Multimodal/Train_Negative/case10_negative_img_05150.jpg,case10,This is a colonoscopy frame from a patient with no polyps.
Sun_Multimodal/Train_Negative/case10_negative_img_06424.jpg,case10,This is a colonoscopy frame from a patient with no polyps.
Sun_Multimodal/Train_Negative/case2_negative_img_02435.jpg,case2,This is a colonoscopy frame from a patient with no polyps.
Sun_Multimodal/Train_Negative/case12_negative_img_00154.jpg,case12,This is a colonoscopy frame from a patient with no polyps.
Sun_Multimodal/Train_Negative/case2_negative_img_00360.jpg,case2,This is a colonoscopy frame from a patient with no polyps.
Sun_Multimodal/Train_Negative/case5_negative_img_04544.jpg,case5,This is a colonoscopy frame from a patient with no polyps.
Sun_Multimodal/Train_Negative/case5_negative_img_00828.jpg,case5,This is a colonoscopy frame from a patient with no polyps.
Sun_Multimodal/Train_Negative/case12_negative_img_01251.jpg,case12,This is a colonoscopy frame from a patient with no polyps.
Sun_Multimodal/Train_Negative/case3_negative_img_00252.jpg,case3,This is a colonoscopy frame from a patient with no polyps.
Sun_Multimodal/Train_Negative/case10_negative_img_05074.jpg,case10,This is a colonoscopy frame from a patient with no polyps.
Sun_Multimodal/Train_Negative/case13_negative_img_02352.jpg,case13,This is a colonoscopy frame from a patient with no polyps.
Sun_Multimodal/Train_Negative/case11_negative_img_02069.jpg,case11,This is a colonoscopy frame from a patient with no polyps.
Sun_Multimodal/Train_Negative/case3_negative_img_03726.jpg,case3,This is a colonoscopy frame from a patient with no polyps.
Sun_Multimodal/Train_Negative/case13_negative_img_02887.jpg,case13,This is a colonoscopy frame from a patient with no polyps.
Sun_Multimodal/Train_Negative/case6_negative_img_12570.jpg,case6,This is a colonoscopy frame from a patient with no polyps.
Sun_Multimodal/Train_Negative/case12_negative_img_01146.jpg,case12,This is a colonoscopy frame from a patient with no polyps.
Sun_Multimodal/Train_Negative/case10_negative_img_04523.jpg,case10,This is a colonoscopy frame from a patient with no polyps.
Sun_Multimodal/Train_Negative/case13_negative_img_01531.jpg,case13,This is a colonoscopy frame from a patient with no polyps.
Sun_Multimodal/Train_Negative/case13_negative_img_02424.jpg,case13,This is a colonoscopy frame from a patient with no polyps.
Sun_Multimodal/Train_Negative/case5_negative_img_02479.jpg,case5,This is a colonoscopy frame from a patient with no polyps.
Sun_Multimodal/Train_Negative/case1_negative_img_04701.jpg,case1,This is a colonoscopy frame from a patient with no polyps.
Sun_Multimodal/Train_Negative/case1_negative_img_09126.jpg,case1,This is a colonoscopy frame from a patient with no polyps.
Sun_Multimodal/Train_Negative/case11_negative_img_04535.jpg,case11,This is a colonoscopy frame from a patient with no polyps.
Sun_Multimodal/Train_Negative/case3_negative_img_00956.jpg,case3,This is a colonoscopy frame from a patient with no polyps.
Sun_Multimodal/Train_Negative/case6_negative_img_05499.jpg,case6,This is a colonoscopy frame from a patient with no polyps.
Sun_Multimodal/Train_Negative/case5_negative_img_05472.jpg,case5,This is a colonoscopy frame from a patient with no polyps.
Sun_Multimodal/Train_Negative/case2_negative_img_06718.jpg,case2,This is a colonoscopy frame from a patient with no polyps.
Sun_Multimodal/Train_Negative/case13_negative_img_02045.jpg,case13,This is a colonoscopy frame from a patient with no polyps.
Sun_Multimodal/Train_Negative/case10_negative_img_07057.jpg,case10,This is a colonoscopy frame from a patient with no polyps.
Sun_Multimodal/Train_Negative/case5_negative_img_04595.jpg,case5,This is a colonoscopy frame from a patient with no polyps.
Sun_Multimodal/Train_Negative/case10_negative_img_06489.jpg,case10,This is a colonoscopy frame from a patient with no polyps.
Sun_Multimodal/Train_Negative/case2_negative_img_07461.jpg,case2,This is a colonoscopy frame from a patient with no polyps.
Sun_Multimodal/Train_Negative/case10_negative_img_03470.jpg,case10,This is a colonoscopy frame from a patient with no polyps.
Sun_Multimodal/Train_Negative/case1_negative_img_03594.jpg,case1,This is a colonoscopy frame from a patient with no polyps.
Sun_Multimodal/Train_Negative/case8_negative_img_00524.jpg,case8,This is a colonoscopy frame from a patient with no polyps.
Sun_Multimodal/Train_Negative/case6_negative_img_10879.jpg,case6,This is a colonoscopy frame from a patient with no polyps.
Sun_Multimodal/Train_Negative/case10_negative_img_00917.jpg,case10,This is a colonoscopy frame from a patient with no polyps.
Sun_Multimodal/Train_Negative/case6_negative_img_15880.jpg,case6,This is a colonoscopy frame from a patient with no polyps.
Sun_Multimodal/Train_Negative/case8_negative_img_02271.jpg,case8,This is a colonoscopy frame from a patient with no polyps.
Sun_Multimodal/Train_Negative/case11_negative_img_02226.jpg,case11,This is a colonoscopy frame from a patient with no polyps.
Sun_Multimodal/Train_Negative/case3_negative_img_04910.jpg,case3,This is a colonoscopy frame from a patient with no polyps.
Sun_Multimodal/Train_Negative/case12_negative_img_04825.jpg,case12,This is a colonoscopy frame from a patient with no polyps.
Sun_Multimodal/Train_Negative/case2_negative_img_09044.jpg,case2,This is a colonoscopy frame from a patient with no polyps.
Sun_Multimodal/Train_Negative/case11_negative_img_01837.jpg,case11,This is a colonoscopy frame from a patient with no polyps.
Sun_Multimodal/Train_Negative/case10_negative_img_00672.jpg,case10,This is a colonoscopy frame from a patient with no polyps.
Sun_Multimodal/Train_Negative/case8_negative_img_00633.jpg,case8,This is a colonoscopy frame from a patient with no polyps.
Sun_Multimodal/Train_Negative/case6_negative_img_09905.jpg,case6,This is a colonoscopy frame from a patient with no polyps.
Sun_Multimodal/Train_Negative/case2_negative_img_06691.jpg,case2,This is a colonoscopy frame from a patient with no polyps.
Sun_Multimodal/Train_Negative/case8_negative_img_02507.jpg,case8,This is a colonoscopy frame from a patient with no polyps.
Sun_Multimodal/Train_Negative/case1_negative_img_00822.jpg,case1,This is a colonoscopy frame from a patient with no polyps.
Sun_Multimodal/Train_Negative/case2_negative_img_09425.jpg,case2,This is a colonoscopy frame from a patient with no polyps.
Sun_Multimodal/Train_Negative/case12_negative_img_04036.jpg,case12,This is a colonoscopy frame from a patient with no polyps.
Sun_Multimodal/Train_Negative/case3_negative_img_06120.jpg,case3,This is a colonoscopy frame from a patient with no polyps.
Sun_Multimodal/Train_Negative/case8_negative_img_00987.jpg,case8,This is a colonoscopy frame from a patient with no polyps.
Sun_Multimodal/Train_Negative/case2_negative_img_07317.jpg,case2,This is a colonoscopy frame from a patient with no polyps.
Sun_Multimodal/Train_Negative/case5_negative_img_01084.jpg,case5,This is a colonoscopy frame from a patient with no polyps.
Sun_Multimodal/Train_Negative/case8_negative_img_01159.jpg,case8,This is a colonoscopy frame from a patient with no polyps.
Sun_Multimodal/Train_Negative/case10_negative_img_06572.jpg,case10,This is a colonoscopy frame from a patient with no polyps.
Sun_Multimodal/Train_Negative/case5_negative_img_06602.jpg,case5,This is a colonoscopy frame from a patient with no polyps.
Sun_Multimodal/Train_Negative/case3_negative_img_01001.jpg,case3,This is a colonoscopy frame from a patient with no polyps.
Sun_Multimodal/Train_Negative/case13_negative_img_00303.jpg,case13,This is a colonoscopy frame from a patient with no polyps.
Sun_Multimodal/Train_Negative/case6_negative_img_10521.jpg,case6,This is a colonoscopy frame from a patient with no polyps.
Sun_Multimodal/Train_Negative/case13_negative_img_01543.jpg,case13,This is a colonoscopy frame from a patient with no polyps.
Sun_Multimodal/Train_Negative/case5_negative_img_06174.jpg,case5,This is a colonoscopy frame from a patient with no polyps.
Sun_Multimodal/Train_Negative/case2_negative_img_03827.jpg,case2,This is a colonoscopy frame from a patient with no polyps.
Sun_Multimodal/Train_Negative/case1_negative_img_07207.jpg,case1,This is a colonoscopy frame from a patient with no polyps.
Sun_Multimodal/Train_Negative/case12_negative_img_01555.jpg,case12,This is a colonoscopy frame from a patient with no polyps.
Sun_Multimodal/Train_Negative/case5_negative_img_07355.jpg,case5,This is a colonoscopy frame from a patient with no polyps.
Sun_Multimodal/Train_Negative/case5_negative_img_04240.jpg,case5,This is a colonoscopy frame from a patient with no polyps.
Sun_Multimodal/Train_Negative/case2_negative_img_03034.jpg,case2,This is a colonoscopy frame from a patient with no polyps.
Sun_Multimodal/Train_Negative/case2_negative_img_03793.jpg,case2,This is a colonoscopy frame from a patient with no polyps.
Sun_Multimodal/Train_Negative/case8_negative_img_00556.jpg,case8,This is a colonoscopy frame from a patient with no polyps.
Sun_Multimodal/Train_Negative/case11_negative_img_03075.jpg,case11,This is a colonoscopy frame from a patient with no polyps.
Sun_Multimodal/Train_Negative/case6_negative_img_03799.jpg,case6,This is a colonoscopy frame from a patient with no polyps.
Sun_Multimodal/Train_Negative/case8_negative_img_00137.jpg,case8,This is a colonoscopy frame from a patient with no polyps.
Sun_Multimodal/Train_Negative/case10_negative_img_01736.jpg,case10,This is a colonoscopy frame from a patient with no polyps.
Sun_Multimodal/Train_Negative/case12_negative_img_05265.jpg,case12,This is a colonoscopy frame from a patient with no polyps.
Sun_Multimodal/Train_Negative/case11_negative_img_02285.jpg,case11,This is a colonoscopy frame from a patient with no polyps.
Sun_Multimodal/Train_Negative/case3_negative_img_06941.jpg,case3,This is a colonoscopy frame from a patient with no polyps.
Sun_Multimodal/Train_Negative/case13_negative_img_02619.jpg,case13,This is a colonoscopy frame from a patient with no polyps.
Sun_Multimodal/Train_Negative/case5_negative_img_00570.jpg,case5,This is a colonoscopy frame from a patient with no polyps.
Sun_Multimodal/Train_Negative/case10_negative_img_03715.jpg,case10,This is a colonoscopy frame from a patient with no polyps.
Sun_Multimodal/Train_Negative/case13_negative_img_03059.jpg,case13,This is a colonoscopy frame from a patient with no polyps.
Sun_Multimodal/Train_Negative/case8_negative_img_01001.jpg,case8,This is a colonoscopy frame from a patient with no polyps.
Sun_Multimodal/Train_Negative/case10_negative_img_00261.jpg,case10,This is a colonoscopy frame from a patient with no polyps.
Sun_Multimodal/Train_Negative/case3_negative_img_01159.jpg,case3,This is a colonoscopy frame from a patient with no polyps.
Sun_Multimodal/Train_Negative/case1_negative_img_08929.jpg,case1,This is a colonoscopy frame from a patient with no polyps.
Sun_Multimodal/Train_Negative/case1_negative_img_07429.jpg,case1,This is a colonoscopy frame from a patient with no polyps.
Sun_Multimodal/Train_Negative/case8_negative_img_01812.jpg,case8,This is a colonoscopy frame from a patient with no polyps.
Sun_Multimodal/Train_Negative/case8_negative_img_00587.jpg,case8,This is a colonoscopy frame from a patient with no polyps.
Sun_Multimodal/Train_Negative/case6_negative_img_09164.jpg,case6,This is a colonoscopy frame from a patient with no polyps.
Sun_Multimodal/Train_Negative/case2_negative_img_08752.jpg,case2,This is a colonoscopy frame from a patient with no polyps.
Sun_Multimodal/Train_Negative/case11_negative_img_00886.jpg,case11,This is a colonoscopy frame from a patient with no polyps.
Sun_Multimodal/Train_Negative/case11_negative_img_01961.jpg,case11,This is a colonoscopy frame from a patient with no polyps.
Sun_Multimodal/Train_Negative/case3_negative_img_06417.jpg,case3,This is a colonoscopy frame from a patient with no polyps.
Sun_Multimodal/Train_Negative/case3_negative_img_03349.jpg,case3,This is a colonoscopy frame from a patient with no polyps.
Sun_Multimodal/Train_Negative/case2_negative_img_07620.jpg,case2,This is a colonoscopy frame from a patient with no polyps.
Sun_Multimodal/Train_Negative/case5_negative_img_01214.jpg,case5,This is a colonoscopy frame from a patient with no polyps.
Sun_Multimodal/Train_Negative/case10_negative_img_03631.jpg,case10,This is a colonoscopy frame from a patient with no polyps.
Sun_Multimodal/Train_Negative/case8_negative_img_01125.jpg,case8,This is a colonoscopy frame from a patient with no polyps.
Sun_Multimodal/Train_Negative/case13_negative_img_04517.jpg,case13,This is a colonoscopy frame from a patient with no polyps.
Sun_Multimodal/Train_Negative/case12_negative_img_05087.jpg,case12,This is a colonoscopy frame from a patient with no polyps.
Sun_Multimodal/Train_Negative/case11_negative_img_03627.jpg,case11,This is a colonoscopy frame from a patient with no polyps.
Sun_Multimodal/Train_Negative/case8_negative_img_01544.jpg,case8,This is a colonoscopy frame from a patient with no polyps.
Sun_Multimodal/Train_Negative/case6_negative_img_16460.jpg,case6,This is a colonoscopy frame from a patient with no polyps.
Sun_Multimodal/Train_Negative/case11_negative_img_02067.jpg,case11,This is a colonoscopy frame from a patient with no polyps.
Sun_Multimodal/Train_Negative/case8_negative_img_00304.jpg,case8,This is a colonoscopy frame from a patient with no polyps.
Sun_Multimodal/Train_Negative/case13_negative_img_02889.jpg,case13,This is a colonoscopy frame from a patient with no polyps.
Sun_Multimodal/Train_Negative/case11_negative_img_02711.jpg,case11,This is a colonoscopy frame from a patient with no polyps.
Sun_Multimodal/Train_Negative/case8_negative_img_00472.jpg,case8,This is a colonoscopy frame from a patient with no polyps.
Sun_Multimodal/Train_Negative/case8_negative_img_02480.jpg,case8,This is a colonoscopy frame from a patient with no polyps.
Sun_Multimodal/Train_Negative/case1_negative_img_08309.jpg,case1,This is a colonoscopy frame from a patient with no polyps.
Sun_Multimodal/Train_Negative/case11_negative_img_03297.jpg,case11,This is a colonoscopy frame from a patient with no polyps.
Sun_Multimodal/Train_Negative/case1_negative_img_02144.jpg,case1,This is a colonoscopy frame from a patient with no polyps.
Sun_Multimodal/Train_Negative/case10_negative_img_02707.jpg,case10,This is a colonoscopy frame from a patient with no polyps.
Sun_Multimodal/Train_Negative/case10_negative_img_07059.jpg,case10,This is a colonoscopy frame from a patient with no polyps.
Sun_Multimodal/Train_Negative/case5_negative_img_03590.jpg,case5,This is a colonoscopy frame from a patient with no polyps.
Sun_Multimodal/Train_Negative/case2_negative_img_09664.jpg,case2,This is a colonoscopy frame from a patient with no polyps.
Sun_Multimodal/Train_Negative/case11_negative_img_01265.jpg,case11,This is a colonoscopy frame from a patient with no polyps.
Sun_Multimodal/Train_Negative/case11_negative_img_00857.jpg,case11,This is a colonoscopy frame from a patient with no polyps.
Sun_Multimodal/Train_Negative/case6_negative_img_07817.jpg,case6,This is a colonoscopy frame from a patient with no polyps.
Sun_Multimodal/Train_Negative/case10_negative_img_05235.jpg,case10,This is a colonoscopy frame from a patient with no polyps.
Sun_Multimodal/Train_Negative/case5_negative_img_07610.jpg,case5,This is a colonoscopy frame from a patient with no polyps.
Sun_Multimodal/Train_Negative/case11_negative_img_02649.jpg,case11,This is a colonoscopy frame from a patient with no polyps.
Sun_Multimodal/Train_Negative/case8_negative_img_00958.jpg,case8,This is a colonoscopy frame from a patient with no polyps.
Sun_Multimodal/Train_Negative/case2_negative_img_02331.jpg,case2,This is a colonoscopy frame from a patient with no polyps.
Sun_Multimodal/Train_Negative/case3_negative_img_01232.jpg,case3,This is a colonoscopy frame from a patient with no polyps.
Sun_Multimodal/Train_Negative/case2_negative_img_01645.jpg,case2,This is a colonoscopy frame from a patient with no polyps.
Sun_Multimodal/Train_Negative/case13_negative_img_05118.jpg,case13,This is a colonoscopy frame from a patient with no polyps.
Sun_Multimodal/Train_Negative/case2_negative_img_02750.jpg,case2,This is a colonoscopy frame from a patient with no polyps.
Sun_Multimodal/Train_Negative/case5_negative_img_04364.jpg,case5,This is a colonoscopy frame from a patient with no polyps.
Sun_Multimodal/Train_Negative/case3_negative_img_03211.jpg,case3,This is a colonoscopy frame from a patient with no polyps.
Sun_Multimodal/Train_Negative/case12_negative_img_00935.jpg,case12,This is a colonoscopy frame from a patient with no polyps.
Sun_Multimodal/Train_Negative/case3_negative_img_01936.jpg,case3,This is a colonoscopy frame from a patient with no polyps.
Sun_Multimodal/Train_Negative/case10_negative_img_03308.jpg,case10,This is a colonoscopy frame from a patient with no polyps.
Sun_Multimodal/Train_Negative/case1_negative_img_07455.jpg,case1,This is a colonoscopy frame from a patient with no polyps.
Sun_Multimodal/Train_Negative/case3_negative_img_02030.jpg,case3,This is a colonoscopy frame from a patient with no polyps.
Sun_Multimodal/Train_Negative/case6_negative_img_09118.jpg,case6,This is a colonoscopy frame from a patient with no polyps.
Sun_Multimodal/Train_Negative/case12_negative_img_01766.jpg,case12,This is a colonoscopy frame from a patient with no polyps.
Sun_Multimodal/Train_Negative/case13_negative_img_01311.jpg,case13,This is a colonoscopy frame from a patient with no polyps.
Sun_Multimodal/Train_Negative/case13_negative_img_00551.jpg,case13,This is a colonoscopy frame from a patient with no polyps.
Sun_Multimodal/Train_Negative/case8_negative_img_02509.jpg,case8,This is a colonoscopy frame from a patient with no polyps.
Sun_Multimodal/Train_Negative/case3_negative_img_01125.jpg,case3,This is a colonoscopy frame from a patient with no polyps.
Sun_Multimodal/Train_Negative/case3_negative_img_01682.jpg,case3,This is a colonoscopy frame from a patient with no polyps.
Sun_Multimodal/Train_Negative/case1_negative_img_08280.jpg,case1,This is a colonoscopy frame from a patient with no polyps.
Sun_Multimodal/Train_Negative/case1_negative_img_05199.jpg,case1,This is a colonoscopy frame from a patient with no polyps.
Sun_Multimodal/Train_Negative/case12_negative_img_04974.jpg,case12,This is a colonoscopy frame from a patient with no polyps.
Sun_Multimodal/Train_Negative/case3_negative_img_05977.jpg,case3,This is a colonoscopy frame from a patient with no polyps.
Sun_Multimodal/Train_Negative/case2_negative_img_04353.jpg,case2,This is a colonoscopy frame from a patient with no polyps.
Sun_Multimodal/Train_Negative/case5_negative_img_03680.jpg,case5,This is a colonoscopy frame from a patient with no polyps.
Sun_Multimodal/Train_Negative/case10_negative_img_04989.jpg,case10,This is a colonoscopy frame from a patient with no polyps.
Sun_Multimodal/Train_Negative/case5_negative_img_03127.jpg,case5,This is a colonoscopy frame from a patient with no polyps.
Sun_Multimodal/Train_Negative/case5_negative_img_00795.jpg,case5,This is a colonoscopy frame from a patient with no polyps.
Sun_Multimodal/Train_Negative/case3_negative_img_06071.jpg,case3,This is a colonoscopy frame from a patient with no polyps.
Sun_Multimodal/Train_Negative/case8_negative_img_00303.jpg,case8,This is a colonoscopy frame from a patient with no polyps.
Sun_Multimodal/Train_Negative/case11_negative_img_02060.jpg,case11,This is a colonoscopy frame from a patient with no polyps.
Sun_Multimodal/Train_Negative/case10_negative_img_02865.jpg,case10,This is a colonoscopy frame from a patient with no polyps.
Sun_Multimodal/Train_Negative/case10_negative_img_03982.jpg,case10,This is a colonoscopy frame from a patient with no polyps.
Sun_Multimodal/Train_Negative/case2_negative_img_07246.jpg,case2,This is a colonoscopy frame from a patient with no polyps.
Sun_Multimodal/Train_Negative/case8_negative_img_01543.jpg,case8,This is a colonoscopy frame from a patient with no polyps.
Sun_Multimodal/Train_Negative/case11_negative_img_03620.jpg,case11,This is a colonoscopy frame from a patient with no polyps.
Sun_Multimodal/Train_Negative/case8_negative_img_01235.jpg,case8,This is a colonoscopy frame from a patient with no polyps.
Sun_Multimodal/Train_Negative/case11_negative_img_03156.jpg,case11,This is a colonoscopy frame from a patient with no polyps.
Sun_Multimodal/Train_Negative/case2_negative_img_07530.jpg,case2,This is a colonoscopy frame from a patient with no polyps.
Sun_Multimodal/Train_Negative/case2_negative_img_07942.jpg,case2,This is a colonoscopy frame from a patient with no polyps.
Sun_Multimodal/Train_Negative/case10_negative_img_03521.jpg,case10,This is a colonoscopy frame from a patient with no polyps.
Sun_Multimodal/Train_Negative/case6_negative_img_01648.jpg,case6,This is a colonoscopy frame from a patient with no polyps.
Sun_Multimodal/Train_Negative/case8_negative_img_01592.jpg,case8,This is a colonoscopy frame from a patient with no polyps.
Sun_Multimodal/Train_Negative/case10_negative_img_03286.jpg,case10,This is a colonoscopy frame from a patient with no polyps.
Sun_Multimodal/Train_Negative/case10_negative_img_01274.jpg,case10,This is a colonoscopy frame from a patient with no polyps.
Sun_Multimodal/Train_Negative/case6_negative_img_07003.jpg,case6,This is a colonoscopy frame from a patient with no polyps.
Sun_Multimodal/Train_Negative/case8_negative_img_02487.jpg,case8,This is a colonoscopy frame from a patient with no polyps.
Sun_Multimodal/Train_Negative/case1_negative_img_01390.jpg,case1,This is a colonoscopy frame from a patient with no polyps.
Sun_Multimodal/Train_Negative/case12_negative_img_05430.jpg,case12,This is a colonoscopy frame from a patient with no polyps.
Sun_Multimodal/Train_Negative/case2_negative_img_08023.jpg,case2,This is a colonoscopy frame from a patient with no polyps.
Sun_Multimodal/Train_Negative/case13_negative_img_01159.jpg,case13,This is a colonoscopy frame from a patient with no polyps.
Sun_Multimodal/Train_Negative/case1_negative_img_05148.jpg,case1,This is a colonoscopy frame from a patient with no polyps.
Sun_Multimodal/Train_Negative/case11_negative_img_01262.jpg,case11,This is a colonoscopy frame from a patient with no polyps.
Sun_Multimodal/Train_Negative/case1_negative_img_09864.jpg,case1,This is a colonoscopy frame from a patient with no polyps.
Sun_Multimodal/Train_Negative/case8_negative_img_02278.jpg,case8,This is a colonoscopy frame from a patient with no polyps.
Sun_Multimodal/Train_Negative/case3_negative_img_04919.jpg,case3,This is a colonoscopy frame from a patient with no polyps.
Sun_Multimodal/Train_Negative/case1_negative_img_04650.jpg,case1,This is a colonoscopy frame from a patient with no polyps.
Sun_Multimodal/Train_Negative/case12_negative_img_00591.jpg,case12,This is a colonoscopy frame from a patient with no polyps.
Sun_Multimodal/Train_Negative/case5_negative_img_03368.jpg,case5,This is a colonoscopy frame from a patient with no polyps.
Sun_Multimodal/Train_Negative/case12_negative_img_01476.jpg,case12,This is a colonoscopy frame from a patient with no polyps.
Sun_Multimodal/Train_Negative/case6_negative_img_01371.jpg,case6,This is a colonoscopy frame from a patient with no polyps.
Sun_Multimodal/Train_Negative/case1_negative_img_07745.jpg,case1,This is a colonoscopy frame from a patient with no polyps.
Sun_Multimodal/Train_Negative/case2_negative_img_02786.jpg,case2,This is a colonoscopy frame from a patient with no polyps.
Sun_Multimodal/Train_Negative/case5_negative_img_05980.jpg,case5,This is a colonoscopy frame from a patient with no polyps.
Sun_Multimodal/Train_Negative/case5_negative_img_06895.jpg,case5,This is a colonoscopy frame from a patient with no polyps.
Sun_Multimodal/Train_Negative/case3_negative_img_01543.jpg,case3,This is a colonoscopy frame from a patient with no polyps.
Sun_Multimodal/Train_Negative/case12_negative_img_00932.jpg,case12,This is a colonoscopy frame from a patient with no polyps.
Sun_Multimodal/Train_Negative/case1_negative_img_06212.jpg,case1,This is a colonoscopy frame from a patient with no polyps.
Sun_Multimodal/Train_Negative/case10_negative_img_06451.jpg,case10,This is a colonoscopy frame from a patient with no polyps.
Sun_Multimodal/Train_Negative/case13_negative_img_05208.jpg,case13,This is a colonoscopy frame from a patient with no polyps.
Sun_Multimodal/Train_Negative/case10_negative_img_05544.jpg,case10,This is a colonoscopy frame from a patient with no polyps.
Sun_Multimodal/Train_Negative/case13_negative_img_00013.jpg,case13,This is a colonoscopy frame from a patient with no polyps.
Sun_Multimodal/Train_Negative/case2_negative_img_08729.jpg,case2,This is a colonoscopy frame from a patient with no polyps.
Sun_Multimodal/Train_Negative/case3_negative_img_01815.jpg,case3,This is a colonoscopy frame from a patient with no polyps.
Sun_Multimodal/Train_Negative/case3_negative_img_03753.jpg,case3,This is a colonoscopy frame from a patient with no polyps.
Sun_Multimodal/Train_Negative/case2_negative_img_06808.jpg,case2,This is a colonoscopy frame from a patient with no polyps.
Sun_Multimodal/Train_Negative/case13_negative_img_02327.jpg,case13,This is a colonoscopy frame from a patient with no polyps.
Sun_Multimodal/Train_Negative/case1_negative_img_04463.jpg,case1,This is a colonoscopy frame from a patient with no polyps.
Sun_Multimodal/Train_Negative/case11_negative_img_00749.jpg,case11,This is a colonoscopy frame from a patient with no polyps.
Sun_Multimodal/Train_Negative/case12_negative_img_01645.jpg,case12,This is a colonoscopy frame from a patient with no polyps.
Sun_Multimodal/Train_Negative/case13_negative_img_01232.jpg,case13,This is a colonoscopy frame from a patient with no polyps.
Sun_Multimodal/Train_Negative/case10_negative_img_04587.jpg,case10,This is a colonoscopy frame from a patient with no polyps.
Sun_Multimodal/Train_Negative/case2_negative_img_00547.jpg,case2,This is a colonoscopy frame from a patient with no polyps.
Sun_Multimodal/Train_Negative/case13_negative_img_01936.jpg,case13,This is a colonoscopy frame from a patient with no polyps.
Sun_Multimodal/Train_Negative/case1_negative_img_09940.jpg,case1,This is a colonoscopy frame from a patient with no polyps.
Sun_Multimodal/Train_Negative/case3_negative_img_00130.jpg,case3,This is a colonoscopy frame from a patient with no polyps.
Sun_Multimodal/Train_Negative/case3_negative_img_01770.jpg,case3,This is a colonoscopy frame from a patient with no polyps.
Sun_Multimodal/Train_Negative/case13_negative_img_05828.jpg,case13,This is a colonoscopy frame from a patient with no polyps.
Sun_Multimodal/Train_Negative/case13_negative_img_03211.jpg,case13,This is a colonoscopy frame from a patient with no polyps.
Sun_Multimodal/Train_Negative/case13_negative_img_02823.jpg,case13,This is a colonoscopy frame from a patient with no polyps.
Sun_Multimodal/Train_Negative/case8_negative_img_00409.jpg,case8,This is a colonoscopy frame from a patient with no polyps.
Sun_Multimodal/Train_Negative/case6_negative_img_02340.jpg,case6,This is a colonoscopy frame from a patient with no polyps.
Sun_Multimodal/Train_Negative/case13_negative_img_02030.jpg,case13,This is a colonoscopy frame from a patient with no polyps.
Sun_Multimodal/Train_Negative/case6_negative_img_00415.jpg,case6,This is a colonoscopy frame from a patient with no polyps.
Sun_Multimodal/Train_Negative/case1_negative_img_02698.jpg,case1,This is a colonoscopy frame from a patient with no polyps.
Sun_Multimodal/Train_Negative/case8_negative_img_01628.jpg,case8,This is a colonoscopy frame from a patient with no polyps.
Sun_Multimodal/Train_Negative/case3_negative_img_07063.jpg,case3,This is a colonoscopy frame from a patient with no polyps.
Sun_Multimodal/Train_Negative/case13_negative_img_03349.jpg,case13,This is a colonoscopy frame from a patient with no polyps.
Sun_Multimodal/Train_Negative/case2_negative_img_09326.jpg,case2,This is a colonoscopy frame from a patient with no polyps.
Sun_Multimodal/Train_Negative/case12_negative_img_04735.jpg,case12,This is a colonoscopy frame from a patient with no polyps.
Sun_Multimodal/Train_Negative/case11_negative_img_00167.jpg,case11,This is a colonoscopy frame from a patient with no polyps.
Sun_Multimodal/Train_Negative/case1_negative_img_01513.jpg,case1,This is a colonoscopy frame from a patient with no polyps.
Sun_Multimodal/Train_Negative/case8_negative_img_00697.jpg,case8,This is a colonoscopy frame from a patient with no polyps.
Sun_Multimodal/Train_Negative/case6_negative_img_09274.jpg,case6,This is a colonoscopy frame from a patient with no polyps.
Sun_Multimodal/Train_Negative/case10_negative_img_03064.jpg,case10,This is a colonoscopy frame from a patient with no polyps.
Sun_Multimodal/Train_Negative/case3_negative_img_04517.jpg,case3,This is a colonoscopy frame from a patient with no polyps.
Sun_Multimodal/Train_Negative/case5_negative_img_02554.jpg,case5,This is a colonoscopy frame from a patient with no polyps.
Sun_Multimodal/Train_Negative/case5_negative_img_06838.jpg,case5,This is a colonoscopy frame from a patient with no polyps.
Sun_Multimodal/Train_Negative/case11_negative_img_01842.jpg,case11,This is a colonoscopy frame from a patient with no polyps.
Sun_Multimodal/Train_Negative/case13_negative_img_05615.jpg,case13,This is a colonoscopy frame from a patient with no polyps.
Sun_Multimodal/Train_Negative/case5_negative_img_02585.jpg,case5,This is a colonoscopy frame from a patient with no polyps.
Sun_Multimodal/Train_Negative/case11_negative_img_02957.jpg,case11,This is a colonoscopy frame from a patient with no polyps.
Sun_Multimodal/Train_Negative/case1_negative_img_03151.jpg,case1,This is a colonoscopy frame from a patient with no polyps.
Sun_Multimodal/Train_Negative/case3_negative_img_04600.jpg,case3,This is a colonoscopy frame from a patient with no polyps.
Sun_Multimodal/Train_Negative/case10_negative_img_02941.jpg,case10,This is a colonoscopy frame from a patient with no polyps.
Sun_Multimodal/Train_Negative/case8_negative_img_00580.jpg,case8,This is a colonoscopy frame from a patient with no polyps.
Sun_Multimodal/Train_Negative/case2_negative_img_06285.jpg,case2,This is a colonoscopy frame from a patient with no polyps.
Sun_Multimodal/Train_Negative/case10_negative_img_03373.jpg,case10,This is a colonoscopy frame from a patient with no polyps.
Sun_Multimodal/Train_Negative/case5_negative_img_01756.jpg,case5,This is a colonoscopy frame from a patient with no polyps.
Sun_Multimodal/Train_Negative/case8_negative_img_01815.jpg,case8,This is a colonoscopy frame from a patient with no polyps.
