epoch,batch,global_step,loss
0,1,0,6.940799236297607
0,2,1,6.961545944213867
0,3,2,7.229859352111816
0,4,3,7.0769429206848145
0,5,4,6.51673698425293
0,6,5,6.864893913269043
0,7,6,6.509787559509277
0,8,7,6.711183547973633
0,9,8,6.030982971191406
0,10,9,6.94695520401001
0,11,10,6.7899088859558105
0,12,11,6.506247520446777
0,13,12,6.712224006652832
0,14,13,6.438930511474609
0,15,14,6.693274974822998
0,16,15,5.96907377243042
0,17,16,6.609558582305908
0,18,17,5.881325721740723
0,19,18,7.078831672668457
0,20,19,6.391493320465088
0,21,20,6.699347972869873
0,22,21,6.334592819213867
0,23,22,6.273130416870117
0,24,23,6.930202484130859
0,25,24,6.278963088989258
0,26,25,6.992042541503906
0,27,26,6.214526653289795
0,28,27,6.655014991760254
0,29,28,6.7149128913879395
0,30,29,6.450607776641846
0,31,30,6.222010135650635
0,32,31,6.43031120300293
0,33,32,6.697773456573486
0,34,33,6.507339954376221
0,35,34,6.264302730560303
0,36,35,6.040018081665039
0,37,36,6.409573554992676
0,38,37,5.999763488769531
0,39,38,6.015987396240234
0,40,39,6.212791442871094
0,41,40,6.277396202087402
0,42,41,5.547422409057617
0,43,42,5.965202331542969
0,44,43,6.360321044921875
0,45,44,5.87288761138916
0,46,45,6.203332424163818
0,47,46,5.98588228225708
0,48,47,5.804492473602295
0,49,48,6.0820441246032715
0,50,49,6.046947002410889
0,51,50,5.980395317077637
0,52,51,6.255180835723877
0,53,52,5.875286102294922
0,54,53,5.816957473754883
0,55,54,5.720342636108398
0,56,55,5.8503594398498535
0,57,56,5.8913373947143555
0,58,57,5.839247226715088
0,59,58,5.605926990509033
0,60,59,5.9170613288879395
0,61,60,6.1108598709106445
0,62,61,5.386980056762695
0,63,62,5.843480110168457
0,64,63,5.5694966316223145
0,65,64,5.822138786315918
0,66,65,5.699944496154785
0,67,66,6.037332057952881
0,68,67,5.832845687866211
0,69,68,5.541269779205322
0,70,69,5.270421028137207
0,71,70,5.436984062194824
0,72,71,5.581574440002441
0,73,72,5.646729946136475
0,74,73,5.691502571105957
0,75,74,5.666594982147217
0,76,75,5.439018726348877
0,77,76,5.255412578582764
0,78,77,5.810281276702881
0,79,78,5.52618932723999
0,80,79,5.415543079376221
0,81,80,5.332555294036865
0,82,81,5.44926643371582
0,83,82,5.640877723693848
0,84,83,5.1027703285217285
0,85,84,5.441035747528076
0,86,85,5.612269878387451
0,87,86,5.424432277679443
0,88,87,5.404773712158203
0,89,88,5.328065395355225
0,90,89,5.411432266235352
0,91,90,5.336965084075928
0,92,91,5.212904453277588
0,93,92,5.3140177726745605
0,94,93,5.196737289428711
0,95,94,5.2587785720825195
0,96,95,5.131661891937256
0,97,96,5.487196922302246
0,98,97,4.9794697761535645
0,99,98,5.283486366271973
0,100,99,4.838931560516357
0,101,100,5.091246128082275
0,102,101,5.054523468017578
0,103,102,5.061234474182129
0,104,103,5.154551982879639
0,105,104,5.064363479614258
0,106,105,4.776168346405029
0,107,106,5.340880393981934
0,108,107,5.046125411987305
0,109,108,5.019576549530029
0,110,109,5.1062421798706055
0,111,110,4.967134475708008
0,112,111,4.8323869705200195
0,113,112,4.802111625671387
0,114,113,4.804449081420898
0,115,114,4.932633876800537
0,116,115,5.117177963256836
0,117,116,4.887450695037842
0,118,117,4.784426212310791
0,119,118,4.619443893432617
0,120,119,4.901782035827637
0,121,120,4.637461185455322
0,122,121,4.799527168273926
0,123,122,4.628934383392334
0,124,123,5.064724922180176
0,125,124,4.648312568664551
0,126,125,4.806763172149658
0,127,126,4.55709981918335
0,128,127,4.741054058074951
0,129,128,4.65128755569458
0,130,129,4.686550617218018
0,131,130,4.705324172973633
0,132,131,4.787473678588867
0,133,132,4.657989501953125
0,134,133,4.485959529876709
0,135,134,4.71354866027832
0,136,135,4.650411128997803
0,137,136,4.7247209548950195
0,138,137,4.661278247833252
0,139,138,4.853943824768066
0,140,139,4.835986614227295
0,141,140,4.666514873504639
0,142,141,4.80507755279541
0,143,142,4.4253387451171875
0,144,143,4.68120813369751
0,145,144,4.41284704208374
0,146,145,4.727663993835449
0,147,146,4.726347923278809
0,148,147,4.654361724853516
0,149,148,4.568796634674072
0,150,149,4.571511745452881
0,151,150,4.512378692626953
0,152,151,4.859160423278809
0,153,152,4.569763660430908
0,154,153,4.815439701080322
0,155,154,4.328207492828369
0,156,155,4.608734607696533
0,157,156,4.419595718383789
0,158,157,4.662879467010498
0,159,158,4.4417338371276855
0,160,159,4.775825500488281
0,161,160,4.646081924438477
0,162,161,4.5596513748168945
0,163,162,4.516314506530762
0,164,163,4.553267478942871
0,165,164,4.269915580749512
0,166,165,4.379039287567139
0,167,166,4.463179588317871
0,168,167,4.471198558807373
0,169,168,4.3776750564575195
0,170,169,4.568807601928711
0,171,170,4.539002895355225
0,172,171,4.416438102722168
0,173,172,4.507565498352051
0,174,173,4.616137504577637
0,175,174,4.428650379180908
0,176,175,4.337194919586182
0,177,176,4.1555328369140625
0,178,177,4.472628593444824
0,179,178,4.197643280029297
0,180,179,4.335151672363281
0,181,180,4.302854061126709
0,182,181,4.204472541809082
0,183,182,4.350016117095947
0,184,183,4.072775363922119
0,185,184,4.108776092529297
0,186,185,4.4911580085754395
0,187,186,4.180295944213867
0,188,187,4.174163341522217
0,189,188,4.224930763244629
0,190,189,4.195725917816162
0,191,190,4.451200008392334
0,192,191,3.9814767837524414
0,193,192,4.266139984130859
0,194,193,3.9777772426605225
0,195,194,4.2057037353515625
0,196,195,3.9961938858032227
0,197,196,3.905493974685669
0,198,197,4.234235763549805
0,199,198,4.029912948608398
0,200,199,4.173247337341309
0,201,200,4.143716812133789
0,202,201,4.103617191314697
0,203,202,3.9903738498687744
0,204,203,4.09933614730835
0,205,204,4.213118553161621
0,206,205,4.221498966217041
0,207,206,4.095942497253418
0,208,207,3.8653690814971924
0,209,208,3.8359265327453613
0,210,209,4.017635345458984
0,211,210,3.991090774536133
0,212,211,4.120010852813721
0,213,212,3.8128719329833984
0,214,213,4.028548240661621
0,215,214,4.315597057342529
0,216,215,4.296037197113037
0,217,216,3.702618360519409
0,218,217,4.123067378997803
0,219,218,3.9843199253082275
0,220,219,3.9969613552093506
0,221,220,3.940908193588257
0,222,221,3.8659932613372803
0,223,222,4.10605525970459
0,224,223,4.161202907562256
0,225,224,3.973118782043457
0,226,225,3.661855459213257
0,227,226,3.904123067855835
0,228,227,4.158571243286133
0,229,228,3.983616828918457
0,230,229,3.8331096172332764
0,231,230,3.7809791564941406
0,232,231,4.249329566955566
0,233,232,3.874943256378174
0,234,233,4.026706218719482
0,235,234,3.9472062587738037
0,236,235,4.0526556968688965
0,237,236,4.003537178039551
0,238,237,3.6007726192474365
0,239,238,3.5891969203948975
0,240,239,3.8007688522338867
0,241,240,3.8547003269195557
0,242,241,4.037545680999756
0,243,242,3.532456874847412
0,244,243,3.863912343978882
0,245,244,3.864708185195923
0,246,245,3.9861888885498047
0,247,246,3.953782558441162
0,248,247,4.049490928649902
0,249,248,3.9889755249023438
0,250,249,3.482663631439209
0,251,250,3.483419179916382
0,252,251,3.8441147804260254
0,253,252,3.5655677318573
0,254,253,3.891481399536133
0,255,254,3.6189849376678467
0,256,255,3.831815242767334
0,257,256,3.8803133964538574
0,258,257,3.936025381088257
0,259,258,3.6802384853363037
0,260,259,3.7137341499328613
0,261,260,3.447035074234009
0,262,261,3.661623954772949
0,263,262,3.734736204147339
0,264,263,3.4740090370178223
0,265,264,3.373426675796509
0,266,265,3.7964694499969482
0,267,266,3.6646463871002197
0,268,267,3.5964713096618652
0,269,268,3.834794044494629
0,270,269,3.9787356853485107
0,271,270,3.437227487564087
0,272,271,3.9679174423217773
0,273,272,3.6280317306518555
0,274,273,3.433861017227173
0,275,274,3.5746304988861084
0,276,275,3.3508927822113037
0,277,276,3.7637486457824707
0,278,277,3.7882869243621826
0,279,278,3.8217029571533203
0,280,279,3.6786794662475586
0,281,280,3.5511245727539062
0,282,281,3.610466957092285
0,283,282,3.295689105987549
0,284,283,3.644033908843994
0,285,284,3.255560874938965
0,286,285,3.9138364791870117
0,287,286,3.6578829288482666
0,288,287,3.667607069015503
0,289,288,3.75768780708313
0,290,289,3.7447433471679688
0,291,290,3.3030762672424316
0,292,291,3.4415977001190186
0,293,292,3.642615795135498
0,294,293,3.6676461696624756
0,295,294,3.465440273284912
0,296,295,3.7279679775238037
0,297,296,3.929173231124878
0,298,297,3.4697468280792236
0,299,298,3.185274362564087
0,300,299,3.5634593963623047
0,301,300,3.383429527282715
0,302,301,3.4774136543273926
0,303,302,3.3633620738983154
0,304,303,3.3835361003875732
0,305,304,3.5032854080200195
0,306,305,3.59527587890625
0,307,306,3.1334407329559326
0,308,307,3.4075677394866943
0,309,308,3.5883915424346924
0,310,309,3.469190835952759
0,311,310,3.6586740016937256
0,312,311,3.4556961059570312
0,313,312,3.704587697982788
0,314,313,3.0646655559539795
0,315,314,3.4334781169891357
0,316,315,3.6363611221313477
0,317,316,3.1732025146484375
0,318,317,3.5083329677581787
0,319,318,3.401644229888916
0,320,319,3.5930087566375732
0,321,320,3.4743878841400146
0,322,321,3.4952993392944336
0,323,322,3.3033275604248047
0,324,323,2.9574198722839355
0,325,324,3.3077197074890137
0,326,325,3.302088499069214
0,327,326,3.5433037281036377
0,328,327,3.352405309677124
0,329,328,3.7146055698394775
0,330,329,3.4601523876190186
0,331,330,3.0615415573120117
0,332,331,3.423657178878784
0,333,332,3.527111053466797
0,334,333,3.4383111000061035
0,335,334,3.2486090660095215
0,336,335,3.2063708305358887
0,337,336,3.5961239337921143
0,338,337,2.886570692062378
0,339,338,3.358820676803589
0,340,339,3.0896427631378174
0,341,340,3.421544075012207
0,342,341,3.0910699367523193
0,343,342,3.206681966781616
0,344,343,3.889805793762207
0,345,344,3.115220546722412
0,346,345,3.25137996673584
0,347,346,3.4183847904205322
0,348,347,3.443270683288574
0,349,348,3.434422016143799
0,350,349,3.339259624481201
0,351,350,3.44222092628479
0,352,351,3.058187246322632
0,353,352,3.0146567821502686
0,354,353,3.2962806224823
0,355,354,3.1716268062591553
0,356,355,3.1303884983062744
0,357,356,3.0961153507232666
0,358,357,3.234095335006714
0,359,358,3.0409674644470215
0,360,359,3.2815561294555664
0,361,360,2.702456474304199
0,362,361,3.156820774078369
0,363,362,3.340380907058716
0,364,363,3.068737030029297
0,365,364,3.2222468852996826
0,366,365,3.0767107009887695
0,367,366,3.0479094982147217
0,368,367,2.841033935546875
0,369,368,3.0104641914367676
0,370,369,3.0216257572174072
0,371,370,2.7036218643188477
0,372,371,3.3902947902679443
0,373,372,3.126004457473755
0,374,373,2.9791386127471924
0,375,374,2.561753034591675
0,376,375,3.021024227142334
0,377,376,3.085801124572754
0,378,377,3.2317068576812744
0,379,378,2.5334465503692627
0,380,379,3.0725650787353516
0,381,380,2.9234817028045654
0,382,381,2.9597244262695312
0,383,382,2.9727437496185303
0,384,383,2.6713802814483643
0,385,384,2.99849009513855
0,386,385,2.774171829223633
0,387,386,2.770237445831299
0,388,387,3.021695852279663
0,389,388,3.2254066467285156
0,390,389,3.1042287349700928
0,391,390,3.3325119018554688
0,392,391,3.0346357822418213
0,393,392,2.893813371658325
0,394,393,2.8645520210266113
0,395,394,2.8593151569366455
0,396,395,2.8992035388946533
0,397,396,3.0253312587738037
0,398,397,2.821761131286621
0,399,398,2.928396701812744
0,400,399,3.1916394233703613
0,401,400,2.84009051322937
0,402,401,2.3944191932678223
0,403,402,2.759467363357544
0,404,403,2.9385030269622803
0,405,404,2.780451536178589
0,406,405,2.9725289344787598
0,407,406,2.9090576171875
0,408,407,3.122556209564209
0,409,408,2.2080881595611572
0,410,409,2.742182731628418
0,411,410,2.9826951026916504
0,412,411,2.6322360038757324
0,413,412,2.816596031188965
0,414,413,2.4911587238311768
0,415,414,2.2492752075195312
0,416,415,2.879434823989868
0,417,416,2.5152673721313477
0,418,417,2.793102502822876
0,419,418,2.415255308151245
0,420,419,1.9785957336425781
0,421,420,2.411386251449585
0,422,421,2.3602335453033447
0,423,422,2.479013442993164
0,424,423,2.6064581871032715
0,425,424,2.8401246070861816
0,426,425,2.7240846157073975
0,427,426,2.1200411319732666
0,428,427,2.8691771030426025
0,429,428,2.314560890197754
0,430,429,2.500373601913452
0,431,430,2.4356794357299805
0,432,431,1.6753958463668823
0,433,432,2.148397207260132
0,434,433,2.4191930294036865
0,435,434,2.5498950481414795
0,436,435,2.401327610015869
0,437,436,1.5979567766189575
0,438,437,1.5649946928024292
0,439,438,2.306398630142212
0,440,439,1.9670249223709106
0,441,440,2.5237479209899902
0,442,441,2.747936487197876
0,443,442,2.272606134414673
0,444,443,2.4705960750579834
0,445,444,1.4912700653076172
0,446,445,2.1769139766693115
0,447,446,2.40877103805542
0,448,447,2.0776119232177734
0,449,448,2.2414169311523438
0,450,449,2.3053858280181885
0,451,450,2.2681164741516113
0,452,451,2.1960790157318115
0,453,452,2.159454584121704
0,454,453,2.0231735706329346
0,455,454,1.9050143957138062
0,456,455,2.1062681674957275
0,457,456,1.9387812614440918
0,458,457,2.4199273586273193
0,459,458,2.2410504817962646
0,460,459,2.1132872104644775
0,461,460,2.240642786026001
0,462,461,2.1324901580810547
0,463,462,1.8833587169647217
0,464,463,2.3668112754821777
0,465,464,1.601455807685852
0,466,465,2.1450395584106445
0,467,466,1.306244134902954
0,468,467,1.9012060165405273
0,469,468,1.8667222261428833
0,470,469,1.864232063293457
0,471,470,2.0367438793182373
0,472,471,2.1584322452545166
0,473,472,1.6195263862609863
0,474,473,2.044323205947876
0,475,474,2.3784537315368652
0,476,475,1.8661106824874878
0,477,476,2.339691400527954
0,478,477,2.4740853309631348
0,479,478,2.1769020557403564
0,480,479,1.7695647478103638
0,481,480,2.112710475921631
0,482,481,1.1962666511535645
0,483,482,1.749437689781189
0,484,483,1.7106173038482666
0,485,484,1.9951002597808838
0,486,485,2.1497981548309326
0,487,486,1.6206880807876587
0,488,487,1.9413450956344604
0,489,488,1.1412594318389893
0,490,489,1.695285677909851
0,491,490,1.7687294483184814
0,492,491,1.0903823375701904
0,493,492,1.4603757858276367
0,494,493,2.1940133571624756
0,495,494,2.0002591609954834
0,496,495,1.3435678482055664
0,497,496,0.9828749299049377
0,498,497,1.004502534866333
0,499,498,1.7933863401412964
0,500,499,2.1436989307403564
0,501,500,1.6274489164352417
0,502,501,1.6237947940826416
0,503,502,1.6330366134643555
0,504,503,1.6589239835739136
0,505,504,1.8772578239440918
0,506,505,1.7865352630615234
0,507,506,1.7533738613128662
0,508,507,2.0869359970092773
0,509,508,1.5547535419464111
0,510,509,1.851006031036377
0,511,510,1.4958367347717285
0,512,511,1.8496675491333008
0,513,512,0.826770544052124
0,514,513,1.706911563873291
0,515,514,1.4025208950042725
0,516,515,1.7583067417144775
0,517,516,1.2358278036117554
0,518,517,1.8029189109802246
0,519,518,1.4992966651916504
0,520,519,2.0113887786865234
0,521,520,1.6517120599746704
0,522,521,0.7995451092720032
0,523,522,1.4237879514694214
0,524,523,1.3743982315063477
0,525,524,1.1512097120285034
0,526,525,1.4069925546646118
0,527,526,1.6139436960220337
0,528,527,2.084935426712036
0,529,528,1.4117361307144165
0,530,529,1.8746241331100464
0,531,530,2.392972707748413
0,532,531,2.2151341438293457
0,533,532,1.926142930984497
0,534,533,2.238358497619629
0,535,534,1.5728925466537476
0,536,535,2.210793972015381
0,537,536,1.4886829853057861
0,538,537,1.8723198175430298
0,539,538,2.1069893836975098
0,540,539,2.241400957107544
0,541,540,1.987955927848816
0,542,541,1.6412928104400635
0,543,542,2.3508737087249756
0,544,543,1.999359130859375
0,545,544,1.8305058479309082
0,546,545,2.2709100246429443
0,547,546,1.8866816759109497
0,548,547,1.8403948545455933
0,549,548,1.2475792169570923
0,550,549,2.293973207473755
0,551,550,1.7343686819076538
0,552,551,1.4826653003692627
0,553,552,1.7485055923461914
0,554,553,1.755801796913147
0,555,554,1.8731786012649536
0,556,555,1.3751616477966309
0,557,556,0.7702286243438721
0,558,557,1.835595965385437
0,559,558,1.8454043865203857
0,560,559,1.6656650304794312
0,561,560,1.8145556449890137
0,562,561,1.1147512197494507
0,563,562,1.3946850299835205
0,564,563,1.50211763381958
0,565,564,1.759797215461731
0,566,565,1.5964562892913818
0,567,566,1.0374729633331299
0,568,567,1.116773247718811
0,569,568,1.5956134796142578
0,570,569,1.6700936555862427
0,571,570,1.330465316772461
0,572,571,0.8768540620803833
0,573,572,1.809333086013794
0,574,573,1.603023648262024
0,575,574,1.4136103391647339
0,576,575,1.2105400562286377
0,577,576,1.4447245597839355
0,578,577,1.215306043624878
0,579,578,1.1005336046218872
0,580,579,1.2930052280426025
0,581,580,1.3384674787521362
0,582,581,1.5349278450012207
0,583,582,1.353522777557373
0,584,583,1.338685393333435
0,585,584,1.3579274415969849
0,586,585,1.1248916387557983
0,587,586,1.0517628192901611
0,588,587,1.469020128250122
0,589,588,1.2196682691574097
0,590,589,0.8368657231330872
0,591,590,1.2853283882141113
0,592,591,1.2308446168899536
0,593,592,1.0298057794570923
0,594,593,0.904502809047699
0,595,594,1.1603847742080688
0,596,595,0.8689514398574829
0,597,596,1.0493507385253906
0,598,597,0.870779275894165
0,599,598,1.383398413658142
0,600,599,1.2530169486999512
0,601,600,0.6688184142112732
0,602,601,1.2989524602890015
0,603,602,1.466005802154541
0,604,603,1.0891518592834473
0,605,604,0.8068642616271973
0,606,605,1.2944625616073608
0,607,606,1.2884877920150757
0,608,607,1.4587632417678833
0,609,608,1.7103933095932007
0,610,609,1.4876670837402344
0,611,610,0.609447717666626
0,612,611,1.4202494621276855
0,613,612,1.374247431755066
0,614,613,0.5458154678344727
0,615,614,0.8489699363708496
0,616,615,1.3061776161193848
0,617,616,0.5760183334350586
0,618,617,0.7987632155418396
0,619,618,1.1852957010269165
0,620,619,1.0487831830978394
0,621,620,0.7639188170433044
0,622,621,1.3154083490371704
0,623,622,1.3528480529785156
0,624,623,0.19425347447395325
0,625,624,1.3994128704071045
0,626,625,0.99485844373703
0,627,626,1.1796042919158936
0,628,627,0.7114443778991699
0,629,628,0.9156450033187866
0,630,629,0.18938817083835602
0,631,630,0.8281027674674988
0,632,631,0.43852826952934265
0,633,632,0.7974294424057007
0,634,633,1.1084096431732178
0,635,634,1.2230091094970703
0,636,635,0.8491970300674438
0,637,636,1.156476616859436
0,638,637,1.1192939281463623
0,639,638,1.1787956953048706
0,640,639,0.9601792097091675
0,641,640,1.1287373304367065
0,642,641,0.8637270331382751
0,643,642,0.8513059616088867
0,644,643,0.8677117824554443
0,645,644,0.6721990704536438
0,646,645,0.8446304202079773
0,647,646,0.18272247910499573
0,648,647,0.9824540615081787
0,649,648,0.7015687227249146
0,650,649,1.122660756111145
0,651,650,0.9140520095825195
0,652,651,0.4569019079208374
0,653,652,1.1638740301132202
0,654,653,1.0326545238494873
0,655,654,0.6315798163414001
0,656,655,0.8426473736763
0,657,656,0.9635946154594421
0,658,657,0.9542440176010132
0,659,658,0.6299719214439392
0,660,659,0.3640287518501282
0,661,660,0.8374248147010803
0,662,661,0.45611608028411865
0,663,662,0.6128020882606506
0,664,663,0.6313642263412476
0,665,664,0.9643487334251404
0,666,665,0.8956440091133118
0,667,666,0.781626284122467
0,668,667,0.5362849235534668
0,669,668,0.7055212259292603
0,670,669,0.10743115097284317
0,671,670,0.6156321167945862
0,672,671,0.9342369437217712
0,673,672,1.2178289890289307
0,674,673,1.026970386505127
0,675,674,1.1325159072875977
0,676,675,0.7565757632255554
0,677,676,0.9963152408599854
0,678,677,0.6362737417221069
0,679,678,0.1608704924583435
0,680,679,0.8397613763809204
0,681,680,1.1337920427322388
0,682,681,1.0213639736175537
0,683,682,0.9587939381599426
0,684,683,0.8387561440467834
0,685,684,0.7558292150497437
0,686,685,0.39022159576416016
0,687,686,0.5000395774841309
0,688,687,0.6478415131568909
0,689,688,1.038066029548645
0,690,689,1.1984646320343018
0,691,690,0.6385530829429626
0,692,691,0.9959333539009094
0,693,692,0.9374005794525146
0,694,693,0.518844485282898
0,695,694,0.6092013716697693
0,696,695,0.9750924110412598
0,697,696,0.8234631419181824
0,698,697,0.5824493169784546
0,699,698,0.13173751533031464
0,700,699,0.33572283387184143
0,701,700,0.9669373631477356
0,702,701,1.06563138961792
0,703,702,0.9641494750976562
0,704,703,0.6132766604423523
0,705,704,0.6653496026992798
0,706,705,0.29363885521888733
0,707,706,0.4601164162158966
0,708,707,0.5713440775871277
0,709,708,0.48307904601097107
0,710,709,0.387309730052948
0,711,710,1.0108438730239868
0,712,711,0.6443809270858765
0,713,712,0.3359247148036957
0,714,713,0.6501148343086243
0,715,714,0.11148533225059509
0,716,715,0.8756206631660461
0,717,716,0.6739057302474976
0,718,717,0.6754843592643738
0,719,718,0.7408295273780823
0,720,719,0.281067430973053
0,721,720,0.9865301847457886
0,722,721,0.7930008769035339
0,723,722,0.7800164818763733
0,724,723,0.9529234170913696
0,725,724,1.2072829008102417
0,726,725,0.3485155999660492
0,727,726,0.1765744984149933
0,728,727,0.7090553641319275
0,729,728,0.08841419219970703
0,730,729,0.8061047792434692
0,731,730,0.8780375123023987
0,732,731,0.9720590114593506
0,733,732,0.09138324856758118
0,734,733,0.980228841304779
0,735,734,0.9976905584335327
0,736,735,1.166184425354004
0,737,736,0.590462863445282
0,738,737,0.4990750551223755
0,739,738,0.6176580190658569
0,740,739,0.6143061518669128
0,741,740,0.8022851347923279
0,742,741,0.8908085823059082
0,743,742,0.20496866106987
0,744,743,0.8353175520896912
0,745,744,0.5808635354042053
0,746,745,0.7734375596046448
0,747,746,0.535530686378479
0,748,747,0.9977821707725525
0,749,748,0.4403989017009735
0,750,749,0.5457134246826172
0,751,750,0.521952748298645
0,752,751,0.9380192756652832
0,753,752,0.39448314905166626
0,754,753,0.8710921406745911
0,755,754,0.7889847159385681
0,756,755,0.48331356048583984
0,757,756,0.38598474860191345
0,758,757,0.6048740148544312
0,759,758,0.1603991687297821
0,760,759,0.7810661792755127
0,761,760,0.5501882433891296
0,762,761,0.7792046070098877
0,763,762,0.6270608305931091
0,764,763,0.8373363018035889
0,765,764,0.6814826726913452
0,766,765,0.27866190671920776
0,767,766,0.622758150100708
0,768,767,0.9068388342857361
0,769,768,0.6843811273574829
0,770,769,0.5230705738067627
0,771,770,1.0722424983978271
0,772,771,0.25877872109413147
0,773,772,0.3634869158267975
0,774,773,1.0512769222259521
0,775,774,0.567179262638092
0,776,775,0.46268510818481445
0,777,776,0.49444401264190674
0,778,777,0.6692497134208679
0,779,778,0.4307873547077179
0,780,779,0.6265313625335693
0,781,780,0.7448821067810059
0,782,781,0.23600339889526367
0,783,782,0.7177748084068298
0,784,783,0.4769899845123291
0,785,784,0.4227449297904968
0,786,785,0.6408316493034363
0,787,786,0.40558233857154846
0,788,787,0.5246878266334534
0,789,788,0.6166859865188599
0,790,789,0.6584752798080444
0,791,790,0.8813276290893555
0,792,791,0.19210539758205414
0,793,792,0.56850266456604
0,794,793,0.334498792886734
0,795,794,0.6650770902633667
0,796,795,0.44299235939979553
0,797,796,0.12415191531181335
0,798,797,0.9668960571289062
0,799,798,0.22713494300842285
0,800,799,0.41923144459724426
0,801,800,0.5078629851341248
0,802,801,0.3355107307434082
0,803,802,0.792626142501831
0,804,803,0.4296835958957672
0,805,804,0.5682670474052429
0,806,805,0.20707818865776062
0,807,806,0.5219387412071228
0,808,807,0.553907036781311
0,809,808,0.3813532888889313
0,810,809,0.6048102974891663
0,811,810,0.5388246774673462
0,812,811,0.10036838799715042
0,813,812,0.6466767191886902
0,814,813,0.5535458326339722
0,815,814,0.7561711668968201
0,816,815,0.6448454260826111
0,817,816,0.07894214242696762
0,818,817,0.3311040997505188
0,819,818,0.4460203945636749
0,820,819,0.563020646572113
0,821,820,0.8819295763969421
0,822,821,0.5530999898910522
0,823,822,0.46145299077033997
0,824,823,0.4360430836677551
0,825,824,0.6473115086555481
0,826,825,0.08884670585393906
0,827,826,0.8003692030906677
0,828,827,0.46278247237205505
0,829,828,0.06504995375871658
0,830,829,0.28628009557724
0,831,830,0.49921053647994995
0,832,831,0.5247611403465271
0,833,832,0.4594101905822754
0,834,833,0.4003027081489563
0,835,834,0.22695215046405792
0,836,835,0.4016854166984558
0,837,836,0.5337895750999451
0,838,837,0.21749171614646912
0,839,838,0.3541993200778961
0,840,839,0.2816019058227539
0,841,840,0.8054088950157166
0,842,841,0.49694785475730896
0,843,842,0.6916964650154114
0,844,843,0.5230189561843872
0,845,844,0.21473388373851776
0,846,845,0.6016358137130737
0,847,846,0.10599786788225174
0,848,847,0.44644030928611755
0,849,848,0.5067650079727173
0,850,849,0.4352654814720154
0,851,850,0.2411554753780365
0,852,851,0.45592331886291504
0,853,852,0.32383179664611816
0,854,853,0.48246997594833374
0,855,854,0.3868405520915985
0,856,855,0.7395747900009155
0,857,856,0.37036415934562683
0,858,857,0.454770028591156
0,859,858,0.349882036447525
0,860,859,0.20773378014564514
0,861,860,0.09669198840856552
0,862,861,0.5675484538078308
0,863,862,0.37362536787986755
0,864,863,0.20345090329647064
0,865,864,0.31347954273223877
0,866,865,0.18609966337680817
0,867,866,0.33751314878463745
0,868,867,0.3183577060699463
0,869,868,0.3555324673652649
0,870,869,0.21803568303585052
0,871,870,0.33154407143592834
0,872,871,0.41915595531463623
0,873,872,0.24108585715293884
0,874,873,0.41271933913230896
0,875,874,0.19075027108192444
0,876,875,0.5779213309288025
0,877,876,0.5843015313148499
0,878,877,0.5324660539627075
0,879,878,0.4055632948875427
0,880,879,0.4706430733203888
0,881,880,0.3652300238609314
0,882,881,0.5599939227104187
0,883,882,0.38133007287979126
0,884,883,0.5046414136886597
0,885,884,0.21943826973438263
0,886,885,0.23237310349941254
0,887,886,0.6016258597373962
0,888,887,0.5130228400230408
0,889,888,0.544029951095581
0,890,889,0.5994197130203247
0,891,890,0.29088854789733887
0,892,891,0.3727394640445709
0,893,892,0.29567819833755493
0,894,893,0.2673983871936798
0,895,894,0.3322383761405945
0,896,895,0.11335515975952148
0,897,896,0.3601553440093994
0,898,897,0.3745419681072235
0,899,898,0.19373270869255066
0,900,899,0.2519526183605194
0,901,900,0.4168708920478821
0,902,901,0.2903347611427307
0,903,902,0.24095585942268372
0,904,903,0.14507168531417847
0,905,904,0.3344265818595886
0,906,905,0.23137633502483368
0,907,906,0.2728641629219055
0,908,907,0.2821747958660126
0,909,908,0.42811480164527893
0,910,909,0.3418113589286804
0,911,910,0.2933926284313202
0,912,911,0.26900890469551086
0,913,912,0.09478428214788437
0,914,913,0.2797658443450928
0,915,914,0.2934128940105438
0,916,915,0.6286184787750244
0,917,916,0.3291866183280945
0,918,917,0.19149596989154816
0,919,918,0.15885211527347565
0,920,919,0.05351107195019722
0,921,920,0.35599127411842346
0,922,921,0.3435225486755371
0,923,922,0.15171949565410614
0,924,923,0.0453483909368515
0,925,924,0.5393481254577637
0,926,925,0.17332573235034943
0,927,926,0.15829026699066162
0,928,927,0.2333928644657135
0,929,928,0.2908168137073517
0,930,929,0.29337960481643677
0,931,930,0.7246299982070923
0,932,931,0.2561541199684143
0,933,932,0.18536990880966187
0,934,933,0.3561771810054779
0,935,934,0.305798202753067
0,936,935,0.38529300689697266
0,937,936,0.1508462131023407
0,938,937,0.27093610167503357
0,939,938,0.3922232389450073
0,940,939,0.20728807151317596
0,941,940,0.48773351311683655
0,942,941,0.20779848098754883
0,943,942,0.27357637882232666
0,944,943,0.20959684252738953
0,945,944,0.23902051150798798
0,946,945,0.04835949465632439
0,947,946,0.25148823857307434
0,948,947,0.3717421293258667
0,949,948,0.18991784751415253
0,950,949,0.1993180364370346
0,951,950,0.3275280296802521
0,952,951,0.23049437999725342
0,953,952,0.2931777238845825
0,954,953,0.2856292128562927
0,955,954,0.38347291946411133
0,956,955,0.13683368265628815
0,957,956,0.3080537021160126
0,958,957,0.5673615336418152
0,959,958,0.35596752166748047
0,960,959,0.2592419683933258
0,961,960,0.2585656940937042
0,962,961,0.22912165522575378
0,963,962,0.38123905658721924
0,964,963,0.4340326189994812
0,965,964,0.05045599117875099
0,966,965,0.4408043324947357
0,967,966,0.09220918267965317
0,968,967,0.16291169822216034
0,969,968,0.2068825364112854
0,970,969,0.22902348637580872
0,971,970,0.13086973130702972
0,972,971,0.32361963391304016
0,973,972,0.318380743265152
0,974,973,0.2716185450553894
0,975,974,0.3084295690059662
0,976,975,0.2744951844215393
0,977,976,0.45069798827171326
0,978,977,0.2385188490152359
0,979,978,0.11560568958520889
0,980,979,0.33939260244369507
0,981,980,0.22426359355449677
0,982,981,0.2779650390148163
0,983,982,0.47237586975097656
0,984,983,0.2044680267572403
0,985,984,0.5456441640853882
0,986,985,0.15179851651191711
0,987,986,0.2824088931083679
0,988,987,0.17281019687652588
0,989,988,0.1855897456407547
0,990,989,0.327872633934021
0,991,990,0.5582814812660217
0,992,991,0.5257492065429688
0,993,992,0.2966997027397156
0,994,993,0.39536938071250916
0,995,994,0.3302743136882782
0,996,995,0.2863169014453888
0,997,996,0.08552274107933044
0,998,997,0.41793736815452576
0,999,998,0.18541839718818665
0,1000,999,0.2812167704105377
0,1001,1000,0.3863392770290375
0,1002,1001,0.312473863363266
0,1003,1002,0.338118314743042
0,1004,1003,0.3893264830112457
0,1005,1004,0.3465542793273926
0,1006,1005,0.3284096419811249
0,1007,1006,0.27660489082336426
0,1008,1007,0.28105878829956055
0,1009,1008,0.160531684756279
0,1010,1009,0.14414258301258087
0,1011,1010,0.287680059671402
0,1012,1011,0.28314274549484253
0,1013,1012,0.18100327253341675
0,1014,1013,0.19535379111766815
0,1015,1014,0.1555393785238266
0,1016,1015,0.3592384457588196
0,1017,1016,0.28550800681114197
0,1018,1017,0.23896406590938568
0,1019,1018,0.2622099220752716
0,1020,1019,0.1452358216047287
0,1021,1020,0.26531633734703064
0,1022,1021,0.49394741654396057
0,1023,1022,0.27752920985221863
0,1024,1023,0.2073204070329666
0,1025,1024,0.15135397017002106
0,1026,1025,0.17485904693603516
0,1027,1026,0.4686700999736786
0,1028,1027,0.3418485224246979
0,1029,1028,0.17587314546108246
0,1030,1029,0.18573997914791107
0,1031,1030,0.2936376631259918
0,1032,1031,0.20414531230926514
0,1033,1032,0.11039009690284729
0,1034,1033,0.2441784292459488
0,1035,1034,0.3265416622161865
0,1036,1035,0.13327115774154663
0,1037,1036,0.21755798161029816
0,1038,1037,0.34060585498809814
0,1039,1038,0.22232648730278015
0,1040,1039,0.25607460737228394
0,1041,1040,0.15636786818504333
0,1042,1041,0.19231261312961578
0,1043,1042,0.044777557253837585
0,1044,1043,0.2141905575990677
0,1045,1044,0.21941982209682465
0,1046,1045,0.1459633708000183
0,1047,1046,0.21167916059494019
0,1048,1047,0.31114497780799866
0,1049,1048,0.1368914097547531
0,1050,1049,0.30447864532470703
0,1051,1050,0.26846620440483093
0,1052,1051,0.36553359031677246
0,1053,1052,0.20329424738883972
0,1054,1053,0.26295843720436096
0,1055,1054,0.3315752446651459
0,1056,1055,0.18480995297431946
0,1057,1056,0.26438388228416443
0,1058,1057,0.21522828936576843
0,1059,1058,0.18348896503448486
0,1060,1059,0.23217090964317322
0,1061,1060,0.27881065011024475
0,1062,1061,0.32679304480552673
0,1063,1062,0.1793781965970993
0,1064,1063,0.1839691549539566
0,1065,1064,0.33956530690193176
0,1066,1065,0.1688024401664734
0,1067,1066,0.2856890559196472
0,1068,1067,0.2084924429655075
0,1069,1068,0.24908243119716644
0,1070,1069,0.17373773455619812
0,1071,1070,0.2413509488105774
0,1072,1071,0.19790509343147278
0,1073,1072,0.11476060003042221
0,1074,1073,0.17992916703224182
0,1075,1074,0.2276192158460617
0,1076,1075,0.2630663216114044
0,1077,1076,0.18508003652095795
0,1078,1077,0.1898011416196823
0,1079,1078,0.18570846319198608
0,1080,1079,0.14699786901474
0,1081,1080,0.3812485933303833
0,1082,1081,0.1638941764831543
0,1083,1082,0.2608841359615326
0,1084,1083,0.19924136996269226
0,1085,1084,0.24216103553771973
0,1086,1085,0.18353287875652313
0,1087,1086,0.27590450644493103
0,1088,1087,0.3132302165031433
0,1089,1088,0.23312629759311676
0,1090,1089,0.33050256967544556
0,1091,1090,0.16081750392913818
0,1092,1091,0.21573400497436523
0,1093,1092,0.20447766780853271
0,1094,1093,0.2667979896068573
0,1095,1094,0.17020298540592194
0,1096,1095,0.12863782048225403
0,1097,1096,0.13513050973415375
0,1098,1097,0.1897042691707611
0,1099,1098,0.29686227440834045
0,1100,1099,0.22533561289310455
0,1101,1100,0.38972416520118713
0,1102,1101,0.17212077975273132
0,1103,1102,0.31858694553375244
0,1104,1103,0.1103772521018982
0,1105,1104,0.10765714198350906
0,1106,1105,0.09205637127161026
0,1107,1106,0.1278245598077774
0,1108,1107,0.04046143963932991
0,1109,1108,0.20605188608169556
0,1110,1109,0.3460484743118286
0,1111,1110,0.11098560690879822
0,1112,1111,0.17975035309791565
0,1113,1112,0.3425602912902832
0,1114,1113,0.2926391363143921
0,1115,1114,0.2839735746383667
0,1116,1115,0.3508010506629944
0,1117,1116,0.24285763502120972
0,1118,1117,0.15498144924640656
0,1119,1118,0.1184815838932991
0,1120,1119,0.12013345211744308
0,1121,1120,0.3039427101612091
0,1122,1121,0.3192470371723175
0,1123,1122,0.36781007051467896
0,1124,1123,0.28020742535591125
0,1125,1124,0.2269143909215927
0,1126,1125,0.16418752074241638
0,1127,1126,0.28061774373054504
0,1128,1127,0.1913280189037323
0,1129,1128,0.15293462574481964
0,1130,1129,0.28870099782943726
0,1131,1130,0.23222613334655762
0,1132,1131,0.2633727788925171
0,1133,1132,0.2578181028366089
0,1134,1133,0.21778450906276703
0,1135,1134,0.1772192120552063
0,1136,1135,0.2195514440536499
0,1137,1136,0.16890141367912292
0,1138,1137,0.23681767284870148
0,1139,1138,0.19417673349380493
0,1140,1139,0.26399728655815125
0,1141,1140,0.11453549563884735
0,1142,1141,0.12841881811618805
0,1143,1142,0.25843364000320435
0,1144,1143,0.1715492457151413
0,1145,1144,0.1543273776769638
0,1146,1145,0.12848646938800812
0,1147,1146,0.19655241072177887
0,1148,1147,0.3419983685016632
0,1149,1148,0.1791655719280243
0,1150,1149,0.2561359107494354
0,1151,1150,0.07124514132738113
0,1152,1151,0.19220982491970062
0,1153,1152,0.3368293344974518
0,1154,1153,0.20441260933876038
0,1155,1154,0.1573195606470108
0,1156,1155,0.16512900590896606
0,1157,1156,0.22085678577423096
0,1158,1157,0.254281610250473
0,1159,1158,0.1546480655670166
0,1160,1159,0.15362651646137238
0,1161,1160,0.17491701245307922
0,1162,1161,0.05115249380469322
0,1163,1162,0.4056242108345032
0,1164,1163,0.24570223689079285
0,1165,1164,0.12314977496862411
0,1166,1165,0.1597423404455185
0,1167,1166,0.3139289617538452
0,1168,1167,0.12712320685386658
0,1169,1168,0.34521228075027466
0,1170,1169,0.216613307595253
0,1171,1170,0.2522841691970825
0,1172,1171,0.10957781970500946
0,1173,1172,0.22987893223762512
0,1174,1173,0.33564671874046326
0,1175,1174,0.20951230823993683
0,1176,1175,0.09655110538005829
0,1177,1176,0.05602286383509636
0,1178,1177,0.04632948338985443
0,1179,1178,0.23534956574440002
0,1180,1179,0.2633259892463684
0,1181,1180,0.16110223531723022
0,1182,1181,0.12683306634426117
0,1183,1182,0.172182098031044
0,1184,1183,0.23064960539340973
0,1185,1184,0.20050835609436035
0,1186,1185,0.37721243500709534
0,1187,1186,0.18936456739902496
0,1188,1187,0.14185458421707153
0,1189,1188,0.13552547991275787
0,1190,1189,0.3452335000038147
0,1191,1190,0.40308472514152527
0,1192,1191,0.14795438945293427
0,1193,1192,0.26741287112236023
0,1194,1193,0.2359660267829895
0,1195,1194,0.25639408826828003
0,1196,1195,0.2201971858739853
0,1197,1196,0.1601327508687973
0,1198,1197,0.15240707993507385
0,1199,1198,0.20187965035438538
0,1200,1199,0.1656571328639984
0,1201,1200,0.34476858377456665
0,1202,1201,0.20132401585578918
0,1203,1202,0.20751340687274933
0,1204,1203,0.2623806297779083
0,1205,1204,0.17440813779830933
0,1206,1205,0.31206920742988586
0,1207,1206,0.31170499324798584
0,1208,1207,0.08325829356908798
0,1209,1208,0.2612019181251526
0,1210,1209,0.19311882555484772
0,1211,1210,0.224089115858078
0,1212,1211,0.03387832269072533
0,1213,1212,0.24076586961746216
0,1214,1213,0.10137908160686493
0,1215,1214,0.17588511109352112
0,1216,1215,0.031683508306741714
0,1217,1216,0.20395472645759583
0,1218,1217,0.20214025676250458
0,1219,1218,0.1180436760187149
0,1220,1219,0.02961357869207859
0,1221,1220,0.11511637270450592
0,1222,1221,0.013648697175085545
0,1223,1222,0.28884389996528625
0,1224,1223,0.020833922550082207
0,1225,1224,0.29651758074760437
0,1226,1225,0.08680722862482071
0,1227,1226,0.10471279919147491
0,1228,1227,0.10876701772212982
0,1229,1228,0.11865813285112381
0,1230,1229,0.16416876018047333
0,1231,1230,0.11765735596418381
0,1232,1231,0.012574044056236744
0,1233,1232,0.12535914778709412
0,1234,1233,0.37470102310180664
0,1235,1234,0.20274457335472107
0,1236,1235,0.16112162172794342
0,1237,1236,0.2971549332141876
0,1238,1237,0.23860898613929749
0,1239,1238,0.1803547590970993
0,1240,1239,0.3142627775669098
0,1241,1240,0.21236374974250793
0,1242,1241,0.19884343445301056
0,1243,1242,0.27080854773521423
0,1244,1243,0.12291643023490906
0,1245,1244,0.3931475877761841
0,1246,1245,0.28940561413764954
0,1247,1246,0.11053059995174408
0,1248,1247,0.34131449460983276
0,1249,1248,0.17954938113689423
0,1250,1249,0.23035214841365814
0,1251,1250,0.2368336021900177
0,1252,1251,0.3519725799560547
0,1253,1252,0.23800340294837952
0,1254,1253,0.2030523717403412
0,1255,1254,0.029699159786105156
0,1256,1255,0.2538147270679474
0,1257,1256,0.19473309814929962
0,1258,1257,0.268551766872406
0,1259,1258,0.16384291648864746
0,1260,1259,0.20833542943000793
0,1261,1260,0.06351517140865326
0,1262,1261,0.08703248202800751
0,1263,1262,0.2983300983905792
0,1264,1263,0.17107164859771729
0,1265,1264,0.1428191363811493
0,1266,1265,0.10279488563537598
0,1267,1266,0.19169217348098755
0,1268,1267,0.23056729137897491
0,1269,1268,0.22048360109329224
0,1270,1269,0.24209372699260712
0,1271,1270,0.20648406445980072
0,1272,1271,0.33543068170547485
0,1273,1272,0.19519852101802826
0,1274,1273,0.19691048562526703
0,1275,1274,0.22748124599456787
0,1276,1275,0.14806543290615082
0,1277,1276,0.1617218554019928
0,1278,1277,0.17049850523471832
0,1279,1278,0.15048515796661377
0,1280,1279,0.2629428803920746
0,1281,1280,0.022223807871341705
0,1282,1281,0.1662013828754425
0,1283,1282,0.367281436920166
0,1284,1283,0.1873651146888733
0,1285,1284,0.16478589177131653
0,1286,1285,0.28087347745895386
0,1287,1286,0.23044897615909576
0,1288,1287,0.16892960667610168
0,1289,1288,0.1931905746459961
0,1290,1289,0.15433402359485626
0,1291,1290,0.0916832908987999
0,1292,1291,0.14092470705509186
0,1293,1292,0.14942942559719086
0,1294,1293,0.1327531486749649
0,1295,1294,0.1821340024471283
0,1296,1295,0.11969712376594543
0,1297,1296,0.18573157489299774
0,1298,1297,0.0992337167263031
0,1299,1298,0.1523972749710083
0,1300,1299,0.11887527257204056
0,1301,1300,0.2391204833984375
0,1302,1301,0.18687403202056885
0,1303,1302,0.19079530239105225
0,1304,1303,0.1783166527748108
0,1305,1304,0.18461622297763824
0,1306,1305,0.11504343897104263
0,1307,1306,0.1584416627883911
0,1308,1307,0.0890733003616333
0,1309,1308,0.24004806578159332
0,1310,1309,0.24545791745185852
0,1311,1310,0.24860267341136932
0,1312,1311,0.14743386209011078
0,1313,1312,0.24151232838630676
0,1314,1313,0.17697583138942719
0,1315,1314,0.13931536674499512
0,1316,1315,0.16058623790740967
0,1317,1316,0.30557331442832947
0,1318,1317,0.2674984931945801
0,1319,1318,0.3229832649230957
0,1320,1319,0.2550208866596222
0,1321,1320,0.17498204112052917
0,1322,1321,0.16959448158740997
0,1323,1322,0.16298113763332367
0,1324,1323,0.30025020241737366
0,1325,1324,0.25326359272003174
0,1326,1325,0.17481307685375214
0,1327,1326,0.03941885009407997
0,1328,1327,0.21432377398014069
0,1329,1328,0.29426127672195435
0,1330,1329,0.18658585846424103
0,1331,1330,0.06104718893766403
0,1332,1331,0.241305410861969
0,1333,1332,0.18023228645324707
0,1334,1333,0.17512333393096924
0,1335,1334,0.24226626753807068
0,1336,1335,0.22278138995170593
0,1337,1336,0.14232137799263
0,1338,1337,0.1472192406654358
0,1339,1338,0.15861573815345764
0,1340,1339,0.1864464432001114
0,1341,1340,0.11602315306663513
0,1342,1341,0.14461682736873627
0,1343,1342,0.13649605214595795
0,1344,1343,0.26729434728622437
0,1345,1344,0.20173515379428864
0,1346,1345,0.20115114748477936
0,1347,1346,0.17406828701496124
0,1348,1347,0.08894850313663483
0,1349,1348,0.03658198565244675
0,1350,1349,0.16901980340480804
0,1351,1350,0.19794045388698578
0,1352,1351,0.26146653294563293
0,1353,1352,0.22324013710021973
0,1354,1353,0.018533414229750633
0,1355,1354,0.23026573657989502
0,1356,1355,0.17565810680389404
0,1357,1356,0.17101116478443146
0,1358,1357,0.2192559540271759
0,1359,1358,0.2177439033985138
0,1360,1359,0.1583595722913742
0,1361,1360,0.06916511803865433
0,1362,1361,0.146039679646492
0,1363,1362,0.16765478253364563
0,1364,1363,0.06360671669244766
0,1365,1364,0.1044667661190033
0,1366,1365,0.23676690459251404
0,1367,1366,0.07733460515737534
0,1368,1367,0.20523612201213837
0,1369,1368,0.2299330085515976
0,1370,1369,0.25050511956214905
0,1371,1370,0.23507387936115265
0,1372,1371,0.24286457896232605
0,1373,1372,0.20672206580638885
0,1374,1373,0.24190136790275574
0,1375,1374,0.21290872991085052
0,1376,1375,0.2625882029533386
0,1377,1376,0.24935035407543182
0,1378,1377,0.11340856552124023
0,1379,1378,0.2646208703517914
0,1380,1379,0.20334307849407196
0,1381,1380,0.22363483905792236
0,1382,1381,0.11666133254766464
0,1383,1382,0.05565875768661499
0,1384,1383,0.16054797172546387
0,1385,1384,0.2273060530424118
0,1386,1385,0.19505120813846588
0,1387,1386,0.23279216885566711
0,1388,1387,0.16806314885616302
0,1389,1388,0.2172306627035141
0,1390,1389,0.3293902277946472
0,1391,1390,0.0849020928144455
0,1392,1391,0.18070870637893677
0,1393,1392,0.0596611462533474
0,1394,1393,0.16537714004516602
0,1395,1394,0.2529796063899994
0,1396,1395,0.2302253395318985
0,1397,1396,0.05202282965183258
0,1398,1397,0.2951310873031616
0,1399,1398,0.18508759140968323
0,1400,1399,0.29786333441734314
0,1401,1400,0.14948178827762604
0,1402,1401,0.2605469822883606
0,1403,1402,0.20372095704078674
0,1404,1403,0.17432306706905365
0,1405,1404,0.16973108053207397
0,1406,1405,0.25778481364250183
0,1407,1406,0.21210476756095886
0,1408,1407,0.3087058365345001
0,1409,1408,0.2042800635099411
0,1410,1409,0.16588148474693298
0,1411,1410,0.20325499773025513
0,1412,1411,0.18063561618328094
0,1413,1412,0.19212785363197327
0,1414,1413,0.13671590387821198
0,1415,1414,0.2724045217037201
1,1,1415,0.09596788883209229
1,2,1416,0.26693958044052124
1,3,1417,0.17145459353923798
1,4,1418,0.17011460661888123
1,5,1419,0.16723088920116425
1,6,1420,0.03919083997607231
1,7,1421,0.12659107148647308
1,8,1422,0.3005230724811554
1,9,1423,0.24053707718849182
1,10,1424,0.23990695178508759
1,11,1425,0.22840438783168793
1,12,1426,0.20050393044948578
1,13,1427,0.2644462287425995
1,14,1428,0.215476393699646
1,15,1429,0.14516079425811768
1,16,1430,0.14344123005867004
1,17,1431,0.3369464576244354
1,18,1432,0.03824004903435707
1,19,1433,0.2014983743429184
1,20,1434,0.14009100198745728
1,21,1435,0.31971853971481323
1,22,1436,0.2631634771823883
1,23,1437,0.03035803698003292
1,24,1438,0.2430809587240219
1,25,1439,0.16260842978954315
1,26,1440,0.1845891922712326
1,27,1441,0.24434521794319153
1,28,1442,0.16904109716415405
1,29,1443,0.20722933113574982
1,30,1444,0.27960404753685
1,31,1445,0.18150430917739868
1,32,1446,0.0973874107003212
1,33,1447,0.19438578188419342
1,34,1448,0.1274932622909546
1,35,1449,0.1923210471868515
1,36,1450,0.13718119263648987
1,37,1451,0.2099226713180542
1,38,1452,0.24829407036304474
1,39,1453,0.13406157493591309
1,40,1454,0.16513337194919586
1,41,1455,0.31784775853157043
1,42,1456,0.18713228404521942
1,43,1457,0.14603003859519958
1,44,1458,0.07523611187934875
1,45,1459,0.2458002120256424
1,46,1460,0.15526998043060303
1,47,1461,0.26683762669563293
1,48,1462,0.11850892752408981
1,49,1463,0.2118372917175293
1,50,1464,0.16837066411972046
1,51,1465,0.11674723774194717
1,52,1466,0.17144468426704407
1,53,1467,0.0209291223436594
1,54,1468,0.18043926358222961
1,55,1469,0.23809204995632172
1,56,1470,0.174162358045578
1,57,1471,0.18013359606266022
1,58,1472,0.09961095452308655
1,59,1473,0.0667877048254013
1,60,1474,0.12753808498382568
1,61,1475,0.06377852708101273
1,62,1476,0.19820302724838257
1,63,1477,0.15344102680683136
1,64,1478,0.13981682062149048
1,65,1479,0.012001979164779186
1,66,1480,0.21005094051361084
1,67,1481,0.2712762951850891
1,68,1482,0.18609105050563812
1,69,1483,0.1617576777935028
1,70,1484,0.1913374960422516
1,71,1485,0.1565144807100296
1,72,1486,0.11415046453475952
1,73,1487,0.14903853833675385
1,74,1488,0.018465768545866013
1,75,1489,0.238136887550354
1,76,1490,0.24642303586006165
1,77,1491,0.2818569540977478
1,78,1492,0.23179692029953003
1,79,1493,0.2148847132921219
1,80,1494,0.1667347252368927
1,81,1495,0.24611644446849823
1,82,1496,0.12619973719120026
1,83,1497,0.13142383098602295
1,84,1498,0.1200166866183281
1,85,1499,0.2675684094429016
1,86,1500,0.17687228322029114
1,87,1501,0.23488417267799377
1,88,1502,0.15072749555110931
1,89,1503,0.09789546579122543
1,90,1504,0.053750358521938324
1,91,1505,0.25915056467056274
1,92,1506,0.2397843301296234
1,93,1507,0.28768402338027954
1,94,1508,0.11438482999801636
1,95,1509,0.18816912174224854
1,96,1510,0.047549281269311905
1,97,1511,0.15327301621437073
1,98,1512,0.010586702264845371
1,99,1513,0.08937613666057587
1,100,1514,0.2547142505645752
1,101,1515,0.20832248032093048
1,102,1516,0.15957584977149963
1,103,1517,0.07744047790765762
1,104,1518,0.20820528268814087
1,105,1519,0.16326598823070526
1,106,1520,0.20020170509815216
1,107,1521,0.1731412261724472
1,108,1522,0.035954274237155914
1,109,1523,0.17009210586547852
1,110,1524,0.18162333965301514
1,111,1525,0.1382969617843628
1,112,1526,0.3612114489078522
1,113,1527,0.09406222403049469
1,114,1528,0.13159383833408356
1,115,1529,0.18596330285072327
1,116,1530,0.07817647606134415
1,117,1531,0.128118097782135
1,118,1532,0.08204931020736694
1,119,1533,0.30711427330970764
1,120,1534,0.2057044357061386
1,121,1535,0.18796512484550476
1,122,1536,0.08002393692731857
1,123,1537,0.1478111296892166
1,124,1538,0.17409472167491913
1,125,1539,0.12784405052661896
1,126,1540,0.36243936419487
1,127,1541,0.27066630125045776
1,128,1542,0.11341231316328049
1,129,1543,0.052818600088357925
1,130,1544,0.23422305285930634
1,131,1545,0.2309161275625229
1,132,1546,0.19911707937717438
1,133,1547,0.15845650434494019
1,134,1548,0.19161663949489594
1,135,1549,0.1955224573612213
1,136,1550,0.20918382704257965
1,137,1551,0.20085719227790833
1,138,1552,0.25260549783706665
1,139,1553,0.02925764210522175
1,140,1554,0.2179165482521057
1,141,1555,0.307028204202652
1,142,1556,0.21722367405891418
1,143,1557,0.21762874722480774
1,144,1558,0.1659495085477829
1,145,1559,0.2803044617176056
1,146,1560,0.21770691871643066
1,147,1561,0.11783353984355927
1,148,1562,0.2033258080482483
1,149,1563,0.12099752575159073
1,150,1564,0.16934527456760406
1,151,1565,0.03507295623421669
1,152,1566,0.1572011560201645
1,153,1567,0.07870109379291534
1,154,1568,0.09031892567873001
1,155,1569,0.1764044314622879
1,156,1570,0.22913450002670288
1,157,1571,0.18470542132854462
1,158,1572,0.21638070046901703
1,159,1573,0.20614121854305267
1,160,1574,0.26447659730911255
1,161,1575,0.0409204475581646
1,162,1576,0.15287017822265625
1,163,1577,0.0961146131157875
1,164,1578,0.2241971492767334
1,165,1579,0.3811865448951721
1,166,1580,0.11811346560716629
1,167,1581,0.22700531780719757
1,168,1582,0.14585848152637482
1,169,1583,0.18474732339382172
1,170,1584,0.2751779854297638
1,171,1585,0.217346653342247
1,172,1586,0.23212338984012604
1,173,1587,0.1921393871307373
1,174,1588,0.18850810825824738
1,175,1589,0.16486890614032745
1,176,1590,0.10933589935302734
1,177,1591,0.172690287232399
1,178,1592,0.18060527741909027
1,179,1593,0.08313032239675522
1,180,1594,0.10900713503360748
1,181,1595,0.13235130906105042
1,182,1596,0.11353472620248795
1,183,1597,0.13855718076229095
1,184,1598,0.21172241866588593
1,185,1599,0.3015707731246948
1,186,1600,0.20248202979564667
1,187,1601,0.09348277002573013
1,188,1602,0.2415875494480133
1,189,1603,0.21625758707523346
1,190,1604,0.2595883905887604
1,191,1605,0.15555061399936676
1,192,1606,0.2637746334075928
1,193,1607,0.159261554479599
1,194,1608,0.18685336410999298
1,195,1609,0.15729649364948273
1,196,1610,0.2720649540424347
1,197,1611,0.10611841827630997
1,198,1612,0.22733618319034576
1,199,1613,0.08773629367351532
1,200,1614,0.1548866331577301
1,201,1615,0.17624914646148682
1,202,1616,0.16019102931022644
1,203,1617,0.19985049962997437
1,204,1618,0.017013663426041603
1,205,1619,0.20016257464885712
1,206,1620,0.16575440764427185
1,207,1621,0.16158881783485413
1,208,1622,0.09818187355995178
1,209,1623,0.11177685111761093
1,210,1624,0.11902525275945663
1,211,1625,0.2060960829257965
1,212,1626,0.15057921409606934
1,213,1627,0.10973057150840759
1,214,1628,0.16464979946613312
1,215,1629,0.13975754380226135
1,216,1630,0.19748517870903015
1,217,1631,0.13380533456802368
1,218,1632,0.17839102447032928
1,219,1633,0.11236219853162766
1,220,1634,0.20831847190856934
1,221,1635,0.1818360686302185
1,222,1636,0.08066006004810333
1,223,1637,0.12026676535606384
1,224,1638,0.29814136028289795
1,225,1639,0.34582608938217163
1,226,1640,0.14184355735778809
1,227,1641,0.16492828726768494
1,228,1642,0.1042247861623764
1,229,1643,0.22915171086788177
1,230,1644,0.16278088092803955
1,231,1645,0.13522617518901825
1,232,1646,0.07866235077381134
1,233,1647,0.24374383687973022
1,234,1648,0.19456049799919128
1,235,1649,0.16821543872356415
1,236,1650,0.1426851451396942
1,237,1651,0.18511314690113068
1,238,1652,0.2287817746400833
1,239,1653,0.13123679161071777
1,240,1654,0.26051032543182373
1,241,1655,0.1574368178844452
1,242,1656,0.18026615679264069
1,243,1657,0.21079756319522858
1,244,1658,0.20042479038238525
1,245,1659,0.16599099338054657
1,246,1660,0.24213533103466034
1,247,1661,0.18312564492225647
1,248,1662,0.07821432501077652
1,249,1663,0.13644194602966309
1,250,1664,0.1001666933298111
1,251,1665,0.02282709814608097
1,252,1666,0.23894520103931427
1,253,1667,0.20235779881477356
1,254,1668,0.199315145611763
1,255,1669,0.19510500133037567
1,256,1670,0.18017911911010742
1,257,1671,0.2048235535621643
1,258,1672,0.14062564074993134
1,259,1673,0.20441097021102905
1,260,1674,0.21123918890953064
1,261,1675,0.10311844944953918
1,262,1676,0.07323458790779114
1,263,1677,0.13646861910820007
1,264,1678,0.31567803025245667
1,265,1679,0.23032507300376892
1,266,1680,0.1848900318145752
1,267,1681,0.06997313350439072
1,268,1682,0.10965508222579956
1,269,1683,0.1801171600818634
1,270,1684,0.18518659472465515
1,271,1685,0.12851811945438385
1,272,1686,0.16416768729686737
1,273,1687,0.16677722334861755
1,274,1688,0.26117217540740967
1,275,1689,0.24011950194835663
1,276,1690,0.17325082421302795
1,277,1691,0.2357081174850464
1,278,1692,0.22607985138893127
1,279,1693,0.2148522287607193
1,280,1694,0.09696853905916214
1,281,1695,0.1480838656425476
1,282,1696,0.07962337136268616
1,283,1697,0.19886063039302826
1,284,1698,0.175521582365036
1,285,1699,0.16688837110996246
1,286,1700,0.20641422271728516
1,287,1701,0.09211278706789017
1,288,1702,0.12795884907245636
1,289,1703,0.16217678785324097
1,290,1704,0.1177729070186615
1,291,1705,0.29213669896125793
1,292,1706,0.09775910526514053
1,293,1707,0.2129061073064804
1,294,1708,0.2202426642179489
1,295,1709,0.08013119548559189
1,296,1710,0.12019069492816925
1,297,1711,0.11947080492973328
1,298,1712,0.19340918958187103
1,299,1713,0.19184744358062744
1,300,1714,0.0426042415201664
1,301,1715,0.15424871444702148
1,302,1716,0.19435475766658783
1,303,1717,0.10637132078409195
1,304,1718,0.1629084348678589
1,305,1719,0.16463321447372437
1,306,1720,0.17233386635780334
1,307,1721,0.2142096608877182
1,308,1722,0.07074136286973953
1,309,1723,0.18264934420585632
1,310,1724,0.11463313549757004
1,311,1725,0.13730669021606445
1,312,1726,0.15286144614219666
1,313,1727,0.1031254306435585
1,314,1728,0.17881722748279572
1,315,1729,0.16013477742671967
1,316,1730,0.09619643539190292
1,317,1731,0.13977113366127014
1,318,1732,0.10844191908836365
1,319,1733,0.07909923791885376
1,320,1734,0.2041170299053192
1,321,1735,0.20613451302051544
1,322,1736,0.06621365994215012
1,323,1737,0.14809998869895935
1,324,1738,0.1014278382062912
1,325,1739,0.23690269887447357
1,326,1740,0.1583119034767151
1,327,1741,0.0822393149137497
1,328,1742,0.15374015271663666
1,329,1743,0.14049199223518372
1,330,1744,0.23627594113349915
1,331,1745,0.14582237601280212
1,332,1746,0.12896184623241425
1,333,1747,0.24940840899944305
1,334,1748,0.1385449469089508
1,335,1749,0.1736510694026947
1,336,1750,0.08557810634374619
1,337,1751,0.214106485247612
1,338,1752,0.13310964405536652
1,339,1753,0.05210380628705025
1,340,1754,0.11529874056577682
1,341,1755,0.20058375597000122
1,342,1756,0.10329897701740265
1,343,1757,0.18392124772071838
1,344,1758,0.07510685920715332
1,345,1759,0.08074072748422623
1,346,1760,0.08235953748226166
1,347,1761,0.1910809874534607
1,348,1762,0.15812188386917114
1,349,1763,0.04144405201077461
1,350,1764,0.2617320716381073
1,351,1765,0.08745471388101578
1,352,1766,0.18983514606952667
1,353,1767,0.22742071747779846
1,354,1768,0.09520462155342102
1,355,1769,0.2308158278465271
1,356,1770,0.1685287356376648
1,357,1771,0.16742202639579773
1,358,1772,0.04061957076191902
1,359,1773,0.2262600213289261
1,360,1774,0.1442551463842392
1,361,1775,0.11684814095497131
1,362,1776,0.2746383845806122
1,363,1777,0.14114171266555786
1,364,1778,0.2102089524269104
1,365,1779,0.07349032163619995
1,366,1780,0.1672091782093048
1,367,1781,0.21051570773124695
1,368,1782,0.19349826872348785
1,369,1783,0.2037128210067749
1,370,1784,0.20019233226776123
1,371,1785,0.08071868121623993
1,372,1786,0.1738520711660385
1,373,1787,0.15155388414859772
1,374,1788,0.085706427693367
1,375,1789,0.07905495911836624
1,376,1790,0.16110476851463318
1,377,1791,0.20958960056304932
1,378,1792,0.22664101421833038
1,379,1793,0.38789668679237366
1,380,1794,0.12483423203229904
1,381,1795,0.254921019077301
1,382,1796,0.2068059742450714
1,383,1797,0.1499650776386261
1,384,1798,0.1678723245859146
1,385,1799,0.21499614417552948
1,386,1800,0.17957481741905212
1,387,1801,0.12094922363758087
1,388,1802,0.08348075300455093
1,389,1803,0.2232365757226944
1,390,1804,0.16752757132053375
1,391,1805,0.10534952580928802
1,392,1806,0.18889370560646057
1,393,1807,0.040184371173381805
1,394,1808,0.2249695509672165
1,395,1809,0.2617597281932831
1,396,1810,0.12325814366340637
1,397,1811,0.14288689196109772
1,398,1812,0.23341068625450134
1,399,1813,0.06190142780542374
1,400,1814,0.17761649191379547
1,401,1815,0.2218739092350006
1,402,1816,0.12039387226104736
1,403,1817,0.1460692137479782
1,404,1818,0.16669294238090515
1,405,1819,0.15391068160533905
1,406,1820,0.17060336470603943
1,407,1821,0.1738303154706955
1,408,1822,0.21327179670333862
1,409,1823,0.1455376148223877
1,410,1824,0.055589307099580765
1,411,1825,0.10384291410446167
1,412,1826,0.22899331152439117
1,413,1827,0.26909905672073364
1,414,1828,0.17367446422576904
1,415,1829,0.08083205670118332
1,416,1830,0.1297483742237091
1,417,1831,0.0791534036397934
1,418,1832,0.21549440920352936
1,419,1833,0.15277640521526337
1,420,1834,0.26549115777015686
1,421,1835,0.1721746325492859
1,422,1836,0.15472039580345154
1,423,1837,0.15082693099975586
1,424,1838,0.20519280433654785
1,425,1839,0.04356125742197037
1,426,1840,0.14260078966617584
1,427,1841,0.19840945303440094
1,428,1842,0.26413676142692566
1,429,1843,0.10440713912248611
1,430,1844,0.1722411811351776
1,431,1845,0.14030003547668457
1,432,1846,0.08072001487016678
1,433,1847,0.10330428183078766
1,434,1848,0.19628801941871643
1,435,1849,0.1668672114610672
1,436,1850,0.2671889662742615
1,437,1851,0.2706749737262726
1,438,1852,0.1203315481543541
1,439,1853,0.251729816198349
1,440,1854,0.14203736186027527
1,441,1855,0.22048145532608032
1,442,1856,0.20816665887832642
1,443,1857,0.2193593680858612
1,444,1858,0.10113265365362167
1,445,1859,0.010549978353083134
1,446,1860,0.15891975164413452
1,447,1861,0.03443063423037529
1,448,1862,0.3149551451206207
1,449,1863,0.10960721224546432
1,450,1864,0.13146564364433289
1,451,1865,0.1612803190946579
1,452,1866,0.13396917283535004
1,453,1867,0.14263048768043518
1,454,1868,0.2262503206729889
1,455,1869,0.231853187084198
1,456,1870,0.1728576123714447
1,457,1871,0.21701928973197937
1,458,1872,0.11994461715221405
1,459,1873,0.219834566116333
1,460,1874,0.02290201745927334
1,461,1875,0.16481676697731018
1,462,1876,0.09084521234035492
1,463,1877,0.25967636704444885
1,464,1878,0.11770683526992798
1,465,1879,0.09912576526403427
1,466,1880,0.20187760889530182
1,467,1881,0.16106057167053223
1,468,1882,0.24860702455043793
1,469,1883,0.04154760763049126
1,470,1884,0.0947793647646904
1,471,1885,0.22396734356880188
1,472,1886,0.12607984244823456
1,473,1887,0.11314710229635239
1,474,1888,0.11578319221735
1,475,1889,0.1863621324300766
1,476,1890,0.06613379716873169
1,477,1891,0.17440491914749146
1,478,1892,0.16577601432800293
1,479,1893,0.19867423176765442
1,480,1894,0.13677793741226196
1,481,1895,0.3585120439529419
1,482,1896,0.09730837494134903
1,483,1897,0.15209361910820007
1,484,1898,0.22829030454158783
1,485,1899,0.20660090446472168
1,486,1900,0.18111799657344818
1,487,1901,0.1368788182735443
1,488,1902,0.1489786058664322
1,489,1903,0.15589198470115662
1,490,1904,0.24410416185855865
1,491,1905,0.13850951194763184
1,492,1906,0.13003788888454437
1,493,1907,0.11996796727180481
1,494,1908,0.14830051362514496
1,495,1909,0.09769204258918762
1,496,1910,0.06146632879972458
1,497,1911,0.26295217871665955
1,498,1912,0.16334372758865356
1,499,1913,0.32473820447921753
1,500,1914,0.18487001955509186
1,501,1915,0.18673093616962433
1,502,1916,0.19144302606582642
1,503,1917,0.16520799696445465
1,504,1918,0.23302075266838074
1,505,1919,0.16411156952381134
1,506,1920,0.11281709372997284
1,507,1921,0.16475962102413177
1,508,1922,0.15158383548259735
1,509,1923,0.12861238420009613
1,510,1924,0.15004383027553558
1,511,1925,0.25191980600357056
1,512,1926,0.06736273318529129
1,513,1927,0.08147643506526947
1,514,1928,0.16295835375785828
1,515,1929,0.20804491639137268
1,516,1930,0.16339470446109772
1,517,1931,0.17146818339824677
1,518,1932,0.11979398876428604
1,519,1933,0.21385501325130463
1,520,1934,0.17947529256343842
1,521,1935,0.09682657569646835
1,522,1936,0.2886243760585785
1,523,1937,0.1481710821390152
1,524,1938,0.2273894101381302
1,525,1939,0.11944963783025742
1,526,1940,0.13467252254486084
1,527,1941,0.20245414972305298
1,528,1942,0.15231911838054657
1,529,1943,0.08454590290784836
1,530,1944,0.0837833434343338
1,531,1945,0.21594074368476868
1,532,1946,0.13382185995578766
1,533,1947,0.1558632254600525
1,534,1948,0.22919327020645142
1,535,1949,0.13754802942276
1,536,1950,0.13623060286045074
1,537,1951,0.17969641089439392
1,538,1952,0.19672039151191711
1,539,1953,0.13629508018493652
1,540,1954,0.2227330356836319
1,541,1955,0.1974693238735199
1,542,1956,0.17192979156970978
1,543,1957,0.10092189162969589
1,544,1958,0.10052606463432312
1,545,1959,0.059458840638399124
1,546,1960,0.07137231528759003
1,547,1961,0.24452082812786102
1,548,1962,0.09245535731315613
1,549,1963,0.09921566396951675
1,550,1964,0.10650473833084106
1,551,1965,0.17559798061847687
1,552,1966,0.11570554226636887
1,553,1967,0.1757197380065918
1,554,1968,0.1926312893629074
1,555,1969,0.21353623270988464
1,556,1970,0.12938497960567474
1,557,1971,0.18220624327659607
1,558,1972,0.22018373012542725
1,559,1973,0.07984427362680435
1,560,1974,0.14890214800834656
1,561,1975,0.144414484500885
1,562,1976,0.18282443284988403
1,563,1977,0.145141139626503
1,564,1978,0.1538473218679428
1,565,1979,0.08649931848049164
1,566,1980,0.1485370248556137
1,567,1981,0.15143223106861115
1,568,1982,0.0967823788523674
1,569,1983,0.016476863995194435
1,570,1984,0.331419438123703
1,571,1985,0.21111412346363068
1,572,1986,0.2339673787355423
1,573,1987,0.18122421205043793
1,574,1988,0.1654416173696518
1,575,1989,0.11442060768604279
1,576,1990,0.17941850423812866
1,577,1991,0.09303183853626251
1,578,1992,0.13744306564331055
1,579,1993,0.015392838045954704
1,580,1994,0.10598905384540558
1,581,1995,0.20266665518283844
1,582,1996,0.08768845349550247
1,583,1997,0.13213464617729187
1,584,1998,0.1508825272321701
1,585,1999,0.19218473136425018
1,586,2000,0.1262546181678772
1,587,2001,0.2663154602050781
1,588,2002,0.165890634059906
1,589,2003,0.09472706913948059
1,590,2004,0.12577150762081146
1,591,2005,0.1833106279373169
1,592,2006,0.16422513127326965
1,593,2007,0.21065281331539154
1,594,2008,0.11125080287456512
1,595,2009,0.10206243395805359
1,596,2010,0.12346290796995163
1,597,2011,0.1241096779704094
1,598,2012,0.17683802545070648
1,599,2013,0.06886515021324158
1,600,2014,0.23932787775993347
1,601,2015,0.11260440200567245
1,602,2016,0.13890264928340912
1,603,2017,0.09893923997879028
1,604,2018,0.1406046599149704
1,605,2019,0.2019282579421997
1,606,2020,0.14163027703762054
1,607,2021,0.06535255908966064
1,608,2022,0.14188553392887115
1,609,2023,0.09765071421861649
1,610,2024,0.07517685741186142
1,611,2025,0.02563191018998623
1,612,2026,0.17135626077651978
1,613,2027,0.213644877076149
1,614,2028,0.11453326046466827
1,615,2029,0.1747596710920334
1,616,2030,0.20415116846561432
1,617,2031,0.13241416215896606
1,618,2032,0.1290731430053711
1,619,2033,0.21876955032348633
1,620,2034,0.041663650423288345
1,621,2035,0.11728059500455856
1,622,2036,0.12090063095092773
1,623,2037,0.11685485392808914
1,624,2038,0.15935835242271423
1,625,2039,0.20007586479187012
1,626,2040,0.07909603416919708
1,627,2041,0.19731146097183228
1,628,2042,0.17696718871593475
1,629,2043,0.13404583930969238
1,630,2044,0.07910233736038208
1,631,2045,0.0488259419798851
1,632,2046,0.20865122973918915
1,633,2047,0.08451870828866959
1,634,2048,0.16519595682621002
1,635,2049,0.1825891137123108
1,636,2050,0.20560498535633087
1,637,2051,0.19642166793346405
1,638,2052,0.18946006894111633
1,639,2053,0.16496023535728455
1,640,2054,0.2132796198129654
1,641,2055,0.13112396001815796
1,642,2056,0.1578884720802307
1,643,2057,0.12966415286064148
1,644,2058,0.07265961170196533
1,645,2059,0.12934313714504242
1,646,2060,0.17552374303340912
1,647,2061,0.12656456232070923
1,648,2062,0.24178147315979004
1,649,2063,0.13289903104305267
1,650,2064,0.1798318326473236
1,651,2065,0.07260254770517349
1,652,2066,0.12359484285116196
1,653,2067,0.1789688616991043
1,654,2068,0.20976392924785614
1,655,2069,0.22964294254779816
1,656,2070,0.21706874668598175
1,657,2071,0.05754663050174713
1,658,2072,0.02519182302057743
1,659,2073,0.25439369678497314
1,660,2074,0.014336001127958298
1,661,2075,0.07510890066623688
1,662,2076,0.13034014403820038
1,663,2077,0.08887894451618195
1,664,2078,0.1275678128004074
1,665,2079,0.3698500096797943
1,666,2080,0.21800266206264496
1,667,2081,0.18303492665290833
1,668,2082,0.11964526772499084
1,669,2083,0.17357902228832245
1,670,2084,0.14644257724285126
1,671,2085,0.11639723926782608
1,672,2086,0.1073359027504921
1,673,2087,0.23193028569221497
1,674,2088,0.09297136962413788
1,675,2089,0.22878554463386536
1,676,2090,0.06072176992893219
1,677,2091,0.12553635239601135
1,678,2092,0.13068142533302307
1,679,2093,0.13125036656856537
1,680,2094,0.12834005057811737
1,681,2095,0.1668444275856018
1,682,2096,0.1809006631374359
1,683,2097,0.1476649045944214
1,684,2098,0.13443511724472046
1,685,2099,0.07854298502206802
1,686,2100,0.2008180469274521
1,687,2101,0.1644982397556305
1,688,2102,0.0752265453338623
1,689,2103,0.2364574819803238
1,690,2104,0.09725076705217361
1,691,2105,0.23245428502559662
1,692,2106,0.005030145402997732
1,693,2107,0.1712309718132019
1,694,2108,0.12068584561347961
1,695,2109,0.1336740106344223
1,696,2110,0.08371122926473618
1,697,2111,0.17889010906219482
1,698,2112,0.07884100824594498
1,699,2113,0.160556361079216
1,700,2114,0.16557708382606506
1,701,2115,0.16628457605838776
1,702,2116,0.19174149632453918
1,703,2117,0.11956457048654556
1,704,2118,0.23269116878509521
1,705,2119,0.012080403044819832
1,706,2120,0.1408020555973053
1,707,2121,0.17158755660057068
1,708,2122,0.12560036778450012
1,709,2123,0.20515047013759613
1,710,2124,0.09063815325498581
1,711,2125,0.14251306653022766
1,712,2126,0.029716763645410538
1,713,2127,0.03397434577345848
1,714,2128,0.17135824263095856
1,715,2129,0.18400074541568756
1,716,2130,0.19760443270206451
1,717,2131,0.05471809208393097
1,718,2132,0.17593124508857727
1,719,2133,0.03293110430240631
1,720,2134,0.07477961480617523
1,721,2135,0.21702180802822113
1,722,2136,0.17771631479263306
1,723,2137,0.24257861077785492
1,724,2138,0.12759751081466675
1,725,2139,0.16967074573040009
1,726,2140,0.12188087403774261
1,727,2141,0.03419191390275955
1,728,2142,0.24322035908699036
1,729,2143,0.11626400798559189
1,730,2144,0.16414257884025574
1,731,2145,0.05995892360806465
1,732,2146,0.14445997774600983
1,733,2147,0.09578415006399155
1,734,2148,0.14954905211925507
1,735,2149,0.18111415207386017
1,736,2150,0.13375864923000336
1,737,2151,0.13354982435703278
1,738,2152,0.1543458104133606
1,739,2153,0.16229599714279175
1,740,2154,0.14443913102149963
1,741,2155,0.13008470833301544
1,742,2156,0.17365001142024994
1,743,2157,0.01313201617449522
1,744,2158,0.05306278541684151
1,745,2159,0.24112655222415924
1,746,2160,0.14076295495033264
1,747,2161,0.15992166101932526
1,748,2162,0.0817451924085617
1,749,2163,0.12503266334533691
1,750,2164,0.2101079374551773
1,751,2165,0.1341991126537323
1,752,2166,0.1688956618309021
1,753,2167,0.2661985158920288
1,754,2168,0.12476330995559692
1,755,2169,0.11342817544937134
1,756,2170,0.12754088640213013
1,757,2171,0.18408572673797607
1,758,2172,0.0669233426451683
1,759,2173,0.18917985260486603
1,760,2174,0.21871328353881836
1,761,2175,0.12820306420326233
1,762,2176,0.18589428067207336
1,763,2177,0.12282489985227585
1,764,2178,0.20180727541446686
1,765,2179,0.02098844386637211
1,766,2180,0.13893404603004456
1,767,2181,0.2277824431657791
1,768,2182,0.06391162425279617
1,769,2183,0.10104197263717651
1,770,2184,0.17496220767498016
1,771,2185,0.13175690174102783
1,772,2186,0.07880616188049316
1,773,2187,0.11101499944925308
1,774,2188,0.00445061968639493
1,775,2189,0.2569151222705841
1,776,2190,0.16896578669548035
1,777,2191,0.12427632510662079
1,778,2192,0.10297582298517227
1,779,2193,0.04504626244306564
1,780,2194,0.14739124476909637
1,781,2195,0.1996181607246399
1,782,2196,0.3344307541847229
1,783,2197,0.22639624774456024
1,784,2198,0.10000673681497574
1,785,2199,0.1291753202676773
1,786,2200,0.20295152068138123
1,787,2201,0.10572318732738495
1,788,2202,0.13139720261096954
1,789,2203,0.24383188784122467
1,790,2204,0.16327153146266937
1,791,2205,0.1469816416501999
1,792,2206,0.07826367020606995
1,793,2207,0.07384174317121506
1,794,2208,0.3535541892051697
1,795,2209,0.17032179236412048
1,796,2210,0.0948423221707344
1,797,2211,0.2017965465784073
1,798,2212,0.19312451779842377
1,799,2213,0.07893149554729462
1,800,2214,0.07904572039842606
1,801,2215,0.17888258397579193
1,802,2216,0.17799939215183258
1,803,2217,0.1641821712255478
1,804,2218,0.1780293583869934
1,805,2219,0.274577260017395
1,806,2220,0.10500729829072952
1,807,2221,0.10970897972583771
1,808,2222,0.09845945239067078
1,809,2223,0.22258804738521576
1,810,2224,0.048590149730443954
1,811,2225,0.10152001678943634
1,812,2226,0.17535385489463806
1,813,2227,0.1633281260728836
1,814,2228,0.00814465619623661
1,815,2229,0.21887634694576263
1,816,2230,0.181477352976799
1,817,2231,0.25420793890953064
1,818,2232,0.19032922387123108
1,819,2233,0.14473547041416168
1,820,2234,0.17921346426010132
1,821,2235,0.2063068449497223
1,822,2236,0.1428312063217163
1,823,2237,0.20107519626617432
1,824,2238,0.2497936189174652
1,825,2239,0.15362384915351868
1,826,2240,0.15649203956127167
1,827,2241,0.1404808759689331
1,828,2242,0.13642250001430511
1,829,2243,0.18800780177116394
1,830,2244,0.17278704047203064
1,831,2245,0.1773739755153656
1,832,2246,0.017994670197367668
1,833,2247,0.15524272620677948
1,834,2248,0.12652190029621124
1,835,2249,0.24012696743011475
1,836,2250,0.20068319141864777
1,837,2251,0.10545987635850906
1,838,2252,0.15129819512367249
1,839,2253,0.15460431575775146
1,840,2254,0.18464283645153046
1,841,2255,0.10624784231185913
1,842,2256,0.15289881825447083
1,843,2257,0.20527110993862152
1,844,2258,0.1482420712709427
1,845,2259,0.11477690190076828
1,846,2260,0.052582379430532455
1,847,2261,0.19781173765659332
1,848,2262,0.0770764872431755
1,849,2263,0.1796061396598816
1,850,2264,0.23623785376548767
1,851,2265,0.12127875536680222
1,852,2266,0.11752394586801529
1,853,2267,0.17316919565200806
1,854,2268,0.17708446085453033
1,855,2269,0.14380866289138794
1,856,2270,0.2255655974149704
1,857,2271,0.10440748929977417
1,858,2272,0.009905182756483555
1,859,2273,0.13001878559589386
1,860,2274,0.11980875581502914
1,861,2275,0.10820048302412033
1,862,2276,0.15871630609035492
1,863,2277,0.22971299290657043
1,864,2278,0.13191044330596924
1,865,2279,0.12822067737579346
1,866,2280,0.15615905821323395
1,867,2281,0.12994851171970367
1,868,2282,0.14309893548488617
1,869,2283,0.11611904948949814
1,870,2284,0.08387575298547745
1,871,2285,0.16215209662914276
1,872,2286,0.2634790539741516
1,873,2287,0.19267164170742035
1,874,2288,0.1543823927640915
1,875,2289,0.2624537944793701
1,876,2290,0.2272661328315735
1,877,2291,0.2084638476371765
1,878,2292,0.13534565269947052
1,879,2293,0.12925872206687927
1,880,2294,0.07373166084289551
1,881,2295,0.14051327109336853
1,882,2296,0.1574534922838211
1,883,2297,0.14604206383228302
1,884,2298,0.17160338163375854
1,885,2299,0.1508798748254776
1,886,2300,0.013953194953501225
1,887,2301,0.11598457396030426
1,888,2302,0.05495457723736763
1,889,2303,0.13957664370536804
1,890,2304,0.22556427121162415
1,891,2305,0.10539374500513077
1,892,2306,0.1713300347328186
1,893,2307,0.22338290512561798
1,894,2308,0.2265063226222992
1,895,2309,0.12233888357877731
1,896,2310,0.0719134584069252
1,897,2311,0.20817585289478302
1,898,2312,0.08797608315944672
1,899,2313,0.17809510231018066
1,900,2314,0.20683181285858154
1,901,2315,0.05301618576049805
1,902,2316,0.11157035082578659
1,903,2317,0.17288252711296082
1,904,2318,0.14922620356082916
1,905,2319,0.19562269747257233
1,906,2320,0.09318209439516068
1,907,2321,0.07058099657297134
1,908,2322,0.11881186813116074
1,909,2323,0.18630242347717285
1,910,2324,0.14136579632759094
1,911,2325,0.07252331078052521
1,912,2326,0.09643693268299103
1,913,2327,0.14054739475250244
1,914,2328,0.19645299017429352
1,915,2329,0.017815828323364258
1,916,2330,0.15379171073436737
1,917,2331,0.11663378775119781
1,918,2332,0.17739436030387878
1,919,2333,0.2260124534368515
1,920,2334,0.11736548691987991
1,921,2335,0.16753052175045013
1,922,2336,0.13597643375396729
1,923,2337,0.1628318578004837
1,924,2338,0.20052354037761688
1,925,2339,0.15072603523731232
1,926,2340,0.16648375988006592
1,927,2341,0.16758984327316284
1,928,2342,0.1555233597755432
1,929,2343,0.0832611620426178
1,930,2344,0.09835285693407059
1,931,2345,0.21530881524085999
1,932,2346,0.11037682741880417
1,933,2347,0.10250608623027802
1,934,2348,0.006521380040794611
1,935,2349,0.051062483340501785
1,936,2350,0.04093478247523308
1,937,2351,0.24784576892852783
1,938,2352,0.20788584649562836
1,939,2353,0.17004479467868805
1,940,2354,0.15496386587619781
1,941,2355,0.12897160649299622
1,942,2356,0.14407172799110413
1,943,2357,0.13976044952869415
1,944,2358,0.18267828226089478
1,945,2359,0.16763050854206085
1,946,2360,0.12478180229663849
1,947,2361,0.13757796585559845
1,948,2362,0.19110709428787231
1,949,2363,0.1641601026058197
1,950,2364,0.16429026424884796
1,951,2365,0.15873494744300842
1,952,2366,0.024849696084856987
1,953,2367,0.20386463403701782
1,954,2368,0.14587275683879852
1,955,2369,0.28240516781806946
1,956,2370,0.1814097911119461
1,957,2371,0.21498143672943115
1,958,2372,0.05970131233334541
1,959,2373,0.0693524107336998
1,960,2374,0.14181871712207794
1,961,2375,0.056782420724630356
1,962,2376,0.21313084661960602
1,963,2377,0.1466829627752304
1,964,2378,0.11266254633665085
1,965,2379,0.13528533279895782
1,966,2380,0.21029627323150635
1,967,2381,0.19905802607536316
1,968,2382,0.1460258960723877
1,969,2383,0.15132465958595276
1,970,2384,0.15140648186206818
1,971,2385,0.15291988849639893
1,972,2386,0.18311800062656403
1,973,2387,0.11612989753484726
1,974,2388,0.05767447128891945
1,975,2389,0.1064651608467102
1,976,2390,0.14552775025367737
1,977,2391,0.26045724749565125
1,978,2392,0.26591646671295166
1,979,2393,0.10594091564416885
1,980,2394,0.12869058549404144
1,981,2395,0.20239529013633728
1,982,2396,0.14785857498645782
1,983,2397,0.13739848136901855
1,984,2398,0.23079358041286469
1,985,2399,0.12610459327697754
1,986,2400,0.11746123433113098
1,987,2401,0.09639003127813339
1,988,2402,0.11077001690864563
1,989,2403,0.06783914566040039
1,990,2404,0.06193556636571884
1,991,2405,0.15500609576702118
1,992,2406,0.11723396182060242
1,993,2407,0.20346003770828247
1,994,2408,0.14923229813575745
1,995,2409,0.10018663108348846
1,996,2410,0.14336782693862915
1,997,2411,0.15803262591362
1,998,2412,0.14430645108222961
1,999,2413,0.2348702996969223
1,1000,2414,0.10928785055875778
1,1001,2415,0.1650828719139099
1,1002,2416,0.07690472155809402
1,1003,2417,0.11766161024570465
1,1004,2418,0.06582353264093399
1,1005,2419,0.12933562695980072
1,1006,2420,0.19089575111865997
1,1007,2421,0.14407742023468018
1,1008,2422,0.2350744754076004
1,1009,2423,0.11377400904893875
1,1010,2424,0.15222619473934174
1,1011,2425,0.221438467502594
1,1012,2426,0.17534157633781433
1,1013,2427,0.14457915723323822
1,1014,2428,0.17072562873363495
1,1015,2429,0.16170339286327362
1,1016,2430,0.014184740372002125
1,1017,2431,0.16602276265621185
1,1018,2432,0.1170080378651619
1,1019,2433,0.1681574434041977
1,1020,2434,0.12965171039104462
1,1021,2435,0.009805415757000446
1,1022,2436,0.1035749614238739
1,1023,2437,0.2094670981168747
1,1024,2438,0.13320204615592957
1,1025,2439,0.12731532752513885
1,1026,2440,0.2597646117210388
1,1027,2441,0.1404609978199005
1,1028,2442,0.14072559773921967
1,1029,2443,0.1671300083398819
1,1030,2444,0.17429643869400024
1,1031,2445,0.15855073928833008
1,1032,2446,0.08882904052734375
1,1033,2447,0.14902450144290924
1,1034,2448,0.12871545553207397
1,1035,2449,0.14582479000091553
1,1036,2450,0.10065081715583801
1,1037,2451,0.22951415181159973
1,1038,2452,0.09967250376939774
1,1039,2453,0.07529376447200775
1,1040,2454,0.1350608468055725
1,1041,2455,0.13228097558021545
1,1042,2456,0.0789509266614914
1,1043,2457,0.13524070382118225
1,1044,2458,0.0033101041335612535
1,1045,2459,0.10505696386098862
1,1046,2460,0.3760493993759155
1,1047,2461,0.00602313969284296
1,1048,2462,0.1473797708749771
1,1049,2463,0.14367224276065826
1,1050,2464,0.050455376505851746
1,1051,2465,0.13439470529556274
1,1052,2466,0.13971172273159027
1,1053,2467,0.18958795070648193
1,1054,2468,0.2792333662509918
1,1055,2469,0.15846310555934906
1,1056,2470,0.059838734567165375
1,1057,2471,0.17842704057693481
1,1058,2472,0.17706617712974548
1,1059,2473,0.07121028006076813
1,1060,2474,0.1448148638010025
1,1061,2475,0.15379108488559723
1,1062,2476,0.12352680414915085
1,1063,2477,0.15314356982707977
1,1064,2478,0.14262965321540833
1,1065,2479,0.0091099189594388
1,1066,2480,0.22962038218975067
1,1067,2481,0.18203046917915344
1,1068,2482,0.09812768548727036
1,1069,2483,0.13607974350452423
1,1070,2484,0.10098187625408173
1,1071,2485,0.15821152925491333
1,1072,2486,0.14869879186153412
1,1073,2487,0.17034809291362762
1,1074,2488,0.0926750898361206
1,1075,2489,0.16346029937267303
1,1076,2490,0.12196636945009232
1,1077,2491,0.15247251093387604
1,1078,2492,0.16543999314308167
1,1079,2493,0.141322061419487
1,1080,2494,0.22947895526885986
1,1081,2495,0.16143377125263214
1,1082,2496,0.1873701512813568
1,1083,2497,0.08093586564064026
1,1084,2498,0.10477591305971146
1,1085,2499,0.13696768879890442
1,1086,2500,0.14292551577091217
1,1087,2501,0.15201224386692047
1,1088,2502,0.12622137367725372
1,1089,2503,0.1535802185535431
1,1090,2504,0.08630132675170898
1,1091,2505,0.1639401763677597
1,1092,2506,0.1562710702419281
1,1093,2507,0.17393754422664642
1,1094,2508,0.23375876247882843
1,1095,2509,0.15904316306114197
1,1096,2510,0.18404801189899445
1,1097,2511,0.11423522233963013
1,1098,2512,0.15614226460456848
1,1099,2513,0.18079861998558044
1,1100,2514,0.1486855447292328
1,1101,2515,0.16673289239406586
1,1102,2516,0.1589057743549347
1,1103,2517,0.1379806250333786
1,1104,2518,0.14709608256816864
1,1105,2519,0.0878034308552742
1,1106,2520,0.08113247901201248
1,1107,2521,0.20758570730686188
1,1108,2522,0.11021174490451813
1,1109,2523,0.12860797345638275
1,1110,2524,0.1302364468574524
1,1111,2525,0.21970221400260925
1,1112,2526,0.11804603785276413
1,1113,2527,0.04020991548895836
1,1114,2528,0.1287573277950287
1,1115,2529,0.20554229617118835
1,1116,2530,0.12625752389431
1,1117,2531,0.11595605313777924
1,1118,2532,0.15521737933158875
1,1119,2533,0.10165249556303024
1,1120,2534,0.13812623918056488
1,1121,2535,0.029973436146974564
1,1122,2536,0.22045908868312836
1,1123,2537,0.17782062292099
1,1124,2538,0.254489928483963
1,1125,2539,0.16650083661079407
1,1126,2540,0.1196138858795166
1,1127,2541,0.25579726696014404
1,1128,2542,0.17475415766239166
1,1129,2543,0.05627850815653801
1,1130,2544,0.07830154150724411
1,1131,2545,0.06583292037248611
1,1132,2546,0.21815113723278046
1,1133,2547,0.009153631515800953
1,1134,2548,0.20098210871219635
1,1135,2549,0.14693978428840637
1,1136,2550,0.1454622745513916
1,1137,2551,0.12348004430532455
1,1138,2552,0.1833326667547226
1,1139,2553,0.19043847918510437
1,1140,2554,0.16742652654647827
1,1141,2555,0.10050719231367111
1,1142,2556,0.13710768520832062
1,1143,2557,0.17935523390769958
1,1144,2558,0.052359793335199356
1,1145,2559,0.11960052698850632
1,1146,2560,0.08614425361156464
1,1147,2561,0.1100473701953888
1,1148,2562,0.017014477401971817
1,1149,2563,0.12184179574251175
1,1150,2564,0.24770528078079224
1,1151,2565,0.1699974685907364
1,1152,2566,0.21174576878547668
1,1153,2567,0.23696577548980713
1,1154,2568,0.1547444462776184
1,1155,2569,0.2585381865501404
1,1156,2570,0.19396555423736572
1,1157,2571,0.1446792036294937
1,1158,2572,0.1447247415781021
1,1159,2573,0.1383931040763855
1,1160,2574,0.16079378128051758
1,1161,2575,0.06335999071598053
1,1162,2576,0.12914526462554932
1,1163,2577,0.24274411797523499
1,1164,2578,0.21890519559383392
1,1165,2579,0.1954757422208786
1,1166,2580,0.11800173670053482
1,1167,2581,0.15647411346435547
1,1168,2582,0.1594965010881424
1,1169,2583,0.17364439368247986
1,1170,2584,0.2006637454032898
1,1171,2585,0.07313191145658493
1,1172,2586,0.10272487252950668
1,1173,2587,0.12405479699373245
1,1174,2588,0.111182801425457
1,1175,2589,0.07684549689292908
1,1176,2590,0.22754240036010742
1,1177,2591,0.045126188546419144
1,1178,2592,0.17539319396018982
1,1179,2593,0.1666879653930664
1,1180,2594,0.1442600041627884
1,1181,2595,0.06532119959592819
1,1182,2596,0.18592388927936554
1,1183,2597,0.13106243312358856
1,1184,2598,0.18163767457008362
1,1185,2599,0.17892690002918243
1,1186,2600,0.14165239036083221
1,1187,2601,0.15699025988578796
1,1188,2602,0.20140738785266876
1,1189,2603,0.20775099098682404
1,1190,2604,0.12386246770620346
1,1191,2605,0.08685360848903656
1,1192,2606,0.1696203500032425
1,1193,2607,0.1779772937297821
1,1194,2608,0.1783537119626999
1,1195,2609,0.04453352093696594
1,1196,2610,0.154894158244133
1,1197,2611,0.19046145677566528
1,1198,2612,0.11326809972524643
1,1199,2613,0.1390608251094818
1,1200,2614,0.11322719603776932
1,1201,2615,0.1343112736940384
1,1202,2616,0.1959805190563202
1,1203,2617,0.15358541905879974
1,1204,2618,0.12497251480817795
1,1205,2619,0.12609347701072693
1,1206,2620,0.1366376429796219
1,1207,2621,0.2312224805355072
1,1208,2622,0.09512672573328018
1,1209,2623,0.15539218485355377
1,1210,2624,0.21065056324005127
1,1211,2625,0.12679222226142883
1,1212,2626,0.043049074709415436
1,1213,2627,0.00805338378995657
1,1214,2628,0.023589754477143288
1,1215,2629,0.19750739634037018
1,1216,2630,0.14071418344974518
1,1217,2631,0.14658524096012115
1,1218,2632,0.11928759515285492
1,1219,2633,0.22006511688232422
1,1220,2634,0.03144168108701706
1,1221,2635,0.15238505601882935
1,1222,2636,0.08528011292219162
1,1223,2637,0.1826493889093399
1,1224,2638,0.08987589180469513
1,1225,2639,0.2640894651412964
1,1226,2640,0.12725871801376343
1,1227,2641,0.14343950152397156
1,1228,2642,0.14396202564239502
1,1229,2643,0.024696988984942436
1,1230,2644,0.09046690165996552
1,1231,2645,0.11618518084287643
1,1232,2646,0.1187257319688797
1,1233,2647,0.2501954734325409
1,1234,2648,0.14146405458450317
1,1235,2649,0.17105485498905182
1,1236,2650,0.09925206750631332
1,1237,2651,0.22995521128177643
1,1238,2652,0.2313574105501175
1,1239,2653,0.19794882833957672
1,1240,2654,0.08943282812833786
1,1241,2655,0.11040840297937393
1,1242,2656,0.08079550415277481
1,1243,2657,0.028914421796798706
1,1244,2658,0.2177717685699463
1,1245,2659,0.12183456867933273
1,1246,2660,0.2008705586194992
1,1247,2661,0.15169976651668549
1,1248,2662,0.15011712908744812
1,1249,2663,0.12624545395374298
1,1250,2664,0.15389662981033325
1,1251,2665,0.12603859603405
1,1252,2666,0.03657785430550575
1,1253,2667,0.19301263988018036
1,1254,2668,0.21063125133514404
1,1255,2669,0.16180923581123352
1,1256,2670,0.19189861416816711
1,1257,2671,0.1613112837076187
1,1258,2672,0.08058276772499084
1,1259,2673,0.20078139007091522
1,1260,2674,0.1473758965730667
1,1261,2675,0.07524028420448303
1,1262,2676,0.15492093563079834
1,1263,2677,0.1971241533756256
1,1264,2678,0.1362600177526474
1,1265,2679,0.18803849816322327
1,1266,2680,0.27516427636146545
1,1267,2681,0.007579132914543152
1,1268,2682,0.06503516435623169
1,1269,2683,0.0765540823340416
1,1270,2684,0.21158814430236816
1,1271,2685,0.15734624862670898
1,1272,2686,0.17460094392299652
1,1273,2687,0.20449131727218628
1,1274,2688,0.1753218024969101
1,1275,2689,0.1643044650554657
1,1276,2690,0.09432311356067657
1,1277,2691,0.10400549322366714
1,1278,2692,0.1272272914648056
1,1279,2693,0.17649304866790771
1,1280,2694,0.21196812391281128
1,1281,2695,0.12896686792373657
1,1282,2696,0.18067499995231628
1,1283,2697,0.15396007895469666
1,1284,2698,0.026542477309703827
1,1285,2699,0.11588633805513382
1,1286,2700,0.07741353660821915
1,1287,2701,0.11222103983163834
1,1288,2702,0.16621136665344238
1,1289,2703,0.16193577647209167
1,1290,2704,0.00750892935320735
1,1291,2705,0.21732397377490997
1,1292,2706,0.170606330037117
1,1293,2707,0.12438062578439713
1,1294,2708,0.17695942521095276
1,1295,2709,0.18174944818019867
1,1296,2710,0.01691579818725586
1,1297,2711,0.0765986293554306
1,1298,2712,0.21402014791965485
1,1299,2713,0.09173556417226791
1,1300,2714,0.19699393212795258
1,1301,2715,0.10844004899263382
1,1302,2716,0.17869414389133453
1,1303,2717,0.21530164778232574
1,1304,2718,0.16370026767253876
1,1305,2719,0.1237851083278656
1,1306,2720,0.10139653831720352
1,1307,2721,0.1180797889828682
1,1308,2722,0.19465875625610352
1,1309,2723,0.17354843020439148
1,1310,2724,0.20173011720180511
1,1311,2725,0.13400006294250488
1,1312,2726,0.1277346909046173
1,1313,2727,0.21175186336040497
1,1314,2728,0.06748791038990021
1,1315,2729,0.09540356695652008
1,1316,2730,0.1437227874994278
1,1317,2731,0.12243200093507767
1,1318,2732,0.09301603585481644
1,1319,2733,0.11979704350233078
1,1320,2734,0.1579349786043167
1,1321,2735,0.1655673235654831
1,1322,2736,0.1490604430437088
1,1323,2737,0.16391167044639587
1,1324,2738,0.12027265876531601
1,1325,2739,0.009896236471831799
1,1326,2740,0.09858188778162003
1,1327,2741,0.008233246393501759
1,1328,2742,0.11477775126695633
1,1329,2743,0.07904811203479767
1,1330,2744,0.07228605449199677
1,1331,2745,0.1481551080942154
1,1332,2746,0.15531158447265625
1,1333,2747,0.1519874632358551
1,1334,2748,0.12225095182657242
1,1335,2749,0.15600085258483887
1,1336,2750,0.062139786779880524
1,1337,2751,0.1450679451227188
1,1338,2752,0.1573663204908371
1,1339,2753,0.11953030526638031
1,1340,2754,0.07414538413286209
1,1341,2755,0.10264451056718826
1,1342,2756,0.12958666682243347
1,1343,2757,0.12422443181276321
1,1344,2758,0.117426298558712
1,1345,2759,0.067263662815094
1,1346,2760,0.23193618655204773
1,1347,2761,0.1082940623164177
1,1348,2762,0.196147158741951
1,1349,2763,0.11499571055173874
1,1350,2764,0.23712152242660522
1,1351,2765,0.2942364811897278
1,1352,2766,0.14292018115520477
1,1353,2767,0.14466962218284607
1,1354,2768,0.18728452920913696
1,1355,2769,0.09939224272966385
1,1356,2770,0.14541590213775635
1,1357,2771,0.15232111513614655
1,1358,2772,0.18936951458454132
1,1359,2773,0.2181222140789032
1,1360,2774,0.1240319013595581
1,1361,2775,0.13637211918830872
1,1362,2776,0.07733003050088882
1,1363,2777,0.00863511674106121
1,1364,2778,0.13030262291431427
1,1365,2779,0.3217303156852722
1,1366,2780,0.11924923956394196
1,1367,2781,0.07845897227525711
1,1368,2782,0.12272948026657104
1,1369,2783,0.24598278105258942
1,1370,2784,0.20579077303409576
1,1371,2785,0.15908488631248474
1,1372,2786,0.1638610064983368
1,1373,2787,0.18694372475147247
1,1374,2788,0.09045091271400452
1,1375,2789,0.19765593111515045
1,1376,2790,0.18212419748306274
1,1377,2791,0.1377629041671753
1,1378,2792,0.1745900958776474
1,1379,2793,0.26606568694114685
1,1380,2794,0.11800689250230789
1,1381,2795,0.11498314887285233
1,1382,2796,0.0810001939535141
1,1383,2797,0.17431578040122986
1,1384,2798,0.14218813180923462
1,1385,2799,0.09208620339632034
1,1386,2800,0.08240281790494919
1,1387,2801,0.10557510703802109
1,1388,2802,0.0820518359541893
1,1389,2803,0.1296999305486679
1,1390,2804,0.17810854315757751
1,1391,2805,0.006155311595648527
1,1392,2806,0.24057553708553314
1,1393,2807,0.1722441017627716
1,1394,2808,0.12258291989564896
1,1395,2809,0.047676555812358856
1,1396,2810,0.14852645993232727
1,1397,2811,0.17157675325870514
1,1398,2812,0.23983557522296906
1,1399,2813,0.19790618121623993
1,1400,2814,0.13320240378379822
1,1401,2815,0.0289622712880373
1,1402,2816,0.10709118843078613
1,1403,2817,0.04742223396897316
1,1404,2818,0.10753490030765533
1,1405,2819,0.08012273162603378
1,1406,2820,0.12426687031984329
1,1407,2821,0.17424695193767548
1,1408,2822,0.1980319619178772
1,1409,2823,0.09615690261125565
1,1410,2824,0.15150713920593262
1,1411,2825,0.1335383951663971
1,1412,2826,0.18729232251644135
1,1413,2827,0.15133360028266907
1,1414,2828,0.1236397922039032
1,1415,2829,0.1312238574028015
2,1,2830,0.004235366825014353
2,2,2831,0.06889563053846359
2,3,2832,0.12346643954515457
2,4,2833,0.1627631038427353
2,5,2834,0.1455680876970291
2,6,2835,0.17411433160305023
2,7,2836,0.09230384230613708
2,8,2837,0.13056506216526031
2,9,2838,0.1294497400522232
2,10,2839,0.0781695768237114
2,11,2840,0.23311351239681244
2,12,2841,0.1822272688150406
2,13,2842,0.06759653240442276
2,14,2843,0.14920203387737274
2,15,2844,0.11052907258272171
2,16,2845,0.10560767352581024
2,17,2846,0.11420372128486633
2,18,2847,0.1695682257413864
2,19,2848,0.05064399912953377
2,20,2849,0.3054717183113098
2,21,2850,0.16223610937595367
2,22,2851,0.17335397005081177
2,23,2852,0.18641704320907593
2,24,2853,0.11618129909038544
2,25,2854,0.11920177191495895
2,26,2855,0.06682801991701126
2,27,2856,0.19096733629703522
2,28,2857,0.07706170529127121
2,29,2858,0.24723228812217712
2,30,2859,0.06371533125638962
2,31,2860,0.09450486302375793
2,32,2861,0.17752589285373688
2,33,2862,0.10560394823551178
2,34,2863,0.06646177172660828
2,35,2864,0.06460276991128922
2,36,2865,0.1829652488231659
2,37,2866,0.18589776754379272
2,38,2867,0.1843869984149933
2,39,2868,0.1534179300069809
2,40,2869,0.119875967502594
2,41,2870,0.1434108018875122
2,42,2871,0.17814096808433533
2,43,2872,0.18845036625862122
2,44,2873,0.057196151465177536
2,45,2874,0.13841158151626587
2,46,2875,0.13903144001960754
2,47,2876,0.1340121328830719
2,48,2877,0.28516966104507446
2,49,2878,0.1157909706234932
2,50,2879,0.16005508601665497
2,51,2880,0.09199674427509308
2,52,2881,0.16539308428764343
2,53,2882,0.05292927846312523
2,54,2883,0.1899455040693283
2,55,2884,0.13934233784675598
2,56,2885,0.1800784319639206
2,57,2886,0.16435180604457855
2,58,2887,0.1446489542722702
2,59,2888,0.0070783840492367744
2,60,2889,0.11032046377658844
2,61,2890,0.1119367927312851
2,62,2891,0.11639386415481567
2,63,2892,0.012318271212279797
2,64,2893,0.08110979944467545
2,65,2894,0.060734979808330536
2,66,2895,0.15962153673171997
2,67,2896,0.23021894693374634
2,68,2897,0.26302555203437805
2,69,2898,0.10525253415107727
2,70,2899,0.1044851765036583
2,71,2900,0.18956120312213898
2,72,2901,0.11630378663539886
2,73,2902,0.13320378959178925
2,74,2903,0.14110657572746277
2,75,2904,0.074961356818676
2,76,2905,0.2106262892484665
2,77,2906,0.23044028878211975
2,78,2907,0.09454835951328278
2,79,2908,0.09412175416946411
2,80,2909,0.10874642431735992
2,81,2910,0.10212799906730652
2,82,2911,0.09985983371734619
2,83,2912,0.11692511290311813
2,84,2913,0.16443313658237457
2,85,2914,0.14699114859104156
2,86,2915,0.12104939669370651
2,87,2916,0.08908554911613464
2,88,2917,0.17682784795761108
2,89,2918,0.11291946470737457
2,90,2919,0.141413614153862
2,91,2920,0.17863523960113525
2,92,2921,0.18707826733589172
2,93,2922,0.08512705564498901
2,94,2923,0.12860770523548126
2,95,2924,0.11605367809534073
2,96,2925,0.17774473130702972
2,97,2926,0.10321024805307388
2,98,2927,0.0813199132680893
2,99,2928,0.13224910199642181
2,100,2929,0.005249616224318743
2,101,2930,0.008727171458303928
2,102,2931,0.15779516100883484
2,103,2932,0.1100202277302742
2,104,2933,0.062111929059028625
2,105,2934,0.16355876624584198
2,106,2935,0.1484735608100891
2,107,2936,0.19458170235157013
2,108,2937,0.254903644323349
2,109,2938,0.09815755486488342
2,110,2939,0.20744431018829346
2,111,2940,0.13073258101940155
2,112,2941,0.13153140246868134
2,113,2942,0.10928812623023987
2,114,2943,0.10716812312602997
2,115,2944,0.12943942844867706
2,116,2945,0.14640560746192932
2,117,2946,0.01710343360900879
2,118,2947,0.18856149911880493
2,119,2948,0.09262832254171371
2,120,2949,0.19451293349266052
2,121,2950,0.12406010180711746
2,122,2951,0.08893001824617386
2,123,2952,0.13114094734191895
2,124,2953,0.12918905913829803
2,125,2954,0.21794559061527252
2,126,2955,0.10924377292394638
2,127,2956,0.11840035766363144
2,128,2957,0.1254502236843109
2,129,2958,0.09546840935945511
2,130,2959,0.10443724691867828
2,131,2960,0.0627259835600853
2,132,2961,0.08570002764463425
2,133,2962,0.07497227191925049
2,134,2963,0.44521716237068176
2,135,2964,0.06426592171192169
2,136,2965,0.22751165926456451
2,137,2966,0.10181991755962372
2,138,2967,0.12663008272647858
2,139,2968,0.10863273590803146
2,140,2969,0.09152297675609589
2,141,2970,0.15892283618450165
2,142,2971,0.10573907941579819
2,143,2972,0.12253626435995102
2,144,2973,0.13797947764396667
2,145,2974,0.14965969324111938
2,146,2975,0.056275591254234314
2,147,2976,0.12664398550987244
2,148,2977,0.0758257731795311
2,149,2978,0.18598859012126923
2,150,2979,0.09041717648506165
2,151,2980,0.12357938289642334
2,152,2981,0.1232038140296936
2,153,2982,0.11243826150894165
2,154,2983,0.04714338853955269
2,155,2984,0.12744614481925964
2,156,2985,0.1439095139503479
2,157,2986,0.20003864169120789
2,158,2987,0.13581331074237823
2,159,2988,0.15085314214229584
2,160,2989,0.12358024716377258
2,161,2990,0.15167354047298431
2,162,2991,0.09324954450130463
2,163,2992,0.14641311764717102
2,164,2993,0.22794467210769653
2,165,2994,0.10471642762422562
2,166,2995,0.12482824176549911
2,167,2996,0.05411523953080177
2,168,2997,0.04680391028523445
2,169,2998,0.11181078851222992
2,170,2999,0.10487997531890869
2,171,3000,0.09564004093408585
2,172,3001,0.18934127688407898
2,173,3002,0.13426345586776733
2,174,3003,0.09768836945295334
2,175,3004,0.10528755187988281
2,176,3005,0.13158327341079712
2,177,3006,0.09072861820459366
2,178,3007,0.19892966747283936
2,179,3008,0.12195415049791336
2,180,3009,0.12855857610702515
2,181,3010,0.005493492819368839
2,182,3011,0.09681558609008789
2,183,3012,0.18291892111301422
2,184,3013,0.12807822227478027
2,185,3014,0.16370436549186707
2,186,3015,0.17553523182868958
2,187,3016,0.14303621649742126
2,188,3017,0.08384466916322708
2,189,3018,0.1708345264196396
2,190,3019,0.1791399121284485
2,191,3020,0.1447620838880539
2,192,3021,0.2370876967906952
2,193,3022,0.11370869725942612
2,194,3023,0.0611451119184494
2,195,3024,0.19397681951522827
2,196,3025,0.128106027841568
2,197,3026,0.07338222861289978
2,198,3027,0.09156456589698792
2,199,3028,0.004612063989043236
2,200,3029,0.11278118938207626
2,201,3030,0.1464686393737793
2,202,3031,0.13298779726028442
2,203,3032,0.18159250915050507
2,204,3033,0.14583252370357513
2,205,3034,0.20965608954429626
2,206,3035,0.13611836731433868
2,207,3036,0.08118664473295212
2,208,3037,0.08266052603721619
2,209,3038,0.04639878123998642
2,210,3039,0.1797877997159958
2,211,3040,0.17931674420833588
2,212,3041,0.19540566205978394
2,213,3042,0.1345135122537613
2,214,3043,0.1434907764196396
2,215,3044,0.19959679245948792
2,216,3045,0.16105301678180695
2,217,3046,0.08326782286167145
2,218,3047,0.1240759789943695
2,219,3048,0.05993003025650978
2,220,3049,0.10331501066684723
2,221,3050,0.11471381038427353
2,222,3051,0.1820712834596634
2,223,3052,0.24145711958408356
2,224,3053,0.12181094288825989
2,225,3054,0.1317785084247589
2,226,3055,0.16970476508140564
2,227,3056,0.13896247744560242
2,228,3057,0.16641400754451752
2,229,3058,0.17240449786186218
2,230,3059,0.14777879416942596
2,231,3060,0.15981851518154144
2,232,3061,0.11910982429981232
2,233,3062,0.00617575878277421
2,234,3063,0.0031699936371296644
2,235,3064,0.1409362405538559
2,236,3065,0.1289442926645279
2,237,3066,0.07693330198526382
2,238,3067,0.1127638891339302
2,239,3068,0.1380629688501358
2,240,3069,0.11466776579618454
2,241,3070,0.11947930604219437
2,242,3071,0.12707969546318054
2,243,3072,0.06735455244779587
2,244,3073,0.01415824331343174
2,245,3074,0.13140885531902313
2,246,3075,0.2650607228279114
2,247,3076,0.14613349735736847
2,248,3077,0.10290998965501785
2,249,3078,0.06987902522087097
2,250,3079,0.041321881115436554
2,251,3080,0.12509527802467346
2,252,3081,0.12328243255615234
2,253,3082,0.08473265916109085
2,254,3083,0.1342882215976715
2,255,3084,0.15763068199157715
2,256,3085,0.1357400268316269
2,257,3086,0.1935737282037735
2,258,3087,0.13602039217948914
2,259,3088,0.03757669776678085
2,260,3089,0.042970433831214905
2,261,3090,0.133686363697052
2,262,3091,0.22995157539844513
2,263,3092,0.08937158435583115
2,264,3093,0.10826996713876724
2,265,3094,0.17391301691532135
2,266,3095,0.17233653366565704
2,267,3096,0.16048242151737213
2,268,3097,0.1034538745880127
2,269,3098,0.17823880910873413
2,270,3099,0.13933469355106354
2,271,3100,0.14639590680599213
2,272,3101,0.12065311521291733
2,273,3102,0.19173717498779297
2,274,3103,0.10049033164978027
2,275,3104,0.18699456751346588
2,276,3105,0.20430724322795868
2,277,3106,0.11704947054386139
2,278,3107,0.14473305642604828
2,279,3108,0.10567640513181686
2,280,3109,0.18316340446472168
2,281,3110,0.07081116735935211
2,282,3111,0.07736937701702118
2,283,3112,0.12486544251441956
2,284,3113,0.11513525992631912
2,285,3114,0.24395273625850677
2,286,3115,0.09662245959043503
2,287,3116,0.13220374286174774
2,288,3117,0.13631771504878998
2,289,3118,0.11280631273984909
2,290,3119,0.12332449108362198
2,291,3120,0.07652482390403748
2,292,3121,0.08306322246789932
2,293,3122,0.20012173056602478
2,294,3123,0.11448062211275101
2,295,3124,0.11009810119867325
2,296,3125,0.07368749380111694
2,297,3126,0.1927422285079956
2,298,3127,0.11140573024749756
2,299,3128,0.1914982944726944
2,300,3129,0.07998334616422653
2,301,3130,0.07137833535671234
2,302,3131,0.11529796570539474
2,303,3132,0.11229990422725677
2,304,3133,0.00925812404602766
2,305,3134,0.10786498337984085
2,306,3135,0.041720911860466
2,307,3136,0.2490488588809967
2,308,3137,0.17248660326004028
2,309,3138,0.17103128135204315
2,310,3139,0.10133858025074005
2,311,3140,0.15987572073936462
2,312,3141,0.04376714304089546
2,313,3142,0.14799341559410095
2,314,3143,0.11728767305612564
2,315,3144,0.16865046322345734
2,316,3145,0.2034921646118164
2,317,3146,0.20885471999645233
2,318,3147,0.2006511092185974
2,319,3148,0.2521173655986786
2,320,3149,0.07975099980831146
2,321,3150,0.12871214747428894
2,322,3151,0.1559680700302124
2,323,3152,0.2471996247768402
2,324,3153,0.07515481114387512
2,325,3154,0.1353505551815033
2,326,3155,0.060168761759996414
2,327,3156,0.21531744301319122
2,328,3157,0.14935453236103058
2,329,3158,0.10100777447223663
2,330,3159,0.1600397825241089
2,331,3160,0.13528525829315186
2,332,3161,0.12073483318090439
2,333,3162,0.12888966500759125
2,334,3163,0.10964157432317734
2,335,3164,0.1671147644519806
2,336,3165,0.1523750275373459
2,337,3166,0.14951609075069427
2,338,3167,0.14384976029396057
2,339,3168,0.1296091377735138
2,340,3169,0.09450435638427734
2,341,3170,0.04609553515911102
2,342,3171,0.1609392613172531
2,343,3172,0.15887397527694702
2,344,3173,0.18795646727085114
2,345,3174,0.08796234428882599
2,346,3175,0.1190275028347969
2,347,3176,0.21127161383628845
2,348,3177,0.17024807631969452
2,349,3178,0.015396669507026672
2,350,3179,0.052336178719997406
2,351,3180,0.15153144299983978
2,352,3181,0.10730532556772232
2,353,3182,0.006343018729239702
2,354,3183,0.07066353410482407
2,355,3184,0.2347363382577896
2,356,3185,0.2475767284631729
2,357,3186,0.2027253955602646
2,358,3187,0.09784844517707825
2,359,3188,0.22719453275203705
2,360,3189,0.19334016740322113
2,361,3190,0.15649588406085968
2,362,3191,0.10538017004728317
2,363,3192,0.008517847396433353
2,364,3193,0.20592524111270905
2,365,3194,0.13892340660095215
2,366,3195,0.06151663139462471
2,367,3196,0.1404716670513153
2,368,3197,0.0807618796825409
2,369,3198,0.1506320685148239
2,370,3199,0.11072340607643127
2,371,3200,0.1451653391122818
2,372,3201,0.1502852588891983
2,373,3202,0.03251824155449867
2,374,3203,0.058996472507715225
2,375,3204,0.14670339226722717
2,376,3205,0.09094125777482986
2,377,3206,0.21594823896884918
2,378,3207,0.04880835488438606
2,379,3208,0.17839398980140686
2,380,3209,0.19761161506175995
2,381,3210,0.09358853846788406
2,382,3211,0.111453577876091
2,383,3212,0.16931051015853882
2,384,3213,0.11721621453762054
2,385,3214,0.16847513616085052
2,386,3215,0.1262853741645813
2,387,3216,0.06001291796565056
2,388,3217,0.12895213067531586
2,389,3218,0.11709433048963547
2,390,3219,0.007100066635757685
2,391,3220,0.13442401587963104
2,392,3221,0.1451982855796814
2,393,3222,0.12985844910144806
2,394,3223,0.10947200655937195
2,395,3224,0.15656231343746185
2,396,3225,0.0359019860625267
2,397,3226,0.20984436571598053
2,398,3227,0.004066415596753359
2,399,3228,0.21006229519844055
2,400,3229,0.21708668768405914
2,401,3230,0.0800495594739914
2,402,3231,0.23916023969650269
2,403,3232,0.18348127603530884
2,404,3233,0.09251056611537933
2,405,3234,0.18516618013381958
2,406,3235,0.11693000048398972
2,407,3236,0.18505196273326874
2,408,3237,0.04602706432342529
2,409,3238,0.13956467807292938
2,410,3239,0.08967765420675278
2,411,3240,0.08393189311027527
2,412,3241,0.10960796475410461
2,413,3242,0.11568985879421234
2,414,3243,0.13455794751644135
2,415,3244,0.11581925302743912
2,416,3245,0.13163520395755768
2,417,3246,0.10580868273973465
2,418,3247,0.15697729587554932
2,419,3248,0.15565884113311768
2,420,3249,0.1526850014925003
2,421,3250,0.060572657734155655
2,422,3251,0.09811872988939285
2,423,3252,0.09782497584819794
2,424,3253,0.139828622341156
2,425,3254,0.1361527293920517
2,426,3255,0.10220607370138168
2,427,3256,0.06769704818725586
2,428,3257,0.2530049979686737
2,429,3258,0.107021264731884
2,430,3259,0.06188264116644859
2,431,3260,0.18716195225715637
2,432,3261,0.13496074080467224
2,433,3262,0.2292073518037796
2,434,3263,0.21864382922649384
2,435,3264,0.08872786164283752
2,436,3265,0.09401354193687439
2,437,3266,0.20070189237594604
2,438,3267,0.08790025860071182
2,439,3268,0.11555884778499603
2,440,3269,0.10933127254247665
2,441,3270,0.12415808439254761
2,442,3271,0.17838743329048157
2,443,3272,0.17670151591300964
2,444,3273,0.13094641268253326
2,445,3274,0.11763188987970352
2,446,3275,0.07588408887386322
2,447,3276,0.08400537073612213
2,448,3277,0.10327789932489395
2,449,3278,0.15529190003871918
2,450,3279,0.19976606965065002
2,451,3280,0.20277605950832367
2,452,3281,0.1496018022298813
2,453,3282,0.09487109631299973
2,454,3283,0.08767476677894592
2,455,3284,0.1536451131105423
2,456,3285,0.09714026004076004
2,457,3286,0.06165184825658798
2,458,3287,0.07370675355195999
2,459,3288,0.26425787806510925
2,460,3289,0.11202181130647659
2,461,3290,0.07918333262205124
2,462,3291,0.1317993402481079
2,463,3292,0.1674143224954605
2,464,3293,0.1973416805267334
2,465,3294,0.08704159408807755
2,466,3295,0.12577779591083527
2,467,3296,0.1132776141166687
2,468,3297,0.08535133302211761
2,469,3298,0.07574281096458435
2,470,3299,0.1552175134420395
2,471,3300,0.16483376920223236
2,472,3301,0.1545313149690628
2,473,3302,0.17621783912181854
2,474,3303,0.1963224560022354
2,475,3304,0.0824706107378006
2,476,3305,0.1381274312734604
2,477,3306,0.17655952274799347
2,478,3307,0.14125162363052368
2,479,3308,0.22111810743808746
2,480,3309,0.10089654475450516
2,481,3310,0.16099858283996582
2,482,3311,0.08497446775436401
2,483,3312,0.1563388854265213
2,484,3313,0.14920711517333984
2,485,3314,0.11193716526031494
2,486,3315,0.17281480133533478
2,487,3316,0.061095379292964935
2,488,3317,0.1746540516614914
2,489,3318,0.09933656454086304
2,490,3319,0.04699334129691124
2,491,3320,0.15048395097255707
2,492,3321,0.10747452825307846
2,493,3322,0.21475321054458618
2,494,3323,0.14134882390499115
2,495,3324,0.22420132160186768
2,496,3325,0.2149098664522171
2,497,3326,0.12330248951911926
2,498,3327,0.14633072912693024
2,499,3328,0.11733775585889816
2,500,3329,0.12501908838748932
2,501,3330,0.15243476629257202
2,502,3331,0.09174828231334686
2,503,3332,0.07992630451917648
2,504,3333,0.1562006026506424
2,505,3334,0.04468171298503876
2,506,3335,0.07609265297651291
2,507,3336,0.17829358577728271
2,508,3337,0.11908449232578278
2,509,3338,0.17996232211589813
2,510,3339,0.10613097995519638
2,511,3340,0.08844174444675446
2,512,3341,0.07674821466207504
2,513,3342,0.2114335149526596
2,514,3343,0.06252134591341019
2,515,3344,0.05216120928525925
2,516,3345,0.07897932827472687
2,517,3346,0.18910805881023407
2,518,3347,0.13450399041175842
2,519,3348,0.06698126345872879
2,520,3349,0.15111325681209564
2,521,3350,0.10731528699398041
2,522,3351,0.1350950002670288
2,523,3352,0.18016137182712555
2,524,3353,0.05507573485374451
2,525,3354,0.14813323318958282
2,526,3355,0.010108362883329391
2,527,3356,0.05024178326129913
2,528,3357,0.13477976620197296
2,529,3358,0.281997412443161
2,530,3359,0.02562575601041317
2,531,3360,0.013968323357403278
2,532,3361,0.03369083255529404
2,533,3362,0.10949933528900146
2,534,3363,0.15505363047122955
2,535,3364,0.08818638324737549
2,536,3365,0.10487446188926697
2,537,3366,0.09185045212507248
2,538,3367,0.1591346263885498
2,539,3368,0.05903550609946251
2,540,3369,0.14822664856910706
2,541,3370,0.07674101740121841
2,542,3371,0.1539459228515625
2,543,3372,0.054021235555410385
2,544,3373,0.1328461915254593
2,545,3374,0.23017388582229614
2,546,3375,0.08122026920318604
2,547,3376,0.18619106709957123
2,548,3377,0.20199449360370636
2,549,3378,0.1438487321138382
2,550,3379,0.22589746117591858
2,551,3380,0.08119655400514603
2,552,3381,0.12039115279912949
2,553,3382,0.14113272726535797
2,554,3383,0.09696009755134583
2,555,3384,0.14941780269145966
2,556,3385,0.17134851217269897
2,557,3386,0.07367110252380371
2,558,3387,0.2789950668811798
2,559,3388,0.12267184257507324
2,560,3389,0.1659460812807083
2,561,3390,0.2211287021636963
2,562,3391,0.09990864992141724
2,563,3392,0.15589840710163116
2,564,3393,0.09226439148187637
2,565,3394,0.1652529090642929
2,566,3395,0.07997318357229233
2,567,3396,0.06808836758136749
2,568,3397,0.17208892107009888
2,569,3398,0.1861666738986969
2,570,3399,0.13041681051254272
2,571,3400,0.12254106253385544
2,572,3401,0.09376741945743561
2,573,3402,0.0918012335896492
2,574,3403,0.09310197085142136
2,575,3404,0.13555346429347992
2,576,3405,0.12446235865354538
2,577,3406,0.18543274700641632
2,578,3407,0.12960083782672882
2,579,3408,0.10622324794530869
2,580,3409,0.07605908066034317
2,581,3410,0.14593976736068726
2,582,3411,0.12141703814268112
2,583,3412,0.22760440409183502
2,584,3413,0.17232313752174377
2,585,3414,0.05945504456758499
2,586,3415,0.16963692009449005
2,587,3416,0.20042656362056732
2,588,3417,0.11924602836370468
2,589,3418,0.1967678666114807
2,590,3419,0.19205623865127563
2,591,3420,0.1845206916332245
2,592,3421,0.10131064802408218
2,593,3422,0.09967543184757233
2,594,3423,0.0919499471783638
2,595,3424,0.18917399644851685
2,596,3425,0.1960567831993103
2,597,3426,0.1508047878742218
2,598,3427,0.1529945582151413
2,599,3428,0.1426910161972046
2,600,3429,0.11359626054763794
2,601,3430,0.13495966792106628
2,602,3431,0.11278573423624039
2,603,3432,0.14181648194789886
2,604,3433,0.2574601173400879
2,605,3434,0.22715499997138977
2,606,3435,0.14779536426067352
2,607,3436,0.12223386019468307
2,608,3437,0.1289944350719452
2,609,3438,0.06531988829374313
2,610,3439,0.141621932387352
2,611,3440,0.1650725156068802
2,612,3441,0.21095114946365356
2,613,3442,0.28879010677337646
2,614,3443,0.14152595400810242
2,615,3444,0.11887261271476746
2,616,3445,0.09948057681322098
2,617,3446,0.18603314459323883
2,618,3447,0.12734034657478333
2,619,3448,0.13386918604373932
2,620,3449,0.17029474675655365
2,621,3450,0.23839208483695984
2,622,3451,0.014714469201862812
2,623,3452,0.18819372355937958
2,624,3453,0.11538097262382507
2,625,3454,0.12603946030139923
2,626,3455,0.16020183265209198
2,627,3456,0.10681498050689697
2,628,3457,0.15029782056808472
2,629,3458,0.13741835951805115
2,630,3459,0.09843304008245468
2,631,3460,0.17788203060626984
2,632,3461,0.19175346195697784
2,633,3462,0.12636826932430267
2,634,3463,0.07182162255048752
2,635,3464,0.2333781123161316
2,636,3465,0.13591641187667847
2,637,3466,0.02312108501791954
2,638,3467,0.13414601981639862
2,639,3468,0.0966656431555748
2,640,3469,0.1640351563692093
2,641,3470,0.10724986344575882
2,642,3471,0.09749451279640198
2,643,3472,0.16389328241348267
2,644,3473,0.128701850771904
2,645,3474,0.14679959416389465
2,646,3475,0.17986422777175903
2,647,3476,0.1589369773864746
2,648,3477,0.08911726623773575
2,649,3478,0.06918459385633469
2,650,3479,0.11671299487352371
2,651,3480,0.17723864316940308
2,652,3481,0.11910805106163025
2,653,3482,0.133084237575531
2,654,3483,0.15764105319976807
2,655,3484,0.2430444210767746
2,656,3485,0.1525595337152481
2,657,3486,0.12995488941669464
2,658,3487,0.0846690908074379
2,659,3488,0.060885656625032425
2,660,3489,0.15683260560035706
2,661,3490,0.12365120649337769
2,662,3491,0.05706736445426941
2,663,3492,0.08818255364894867
2,664,3493,0.15981535613536835
2,665,3494,0.16237008571624756
2,666,3495,0.12367009371519089
2,667,3496,0.07494394481182098
2,668,3497,0.011300977319478989
2,669,3498,0.06099981069564819
2,670,3499,0.1670604944229126
2,671,3500,0.23684947192668915
2,672,3501,0.16562986373901367
2,673,3502,0.15357272326946259
2,674,3503,0.12812650203704834
2,675,3504,0.14618979394435883
2,676,3505,0.16576947271823883
2,677,3506,0.17288613319396973
2,678,3507,0.10923240333795547
2,679,3508,0.07690652459859848
2,680,3509,0.14489828050136566
2,681,3510,0.1660761684179306
2,682,3511,0.1669522225856781
2,683,3512,0.0975184291601181
2,684,3513,0.02806907147169113
2,685,3514,0.13116082549095154
2,686,3515,0.119112029671669
2,687,3516,0.18660666048526764
2,688,3517,0.11404189467430115
2,689,3518,0.1572752296924591
2,690,3519,0.10507843643426895
2,691,3520,0.17964397370815277
2,692,3521,0.07507745176553726
2,693,3522,0.1749945878982544
2,694,3523,0.08432034403085709
2,695,3524,0.005875119473785162
2,696,3525,0.1250619739294052
2,697,3526,0.09344503283500671
2,698,3527,0.10253071039915085
2,699,3528,0.14151085913181305
2,700,3529,0.07965791970491409
2,701,3530,0.11233057081699371
2,702,3531,0.12203224003314972
2,703,3532,0.11247528344392776
2,704,3533,0.07976396381855011
2,705,3534,0.1550079882144928
2,706,3535,0.12631753087043762
2,707,3536,0.09518707543611526
2,708,3537,0.12465371936559677
2,709,3538,0.10581240057945251
2,710,3539,0.09022033214569092
2,711,3540,0.16310152411460876
2,712,3541,0.10062509775161743
2,713,3542,0.09451334923505783
2,714,3543,0.15102101862430573
2,715,3544,0.06405450403690338
2,716,3545,0.06357355415821075
2,717,3546,0.20494598150253296
2,718,3547,0.17619682848453522
2,719,3548,0.16976042091846466
2,720,3549,0.1278264969587326
2,721,3550,0.07669402658939362
2,722,3551,0.12607374787330627
2,723,3552,0.20056627690792084
2,724,3553,0.11367090791463852
2,725,3554,0.0571417436003685
2,726,3555,0.1158277615904808
2,727,3556,0.07539838552474976
2,728,3557,0.11717037856578827
2,729,3558,0.16991464793682098
2,730,3559,0.16139915585517883
2,731,3560,0.13574430346488953
2,732,3561,0.17303867638111115
2,733,3562,0.05846092849969864
2,734,3563,0.11810021847486496
2,735,3564,0.04382242634892464
2,736,3565,0.17810305953025818
2,737,3566,0.14173699915409088
2,738,3567,0.07757770270109177
2,739,3568,0.1412057876586914
2,740,3569,0.31771156191825867
2,741,3570,0.11581652611494064
2,742,3571,0.14522354304790497
2,743,3572,0.0842229574918747
2,744,3573,0.23650912940502167
2,745,3574,0.09600681811571121
2,746,3575,0.08336620777845383
2,747,3576,0.10946357250213623
2,748,3577,0.1460670381784439
2,749,3578,0.08182384818792343
2,750,3579,0.004080365877598524
2,751,3580,0.08333264291286469
2,752,3581,0.1494613140821457
2,753,3582,0.13185350596904755
2,754,3583,0.18068794906139374
2,755,3584,0.14185620844364166
2,756,3585,0.0902821272611618
2,757,3586,0.13965564966201782
2,758,3587,0.11822167038917542
2,759,3588,0.11967355012893677
2,760,3589,0.07018920034170151
2,761,3590,0.14495748281478882
2,762,3591,0.1462896168231964
2,763,3592,0.1172499731183052
2,764,3593,0.23562179505825043
2,765,3594,0.06366437673568726
2,766,3595,0.19925472140312195
2,767,3596,0.13873299956321716
2,768,3597,0.13579006493091583
2,769,3598,0.19874995946884155
2,770,3599,0.18965037167072296
2,771,3600,0.1434466689825058
2,772,3601,0.1085917204618454
2,773,3602,0.24086304008960724
2,774,3603,0.12159688025712967
2,775,3604,0.1442403793334961
2,776,3605,0.14759781956672668
2,777,3606,0.0331515297293663
2,778,3607,0.2566351592540741
2,779,3608,0.13100329041481018
2,780,3609,0.2721027135848999
2,781,3610,0.15290039777755737
2,782,3611,0.14072203636169434
2,783,3612,0.07653425633907318
2,784,3613,0.11567734181880951
2,785,3614,0.09370580315589905
2,786,3615,0.1483968049287796
2,787,3616,0.15032032132148743
2,788,3617,0.11831902712583542
2,789,3618,0.13264986872673035
2,790,3619,0.1419897824525833
2,791,3620,0.1288457214832306
2,792,3621,0.15202906727790833
2,793,3622,0.15873070061206818
2,794,3623,0.12618222832679749
2,795,3624,0.12306810170412064
2,796,3625,0.1719706952571869
2,797,3626,0.13554756343364716
2,798,3627,0.057302944362163544
2,799,3628,0.12699609994888306
2,800,3629,0.27533087134361267
2,801,3630,0.17764456570148468
2,802,3631,0.0892261192202568
2,803,3632,0.10407721996307373
2,804,3633,0.21889548003673553
2,805,3634,0.14938820898532867
2,806,3635,0.13915318250656128
2,807,3636,0.05242236703634262
2,808,3637,0.1831018477678299
2,809,3638,0.07404901832342148
2,810,3639,0.08800685405731201
2,811,3640,0.08984343707561493
2,812,3641,0.16868440806865692
2,813,3642,0.12778671085834503
2,814,3643,0.05567232146859169
2,815,3644,0.03476179763674736
2,816,3645,0.0054758465848863125
2,817,3646,0.15336942672729492
2,818,3647,0.1831110417842865
2,819,3648,0.08946431428194046
2,820,3649,0.09832994639873505
2,821,3650,0.09881679713726044
2,822,3651,0.1717294156551361
2,823,3652,0.2072935700416565
2,824,3653,0.1672430783510208
2,825,3654,0.12168411910533905
2,826,3655,0.10768432170152664
2,827,3656,0.1954854428768158
2,828,3657,0.08662182092666626
2,829,3658,0.0557318739593029
2,830,3659,0.1724250316619873
2,831,3660,0.11964879184961319
2,832,3661,0.11147665232419968
2,833,3662,0.1196691170334816
2,834,3663,0.07212764769792557
2,835,3664,0.13466668128967285
2,836,3665,0.023607492446899414
2,837,3666,0.051539096981287
2,838,3667,0.06063186377286911
2,839,3668,0.3188440501689911
2,840,3669,0.0682326927781105
2,841,3670,0.18420268595218658
2,842,3671,0.11453484743833542
2,843,3672,0.12125666439533234
2,844,3673,0.16653470695018768
2,845,3674,0.1266024261713028
2,846,3675,0.09418609738349915
2,847,3676,0.1875762790441513
2,848,3677,0.11226646602153778
2,849,3678,0.09169397503137589
2,850,3679,0.2793866693973541
2,851,3680,0.09566442668437958
2,852,3681,0.03406732156872749
2,853,3682,0.20543989539146423
2,854,3683,0.13638532161712646
2,855,3684,0.13864900171756744
2,856,3685,0.28206202387809753
2,857,3686,0.11430054903030396
2,858,3687,0.11100355535745621
2,859,3688,0.177164226770401
2,860,3689,0.10608068108558655
2,861,3690,0.11901792883872986
2,862,3691,0.1569404900074005
2,863,3692,0.03257700055837631
2,864,3693,0.09619050472974777
2,865,3694,0.15697695314884186
2,866,3695,0.12468262761831284
2,867,3696,0.0062100146897137165
2,868,3697,0.2551034688949585
2,869,3698,0.09989310801029205
2,870,3699,0.13242793083190918
2,871,3700,0.1460416316986084
2,872,3701,0.16899308562278748
2,873,3702,0.13804277777671814
2,874,3703,0.1317528635263443
2,875,3704,0.12749111652374268
2,876,3705,0.05148228630423546
2,877,3706,0.07306274771690369
2,878,3707,0.17712540924549103
2,879,3708,0.10890767723321915
2,880,3709,0.1597084403038025
2,881,3710,0.09580986201763153
2,882,3711,0.14633703231811523
2,883,3712,0.06293895840644836
2,884,3713,0.04310983419418335
2,885,3714,0.040804632008075714
2,886,3715,0.04773524031043053
2,887,3716,0.0903322771191597
2,888,3717,0.10102557390928268
2,889,3718,0.14589688181877136
2,890,3719,0.06356200575828552
2,891,3720,0.14654305577278137
2,892,3721,0.11799068748950958
2,893,3722,0.04750969633460045
2,894,3723,0.17159445583820343
2,895,3724,0.01280873641371727
2,896,3725,0.12645354866981506
2,897,3726,0.19076912105083466
2,898,3727,0.06942706555128098
2,899,3728,0.18783381581306458
2,900,3729,0.05988271161913872
2,901,3730,0.032327063381671906
2,902,3731,0.20561270415782928
2,903,3732,0.10586386919021606
2,904,3733,0.18115434050559998
2,905,3734,0.05790300667285919
2,906,3735,0.07903284579515457
2,907,3736,0.002700038254261017
2,908,3737,0.1502142697572708
2,909,3738,0.03181489184498787
2,910,3739,0.11673161387443542
2,911,3740,0.09299499541521072
2,912,3741,0.12722383439540863
2,913,3742,0.1175481304526329
2,914,3743,0.12998543679714203
2,915,3744,0.17358462512493134
2,916,3745,0.053000424057245255
2,917,3746,0.15342538058757782
2,918,3747,0.16563434898853302
2,919,3748,0.22464562952518463
2,920,3749,0.039813075214624405
2,921,3750,0.12220373004674911
2,922,3751,0.11146929860115051
2,923,3752,0.14744621515274048
2,924,3753,0.13500931859016418
2,925,3754,0.09241800755262375
2,926,3755,0.1115105003118515
2,927,3756,0.12185721844434738
2,928,3757,0.10918129235506058
2,929,3758,0.14832249283790588
2,930,3759,0.1520688682794571
2,931,3760,0.04180493950843811
2,932,3761,0.1462298184633255
2,933,3762,0.11983019858598709
2,934,3763,0.019053049385547638
2,935,3764,0.0630715936422348
2,936,3765,0.07722922414541245
2,937,3766,0.002621287014335394
2,938,3767,0.1484157145023346
2,939,3768,0.006327597424387932
2,940,3769,0.10256021469831467
2,941,3770,0.12935353815555573
2,942,3771,0.18990947306156158
2,943,3772,0.09199070930480957
2,944,3773,0.033058907836675644
2,945,3774,0.15568484365940094
2,946,3775,0.09209395945072174
2,947,3776,0.0911615714430809
2,948,3777,0.14720742404460907
2,949,3778,0.07386580854654312
2,950,3779,0.05308682098984718
2,951,3780,0.10487319529056549
2,952,3781,0.12162304669618607
2,953,3782,0.1824948787689209
2,954,3783,0.07228074222803116
2,955,3784,0.1016654372215271
2,956,3785,0.1567980796098709
2,957,3786,0.1607007384300232
2,958,3787,0.13558560609817505
2,959,3788,0.10491223633289337
2,960,3789,0.10995327681303024
2,961,3790,0.09371476620435715
2,962,3791,0.09800958633422852
2,963,3792,0.15395262837409973
2,964,3793,0.14514435827732086
2,965,3794,0.08629244565963745
2,966,3795,0.1633126586675644
2,967,3796,0.053149547427892685
2,968,3797,0.12433727085590363
2,969,3798,0.08309722691774368
2,970,3799,0.0839664563536644
2,971,3800,0.13383793830871582
2,972,3801,0.08734641224145889
2,973,3802,0.11603648960590363
2,974,3803,0.21424177289009094
2,975,3804,0.03346242383122444
2,976,3805,0.17291590571403503
2,977,3806,0.13106296956539154
2,978,3807,0.14547693729400635
2,979,3808,0.09595886617898941
2,980,3809,0.09059430658817291
2,981,3810,0.1337887942790985
2,982,3811,0.14542937278747559
2,983,3812,0.10844837874174118
2,984,3813,0.1454710066318512
2,985,3814,0.17158347368240356
2,986,3815,0.16273672878742218
2,987,3816,0.15486906468868256
2,988,3817,0.09144295006990433
2,989,3818,0.011550992727279663
2,990,3819,0.16876590251922607
2,991,3820,0.1085379421710968
2,992,3821,0.15366780757904053
2,993,3822,0.05765458196401596
2,994,3823,0.10496772825717926
2,995,3824,0.12499227374792099
2,996,3825,0.1265016794204712
2,997,3826,0.1209913119673729
2,998,3827,0.17580999433994293
2,999,3828,0.11943291872739792
2,1000,3829,0.11924021691083908
2,1001,3830,0.13205480575561523
2,1002,3831,0.08733145147562027
2,1003,3832,0.15531282126903534
2,1004,3833,0.12542080879211426
2,1005,3834,0.13169437646865845
2,1006,3835,0.07309795171022415
2,1007,3836,0.09977703541517258
2,1008,3837,0.13950665295124054
2,1009,3838,0.11459999531507492
2,1010,3839,0.1132175475358963
2,1011,3840,0.1825663447380066
2,1012,3841,0.09288491308689117
2,1013,3842,0.08783774077892303
2,1014,3843,0.05686110258102417
2,1015,3844,0.07935219258069992
2,1016,3845,0.1484224498271942
2,1017,3846,0.008004262112081051
2,1018,3847,0.15130138397216797
2,1019,3848,0.05571964383125305
2,1020,3849,0.16322483122348785
2,1021,3850,0.18407294154167175
2,1022,3851,0.04392031580209732
2,1023,3852,0.16774794459342957
2,1024,3853,0.032116297632455826
2,1025,3854,0.19716408848762512
2,1026,3855,0.12604202330112457
2,1027,3856,0.04957711324095726
2,1028,3857,0.0543491467833519
2,1029,3858,0.07308690994977951
2,1030,3859,0.1343018263578415
2,1031,3860,0.16235201060771942
2,1032,3861,0.08370700478553772
2,1033,3862,0.0813685953617096
2,1034,3863,0.05024528503417969
2,1035,3864,0.1053621768951416
2,1036,3865,0.07709009945392609
2,1037,3866,0.03854699060320854
2,1038,3867,0.09086209535598755
2,1039,3868,0.12536007165908813
2,1040,3869,0.1754845529794693
2,1041,3870,0.11978670209646225
2,1042,3871,0.10280727595090866
2,1043,3872,0.19343425333499908
2,1044,3873,0.07885705679655075
2,1045,3874,0.011454825289547443
2,1046,3875,0.15298470854759216
2,1047,3876,0.07341104745864868
2,1048,3877,0.08982187509536743
2,1049,3878,0.005698095541447401
2,1050,3879,0.14154912531375885
2,1051,3880,0.05252879112958908
2,1052,3881,0.1197076216340065
2,1053,3882,0.14707455039024353
2,1054,3883,0.08917180448770523
2,1055,3884,0.2130650281906128
2,1056,3885,0.045003492385149
2,1057,3886,0.03569609671831131
2,1058,3887,0.10872391611337662
2,1059,3888,0.05875404551625252
2,1060,3889,0.0396595224738121
2,1061,3890,0.05836563929915428
2,1062,3891,0.0756286084651947
2,1063,3892,0.0040960535407066345
2,1064,3893,0.07778613269329071
2,1065,3894,0.08870752155780792
2,1066,3895,0.17903241515159607
2,1067,3896,0.12411679327487946
2,1068,3897,0.03403276577591896
2,1069,3898,0.10266397148370743
2,1070,3899,0.17298878729343414
2,1071,3900,0.027979493141174316
2,1072,3901,0.061979833990335464
2,1073,3902,0.15289932489395142
2,1074,3903,0.09862275421619415
2,1075,3904,0.08637167513370514
2,1076,3905,0.20455339550971985
2,1077,3906,0.08258575201034546
2,1078,3907,0.0379660464823246
2,1079,3908,0.13278795778751373
2,1080,3909,0.10209275782108307
2,1081,3910,0.09902766346931458
2,1082,3911,0.16981075704097748
2,1083,3912,0.047683726996183395
2,1084,3913,0.11085636168718338
2,1085,3914,0.037926480174064636
2,1086,3915,0.01910579577088356
2,1087,3916,0.15344513952732086
2,1088,3917,0.14663298428058624
2,1089,3918,0.09991489350795746
2,1090,3919,0.14548549056053162
2,1091,3920,0.004911479074507952
2,1092,3921,0.05419445037841797
2,1093,3922,0.07272934913635254
2,1094,3923,0.09982184320688248
2,1095,3924,0.05582254007458687
2,1096,3925,0.10618232190608978
2,1097,3926,0.09616033732891083
2,1098,3927,0.25062066316604614
2,1099,3928,0.03330545872449875
2,1100,3929,0.06235286965966225
2,1101,3930,0.10302843153476715
2,1102,3931,0.1090625748038292
2,1103,3932,0.05760341137647629
2,1104,3933,0.037547316402196884
2,1105,3934,0.011761849746108055
2,1106,3935,0.12869992852210999
2,1107,3936,0.12997376918792725
2,1108,3937,0.0928053930401802
2,1109,3938,0.1539030522108078
2,1110,3939,0.13051572442054749
2,1111,3940,0.028908204287290573
2,1112,3941,0.13602355122566223
2,1113,3942,0.16349060833454132
2,1114,3943,0.07431665807962418
2,1115,3944,0.09889508783817291
2,1116,3945,0.09529660642147064
2,1117,3946,0.09180670231580734
2,1118,3947,0.04607893526554108
2,1119,3948,0.09231564402580261
2,1120,3949,0.13049374520778656
2,1121,3950,0.10070205479860306
2,1122,3951,0.11845633387565613
2,1123,3952,0.012570980004966259
2,1124,3953,0.17367009818553925
2,1125,3954,0.004390783607959747
2,1126,3955,0.011729004792869091
2,1127,3956,0.1895025223493576
2,1128,3957,0.1748034805059433
2,1129,3958,0.14249196648597717
2,1130,3959,0.1464555263519287
2,1131,3960,0.13359028100967407
2,1132,3961,0.11087734252214432
2,1133,3962,0.15478254854679108
2,1134,3963,0.090606190264225
2,1135,3964,0.1382298469543457
2,1136,3965,0.13352856040000916
2,1137,3966,0.166367769241333
2,1138,3967,0.0949234813451767
2,1139,3968,0.12520697712898254
2,1140,3969,0.11597318947315216
2,1141,3970,0.07507743686437607
2,1142,3971,0.02429647371172905
2,1143,3972,0.12961804866790771
2,1144,3973,0.03420703485608101
2,1145,3974,0.05624403804540634
2,1146,3975,0.12898661196231842
2,1147,3976,0.05305755138397217
2,1148,3977,0.087797150015831
2,1149,3978,0.15619349479675293
2,1150,3979,0.04576478898525238
2,1151,3980,0.10722975432872772
2,1152,3981,0.10224218666553497
2,1153,3982,0.10316256433725357
2,1154,3983,0.050409916788339615
2,1155,3984,0.045049961656332016
2,1156,3985,0.2067994624376297
2,1157,3986,0.0725189745426178
2,1158,3987,0.16710233688354492
2,1159,3988,0.0768355131149292
2,1160,3989,0.022443100810050964
2,1161,3990,0.14142760634422302
2,1162,3991,0.12627829611301422
2,1163,3992,0.06964284926652908
2,1164,3993,0.033698126673698425
2,1165,3994,0.10926244407892227
2,1166,3995,0.019300108775496483
2,1167,3996,0.09794868528842926
2,1168,3997,0.04017743840813637
2,1169,3998,0.07875639945268631
2,1170,3999,0.12638793885707855
2,1171,4000,0.1386309415102005
2,1172,4001,0.11763044446706772
2,1173,4002,0.06670829653739929
2,1174,4003,0.22967220842838287
2,1175,4004,0.12106135487556458
2,1176,4005,0.14314004778862
2,1177,4006,0.14351336658000946
2,1178,4007,0.1542564183473587
2,1179,4008,0.12542054057121277
2,1180,4009,0.08600037544965744
2,1181,4010,0.047416914254426956
2,1182,4011,0.20183134078979492
2,1183,4012,0.03293411433696747
2,1184,4013,0.15814101696014404
2,1185,4014,0.07776829600334167
2,1186,4015,0.16673977673053741
2,1187,4016,0.08762139081954956
2,1188,4017,0.12793469429016113
2,1189,4018,0.13198766112327576
2,1190,4019,0.08664894849061966
2,1191,4020,0.15455569326877594
2,1192,4021,0.055999692529439926
2,1193,4022,0.07238644361495972
2,1194,4023,0.1993599832057953
2,1195,4024,0.11367115378379822
2,1196,4025,0.00388298649340868
2,1197,4026,0.07871177792549133
2,1198,4027,0.13443595170974731
2,1199,4028,0.1531565934419632
2,1200,4029,0.15343642234802246
2,1201,4030,0.12852825224399567
2,1202,4031,0.2013770490884781
2,1203,4032,0.005597824230790138
2,1204,4033,0.12466789036989212
2,1205,4034,0.1689099669456482
2,1206,4035,0.08686098456382751
2,1207,4036,0.03492289409041405
2,1208,4037,0.06033987179398537
2,1209,4038,0.16992849111557007
2,1210,4039,0.153217151761055
2,1211,4040,0.24606475234031677
2,1212,4041,0.06733934581279755
2,1213,4042,0.19237618148326874
2,1214,4043,0.17727486789226532
2,1215,4044,0.18675939738750458
2,1216,4045,0.07175986468791962
2,1217,4046,0.13915236294269562
2,1218,4047,0.14588233828544617
2,1219,4048,0.15173467993736267
2,1220,4049,0.016861237585544586
2,1221,4050,0.10475578904151917
2,1222,4051,0.12261341512203217
2,1223,4052,0.09039924293756485
2,1224,4053,0.024852128699421883
2,1225,4054,0.072777658700943
2,1226,4055,0.14477024972438812
2,1227,4056,0.29981687664985657
2,1228,4057,0.13121925294399261
2,1229,4058,0.03765325993299484
2,1230,4059,0.04888283088803291
2,1231,4060,0.11619052290916443
2,1232,4061,0.0999661460518837
2,1233,4062,0.05744388327002525
2,1234,4063,0.06287070363759995
2,1235,4064,0.11115213483572006
2,1236,4065,0.0886392891407013
2,1237,4066,0.13500390946865082
2,1238,4067,0.074063241481781
2,1239,4068,0.14353492856025696
2,1240,4069,0.20534877479076385
2,1241,4070,0.11123068630695343
2,1242,4071,0.1981203556060791
2,1243,4072,0.08354312926530838
2,1244,4073,0.1303158402442932
2,1245,4074,0.06966488808393478
2,1246,4075,0.023106496781110764
2,1247,4076,0.08949310332536697
2,1248,4077,0.10836083441972733
2,1249,4078,0.04428190365433693
2,1250,4079,0.10197323560714722
2,1251,4080,0.04531112685799599
2,1252,4081,0.008409138768911362
2,1253,4082,0.08787894248962402
2,1254,4083,0.024841835722327232
2,1255,4084,0.09953911602497101
2,1256,4085,0.06849793344736099
2,1257,4086,0.1474381685256958
2,1258,4087,0.13791072368621826
2,1259,4088,0.10367283970117569
2,1260,4089,0.06131378561258316
2,1261,4090,0.09643684327602386
2,1262,4091,0.13117839395999908
2,1263,4092,0.09179598093032837
2,1264,4093,0.0369294136762619
2,1265,4094,0.1255330741405487
2,1266,4095,0.05710712820291519
2,1267,4096,0.08307452499866486
2,1268,4097,0.09651428461074829
2,1269,4098,0.041552212089300156
2,1270,4099,0.13863208889961243
2,1271,4100,0.1380736529827118
2,1272,4101,0.3274078667163849
2,1273,4102,0.12648779153823853
2,1274,4103,0.1879248470067978
2,1275,4104,0.10051194578409195
2,1276,4105,0.023200536146759987
2,1277,4106,0.11410662531852722
2,1278,4107,0.10474604368209839
2,1279,4108,0.14958354830741882
2,1280,4109,0.05457510054111481
2,1281,4110,0.09515491873025894
2,1282,4111,0.17767752707004547
2,1283,4112,0.005146421492099762
2,1284,4113,0.09344891458749771
2,1285,4114,0.14386363327503204
2,1286,4115,0.19406646490097046
2,1287,4116,0.015442118048667908
2,1288,4117,0.07828549295663834
2,1289,4118,0.13628293573856354
2,1290,4119,0.07709545642137527
2,1291,4120,0.00859227403998375
2,1292,4121,0.19033780694007874
2,1293,4122,0.0849645659327507
2,1294,4123,0.09431926906108856
2,1295,4124,0.08853792399168015
2,1296,4125,0.06666497886180878
2,1297,4126,0.05232156068086624
2,1298,4127,0.1390811800956726
2,1299,4128,0.04624084383249283
2,1300,4129,0.04585981369018555
2,1301,4130,0.08617205172777176
2,1302,4131,0.057863395661115646
2,1303,4132,0.018539560958743095
2,1304,4133,0.003696457715705037
2,1305,4134,0.1463242769241333
2,1306,4135,0.06952469050884247
2,1307,4136,0.06871815025806427
2,1308,4137,0.19151248037815094
2,1309,4138,0.07505866885185242
2,1310,4139,0.16318674385547638
2,1311,4140,0.07152414321899414
2,1312,4141,0.12226808816194534
2,1313,4142,0.06362825632095337
2,1314,4143,0.0028918790630996227
2,1315,4144,0.1070631667971611
2,1316,4145,0.14794260263442993
2,1317,4146,0.09243833273649216
2,1318,4147,0.09475598484277725
2,1319,4148,0.07796663045883179
2,1320,4149,0.18370424211025238
2,1321,4150,0.30620571970939636
2,1322,4151,0.17578580975532532
2,1323,4152,0.12003058940172195
2,1324,4153,0.0654783844947815
2,1325,4154,0.19407305121421814
2,1326,4155,0.08728444576263428
2,1327,4156,0.2927447557449341
2,1328,4157,0.17027223110198975
2,1329,4158,0.07794133573770523
2,1330,4159,0.08020932227373123
2,1331,4160,0.1642141491174698
2,1332,4161,0.14803175628185272
2,1333,4162,0.14054527878761292
2,1334,4163,0.14982402324676514
2,1335,4164,0.2050149291753769
2,1336,4165,0.08735672384500504
2,1337,4166,0.0903988778591156
2,1338,4167,0.13015340268611908
2,1339,4168,0.14545020461082458
2,1340,4169,0.16526053845882416
2,1341,4170,0.11494140326976776
2,1342,4171,0.1295625865459442
2,1343,4172,0.07603345811367035
2,1344,4173,0.1390380710363388
2,1345,4174,0.14420464634895325
2,1346,4175,0.05292822793126106
2,1347,4176,0.10228337347507477
2,1348,4177,0.08537779003381729
2,1349,4178,0.15530729293823242
2,1350,4179,0.0882684513926506
2,1351,4180,0.14194387197494507
2,1352,4181,0.043040234595537186
2,1353,4182,0.13366727530956268
2,1354,4183,0.04947071149945259
2,1355,4184,0.1617550402879715
2,1356,4185,0.17480047047138214
2,1357,4186,0.23684066534042358
2,1358,4187,0.08500022441148758
2,1359,4188,0.026716990396380424
2,1360,4189,0.1428874284029007
2,1361,4190,0.020954877138137817
2,1362,4191,0.03563801944255829
2,1363,4192,0.021445663645863533
2,1364,4193,0.10714568942785263
2,1365,4194,0.06353882700204849
2,1366,4195,0.18740791082382202
2,1367,4196,0.10254355520009995
2,1368,4197,0.07741466164588928
2,1369,4198,0.06887348741292953
2,1370,4199,0.11581014096736908
2,1371,4200,0.23796513676643372
2,1372,4201,0.08467930555343628
2,1373,4202,0.12951971590518951
2,1374,4203,0.11299827694892883
2,1375,4204,0.18942397832870483
2,1376,4205,0.08201617002487183
2,1377,4206,0.05059128627181053
2,1378,4207,0.09723833203315735
2,1379,4208,0.05319352447986603
2,1380,4209,0.09342381358146667
2,1381,4210,0.0589623786509037
2,1382,4211,0.034095484763383865
2,1383,4212,0.11927983164787292
2,1384,4213,0.14647294580936432
2,1385,4214,0.1379399448633194
2,1386,4215,0.08213295042514801
2,1387,4216,0.08615407347679138
2,1388,4217,0.12792952358722687
2,1389,4218,0.15440386533737183
2,1390,4219,0.040570635348558426
2,1391,4220,0.08219429105520248
2,1392,4221,0.11963153630495071
2,1393,4222,0.1406075805425644
2,1394,4223,0.0024106951896101236
2,1395,4224,0.1036219596862793
2,1396,4225,0.12831738591194153
2,1397,4226,0.10533037036657333
2,1398,4227,0.10057178884744644
2,1399,4228,0.14050385355949402
2,1400,4229,0.17937953770160675
2,1401,4230,0.07897982746362686
2,1402,4231,0.1213519498705864
2,1403,4232,0.1133575290441513
2,1404,4233,0.12961024045944214
2,1405,4234,0.007320402655750513
2,1406,4235,0.184962660074234
2,1407,4236,0.24919137358665466
2,1408,4237,0.06594886630773544
2,1409,4238,0.20335187017917633
2,1410,4239,0.14355678856372833
2,1411,4240,0.13498468697071075
2,1412,4241,0.0791473388671875
2,1413,4242,0.12059974670410156
2,1414,4243,0.13512614369392395
2,1415,4244,0.06779580563306808
3,1,4245,0.0023534244392067194
3,2,4246,0.06936846673488617
3,3,4247,0.08970243483781815
3,4,4248,0.11630303412675858
3,5,4249,0.10764849931001663
3,6,4250,0.13141050934791565
3,7,4251,0.11471031606197357
3,8,4252,0.19088830053806305
3,9,4253,0.2790772020816803
3,10,4254,0.0778292715549469
3,11,4255,0.08150096237659454
3,12,4256,0.11000267416238785
3,13,4257,0.14592649042606354
3,14,4258,0.06476923823356628
3,15,4259,0.09375075995922089
3,16,4260,0.16281361877918243
3,17,4261,0.14302468299865723
3,18,4262,0.16390597820281982
3,19,4263,0.09310285747051239
3,20,4264,0.06837521493434906
3,21,4265,0.07531131058931351
3,22,4266,0.11089669913053513
3,23,4267,0.1335526555776596
3,24,4268,0.10787921398878098
3,25,4269,0.057757265865802765
3,26,4270,0.026025794446468353
3,27,4271,0.08810903877019882
3,28,4272,0.05739208683371544
3,29,4273,0.11717916280031204
3,30,4274,0.1094398945569992
3,31,4275,0.15118847787380219
3,32,4276,0.047175269573926926
3,33,4277,0.12283068150281906
3,34,4278,0.12069930881261826
3,35,4279,0.11157796531915665
3,36,4280,0.125270813703537
3,37,4281,0.07695995271205902
3,38,4282,0.05520893633365631
3,39,4283,0.08610114455223083
3,40,4284,0.169611856341362
3,41,4285,0.03621631860733032
3,42,4286,0.026611676439642906
3,43,4287,0.18428704142570496
3,44,4288,0.1128450483083725
3,45,4289,0.17493483424186707
3,46,4290,0.13813170790672302
3,47,4291,0.16165685653686523
3,48,4292,0.05101047083735466
3,49,4293,0.14309749007225037
3,50,4294,0.07589033246040344
3,51,4295,0.24483998119831085
3,52,4296,0.026909375563263893
3,53,4297,0.07363071292638779
3,54,4298,0.09398167580366135
3,55,4299,0.25183388590812683
3,56,4300,0.11485159397125244
3,57,4301,0.054674968123435974
3,58,4302,0.04387491196393967
3,59,4303,0.032739490270614624
3,60,4304,0.12406722456216812
3,61,4305,0.09753407537937164
3,62,4306,0.171039879322052
3,63,4307,0.11795405298471451
3,64,4308,0.11394857615232468
3,65,4309,0.06975702941417694
3,66,4310,0.055940430611371994
3,67,4311,0.14966236054897308
3,68,4312,0.12025992572307587
3,69,4313,0.20721805095672607
3,70,4314,0.09196986258029938
3,71,4315,0.07690408080816269
3,72,4316,0.05061710625886917
3,73,4317,0.10523231327533722
3,74,4318,0.13602925837039948
3,75,4319,0.16038857400417328
3,76,4320,0.05842002108693123
3,77,4321,0.03365471586585045
3,78,4322,0.08367083966732025
3,79,4323,0.09024031460285187
3,80,4324,0.02975711226463318
3,81,4325,0.11342104524374008
3,82,4326,0.10161258280277252
3,83,4327,0.13426551222801208
3,84,4328,0.03948347643017769
3,85,4329,0.07361731678247452
3,86,4330,0.07180973887443542
3,87,4331,0.1268259882926941
3,88,4332,0.07056663185358047
3,89,4333,0.11497925221920013
3,90,4334,0.12329466640949249
3,91,4335,0.028202520683407784
3,92,4336,0.046006251126527786
3,93,4337,0.03776489570736885
3,94,4338,0.0023156171664595604
3,95,4339,0.21902406215667725
3,96,4340,0.08945593237876892
3,97,4341,0.07667143642902374
3,98,4342,0.10661648213863373
3,99,4343,0.10853571444749832
3,100,4344,0.10890799015760422
3,101,4345,0.08401717990636826
3,102,4346,0.035998307168483734
3,103,4347,0.09381332993507385
3,104,4348,0.003780958242714405
3,105,4349,0.18431498110294342
3,106,4350,0.08807777613401413
3,107,4351,0.11719605326652527
3,108,4352,0.10731618851423264
3,109,4353,0.06553695350885391
3,110,4354,0.09093132615089417
3,111,4355,0.08102026581764221
3,112,4356,0.09828300774097443
3,113,4357,0.037552766501903534
3,114,4358,0.08084245026111603
3,115,4359,0.15542469918727875
3,116,4360,0.10650550574064255
3,117,4361,0.22502945363521576
3,118,4362,0.20786762237548828
3,119,4363,0.04933992028236389
3,120,4364,0.05908181518316269
3,121,4365,0.24376165866851807
3,122,4366,0.13199083507061005
3,123,4367,0.2444794923067093
3,124,4368,0.10455888509750366
3,125,4369,0.10011621564626694
3,126,4370,0.1367676854133606
3,127,4371,0.10812478512525558
3,128,4372,0.09457238763570786
3,129,4373,0.1724241077899933
3,130,4374,0.1199721097946167
3,131,4375,0.10382744669914246
3,132,4376,0.09676056355237961
3,133,4377,0.0702630877494812
3,134,4378,0.15599754452705383
3,135,4379,0.053015608340501785
3,136,4380,0.07839927822351456
3,137,4381,0.27254951000213623
3,138,4382,0.12292972952127457
3,139,4383,0.23621465265750885
3,140,4384,0.06518344581127167
3,141,4385,0.13587750494480133
3,142,4386,0.04779153689742088
3,143,4387,0.1146564707159996
3,144,4388,0.1075737252831459
3,145,4389,0.18434056639671326
3,146,4390,0.13818709552288055
3,147,4391,0.059856586158275604
3,148,4392,0.0847049131989479
3,149,4393,0.07290218770503998
3,150,4394,0.1115279570221901
3,151,4395,0.13105419278144836
3,152,4396,0.14272940158843994
3,153,4397,0.06909483671188354
3,154,4398,0.06719149649143219
3,155,4399,0.03931219503283501
3,156,4400,0.11002327501773834
3,157,4401,0.21488997340202332
3,158,4402,0.154766246676445
3,159,4403,0.11620023101568222
3,160,4404,0.12148856371641159
3,161,4405,0.07111677527427673
3,162,4406,0.042752694338560104
3,163,4407,0.06119735166430473
3,164,4408,0.15783660113811493
3,165,4409,0.04383603855967522
3,166,4410,0.14696133136749268
3,167,4411,0.16838541626930237
3,168,4412,0.14143629372119904
3,169,4413,0.02452530898153782
3,170,4414,0.07679662853479385
3,171,4415,0.11948192119598389
3,172,4416,0.0651242733001709
3,173,4417,0.0842963457107544
3,174,4418,0.04771372303366661
3,175,4419,0.09179089963436127
3,176,4420,0.08588201552629471
3,177,4421,0.09261215478181839
3,178,4422,0.1521272361278534
3,179,4423,0.16883863508701324
3,180,4424,0.06501565128564835
3,181,4425,0.09677842259407043
3,182,4426,0.16277958452701569
3,183,4427,0.1790187507867813
3,184,4428,0.08188622444868088
3,185,4429,0.061084531247615814
3,186,4430,0.1282171756029129
3,187,4431,0.08010221272706985
3,188,4432,0.08797790855169296
3,189,4433,0.03177167847752571
3,190,4434,0.13987798988819122
3,191,4435,0.1558675616979599
3,192,4436,0.14988034963607788
3,193,4437,0.07303427159786224
3,194,4438,0.0965820848941803
3,195,4439,0.14898474514484406
3,196,4440,0.10846944898366928
3,197,4441,0.1495877504348755
3,198,4442,0.10035143047571182
3,199,4443,0.06541489064693451
3,200,4444,0.11380844563245773
3,201,4445,0.07344678789377213
3,202,4446,0.10397655516862869
3,203,4447,0.05442299693822861
3,204,4448,0.06910181790590286
3,205,4449,0.10491329431533813
3,206,4450,0.00967585388571024
3,207,4451,0.1057039424777031
3,208,4452,0.11600629985332489
3,209,4453,0.1520771086215973
3,210,4454,0.2043909877538681
3,211,4455,0.06433621793985367
3,212,4456,0.1406812071800232
3,213,4457,0.11924685537815094
3,214,4458,0.18116652965545654
3,215,4459,0.060942042618989944
3,216,4460,0.10257741063833237
3,217,4461,0.018588470295071602
3,218,4462,0.11106143891811371
3,219,4463,0.1292598694562912
3,220,4464,0.08555141091346741
3,221,4465,0.12843210995197296
3,222,4466,0.04638867452740669
3,223,4467,0.1133483499288559
3,224,4468,0.03383786603808403
3,225,4469,0.1557123214006424
3,226,4470,0.10076694190502167
3,227,4471,0.22106905281543732
3,228,4472,0.07222188264131546
3,229,4473,0.08447244763374329
3,230,4474,0.11584575474262238
3,231,4475,0.10304686427116394
3,232,4476,0.08780445158481598
3,233,4477,0.24128781259059906
3,234,4478,0.14819534122943878
3,235,4479,0.03271317109465599
3,236,4480,0.09387395530939102
3,237,4481,0.08287763595581055
3,238,4482,0.2193286269903183
3,239,4483,0.12340138852596283
3,240,4484,0.12864266335964203
3,241,4485,0.05983453243970871
3,242,4486,0.10519913583993912
3,243,4487,0.014717512764036655
3,244,4488,0.10314928740262985
3,245,4489,0.09900996834039688
3,246,4490,0.12755776941776276
3,247,4491,0.10828201472759247
3,248,4492,0.1178758516907692
3,249,4493,0.07346609979867935
3,250,4494,0.10189420729875565
3,251,4495,0.07392069697380066
3,252,4496,0.12350163608789444
3,253,4497,0.14470572769641876
3,254,4498,0.15720722079277039
3,255,4499,0.14563530683517456
3,256,4500,0.07216567546129227
3,257,4501,0.04615845903754234
3,258,4502,0.17795243859291077
3,259,4503,0.07478949427604675
3,260,4504,0.05676085129380226
3,261,4505,0.018528345972299576
3,262,4506,0.13556179404258728
3,263,4507,0.13411502540111542
3,264,4508,0.15255461633205414
3,265,4509,0.037850361317396164
3,266,4510,0.06249341741204262
3,267,4511,0.036480024456977844
3,268,4512,0.1081635057926178
3,269,4513,0.04838790372014046
3,270,4514,0.1112978532910347
3,271,4515,0.11049149185419083
3,272,4516,0.1602107584476471
3,273,4517,0.07083865255117416
3,274,4518,0.07480402290821075
3,275,4519,0.10959555208683014
3,276,4520,0.018301235511898994
3,277,4521,0.06606025993824005
3,278,4522,0.09225253760814667
3,279,4523,0.0783691257238388
3,280,4524,0.1188061311841011
3,281,4525,0.11220580339431763
3,282,4526,0.13234853744506836
3,283,4527,0.016876040026545525
3,284,4528,0.03596585988998413
3,285,4529,0.08663120120763779
3,286,4530,0.09378393739461899
3,287,4531,0.15590418875217438
3,288,4532,0.06207815930247307
3,289,4533,0.09402710944414139
3,290,4534,0.1510528177022934
3,291,4535,0.08324483036994934
3,292,4536,0.171616792678833
3,293,4537,0.1259496808052063
3,294,4538,0.0731092244386673
3,295,4539,0.06745444238185883
3,296,4540,0.062122080475091934
3,297,4541,0.05092007666826248
3,298,4542,0.12257524579763412
3,299,4543,0.13158050179481506
3,300,4544,0.2454998791217804
3,301,4545,0.13760225474834442
3,302,4546,0.08762034773826599
3,303,4547,0.1125757247209549
3,304,4548,0.09318339824676514
3,305,4549,0.16255038976669312
3,306,4550,0.02497946098446846
3,307,4551,0.07421108335256577
3,308,4552,0.09526531398296356
3,309,4553,0.0700826570391655
3,310,4554,0.07698490470647812
3,311,4555,0.07034705579280853
3,312,4556,0.11274771392345428
3,313,4557,0.07364234328269958
3,314,4558,0.10274770855903625
3,315,4559,0.11650865525007248
3,316,4560,0.12946738302707672
3,317,4561,0.11186780035495758
3,318,4562,0.10461791604757309
3,319,4563,0.15541081130504608
3,320,4564,0.05865000560879707
3,321,4565,0.05543040856719017
3,322,4566,0.04289035499095917
3,323,4567,0.08745605498552322
3,324,4568,0.0814896896481514
3,325,4569,0.13182280957698822
3,326,4570,0.0726882815361023
3,327,4571,0.07705581188201904
3,328,4572,0.16853468120098114
3,329,4573,0.07864581048488617
3,330,4574,0.10612450540065765
3,331,4575,0.18749503791332245
3,332,4576,0.0566256009042263
3,333,4577,0.10422907024621964
3,334,4578,0.07590789347887039
3,335,4579,0.07235947251319885
3,336,4580,0.0877617821097374
3,337,4581,0.014787646941840649
3,338,4582,0.005928569007664919
3,339,4583,0.010219067335128784
3,340,4584,0.07682361453771591
3,341,4585,0.10235494375228882
3,342,4586,0.04363301768898964
3,343,4587,0.0720885619521141
3,344,4588,0.08742709457874298
3,345,4589,0.07105447351932526
3,346,4590,0.07558261603116989
3,347,4591,0.15586131811141968
3,348,4592,0.09727512300014496
3,349,4593,0.23915372788906097
3,350,4594,0.14652153849601746
3,351,4595,0.0690375417470932
3,352,4596,0.11482299119234085
3,353,4597,0.07162592560052872
3,354,4598,0.053714293986558914
3,355,4599,0.08770360052585602
3,356,4600,0.07562939077615738
3,357,4601,0.08267201483249664
3,358,4602,0.12922266125679016
3,359,4603,0.008721169084310532
3,360,4604,0.03644499182701111
3,361,4605,0.202779620885849
3,362,4606,0.03887370228767395
3,363,4607,0.04373188689351082
3,364,4608,0.07899103313684464
3,365,4609,0.06511104851961136
3,366,4610,0.14713692665100098
3,367,4611,0.06522764265537262
3,368,4612,0.08429285883903503
3,369,4613,0.15443949401378632
3,370,4614,0.09006787091493607
3,371,4615,0.21768087148666382
3,372,4616,0.0918969213962555
3,373,4617,0.06593162566423416
3,374,4618,0.010075506754219532
3,375,4619,0.138800248503685
3,376,4620,0.001971939578652382
3,377,4621,0.09705185145139694
3,378,4622,0.1309913694858551
3,379,4623,0.005416183266788721
3,380,4624,0.15513242781162262
3,381,4625,0.06484446674585342
3,382,4626,0.04682844132184982
3,383,4627,0.06853435188531876
3,384,4628,0.07307033240795135
3,385,4629,0.06899648159742355
3,386,4630,0.05799904465675354
3,387,4631,0.08899857103824615
3,388,4632,0.11827147006988525
3,389,4633,0.14488275349140167
3,390,4634,0.13093061745166779
3,391,4635,0.05766803026199341
3,392,4636,0.1464429497718811
3,393,4637,0.016671378165483475
3,394,4638,0.1517968773841858
3,395,4639,0.12328697741031647
3,396,4640,0.08366744965314865
3,397,4641,0.19941942393779755
3,398,4642,0.1534973680973053
3,399,4643,0.10188895463943481
3,400,4644,0.09435208141803741
3,401,4645,0.04805431142449379
3,402,4646,0.06498836725950241
3,403,4647,0.18661931157112122
3,404,4648,0.09268248826265335
3,405,4649,0.1519515961408615
3,406,4650,0.1036130040884018
3,407,4651,0.18068426847457886
3,408,4652,0.0825444683432579
3,409,4653,0.09189236164093018
3,410,4654,0.1071385070681572
3,411,4655,0.11937440186738968
3,412,4656,0.1629386991262436
3,413,4657,0.030822552740573883
3,414,4658,0.1302228718996048
3,415,4659,0.1841280609369278
3,416,4660,0.008861658163368702
3,417,4661,0.14072364568710327
3,418,4662,0.07494082301855087
3,419,4663,0.0863698199391365
3,420,4664,0.07598061859607697
3,421,4665,0.12725451588630676
3,422,4666,0.1664484143257141
3,423,4667,0.09833142906427383
3,424,4668,0.1522110104560852
3,425,4669,0.2386520355939865
3,426,4670,0.10648000240325928
3,427,4671,0.05333810672163963
3,428,4672,0.051091935485601425
3,429,4673,0.12548333406448364
3,430,4674,0.09840604662895203
3,431,4675,0.13210831582546234
3,432,4676,0.09553785622119904
3,433,4677,0.09672388434410095
3,434,4678,0.12497792392969131
3,435,4679,0.1363721489906311
3,436,4680,0.19169580936431885
3,437,4681,0.04114960506558418
3,438,4682,0.08554865419864655
3,439,4683,0.19138088822364807
3,440,4684,0.13086530566215515
3,441,4685,0.1480483114719391
3,442,4686,0.05611708387732506
3,443,4687,0.018837932497262955
3,444,4688,0.1004752591252327
3,445,4689,0.10620352625846863
3,446,4690,0.12795737385749817
3,447,4691,0.11123301088809967
3,448,4692,0.13576039671897888
3,449,4693,0.056793853640556335
3,450,4694,0.00356110162101686
3,451,4695,0.04465290158987045
3,452,4696,0.039079561829566956
3,453,4697,0.004862371366471052
3,454,4698,0.16789408028125763
3,455,4699,0.19160646200180054
3,456,4700,0.04514271020889282
3,457,4701,0.05222668871283531
3,458,4702,0.09963079541921616
3,459,4703,0.15855753421783447
3,460,4704,0.0495593398809433
3,461,4705,0.08025795221328735
3,462,4706,0.04913456737995148
3,463,4707,0.04117939993739128
3,464,4708,0.08162779361009598
3,465,4709,0.053852081298828125
3,466,4710,0.14444252848625183
3,467,4711,0.24504223465919495
3,468,4712,0.0322636254131794
3,469,4713,0.07824092358350754
3,470,4714,0.11404523253440857
3,471,4715,0.10447689890861511
3,472,4716,0.1124562993645668
3,473,4717,0.060506582260131836
3,474,4718,0.09485258162021637
3,475,4719,0.08681012690067291
3,476,4720,0.06396206468343735
3,477,4721,0.11833394318819046
3,478,4722,0.10523621737957001
3,479,4723,0.13689197599887848
3,480,4724,0.135851189494133
3,481,4725,0.09656170755624771
3,482,4726,0.056147538125514984
3,483,4727,0.19414934515953064
3,484,4728,0.09714847803115845
3,485,4729,0.022822387516498566
3,486,4730,0.07082230597734451
3,487,4731,0.08747978508472443
3,488,4732,0.11063728481531143
3,489,4733,0.1263396143913269
3,490,4734,0.13559266924858093
3,491,4735,0.11523281782865524
3,492,4736,0.07931040972471237
3,493,4737,0.07086203992366791
3,494,4738,0.0962231457233429
3,495,4739,0.04360713064670563
3,496,4740,0.034579433500766754
3,497,4741,0.09339311718940735
3,498,4742,0.030387019738554955
3,499,4743,0.16370227932929993
3,500,4744,0.055292073637247086
3,501,4745,0.11606872826814651
3,502,4746,0.22610655426979065
3,503,4747,0.03726019710302353
3,504,4748,0.05015493556857109
3,505,4749,0.051860906183719635
3,506,4750,0.07576953619718552
3,507,4751,0.06489115208387375
3,508,4752,0.15780365467071533
3,509,4753,0.20544405281543732
3,510,4754,0.05478202551603317
3,511,4755,0.10978200286626816
3,512,4756,0.13287858664989471
3,513,4757,0.010788803920149803
3,514,4758,0.0519549623131752
3,515,4759,0.09279873967170715
3,516,4760,0.04999016970396042
3,517,4761,0.103005051612854
3,518,4762,0.03193354234099388
3,519,4763,0.15568101406097412
3,520,4764,0.04887191206216812
3,521,4765,0.12001022696495056
3,522,4766,0.08492831140756607
3,523,4767,0.10808409005403519
3,524,4768,0.09076747298240662
3,525,4769,0.11843129247426987
3,526,4770,0.04616125673055649
3,527,4771,0.06588882952928543
3,528,4772,0.15046431124210358
3,529,4773,0.041996460407972336
3,530,4774,0.073996901512146
3,531,4775,0.10595640540122986
3,532,4776,0.10649973154067993
3,533,4777,0.19001993536949158
3,534,4778,0.10210461914539337
3,535,4779,0.10484451800584793
3,536,4780,0.13763029873371124
3,537,4781,0.10161320865154266
3,538,4782,0.13469040393829346
3,539,4783,0.09404527395963669
3,540,4784,0.04750433564186096
3,541,4785,0.17417992651462555
3,542,4786,0.060924939811229706
3,543,4787,0.11317713558673859
3,544,4788,0.1173190027475357
3,545,4789,0.042327627539634705
3,546,4790,0.08696547150611877
3,547,4791,0.051346201449632645
3,548,4792,0.14926867187023163
3,549,4793,0.04863948002457619
3,550,4794,0.03665141016244888
3,551,4795,0.04663572460412979
3,552,4796,0.20054800808429718
3,553,4797,0.08206450194120407
3,554,4798,0.0819065198302269
3,555,4799,0.039123695343732834
3,556,4800,0.12790310382843018
3,557,4801,0.05740197375416756
3,558,4802,0.08937638252973557
3,559,4803,0.11085730046033859
3,560,4804,0.09621039032936096
3,561,4805,0.10921277850866318
3,562,4806,0.08812198042869568
3,563,4807,0.03546740114688873
3,564,4808,0.11337149143218994
3,565,4809,0.09523864835500717
3,566,4810,0.13053354620933533
3,567,4811,0.048974618315696716
3,568,4812,0.06490837037563324
3,569,4813,0.044609859585762024
3,570,4814,0.03772318363189697
3,571,4815,0.08147158473730087
3,572,4816,0.06041355058550835
3,573,4817,0.06638513505458832
3,574,4818,0.045019980520009995
3,575,4819,0.08664041757583618
3,576,4820,0.050347305834293365
3,577,4821,0.05300448462367058
3,578,4822,0.1761588156223297
3,579,4823,0.09268069267272949
3,580,4824,0.11691836267709732
3,581,4825,0.0803317204117775
3,582,4826,0.03494011610746384
3,583,4827,0.04334872588515282
3,584,4828,0.16737280786037445
3,585,4829,0.1404096931219101
3,586,4830,0.11315440386533737
3,587,4831,0.007232055068016052
3,588,4832,0.15395180881023407
3,589,4833,0.11853513866662979
3,590,4834,0.1765723079442978
3,591,4835,0.04143759608268738
3,592,4836,0.024470366537570953
3,593,4837,0.07819720357656479
3,594,4838,0.08227614313364029
3,595,4839,0.052814781665802
3,596,4840,0.07299773395061493
3,597,4841,0.11642462760210037
3,598,4842,0.10205820202827454
3,599,4843,0.11090777814388275
3,600,4844,0.17682665586471558
3,601,4845,0.10286559164524078
3,602,4846,0.11279648542404175
3,603,4847,0.09524285793304443
3,604,4848,0.17983317375183105
3,605,4849,0.1311914324760437
3,606,4850,0.06234234943985939
3,607,4851,0.02474902756512165
3,608,4852,0.05238359794020653
3,609,4853,0.16140466928482056
3,610,4854,0.04425261914730072
3,611,4855,0.15491750836372375
3,612,4856,0.19242040812969208
3,613,4857,0.011990372091531754
3,614,4858,0.06445169448852539
3,615,4859,0.04536981135606766
3,616,4860,0.08676119148731232
3,617,4861,0.13522249460220337
3,618,4862,0.14159521460533142
3,619,4863,0.1138453409075737
3,620,4864,0.026370035484433174
3,621,4865,0.12114497274160385
3,622,4866,0.0708920955657959
3,623,4867,0.0288015678524971
3,624,4868,0.05656445026397705
3,625,4869,0.017873970791697502
3,626,4870,0.1130891740322113
3,627,4871,0.11495841294527054
3,628,4872,0.17706184089183807
3,629,4873,0.030284985899925232
3,630,4874,0.0410086028277874
3,631,4875,0.07631102949380875
3,632,4876,0.12147372961044312
3,633,4877,0.0847528725862503
3,634,4878,0.04583876579999924
3,635,4879,0.06758999824523926
3,636,4880,0.12693487107753754
3,637,4881,0.1603909134864807
3,638,4882,0.07895364612340927
3,639,4883,0.0192596223205328
3,640,4884,0.18120627105236053
3,641,4885,0.0929291769862175
3,642,4886,0.08307792991399765
3,643,4887,0.12292800098657608
3,644,4888,0.1307617723941803
3,645,4889,0.15303070843219757
3,646,4890,0.14666210114955902
3,647,4891,0.0624285452067852
3,648,4892,0.03531821072101593
3,649,4893,0.19269737601280212
3,650,4894,0.0813138484954834
3,651,4895,0.07832584530115128
3,652,4896,0.14998164772987366
3,653,4897,0.04052184149622917
3,654,4898,0.0956171378493309
3,655,4899,0.09597614407539368
3,656,4900,0.06978558003902435
3,657,4901,0.1941225230693817
3,658,4902,0.16790127754211426
3,659,4903,0.07259254902601242
3,660,4904,0.06712746620178223
3,661,4905,0.05942900478839874
3,662,4906,0.04560233652591705
3,663,4907,0.04301062598824501
3,664,4908,0.1620185822248459
3,665,4909,0.14091041684150696
3,666,4910,0.07982838898897171
3,667,4911,0.07375997304916382
3,668,4912,0.08660515397787094
3,669,4913,0.006035835016518831
3,670,4914,0.09941349923610687
3,671,4915,0.0549837127327919
3,672,4916,0.003230602480471134
3,673,4917,0.10859159380197525
3,674,4918,0.23956607282161713
3,675,4919,0.16169661283493042
3,676,4920,0.17417725920677185
3,677,4921,0.10261770337820053
3,678,4922,0.07955609261989594
3,679,4923,0.14757557213306427
3,680,4924,0.09344592690467834
3,681,4925,0.06512125581502914
3,682,4926,0.09363733977079391
3,683,4927,0.12829284369945526
3,684,4928,0.07449899613857269
3,685,4929,0.17866958677768707
3,686,4930,0.12566223740577698
3,687,4931,0.04523228108882904
3,688,4932,0.09194108843803406
3,689,4933,0.12132807821035385
3,690,4934,0.038593653589487076
3,691,4935,0.09354033321142197
3,692,4936,0.0687737986445427
3,693,4937,0.01187883224338293
3,694,4938,0.053387027233839035
3,695,4939,0.09440165758132935
3,696,4940,0.0755392536520958
3,697,4941,0.1493401974439621
3,698,4942,0.014496210031211376
3,699,4943,0.09013165533542633
3,700,4944,0.11448466032743454
3,701,4945,0.1349441558122635
3,702,4946,0.16425475478172302
3,703,4947,0.03165730834007263
3,704,4948,0.0768551379442215
3,705,4949,0.09542864561080933
3,706,4950,0.06679729372262955
3,707,4951,0.10105941444635391
3,708,4952,0.13041804730892181
3,709,4953,0.02843513712286949
3,710,4954,0.003594482084736228
3,711,4955,0.04209574684500694
3,712,4956,0.12408289313316345
3,713,4957,0.26915907859802246
3,714,4958,0.1554604470729828
3,715,4959,0.10098762810230255
3,716,4960,0.07140631973743439
3,717,4961,0.04104607552289963
3,718,4962,0.124950110912323
3,719,4963,0.06778189539909363
3,720,4964,0.050876766443252563
3,721,4965,0.11161062121391296
3,722,4966,0.017730608582496643
3,723,4967,0.07947126030921936
3,724,4968,0.09540121257305145
3,725,4969,0.05428263917565346
3,726,4970,0.10625540465116501
3,727,4971,0.13538800179958344
3,728,4972,0.1399102509021759
3,729,4973,0.055243682116270065
3,730,4974,0.03851708397269249
3,731,4975,0.15101733803749084
3,732,4976,0.12729014456272125
3,733,4977,0.06520641595125198
3,734,4978,0.07941044867038727
3,735,4979,0.08012954890727997
3,736,4980,0.024850640445947647
3,737,4981,0.0635172575712204
3,738,4982,0.11456592381000519
3,739,4983,0.08802963048219681
3,740,4984,0.1336052268743515
3,741,4985,0.1725531369447708
3,742,4986,0.08612586557865143
3,743,4987,0.059110965579748154
3,744,4988,0.14885574579238892
3,745,4989,0.04355699568986893
3,746,4990,0.05520429462194443
3,747,4991,0.04959159716963768
3,748,4992,0.07420216500759125
3,749,4993,0.052904605865478516
3,750,4994,0.06490594893693924
3,751,4995,0.06633441150188446
3,752,4996,0.0903705358505249
3,753,4997,0.06993984431028366
3,754,4998,0.03295382484793663
3,755,4999,0.05958939343690872
3,756,5000,0.11299832165241241
3,757,5001,0.002607103204354644
3,758,5002,0.12770938873291016
3,759,5003,0.18943794071674347
3,760,5004,0.1602899134159088
3,761,5005,0.04158870875835419
3,762,5006,0.025994792580604553
3,763,5007,0.06538079679012299
3,764,5008,0.08345142751932144
3,765,5009,0.03767376393079758
3,766,5010,0.12144731730222702
3,767,5011,0.02513042651116848
3,768,5012,0.09527181833982468
3,769,5013,0.25311279296875
3,770,5014,0.04619225114583969
3,771,5015,0.09569551795721054
3,772,5016,0.04660087451338768
3,773,5017,0.07165903598070145
3,774,5018,0.12291322648525238
3,775,5019,0.06877727806568146
3,776,5020,0.08248788863420486
3,777,5021,0.1210942268371582
3,778,5022,0.033674344420433044
3,779,5023,0.14416386187076569
3,780,5024,0.08403322845697403
3,781,5025,0.12777665257453918
3,782,5026,0.09130783379077911
3,783,5027,0.08381965011358261
3,784,5028,0.11501908302307129
3,785,5029,0.08165929466485977
3,786,5030,0.05432781204581261
3,787,5031,0.14390048384666443
3,788,5032,0.1776345670223236
3,789,5033,0.14065510034561157
3,790,5034,0.00884404219686985
3,791,5035,0.0754317119717598
3,792,5036,0.1510952115058899
3,793,5037,0.07473784685134888
3,794,5038,0.027567368000745773
3,795,5039,0.11111688613891602
3,796,5040,0.14852342009544373
3,797,5041,0.08573280274868011
3,798,5042,0.10153486579656601
3,799,5043,0.09549325704574585
3,800,5044,0.13268084824085236
3,801,5045,0.06918162852525711
3,802,5046,0.1009756475687027
3,803,5047,0.01717853546142578
3,804,5048,0.02921893820166588
3,805,5049,0.060166336596012115
3,806,5050,0.1549113541841507
3,807,5051,0.1619923859834671
3,808,5052,0.10771135985851288
3,809,5053,0.05449339374899864
3,810,5054,0.10682537406682968
3,811,5055,0.12519705295562744
3,812,5056,0.07109762728214264
3,813,5057,0.05874620005488396
3,814,5058,0.033055081963539124
3,815,5059,0.08990643173456192
3,816,5060,0.17166593670845032
3,817,5061,0.19385607540607452
3,818,5062,0.05263376235961914
3,819,5063,0.09922133386135101
3,820,5064,0.11906490474939346
3,821,5065,0.08088944107294083
3,822,5066,0.05575132369995117
3,823,5067,0.06893742829561234
3,824,5068,0.13047227263450623
3,825,5069,0.12067354470491409
3,826,5070,0.10352986305952072
3,827,5071,0.09428879618644714
3,828,5072,0.13809531927108765
3,829,5073,0.1337067037820816
3,830,5074,0.06346425414085388
3,831,5075,0.03947243466973305
3,832,5076,0.18863774836063385
3,833,5077,0.10820391774177551
3,834,5078,0.14467203617095947
3,835,5079,0.12697598338127136
3,836,5080,0.0750383734703064
3,837,5081,0.1084817424416542
3,838,5082,0.0408681258559227
3,839,5083,0.18678462505340576
3,840,5084,0.05067972466349602
3,841,5085,0.0566825345158577
3,842,5086,0.15233604609966278
3,843,5087,0.06406082957983017
3,844,5088,0.05209314450621605
3,845,5089,0.08079760521650314
3,846,5090,0.09703417122364044
3,847,5091,0.155135840177536
3,848,5092,0.006008505821228027
3,849,5093,0.06858843564987183
3,850,5094,0.08058606088161469
3,851,5095,0.005430633667856455
3,852,5096,0.08556123077869415
3,853,5097,0.05928124114871025
3,854,5098,0.0800739973783493
3,855,5099,0.05283456668257713
3,856,5100,0.1426025778055191
3,857,5101,0.07450703531503677
3,858,5102,0.055613964796066284
3,859,5103,0.026938870549201965
3,860,5104,0.12053394317626953
3,861,5105,0.07525867968797684
3,862,5106,0.16962173581123352
3,863,5107,0.02636679634451866
3,864,5108,0.1586463749408722
3,865,5109,0.09800318628549576
3,866,5110,0.14357809722423553
3,867,5111,0.11249992251396179
3,868,5112,0.08323463052511215
3,869,5113,0.21643111109733582
3,870,5114,0.139500230550766
3,871,5115,0.08598742634057999
3,872,5116,0.16244593262672424
3,873,5117,0.07962926477193832
3,874,5118,0.11875532567501068
3,875,5119,0.06602060794830322
3,876,5120,0.09940611571073532
3,877,5121,0.18353717029094696
3,878,5122,0.023730849847197533
3,879,5123,0.06353150308132172
3,880,5124,0.11593060195446014
3,881,5125,0.06501730531454086
3,882,5126,0.0023425582330673933
3,883,5127,0.16903042793273926
3,884,5128,0.031721193343400955
3,885,5129,0.02850992977619171
3,886,5130,0.12944936752319336
3,887,5131,0.13998961448669434
3,888,5132,0.14442871510982513
3,889,5133,0.2341039478778839
3,890,5134,0.08773147314786911
3,891,5135,0.06087552756071091
3,892,5136,0.09222619980573654
3,893,5137,0.15211719274520874
3,894,5138,0.07354212552309036
3,895,5139,0.04024375230073929
3,896,5140,0.06118083372712135
3,897,5141,0.19647562503814697
3,898,5142,0.09271977096796036
3,899,5143,0.1341898888349533
3,900,5144,0.12585009634494781
3,901,5145,0.09496206045150757
3,902,5146,0.05991297587752342
3,903,5147,0.1250951737165451
3,904,5148,0.09814994782209396
3,905,5149,0.02993760071694851
3,906,5150,0.05720509961247444
3,907,5151,0.08806055039167404
3,908,5152,0.06678014248609543
3,909,5153,0.07372947782278061
3,910,5154,0.09698760509490967
3,911,5155,0.07193146646022797
3,912,5156,0.07161416858434677
3,913,5157,0.09450875967741013
3,914,5158,0.007742397021502256
3,915,5159,0.11123918741941452
3,916,5160,0.11030852049589157
3,917,5161,0.1470710039138794
3,918,5162,0.07463735342025757
3,919,5163,0.06423786282539368
3,920,5164,0.11695458739995956
3,921,5165,0.06247479096055031
3,922,5166,0.07971009612083435
3,923,5167,0.08391552418470383
3,924,5168,0.11123086512088776
3,925,5169,0.011619294993579388
3,926,5170,0.08014125376939774
3,927,5171,0.18805518746376038
3,928,5172,0.08362221717834473
3,929,5173,0.1454395353794098
3,930,5174,0.039468392729759216
3,931,5175,0.12484225630760193
3,932,5176,0.13586437702178955
3,933,5177,0.11280360072851181
3,934,5178,0.10985106974840164
3,935,5179,0.10109870880842209
3,936,5180,0.20068441331386566
3,937,5181,0.1947883665561676
3,938,5182,0.1697731465101242
3,939,5183,0.09756152331829071
3,940,5184,0.17680002748966217
3,941,5185,0.10794337838888168
3,942,5186,0.10984018445014954
3,943,5187,0.20446991920471191
3,944,5188,0.05347904562950134
3,945,5189,0.061088647693395615
3,946,5190,0.07248289883136749
3,947,5191,0.13540971279144287
3,948,5192,0.09201188385486603
3,949,5193,0.12381142377853394
3,950,5194,0.11084650456905365
3,951,5195,0.06296920776367188
3,952,5196,0.05043715611100197
3,953,5197,0.08302139490842819
3,954,5198,0.07164212316274643
3,955,5199,0.05765882879495621
3,956,5200,0.007571898866444826
3,957,5201,0.03976576030254364
3,958,5202,0.0670207142829895
3,959,5203,0.15143941342830658
3,960,5204,0.06456240266561508
3,961,5205,0.031143968924880028
3,962,5206,0.12397640198469162
3,963,5207,0.07761943340301514
3,964,5208,0.15229755640029907
3,965,5209,0.10924353450536728
3,966,5210,0.0802992731332779
3,967,5211,0.13778409361839294
3,968,5212,0.07157926261425018
3,969,5213,0.08154316246509552
3,970,5214,0.1899518072605133
3,971,5215,0.09172432124614716
3,972,5216,0.06069903075695038
3,973,5217,0.1129159927368164
3,974,5218,0.06506039202213287
3,975,5219,0.021133018657565117
3,976,5220,0.13628122210502625
3,977,5221,0.07311834394931793
3,978,5222,0.043248794972896576
3,979,5223,0.13043485581874847
3,980,5224,0.016855422407388687
3,981,5225,0.12275505065917969
3,982,5226,0.06897632777690887
3,983,5227,0.08703809976577759
3,984,5228,0.06516224145889282
3,985,5229,0.09629417955875397
3,986,5230,0.09287241846323013
3,987,5231,0.09322120994329453
3,988,5232,0.04754127562046051
3,989,5233,0.07624447345733643
3,990,5234,0.04933682829141617
3,991,5235,0.04077395796775818
3,992,5236,0.05172507464885712
3,993,5237,0.12037410587072372
3,994,5238,0.09296908229589462
3,995,5239,0.0052011567167937756
3,996,5240,0.0903201475739479
3,997,5241,0.10877657681703568
3,998,5242,0.10662861913442612
3,999,5243,0.08260497450828552
3,1000,5244,0.14011359214782715
3,1001,5245,0.11889125406742096
3,1002,5246,0.03732946887612343
3,1003,5247,0.1135830506682396
3,1004,5248,0.09933151304721832
3,1005,5249,0.0496828593313694
3,1006,5250,0.02972644940018654
3,1007,5251,0.1292872577905655
3,1008,5252,0.06081561744213104
3,1009,5253,0.12794198095798492
3,1010,5254,0.033636532723903656
3,1011,5255,0.0793442353606224
3,1012,5256,0.04558486118912697
3,1013,5257,0.11908723413944244
3,1014,5258,0.07533693313598633
3,1015,5259,0.11436425894498825
3,1016,5260,0.051818784326314926
3,1017,5261,0.0714637041091919
3,1018,5262,0.06273078918457031
3,1019,5263,0.07414312660694122
3,1020,5264,0.035344235599040985
3,1021,5265,0.012474006973206997
3,1022,5266,0.05781986936926842
3,1023,5267,0.02783171646296978
3,1024,5268,0.06329290568828583
3,1025,5269,0.11194618046283722
3,1026,5270,0.09726154804229736
3,1027,5271,0.06493623554706573
3,1028,5272,0.021036064252257347
3,1029,5273,0.12852326035499573
3,1030,5274,0.07962733507156372
3,1031,5275,0.2190084010362625
3,1032,5276,0.11303185671567917
3,1033,5277,0.1298644095659256
3,1034,5278,0.13191086053848267
3,1035,5279,0.0638352781534195
3,1036,5280,0.08952008187770844
3,1037,5281,0.08703967183828354
3,1038,5282,0.07771851867437363
3,1039,5283,0.05805148929357529
3,1040,5284,0.11425274610519409
3,1041,5285,0.09835996478796005
3,1042,5286,0.08193078637123108
3,1043,5287,0.04998283088207245
3,1044,5288,0.030196690931916237
3,1045,5289,0.051404062658548355
3,1046,5290,0.08003925532102585
3,1047,5291,0.03388512507081032
3,1048,5292,0.14807137846946716
3,1049,5293,0.2057444453239441
3,1050,5294,0.0757957249879837
3,1051,5295,0.08061263710260391
3,1052,5296,0.09782669693231583
3,1053,5297,0.0455850251019001
3,1054,5298,0.143131285905838
3,1055,5299,0.018402576446533203
3,1056,5300,0.06916401535272598
3,1057,5301,0.0036667168606072664
3,1058,5302,0.1480809450149536
3,1059,5303,0.056839585304260254
3,1060,5304,0.11921102553606033
3,1061,5305,0.07835420966148376
3,1062,5306,0.10466174781322479
3,1063,5307,0.06659030169248581
3,1064,5308,0.09321573376655579
3,1065,5309,0.13977213203907013
3,1066,5310,0.17311923205852509
3,1067,5311,0.045380063354969025
3,1068,5312,0.20077794790267944
3,1069,5313,0.04161853715777397
3,1070,5314,0.16686318814754486
3,1071,5315,0.062409061938524246
3,1072,5316,0.0647122710943222
3,1073,5317,0.10469214618206024
3,1074,5318,0.22178047895431519
3,1075,5319,0.1303737908601761
3,1076,5320,0.12231536209583282
3,1077,5321,0.1827957034111023
3,1078,5322,0.07308642566204071
3,1079,5323,0.1264096200466156
3,1080,5324,0.08469370007514954
3,1081,5325,0.10004629194736481
3,1082,5326,0.1176915392279625
3,1083,5327,0.028703676536679268
3,1084,5328,0.006745105143636465
3,1085,5329,0.003906640224158764
3,1086,5330,0.007416000589728355
3,1087,5331,0.24687150120735168
3,1088,5332,0.09482927620410919
3,1089,5333,0.0940026342868805
3,1090,5334,0.07991526275873184
3,1091,5335,0.057499222457408905
3,1092,5336,0.10092557966709137
3,1093,5337,0.12187592685222626
3,1094,5338,0.16748468577861786
3,1095,5339,0.10459799319505692
3,1096,5340,0.11131417751312256
3,1097,5341,0.11548719555139542
3,1098,5342,0.04450879245996475
3,1099,5343,0.09950142353773117
3,1100,5344,0.16431868076324463
3,1101,5345,0.10895794630050659
3,1102,5346,0.10663565993309021
3,1103,5347,0.11335326731204987
3,1104,5348,0.059679485857486725
3,1105,5349,0.04530064016580582
3,1106,5350,0.11895028501749039
3,1107,5351,0.12197689712047577
3,1108,5352,0.061292536556720734
3,1109,5353,0.09634270519018173
3,1110,5354,0.04650639742612839
3,1111,5355,0.0100674694404006
3,1112,5356,0.03915342316031456
3,1113,5357,0.008704409003257751
3,1114,5358,0.004312075208872557
3,1115,5359,0.08175276964902878
3,1116,5360,0.18237268924713135
3,1117,5361,0.10260862112045288
3,1118,5362,0.12372167408466339
3,1119,5363,0.06050262972712517
3,1120,5364,0.09814847260713577
3,1121,5365,0.050961289554834366
3,1122,5366,0.06426671892404556
3,1123,5367,0.10976822674274445
3,1124,5368,0.0561954528093338
3,1125,5369,0.022940877825021744
3,1126,5370,0.1581224799156189
3,1127,5371,0.007108119782060385
3,1128,5372,0.007176647894084454
3,1129,5373,0.02307363599538803
3,1130,5374,0.05794806033372879
3,1131,5375,0.20557406544685364
3,1132,5376,0.09080445021390915
3,1133,5377,0.1097051203250885
3,1134,5378,0.04452618211507797
3,1135,5379,0.0810263380408287
3,1136,5380,0.07199539244174957
3,1137,5381,0.06959899514913559
3,1138,5382,0.017353344708681107
3,1139,5383,0.09954055398702621
3,1140,5384,0.11833032220602036
3,1141,5385,0.017277458682656288
3,1142,5386,0.09778337180614471
3,1143,5387,0.06100551784038544
3,1144,5388,0.10836154967546463
3,1145,5389,0.046133529394865036
3,1146,5390,0.15812741219997406
3,1147,5391,0.034012459218502045
3,1148,5392,0.041941121220588684
3,1149,5393,0.06635691970586777
3,1150,5394,0.03610103949904442
3,1151,5395,0.09351615607738495
3,1152,5396,0.10481568425893784
3,1153,5397,0.008604084141552448
3,1154,5398,0.07426226139068604
3,1155,5399,0.11885140836238861
3,1156,5400,0.08726407587528229
3,1157,5401,0.09177713096141815
3,1158,5402,0.05385144054889679
3,1159,5403,0.022267792373895645
3,1160,5404,0.06045513227581978
3,1161,5405,0.06413418054580688
3,1162,5406,0.06476187705993652
3,1163,5407,0.0874251052737236
3,1164,5408,0.035865236073732376
3,1165,5409,0.1289755403995514
3,1166,5410,0.030626969411969185
3,1167,5411,0.1373729109764099
3,1168,5412,0.010337387211620808
3,1169,5413,0.017373621463775635
3,1170,5414,0.07096858322620392
3,1171,5415,0.052402887493371964
3,1172,5416,0.18287833034992218
3,1173,5417,0.04224267974495888
3,1174,5418,0.2126293033361435
3,1175,5419,0.010150748305022717
3,1176,5420,0.0859299749135971
3,1177,5421,0.055976007133722305
3,1178,5422,0.05854787677526474
3,1179,5423,0.0646243765950203
3,1180,5424,0.07168152183294296
3,1181,5425,0.13682039082050323
3,1182,5426,0.07249227166175842
3,1183,5427,0.10634993761777878
3,1184,5428,0.10157095640897751
3,1185,5429,0.14848369359970093
3,1186,5430,0.05116114392876625
3,1187,5431,0.10619772225618362
3,1188,5432,0.09482730180025101
3,1189,5433,0.05704522505402565
3,1190,5434,0.08190828561782837
3,1191,5435,0.02246432565152645
3,1192,5436,0.010737315751612186
3,1193,5437,0.03398020938038826
3,1194,5438,0.02391117811203003
3,1195,5439,0.06434965878725052
3,1196,5440,0.06065956503152847
3,1197,5441,0.027682052925229073
3,1198,5442,0.06071627512574196
3,1199,5443,0.06834496557712555
3,1200,5444,0.08615928888320923
3,1201,5445,0.021967129781842232
3,1202,5446,0.07561124861240387
3,1203,5447,0.04307641088962555
3,1204,5448,0.07434321939945221
3,1205,5449,0.12277939915657043
3,1206,5450,0.10173280537128448
3,1207,5451,0.10683131963014603
3,1208,5452,0.13365188241004944
3,1209,5453,0.09251657873392105
3,1210,5454,0.04479726776480675
3,1211,5455,0.06716492027044296
3,1212,5456,0.02904493920505047
3,1213,5457,0.17639316618442535
3,1214,5458,0.12330852448940277
3,1215,5459,0.07871517539024353
3,1216,5460,0.1067480817437172
3,1217,5461,0.1264382004737854
3,1218,5462,0.062120046466588974
3,1219,5463,0.09259149432182312
3,1220,5464,0.1149062067270279
3,1221,5465,0.018549589440226555
3,1222,5466,0.1772896647453308
3,1223,5467,0.04526584595441818
3,1224,5468,0.028362585231661797
3,1225,5469,0.04472336545586586
3,1226,5470,0.06365814805030823
3,1227,5471,0.019903263077139854
3,1228,5472,0.0832156166434288
3,1229,5473,0.07041622698307037
3,1230,5474,0.0697508230805397
3,1231,5475,0.02830161154270172
3,1232,5476,0.02989538200199604
3,1233,5477,0.08717659115791321
3,1234,5478,0.08272989839315414
3,1235,5479,0.022993218153715134
3,1236,5480,0.1025506854057312
3,1237,5481,0.11157798767089844
3,1238,5482,0.11931758373975754
3,1239,5483,0.04895557463169098
3,1240,5484,0.08134957402944565
3,1241,5485,0.09619316458702087
3,1242,5486,0.03474602475762367
3,1243,5487,0.042277004569768906
3,1244,5488,0.08054021745920181
3,1245,5489,0.08492092788219452
3,1246,5490,0.14729942381381989
3,1247,5491,0.11617934703826904
3,1248,5492,0.05471455678343773
3,1249,5493,0.045284949243068695
3,1250,5494,0.050037745386362076
3,1251,5495,0.0990641787648201
3,1252,5496,0.11465325951576233
3,1253,5497,0.0322064608335495
3,1254,5498,0.04099000617861748
3,1255,5499,0.07335861772298813
3,1256,5500,0.03326693922281265
3,1257,5501,0.021184196695685387
3,1258,5502,0.06885715574026108
3,1259,5503,0.032003942877054214
3,1260,5504,0.03640886768698692
3,1261,5505,0.07146294414997101
3,1262,5506,0.12284473329782486
3,1263,5507,0.0759425237774849
3,1264,5508,0.07460347563028336
3,1265,5509,0.12088585644960403
3,1266,5510,0.03127896040678024
3,1267,5511,0.06907515227794647
3,1268,5512,0.09294231981039047
3,1269,5513,0.09076300263404846
3,1270,5514,0.14502808451652527
3,1271,5515,0.05954122543334961
3,1272,5516,0.1623760312795639
3,1273,5517,0.025665903463959694
3,1274,5518,0.022702017799019814
3,1275,5519,0.0019526982214301825
3,1276,5520,0.09475163370370865
3,1277,5521,0.10967009514570236
3,1278,5522,0.07365651428699493
3,1279,5523,0.10737325251102448
3,1280,5524,0.02458273433148861
3,1281,5525,0.08054827153682709
3,1282,5526,0.2004389762878418
3,1283,5527,0.09570489823818207
3,1284,5528,0.12431132048368454
3,1285,5529,0.164457768201828
3,1286,5530,0.06324012577533722
3,1287,5531,0.0669749528169632
3,1288,5532,0.05017519369721413
3,1289,5533,0.056501876562833786
3,1290,5534,0.03231736645102501
3,1291,5535,0.08008746057748795
3,1292,5536,0.006377248093485832
3,1293,5537,0.04478759318590164
3,1294,5538,0.13103412091732025
3,1295,5539,0.11064840108156204
3,1296,5540,0.03208022937178612
3,1297,5541,0.06760682910680771
3,1298,5542,0.07288838922977448
3,1299,5543,0.08714351803064346
3,1300,5544,0.030962305143475533
3,1301,5545,0.0733075961470604
3,1302,5546,0.02209119312465191
3,1303,5547,0.03940318897366524
3,1304,5548,0.045868322253227234
3,1305,5549,0.046944327652454376
3,1306,5550,0.00901011098176241
3,1307,5551,0.12593071162700653
3,1308,5552,0.056374214589595795
3,1309,5553,0.05645762383937836
3,1310,5554,0.028325043618679047
3,1311,5555,0.06940923631191254
3,1312,5556,0.19421927630901337
3,1313,5557,0.076010562479496
3,1314,5558,0.13216854631900787
3,1315,5559,0.02217729017138481
3,1316,5560,0.020128093659877777
3,1317,5561,0.02208739146590233
3,1318,5562,0.13672120869159698
3,1319,5563,0.08331889659166336
3,1320,5564,0.07847071439027786
3,1321,5565,0.1256096065044403
3,1322,5566,0.05876597762107849
3,1323,5567,0.06743050366640091
3,1324,5568,0.059103552252054214
3,1325,5569,0.07060100883245468
3,1326,5570,0.09082335233688354
3,1327,5571,0.07663963735103607
3,1328,5572,0.09219152480363846
3,1329,5573,0.062208279967308044
3,1330,5574,0.017945421859622
3,1331,5575,0.047551125288009644
3,1332,5576,0.23262925446033478
3,1333,5577,0.12172017246484756
3,1334,5578,0.02999882772564888
3,1335,5579,0.06974562257528305
3,1336,5580,0.10306601971387863
3,1337,5581,0.10869516432285309
3,1338,5582,0.027435675263404846
3,1339,5583,0.04897822439670563
3,1340,5584,0.040539491921663284
3,1341,5585,0.06839586794376373
3,1342,5586,0.08099742233753204
3,1343,5587,0.061587102711200714
3,1344,5588,0.09124733507633209
3,1345,5589,0.17562995851039886
3,1346,5590,0.10365591943264008
3,1347,5591,0.1141425222158432
3,1348,5592,0.052245743572711945
3,1349,5593,0.1390155404806137
3,1350,5594,0.10756659507751465
3,1351,5595,0.07848791778087616
3,1352,5596,0.047888148576021194
3,1353,5597,0.10919612646102905
3,1354,5598,0.051019664853811264
3,1355,5599,0.056857142597436905
3,1356,5600,0.03886111080646515
3,1357,5601,0.07123083621263504
3,1358,5602,0.060391850769519806
3,1359,5603,0.07381083071231842
3,1360,5604,0.10273883491754532
3,1361,5605,0.022429516538977623
3,1362,5606,0.18249189853668213
3,1363,5607,0.12959136068820953
3,1364,5608,0.09386096149682999
3,1365,5609,0.047647081315517426
3,1366,5610,0.06395826488733292
3,1367,5611,0.08398140966892242
3,1368,5612,0.07197758555412292
3,1369,5613,0.09497740864753723
3,1370,5614,0.05138606205582619
3,1371,5615,0.026491297408938408
3,1372,5616,0.10568688809871674
3,1373,5617,0.04543287307024002
3,1374,5618,0.06566542387008667
3,1375,5619,0.017021894454956055
3,1376,5620,0.035718534141778946
3,1377,5621,0.07388914376497269
3,1378,5622,0.13837720453739166
3,1379,5623,0.10420912504196167
3,1380,5624,0.14214587211608887
3,1381,5625,0.08206643909215927
3,1382,5626,0.04631076008081436
3,1383,5627,0.11704682558774948
3,1384,5628,0.06310209631919861
3,1385,5629,0.087653748691082
3,1386,5630,0.08921156078577042
3,1387,5631,0.03038540482521057
3,1388,5632,0.09857077896595001
3,1389,5633,0.15126171708106995
3,1390,5634,0.054290611296892166
3,1391,5635,0.049877893179655075
3,1392,5636,0.07520589232444763
3,1393,5637,0.0579722560942173
3,1394,5638,0.10778501629829407
3,1395,5639,0.034813035279512405
3,1396,5640,0.20786689221858978
3,1397,5641,0.12009177356958389
3,1398,5642,0.1687687188386917
3,1399,5643,0.05466688424348831
3,1400,5644,0.1159990206360817
3,1401,5645,0.06777478754520416
3,1402,5646,0.06267451494932175
3,1403,5647,0.09438896179199219
3,1404,5648,0.13857148587703705
3,1405,5649,0.09456474334001541
3,1406,5650,0.04618009552359581
3,1407,5651,0.06229661777615547
3,1408,5652,0.023913690820336342
3,1409,5653,0.025977831333875656
3,1410,5654,0.023301344364881516
3,1411,5655,0.12364178895950317
3,1412,5656,0.10441579669713974
3,1413,5657,0.06772123277187347
3,1414,5658,0.07174735516309738
3,1415,5659,0.05672664940357208
4,1,5660,0.045021433383226395
4,2,5661,0.07659906893968582
4,3,5662,0.0862213671207428
4,4,5663,0.07724227011203766
4,5,5664,0.06570479273796082
4,6,5665,0.07971864193677902
4,7,5666,0.052981141954660416
4,8,5667,0.03595593571662903
4,9,5668,0.020045872777700424
4,10,5669,0.011506869457662106
4,11,5670,0.04848542809486389
4,12,5671,0.07834511250257492
4,13,5672,0.029885204508900642
4,14,5673,0.023148734122514725
4,15,5674,0.05684581771492958
4,16,5675,0.08831384032964706
4,17,5676,0.0554695688188076
4,18,5677,0.04182909056544304
4,19,5678,0.05734304338693619
4,20,5679,0.20126572251319885
4,21,5680,0.06421630084514618
4,22,5681,0.05794017016887665
4,23,5682,0.06246694177389145
4,24,5683,0.12597274780273438
4,25,5684,0.03079133667051792
4,26,5685,0.011939886957406998
4,27,5686,0.019952882081270218
4,28,5687,0.04483795911073685
4,29,5688,0.023347677662968636
4,30,5689,0.13712060451507568
4,31,5690,0.052626367658376694
4,32,5691,0.0551866814494133
4,33,5692,0.08624652773141861
4,34,5693,0.02197517640888691
4,35,5694,0.095131054520607
4,36,5695,0.0401090569794178
4,37,5696,0.05322939157485962
4,38,5697,0.09276273846626282
4,39,5698,0.06640641391277313
4,40,5699,0.05342322215437889
4,41,5700,0.006361017469316721
4,42,5701,0.0541558638215065
4,43,5702,0.01890709437429905
4,44,5703,0.0773978903889656
4,45,5704,0.035852864384651184
4,46,5705,0.028394488617777824
4,47,5706,0.03570225462317467
4,48,5707,0.002491886029019952
4,49,5708,0.06468167901039124
4,50,5709,0.02798115462064743
4,51,5710,0.02527390606701374
4,52,5711,0.056688688695430756
4,53,5712,0.0284165870398283
4,54,5713,0.08543077111244202
4,55,5714,0.13743366301059723
4,56,5715,0.05548228695988655
4,57,5716,0.07173407077789307
4,58,5717,0.1376882642507553
4,59,5718,0.046707525849342346
4,60,5719,0.00512323435395956
4,61,5720,0.02217114344239235
4,62,5721,0.06641196459531784
4,63,5722,0.026997575536370277
4,64,5723,0.07315503805875778
4,65,5724,0.10560964792966843
4,66,5725,0.020121797919273376
4,67,5726,0.0179255660623312
4,68,5727,0.0603628046810627
4,69,5728,0.05882767215371132
4,70,5729,0.012598603963851929
4,71,5730,0.031438957899808884
4,72,5731,0.01901676505804062
4,73,5732,0.02975158765912056
4,74,5733,0.11126095056533813
4,75,5734,0.05913679301738739
4,76,5735,0.03122059814631939
4,77,5736,0.04778444766998291
4,78,5737,0.020637812092900276
4,79,5738,0.01558183878660202
4,80,5739,0.04829971864819527
4,81,5740,0.014715543016791344
4,82,5741,0.09717363119125366
4,83,5742,0.08810080587863922
4,84,5743,0.1431133896112442
4,85,5744,0.015957612544298172
4,86,5745,0.14796538650989532
4,87,5746,0.12797069549560547
4,88,5747,0.018947478383779526
4,89,5748,0.10321890562772751
4,90,5749,0.10397602617740631
4,91,5750,0.13129588961601257
4,92,5751,0.07435128837823868
4,93,5752,0.06746690720319748
4,94,5753,0.1788591891527176
4,95,5754,0.12725524604320526
4,96,5755,0.029703347012400627
4,97,5756,0.11571560800075531
4,98,5757,0.14646382629871368
4,99,5758,0.006686755921691656
4,100,5759,0.020845793187618256
4,101,5760,0.04011622071266174
4,102,5761,0.040105849504470825
4,103,5762,0.0681811049580574
4,104,5763,0.054448436945676804
4,105,5764,0.13412827253341675
4,106,5765,0.10465875267982483
4,107,5766,0.07357988506555557
4,108,5767,0.12853853404521942
4,109,5768,0.07777590304613113
4,110,5769,0.07767720520496368
4,111,5770,0.010699772275984287
4,112,5771,0.029527204111218452
4,113,5772,0.13321644067764282
4,114,5773,0.004479265306144953
4,115,5774,0.1891273409128189
4,116,5775,0.07762452214956284
4,117,5776,0.09917686134576797
4,118,5777,0.09663071483373642
4,119,5778,0.006271625403314829
4,120,5779,0.05069585517048836
4,121,5780,0.045548439025878906
4,122,5781,0.1041819155216217
4,123,5782,0.05266279727220535
4,124,5783,0.04271533712744713
4,125,5784,0.05913896858692169
4,126,5785,0.13525371253490448
4,127,5786,0.05779152736067772
4,128,5787,0.035283688455820084
4,129,5788,0.09732815623283386
4,130,5789,0.04278402775526047
4,131,5790,0.04150254651904106
4,132,5791,0.03217865526676178
4,133,5792,0.07207551598548889
4,134,5793,0.07516428083181381
4,135,5794,0.12683789432048798
4,136,5795,0.09722961485385895
4,137,5796,0.032977472990751266
4,138,5797,0.0696500837802887
4,139,5798,0.02631484717130661
4,140,5799,0.05049177259206772
4,141,5800,0.018844908103346825
4,142,5801,0.007765475194901228
4,143,5802,0.0033422026317566633
4,144,5803,0.17105020582675934
4,145,5804,0.031762126833200455
4,146,5805,0.0374213308095932
4,147,5806,0.011896932497620583
4,148,5807,0.004985175095498562
4,149,5808,0.053935788571834564
4,150,5809,0.08238405734300613
4,151,5810,0.06886487454175949
4,152,5811,0.0941232368350029
4,153,5812,0.1310274749994278
4,154,5813,0.037128303200006485
4,155,5814,0.008539204485714436
4,156,5815,0.0019383208127692342
4,157,5816,0.09090538322925568
4,158,5817,0.09150703996419907
4,159,5818,0.05062548816204071
4,160,5819,0.08772726356983185
4,161,5820,0.16649635136127472
4,162,5821,0.020758649334311485
4,163,5822,0.02957909181714058
4,164,5823,0.09905286878347397
4,165,5824,0.0653076171875
4,166,5825,0.12059661000967026
4,167,5826,0.023998010903596878
4,168,5827,0.028299525380134583
4,169,5828,0.01440933533012867
4,170,5829,0.021119005978107452
4,171,5830,0.075984425842762
4,172,5831,0.015011885203421116
4,173,5832,0.06218038126826286
4,174,5833,0.057718489319086075
4,175,5834,0.0840490460395813
4,176,5835,0.04545349255204201
4,177,5836,0.038319747895002365
4,178,5837,0.03529851883649826
4,179,5838,0.11081503331661224
4,180,5839,0.040839627385139465
4,181,5840,0.04525243863463402
4,182,5841,0.04444247484207153
4,183,5842,0.08538997173309326
4,184,5843,0.06410771608352661
4,185,5844,0.1185583546757698
4,186,5845,0.050615616142749786
4,187,5846,0.03651751950383186
4,188,5847,0.10184843093156815
4,189,5848,0.08598538488149643
4,190,5849,0.022554758936166763
4,191,5850,0.04037823900580406
4,192,5851,0.057997558265924454
4,193,5852,0.035070162266492844
4,194,5853,0.002547781215980649
4,195,5854,0.13392697274684906
4,196,5855,0.008970214053988457
4,197,5856,0.0022316849790513515
4,198,5857,0.04350114241242409
4,199,5858,0.00847451388835907
4,200,5859,0.15556871891021729
4,201,5860,0.10409606248140335
4,202,5861,0.0540834441781044
4,203,5862,0.0415366031229496
4,204,5863,0.04872583970427513
4,205,5864,0.06911075115203857
4,206,5865,0.05565102770924568
4,207,5866,0.07726140320301056
4,208,5867,0.019172612577676773
4,209,5868,0.0593036413192749
4,210,5869,0.06640098243951797
4,211,5870,0.03578938916325569
4,212,5871,0.00753872562199831
4,213,5872,0.07102624326944351
4,214,5873,0.09329065680503845
4,215,5874,0.044018495827913284
4,216,5875,0.13824351131916046
4,217,5876,0.060911983251571655
4,218,5877,0.04110025614500046
4,219,5878,0.022873608395457268
4,220,5879,0.10317664593458176
4,221,5880,0.0331769660115242
4,222,5881,0.09291493147611618
4,223,5882,0.10031130909919739
4,224,5883,0.057027723640203476
4,225,5884,0.032124899327754974
4,226,5885,0.09302450716495514
4,227,5886,0.077826589345932
4,228,5887,0.09082422405481339
4,229,5888,0.01859288103878498
4,230,5889,0.1113402396440506
4,231,5890,0.009325561113655567
4,232,5891,0.015447625890374184
4,233,5892,0.024036690592765808
4,234,5893,0.02771383710205555
4,235,5894,0.0572626106441021
4,236,5895,0.054381296038627625
4,237,5896,0.08575612306594849
4,238,5897,0.12315886467695236
4,239,5898,0.026704655960202217
4,240,5899,0.05892660841345787
4,241,5900,0.1575840562582016
4,242,5901,0.10288026928901672
4,243,5902,0.16153360903263092
4,244,5903,0.022359119728207588
4,245,5904,0.08474133908748627
4,246,5905,0.04837867245078087
4,247,5906,0.22115126252174377
4,248,5907,0.07463639229536057
4,249,5908,0.05541008338332176
4,250,5909,0.07209385931491852
4,251,5910,0.06030754745006561
4,252,5911,0.07936076819896698
4,253,5912,0.0768883228302002
4,254,5913,0.05075232312083244
4,255,5914,0.015729166567325592
4,256,5915,0.08146294206380844
4,257,5916,0.10349719226360321
4,258,5917,0.06672633439302444
4,259,5918,0.060893770307302475
4,260,5919,0.06102093309164047
4,261,5920,0.1434047967195511
4,262,5921,0.06290832906961441
4,263,5922,0.03988896310329437
4,264,5923,0.04666363447904587
4,265,5924,0.11393766850233078
4,266,5925,0.06605248153209686
4,267,5926,0.07439199835062027
4,268,5927,0.1046932190656662
4,269,5928,0.04566927254199982
4,270,5929,0.044420573860406876
4,271,5930,0.0650101900100708
4,272,5931,0.04495219513773918
4,273,5932,0.0673406645655632
4,274,5933,0.06142975017428398
4,275,5934,0.04050770401954651
4,276,5935,0.01552901603281498
4,277,5936,0.06391377747058868
4,278,5937,0.02070782519876957
4,279,5938,0.010662692598998547
4,280,5939,0.08747071772813797
4,281,5940,0.0635988861322403
4,282,5941,0.02395639754831791
4,283,5942,0.032343413680791855
4,284,5943,0.026589054614305496
4,285,5944,0.0050987135618925095
4,286,5945,0.036486007273197174
4,287,5946,0.04337413236498833
4,288,5947,0.029634887352585793
4,289,5948,0.10323328524827957
4,290,5949,0.06265454739332199
4,291,5950,0.010481201112270355
4,292,5951,0.05604356899857521
4,293,5952,0.03962168097496033
4,294,5953,0.01541940588504076
4,295,5954,0.028179645538330078
4,296,5955,0.20128223299980164
4,297,5956,0.0909225270152092
4,298,5957,0.03006806969642639
4,299,5958,0.009581228718161583
4,300,5959,0.07702215760946274
4,301,5960,0.0041835857555270195
4,302,5961,0.01881938800215721
4,303,5962,0.05871398001909256
4,304,5963,0.02416159398853779
4,305,5964,0.03899256885051727
4,306,5965,0.04718780145049095
4,307,5966,0.05709613114595413
4,308,5967,0.05480692908167839
4,309,5968,0.014000511728227139
4,310,5969,0.03568589687347412
4,311,5970,0.08449715375900269
4,312,5971,0.00931215938180685
4,313,5972,0.05208303779363632
4,314,5973,0.04256914183497429
4,315,5974,0.05435926839709282
4,316,5975,0.0814337506890297
4,317,5976,0.07519757002592087
4,318,5977,0.04577064514160156
4,319,5978,0.07180982083082199
4,320,5979,0.052122052758932114
4,321,5980,0.038690339773893356
4,322,5981,0.031908199191093445
4,323,5982,0.05465996265411377
4,324,5983,0.10369329154491425
4,325,5984,0.13941815495491028
4,326,5985,0.09151368588209152
4,327,5986,0.08754546195268631
4,328,5987,0.04672088846564293
4,329,5988,0.04579755291342735
4,330,5989,0.03581121563911438
4,331,5990,0.06387143582105637
4,332,5991,0.07612600177526474
4,333,5992,0.0659327432513237
4,334,5993,0.12660156190395355
4,335,5994,0.03682020306587219
4,336,5995,0.05769721791148186
4,337,5996,0.02095791883766651
4,338,5997,0.04996625706553459
4,339,5998,0.16227363049983978
4,340,5999,0.03821178525686264
4,341,6000,0.047569382935762405
4,342,6001,0.08723535388708115
4,343,6002,0.02661467157304287
4,344,6003,0.055395010858774185
4,345,6004,0.020356815308332443
4,346,6005,0.07743929326534271
4,347,6006,0.1155565083026886
4,348,6007,0.037032824009656906
4,349,6008,0.10109685361385345
4,350,6009,0.061690449714660645
4,351,6010,0.048452604562044144
4,352,6011,0.08822566270828247
4,353,6012,0.042083144187927246
4,354,6013,0.07189090549945831
4,355,6014,0.021225467324256897
4,356,6015,0.131924107670784
4,357,6016,0.08381093293428421
4,358,6017,0.020392077043652534
4,359,6018,0.014239547774195671
4,360,6019,0.0397404208779335
4,361,6020,0.06563302874565125
4,362,6021,0.05154392495751381
4,363,6022,0.048089973628520966
4,364,6023,0.001996108563616872
4,365,6024,0.023399388417601585
4,366,6025,0.06152171641588211
4,367,6026,0.05970439314842224
4,368,6027,0.06562048941850662
4,369,6028,0.01624850183725357
4,370,6029,0.05283922329545021
4,371,6030,0.037672970443964005
4,372,6031,0.029592815786600113
4,373,6032,0.026746949180960655
4,374,6033,0.0798584595322609
4,375,6034,0.0738009512424469
4,376,6035,0.04978056624531746
4,377,6036,0.07018540054559708
4,378,6037,0.040207311511039734
4,379,6038,0.14280956983566284
4,380,6039,0.10765720903873444
4,381,6040,0.12620235979557037
4,382,6041,0.056958865374326706
4,383,6042,0.033385857939720154
4,384,6043,0.12350210547447205
4,385,6044,0.1259041726589203
4,386,6045,0.0332384929060936
4,387,6046,0.058057624846696854
4,388,6047,0.004476129077374935
4,389,6048,0.10870730131864548
4,390,6049,0.07383497059345245
4,391,6050,0.10346508026123047
4,392,6051,0.20678235590457916
4,393,6052,0.08101656287908554
4,394,6053,0.14724896848201752
4,395,6054,0.05201287940144539
4,396,6055,0.06792695820331573
4,397,6056,0.08177827298641205
4,398,6057,0.12858860194683075
4,399,6058,0.0475887656211853
4,400,6059,0.042113032191991806
4,401,6060,0.028384460136294365
4,402,6061,0.039249345660209656
4,403,6062,0.05587546154856682
4,404,6063,0.005573800764977932
4,405,6064,0.06356366723775864
4,406,6065,0.08352131396532059
4,407,6066,0.11265460401773453
4,408,6067,0.02584797330200672
4,409,6068,0.02471175231039524
4,410,6069,0.0914979875087738
4,411,6070,0.04712431877851486
4,412,6071,0.026048660278320312
4,413,6072,0.10834237933158875
4,414,6073,0.006918436847627163
4,415,6074,0.09475797414779663
4,416,6075,0.06595218926668167
4,417,6076,0.060353294014930725
4,418,6077,0.08180107176303864
4,419,6078,0.07317999005317688
4,420,6079,0.008283991366624832
4,421,6080,0.010396509431302547
4,422,6081,0.01236685086041689
4,423,6082,0.032745569944381714
4,424,6083,0.0694841518998146
4,425,6084,0.10967720299959183
4,426,6085,0.013914022594690323
4,427,6086,0.01567692868411541
4,428,6087,0.1351833939552307
4,429,6088,0.0038743072655051947
4,430,6089,0.056221429258584976
4,431,6090,0.04016074910759926
4,432,6091,0.03997555002570152
4,433,6092,0.06319624930620193
4,434,6093,0.018971620127558708
4,435,6094,0.1473429799079895
4,436,6095,0.05246943235397339
4,437,6096,0.006218526512384415
4,438,6097,0.05137667432427406
4,439,6098,0.05711367353796959
4,440,6099,0.04487107694149017
4,441,6100,0.01207123976200819
4,442,6101,0.14842993021011353
4,443,6102,0.010645999573171139
4,444,6103,0.14391951262950897
4,445,6104,0.03651116043329239
4,446,6105,0.025859517976641655
4,447,6106,0.0392032265663147
4,448,6107,0.03797277808189392
4,449,6108,0.09007404744625092
4,450,6109,0.02449927292764187
4,451,6110,0.08037301152944565
4,452,6111,0.038309719413518906
4,453,6112,0.017095742747187614
4,454,6113,0.05107817426323891
4,455,6114,0.049694765359163284
4,456,6115,0.04889106750488281
4,457,6116,0.03357657790184021
4,458,6117,0.06281822174787521
4,459,6118,0.036748435348272324
4,460,6119,0.0791141614317894
4,461,6120,0.011338014155626297
4,462,6121,0.1612578183412552
4,463,6122,0.10351374745368958
4,464,6123,0.0504717193543911
4,465,6124,0.2086707055568695
4,466,6125,0.021395914256572723
4,467,6126,0.051135774701833725
4,468,6127,0.028583543375134468
4,469,6128,0.034227218478918076
4,470,6129,0.013855036348104477
4,471,6130,0.021300852298736572
4,472,6131,0.01442711427807808
4,473,6132,0.11862359941005707
4,474,6133,0.06268735975027084
4,475,6134,0.0652112290263176
4,476,6135,0.008289963938295841
4,477,6136,0.037413306534290314
4,478,6137,0.03222829848527908
4,479,6138,0.019356703385710716
4,480,6139,0.03334479406476021
4,481,6140,0.04670710489153862
4,482,6141,0.009641455486416817
4,483,6142,0.06804436445236206
4,484,6143,0.04653073102235794
4,485,6144,0.006180398631840944
4,486,6145,0.039718661457300186
4,487,6146,0.009384212084114552
4,488,6147,0.021274704486131668
4,489,6148,0.03534753620624542
4,490,6149,0.06679164618253708
4,491,6150,0.051431793719530106
4,492,6151,0.06030476093292236
4,493,6152,0.03451388701796532
4,494,6153,0.08700122684240341
4,495,6154,0.040410831570625305
4,496,6155,0.002503409283235669
4,497,6156,0.007702938746660948
4,498,6157,0.06154376268386841
4,499,6158,0.06855695694684982
4,500,6159,0.09428155422210693
4,501,6160,0.011664163321256638
4,502,6161,0.0032263000030070543
4,503,6162,0.026587657630443573
4,504,6163,0.11866860091686249
4,505,6164,0.01758665032684803
4,506,6165,0.06513769179582596
4,507,6166,0.08660201728343964
4,508,6167,0.11100147664546967
4,509,6168,0.035894643515348434
4,510,6169,0.36838600039482117
4,511,6170,0.046735335141420364
4,512,6171,0.08982827514410019
4,513,6172,0.09416240453720093
4,514,6173,0.06977228075265884
4,515,6174,0.09723980724811554
4,516,6175,0.06161776930093765
4,517,6176,0.02942419983446598
4,518,6177,0.09028353542089462
4,519,6178,0.08823195844888687
4,520,6179,0.1458386927843094
4,521,6180,0.07496395707130432
4,522,6181,0.150642529129982
4,523,6182,0.12135643512010574
4,524,6183,0.045106176286935806
4,525,6184,0.11845952272415161
4,526,6185,0.057571981102228165
4,527,6186,0.07457567751407623
4,528,6187,0.16207736730575562
4,529,6188,0.09832373261451721
4,530,6189,0.0427873358130455
4,531,6190,0.1470591127872467
4,532,6191,0.09602212905883789
4,533,6192,0.08748362213373184
4,534,6193,0.04802947863936424
4,535,6194,0.10567642003297806
4,536,6195,0.10070759057998657
4,537,6196,0.10170961171388626
4,538,6197,0.06943154335021973
4,539,6198,0.017281921580433846
4,540,6199,0.12284954637289047
4,541,6200,0.04875727742910385
4,542,6201,0.10018506646156311
4,543,6202,0.025142885744571686
4,544,6203,0.08745154738426208
4,545,6204,0.04357728362083435
4,546,6205,0.06291128695011139
4,547,6206,0.0811653733253479
4,548,6207,0.06436445564031601
4,549,6208,0.06366951763629913
4,550,6209,0.06724455207586288
4,551,6210,0.06214192137122154
4,552,6211,0.052209820598363876
4,553,6212,0.07806399464607239
4,554,6213,0.1662595570087433
4,555,6214,0.06465693563222885
4,556,6215,0.1636074334383011
4,557,6216,0.0885174423456192
4,558,6217,0.07027975469827652
4,559,6218,0.06830400973558426
4,560,6219,0.09703272581100464
4,561,6220,0.06711837649345398
4,562,6221,0.03095647692680359
4,563,6222,0.02743070013821125
4,564,6223,0.06778302043676376
4,565,6224,0.12980599701404572
4,566,6225,0.10254491120576859
4,567,6226,0.02215591073036194
4,568,6227,0.15366624295711517
4,569,6228,0.08840105682611465
4,570,6229,0.029053129255771637
4,571,6230,0.06564509123563766
4,572,6231,0.13301491737365723
4,573,6232,0.07950937002897263
4,574,6233,0.10035868734121323
4,575,6234,0.059198666363954544
4,576,6235,0.17978987097740173
4,577,6236,0.07554145157337189
4,578,6237,0.04422476142644882
4,579,6238,0.049500301480293274
4,580,6239,0.0757823958992958
4,581,6240,0.012181835249066353
4,582,6241,0.0791926458477974
4,583,6242,0.05343528091907501
4,584,6243,0.09925512969493866
4,585,6244,0.016409005969762802
4,586,6245,0.21369218826293945
4,587,6246,0.015819121152162552
4,588,6247,0.04708674177527428
4,589,6248,0.04139738529920578
4,590,6249,0.07650846242904663
4,591,6250,0.021645240485668182
4,592,6251,0.04410934075713158
4,593,6252,0.08551117032766342
4,594,6253,0.05818331241607666
4,595,6254,0.04011775925755501
4,596,6255,0.030448250472545624
4,597,6256,0.043535299599170685
4,598,6257,0.08240735530853271
4,599,6258,0.04264790192246437
4,600,6259,0.028168829157948494
4,601,6260,0.02377752587199211
4,602,6261,0.05480246990919113
4,603,6262,0.03655409812927246
4,604,6263,0.10835175961256027
4,605,6264,0.07328294217586517
4,606,6265,0.08030936866998672
4,607,6266,0.07032271474599838
4,608,6267,0.019778141751885414
4,609,6268,0.009767451323568821
4,610,6269,0.026396242901682854
4,611,6270,0.04304804280400276
4,612,6271,0.022560181096196175
4,613,6272,0.11627534031867981
4,614,6273,0.030978286638855934
4,615,6274,0.04529765620827675
4,616,6275,0.11226269602775574
4,617,6276,0.009374711662530899
4,618,6277,0.11385247856378555
4,619,6278,0.01759628765285015
4,620,6279,0.0472063384950161
4,621,6280,0.054772015661001205
4,622,6281,0.07329743355512619
4,623,6282,0.051318202167749405
4,624,6283,0.2761319875717163
4,625,6284,0.003936531022191048
4,626,6285,0.018968280404806137
4,627,6286,0.06430502235889435
4,628,6287,0.13247457146644592
4,629,6288,0.05476917326450348
4,630,6289,0.018165800720453262
4,631,6290,0.028043687343597412
4,632,6291,0.1355052888393402
4,633,6292,0.04664454236626625
4,634,6293,0.0439654104411602
4,635,6294,0.04421501234173775
4,636,6295,0.04589676484465599
4,637,6296,0.04557482525706291
4,638,6297,0.12206289917230606
4,639,6298,0.027362702414393425
4,640,6299,0.08451686799526215
4,641,6300,0.018268825486302376
4,642,6301,0.04111991822719574
4,643,6302,0.0338638499379158
4,644,6303,0.030218197032809258
4,645,6304,0.00669519929215312
4,646,6305,0.0843314602971077
4,647,6306,0.06219468265771866
4,648,6307,0.09317164123058319
4,649,6308,0.000625477870926261
4,650,6309,0.134255513548851
4,651,6310,0.013096227310597897
4,652,6311,0.10186998546123505
4,653,6312,0.152119442820549
4,654,6313,0.05891131982207298
4,655,6314,0.018116718158125877
4,656,6315,0.07366032898426056
4,657,6316,0.11461304873228073
4,658,6317,0.05592196807265282
4,659,6318,0.05174417421221733
4,660,6319,0.017657365649938583
4,661,6320,0.06178257241845131
4,662,6321,0.07481789588928223
4,663,6322,0.041692525148391724
4,664,6323,0.014047264121472836
4,665,6324,0.040694937109947205
4,666,6325,0.03206667676568031
4,667,6326,0.07063061743974686
4,668,6327,0.06730780750513077
4,669,6328,0.009174575097858906
4,670,6329,0.11774029582738876
4,671,6330,0.03454732149839401
4,672,6331,0.024813875555992126
4,673,6332,0.10470131784677505
4,674,6333,0.012837959453463554
4,675,6334,0.033296823501586914
4,676,6335,0.14454154670238495
4,677,6336,0.052290353924036026
4,678,6337,0.030776571482419968
4,679,6338,0.08047890663146973
4,680,6339,0.15130698680877686
4,681,6340,0.05773637071251869
4,682,6341,0.05322058126330376
4,683,6342,0.1045367568731308
4,684,6343,0.1580813080072403
4,685,6344,0.05285074561834335
4,686,6345,0.13997092843055725
4,687,6346,0.02508719451725483
4,688,6347,0.04360764101147652
4,689,6348,0.017921082675457
4,690,6349,0.051165830343961716
4,691,6350,0.01849755086004734
4,692,6351,0.03151142597198486
4,693,6352,0.008693396113812923
4,694,6353,0.06789339333772659
4,695,6354,0.07369707524776459
4,696,6355,0.12064257264137268
4,697,6356,0.052347782999277115
4,698,6357,0.0163547545671463
4,699,6358,0.11963222920894623
4,700,6359,0.06970465928316116
4,701,6360,0.06680236011743546
4,702,6361,0.04188902676105499
4,703,6362,0.026010222733020782
4,704,6363,0.04259043186903
4,705,6364,0.03879911080002785
4,706,6365,0.11247672885656357
4,707,6366,0.0029735718853771687
4,708,6367,0.13474243879318237
4,709,6368,0.033030468970537186
4,710,6369,0.07629412412643433
4,711,6370,0.06960724294185638
4,712,6371,0.08563483506441116
4,713,6372,0.07043857872486115
4,714,6373,0.025775151327252388
4,715,6374,0.0036637457087635994
4,716,6375,0.11135662347078323
4,717,6376,0.06674449145793915
4,718,6377,0.10502438992261887
4,719,6378,0.07744032889604568
4,720,6379,0.07567154616117477
4,721,6380,0.06386283785104752
4,722,6381,0.16488312184810638
4,723,6382,0.0285272728651762
4,724,6383,0.048361845314502716
4,725,6384,0.059773124754428864
4,726,6385,0.06675714999437332
4,727,6386,0.016927964985370636
4,728,6387,0.023299211636185646
4,729,6388,0.048389434814453125
4,730,6389,0.21845988929271698
4,731,6390,0.038802195340394974
4,732,6391,0.06788413226604462
4,733,6392,0.019938480108976364
4,734,6393,0.011053693480789661
4,735,6394,0.1123434528708458
4,736,6395,0.039149001240730286
4,737,6396,0.0022472438868135214
4,738,6397,0.11493533104658127
4,739,6398,0.081453338265419
4,740,6399,0.049155768007040024
4,741,6400,0.05061016604304314
4,742,6401,0.08065319806337357
4,743,6402,0.08270202577114105
4,744,6403,0.03228970244526863
4,745,6404,0.09697729349136353
4,746,6405,0.011189814656972885
4,747,6406,0.08233081549406052
4,748,6407,0.09664507955312729
4,749,6408,0.11505500227212906
4,750,6409,0.09975051134824753
4,751,6410,0.10246478021144867
4,752,6411,0.053326673805713654
4,753,6412,0.03922570124268532
4,754,6413,0.03968435898423195
4,755,6414,0.03101758472621441
4,756,6415,0.07357458025217056
4,757,6416,0.047809746116399765
4,758,6417,0.015525249764323235
4,759,6418,0.0226804930716753
4,760,6419,0.03415001928806305
4,761,6420,0.019606638699769974
4,762,6421,0.052333466708660126
4,763,6422,0.08266719430685043
4,764,6423,0.07723240554332733
4,765,6424,0.01952885463833809
4,766,6425,0.04833805561065674
4,767,6426,0.025352872908115387
4,768,6427,0.0922916978597641
4,769,6428,0.08922632783651352
4,770,6429,0.05103515088558197
4,771,6430,0.09431794285774231
4,772,6431,0.054764073342084885
4,773,6432,0.08893854171037674
4,774,6433,0.06562168896198273
4,775,6434,0.026869408786296844
4,776,6435,0.1281604915857315
4,777,6436,0.0766901820898056
4,778,6437,0.06853926926851273
4,779,6438,0.018350809812545776
4,780,6439,0.08387073129415512
4,781,6440,0.02797815017402172
4,782,6441,0.022922314703464508
4,783,6442,0.07882717996835709
4,784,6443,0.01937676966190338
4,785,6444,0.11304432898759842
4,786,6445,0.07870512455701828
4,787,6446,0.15701091289520264
4,788,6447,0.13553304970264435
4,789,6448,0.031678177416324615
4,790,6449,0.0642644539475441
4,791,6450,0.05906884744763374
4,792,6451,0.14593660831451416
4,793,6452,0.07672455906867981
4,794,6453,0.023739278316497803
4,795,6454,0.12110775709152222
4,796,6455,0.12236006557941437
4,797,6456,0.11868499964475632
4,798,6457,0.043552216142416
4,799,6458,0.015698524191975594
4,800,6459,0.014717534184455872
4,801,6460,0.019025815650820732
4,802,6461,0.27166926860809326
4,803,6462,0.16474857926368713
4,804,6463,0.09044143557548523
4,805,6464,0.10912700742483139
4,806,6465,0.03861750662326813
4,807,6466,0.015169531106948853
4,808,6467,0.09536200761795044
4,809,6468,0.08919452875852585
4,810,6469,0.0700371190905571
4,811,6470,0.005004014354199171
4,812,6471,0.10858209431171417
4,813,6472,0.039740435779094696
4,814,6473,0.07200005650520325
4,815,6474,0.011564921587705612
4,816,6475,0.1552308052778244
4,817,6476,0.067838154733181
4,818,6477,0.023307213559746742
4,819,6478,0.026079757139086723
4,820,6479,0.0650138258934021
4,821,6480,0.01646975427865982
4,822,6481,0.07007136940956116
4,823,6482,0.08731900900602341
4,824,6483,0.1375955194234848
4,825,6484,0.05959712713956833
4,826,6485,0.12553583085536957
4,827,6486,0.1280677318572998
4,828,6487,0.023190006613731384
4,829,6488,0.053030937910079956
4,830,6489,0.025438616052269936
4,831,6490,0.08123784512281418
4,832,6491,0.1842053234577179
4,833,6492,0.0423688106238842
4,834,6493,0.03443538025021553
4,835,6494,0.1620345264673233
4,836,6495,0.09524334967136383
4,837,6496,0.0733872503042221
4,838,6497,0.06038316339254379
4,839,6498,0.0758790373802185
4,840,6499,0.01643933169543743
4,841,6500,0.061955537647008896
4,842,6501,0.029276207089424133
4,843,6502,0.016550337895751
4,844,6503,0.08938603103160858
4,845,6504,0.07993991672992706
4,846,6505,0.12543687224388123
4,847,6506,0.10828206688165665
4,848,6507,0.03854010999202728
4,849,6508,0.015932884067296982
4,850,6509,0.048936374485492706
4,851,6510,0.033472511917352676
4,852,6511,0.01228088978677988
4,853,6512,0.0023005118127912283
4,854,6513,0.008221733383834362
4,855,6514,0.07461044937372208
4,856,6515,0.33511218428611755
4,857,6516,0.0009295806521549821
4,858,6517,0.029384898021817207
4,859,6518,0.08042945712804794
4,860,6519,0.09186463057994843
4,861,6520,0.10480454564094543
4,862,6521,0.06841105967760086
4,863,6522,0.13485471904277802
4,864,6523,0.05382049083709717
4,865,6524,0.04388386756181717
4,866,6525,0.03714943304657936
4,867,6526,0.02008620835840702
4,868,6527,0.12206615507602692
4,869,6528,0.1495886743068695
4,870,6529,0.06669842451810837
4,871,6530,0.009354746900498867
4,872,6531,0.08814717084169388
4,873,6532,0.03132195398211479
4,874,6533,0.08774946630001068
4,875,6534,0.04610651731491089
4,876,6535,0.03217761591076851
4,877,6536,0.046259719878435135
4,878,6537,0.06262298673391342
4,879,6538,0.057615041732788086
4,880,6539,0.0691109225153923
4,881,6540,0.05069617182016373
4,882,6541,0.08417028933763504
4,883,6542,0.06254035234451294
4,884,6543,0.07016073167324066
4,885,6544,0.01963067427277565
4,886,6545,0.09927039593458176
4,887,6546,0.11293699592351913
4,888,6547,0.041771300137043
4,889,6548,0.04925960674881935
4,890,6549,0.08392150700092316
4,891,6550,0.053244538605213165
4,892,6551,0.021928129717707634
4,893,6552,0.02577195130288601
4,894,6553,0.014115833677351475
4,895,6554,0.06444770097732544
4,896,6555,0.03103155829012394
4,897,6556,0.01089842151850462
4,898,6557,0.06875257939100266
4,899,6558,0.06251329928636551
4,900,6559,0.05763467028737068
4,901,6560,0.13891036808490753
4,902,6561,0.07923606038093567
4,903,6562,0.022261008620262146
4,904,6563,0.034931376576423645
4,905,6564,0.015285870991647243
4,906,6565,0.0337989367544651
4,907,6566,0.029506418853998184
4,908,6567,0.0049672555178403854
4,909,6568,0.011428582482039928
4,910,6569,0.06388556957244873
4,911,6570,0.0563289038836956
4,912,6571,0.10130131989717484
4,913,6572,0.04438098892569542
4,914,6573,0.11596688628196716
4,915,6574,0.031077029183506966
4,916,6575,0.12302901595830917
4,917,6576,0.005600606091320515
4,918,6577,0.016222728416323662
4,919,6578,0.059498563408851624
4,920,6579,0.023964902386069298
4,921,6580,0.061207808554172516
4,922,6581,0.07485038787126541
4,923,6582,0.022162899374961853
4,924,6583,0.013653644360601902
4,925,6584,0.0636124312877655
4,926,6585,0.007388770114630461
4,927,6586,0.0698842853307724
4,928,6587,0.015072446316480637
4,929,6588,0.0440317839384079
4,930,6589,0.0021469732746481895
4,931,6590,0.10368288308382034
4,932,6591,0.09213525801897049
4,933,6592,0.006553996820002794
4,934,6593,0.033647894859313965
4,935,6594,0.0808454155921936
4,936,6595,0.04313039779663086
4,937,6596,0.056018561124801636
4,938,6597,0.0848282054066658
4,939,6598,0.16305166482925415
4,940,6599,0.06088084727525711
4,941,6600,0.20555362105369568
4,942,6601,0.10175507515668869
4,943,6602,0.05849331244826317
4,944,6603,0.08348698168992996
4,945,6604,0.11308687180280685
4,946,6605,0.03000892698764801
4,947,6606,0.054639242589473724
4,948,6607,0.07139428704977036
4,949,6608,0.0456777960062027
4,950,6609,0.03204118460416794
4,951,6610,0.06373077630996704
4,952,6611,0.029886089265346527
4,953,6612,0.01752762869000435
4,954,6613,0.018364474177360535
4,955,6614,0.07875718921422958
4,956,6615,0.0644071102142334
4,957,6616,0.040228452533483505
4,958,6617,0.018484903499484062
4,959,6618,0.05597813427448273
4,960,6619,0.09137581288814545
4,961,6620,0.08332914113998413
4,962,6621,0.029953276738524437
4,963,6622,0.08304700255393982
4,964,6623,0.11464767903089523
4,965,6624,0.03782159462571144
4,966,6625,0.0642407089471817
4,967,6626,0.010417829267680645
4,968,6627,0.05578244850039482
4,969,6628,0.006409273482859135
4,970,6629,0.06306014955043793
4,971,6630,0.014521458186209202
4,972,6631,0.052891675382852554
4,973,6632,0.08030204474925995
4,974,6633,0.05175556242465973
4,975,6634,0.15647070109844208
4,976,6635,0.03220338746905327
4,977,6636,0.04506555572152138
4,978,6637,0.054324135184288025
4,979,6638,0.039454974234104156
4,980,6639,0.0617869608104229
4,981,6640,0.05515866354107857
4,982,6641,0.06311624497175217
4,983,6642,0.028804190456867218
4,984,6643,0.06362510472536087
4,985,6644,0.04689512774348259
4,986,6645,0.05638471990823746
4,987,6646,0.024187540635466576
4,988,6647,0.025555092841386795
4,989,6648,0.0069362204521894455
4,990,6649,0.1813378632068634
4,991,6650,0.08644091337919235
4,992,6651,0.01440078392624855
4,993,6652,0.11815304309129715
4,994,6653,0.033513277769088745
4,995,6654,0.026385914534330368
4,996,6655,0.0397908091545105
4,997,6656,0.053006287664175034
4,998,6657,0.0692928209900856
4,999,6658,0.016313336789608
4,1000,6659,0.027545521035790443
4,1001,6660,0.043853115290403366
4,1002,6661,0.012204175814986229
4,1003,6662,0.07747992128133774
4,1004,6663,0.013534985482692719
4,1005,6664,0.040433939546346664
4,1006,6665,0.01993352547287941
4,1007,6666,0.020883280783891678
4,1008,6667,0.2185503989458084
4,1009,6668,0.03888208419084549
4,1010,6669,0.06004169210791588
4,1011,6670,0.00453193299472332
4,1012,6671,0.08772933483123779
4,1013,6672,0.001923641306348145
4,1014,6673,0.11330808699131012
4,1015,6674,0.0034166709519922733
4,1016,6675,0.09143231064081192
4,1017,6676,0.050198644399642944
4,1018,6677,0.10265430808067322
4,1019,6678,0.08990266174077988
4,1020,6679,0.051637303084135056
4,1021,6680,0.054372042417526245
4,1022,6681,0.012931124307215214
4,1023,6682,0.08111672103404999
4,1024,6683,0.03534812852740288
4,1025,6684,0.09470897912979126
4,1026,6685,0.024568311870098114
4,1027,6686,0.03758692368865013
4,1028,6687,0.038566961884498596
4,1029,6688,0.0513516403734684
4,1030,6689,0.09448052197694778
4,1031,6690,0.014281610026955605
4,1032,6691,0.05108917877078056
4,1033,6692,0.014586136676371098
4,1034,6693,0.010474671609699726
4,1035,6694,0.0014426131965592504
4,1036,6695,0.002481338568031788
4,1037,6696,0.041958585381507874
4,1038,6697,0.029463328421115875
4,1039,6698,0.08764580637216568
4,1040,6699,0.05834323912858963
4,1041,6700,0.04810139536857605
4,1042,6701,0.03156396746635437
4,1043,6702,0.029007069766521454
4,1044,6703,0.057825423777103424
4,1045,6704,0.08695144951343536
4,1046,6705,0.025558315217494965
4,1047,6706,0.03776024654507637
4,1048,6707,0.048091787844896317
4,1049,6708,0.023087887093424797
4,1050,6709,0.04002157226204872
4,1051,6710,0.14022153615951538
4,1052,6711,0.05182536318898201
4,1053,6712,0.03780804201960564
4,1054,6713,0.04055484011769295
4,1055,6714,0.0777130126953125
4,1056,6715,0.11484580487012863
4,1057,6716,0.03287116810679436
4,1058,6717,0.008502842858433723
4,1059,6718,0.09523769468069077
4,1060,6719,0.04102875664830208
4,1061,6720,0.09889103472232819
4,1062,6721,0.048546936362981796
4,1063,6722,0.05518502742052078
4,1064,6723,0.07175320386886597
4,1065,6724,0.03003597818315029
4,1066,6725,0.07227850705385208
4,1067,6726,0.02239876426756382
4,1068,6727,0.005597708281129599
4,1069,6728,0.09820753335952759
4,1070,6729,0.01553306169807911
4,1071,6730,0.09171277284622192
4,1072,6731,0.010625205002725124
4,1073,6732,0.07405917346477509
4,1074,6733,0.05425909161567688
4,1075,6734,0.05931935831904411
4,1076,6735,0.047689180821180344
4,1077,6736,0.05575866624712944
4,1078,6737,0.041641078889369965
4,1079,6738,0.024388400837779045
4,1080,6739,0.029956426471471786
4,1081,6740,0.02025057189166546
4,1082,6741,0.0867529883980751
4,1083,6742,0.003259728429839015
4,1084,6743,0.004390780348330736
4,1085,6744,0.11191943287849426
4,1086,6745,0.05840504169464111
4,1087,6746,0.027013588696718216
4,1088,6747,0.017707891762256622
4,1089,6748,0.0431913323700428
4,1090,6749,0.03390525281429291
4,1091,6750,0.055857665836811066
4,1092,6751,0.015874488279223442
4,1093,6752,0.07624558359384537
4,1094,6753,0.0405452698469162
4,1095,6754,0.014690214768052101
4,1096,6755,0.13668513298034668
4,1097,6756,0.0875391885638237
4,1098,6757,0.052262865006923676
4,1099,6758,0.0312858484685421
4,1100,6759,0.049789849668741226
4,1101,6760,0.15598081052303314
4,1102,6761,0.03492596745491028
4,1103,6762,0.009984024800360203
4,1104,6763,0.02454833872616291
4,1105,6764,0.028279434889554977
4,1106,6765,0.07248608022928238
4,1107,6766,0.01718689501285553
4,1108,6767,0.0612201951444149
4,1109,6768,0.08491770923137665
4,1110,6769,0.06825669854879379
4,1111,6770,0.04137909412384033
4,1112,6771,0.051009759306907654
4,1113,6772,0.04280439764261246
4,1114,6773,0.1161508560180664
4,1115,6774,0.055592093616724014
4,1116,6775,0.0023137943353503942
4,1117,6776,0.005135593470185995
4,1118,6777,0.09388445317745209
4,1119,6778,0.06564724445343018
4,1120,6779,0.06371144205331802
4,1121,6780,0.040678393095731735
4,1122,6781,0.047894999384880066
4,1123,6782,0.07192198187112808
4,1124,6783,0.08460000157356262
4,1125,6784,0.021053876727819443
4,1126,6785,0.0743965208530426
4,1127,6786,0.06957343965768814
4,1128,6787,0.03297770023345947
4,1129,6788,0.010473387315869331
4,1130,6789,0.06909219920635223
4,1131,6790,0.13039042055606842
4,1132,6791,0.016182422637939453
4,1133,6792,0.08702259510755539
4,1134,6793,0.06842589378356934
4,1135,6794,0.024756064638495445
4,1136,6795,0.06683829426765442
4,1137,6796,0.02355050854384899
4,1138,6797,0.05701697617769241
4,1139,6798,0.0561358742415905
4,1140,6799,0.001343331765383482
4,1141,6800,0.024158164858818054
4,1142,6801,0.07589473575353622
4,1143,6802,0.028462594375014305
4,1144,6803,0.10963305830955505
4,1145,6804,0.11382999271154404
4,1146,6805,0.010858606547117233
4,1147,6806,0.0506821945309639
4,1148,6807,0.01394454576075077
4,1149,6808,0.05646587908267975
4,1150,6809,0.09882808476686478
4,1151,6810,0.04588300362229347
4,1152,6811,0.08338942378759384
4,1153,6812,0.017305592074990273
4,1154,6813,0.02680576965212822
4,1155,6814,0.020110873505473137
4,1156,6815,0.07028182595968246
4,1157,6816,0.12345001101493835
4,1158,6817,0.11456531286239624
4,1159,6818,0.06888671964406967
4,1160,6819,0.06047665700316429
4,1161,6820,0.09999530017375946
4,1162,6821,0.0213199220597744
4,1163,6822,0.03251558542251587
4,1164,6823,0.07974369823932648
4,1165,6824,0.051819201558828354
4,1166,6825,0.009305248968303204
4,1167,6826,0.039477817714214325
4,1168,6827,0.03543681278824806
4,1169,6828,0.11475056409835815
4,1170,6829,0.010305147618055344
4,1171,6830,0.08654200285673141
4,1172,6831,0.09721735864877701
4,1173,6832,0.03362297639250755
4,1174,6833,0.016147863119840622
4,1175,6834,0.09716670960187912
4,1176,6835,0.046559467911720276
4,1177,6836,0.039030782878398895
4,1178,6837,0.09085343778133392
4,1179,6838,0.043814655393362045
4,1180,6839,0.1365099847316742
4,1181,6840,0.004896275233477354
4,1182,6841,0.038292404264211655
4,1183,6842,0.010352198965847492
4,1184,6843,0.06353159248828888
4,1185,6844,0.02676619030535221
4,1186,6845,0.07449746876955032
4,1187,6846,0.017964961007237434
4,1188,6847,0.05877913534641266
4,1189,6848,0.050287794321775436
4,1190,6849,0.04175322502851486
4,1191,6850,0.06302862614393234
4,1192,6851,0.005746918730437756
4,1193,6852,0.02320054918527603
4,1194,6853,0.055262014269828796
4,1195,6854,0.06776897609233856
4,1196,6855,0.021906111389398575
4,1197,6856,0.018536439165472984
4,1198,6857,0.14049120247364044
4,1199,6858,0.0901540219783783
4,1200,6859,0.0275829266756773
4,1201,6860,0.07588182389736176
4,1202,6861,0.06669885665178299
4,1203,6862,0.052035145461559296
4,1204,6863,0.120382159948349
4,1205,6864,0.09949227422475815
4,1206,6865,0.18088838458061218
4,1207,6866,0.03133463114500046
4,1208,6867,0.04481663182377815
4,1209,6868,0.21600854396820068
4,1210,6869,0.039951033890247345
4,1211,6870,0.05135051906108856
4,1212,6871,0.05620687082409859
4,1213,6872,0.02860376611351967
4,1214,6873,0.03174678981304169
4,1215,6874,0.09449870884418488
4,1216,6875,0.06255681067705154
4,1217,6876,0.08947907388210297
4,1218,6877,0.035836346447467804
4,1219,6878,0.02842313051223755
4,1220,6879,0.09954758733510971
4,1221,6880,0.04440426453948021
4,1222,6881,0.052021659910678864
4,1223,6882,0.1212557852268219
4,1224,6883,0.09932197630405426
4,1225,6884,0.02379320189356804
4,1226,6885,0.028184130787849426
4,1227,6886,0.03515732288360596
4,1228,6887,0.08980269730091095
4,1229,6888,0.07581177353858948
4,1230,6889,0.05136702209711075
4,1231,6890,0.12176504731178284
4,1232,6891,0.06662055850028992
4,1233,6892,0.03678267449140549
4,1234,6893,0.07196999341249466
4,1235,6894,0.10442639887332916
4,1236,6895,0.07508385181427002
4,1237,6896,0.07317416369915009
4,1238,6897,0.011427167803049088
4,1239,6898,0.06225229427218437
4,1240,6899,0.026249708607792854
4,1241,6900,0.015598594211041927
4,1242,6901,0.08865553885698318
4,1243,6902,0.045982085168361664
4,1244,6903,0.009759847074747086
4,1245,6904,0.036288101226091385
4,1246,6905,0.04861822724342346
4,1247,6906,0.013217352330684662
4,1248,6907,0.018728798255324364
4,1249,6908,0.04478251934051514
4,1250,6909,0.08301248401403427
4,1251,6910,0.06625687330961227
4,1252,6911,0.06344656646251678
4,1253,6912,0.041844435036182404
4,1254,6913,0.011849022470414639
4,1255,6914,0.10473446547985077
4,1256,6915,0.05765444040298462
4,1257,6916,0.012114880606532097
4,1258,6917,0.20028363168239594
4,1259,6918,0.07512310892343521
4,1260,6919,0.09793983399868011
4,1261,6920,0.06423941999673843
4,1262,6921,0.014595462009310722
4,1263,6922,0.00601230701431632
4,1264,6923,0.04425841197371483
4,1265,6924,0.1457124799489975
4,1266,6925,0.14130914211273193
4,1267,6926,0.046004850417375565
4,1268,6927,0.09867282211780548
4,1269,6928,0.060861699283123016
4,1270,6929,0.06188734248280525
4,1271,6930,0.025860650464892387
4,1272,6931,0.03549210727214813
4,1273,6932,0.0629042312502861
4,1274,6933,0.04205081984400749
4,1275,6934,0.018809903413057327
4,1276,6935,0.03651996701955795
4,1277,6936,0.010701305232942104
4,1278,6937,0.046797122806310654
4,1279,6938,0.07417058944702148
4,1280,6939,0.04057863727211952
4,1281,6940,0.06106916815042496
4,1282,6941,0.03939719870686531
4,1283,6942,0.015364323742687702
4,1284,6943,0.07524374127388
4,1285,6944,0.07028894126415253
4,1286,6945,0.03552092984318733
4,1287,6946,0.021553775295615196
4,1288,6947,0.04534270986914635
4,1289,6948,0.027108855545520782
4,1290,6949,0.04478752985596657
4,1291,6950,0.034391485154628754
4,1292,6951,0.03082278184592724
4,1293,6952,0.10147225856781006
4,1294,6953,0.022441206499934196
4,1295,6954,0.002300651976838708
4,1296,6955,0.044276583939790726
4,1297,6956,0.014772164635360241
4,1298,6957,0.04573819786310196
4,1299,6958,0.02884364314377308
4,1300,6959,0.03442566469311714
4,1301,6960,0.027967089787125587
4,1302,6961,0.03729592263698578
4,1303,6962,0.07637514919042587
4,1304,6963,0.06232471019029617
4,1305,6964,0.030798593536019325
4,1306,6965,0.035916928201913834
4,1307,6966,0.033471278846263885
4,1308,6967,0.03583120182156563
4,1309,6968,0.02698151208460331
4,1310,6969,0.1230422630906105
4,1311,6970,0.03410252556204796
4,1312,6971,0.07359334826469421
4,1313,6972,0.06101633980870247
4,1314,6973,0.013739201240241528
4,1315,6974,0.04243392497301102
4,1316,6975,0.0015282450476661325
4,1317,6976,0.0025540837086737156
4,1318,6977,0.007070278283208609
4,1319,6978,0.018013011664152145
4,1320,6979,0.14324964582920074
4,1321,6980,0.058928925544023514
4,1322,6981,0.0010749159846454859
4,1323,6982,0.04682910069823265
4,1324,6983,0.08712956309318542
4,1325,6984,0.0042524756863713264
4,1326,6985,0.11314121633768082
4,1327,6986,0.04526088014245033
4,1328,6987,0.012074911035597324
4,1329,6988,0.04285680875182152
4,1330,6989,0.03224211558699608
4,1331,6990,0.030281919986009598
4,1332,6991,0.0453307144343853
4,1333,6992,0.024275608360767365
4,1334,6993,0.10861366987228394
4,1335,6994,0.09618277847766876
4,1336,6995,0.0504019558429718
4,1337,6996,0.10628850758075714
4,1338,6997,0.02479681931436062
4,1339,6998,0.04142024740576744
4,1340,6999,0.09283193945884705
4,1341,7000,0.09350481629371643
4,1342,7001,0.12554602324962616
4,1343,7002,0.08126313984394073
4,1344,7003,0.082131527364254
4,1345,7004,0.013624649494886398
4,1346,7005,0.04628029838204384
4,1347,7006,0.0287811066955328
4,1348,7007,0.06383075565099716
4,1349,7008,0.037851400673389435
4,1350,7009,0.1491573601961136
4,1351,7010,0.123125821352005
4,1352,7011,0.09665904939174652
4,1353,7012,0.00781616847962141
4,1354,7013,0.103675976395607
4,1355,7014,0.0142378443852067
4,1356,7015,0.15671630203723907
4,1357,7016,0.06535079330205917
4,1358,7017,0.03230224549770355
4,1359,7018,0.039429545402526855
4,1360,7019,0.06229935586452484
4,1361,7020,0.0857560932636261
4,1362,7021,0.016592975705862045
4,1363,7022,0.07049685716629028
4,1364,7023,0.009270724840462208
4,1365,7024,0.06625281274318695
4,1366,7025,0.050920359790325165
4,1367,7026,0.16512180864810944
4,1368,7027,0.03686881437897682
4,1369,7028,0.15464843809604645
4,1370,7029,0.04882461950182915
4,1371,7030,0.016248932108283043
4,1372,7031,0.05111939087510109
4,1373,7032,0.11718831211328506
4,1374,7033,0.10277044028043747
4,1375,7034,0.022265292704105377
4,1376,7035,0.015314205549657345
4,1377,7036,0.07199223339557648
4,1378,7037,0.019644513726234436
4,1379,7038,0.06538746505975723
4,1380,7039,0.03949839621782303
4,1381,7040,0.14817513525485992
4,1382,7041,0.012011781334877014
4,1383,7042,0.03288906440138817
4,1384,7043,0.07716841995716095
4,1385,7044,0.028855206444859505
4,1386,7045,0.031256042420864105
4,1387,7046,0.042300473898649216
4,1388,7047,0.017746346071362495
4,1389,7048,0.03344525769352913
4,1390,7049,0.06691685318946838
4,1391,7050,0.03436175733804703
4,1392,7051,0.0036493970546871424
4,1393,7052,0.02646176889538765
4,1394,7053,0.027789883315563202
4,1395,7054,0.09224575757980347
4,1396,7055,0.033131860196590424
4,1397,7056,0.00912326667457819
4,1398,7057,0.009975191205739975
4,1399,7058,0.05413303151726723
4,1400,7059,0.019321884959936142
4,1401,7060,0.019126106053590775
4,1402,7061,0.051291827112436295
4,1403,7062,0.010707403533160686
4,1404,7063,0.06048461049795151
4,1405,7064,0.010378795675933361
4,1406,7065,0.02372273989021778
4,1407,7066,0.03443167731165886
4,1408,7067,0.07299641519784927
4,1409,7068,0.010788423009216785
4,1410,7069,0.047152865678071976
4,1411,7070,0.020174233242869377
4,1412,7071,0.09255670756101608
4,1413,7072,0.0532204732298851
4,1414,7073,0.09602591395378113
4,1415,7074,0.08819243311882019
5,1,7075,0.05470569431781769
5,2,7076,0.056820351630449295
5,3,7077,0.07139818370342255
5,4,7078,0.0173929575830698
5,5,7079,0.06684554368257523
5,6,7080,0.041284456849098206
5,7,7081,0.04437464103102684
5,8,7082,0.10921186953783035
5,9,7083,0.09657268226146698
5,10,7084,0.05658407881855965
5,11,7085,0.03418557345867157
5,12,7086,0.0379871241748333
5,13,7087,0.05872006714344025
5,14,7088,0.03655719757080078
5,15,7089,0.036462463438510895
5,16,7090,0.01829889975488186
5,17,7091,0.036488741636276245
5,18,7092,0.027135655283927917
5,19,7093,0.018158551305532455
5,20,7094,0.06193424016237259
5,21,7095,0.09249287843704224
5,22,7096,0.014964821748435497
5,23,7097,0.00991707481443882
5,24,7098,0.004399249795824289
5,25,7099,0.02884962223470211
5,26,7100,0.12477891147136688
5,27,7101,0.03891771286725998
5,28,7102,0.009879875928163528
5,29,7103,0.034706540405750275
5,30,7104,0.02747444063425064
5,31,7105,0.017789535224437714
5,32,7106,0.031393442302942276
5,33,7107,0.0376657135784626
5,34,7108,0.056620240211486816
5,35,7109,0.022817721590399742
5,36,7110,0.028527889400720596
5,37,7111,0.03725142031908035
5,38,7112,0.038511723279953
5,39,7113,0.03484839200973511
5,40,7114,0.04104827344417572
5,41,7115,0.02184281498193741
5,42,7116,0.030783507972955704
5,43,7117,0.060561709105968475
5,44,7118,0.03157726302742958
5,45,7119,0.012961688451468945
5,46,7120,0.05287301540374756
5,47,7121,0.015244744718074799
5,48,7122,0.04788573458790779
5,49,7123,0.11844544112682343
5,50,7124,0.009295848198235035
5,51,7125,0.01286741066724062
5,52,7126,0.029345782473683357
5,53,7127,0.09286187589168549
5,54,7128,0.0933152586221695
5,55,7129,0.0534561388194561
5,56,7130,0.027702851220965385
5,57,7131,0.030244166031479836
5,58,7132,0.026900798082351685
5,59,7133,0.039603687822818756
5,60,7134,0.07051645964384079
5,61,7135,0.05168442055583
5,62,7136,0.02212197333574295
5,63,7137,0.027245985344052315
5,64,7138,0.03532259538769722
5,65,7139,0.03974442929029465
5,66,7140,0.01885695569217205
5,67,7141,0.03783510625362396
5,68,7142,0.09996607899665833
5,69,7143,0.03938011825084686
5,70,7144,0.010538952425122261
5,71,7145,0.013252862729132175
5,72,7146,0.024560479447245598
5,73,7147,0.03423053398728371
5,74,7148,0.030388616025447845
5,75,7149,0.0024272792506963015
5,76,7150,0.06738586723804474
5,77,7151,0.09533680975437164
5,78,7152,0.058380238711833954
5,79,7153,0.061953261494636536
5,80,7154,0.06737634539604187
5,81,7155,0.03909093141555786
5,82,7156,0.024350954219698906
5,83,7157,0.049935609102249146
5,84,7158,0.025997579097747803
5,85,7159,0.036229897290468216
5,86,7160,0.12696756422519684
5,87,7161,0.00953505840152502
5,88,7162,0.025513142347335815
5,89,7163,0.0037538823671638966
5,90,7164,0.08798357844352722
5,91,7165,0.06740826368331909
5,92,7166,0.013225328177213669
5,93,7167,0.04575192183256149
5,94,7168,0.07799726724624634
5,95,7169,0.02479482814669609
5,96,7170,0.13824935257434845
5,97,7171,0.012473729439079762
5,98,7172,0.03611314296722412
5,99,7173,0.00576492864638567
5,100,7174,0.023388130590319633
5,101,7175,0.016576118767261505
5,102,7176,0.10737081617116928
5,103,7177,0.025529073551297188
5,104,7178,0.10237856209278107
5,105,7179,0.022141143679618835
5,106,7180,0.019651923328638077
5,107,7181,0.05963905528187752
5,108,7182,0.0046144044026732445
5,109,7183,0.024393105879426003
5,110,7184,0.0016060404013842344
5,111,7185,0.11326109617948532
5,112,7186,0.01660178042948246
5,113,7187,0.06636715680360794
5,114,7188,0.016422254964709282
5,115,7189,0.059260085225105286
5,116,7190,0.048516955226659775
5,117,7191,0.03612854331731796
5,118,7192,0.05040646344423294
5,119,7193,0.015238686464726925
5,120,7194,0.0835944265127182
5,121,7195,0.04423118382692337
5,122,7196,0.008121985010802746
5,123,7197,0.04841120168566704
5,124,7198,0.008541327901184559
5,125,7199,0.02548721618950367
5,126,7200,0.015780868008732796
5,127,7201,0.07169438153505325
5,128,7202,0.003651123261079192
5,129,7203,0.005934753455221653
5,130,7204,0.019743764773011208
5,131,7205,0.038736142218112946
5,132,7206,0.11689870804548264
5,133,7207,0.018742550164461136
5,134,7208,0.08502425998449326
5,135,7209,0.02209540829062462
5,136,7210,0.045778386294841766
5,137,7211,0.052254967391490936
5,138,7212,0.03650597110390663
5,139,7213,0.031254976987838745
5,140,7214,0.04916246980428696
5,141,7215,0.0020651197992265224
5,142,7216,0.014240456745028496
5,143,7217,0.06382421404123306
5,144,7218,0.0094309002161026
5,145,7219,0.08688563108444214
5,146,7220,0.019563281908631325
5,147,7221,0.008166460320353508
5,148,7222,0.10585197806358337
5,149,7223,0.020007064566016197
5,150,7224,0.006485425867140293
5,151,7225,0.061118803918361664
5,152,7226,0.007770266849547625
5,153,7227,0.02690492942929268
5,154,7228,0.15421853959560394
5,155,7229,0.042255792766809464
5,156,7230,0.09655597060918808
5,157,7231,0.0016737558180466294
5,158,7232,0.006568070966750383
5,159,7233,0.0579976849257946
5,160,7234,0.025359241291880608
5,161,7235,0.09421144425868988
5,162,7236,0.014517614617943764
5,163,7237,0.06240496411919594
5,164,7238,0.08728660643100739
5,165,7239,0.12787017226219177
5,166,7240,0.009793856181204319
5,167,7241,0.05709677189588547
5,168,7242,0.10463405400514603
5,169,7243,0.06481443345546722
5,170,7244,0.08980411291122437
5,171,7245,0.025891242548823357
5,172,7246,0.0700804591178894
5,173,7247,0.08510612696409225
5,174,7248,0.041663579642772675
5,175,7249,0.03968755528330803
5,176,7250,0.10309548676013947
5,177,7251,0.034125037491321564
5,178,7252,0.0038696900010108948
5,179,7253,0.04766087234020233
5,180,7254,0.032766081392765045
5,181,7255,0.0462629534304142
5,182,7256,0.013387766666710377
5,183,7257,0.026647567749023438
5,184,7258,0.02192196436226368
5,185,7259,0.025356819853186607
5,186,7260,0.03637373074889183
5,187,7261,0.014149283990263939
5,188,7262,0.025186840444803238
5,189,7263,0.027596455067396164
5,190,7264,0.04537263140082359
5,191,7265,0.01502285897731781
5,192,7266,0.044014908373355865
5,193,7267,0.004651809111237526
5,194,7268,0.015225321054458618
5,195,7269,0.03304434195160866
5,196,7270,0.01863572746515274
5,197,7271,0.018731994554400444
5,198,7272,0.005426796153187752
5,199,7273,0.06746173650026321
5,200,7274,0.1165146753191948
5,201,7275,0.011564905755221844
5,202,7276,0.01342509314417839
5,203,7277,0.10348054021596909
5,204,7278,0.057619377970695496
5,205,7279,0.06858731061220169
5,206,7280,0.06775142252445221
5,207,7281,0.022210750728845596
5,208,7282,0.020597821101546288
5,209,7283,0.05859573557972908
5,210,7284,0.021455280482769012
5,211,7285,0.017206015065312386
5,212,7286,0.03582174330949783
5,213,7287,0.01997867412865162
5,214,7288,0.00861495453864336
5,215,7289,0.011775216087698936
5,216,7290,0.11964049935340881
5,217,7291,0.035782698541879654
5,218,7292,0.034060049802064896
5,219,7293,0.0016477034660056233
5,220,7294,0.01951521262526512
5,221,7295,0.008071874268352985
5,222,7296,0.06642148643732071
5,223,7297,0.05976833403110504
5,224,7298,0.06165149807929993
5,225,7299,0.1349944770336151
5,226,7300,0.10187938064336777
5,227,7301,0.030697094276547432
5,228,7302,0.09677813202142715
5,229,7303,0.05437059700489044
5,230,7304,0.061748575419187546
5,231,7305,0.020563412457704544
5,232,7306,0.0457637719810009
5,233,7307,0.014889218844473362
5,234,7308,0.026213308796286583
5,235,7309,0.0012165450025349855
5,236,7310,0.038586586713790894
5,237,7311,0.008831541053950787
5,238,7312,0.1269480288028717
5,239,7313,0.042171966284513474
5,240,7314,0.022708024829626083
5,241,7315,0.07229463756084442
5,242,7316,0.005553651135414839
5,243,7317,0.036602456122636795
5,244,7318,0.01309887319803238
5,245,7319,0.12732145190238953
5,246,7320,0.06091746315360069
5,247,7321,0.06504513323307037
5,248,7322,0.006609818898141384
5,249,7323,0.012180503457784653
5,250,7324,0.04379432648420334
5,251,7325,0.005409384146332741
5,252,7326,0.0010427579982206225
5,253,7327,0.023956937715411186
5,254,7328,0.16570711135864258
5,255,7329,0.03390364721417427
5,256,7330,0.006368524394929409
5,257,7331,0.00404592789709568
5,258,7332,0.01397403422743082
5,259,7333,0.007155140396207571
5,260,7334,0.036118462681770325
5,261,7335,0.009047187864780426
5,262,7336,0.005711319390684366
5,263,7337,0.033674124628305435
5,264,7338,0.041256196796894073
5,265,7339,0.06916099041700363
5,266,7340,0.016769591718912125
5,267,7341,0.023722825571894646
5,268,7342,0.025813333690166473
5,269,7343,0.01855955831706524
5,270,7344,0.11176107078790665
5,271,7345,0.006373024545609951
5,272,7346,0.006760209798812866
5,273,7347,0.005919564515352249
5,274,7348,0.01205386221408844
5,275,7349,0.08874516189098358
5,276,7350,0.04439368471503258
5,277,7351,0.14401313662528992
5,278,7352,0.011826609261333942
5,279,7353,0.017625311389565468
5,280,7354,0.06477276980876923
5,281,7355,0.03652584180235863
5,282,7356,0.053516000509262085
5,283,7357,0.07463914901018143
5,284,7358,0.012730173766613007
5,285,7359,0.0344991460442543
5,286,7360,0.061899662017822266
5,287,7361,0.01402238942682743
5,288,7362,0.08704853802919388
5,289,7363,0.010418479330837727
5,290,7364,0.024723082780838013
5,291,7365,0.05031714588403702
5,292,7366,0.09769972413778305
5,293,7367,0.008379478938877583
5,294,7368,0.036133743822574615
5,295,7369,0.0316016785800457
5,296,7370,0.01898680254817009
5,297,7371,0.010257421992719173
5,298,7372,0.02365501970052719
5,299,7373,0.08930562436580658
5,300,7374,0.08252373337745667
5,301,7375,0.021000869572162628
5,302,7376,0.013013451360166073
5,303,7377,0.029091274365782738
5,304,7378,0.014953612349927425
5,305,7379,0.007939296774566174
5,306,7380,0.00894220545887947
5,307,7381,0.07692348212003708
5,308,7382,0.04630257189273834
5,309,7383,0.013126390986144543
5,310,7384,0.06825365871191025
5,311,7385,0.06363401561975479
5,312,7386,0.02669440023601055
5,313,7387,0.03877026215195656
5,314,7388,0.017344973981380463
5,315,7389,0.0030783088877797127
5,316,7390,0.019367659464478493
5,317,7391,0.03639112785458565
5,318,7392,0.06495992094278336
5,319,7393,0.013278204016387463
5,320,7394,0.00926768034696579
5,321,7395,0.10984162986278534
5,322,7396,0.06429099291563034
5,323,7397,0.028691792860627174
5,324,7398,0.08749913424253464
5,325,7399,0.035562608391046524
5,326,7400,0.03762700781226158
5,327,7401,0.047981929033994675
5,328,7402,0.009562492370605469
5,329,7403,0.03141961619257927
5,330,7404,0.133001908659935
5,331,7405,0.024457775056362152
5,332,7406,0.019295979291200638
5,333,7407,0.03558878228068352
5,334,7408,0.0082530677318573
5,335,7409,0.02250153385102749
5,336,7410,0.02657114900648594
5,337,7411,0.008811877109110355
5,338,7412,0.08205664902925491
5,339,7413,0.014612850733101368
5,340,7414,0.03398526459932327
5,341,7415,0.024865444749593735
5,342,7416,0.030354751273989677
5,343,7417,0.041841451078653336
5,344,7418,0.11833061277866364
5,345,7419,0.015692787244915962
5,346,7420,0.06321468949317932
5,347,7421,0.04537315294146538
5,348,7422,0.12680867314338684
5,349,7423,0.011359471827745438
5,350,7424,0.1732449233531952
5,351,7425,0.02320932038128376
5,352,7426,0.00743858702480793
5,353,7427,0.01926419511437416
5,354,7428,0.0038293858524411917
5,355,7429,0.04872412607073784
5,356,7430,0.0033892348874360323
5,357,7431,0.0020687503274530172
5,358,7432,0.08288463205099106
5,359,7433,0.039140570908784866
5,360,7434,0.049897413700819016
5,361,7435,0.032966505736112595
5,362,7436,0.007015346549451351
5,363,7437,0.045175328850746155
5,364,7438,0.007154607679694891
5,365,7439,0.00561091024428606
5,366,7440,0.008306114003062248
5,367,7441,0.006982887163758278
5,368,7442,0.014781295321881771
5,369,7443,0.004207418765872717
5,370,7444,0.031147904694080353
5,371,7445,0.047431595623493195
5,372,7446,0.006578951608389616
5,373,7447,0.009056303650140762
5,374,7448,0.02059456706047058
5,375,7449,0.05474497750401497
5,376,7450,0.0488026924431324
5,377,7451,0.08857786655426025
5,378,7452,0.09030795097351074
5,379,7453,0.0104314424097538
5,380,7454,0.004945994354784489
5,381,7455,0.017242431640625
5,382,7456,0.02376621589064598
5,383,7457,0.06392617523670197
5,384,7458,0.01804014854133129
5,385,7459,0.04228856787085533
5,386,7460,0.04323473572731018
5,387,7461,0.029791172593832016
5,388,7462,0.012147247791290283
5,389,7463,0.042136307805776596
5,390,7464,0.016779005527496338
5,391,7465,0.04933452978730202
5,392,7466,0.012250861153006554
5,393,7467,0.0026267478242516518
5,394,7468,0.16649991273880005
5,395,7469,0.00133620691485703
5,396,7470,0.019237136468291283
5,397,7471,0.03106553666293621
5,398,7472,0.028299111872911453
5,399,7473,0.010778981260955334
5,400,7474,0.02227889746427536
5,401,7475,0.08910457044839859
5,402,7476,0.04497433826327324
5,403,7477,0.01023128628730774
5,404,7478,0.008848264813423157
5,405,7479,0.030904171988368034
5,406,7480,0.049214381724596024
5,407,7481,0.03202328085899353
5,408,7482,0.0025559633504599333
5,409,7483,0.00495267054066062
5,410,7484,0.025910615921020508
5,411,7485,0.10614427179098129
5,412,7486,0.0049986098892986774
5,413,7487,0.005912487395107746
5,414,7488,0.0004247316101100296
5,415,7489,0.028611045330762863
5,416,7490,0.04894893988966942
5,417,7491,0.0477389357984066
5,418,7492,0.005215335171669722
5,419,7493,0.007526559289544821
5,420,7494,0.037400420755147934
5,421,7495,0.11188532412052155
5,422,7496,0.004090139642357826
5,423,7497,0.03708939999341965
5,424,7498,0.05006268247961998
5,425,7499,0.006427863147109747
5,426,7500,0.17876306176185608
5,427,7501,0.04948259890079498
5,428,7502,0.013325774110853672
5,429,7503,0.06614520400762558
5,430,7504,0.00459872605279088
5,431,7505,0.04737642779946327
5,432,7506,0.03984850272536278
5,433,7507,0.027667786926031113
5,434,7508,0.03810718283057213
5,435,7509,0.018480414524674416
5,436,7510,0.06326968222856522
5,437,7511,0.07412518560886383
5,438,7512,0.03959622606635094
5,439,7513,0.05886713042855263
5,440,7514,0.10552974045276642
5,441,7515,0.02871614322066307
5,442,7516,0.030714262276887894
5,443,7517,0.0626968964934349
5,444,7518,0.004238266497850418
5,445,7519,0.08306819945573807
5,446,7520,0.06302684545516968
5,447,7521,0.023535707965493202
5,448,7522,0.031631093472242355
5,449,7523,0.033708229660987854
5,450,7524,0.0029374996665865183
5,451,7525,0.033152446150779724
5,452,7526,0.006682392209768295
5,453,7527,0.03409605100750923
5,454,7528,0.03704816848039627
5,455,7529,0.005342139862477779
5,456,7530,0.031160373240709305
5,457,7531,0.04143516346812248
5,458,7532,0.026070768013596535
5,459,7533,0.03129689767956734
5,460,7534,0.07114928960800171
5,461,7535,0.02607342042028904
5,462,7536,0.02839178405702114
5,463,7537,0.08875581622123718
5,464,7538,0.03692208603024483
5,465,7539,0.06866437941789627
5,466,7540,0.03314769268035889
5,467,7541,0.007899364456534386
5,468,7542,0.005097234155982733
5,469,7543,0.09998723864555359
5,470,7544,0.02221294678747654
5,471,7545,0.006531629245728254
5,472,7546,0.06609988957643509
5,473,7547,0.053573425859212875
5,474,7548,0.017953263595700264
5,475,7549,0.14028021693229675
5,476,7550,0.08558925241231918
5,477,7551,0.075919009745121
5,478,7552,0.032665930688381195
5,479,7553,0.02940394915640354
5,480,7554,0.01722407341003418
5,481,7555,0.053687162697315216
5,482,7556,0.01075789239257574
5,483,7557,0.08157847821712494
5,484,7558,0.05846407264471054
5,485,7559,0.0678270235657692
5,486,7560,0.09293022751808167
5,487,7561,0.012599174864590168
5,488,7562,0.05074382945895195
5,489,7563,0.02692141756415367
5,490,7564,0.14373251795768738
5,491,7565,0.06129949912428856
5,492,7566,0.08429277688264847
5,493,7567,0.008370429277420044
5,494,7568,0.10236650705337524
5,495,7569,0.13515542447566986
5,496,7570,0.05854247882962227
5,497,7571,0.14542913436889648
5,498,7572,0.02724507823586464
5,499,7573,0.0774175301194191
5,500,7574,0.016008440405130386
5,501,7575,0.1075444296002388
5,502,7576,0.013084495440125465
5,503,7577,0.02734997682273388
5,504,7578,0.07270863652229309
5,505,7579,0.021449288353323936
5,506,7580,0.10376952588558197
5,507,7581,0.12363526225090027
5,508,7582,0.06696446985006332
5,509,7583,0.06816508620977402
5,510,7584,0.020870262756943703
5,511,7585,0.015599916689097881
5,512,7586,0.053926676511764526
5,513,7587,0.019465992227196693
5,514,7588,0.02093423716723919
5,515,7589,0.03848930448293686
5,516,7590,0.10163389891386032
5,517,7591,0.05352914333343506
5,518,7592,0.02794772759079933
5,519,7593,0.041063372045755386
5,520,7594,0.0015923144528642297
5,521,7595,0.12868288159370422
5,522,7596,0.161298006772995
5,523,7597,0.02641175128519535
5,524,7598,0.03545347973704338
5,525,7599,0.0500127375125885
5,526,7600,0.06012770161032677
5,527,7601,0.017060356214642525
5,528,7602,0.03919054567813873
5,529,7603,0.03917301446199417
5,530,7604,0.058636680245399475
5,531,7605,0.03615635633468628
5,532,7606,0.09152695536613464
5,533,7607,0.028983380645513535
5,534,7608,0.1444980949163437
5,535,7609,0.01822461560368538
5,536,7610,0.054919011890888214
5,537,7611,0.14033110439777374
5,538,7612,0.039868611842393875
5,539,7613,0.09634881466627121
5,540,7614,0.013055447489023209
5,541,7615,0.03989086672663689
5,542,7616,0.11822176724672318
5,543,7617,0.023745721206068993
5,544,7618,0.03576366975903511
5,545,7619,0.03392241895198822
5,546,7620,0.028199831023812294
5,547,7621,0.06566338986158371
5,548,7622,0.014977404847741127
5,549,7623,0.042629364877939224
5,550,7624,0.022104091942310333
5,551,7625,0.021193545311689377
5,552,7626,0.04075334593653679
5,553,7627,0.014403698965907097
5,554,7628,0.0141723258420825
5,555,7629,0.14314967393875122
5,556,7630,0.011557011865079403
5,557,7631,0.015650179237127304
5,558,7632,0.005494446959346533
5,559,7633,0.026431070640683174
5,560,7634,0.008243964985013008
5,561,7635,0.11251869797706604
5,562,7636,0.00793179590255022
5,563,7637,0.032243240624666214
5,564,7638,0.04052139073610306
5,565,7639,0.0650937408208847
5,566,7640,0.06015978753566742
5,567,7641,0.09271536767482758
5,568,7642,0.024376070126891136
5,569,7643,0.023568712174892426
5,570,7644,0.06588517874479294
5,571,7645,0.03561132028698921
5,572,7646,0.022099437192082405
5,573,7647,0.060623254626989365
5,574,7648,0.036032769829034805
5,575,7649,0.08061292767524719
5,576,7650,0.04278156906366348
5,577,7651,0.012681153602898121
5,578,7652,0.01715714856982231
5,579,7653,0.058322131633758545
5,580,7654,0.017697351053357124
5,581,7655,0.05081677809357643
5,582,7656,0.03545212000608444
5,583,7657,0.049521904438734055
5,584,7658,0.13351517915725708
5,585,7659,0.07429451495409012
5,586,7660,0.0187037643045187
5,587,7661,0.025163723155856133
5,588,7662,0.04849610477685928
5,589,7663,0.06568028032779694
5,590,7664,0.012342029251158237
5,591,7665,0.1316569596529007
5,592,7666,0.024060053750872612
5,593,7667,0.08173651993274689
5,594,7668,0.017706675454974174
5,595,7669,0.03550615906715393
5,596,7670,0.033212900161743164
5,597,7671,0.01397166308015585
5,598,7672,0.023664332926273346
5,599,7673,0.12069129943847656
5,600,7674,0.055275797843933105
5,601,7675,0.045047856867313385
5,602,7676,0.003279878059402108
5,603,7677,0.01733234152197838
5,604,7678,0.02476152405142784
5,605,7679,0.009102456271648407
5,606,7680,0.07020002603530884
5,607,7681,0.06316681206226349
5,608,7682,0.024288617074489594
5,609,7683,0.05568024143576622
5,610,7684,0.008152329362928867
5,611,7685,0.025700142607092857
5,612,7686,0.013124151155352592
5,613,7687,0.01243932731449604
5,614,7688,0.020210742950439453
5,615,7689,0.008942159824073315
5,616,7690,0.008669048547744751
5,617,7691,0.013285476714372635
5,618,7692,0.012625237926840782
5,619,7693,0.01003582775592804
5,620,7694,0.2130298614501953
5,621,7695,0.007476204540580511
5,622,7696,0.07124695926904678
5,623,7697,0.028844496235251427
5,624,7698,0.01967093162238598
5,625,7699,0.015173998661339283
5,626,7700,0.018333688378334045
5,627,7701,0.0039011070039123297
5,628,7702,0.022953148931264877
5,629,7703,0.044333089143037796
5,630,7704,0.04967299476265907
5,631,7705,0.051306791603565216
5,632,7706,0.019454870373010635
5,633,7707,0.05273476988077164
5,634,7708,0.02945965714752674
5,635,7709,0.010417084209620953
5,636,7710,0.059625256806612015
5,637,7711,0.0888141468167305
5,638,7712,0.006739437580108643
5,639,7713,0.017902927473187447
5,640,7714,0.07327673584222794
5,641,7715,0.06685086339712143
5,642,7716,0.005650612059980631
5,643,7717,0.007861461490392685
5,644,7718,0.003425236791372299
5,645,7719,0.06273175030946732
5,646,7720,0.012241666205227375
5,647,7721,0.030664071440696716
5,648,7722,0.008460869081318378
5,649,7723,0.07203150540590286
5,650,7724,0.012667546048760414
5,651,7725,0.09362910687923431
5,652,7726,0.03778018429875374
5,653,7727,0.014555888250470161
5,654,7728,0.060703642666339874
5,655,7729,0.012005134485661983
5,656,7730,0.0073653352446854115
5,657,7731,0.02571331337094307
5,658,7732,0.032164525240659714
5,659,7733,0.02506706304848194
5,660,7734,0.0045744082890450954
5,661,7735,0.0019191973842680454
5,662,7736,0.019910629838705063
5,663,7737,0.07394824922084808
5,664,7738,0.0408887080848217
5,665,7739,0.007011390756815672
5,666,7740,0.045703720301389694
5,667,7741,0.0794588029384613
5,668,7742,0.009413192979991436
5,669,7743,0.008681134320795536
5,670,7744,0.013465242460370064
5,671,7745,0.007554946932941675
5,672,7746,0.015637613832950592
5,673,7747,0.023028604686260223
5,674,7748,0.05387742817401886
5,675,7749,0.020005330443382263
5,676,7750,0.06180228292942047
5,677,7751,0.031023481860756874
5,678,7752,0.10222755372524261
5,679,7753,0.012366542592644691
5,680,7754,0.0709923803806305
5,681,7755,0.018245775252580643
5,682,7756,0.04083766043186188
5,683,7757,0.042440637946128845
5,684,7758,0.010815895162522793
5,685,7759,0.04843979701399803
5,686,7760,0.036513324826955795
5,687,7761,0.01667008176445961
5,688,7762,0.05702516809105873
5,689,7763,0.01955678127706051
5,690,7764,0.06884346157312393
5,691,7765,0.06577161699533463
5,692,7766,0.0035496342461556196
5,693,7767,0.05549444258213043
5,694,7768,0.05459686741232872
5,695,7769,0.05497369170188904
5,696,7770,0.04489551857113838
5,697,7771,0.03511546552181244
5,698,7772,0.08273909986019135
5,699,7773,0.038287773728370667
5,700,7774,0.03421645984053612
5,701,7775,0.012167837470769882
5,702,7776,0.04856148362159729
5,703,7777,0.01474443357437849
5,704,7778,0.030615152791142464
5,705,7779,0.0015553997363895178
5,706,7780,0.08044002205133438
5,707,7781,0.04052652046084404
5,708,7782,0.025628969073295593
5,709,7783,0.009115892462432384
5,710,7784,0.0354304239153862
5,711,7785,0.018779926002025604
5,712,7786,0.015507135540246964
5,713,7787,0.010803827084600925
5,714,7788,0.017456872388720512
5,715,7789,0.018521877005696297
5,716,7790,0.005972056183964014
5,717,7791,0.002490125596523285
5,718,7792,0.019090987741947174
5,719,7793,0.016025105491280556
5,720,7794,0.01645630970597267
5,721,7795,0.022774333134293556
5,722,7796,0.006883165333420038
5,723,7797,0.047154854983091354
5,724,7798,0.0241304449737072
5,725,7799,0.030910177156329155
5,726,7800,0.02531280368566513
5,727,7801,0.019728094339370728
5,728,7802,0.016543986275792122
5,729,7803,0.04627807438373566
5,730,7804,0.07067601382732391
5,731,7805,0.04213182255625725
5,732,7806,0.05132615938782692
5,733,7807,0.007358082104474306
5,734,7808,0.0495167151093483
5,735,7809,0.013041854836046696
5,736,7810,0.25288093090057373
5,737,7811,0.10485712438821793
5,738,7812,0.006953392177820206
5,739,7813,0.08267506211996078
5,740,7814,0.019760891795158386
5,741,7815,0.010626536794006824
5,742,7816,0.023881282657384872
5,743,7817,0.018410803750157356
5,744,7818,0.017778601497411728
5,745,7819,0.029566120356321335
5,746,7820,0.038490310311317444
5,747,7821,0.0679774358868599
5,748,7822,0.050315357744693756
5,749,7823,0.0073129404336214066
5,750,7824,0.01637682318687439
5,751,7825,0.06651747971773148
5,752,7826,0.04470605030655861
5,753,7827,0.006605105008929968
5,754,7828,0.006648506037890911
5,755,7829,0.03655407205224037
5,756,7830,0.015324030071496964
5,757,7831,0.0012941829627379775
5,758,7832,0.002442243741825223
5,759,7833,0.08609574288129807
5,760,7834,0.007094103377312422
5,761,7835,0.07477962225675583
5,762,7836,0.004280190449208021
5,763,7837,0.03992590308189392
5,764,7838,0.05075978860259056
5,765,7839,0.007350408937782049
5,766,7840,0.024999286979436874
5,767,7841,0.13141180574893951
5,768,7842,0.036819860339164734
5,769,7843,0.02228013426065445
5,770,7844,0.04084017127752304
5,771,7845,0.028869541361927986
5,772,7846,0.021060438826680183
5,773,7847,0.004803651478141546
5,774,7848,0.004496766719967127
5,775,7849,0.00937862042337656
5,776,7850,0.05360513925552368
5,777,7851,0.0014591403305530548
5,778,7852,0.13874155282974243
5,779,7853,0.003237877506762743
5,780,7854,0.0862748920917511
5,781,7855,0.0019630605820566416
5,782,7856,0.05922801420092583
5,783,7857,0.0294049009680748
5,784,7858,0.06521975994110107
5,785,7859,0.009373524226248264
5,786,7860,0.01966395229101181
5,787,7861,0.015918631106615067
5,788,7862,0.07185587286949158
5,789,7863,0.036068521440029144
5,790,7864,0.0336918942630291
5,791,7865,0.013485057279467583
5,792,7866,0.008509247563779354
5,793,7867,0.026908760890364647
5,794,7868,0.019184518605470657
5,795,7869,0.03722119703888893
5,796,7870,0.025520412251353264
5,797,7871,0.018044488504529
5,798,7872,0.005413085222244263
5,799,7873,0.062790147960186
5,800,7874,0.08214530348777771
5,801,7875,0.03993513062596321
5,802,7876,0.0387004055082798
5,803,7877,0.008677763864398003
5,804,7878,0.012550140731036663
5,805,7879,0.011756835505366325
5,806,7880,0.0100783072412014
5,807,7881,0.08228558301925659
5,808,7882,0.010152749717235565
5,809,7883,0.011768629774451256
5,810,7884,0.025072388350963593
5,811,7885,0.03432782366871834
5,812,7886,0.04905083030462265
5,813,7887,0.05590543895959854
5,814,7888,0.00787744577974081
5,815,7889,0.005971188191324472
5,816,7890,0.005737670231610537
5,817,7891,0.038040682673454285
5,818,7892,0.05063772574067116
5,819,7893,0.007971180602908134
5,820,7894,0.015533434227108955
5,821,7895,0.038825660943984985
5,822,7896,0.020114460960030556
5,823,7897,0.02544472925364971
5,824,7898,0.03982109948992729
5,825,7899,0.04329588636755943
5,826,7900,0.007274065166711807
5,827,7901,0.020168187096714973
5,828,7902,0.03901228308677673
5,829,7903,0.06340567022562027
5,830,7904,0.003477645805105567
5,831,7905,0.019998477771878242
5,832,7906,0.013440164737403393
5,833,7907,0.11545182764530182
5,834,7908,0.018562402576208115
5,835,7909,0.08304863423109055
5,836,7910,0.007041470613330603
5,837,7911,0.03024926409125328
5,838,7912,0.003127869451418519
5,839,7913,0.04942021146416664
5,840,7914,0.005052926018834114
5,841,7915,0.18894511461257935
5,842,7916,0.007191825658082962
5,843,7917,0.056973107159137726
5,844,7918,0.06550603359937668
5,845,7919,0.06587295979261398
5,846,7920,0.046654798090457916
5,847,7921,0.0187620110809803
5,848,7922,0.029130149632692337
5,849,7923,0.02838115394115448
5,850,7924,0.05298416316509247
5,851,7925,0.015334486030042171
5,852,7926,0.023933107033371925
5,853,7927,0.0030666363891214132
5,854,7928,0.013542858883738518
5,855,7929,0.03519027680158615
5,856,7930,0.005868176463991404
5,857,7931,0.01527841854840517
5,858,7932,0.029073387384414673
5,859,7933,0.0590452216565609
5,860,7934,0.008882256224751472
5,861,7935,0.009711187332868576
5,862,7936,0.04655260592699051
5,863,7937,0.03348838910460472
5,864,7938,0.057669028639793396
5,865,7939,0.027374107390642166
5,866,7940,0.19305075705051422
5,867,7941,0.02027260884642601
5,868,7942,0.04468028247356415
5,869,7943,0.1148863211274147
5,870,7944,0.06300460547208786
5,871,7945,0.10112585127353668
5,872,7946,0.03646397963166237
5,873,7947,0.03828111290931702
5,874,7948,0.17830146849155426
5,875,7949,0.047988295555114746
5,876,7950,0.01622440107166767
5,877,7951,0.008857037872076035
5,878,7952,0.033612705767154694
5,879,7953,0.032394446432590485
5,880,7954,0.02237328700721264
5,881,7955,0.023493628948926926
5,882,7956,0.016583461314439774
5,883,7957,0.10396163910627365
5,884,7958,0.04997994750738144
5,885,7959,0.06573356688022614
5,886,7960,0.03490881621837616
5,887,7961,0.06583139300346375
5,888,7962,0.03889624401926994
5,889,7963,0.02348082698881626
5,890,7964,0.02346828207373619
5,891,7965,0.14593370258808136
5,892,7966,0.008586990647017956
5,893,7967,0.005063939373940229
5,894,7968,0.0523725301027298
5,895,7969,0.05243075266480446
5,896,7970,0.005269333254545927
5,897,7971,0.011597168631851673
5,898,7972,0.042456429451704025
5,899,7973,0.06428512930870056
5,900,7974,0.001356772263534367
5,901,7975,0.04419126734137535
5,902,7976,0.13835853338241577
5,903,7977,0.009213997982442379
5,904,7978,0.004809683188796043
5,905,7979,0.0060128443874418736
5,906,7980,0.11053986847400665
5,907,7981,0.11001310497522354
5,908,7982,0.009234686382114887
5,909,7983,0.10491237789392471
5,910,7984,0.012836639769375324
5,911,7985,0.011504082940518856
5,912,7986,0.01056554727256298
5,913,7987,0.028023263439536095
5,914,7988,0.008722379803657532
5,915,7989,0.05663368105888367
5,916,7990,0.0030412436462938786
5,917,7991,0.0579378642141819
5,918,7992,0.09699388593435287
5,919,7993,0.06380284577608109
5,920,7994,0.017872238531708717
5,921,7995,0.013948791660368443
5,922,7996,0.02577218785881996
5,923,7997,0.011567825451493263
5,924,7998,0.04210749268531799
5,925,7999,0.04639309272170067
5,926,8000,0.05673211067914963
5,927,8001,0.013547743670642376
5,928,8002,0.05421219393610954
5,929,8003,0.05402810126543045
5,930,8004,0.10707251727581024
5,931,8005,0.006520056165754795
5,932,8006,0.026787178590893745
5,933,8007,0.009321300312876701
5,934,8008,0.015117615461349487
5,935,8009,0.030159873887896538
5,936,8010,0.04946213588118553
5,937,8011,0.023327546194195747
5,938,8012,0.04523817077279091
5,939,8013,0.07733931392431259
5,940,8014,0.031583935022354126
5,941,8015,0.05853678658604622
5,942,8016,0.020339185371994972
5,943,8017,0.049209114164114
5,944,8018,0.08824895322322845
5,945,8019,0.03267240524291992
5,946,8020,0.014335003681480885
5,947,8021,0.006904345005750656
5,948,8022,0.03234586492180824
5,949,8023,0.03890913724899292
5,950,8024,0.04690583050251007
5,951,8025,0.014955040998756886
5,952,8026,0.028457725420594215
5,953,8027,0.04423542320728302
5,954,8028,0.009808249771595001
5,955,8029,0.031761445105075836
5,956,8030,0.015595530159771442
5,957,8031,0.014114420861005783
5,958,8032,0.06376349180936813
5,959,8033,0.06283045560121536
5,960,8034,0.01254593301564455
5,961,8035,0.052847765386104584
5,962,8036,0.02114294469356537
5,963,8037,0.015534254722297192
5,964,8038,0.0826735869050026
5,965,8039,0.02251468040049076
5,966,8040,0.010462465696036816
5,967,8041,0.0012560689356178045
5,968,8042,0.05439935624599457
5,969,8043,0.006209745537489653
5,970,8044,0.0024024243466556072
5,971,8045,0.07887694984674454
5,972,8046,0.012546894140541553
5,973,8047,0.0568464919924736
5,974,8048,0.04251169040799141
5,975,8049,0.019024277105927467
5,976,8050,0.017167212441563606
5,977,8051,0.03905840963125229
5,978,8052,0.11523795872926712
5,979,8053,0.05081811174750328
5,980,8054,0.051080163568258286
5,981,8055,0.024723568931221962
5,982,8056,0.01815105229616165
5,983,8057,0.057711340487003326
5,984,8058,0.018462205305695534
5,985,8059,0.022298406809568405
5,986,8060,0.009724418632686138
5,987,8061,0.016691362485289574
5,988,8062,0.024371672421693802
5,989,8063,0.035623908042907715
5,990,8064,0.009006181731820107
5,991,8065,0.021777696907520294
5,992,8066,0.021234450861811638
5,993,8067,0.010550961829721928
5,994,8068,0.023382293060421944
5,995,8069,0.01896287314593792
5,996,8070,0.021353498101234436
5,997,8071,0.01279661525040865
5,998,8072,0.05027516558766365
5,999,8073,0.010584533214569092
5,1000,8074,0.010811771266162395
5,1001,8075,0.006547083146870136
5,1002,8076,0.007404691074043512
5,1003,8077,0.05177565664052963
5,1004,8078,0.016852831467986107
5,1005,8079,0.025704773142933846
5,1006,8080,0.015405239537358284
5,1007,8081,0.052230920642614365
5,1008,8082,0.015350667759776115
5,1009,8083,0.0030993365217000246
5,1010,8084,0.00786858145147562
5,1011,8085,0.052798107266426086
5,1012,8086,0.06802117824554443
5,1013,8087,0.059286464005708694
5,1014,8088,0.07315602153539658
5,1015,8089,0.0025036444421857595
5,1016,8090,0.005322570446878672
5,1017,8091,0.07355213910341263
5,1018,8092,0.0026351911947131157
5,1019,8093,0.00474880076944828
5,1020,8094,0.004370624665170908
5,1021,8095,0.05539466440677643
5,1022,8096,0.07768096774816513
5,1023,8097,0.011909128166735172
5,1024,8098,0.03811051696538925
5,1025,8099,0.02239285781979561
5,1026,8100,0.02717084437608719
5,1027,8101,0.02545461617410183
5,1028,8102,0.04096060246229172
5,1029,8103,0.1051843985915184
5,1030,8104,0.08293833583593369
5,1031,8105,0.04187462106347084
5,1032,8106,0.02025003544986248
5,1033,8107,0.04129371419548988
5,1034,8108,0.0719812884926796
5,1035,8109,0.010116570629179478
5,1036,8110,0.11691654473543167
5,1037,8111,0.035521358251571655
5,1038,8112,0.02968202345073223
5,1039,8113,0.006954909767955542
5,1040,8114,0.10628755390644073
5,1041,8115,0.003244273131713271
5,1042,8116,0.017702743411064148
5,1043,8117,0.1101420521736145
5,1044,8118,0.09493322670459747
5,1045,8119,0.023027898743748665
5,1046,8120,0.01820790208876133
5,1047,8121,0.017012614756822586
5,1048,8122,0.017087509855628014
5,1049,8123,0.015043583698570728
5,1050,8124,0.007235812954604626
5,1051,8125,0.0249539352953434
5,1052,8126,0.13765326142311096
5,1053,8127,0.03038734942674637
5,1054,8128,0.0120951347053051
5,1055,8129,0.02462190017104149
5,1056,8130,0.017206426709890366
5,1057,8131,0.061028335243463516
5,1058,8132,0.028745213523507118
5,1059,8133,0.00423897709697485
5,1060,8134,0.007665128912776709
5,1061,8135,0.023117462173104286
5,1062,8136,0.18689391016960144
5,1063,8137,0.06136348843574524
5,1064,8138,0.05498119071125984
5,1065,8139,0.0427372045814991
5,1066,8140,0.022952234372496605
5,1067,8141,0.010995750315487385
5,1068,8142,0.09230111539363861
5,1069,8143,0.005729521159082651
5,1070,8144,0.04228837415575981
5,1071,8145,0.011344791390001774
5,1072,8146,0.04291822016239166
5,1073,8147,0.06155874952673912
5,1074,8148,0.011135594919323921
5,1075,8149,0.018452253192663193
5,1076,8150,0.030414162203669548
5,1077,8151,0.025290077552199364
5,1078,8152,0.059471625834703445
5,1079,8153,0.022612106055021286
5,1080,8154,0.011653962545096874
5,1081,8155,0.0038405845407396555
5,1082,8156,0.01610605977475643
5,1083,8157,0.006794107612222433
5,1084,8158,0.04288651794195175
5,1085,8159,0.031077897176146507
5,1086,8160,0.036045756191015244
5,1087,8161,0.007608049549162388
5,1088,8162,0.06341943144798279
5,1089,8163,0.00896312016993761
5,1090,8164,0.004290940705686808
5,1091,8165,0.024812161922454834
5,1092,8166,0.1528666466474533
5,1093,8167,0.04561225697398186
5,1094,8168,0.020195985212922096
5,1095,8169,0.0477801077067852
5,1096,8170,0.0498502179980278
5,1097,8171,0.0191202312707901
5,1098,8172,0.07028953731060028
5,1099,8173,0.007700847461819649
5,1100,8174,0.013196972198784351
5,1101,8175,0.046462900936603546
5,1102,8176,0.05361926555633545
5,1103,8177,0.03559228032827377
5,1104,8178,0.002689421409741044
5,1105,8179,0.04369894042611122
5,1106,8180,0.01771213300526142
5,1107,8181,0.05454831197857857
5,1108,8182,0.014129985123872757
5,1109,8183,0.04683726653456688
5,1110,8184,0.022041702643036842
5,1111,8185,0.09502959251403809
5,1112,8186,0.004869462456554174
5,1113,8187,0.02318892814218998
5,1114,8188,0.002560204826295376
5,1115,8189,0.08283586800098419
5,1116,8190,0.010809984058141708
5,1117,8191,0.019434722140431404
5,1118,8192,0.006908073555678129
5,1119,8193,0.04637754708528519
5,1120,8194,0.06524607539176941
5,1121,8195,0.0560833103954792
5,1122,8196,0.020461570471525192
5,1123,8197,0.006322489585727453
5,1124,8198,0.004463033750653267
5,1125,8199,0.07285378128290176
5,1126,8200,0.020025741308927536
5,1127,8201,0.013725447468459606
5,1128,8202,0.07850858569145203
5,1129,8203,0.05642266198992729
5,1130,8204,0.006226105149835348
5,1131,8205,0.003513009287416935
5,1132,8206,0.007097889669239521
5,1133,8207,0.0030628100503236055
5,1134,8208,0.029196886345744133
5,1135,8209,0.10259996354579926
5,1136,8210,0.010965501889586449
5,1137,8211,0.05988899618387222
5,1138,8212,0.01635221391916275
5,1139,8213,0.02624397724866867
5,1140,8214,0.013957107439637184
5,1141,8215,0.015828480944037437
5,1142,8216,0.002413614420220256
5,1143,8217,0.019032876938581467
5,1144,8218,0.008228350430727005
5,1145,8219,0.03926709666848183
5,1146,8220,0.01600721850991249
5,1147,8221,0.0970112755894661
5,1148,8222,0.009411156177520752
5,1149,8223,0.011653827503323555
5,1150,8224,0.06582190096378326
5,1151,8225,0.0016174900811165571
5,1152,8226,0.11489181965589523
5,1153,8227,0.11123702675104141
5,1154,8228,0.020564792677760124
5,1155,8229,0.007585097569972277
5,1156,8230,0.09861519187688828
5,1157,8231,0.024239733815193176
5,1158,8232,0.029689639806747437
5,1159,8233,0.00788871105760336
5,1160,8234,0.07231411337852478
5,1161,8235,0.04119057208299637
5,1162,8236,0.015217825770378113
5,1163,8237,0.018286293372511864
5,1164,8238,0.006743656937032938
5,1165,8239,0.02056880109012127
5,1166,8240,0.04489203542470932
5,1167,8241,0.030395155772566795
5,1168,8242,0.012020734138786793
5,1169,8243,0.015529122203588486
5,1170,8244,0.026750752702355385
5,1171,8245,0.011510037817060947
5,1172,8246,0.11170820891857147
5,1173,8247,0.004045411944389343
5,1174,8248,0.06436426192522049
5,1175,8249,0.045148950070142746
5,1176,8250,0.013220087625086308
5,1177,8251,0.00993402861058712
5,1178,8252,0.004818412475287914
5,1179,8253,0.19821509718894958
5,1180,8254,0.01160463597625494
5,1181,8255,0.005265222862362862
5,1182,8256,0.1029721274971962
5,1183,8257,0.09091005474328995
5,1184,8258,0.05079103633761406
5,1185,8259,0.04302762448787689
5,1186,8260,0.05417931079864502
5,1187,8261,0.07888153195381165
5,1188,8262,0.038064561784267426
5,1189,8263,0.08221261203289032
5,1190,8264,0.02823326736688614
5,1191,8265,0.03038915991783142
5,1192,8266,0.12619587779045105
5,1193,8267,0.08493929356336594
5,1194,8268,0.07055619359016418
5,1195,8269,0.003665866097435355
5,1196,8270,0.010925960727036
5,1197,8271,0.032789796590805054
5,1198,8272,0.008399344980716705
5,1199,8273,0.13954609632492065
5,1200,8274,0.045375432819128036
5,1201,8275,0.06483162939548492
5,1202,8276,0.007678698748350143
5,1203,8277,0.07280153036117554
5,1204,8278,0.014481421560049057
5,1205,8279,0.044648006558418274
5,1206,8280,0.04037872329354286
5,1207,8281,0.06098302826285362
5,1208,8282,0.00615472299978137
5,1209,8283,0.09155657142400742
5,1210,8284,0.01879901997745037
5,1211,8285,0.014315015636384487
5,1212,8286,0.025671828538179398
5,1213,8287,0.07674773037433624
5,1214,8288,0.0660235807299614
5,1215,8289,0.04412292316555977
5,1216,8290,0.01799909956753254
5,1217,8291,0.07464224845170975
5,1218,8292,0.03303557261824608
5,1219,8293,0.04947597160935402
5,1220,8294,0.03595133498311043
5,1221,8295,0.012894067913293839
5,1222,8296,0.07164116948843002
5,1223,8297,0.006572179961949587
5,1224,8298,0.014019973576068878
5,1225,8299,0.023720091208815575
5,1226,8300,0.040265392512083054
5,1227,8301,0.008682891726493835
5,1228,8302,0.021469412371516228
5,1229,8303,0.030403191223740578
5,1230,8304,0.021923333406448364
5,1231,8305,0.0049864002503454685
5,1232,8306,0.07993118464946747
5,1233,8307,0.007840157486498356
5,1234,8308,0.026009663939476013
5,1235,8309,0.014530115760862827
5,1236,8310,0.010590625926852226
5,1237,8311,0.008162664249539375
5,1238,8312,0.008808277547359467
5,1239,8313,0.025537049397826195
5,1240,8314,0.007984346710145473
5,1241,8315,0.14279115200042725
5,1242,8316,0.026995645835995674
5,1243,8317,0.004142254125326872
5,1244,8318,0.015393796376883984
5,1245,8319,0.005969060584902763
5,1246,8320,0.039743371307849884
5,1247,8321,0.040351804345846176
5,1248,8322,0.030277283862233162
5,1249,8323,0.04441706836223602
5,1250,8324,0.048563845455646515
5,1251,8325,0.05290938913822174
5,1252,8326,0.0242164246737957
5,1253,8327,0.04452583193778992
5,1254,8328,0.06113751605153084
5,1255,8329,0.022758809849619865
5,1256,8330,0.032472047954797745
5,1257,8331,0.10603289306163788
5,1258,8332,0.08042929321527481
5,1259,8333,0.1277826875448227
5,1260,8334,0.00876428373157978
5,1261,8335,0.07206446677446365
5,1262,8336,0.04710359498858452
5,1263,8337,0.0181089099496603
5,1264,8338,0.029735779389739037
5,1265,8339,0.029325086623430252
5,1266,8340,0.011253618635237217
5,1267,8341,0.08906643092632294
5,1268,8342,0.08765102922916412
5,1269,8343,0.07686779648065567
5,1270,8344,0.025550145655870438
5,1271,8345,0.041509151458740234
5,1272,8346,0.021589023992419243
5,1273,8347,0.16587883234024048
5,1274,8348,0.08177446573972702
5,1275,8349,0.0033650086261332035
5,1276,8350,0.040888603776693344
5,1277,8351,0.005244276951998472
5,1278,8352,0.0769188404083252
5,1279,8353,0.016288312152028084
5,1280,8354,0.05724261328577995
5,1281,8355,0.2558254897594452
5,1282,8356,0.11509730666875839
5,1283,8357,0.02726762183010578
5,1284,8358,0.016218671575188637
5,1285,8359,0.06228994205594063
5,1286,8360,0.013873289339244366
5,1287,8361,0.020487964153289795
5,1288,8362,0.03999922052025795
5,1289,8363,0.0556010827422142
5,1290,8364,0.0555516742169857
5,1291,8365,0.08744417876005173
5,1292,8366,0.10548830032348633
5,1293,8367,0.003128254320472479
5,1294,8368,0.06495658308267593
5,1295,8369,0.07506757229566574
5,1296,8370,0.012365303933620453
5,1297,8371,0.020442748442292213
5,1298,8372,0.02457423135638237
5,1299,8373,0.05006677284836769
5,1300,8374,0.013064459897577763
5,1301,8375,0.12624303996562958
5,1302,8376,0.018897593021392822
5,1303,8377,0.0390285886824131
5,1304,8378,0.04930262267589569
5,1305,8379,0.01764264889061451
5,1306,8380,0.06892673671245575
5,1307,8381,0.06464149057865143
5,1308,8382,0.03861312195658684
5,1309,8383,0.01011196430772543
5,1310,8384,0.039899617433547974
5,1311,8385,0.012870393693447113
5,1312,8386,0.02953646518290043
5,1313,8387,0.01169302687048912
5,1314,8388,0.0258755125105381
5,1315,8389,0.05770079046487808
5,1316,8390,0.026910418644547462
5,1317,8391,0.00927715189754963
5,1318,8392,0.030842632055282593
5,1319,8393,0.062167197465896606
5,1320,8394,0.09400857985019684
5,1321,8395,0.031275324523448944
5,1322,8396,0.030806783586740494
5,1323,8397,0.007306450977921486
5,1324,8398,0.014613200910389423
5,1325,8399,0.094846710562706
5,1326,8400,0.02499185875058174
5,1327,8401,0.030247097834944725
5,1328,8402,0.029073715209960938
5,1329,8403,0.02484266832470894
5,1330,8404,0.10120071470737457
5,1331,8405,0.011576924473047256
5,1332,8406,0.12813280522823334
5,1333,8407,0.024416066706180573
5,1334,8408,0.014748240821063519
5,1335,8409,0.006830871105194092
5,1336,8410,0.04003186896443367
5,1337,8411,0.02646845206618309
5,1338,8412,0.0630376785993576
5,1339,8413,0.0012101249303668737
5,1340,8414,0.006727755069732666
5,1341,8415,0.03753245249390602
5,1342,8416,0.013187549076974392
5,1343,8417,0.0068668220192193985
5,1344,8418,0.03155367076396942
5,1345,8419,0.028963059186935425
5,1346,8420,0.06354930251836777
5,1347,8421,0.014164731837809086
5,1348,8422,0.045383941382169724
5,1349,8423,0.005275620613247156
5,1350,8424,0.013993741013109684
5,1351,8425,0.041947443038225174
5,1352,8426,0.0452103391289711
5,1353,8427,0.08357461541891098
5,1354,8428,0.06235932186245918
5,1355,8429,0.03245154768228531
5,1356,8430,0.0860443189740181
5,1357,8431,0.007578464224934578
5,1358,8432,0.05711757019162178
5,1359,8433,0.005576996132731438
5,1360,8434,0.017705189064145088
5,1361,8435,0.03066239319741726
5,1362,8436,0.02096143551170826
5,1363,8437,0.07982415705919266
5,1364,8438,0.026200074702501297
5,1365,8439,0.03254970163106918
5,1366,8440,0.10354416817426682
5,1367,8441,0.18394005298614502
5,1368,8442,0.011141890659928322
5,1369,8443,0.010703418403863907
5,1370,8444,0.059938911348581314
5,1371,8445,0.021971773356199265
5,1372,8446,0.021525928750634193
5,1373,8447,0.014280835166573524
5,1374,8448,0.013372059911489487
5,1375,8449,0.032386597245931625
5,1376,8450,0.053590886294841766
5,1377,8451,0.01315965224057436
5,1378,8452,0.02667534351348877
5,1379,8453,0.12319494783878326
5,1380,8454,0.053070589900016785
5,1381,8455,0.0346282459795475
5,1382,8456,0.0897984653711319
5,1383,8457,0.08686674386262894
5,1384,8458,0.04015490785241127
5,1385,8459,0.03645353019237518
5,1386,8460,0.010708052664995193
5,1387,8461,0.05216928571462631
5,1388,8462,0.09169867634773254
5,1389,8463,0.09141659736633301
5,1390,8464,0.023260878399014473
5,1391,8465,0.023473529145121574
5,1392,8466,0.01841014437377453
5,1393,8467,0.04060512036085129
5,1394,8468,0.005632939748466015
5,1395,8469,0.009089330211281776
5,1396,8470,0.09173107147216797
5,1397,8471,0.0021434638183563948
5,1398,8472,0.08347326517105103
5,1399,8473,0.12510988116264343
5,1400,8474,0.03877222165465355
5,1401,8475,0.02963520959019661
5,1402,8476,0.031622711569070816
5,1403,8477,0.08662940561771393
5,1404,8478,0.009076039306819439
5,1405,8479,0.018220918253064156
5,1406,8480,0.0074276402592659
5,1407,8481,0.039231568574905396
5,1408,8482,0.024741167202591896
5,1409,8483,0.14303213357925415
5,1410,8484,0.008380426093935966
5,1411,8485,0.05208248645067215
5,1412,8486,0.05267680808901787
5,1413,8487,0.0030047602485865355
5,1414,8488,0.01460106112062931
5,1415,8489,0.016135692596435547
6,1,8490,0.025237657129764557
6,2,8491,0.01904943399131298
6,3,8492,0.03130556270480156
6,4,8493,0.07215144485235214
6,5,8494,0.03165462985634804
6,6,8495,0.05995159223675728
6,7,8496,0.017744647338986397
6,8,8497,0.0123149324208498
6,9,8498,0.010047873482108116
6,10,8499,0.007827883586287498
6,11,8500,0.02810763195157051
6,12,8501,0.016069529578089714
6,13,8502,0.04061311110854149
6,14,8503,0.01991250365972519
6,15,8504,0.058227404952049255
6,16,8505,0.0287006963044405
6,17,8506,0.03719441592693329
6,18,8507,0.015239729546010494
6,19,8508,0.008246275596320629
6,20,8509,0.011534227058291435
6,21,8510,0.006339504849165678
6,22,8511,0.012477215379476547
6,23,8512,0.00837208516895771
6,24,8513,0.005083682015538216
6,25,8514,0.0060498882085084915
6,26,8515,0.03284572809934616
6,27,8516,0.041950028389692307
6,28,8517,0.009171584621071815
6,29,8518,0.015464521013200283
6,30,8519,0.020896613597869873
6,31,8520,0.031381309032440186
6,32,8521,0.004016905557364225
6,33,8522,0.021513551473617554
6,34,8523,0.00351653341203928
6,35,8524,0.034485336393117905
6,36,8525,0.028622472658753395
6,37,8526,0.01699901558458805
6,38,8527,0.005359554663300514
6,39,8528,0.12055525183677673
6,40,8529,0.03865177929401398
6,41,8530,0.024409767240285873
6,42,8531,0.005535142961889505
6,43,8532,0.00350102037191391
6,44,8533,0.02100215293467045
6,45,8534,0.1745550036430359
6,46,8535,0.02194950543344021
6,47,8536,0.08149079978466034
6,48,8537,0.04652484878897667
6,49,8538,0.08064830303192139
6,50,8539,0.0406360924243927
6,51,8540,0.026588967069983482
6,52,8541,0.09016179293394089
6,53,8542,0.05354553461074829
6,54,8543,0.006703007500618696
6,55,8544,0.0759013220667839
6,56,8545,0.07924849539995193
6,57,8546,0.05851983278989792
6,58,8547,0.03140925616025925
6,59,8548,0.008017552085220814
6,60,8549,0.02147275023162365
6,61,8550,0.01430371031165123
6,62,8551,0.03514290973544121
6,63,8552,0.007199195679277182
6,64,8553,0.05182430520653725
6,65,8554,0.04903563857078552
6,66,8555,0.02048576809465885
6,67,8556,0.02357724867761135
6,68,8557,0.005631680134683847
6,69,8558,0.020260222256183624
6,70,8559,0.015949925407767296
6,71,8560,0.028953075408935547
6,72,8561,0.006725627928972244
6,73,8562,0.09725192189216614
6,74,8563,0.023801224306225777
6,75,8564,0.03371995687484741
6,76,8565,0.021470842882990837
6,77,8566,0.009085104800760746
6,78,8567,0.015227190218865871
6,79,8568,0.008827409707009792
6,80,8569,0.014949860982596874
6,81,8570,0.007100971881300211
6,82,8571,0.13790124654769897
6,83,8572,0.010706502012908459
6,84,8573,0.031026041135191917
6,85,8574,0.011377554386854172
6,86,8575,0.00581843638792634
6,87,8576,0.07719944417476654
6,88,8577,0.014292127452790737
6,89,8578,0.015507294796407223
6,90,8579,0.05443336442112923
6,91,8580,0.03410845249891281
6,92,8581,0.007635000627487898
6,93,8582,0.014983213506639004
6,94,8583,0.00885358452796936
6,95,8584,0.007116294000297785
6,96,8585,0.008032258599996567
6,97,8586,0.010586312972009182
6,98,8587,0.045761268585920334
6,99,8588,0.037492457777261734
6,100,8589,0.006795098539441824
6,101,8590,0.027205301448702812
6,102,8591,0.03016023337841034
6,103,8592,0.008251412771642208
6,104,8593,0.005003563594073057
6,105,8594,0.00897500291466713
6,106,8595,0.05996817722916603
6,107,8596,0.008031424134969711
6,108,8597,0.006012689787894487
6,109,8598,0.013331564143300056
6,110,8599,0.024106238037347794
6,111,8600,0.06422296166419983
6,112,8601,0.10147186368703842
6,113,8602,0.02904040738940239
6,114,8603,0.017917372286319733
6,115,8604,0.006366665009409189
6,116,8605,0.08674997836351395
6,117,8606,0.03094550222158432
6,118,8607,0.005249665584415197
6,119,8608,0.02182917110621929
6,120,8609,0.036264196038246155
6,121,8610,0.01428612507879734
6,122,8611,0.007397972512990236
6,123,8612,0.019956110045313835
6,124,8613,0.0046378858387470245
6,125,8614,0.011042733676731586
6,126,8615,0.09214413166046143
6,127,8616,0.002411388326436281
6,128,8617,0.00838913768529892
6,129,8618,0.0036458668764680624
6,130,8619,0.06369281560182571
6,131,8620,0.010300709865987301
6,132,8621,0.015572011470794678
6,133,8622,0.008928454481065273
6,134,8623,0.022094963118433952
6,135,8624,0.01975524052977562
6,136,8625,0.00453119445592165
6,137,8626,0.020715177059173584
6,138,8627,0.015754668042063713
6,139,8628,0.06451839953660965
6,140,8629,0.010405919514596462
6,141,8630,0.010170000605285168
6,142,8631,0.0025646048597991467
6,143,8632,0.0031023845076560974
6,144,8633,0.007713647559285164
6,145,8634,0.09350330382585526
6,146,8635,0.028416180983185768
6,147,8636,0.001873225555755198
6,148,8637,0.013509922660887241
6,149,8638,0.001985476352274418
6,150,8639,0.004205028060823679
6,151,8640,0.07613673061132431
6,152,8641,0.09044409543275833
6,153,8642,0.02002585493028164
6,154,8643,0.001209657290019095
6,155,8644,0.028088403865695
6,156,8645,0.01003028079867363
6,157,8646,0.003741954453289509
6,158,8647,0.009824252687394619
6,159,8648,0.010196925140917301
6,160,8649,0.023176155984401703
6,161,8650,0.00690583698451519
6,162,8651,0.009735788218677044
6,163,8652,0.00833848211914301
6,164,8653,0.07168690860271454
6,165,8654,0.02957346849143505
6,166,8655,0.07145188003778458
6,167,8656,0.004158023279160261
6,168,8657,0.0009657245245762169
6,169,8658,0.07218963652849197
6,170,8659,0.005558851640671492
6,171,8660,0.03568149358034134
6,172,8661,0.1002015545964241
6,173,8662,0.037647031247615814
6,174,8663,0.000998866860754788
6,175,8664,0.014311476610600948
6,176,8665,0.013161133043467999
6,177,8666,0.03913160413503647
6,178,8667,0.04685045778751373
6,179,8668,0.03107212856411934
6,180,8669,0.05957882106304169
6,181,8670,0.014740221202373505
6,182,8671,0.06150726228952408
6,183,8672,0.012191049754619598
6,184,8673,0.033465661108493805
6,185,8674,0.01606009155511856
6,186,8675,0.015432643704116344
6,187,8676,0.02419414184987545
6,188,8677,0.04147779941558838
6,189,8678,0.07897850126028061
6,190,8679,0.042607612907886505
6,191,8680,0.01610550656914711
6,192,8681,0.02976212650537491
6,193,8682,0.017798561602830887
6,194,8683,0.10630311071872711
6,195,8684,0.03494687005877495
6,196,8685,0.004091827664524317
6,197,8686,0.03133733198046684
6,198,8687,0.027885297313332558
6,199,8688,0.05626487731933594
6,200,8689,0.008053277619183064
6,201,8690,0.001552795642055571
6,202,8691,0.004194955341517925
6,203,8692,0.0019872693810611963
6,204,8693,0.12922656536102295
6,205,8694,0.08799389749765396
6,206,8695,0.029055610299110413
6,207,8696,0.02469365857541561
6,208,8697,0.02139267325401306
6,209,8698,0.05711500719189644
6,210,8699,0.025410611182451248
6,211,8700,0.04649185389280319
6,212,8701,0.00496038468554616
6,213,8702,0.03039279766380787
6,214,8703,0.0023413761518895626
6,215,8704,0.006653744261711836
6,216,8705,0.09705628454685211
6,217,8706,0.01301254890859127
6,218,8707,0.048880476504564285
6,219,8708,0.0055183665826916695
6,220,8709,0.005960907321423292
6,221,8710,0.08676590770483017
6,222,8711,0.004909537732601166
6,223,8712,0.02557172067463398
6,224,8713,0.08082509785890579
6,225,8714,0.038475316017866135
6,226,8715,0.04095064103603363
6,227,8716,0.05379239469766617
6,228,8717,0.004590868018567562
6,229,8718,0.04804035276174545
6,230,8719,0.02003319188952446
6,231,8720,0.012583047151565552
6,232,8721,0.014022600837051868
6,233,8722,0.03960144892334938
6,234,8723,0.004715607035905123
6,235,8724,0.003450733609497547
6,236,8725,0.04961436614394188
6,237,8726,0.003914462868124247
6,238,8727,0.006810662802308798
6,239,8728,0.1260017603635788
6,240,8729,0.04220912978053093
6,241,8730,0.04895636811852455
6,242,8731,0.03153878077864647
6,243,8732,0.026980411261320114
6,244,8733,0.002400605473667383
6,245,8734,0.014681682921946049
6,246,8735,0.03411346673965454
6,247,8736,0.003988651558756828
6,248,8737,0.0030852940399199724
6,249,8738,0.006224332842975855
6,250,8739,0.0044840057380497456
6,251,8740,0.016019484028220177
6,252,8741,0.01476194430142641
6,253,8742,0.014267269521951675
6,254,8743,0.003138435771688819
6,255,8744,0.06980552524328232
6,256,8745,0.01897234097123146
6,257,8746,0.06474396586418152
6,258,8747,0.006504434160888195
6,259,8748,0.00868961401283741
6,260,8749,0.09853654354810715
6,261,8750,0.017391756176948547
6,262,8751,0.0005187953938730061
6,263,8752,0.09453433007001877
6,264,8753,0.053401075303554535
6,265,8754,0.06899910420179367
6,266,8755,0.0022109143901616335
6,267,8756,0.022847961634397507
6,268,8757,0.016924289986491203
6,269,8758,0.025671949610114098
6,270,8759,0.0019484416116029024
6,271,8760,0.01847873255610466
6,272,8761,0.10046814382076263
6,273,8762,0.019582949578762054
6,274,8763,0.04344555735588074
6,275,8764,0.0038803124334663153
6,276,8765,0.08293495327234268
6,277,8766,0.009148910641670227
6,278,8767,0.003839002223685384
6,279,8768,0.01589903235435486
6,280,8769,0.07665873318910599
6,281,8770,0.005775262601673603
6,282,8771,0.030685747042298317
6,283,8772,0.08636698126792908
6,284,8773,0.08545345067977905
6,285,8774,0.00736055476590991
6,286,8775,0.09737222641706467
6,287,8776,0.020111223682761192
6,288,8777,0.02799278311431408
6,289,8778,0.10384702682495117
6,290,8779,0.008601314388215542
6,291,8780,0.022781800478696823
6,292,8781,0.034439463168382645
6,293,8782,0.0577368289232254
6,294,8783,0.0038516786880791187
6,295,8784,0.020077772438526154
6,296,8785,0.07433219999074936
6,297,8786,0.01089471485465765
6,298,8787,0.13207955658435822
6,299,8788,0.052514564245939255
6,300,8789,0.011757195927202702
6,301,8790,0.031140616163611412
6,302,8791,0.02087666094303131
6,303,8792,0.014753419905900955
6,304,8793,0.02294771745800972
6,305,8794,0.0726672112941742
6,306,8795,0.00608130032196641
6,307,8796,0.058884382247924805
6,308,8797,0.015547302551567554
6,309,8798,0.018486442044377327
6,310,8799,0.03026050329208374
6,311,8800,0.02422364428639412
6,312,8801,0.004295551683753729
6,313,8802,0.022134114056825638
6,314,8803,0.03505789116024971
6,315,8804,0.004893024917691946
6,316,8805,0.029978737235069275
6,317,8806,0.018124205991625786
6,318,8807,0.0387938916683197
6,319,8808,0.03319204971194267
6,320,8809,0.02385758049786091
6,321,8810,0.011649373918771744
6,322,8811,0.04632464423775673
6,323,8812,0.01810559071600437
6,324,8813,0.004237385466694832
6,325,8814,0.003927020821720362
6,326,8815,0.00801110826432705
6,327,8816,0.014245475642383099
6,328,8817,0.005947093944996595
6,329,8818,0.007658930495381355
6,330,8819,0.04364205524325371
6,331,8820,0.002831360325217247
6,332,8821,0.06527946144342422
6,333,8822,0.027701588347554207
6,334,8823,0.06615996360778809
6,335,8824,0.006110516842454672
6,336,8825,0.021051863208413124
6,337,8826,0.003879655385389924
6,338,8827,0.004275180399417877
6,339,8828,0.020686471834778786
6,340,8829,0.0023068408481776714
6,341,8830,0.005107137840241194
6,342,8831,0.07208596169948578
6,343,8832,0.010500776581466198
6,344,8833,0.006294460967183113
6,345,8834,0.0546322762966156
6,346,8835,0.023623911663889885
6,347,8836,0.011491128243505955
6,348,8837,0.013836432248353958
6,349,8838,0.00962578970938921
6,350,8839,0.023515796288847923
6,351,8840,0.024599924683570862
6,352,8841,0.005072643049061298
6,353,8842,0.013474112376570702
6,354,8843,0.052557431161403656
6,355,8844,0.04453936964273453
6,356,8845,0.0484035424888134
6,357,8846,0.0028318767435848713
6,358,8847,0.0058663394302129745
6,359,8848,0.04559522494673729
6,360,8849,0.019323647022247314
6,361,8850,0.02816062979400158
6,362,8851,0.015105188824236393
6,363,8852,0.0029193763621151447
6,364,8853,0.012117253616452217
6,365,8854,0.028249183669686317
6,366,8855,0.036803774535655975
6,367,8856,0.02916136011481285
6,368,8857,0.02236519753932953
6,369,8858,0.07049612700939178
6,370,8859,0.003019224852323532
6,371,8860,0.006179635878652334
6,372,8861,0.017078453674912453
6,373,8862,0.012467553839087486
6,374,8863,0.05717048421502113
6,375,8864,0.011838856153190136
6,376,8865,0.020870696753263474
6,377,8866,0.0019530481658875942
6,378,8867,0.06307293474674225
6,379,8868,0.012048075906932354
6,380,8869,0.13831885159015656
6,381,8870,0.01588118076324463
6,382,8871,0.001187244663015008
6,383,8872,0.02570033073425293
6,384,8873,0.003318938659504056
6,385,8874,0.05297844111919403
6,386,8875,0.022415122017264366
6,387,8876,0.04732261225581169
6,388,8877,0.013773219659924507
6,389,8878,0.09691719710826874
6,390,8879,0.0016322898445650935
6,391,8880,0.0477776937186718
6,392,8881,0.01963595487177372
6,393,8882,0.009418916888535023
6,394,8883,0.02224656008183956
6,395,8884,0.015373586677014828
6,396,8885,0.004168367478996515
6,397,8886,0.03247762471437454
6,398,8887,0.03321206942200661
6,399,8888,0.025939615443348885
6,400,8889,0.01342476811259985
6,401,8890,0.09716179221868515
6,402,8891,0.02496068738400936
6,403,8892,0.05267474427819252
6,404,8893,0.007298953365534544
6,405,8894,0.008296389132738113
6,406,8895,0.003491348121315241
6,407,8896,0.031922806054353714
6,408,8897,0.031513869762420654
6,409,8898,0.06354616582393646
6,410,8899,0.008947004564106464
6,411,8900,0.06402242183685303
6,412,8901,0.022378062829375267
6,413,8902,0.09372057020664215
6,414,8903,0.01962502859532833
6,415,8904,0.10577911883592606
6,416,8905,0.01234549842774868
6,417,8906,0.09923262894153595
6,418,8907,0.00631478289142251
6,419,8908,0.00969650223851204
6,420,8909,0.013706007972359657
6,421,8910,0.007076309062540531
6,422,8911,0.03013566881418228
6,423,8912,0.01918046735227108
6,424,8913,0.02307448349893093
6,425,8914,0.02483554184436798
6,426,8915,0.013668093830347061
6,427,8916,0.06931237131357193
6,428,8917,0.11209738999605179
6,429,8918,0.004270683508366346
6,430,8919,0.02287163771688938
6,431,8920,0.005141163244843483
6,432,8921,0.005987628363072872
6,433,8922,0.14314673840999603
6,434,8923,0.01014361809939146
6,435,8924,0.07189041376113892
6,436,8925,0.003431817051023245
6,437,8926,0.01195535808801651
6,438,8927,0.008137544617056847
6,439,8928,0.05200616642832756
6,440,8929,0.13852804899215698
6,441,8930,0.01146484911441803
6,442,8931,0.022542953491210938
6,443,8932,0.0021225118543952703
6,444,8933,0.0027586978394538164
6,445,8934,0.03774091973900795
6,446,8935,0.039417020976543427
6,447,8936,0.005788316484540701
6,448,8937,0.027540210634469986
6,449,8938,0.004975132178515196
6,450,8939,0.024504955857992172
6,451,8940,0.003580710617825389
6,452,8941,0.045310769230127335
6,453,8942,0.0038681786973029375
6,454,8943,0.06592315435409546
6,455,8944,0.013020523823797703
6,456,8945,0.02382299117743969
6,457,8946,0.02524169534444809
6,458,8947,0.019340956583619118
6,459,8948,0.09085769951343536
6,460,8949,0.019048096612095833
6,461,8950,0.02942083403468132
6,462,8951,0.05670098960399628
6,463,8952,0.009863682091236115
6,464,8953,0.041821207851171494
6,465,8954,0.004285452421754599
6,466,8955,0.04844426363706589
6,467,8956,0.04656821861863136
6,468,8957,0.017443321645259857
6,469,8958,0.08853070437908173
6,470,8959,0.02297789417207241
6,471,8960,0.008419772610068321
6,472,8961,0.24233166873455048
6,473,8962,0.0373038724064827
6,474,8963,0.0038468902930617332
6,475,8964,0.015834132209420204
6,476,8965,0.046095237135887146
6,477,8966,0.003008780535310507
6,478,8967,0.044572632759809494
6,479,8968,0.09311077743768692
6,480,8969,0.02784162573516369
6,481,8970,0.0321492962539196
6,482,8971,0.028621962293982506
6,483,8972,0.004517788998782635
6,484,8973,0.0009298822260461748
6,485,8974,0.08630404621362686
6,486,8975,0.011633788235485554
6,487,8976,0.011282588355243206
6,488,8977,0.057552143931388855
6,489,8978,0.07305914163589478
6,490,8979,0.005354377441108227
6,491,8980,0.013115390203893185
6,492,8981,0.004830603953450918
6,493,8982,0.12372634559869766
6,494,8983,0.027233965694904327
6,495,8984,0.02664899453520775
6,496,8985,0.06825694441795349
6,497,8986,0.0068709878250956535
6,498,8987,0.0026133235078305006
6,499,8988,0.020158378407359123
6,500,8989,0.007893867790699005
6,501,8990,0.014443334192037582
6,502,8991,0.009467057883739471
6,503,8992,0.01224792655557394
6,504,8993,0.0053885020315647125
6,505,8994,0.008167409338057041
6,506,8995,0.006630157586187124
6,507,8996,0.0034233222249895334
6,508,8997,0.018164439126849174
6,509,8998,0.052967753261327744
6,510,8999,0.005030742380768061
6,511,9000,0.004434449598193169
6,512,9001,0.0035263027530163527
6,513,9002,0.011579478159546852
6,514,9003,0.02775176614522934
6,515,9004,0.012942861765623093
6,516,9005,0.018324054777622223
6,517,9006,0.003654580097645521
6,518,9007,0.07983694970607758
6,519,9008,0.002753776963800192
6,520,9009,0.005327492952346802
6,521,9010,0.01715749129652977
6,522,9011,0.01710549369454384
6,523,9012,0.0033486932516098022
6,524,9013,0.007482803426682949
6,525,9014,0.054613251239061356
6,526,9015,0.028479376807808876
6,527,9016,0.1579725593328476
6,528,9017,0.040034592151641846
6,529,9018,0.009034201502799988
6,530,9019,0.010096056386828423
6,531,9020,0.0029279091395437717
6,532,9021,0.009758485481142998
6,533,9022,0.02218436822295189
6,534,9023,0.0034279569517821074
6,535,9024,0.01766791008412838
6,536,9025,0.014080959372222424
6,537,9026,0.012807907536625862
6,538,9027,0.11309938132762909
6,539,9028,0.018689585849642754
6,540,9029,0.024656279012560844
6,541,9030,0.02186814695596695
6,542,9031,0.0035101785324513912
6,543,9032,0.010187599807977676
6,544,9033,0.008790986612439156
6,545,9034,0.0046234517358243465
6,546,9035,0.003620442468672991
6,547,9036,0.041453760117292404
6,548,9037,0.02468395233154297
6,549,9038,0.10094114392995834
6,550,9039,0.008144878782331944
6,551,9040,0.028347879648208618
6,552,9041,0.017612138763070107
6,553,9042,0.014920875430107117
6,554,9043,0.027955476194620132
6,555,9044,0.0040557230822741985
6,556,9045,0.06752180308103561
6,557,9046,0.013902169652283192
6,558,9047,0.002959580859169364
6,559,9048,0.02419036254286766
6,560,9049,0.1000930592417717
6,561,9050,0.003813381539657712
6,562,9051,0.030813638120889664
6,563,9052,0.0013480440247803926
6,564,9053,0.03183635696768761
6,565,9054,0.014708070084452629
6,566,9055,0.08833064138889313
6,567,9056,0.008303079754114151
6,568,9057,0.04292456433176994
6,569,9058,0.027643319219350815
6,570,9059,0.04242514818906784
6,571,9060,0.016375867649912834
6,572,9061,0.014049417339265347
6,573,9062,0.005863499827682972
6,574,9063,0.007925588637590408
6,575,9064,0.011765089817345142
6,576,9065,0.06521990150213242
6,577,9066,0.0047966656275093555
6,578,9067,0.009761432185769081
6,579,9068,0.035092443227767944
6,580,9069,0.034921787679195404
6,581,9070,0.022665107622742653
6,582,9071,0.03309379890561104
6,583,9072,0.006105309817939997
6,584,9073,0.00465985294431448
6,585,9074,0.00717506930232048
6,586,9075,0.04211096093058586
6,587,9076,0.010305628180503845
6,588,9077,0.020357752218842506
6,589,9078,0.05749945342540741
6,590,9079,0.08448555320501328
6,591,9080,0.017685525119304657
6,592,9081,0.06216514855623245
6,593,9082,0.00480274111032486
6,594,9083,0.011934242211282253
6,595,9084,0.008696932345628738
6,596,9085,0.07140091806650162
6,597,9086,0.03940363600850105
6,598,9087,0.024092819541692734
6,599,9088,0.052071478217840195
6,600,9089,0.04229233041405678
6,601,9090,0.04256514459848404
6,602,9091,0.07159189134836197
6,603,9092,0.006055544130504131
6,604,9093,0.0060090129263699055
6,605,9094,0.015473858453333378
6,606,9095,0.007779734209179878
6,607,9096,0.00831407681107521
6,608,9097,0.058832183480262756
6,609,9098,0.007391089573502541
6,610,9099,0.06387277692556381
6,611,9100,0.02141091600060463
6,612,9101,0.013217673636972904
6,613,9102,0.040801189839839935
6,614,9103,0.05432989075779915
6,615,9104,0.05880417302250862
6,616,9105,0.003054156433790922
6,617,9106,0.01129311416298151
6,618,9107,0.03984056040644646
6,619,9108,0.01636623963713646
6,620,9109,0.01068041194230318
6,621,9110,0.02688653953373432
6,622,9111,0.004411451518535614
6,623,9112,0.08481594920158386
6,624,9113,0.008371902629733086
6,625,9114,0.0031001297757029533
6,626,9115,0.09194941818714142
6,627,9116,0.02948203682899475
6,628,9117,0.004943289794027805
6,629,9118,0.04843560978770256
6,630,9119,0.004177229478955269
6,631,9120,0.0052468180656433105
6,632,9121,0.003757194383069873
6,633,9122,0.0055638263002038
6,634,9123,0.010019348934292793
6,635,9124,0.022086162120103836
6,636,9125,0.0033111958764493465
6,637,9126,0.020894788205623627
6,638,9127,0.024564510211348534
6,639,9128,0.004358702804893255
6,640,9129,0.016462890431284904
6,641,9130,0.004557629115879536
6,642,9131,0.015687085688114166
6,643,9132,0.06909170001745224
6,644,9133,0.02435828559100628
6,645,9134,0.0026367930695414543
6,646,9135,0.016561634838581085
6,647,9136,0.002219164278358221
6,648,9137,0.005374786909669638
6,649,9138,0.027080027386546135
6,650,9139,0.051702726632356644
6,651,9140,0.0022579135838896036
6,652,9141,0.010892283171415329
6,653,9142,0.01113196276128292
6,654,9143,0.10067687928676605
6,655,9144,0.032835423946380615
6,656,9145,0.06822696328163147
6,657,9146,0.20313960313796997
6,658,9147,0.03887440636754036
6,659,9148,0.03965478017926216
6,660,9149,0.030021745711565018
6,661,9150,0.01569546014070511
6,662,9151,0.04542672261595726
6,663,9152,0.03447205200791359
6,664,9153,0.04175335541367531
6,665,9154,0.02808748558163643
6,666,9155,0.02139904350042343
6,667,9156,0.11976974457502365
6,668,9157,0.013919464312493801
6,669,9158,0.15010966360569
6,670,9159,0.10425780713558197
6,671,9160,0.06276388466358185
6,672,9161,0.018072692677378654
6,673,9162,0.018283315002918243
6,674,9163,0.025255560874938965
6,675,9164,0.00575611088424921
6,676,9165,0.009386885911226273
6,677,9166,0.00599962193518877
6,678,9167,0.04035145789384842
6,679,9168,0.07713127881288528
6,680,9169,0.005650308448821306
6,681,9170,0.07054039090871811
6,682,9171,0.038651131093502045
6,683,9172,0.05593913421034813
6,684,9173,0.03841473162174225
6,685,9174,0.044567257165908813
6,686,9175,0.01517030131071806
6,687,9176,0.018633486703038216
6,688,9177,0.07700742036104202
6,689,9178,0.0022490734700113535
6,690,9179,0.0049601271748542786
6,691,9180,0.029607053846120834
6,692,9181,0.001459157676436007
6,693,9182,0.10880432277917862
6,694,9183,0.027926810085773468
6,695,9184,0.005527769215404987
6,696,9185,0.0013274108059704304
6,697,9186,0.09216424077749252
6,698,9187,0.009770702570676804
6,699,9188,0.00594152370467782
6,700,9189,0.0043318383395671844
6,701,9190,0.06083197891712189
6,702,9191,0.00873842928558588
6,703,9192,0.06064695492386818
6,704,9193,0.023005368188023567
6,705,9194,0.04897614195942879
6,706,9195,0.0012580174952745438
6,707,9196,0.10495591163635254
6,708,9197,0.03591523319482803
6,709,9198,0.049883175641298294
6,710,9199,0.03299768641591072
6,711,9200,0.02867959626019001
6,712,9201,0.01667436957359314
6,713,9202,0.10317356884479523
6,714,9203,0.011312921531498432
6,715,9204,0.05752246454358101
6,716,9205,0.04378698021173477
6,717,9206,0.019151924178004265
6,718,9207,0.02195325493812561
6,719,9208,0.021399615332484245
6,720,9209,0.0036444792058318853
6,721,9210,0.0007099097711034119
6,722,9211,0.000705655082128942
6,723,9212,0.028287887573242188
6,724,9213,0.04619452357292175
6,725,9214,0.07544871419668198
6,726,9215,0.14794820547103882
6,727,9216,0.0693880096077919
6,728,9217,0.024747725576162338
6,729,9218,0.04291455075144768
6,730,9219,0.00506407069042325
6,731,9220,0.021146614104509354
6,732,9221,0.012093250639736652
6,733,9222,0.037801556289196014
6,734,9223,0.004315122030675411
6,735,9224,0.07021739333868027
6,736,9225,0.014572889544069767
6,737,9226,0.037703752517700195
6,738,9227,0.01796451397240162
6,739,9228,0.08587731420993805
6,740,9229,0.01797698251903057
6,741,9230,0.008728263899683952
6,742,9231,0.11914807558059692
6,743,9232,0.03995189443230629
6,744,9233,0.005149547476321459
6,745,9234,0.026697227731347084
6,746,9235,0.06606176495552063
6,747,9236,0.018446043133735657
6,748,9237,0.00671775545924902
6,749,9238,0.0034970680717378855
6,750,9239,0.002758827293291688
6,751,9240,0.06472437083721161
6,752,9241,0.027845989912748337
6,753,9242,0.0025688540190458298
6,754,9243,0.01761244423687458
6,755,9244,0.03242356702685356
6,756,9245,0.02802477590739727
6,757,9246,0.006558369379490614
6,758,9247,0.002018201630562544
6,759,9248,0.01724785380065441
6,760,9249,0.019893605262041092
6,761,9250,0.06862152367830276
6,762,9251,0.019336184486746788
6,763,9252,0.005624465178698301
6,764,9253,0.0710098072886467
6,765,9254,0.008355327881872654
6,766,9255,0.03937777504324913
6,767,9256,0.0627674087882042
6,768,9257,0.02749614045023918
6,769,9258,0.004752807319164276
6,770,9259,0.003106064395979047
6,771,9260,0.005846681073307991
6,772,9261,0.01116421539336443
6,773,9262,0.04230468347668648
6,774,9263,0.0020471338648349047
6,775,9264,0.1343914121389389
6,776,9265,0.008786185644567013
6,777,9266,0.023210560902953148
6,778,9267,0.06684384495019913
6,779,9268,0.009278702549636364
6,780,9269,0.036016471683979034
6,781,9270,0.011327095329761505
6,782,9271,0.010575925000011921
6,783,9272,0.003963079769164324
6,784,9273,0.0031541723292320967
6,785,9274,0.03340578451752663
6,786,9275,0.008747798390686512
6,787,9276,0.004593303892761469
6,788,9277,0.006761143449693918
6,789,9278,0.04805607348680496
6,790,9279,0.010056276805698872
6,791,9280,0.009962642565369606
6,792,9281,0.05948286131024361
6,793,9282,0.0021282974630594254
6,794,9283,0.0075539336539804935
6,795,9284,0.007130911573767662
6,796,9285,0.006632662378251553
6,797,9286,0.055815402418375015
6,798,9287,0.022894181311130524
6,799,9288,0.010514364577829838
6,800,9289,0.013895649462938309
6,801,9290,0.08692681789398193
6,802,9291,0.029936756938695908
6,803,9292,0.006234215572476387
6,804,9293,0.007730041164904833
6,805,9294,0.01432804949581623
6,806,9295,0.06758053600788116
6,807,9296,0.04661673307418823
6,808,9297,0.0025950907729566097
6,809,9298,0.006491560023277998
6,810,9299,0.005764605477452278
6,811,9300,0.045734647661447525
6,812,9301,0.02995596081018448
6,813,9302,0.029031995683908463
6,814,9303,0.009884767234325409
6,815,9304,0.00774103170260787
6,816,9305,0.005246071610599756
6,817,9306,0.012859897688031197
6,818,9307,0.04476148262619972
6,819,9308,0.009586549364030361
6,820,9309,0.02354489453136921
6,821,9310,0.035643503069877625
6,822,9311,0.08627071976661682
6,823,9312,0.05163700133562088
6,824,9313,0.014380481094121933
6,825,9314,0.06817600131034851
6,826,9315,0.06289531290531158
6,827,9316,0.004362147767096758
6,828,9317,0.06595658510923386
6,829,9318,0.006434484850615263
6,830,9319,0.02766185998916626
6,831,9320,0.010077458806335926
6,832,9321,0.05091331899166107
6,833,9322,0.008687659166753292
6,834,9323,0.026661192998290062
6,835,9324,0.029837602749466896
6,836,9325,0.009717021137475967
6,837,9326,0.024292267858982086
6,838,9327,0.04840424284338951
6,839,9328,0.0153393829241395
6,840,9329,0.02075415849685669
6,841,9330,0.028135724365711212
6,842,9331,0.006786141078919172
6,843,9332,0.033757634460926056
6,844,9333,0.027020610868930817
6,845,9334,0.02765820361673832
6,846,9335,0.029724152758717537
6,847,9336,0.058127179741859436
6,848,9337,0.003760271705687046
6,849,9338,0.03851570561528206
6,850,9339,0.12073782086372375
6,851,9340,0.004128139000386
6,852,9341,0.006630511488765478
6,853,9342,0.009525878354907036
6,854,9343,0.05181637778878212
6,855,9344,0.012901326641440392
6,856,9345,0.010393667966127396
6,857,9346,0.015604370273649693
6,858,9347,0.013052000664174557
6,859,9348,0.0352739617228508
6,860,9349,0.017021380364894867
6,861,9350,0.09037118405103683
6,862,9351,0.014887271448969841
6,863,9352,0.0047726561315357685
6,864,9353,0.008232240565121174
6,865,9354,0.015081563033163548
6,866,9355,0.007137802429497242
6,867,9356,0.0014236810384318233
6,868,9357,0.004029563628137112
6,869,9358,0.006552656181156635
6,870,9359,0.002409726846963167
6,871,9360,0.003231178503483534
6,872,9361,0.004551136866211891
6,873,9362,0.00754163321107626
6,874,9363,0.06700772047042847
6,875,9364,0.020006120204925537
6,876,9365,0.03055322915315628
6,877,9366,0.0038775347638875246
6,878,9367,0.005107817705720663
6,879,9368,0.0593683235347271
6,880,9369,0.006184293422847986
6,881,9370,0.05551176145672798
6,882,9371,0.015760038048028946
6,883,9372,0.01077728345990181
6,884,9373,0.031040357425808907
6,885,9374,0.002233038889244199
6,886,9375,0.09973418712615967
6,887,9376,0.019034316763281822
6,888,9377,0.030913399532437325
6,889,9378,0.07909714430570602
6,890,9379,0.002888650633394718
6,891,9380,0.03231276944279671
6,892,9381,0.014051493257284164
6,893,9382,0.005018029361963272
6,894,9383,0.020155014470219612
6,895,9384,0.0349026620388031
6,896,9385,0.0209488607943058
6,897,9386,0.08334599435329437
6,898,9387,0.1653238832950592
6,899,9388,0.011574888601899147
6,900,9389,0.030451273545622826
6,901,9390,0.005439401138573885
6,902,9391,0.005525621119886637
6,903,9392,0.01633811742067337
6,904,9393,0.01104822289198637
6,905,9394,0.011084445752203465
6,906,9395,0.019746044650673866
6,907,9396,0.012666097842156887
6,908,9397,0.04165126010775566
6,909,9398,0.00619048485532403
6,910,9399,0.006857477128505707
6,911,9400,0.028137367218732834
6,912,9401,0.0024644373916089535
6,913,9402,0.1290019452571869
6,914,9403,0.005459998268634081
6,915,9404,0.10717520862817764
6,916,9405,0.029768116772174835
6,917,9406,0.01120066735893488
6,918,9407,0.01797906681895256
6,919,9408,0.0045690773986279964
6,920,9409,0.039860647171735764
6,921,9410,0.01824071817100048
6,922,9411,0.027099428698420525
6,923,9412,0.06271741539239883
6,924,9413,0.003807079279795289
6,925,9414,0.0675116777420044
6,926,9415,0.004994732327759266
6,927,9416,0.003170953132212162
6,928,9417,0.002432718174532056
6,929,9418,0.09371130913496017
6,930,9419,0.0205719955265522
6,931,9420,0.015420446172356606
6,932,9421,0.00884056743234396
6,933,9422,0.03341573476791382
6,934,9423,0.01796436309814453
6,935,9424,0.05735844373703003
6,936,9425,0.07993397116661072
6,937,9426,0.02708403207361698
6,938,9427,0.0037629958242177963
6,939,9428,0.005531120579689741
6,940,9429,0.015040159225463867
6,941,9430,0.06997662037611008
6,942,9431,0.01257913839071989
6,943,9432,0.04879775270819664
6,944,9433,0.011824297718703747
6,945,9434,0.018128003925085068
6,946,9435,0.01904875412583351
6,947,9436,0.009757828898727894
6,948,9437,0.030683714896440506
6,949,9438,0.013735711574554443
6,950,9439,0.003982342313975096
6,951,9440,0.005623522214591503
6,952,9441,0.019671397283673286
6,953,9442,0.05197228863835335
6,954,9443,0.014044628478586674
6,955,9444,0.015585295855998993
6,956,9445,0.04709881171584129
6,957,9446,0.030698049813508987
6,958,9447,0.0032686544582247734
6,959,9448,0.025331955403089523
6,960,9449,0.07073848694562912
6,961,9450,0.004271123092621565
6,962,9451,0.003522758837789297
6,963,9452,0.06346143782138824
6,964,9453,0.005652967374771833
6,965,9454,0.09607673436403275
6,966,9455,0.009132682345807552
6,967,9456,0.028803648427128792
6,968,9457,0.01860206201672554
6,969,9458,0.053971756249666214
6,970,9459,0.05545216426253319
6,971,9460,0.014107570052146912
6,972,9461,0.0459277480840683
6,973,9462,0.08718841522932053
6,974,9463,0.03302711620926857
6,975,9464,0.0007969227735884488
6,976,9465,0.0028114027809351683
6,977,9466,0.017133494839072227
6,978,9467,0.005232866853475571
6,979,9468,0.00754739111289382
6,980,9469,0.006069466937333345
6,981,9470,0.011546245776116848
6,982,9471,0.019747084006667137
6,983,9472,0.017134863883256912
6,984,9473,0.029241574928164482
6,985,9474,0.04014214500784874
6,986,9475,0.05525907874107361
6,987,9476,0.01596033200621605
6,988,9477,0.012701934203505516
6,989,9478,0.057669125497341156
6,990,9479,0.014437873847782612
6,991,9480,0.010366488248109818
6,992,9481,0.0075738015584647655
6,993,9482,0.055752288550138474
6,994,9483,0.0049812993966042995
6,995,9484,0.00893429759889841
6,996,9485,0.0035298478323966265
6,997,9486,0.016220001503825188
6,998,9487,0.002517483662813902
6,999,9488,0.011860186234116554
6,1000,9489,0.014982846565544605
6,1001,9490,0.022441081702709198
6,1002,9491,0.028912177309393883
6,1003,9492,0.06872262060642242
6,1004,9493,0.08784335106611252
6,1005,9494,0.047327522188425064
6,1006,9495,0.03278261423110962
6,1007,9496,0.00353660574182868
6,1008,9497,0.13717278838157654
6,1009,9498,0.021199943497776985
6,1010,9499,0.04633309319615364
6,1011,9500,0.02988385036587715
6,1012,9501,0.01497481856495142
6,1013,9502,0.0034822404850274324
6,1014,9503,0.016645247116684914
6,1015,9504,0.026914920657873154
6,1016,9505,0.05052635073661804
6,1017,9506,0.022508975118398666
6,1018,9507,0.02218853309750557
6,1019,9508,0.013362525030970573
6,1020,9509,0.07438811659812927
6,1021,9510,0.020060639828443527
6,1022,9511,0.06384428590536118
6,1023,9512,0.01539868488907814
6,1024,9513,0.044137559831142426
6,1025,9514,0.006861268542706966
6,1026,9515,0.006581898313015699
6,1027,9516,0.029874484986066818
6,1028,9517,0.21418540179729462
6,1029,9518,0.003086392069235444
6,1030,9519,0.015436333604156971
6,1031,9520,0.007064609322696924
6,1032,9521,0.029371848329901695
6,1033,9522,0.006156024523079395
6,1034,9523,0.040801264345645905
6,1035,9524,0.025737712159752846
6,1036,9525,0.027570558711886406
6,1037,9526,0.04381377995014191
6,1038,9527,0.030467478558421135
6,1039,9528,0.006263409741222858
6,1040,9529,0.014925908297300339
6,1041,9530,0.11131291091442108
6,1042,9531,0.01649288460612297
6,1043,9532,0.042717061936855316
6,1044,9533,0.023154746741056442
6,1045,9534,0.003691700054332614
6,1046,9535,0.029688626527786255
6,1047,9536,0.011612960137426853
6,1048,9537,0.06409401446580887
6,1049,9538,0.006604247260838747
6,1050,9539,0.015916327014565468
6,1051,9540,0.04596761614084244
6,1052,9541,0.0032554271165281534
6,1053,9542,0.0041350373066961765
6,1054,9543,0.0032337410375475883
6,1055,9544,0.07135878503322601
6,1056,9545,0.005350515246391296
6,1057,9546,0.007029895205050707
6,1058,9547,0.023970680311322212
6,1059,9548,0.007478990592062473
6,1060,9549,0.17007513344287872
6,1061,9550,0.019102098420262337
6,1062,9551,0.0026520974934101105
6,1063,9552,0.08785323053598404
6,1064,9553,0.0034106546081602573
6,1065,9554,0.004301141481846571
6,1066,9555,0.004019369371235371
6,1067,9556,0.020474174991250038
6,1068,9557,0.02657862938940525
6,1069,9558,0.005082274321466684
6,1070,9559,0.005269332323223352
6,1071,9560,0.02461918257176876
6,1072,9561,0.020999062806367874
6,1073,9562,0.05647416412830353
6,1074,9563,0.06593628972768784
6,1075,9564,0.00583230797201395
6,1076,9565,0.0022649646271020174
6,1077,9566,0.005664737895131111
6,1078,9567,0.03604493662714958
6,1079,9568,0.013765557669103146
6,1080,9569,0.003530567279085517
6,1081,9570,0.020983867347240448
6,1082,9571,0.003884067991748452
6,1083,9572,0.0037648279685527086
6,1084,9573,0.057095207273960114
6,1085,9574,0.0027002838905900717
6,1086,9575,0.0027003346476703882
6,1087,9576,0.0018206560052931309
6,1088,9577,0.04792216420173645
6,1089,9578,0.0033254269510507584
6,1090,9579,0.05714971572160721
6,1091,9580,0.0045755221508443356
6,1092,9581,0.007669483311474323
6,1093,9582,0.01972014829516411
6,1094,9583,0.009711883962154388
6,1095,9584,0.041920922696590424
6,1096,9585,0.08772789686918259
6,1097,9586,0.08203184604644775
6,1098,9587,0.006369475275278091
6,1099,9588,0.02101101540029049
6,1100,9589,0.02507455088198185
6,1101,9590,0.018988342955708504
6,1102,9591,0.014728926122188568
6,1103,9592,0.02036662958562374
6,1104,9593,0.02823890931904316
6,1105,9594,0.010863985866308212
6,1106,9595,0.01255740039050579
6,1107,9596,0.005931892432272434
6,1108,9597,0.023965641856193542
6,1109,9598,0.02963445335626602
6,1110,9599,0.004482358694076538
6,1111,9600,0.13268296420574188
6,1112,9601,0.0026049173902720213
6,1113,9602,0.07935348898172379
6,1114,9603,0.0018381724366918206
6,1115,9604,0.06328579038381577
6,1116,9605,0.0033384179696440697
6,1117,9606,0.010703666135668755
6,1118,9607,0.06902297586202621
6,1119,9608,0.15783244371414185
6,1120,9609,0.004216457717120647
6,1121,9610,0.010374403558671474
6,1122,9611,0.015271413139998913
6,1123,9612,0.04875831678509712
6,1124,9613,0.004784772638231516
6,1125,9614,0.01586000993847847
6,1126,9615,0.04523630067706108
6,1127,9616,0.05667102709412575
6,1128,9617,0.03844991698861122
6,1129,9618,0.08414904773235321
6,1130,9619,0.006856616120785475
6,1131,9620,0.008699638769030571
6,1132,9621,0.19198594987392426
6,1133,9622,0.0689123123884201
6,1134,9623,0.050291310995817184
6,1135,9624,0.02055525593459606
6,1136,9625,0.005838972516357899
6,1137,9626,0.054186269640922546
6,1138,9627,0.03448592126369476
6,1139,9628,0.029791133478283882
6,1140,9629,0.012358936481177807
6,1141,9630,0.002432237844914198
6,1142,9631,0.013733365572988987
6,1143,9632,0.004134685266762972
6,1144,9633,0.043222784996032715
6,1145,9634,0.048780180513858795
6,1146,9635,0.0034789126366376877
6,1147,9636,0.0058343252167105675
6,1148,9637,0.008269787766039371
6,1149,9638,0.009404142387211323
6,1150,9639,0.004649405367672443
6,1151,9640,0.03920217603445053
6,1152,9641,0.04269340634346008
6,1153,9642,0.03656293451786041
6,1154,9643,0.0027994944248348475
6,1155,9644,0.007177178747951984
6,1156,9645,0.036204226315021515
6,1157,9646,0.014091575518250465
6,1158,9647,0.002585517941042781
6,1159,9648,0.05616254732012749
6,1160,9649,0.0025480547919869423
6,1161,9650,0.009896053932607174
6,1162,9651,0.002059773774817586
6,1163,9652,0.02566484734416008
6,1164,9653,0.028414692729711533
6,1165,9654,0.0056328000500798225
6,1166,9655,0.003990491386502981
6,1167,9656,0.09188627451658249
6,1168,9657,0.020480375736951828
6,1169,9658,0.028522105887532234
6,1170,9659,0.00825862493366003
6,1171,9660,0.0573035404086113
6,1172,9661,0.006504394579678774
6,1173,9662,0.009729426354169846
6,1174,9663,0.01952025666832924
6,1175,9664,0.0062528345733881
6,1176,9665,0.022549325600266457
6,1177,9666,0.014224550686776638
6,1178,9667,0.005357564426958561
6,1179,9668,0.0023544945288449526
6,1180,9669,0.004014564678072929
6,1181,9670,0.01729850098490715
6,1182,9671,0.008290368132293224
6,1183,9672,0.0033839321695268154
6,1184,9673,0.01316995732486248
6,1185,9674,0.003512278664857149
6,1186,9675,0.005146951414644718
6,1187,9676,0.0008235974819399416
6,1188,9677,0.004117755219340324
6,1189,9678,0.0037836129777133465
6,1190,9679,0.002085384214296937
6,1191,9680,0.0045005385763943195
6,1192,9681,0.0016503921942785382
6,1193,9682,0.0028844885528087616
6,1194,9683,0.0017498647794127464
6,1195,9684,0.017721086740493774
6,1196,9685,0.01435297355055809
6,1197,9686,0.008644867688417435
6,1198,9687,0.004136457573622465
6,1199,9688,0.0034551669377833605
6,1200,9689,0.001487907487899065
6,1201,9690,0.013082143850624561
6,1202,9691,0.0071035525761544704
6,1203,9692,0.008148817345499992
6,1204,9693,0.0008304124930873513
6,1205,9694,0.002123509766533971
6,1206,9695,0.0517096184194088
6,1207,9696,0.0021006017923355103
6,1208,9697,0.0018087069038301706
6,1209,9698,0.0027932324446737766
6,1210,9699,0.060280922800302505
6,1211,9700,0.012708145193755627
6,1212,9701,0.0010978601640090346
6,1213,9702,0.019671890884637833
6,1214,9703,0.0017786816461011767
6,1215,9704,0.03206605836749077
6,1216,9705,0.02300993725657463
6,1217,9706,0.06315600872039795
6,1218,9707,0.0025475334841758013
6,1219,9708,0.01011884305626154
6,1220,9709,0.0020451941527426243
6,1221,9710,0.006480576004832983
6,1222,9711,0.07822810858488083
6,1223,9712,0.00184951676055789
6,1224,9713,0.007893607020378113
6,1225,9714,0.035090260207653046
6,1226,9715,0.052609335631132126
6,1227,9716,0.001874874229542911
6,1228,9717,0.009906350634992123
6,1229,9718,0.011629801243543625
6,1230,9719,0.01564834453165531
6,1231,9720,0.0440305732190609
6,1232,9721,0.08525998890399933
6,1233,9722,0.02775593474507332
6,1234,9723,0.013485991396009922
6,1235,9724,0.003923425916582346
6,1236,9725,0.015745749697089195
6,1237,9726,0.006325296126306057
6,1238,9727,0.010543721728026867
6,1239,9728,0.06696751713752747
6,1240,9729,0.00827829074114561
6,1241,9730,0.008408477529883385
6,1242,9731,0.00619941670447588
6,1243,9732,0.017397554591298103
6,1244,9733,0.07977042347192764
6,1245,9734,0.09314532577991486
6,1246,9735,0.007819670252501965
6,1247,9736,0.012235690839588642
6,1248,9737,0.03741113096475601
6,1249,9738,0.003449102630838752
6,1250,9739,0.005459406413137913
6,1251,9740,0.13776086270809174
6,1252,9741,0.0062500000931322575
6,1253,9742,0.01665155403316021
6,1254,9743,0.006256875116378069
6,1255,9744,0.07322558015584946
6,1256,9745,0.041818827390670776
6,1257,9746,0.015693780034780502
6,1258,9747,0.008419372141361237
6,1259,9748,0.0009457015548832715
6,1260,9749,0.010538402013480663
6,1261,9750,0.02288777381181717
6,1262,9751,0.028977887704968452
6,1263,9752,0.009140729904174805
6,1264,9753,0.0908094048500061
6,1265,9754,0.004435785114765167
6,1266,9755,0.0061872429214417934
6,1267,9756,0.07415320724248886
6,1268,9757,0.0038654236122965813
6,1269,9758,0.022209620103240013
6,1270,9759,0.03241095319390297
6,1271,9760,0.011176502332091331
6,1272,9761,0.025479018688201904
6,1273,9762,0.01162364985793829
6,1274,9763,0.01110433042049408
6,1275,9764,0.041535068303346634
6,1276,9765,0.015385142527520657
6,1277,9766,0.009564846754074097
6,1278,9767,0.03792508319020271
6,1279,9768,0.004748611710965633
6,1280,9769,0.006107587832957506
6,1281,9770,0.026745080947875977
6,1282,9771,0.001414979575201869
6,1283,9772,0.006231992039829493
6,1284,9773,0.020113639533519745
6,1285,9774,0.0027786223217844963
6,1286,9775,0.029453828930854797
6,1287,9776,0.009430081583559513
6,1288,9777,0.06118287146091461
6,1289,9778,0.03388473391532898
6,1290,9779,0.009272837080061436
6,1291,9780,0.027012741193175316
6,1292,9781,0.049878884106874466
6,1293,9782,0.017083626240491867
6,1294,9783,0.004802650772035122
6,1295,9784,0.008418445475399494
6,1296,9785,0.011465618386864662
6,1297,9786,0.007174271158874035
6,1298,9787,0.008569392375648022
6,1299,9788,0.005818888545036316
6,1300,9789,0.01454656571149826
6,1301,9790,0.01519752386957407
6,1302,9791,0.04838636890053749
6,1303,9792,0.0054506296291947365
6,1304,9793,0.0351717583835125
6,1305,9794,0.011750581674277782
6,1306,9795,0.021588025614619255
6,1307,9796,0.002908695489168167
6,1308,9797,0.004430863074958324
6,1309,9798,0.03620346635580063
6,1310,9799,0.08028722554445267
6,1311,9800,0.005708669312298298
6,1312,9801,0.03319500759243965
6,1313,9802,0.05389883369207382
6,1314,9803,0.0295021403580904
6,1315,9804,0.03294463828206062
6,1316,9805,0.00919583160430193
6,1317,9806,0.04661622643470764
6,1318,9807,0.11413473635911942
6,1319,9808,0.003793680341914296
6,1320,9809,0.006940268445760012
6,1321,9810,0.009108572266995907
6,1322,9811,0.036641329526901245
6,1323,9812,0.004342490807175636
6,1324,9813,0.029668495059013367
6,1325,9814,0.06780749559402466
6,1326,9815,0.005482583772391081
6,1327,9816,0.03388344123959541
6,1328,9817,0.004368029069155455
6,1329,9818,0.011496217921376228
6,1330,9819,0.01103403139859438
6,1331,9820,0.010826990008354187
6,1332,9821,0.01354620885103941
6,1333,9822,0.007973379455506802
6,1334,9823,0.003981789108365774
6,1335,9824,0.06988389045000076
6,1336,9825,0.006291254423558712
6,1337,9826,0.013317996636033058
6,1338,9827,0.078372523188591
6,1339,9828,0.21361084282398224
6,1340,9829,0.00483552273362875
6,1341,9830,0.06396101415157318
6,1342,9831,0.014962817542254925
6,1343,9832,0.07048855721950531
6,1344,9833,0.004405347630381584
6,1345,9834,0.01897706650197506
6,1346,9835,0.082233726978302
6,1347,9836,0.019074732437729836
6,1348,9837,0.08325858414173126
6,1349,9838,0.1305563747882843
6,1350,9839,0.03617580980062485
6,1351,9840,0.014830381609499454
6,1352,9841,0.058578506112098694
6,1353,9842,0.03693994879722595
6,1354,9843,0.010471991263329983
6,1355,9844,0.044772323220968246
6,1356,9845,0.03913111239671707
6,1357,9846,0.061768803745508194
6,1358,9847,0.013362226076424122
6,1359,9848,0.06917140632867813
6,1360,9849,0.10063508152961731
6,1361,9850,0.12190420925617218
6,1362,9851,0.004161529708653688
6,1363,9852,0.05588028207421303
6,1364,9853,0.0030997784342616796
6,1365,9854,0.018371479585766792
6,1366,9855,0.03694954141974449
6,1367,9856,0.018371999263763428
6,1368,9857,0.017548048868775368
6,1369,9858,0.013354607857763767
6,1370,9859,0.029286999255418777
6,1371,9860,0.05831117182970047
6,1372,9861,0.021502599120140076
6,1373,9862,0.01656160317361355
6,1374,9863,0.0032601505517959595
6,1375,9864,0.03974655270576477
6,1376,9865,0.007230024319142103
6,1377,9866,0.003627046477049589
6,1378,9867,0.010723186656832695
6,1379,9868,0.06929866969585419
6,1380,9869,0.0274981576949358
6,1381,9870,0.014675915241241455
6,1382,9871,0.01839873194694519
6,1383,9872,0.006199309602379799
6,1384,9873,0.005837644916027784
6,1385,9874,0.06956501305103302
6,1386,9875,0.03815622255206108
6,1387,9876,0.021958952769637108
6,1388,9877,0.004964152816683054
6,1389,9878,0.008770901709794998
6,1390,9879,0.002617486985400319
6,1391,9880,0.05121604725718498
6,1392,9881,0.006908027455210686
6,1393,9882,0.007344497367739677
6,1394,9883,0.005223647225648165
6,1395,9884,0.06420409679412842
6,1396,9885,0.04056645557284355
6,1397,9886,0.061757270246744156
6,1398,9887,0.007016731891781092
6,1399,9888,0.146231010556221
6,1400,9889,0.007705312687903643
6,1401,9890,0.008096205070614815
6,1402,9891,0.019901057705283165
6,1403,9892,0.01790182664990425
6,1404,9893,0.005361759569495916
6,1405,9894,0.007712610065937042
6,1406,9895,0.019590452313423157
6,1407,9896,0.004341636318713427
6,1408,9897,0.013483790680766106
6,1409,9898,0.030909596011042595
6,1410,9899,0.004020898137241602
6,1411,9900,0.05761007219552994
6,1412,9901,0.009251388721168041
6,1413,9902,0.006767966318875551
6,1414,9903,0.022512100636959076
6,1415,9904,0.012124218977987766
7,1,9905,0.01081119291484356
7,2,9906,0.003499215468764305
7,3,9907,0.01757701486349106
7,4,9908,0.03480790928006172
7,5,9909,0.0034561255015432835
7,6,9910,0.049761779606342316
7,7,9911,0.03190362825989723
7,8,9912,0.008906669914722443
7,9,9913,0.02813125215470791
7,10,9914,0.0376470573246479
7,11,9915,0.03208848461508751
7,12,9916,0.009106949903070927
7,13,9917,0.005687383934855461
7,14,9918,0.06026310473680496
7,15,9919,0.004967693705111742
7,16,9920,0.06304755061864853
7,17,9921,0.03189488500356674
7,18,9922,0.04747987166047096
7,19,9923,0.008959628641605377
7,20,9924,0.043643295764923096
7,21,9925,0.02097434364259243
7,22,9926,0.008970552124083042
7,23,9927,0.003718707477673888
7,24,9928,0.012754981406033039
7,25,9929,0.032118458300828934
7,26,9930,0.01244383305311203
7,27,9931,0.10668123513460159
7,28,9932,0.01722639799118042
7,29,9933,0.022852031514048576
7,30,9934,0.04087156057357788
7,31,9935,0.0060572694055736065
7,32,9936,0.007187654264271259
7,33,9937,0.0582105778157711
7,34,9938,0.01388706173747778
7,35,9939,0.0035582007840275764
7,36,9940,0.00388278067111969
7,37,9941,0.04580877721309662
7,38,9942,0.024299411103129387
7,39,9943,0.005137833766639233
7,40,9944,0.04327882081270218
7,41,9945,0.0400487557053566
7,42,9946,0.002714109141379595
7,43,9947,0.08326709270477295
7,44,9948,0.08114290982484818
7,45,9949,0.1410606950521469
7,46,9950,0.022059060633182526
7,47,9951,0.029190143570303917
7,48,9952,0.0008298232569359243
7,49,9953,0.10425682365894318
7,50,9954,0.03932352364063263
7,51,9955,0.03097902238368988
7,52,9956,0.005881653167307377
7,53,9957,0.0042368876747787
7,54,9958,0.06791286915540695
7,55,9959,0.0057026175782084465
7,56,9960,0.007981624454259872
7,57,9961,0.01836520805954933
7,58,9962,0.014822284691035748
7,59,9963,0.007528838235884905
7,60,9964,0.026189224794507027
7,61,9965,0.026808101683855057
7,62,9966,0.007752265315502882
7,63,9967,0.03395884484052658
7,64,9968,0.07455269247293472
7,65,9969,0.0024188891984522343
7,66,9970,0.006267149467021227
7,67,9971,0.017811957746744156
7,68,9972,0.00859792809933424
7,69,9973,0.011548551730811596
7,70,9974,0.027013501152396202
7,71,9975,0.06303130090236664
7,72,9976,0.04390964284539223
7,73,9977,0.06574862450361252
7,74,9978,0.04735304415225983
7,75,9979,0.017765728756785393
7,76,9980,0.007700354792177677
7,77,9981,0.0037077809683978558
7,78,9982,0.005388673394918442
7,79,9983,0.015624206513166428
7,80,9984,0.061518147587776184
7,81,9985,0.010437749326229095
7,82,9986,0.009216812439262867
7,83,9987,0.008149364963173866
7,84,9988,0.057845279574394226
7,85,9989,0.004032110795378685
7,86,9990,0.009532911702990532
7,87,9991,0.0639876201748848
7,88,9992,0.0058425189927220345
7,89,9993,0.0351911261677742
7,90,9994,0.02151578664779663
7,91,9995,0.08573470264673233
7,92,9996,0.09333698451519012
7,93,9997,0.023215193301439285
7,94,9998,0.023521196097135544
7,95,9999,0.0062048654071986675
7,96,10000,0.020141052082180977
7,97,10001,0.010838691145181656
7,98,10002,0.06855988502502441
7,99,10003,0.006757816765457392
7,100,10004,0.01893765665590763
7,101,10005,0.006862975191324949
7,102,10006,0.018307577818632126
7,103,10007,0.03149734064936638
7,104,10008,0.020231297239661217
7,105,10009,0.016251035034656525
7,106,10010,0.05806327983736992
7,107,10011,0.009913668036460876
7,108,10012,0.05111519992351532
7,109,10013,0.03407679870724678
7,110,10014,0.017670422792434692
7,111,10015,0.00168182875495404
7,112,10016,0.010587790049612522
7,113,10017,0.06671611964702606
7,114,10018,0.03658732399344444
7,115,10019,0.03047260269522667
7,116,10020,0.013399654999375343
7,117,10021,0.022025499492883682
7,118,10022,0.0383051298558712
7,119,10023,0.0041214581578969955
7,120,10024,0.020384036004543304
7,121,10025,0.02233385480940342
7,122,10026,0.08335472643375397
7,123,10027,0.010903480462729931
7,124,10028,0.009739620611071587
7,125,10029,0.012623629532754421
7,126,10030,0.008617110550403595
7,127,10031,0.004473836161196232
7,128,10032,0.002362970495596528
7,129,10033,0.015569688752293587
7,130,10034,0.03829560428857803
7,131,10035,0.006918501108884811
7,132,10036,0.002310100244358182
7,133,10037,0.00316940201446414
7,134,10038,0.012864343822002411
7,135,10039,0.05440054088830948
7,136,10040,0.0016721299616619945
7,137,10041,0.053898271173238754
7,138,10042,0.002194650238379836
7,139,10043,0.050228849053382874
7,140,10044,0.010342779569327831
7,141,10045,0.0017759635811671615
7,142,10046,0.015391294844448566
7,143,10047,0.0028458561282604933
7,144,10048,0.05292293801903725
7,145,10049,0.004693976603448391
7,146,10050,0.03706943616271019
7,147,10051,0.07142433524131775
7,148,10052,0.0013239799300208688
7,149,10053,0.02730061486363411
7,150,10054,0.010251735337078571
7,151,10055,0.03159879893064499
7,152,10056,0.03432586044073105
7,153,10057,0.022178372368216515
7,154,10058,0.008849704638123512
7,155,10059,0.0029370307456701994
7,156,10060,0.06033725664019585
7,157,10061,0.01298079825937748
7,158,10062,0.011415204033255577
7,159,10063,0.02970787137746811
7,160,10064,0.009014026261866093
7,161,10065,0.0018182664643973112
7,162,10066,0.0038762951735407114
7,163,10067,0.017245786264538765
7,164,10068,0.006925730966031551
7,165,10069,0.00852032657712698
7,166,10070,0.009276076219975948
7,167,10071,0.01731097884476185
7,168,10072,0.06370840966701508
7,169,10073,0.00070889329072088
7,170,10074,0.004245091695338488
7,171,10075,0.0025536275934427977
7,172,10076,0.015039724297821522
7,173,10077,0.09578489512205124
7,174,10078,0.023816600441932678
7,175,10079,0.0030844700522720814
7,176,10080,0.0033388289157301188
7,177,10081,0.0786358118057251
7,178,10082,0.007137304171919823
7,179,10083,0.004024991299957037
7,180,10084,0.01328832097351551
7,181,10085,0.00715759489685297
7,182,10086,0.0044851587153971195
7,183,10087,0.03841425105929375
7,184,10088,0.002500016475096345
7,185,10089,0.0038315830752253532
7,186,10090,0.02310790866613388
7,187,10091,0.12098705023527145
7,188,10092,0.07912424951791763
7,189,10093,0.0610407218337059
7,190,10094,0.002041283529251814
7,191,10095,0.005759937223047018
7,192,10096,0.017959656193852425
7,193,10097,0.0764111876487732
7,194,10098,0.006993880029767752
7,195,10099,0.04013443365693092
7,196,10100,0.007784160785377026
7,197,10101,0.005196464713662863
7,198,10102,0.06699001044034958
7,199,10103,0.001629168284125626
7,200,10104,0.009937609545886517
7,201,10105,0.0149057162925601
7,202,10106,0.007653580047190189
7,203,10107,0.04084134101867676
7,204,10108,0.005882417783141136
7,205,10109,0.041728049516677856
7,206,10110,0.0026435544714331627
7,207,10111,0.0256179329007864
7,208,10112,0.03298738971352577
7,209,10113,0.03671465069055557
7,210,10114,0.0025889663957059383
7,211,10115,0.08197566121816635
7,212,10116,0.004367274697870016
7,213,10117,0.01720593497157097
7,214,10118,0.002477262169122696
7,215,10119,0.004941087681800127
7,216,10120,0.004685805179178715
7,217,10121,0.0191190242767334
7,218,10122,0.008116801269352436
7,219,10123,0.05422315374016762
7,220,10124,0.019340841099619865
7,221,10125,0.022326309233903885
7,222,10126,0.17169131338596344
7,223,10127,0.012210232205688953
7,224,10128,0.003349261125549674
7,225,10129,0.0053065503016114235
7,226,10130,0.012322712689638138
7,227,10131,0.03291574865579605
7,228,10132,0.01427371334284544
7,229,10133,0.02673346735537052
7,230,10134,0.023668967187404633
7,231,10135,0.022060556337237358
7,232,10136,0.09450346231460571
7,233,10137,0.004765635821968317
7,234,10138,0.027356639504432678
7,235,10139,0.15183700621128082
7,236,10140,0.04654267430305481
7,237,10141,0.0006216007168404758
7,238,10142,0.0027194656431674957
7,239,10143,0.060301151126623154
7,240,10144,0.018703630194067955
7,241,10145,0.007686305325478315
7,242,10146,0.06496277451515198
7,243,10147,0.013769062235951424
7,244,10148,0.019135668873786926
7,245,10149,0.02634856477379799
7,246,10150,0.020419834181666374
7,247,10151,0.026906078681349754
7,248,10152,0.009402130730450153
7,249,10153,0.0035692714154720306
7,250,10154,0.01357327401638031
7,251,10155,0.03171941637992859
7,252,10156,0.04276841878890991
7,253,10157,0.04285097122192383
7,254,10158,0.004342310596257448
7,255,10159,0.012289646081626415
7,256,10160,0.011614819057285786
7,257,10161,0.018575802445411682
7,258,10162,0.0018635779852047563
7,259,10163,0.007922790013253689
7,260,10164,0.009924112819135189
7,261,10165,0.0036467162426561117
7,262,10166,0.006228665355592966
7,263,10167,0.004465999081730843
7,264,10168,0.001107043237425387
7,265,10169,0.010753610171377659
7,266,10170,0.006353308912366629
7,267,10171,0.04176363721489906
7,268,10172,0.00231766514480114
7,269,10173,0.09744080901145935
7,270,10174,0.008853360079228878
7,271,10175,0.018018584698438644
7,272,10176,0.061009764671325684
7,273,10177,0.007074682042002678
7,274,10178,0.0043713669292628765
7,275,10179,0.06605280190706253
7,276,10180,0.003442236455157399
7,277,10181,0.018828537315130234
7,278,10182,0.04728873074054718
7,279,10183,0.0039947377517819405
7,280,10184,0.05471732094883919
7,281,10185,0.003264046972617507
7,282,10186,0.0158293005079031
7,283,10187,0.006024326663464308
7,284,10188,0.004983619321137667
7,285,10189,0.012328218668699265
7,286,10190,0.003717039478942752
7,287,10191,0.0024479457642883062
7,288,10192,0.02237279713153839
7,289,10193,0.007235359866172075
7,290,10194,0.047279853373765945
7,291,10195,0.009176163002848625
7,292,10196,0.05624273419380188
7,293,10197,0.0025904495269060135
7,294,10198,0.0028280033729970455
7,295,10199,0.0002616588317323476
7,296,10200,0.010756557807326317
7,297,10201,0.049899835139513016
7,298,10202,0.0017724793870002031
7,299,10203,0.06267380714416504
7,300,10204,0.04964867979288101
7,301,10205,0.0007319578435271978
7,302,10206,0.015668166801333427
7,303,10207,0.0005726746749132872
7,304,10208,0.011844105087220669
7,305,10209,0.007459331303834915
7,306,10210,0.06585468351840973
7,307,10211,0.003964480012655258
7,308,10212,0.0023565387818962336
7,309,10213,0.013335932046175003
7,310,10214,0.013014194555580616
7,311,10215,0.0068638208322227
7,312,10216,0.016650259494781494
7,313,10217,0.007760214619338512
7,314,10218,0.004711543209850788
7,315,10219,0.007454194128513336
7,316,10220,0.02032315917313099
7,317,10221,0.0578542985022068
7,318,10222,0.012059912085533142
7,319,10223,0.01688254252076149
7,320,10224,0.04494093358516693
7,321,10225,0.007193355355411768
7,322,10226,0.002019278472289443
7,323,10227,0.03822096809744835
7,324,10228,0.0016639288514852524
7,325,10229,0.05079382658004761
7,326,10230,0.0106200585141778
7,327,10231,0.06520239263772964
7,328,10232,0.017240678891539574
7,329,10233,0.006319238804280758
7,330,10234,0.0069154249504208565
7,331,10235,0.0008315207669511437
7,332,10236,0.007929348386824131
7,333,10237,0.0037210325244814157
7,334,10238,0.007790852338075638
7,335,10239,0.03902164474129677
7,336,10240,0.10945753008127213
7,337,10241,0.01986033469438553
7,338,10242,0.05583348497748375
7,339,10243,0.01783391833305359
7,340,10244,0.008054419420659542
7,341,10245,0.03748144581913948
7,342,10246,0.002119962126016617
7,343,10247,0.007477408740669489
7,344,10248,0.07554082572460175
7,345,10249,0.007067929487675428
7,346,10250,0.010966933332383633
7,347,10251,0.012471994385123253
7,348,10252,0.019303806126117706
7,349,10253,0.004731564782559872
7,350,10254,0.014374026097357273
7,351,10255,0.03432364761829376
7,352,10256,0.0032276741694658995
7,353,10257,0.0027962541207671165
7,354,10258,0.04276508092880249
7,355,10259,0.02401021309196949
7,356,10260,0.0147989671677351
7,357,10261,0.01110219955444336
7,358,10262,0.0013403039192780852
7,359,10263,0.009541496634483337
7,360,10264,0.0017508278833702207
7,361,10265,0.00298615382052958
7,362,10266,0.06261102110147476
7,363,10267,0.02894223853945732
7,364,10268,0.006520151626318693
7,365,10269,0.01517974678426981
7,366,10270,0.08648419380187988
7,367,10271,0.0028021112084388733
7,368,10272,0.04068253934383392
7,369,10273,0.002579572843387723
7,370,10274,0.025579342618584633
7,371,10275,0.012674542143940926
7,372,10276,0.017555439844727516
7,373,10277,0.006155712064355612
7,374,10278,0.07883042842149734
7,375,10279,0.028603259474039078
7,376,10280,0.02452404610812664
7,377,10281,0.02405194565653801
7,378,10282,0.015551808290183544
7,379,10283,0.05810345336794853
7,380,10284,0.01800396293401718
7,381,10285,0.0070691644214093685
7,382,10286,0.014360389672219753
7,383,10287,0.05393214896321297
7,384,10288,0.006997443735599518
7,385,10289,0.03749758377671242
7,386,10290,0.02442382648587227
7,387,10291,0.016558373346924782
7,388,10292,0.06833888590335846
7,389,10293,0.0061742630787193775
7,390,10294,0.008864052593708038
7,391,10295,0.0029329811222851276
7,392,10296,0.015364301390945911
7,393,10297,0.0451197512447834
7,394,10298,0.007733524311333895
7,395,10299,0.06819727271795273
7,396,10300,0.004713759757578373
7,397,10301,0.011797820217907429
7,398,10302,0.01071209367364645
7,399,10303,0.01627076044678688
7,400,10304,0.006051919888705015
7,401,10305,0.014123192057013512
7,402,10306,0.005890311673283577
7,403,10307,0.005010563414543867
7,404,10308,0.09456823766231537
7,405,10309,0.01220676489174366
7,406,10310,0.026384100317955017
7,407,10311,0.001339664333499968
7,408,10312,0.003811081638559699
7,409,10313,0.0092410147190094
7,410,10314,0.017318665981292725
7,411,10315,0.003934215288609266
7,412,10316,0.006829105783253908
7,413,10317,0.0019192621111869812
7,414,10318,0.020678531378507614
7,415,10319,0.0007221524138003588
7,416,10320,0.04259173199534416
7,417,10321,0.0031637991778552532
7,418,10322,0.004953164607286453
7,419,10323,0.0017134083900600672
7,420,10324,0.0469861775636673
7,421,10325,0.0016618978697806597
7,422,10326,0.0017877438804134727
7,423,10327,0.10555848479270935
7,424,10328,0.008054163306951523
7,425,10329,0.014918314293026924
7,426,10330,0.0026754620485007763
7,427,10331,0.008782373741269112
7,428,10332,0.010271191596984863
7,429,10333,0.00144858134444803
7,430,10334,0.011043500155210495
7,431,10335,0.021825473755598068
7,432,10336,0.0020001502707600594
7,433,10337,0.0658026933670044
7,434,10338,0.0010790112428367138
7,435,10339,0.003054465400055051
7,436,10340,0.03699576482176781
7,437,10341,0.023776864632964134
7,438,10342,0.0025704680010676384
7,439,10343,0.011957396753132343
7,440,10344,0.0051476070657372475
7,441,10345,0.05226152017712593
7,442,10346,0.003520455677062273
7,443,10347,0.045464321970939636
7,444,10348,0.0010990701848641038
7,445,10349,0.0027336084749549627
7,446,10350,0.03825971111655235
7,447,10351,0.06497381627559662
7,448,10352,0.006692489609122276
7,449,10353,0.05266046151518822
7,450,10354,0.004435638897120953
7,451,10355,0.006369870621711016
7,452,10356,0.01985245570540428
7,453,10357,0.010708148591220379
7,454,10358,0.02045082300901413
7,455,10359,0.0459885336458683
7,456,10360,0.054219868034124374
7,457,10361,0.0021523605100810528
7,458,10362,0.004545973148196936
7,459,10363,0.08296309411525726
7,460,10364,0.0029497656505554914
7,461,10365,0.004969218745827675
7,462,10366,0.0023229268845170736
7,463,10367,0.048329904675483704
7,464,10368,0.015156864188611507
7,465,10369,0.003703906200826168
7,466,10370,0.011497297324240208
7,467,10371,0.013491317629814148
7,468,10372,0.007705665659159422
7,469,10373,0.025614572688937187
7,470,10374,0.01601773127913475
7,471,10375,0.0061965021304786205
7,472,10376,0.014357049949467182
7,473,10377,0.013683204539120197
7,474,10378,0.02699870988726616
7,475,10379,0.033129241317510605
7,476,10380,0.05210396647453308
7,477,10381,0.002064518630504608
7,478,10382,0.005888720508664846
7,479,10383,0.00575949577614665
7,480,10384,0.002021634252741933
7,481,10385,0.0038701745215803385
7,482,10386,0.005949041340500116
7,483,10387,0.005357172340154648
7,484,10388,0.0030886537861078978
7,485,10389,0.009929228574037552
7,486,10390,0.01655973680317402
7,487,10391,0.0042886738665401936
7,488,10392,0.004626754205673933
7,489,10393,0.010039408691227436
7,490,10394,0.003593438072130084
7,491,10395,0.006434570997953415
7,492,10396,0.0014521643752232194
7,493,10397,0.005444969516247511
7,494,10398,0.0718165710568428
7,495,10399,0.040422920137643814
7,496,10400,0.0030883881263434887
7,497,10401,0.0012436826946213841
7,498,10402,0.0041073886677622795
7,499,10403,0.004571565892547369
7,500,10404,0.005428894888609648
7,501,10405,0.003016357310116291
7,502,10406,0.00929013267159462
7,503,10407,0.02335316501557827
7,504,10408,0.004304659552872181
7,505,10409,0.09150659292936325
7,506,10410,0.09143698960542679
7,507,10411,0.012298793531954288
7,508,10412,0.05503780022263527
7,509,10413,0.011365042068064213
7,510,10414,0.01565692573785782
7,511,10415,0.002192201791331172
7,512,10416,0.006577145773917437
7,513,10417,0.003601999254897237
7,514,10418,0.006108063273131847
7,515,10419,0.007391190156340599
7,516,10420,0.01666048727929592
7,517,10421,0.0018035989487543702
7,518,10422,0.006020016502588987
7,519,10423,0.10550639778375626
7,520,10424,0.15247559547424316
7,521,10425,0.0022793712560087442
7,522,10426,0.008931166492402554
7,523,10427,0.06492889672517776
7,524,10428,0.0020970385521650314
7,525,10429,0.017969397827982903
7,526,10430,0.10263534635305405
7,527,10431,0.018938560038805008
7,528,10432,0.04587579891085625
7,529,10433,0.011639277450740337
7,530,10434,0.053298283368349075
7,531,10435,0.06304207444190979
7,532,10436,0.004412417765706778
7,533,10437,0.026783794164657593
7,534,10438,0.009058945812284946
7,535,10439,0.008011072874069214
7,536,10440,0.018812665715813637
7,537,10441,0.005186452064663172
7,538,10442,0.053025275468826294
7,539,10443,0.012741077691316605
7,540,10444,0.020463790744543076
7,541,10445,0.029467104002833366
7,542,10446,0.015448909252882004
7,543,10447,0.022448671981692314
7,544,10448,0.017394600436091423
7,545,10449,0.005932995118200779
7,546,10450,0.034706585109233856
7,547,10451,0.021870311349630356
7,548,10452,0.005230069160461426
7,549,10453,0.004977693315595388
7,550,10454,0.0034582132939249277
7,551,10455,0.011617261916399002
7,552,10456,0.0037218513898551464
7,553,10457,0.010793947614729404
7,554,10458,0.04312296584248543
7,555,10459,0.021002281457185745
7,556,10460,0.049408208578825
7,557,10461,0.005438216496258974
7,558,10462,0.0021211823914200068
7,559,10463,0.001918029971420765
7,560,10464,0.005771759897470474
7,561,10465,0.04674983024597168
7,562,10466,0.0027353183832019567
7,563,10467,0.005795768927782774
7,564,10468,0.011295721866190434
7,565,10469,0.003504841821268201
7,566,10470,0.10544403642416
7,567,10471,0.002886937465518713
7,568,10472,0.00043966283556073904
7,569,10473,0.0016183584230020642
7,570,10474,0.003385258372873068
7,571,10475,0.05372360721230507
7,572,10476,0.05125688388943672
7,573,10477,0.006168016232550144
7,574,10478,0.007218765094876289
7,575,10479,0.04973415657877922
7,576,10480,0.0211201049387455
7,577,10481,0.03622734174132347
7,578,10482,0.002921077888458967
7,579,10483,0.03504753112792969
7,580,10484,0.031148942187428474
7,581,10485,0.033637624233961105
7,582,10486,0.004719596356153488
7,583,10487,0.011150840669870377
7,584,10488,0.010554174892604351
7,585,10489,0.040004972368478775
7,586,10490,0.02099151909351349
7,587,10491,0.016143541783094406
7,588,10492,0.008675111457705498
7,589,10493,0.0017179984133690596
7,590,10494,0.0012307821307331324
7,591,10495,0.007384165655821562
7,592,10496,0.016055835410952568
7,593,10497,0.026409000158309937
7,594,10498,0.0017503250855952501
7,595,10499,0.0031616445630788803
7,596,10500,0.007732573430985212
7,597,10501,0.0033199971076101065
7,598,10502,0.0005636910791508853
7,599,10503,0.002579024061560631
7,600,10504,0.03216216713190079
7,601,10505,0.007775726728141308
7,602,10506,0.007021093741059303
7,603,10507,0.013286926783621311
7,604,10508,0.023691119626164436
7,605,10509,0.021214520558714867
7,606,10510,0.05726205185055733
7,607,10511,0.004250633995980024
7,608,10512,0.006161597091704607
7,609,10513,0.0167897567152977
7,610,10514,0.008556853979825974
7,611,10515,0.03912205994129181
7,612,10516,0.002366102999076247
7,613,10517,0.01639280840754509
7,614,10518,0.003021365962922573
7,615,10519,0.0006062036263756454
7,616,10520,0.020159853622317314
7,617,10521,0.0328928641974926
7,618,10522,0.0013699524570256472
7,619,10523,0.021327873691916466
7,620,10524,0.03272969648241997
7,621,10525,0.0025078454054892063
7,622,10526,0.0012518216390162706
7,623,10527,0.0034436313435435295
7,624,10528,0.01581396348774433
7,625,10529,0.005102830473333597
7,626,10530,0.0066811866126954556
7,627,10531,0.07841005176305771
7,628,10532,0.002154960297048092
7,629,10533,0.015219436958432198
7,630,10534,0.0062157693319022655
7,631,10535,0.00786193273961544
7,632,10536,0.011186887510120869
7,633,10537,0.004745471756905317
7,634,10538,0.002222779206931591
7,635,10539,0.011305863037705421
7,636,10540,0.0026761877816170454
7,637,10541,0.002907026559114456
7,638,10542,0.050468605011701584
7,639,10543,0.009969006292521954
7,640,10544,0.03228083252906799
7,641,10545,0.014286226592957973
7,642,10546,0.008661037310957909
7,643,10547,0.001534852897748351
7,644,10548,0.007045518606901169
7,645,10549,0.005159501451998949
7,646,10550,0.020328760147094727
7,647,10551,0.00217488338239491
7,648,10552,0.03818444907665253
7,649,10553,0.0012309958692640066
7,650,10554,0.0009008317138068378
7,651,10555,0.04453439265489578
7,652,10556,0.024990394711494446
7,653,10557,0.0011445172131061554
7,654,10558,0.008328817784786224
7,655,10559,0.002112726913765073
7,656,10560,0.014178718440234661
7,657,10561,0.004272816702723503
7,658,10562,0.007287673652172089
7,659,10563,0.07135158032178879
7,660,10564,0.0025202033575624228
7,661,10565,0.003452134085819125
7,662,10566,0.026354094967246056
7,663,10567,0.0016486955573782325
7,664,10568,0.0019804630428552628
7,665,10569,0.06014863774180412
7,666,10570,0.0018401157576590776
7,667,10571,0.003339749528095126
7,668,10572,0.005548706743866205
7,669,10573,0.019008873030543327
7,670,10574,0.016668332740664482
7,671,10575,0.006268830969929695
7,672,10576,0.0039788284339010715
7,673,10577,0.009764978662133217
7,674,10578,0.0015169346006587148
7,675,10579,0.0011744560906663537
7,676,10580,0.0029588122852146626
7,677,10581,0.01972852647304535
7,678,10582,0.08036906272172928
7,679,10583,0.011713285930454731
7,680,10584,0.004316976759582758
7,681,10585,0.005044972524046898
7,682,10586,0.006411773152649403
7,683,10587,0.006478932220488787
7,684,10588,0.018377868458628654
7,685,10589,0.044448547065258026
7,686,10590,0.005598690360784531
7,687,10591,0.007417191285640001
7,688,10592,0.0015887084882706404
7,689,10593,0.017214486375451088
7,690,10594,0.005293353460729122
7,691,10595,0.05131256580352783
7,692,10596,0.005903556011617184
7,693,10597,0.002350609516724944
7,694,10598,0.11219809204339981
7,695,10599,0.024842064827680588
7,696,10600,0.004453055560588837
7,697,10601,0.01702450029551983
7,698,10602,0.01873217709362507
7,699,10603,0.04192706197500229
7,700,10604,0.004989578388631344
7,701,10605,0.02646276168525219
7,702,10606,0.006552893202751875
7,703,10607,0.005094492342323065
7,704,10608,0.004873371683061123
7,705,10609,0.004859756678342819
7,706,10610,0.0020555220544338226
7,707,10611,0.048858411610126495
7,708,10612,0.01047000102698803
7,709,10613,0.005175800994038582
7,710,10614,0.006147546228021383
7,711,10615,0.037196312099695206
7,712,10616,0.023970669135451317
7,713,10617,0.0030850425828248262
7,714,10618,0.014002860523760319
7,715,10619,0.10734843462705612
7,716,10620,0.013132559135556221
7,717,10621,0.0051586925983428955
7,718,10622,0.0011116343084722757
7,719,10623,0.008858914487063885
7,720,10624,0.0036306653637439013
7,721,10625,0.14015337824821472
7,722,10626,0.017696792259812355
7,723,10627,0.01215848047286272
7,724,10628,0.027087099850177765
7,725,10629,0.019678456708788872
7,726,10630,0.0023672201205044985
7,727,10631,0.0018806811422109604
7,728,10632,0.004364680033177137
7,729,10633,0.002528952667489648
7,730,10634,0.008216926828026772
7,731,10635,0.0072684092447161674
7,732,10636,0.03001764975488186
7,733,10637,0.0025595759507268667
7,734,10638,0.008416108787059784
7,735,10639,0.009558124467730522
7,736,10640,0.019539490342140198
7,737,10641,0.006502096075564623
7,738,10642,0.019739970564842224
7,739,10643,0.10674581676721573
7,740,10644,0.006033864803612232
7,741,10645,0.003406425705179572
7,742,10646,0.004377164877951145
7,743,10647,0.0036722079385071993
7,744,10648,0.03633465617895126
7,745,10649,0.012346762232482433
7,746,10650,0.004665377549827099
7,747,10651,0.028964031487703323
7,748,10652,0.001918335910886526
7,749,10653,0.024442581459879875
7,750,10654,0.0012377190869301558
7,751,10655,0.01222999207675457
7,752,10656,0.004286608193069696
7,753,10657,0.05914008617401123
7,754,10658,0.0042564584873616695
7,755,10659,0.03629716858267784
7,756,10660,0.00298095541074872
7,757,10661,0.01602175086736679
7,758,10662,0.008012344129383564
7,759,10663,0.04439431428909302
7,760,10664,0.004487487021833658
7,761,10665,0.007141564507037401
7,762,10666,0.004105411469936371
7,763,10667,0.006047574803233147
7,764,10668,0.00513628451153636
7,765,10669,0.014518804848194122
7,766,10670,0.003066163742914796
7,767,10671,0.0028240797109901905
7,768,10672,0.07864615321159363
7,769,10673,0.01568838767707348
7,770,10674,0.08111488819122314
7,771,10675,0.002856738865375519
7,772,10676,0.012546119280159473
7,773,10677,0.002330574905499816
7,774,10678,0.005457442719489336
7,775,10679,0.004217557609081268
7,776,10680,0.02880837954580784
7,777,10681,0.002957326825708151
7,778,10682,0.024004170671105385
7,779,10683,0.011288407258689404
7,780,10684,0.026264188811182976
7,781,10685,0.01479659229516983
7,782,10686,0.003221849910914898
7,783,10687,0.013708334416151047
7,784,10688,0.030114851891994476
7,785,10689,0.03683546930551529
7,786,10690,0.005071800202131271
7,787,10691,0.03209777921438217
7,788,10692,0.007299926597625017
7,789,10693,0.01873656176030636
7,790,10694,0.07779236882925034
7,791,10695,0.0021388623863458633
7,792,10696,0.03991491720080376
7,793,10697,0.012223412282764912
7,794,10698,0.11974288523197174
7,795,10699,0.09650972485542297
7,796,10700,0.022177275270223618
7,797,10701,0.05989159643650055
7,798,10702,0.006142760161310434
7,799,10703,0.0040766471065580845
7,800,10704,0.0019459303002804518
7,801,10705,0.003777705831453204
7,802,10706,0.0018963210750371218
7,803,10707,0.08720293641090393
7,804,10708,0.06648757308721542
7,805,10709,0.032544370740652084
7,806,10710,0.017578475177288055
7,807,10711,0.030129380524158478
7,808,10712,0.026759985834360123
7,809,10713,0.005297435913234949
7,810,10714,0.08256707340478897
7,811,10715,0.0035436071921139956
7,812,10716,0.008561919443309307
7,813,10717,0.041844144463539124
7,814,10718,0.01304476335644722
7,815,10719,0.20563645660877228
7,816,10720,0.004843069706112146
7,817,10721,0.012987412512302399
7,818,10722,0.019922897219657898
7,819,10723,0.06676272302865982
7,820,10724,0.00773056223988533
7,821,10725,0.0035721457097679377
7,822,10726,0.12193015962839127
7,823,10727,0.008778431452810764
7,824,10728,0.0067789009772241116
7,825,10729,0.0045754872262477875
7,826,10730,0.004313846584409475
7,827,10731,0.03728380426764488
7,828,10732,0.020271502435207367
7,829,10733,0.0038484111428260803
7,830,10734,0.08259157091379166
7,831,10735,0.08824367821216583
7,832,10736,0.0160799752920866
7,833,10737,0.022056812420487404
7,834,10738,0.003979629371315241
7,835,10739,0.032780978828668594
7,836,10740,0.0075732143595814705
7,837,10741,0.034008610993623734
7,838,10742,0.007165210321545601
7,839,10743,0.05579793453216553
7,840,10744,0.034725382924079895
7,841,10745,0.0006876580882817507
7,842,10746,0.006929006427526474
7,843,10747,0.007437171880155802
7,844,10748,0.018657298758625984
7,845,10749,0.010650323703885078
7,846,10750,0.013674537651240826
7,847,10751,0.0016096216859295964
7,848,10752,0.002733435947448015
7,849,10753,0.034242138266563416
7,850,10754,0.010555023327469826
7,851,10755,0.002687276341021061
7,852,10756,0.0020423238165676594
7,853,10757,0.00677061639726162
7,854,10758,0.005926815792918205
7,855,10759,0.00259258016012609
7,856,10760,0.002784164622426033
7,857,10761,0.010389364324510098
7,858,10762,0.038078855723142624
7,859,10763,0.006978532299399376
7,860,10764,0.0047557298094034195
7,861,10765,0.03419288247823715
7,862,10766,0.0530514158308506
7,863,10767,0.012523344717919827
7,864,10768,0.006215929519385099
7,865,10769,0.0016348634380847216
7,866,10770,0.06987027078866959
7,867,10771,0.0035781352780759335
7,868,10772,0.004100542049854994
7,869,10773,0.001513665891252458
7,870,10774,0.002290054690092802
7,871,10775,0.0009542966727167368
7,872,10776,0.008057082071900368
7,873,10777,0.06532596051692963
7,874,10778,0.056016478687524796
7,875,10779,0.0035867257975041866
7,876,10780,0.010497226379811764
7,877,10781,0.012065798975527287
7,878,10782,0.0076755634509027
7,879,10783,0.014472675509750843
7,880,10784,0.038363244384527206
7,881,10785,0.0010828111553564668
7,882,10786,0.0037085714284330606
7,883,10787,0.0028375331312417984
7,884,10788,0.04446142911911011
7,885,10789,0.028987400233745575
7,886,10790,0.00328838056884706
7,887,10791,0.0015899563441053033
7,888,10792,0.007202316075563431
7,889,10793,0.0034230626188218594
7,890,10794,0.06952488422393799
7,891,10795,0.005781032145023346
7,892,10796,0.003292091190814972
7,893,10797,0.001291343360207975
7,894,10798,0.006903487257659435
7,895,10799,0.0780910849571228
7,896,10800,0.012385268695652485
7,897,10801,0.06606382131576538
7,898,10802,0.002642960287630558
7,899,10803,0.04552172124385834
7,900,10804,0.002098765457049012
7,901,10805,0.003473615739494562
7,902,10806,0.039327945560216904
7,903,10807,0.002906974870711565
7,904,10808,0.02796953357756138
7,905,10809,0.02117881365120411
7,906,10810,0.006238753907382488
7,907,10811,0.02440701238811016
7,908,10812,0.04192791134119034
7,909,10813,0.01482517458498478
7,910,10814,0.001531107584014535
7,911,10815,0.016443215310573578
7,912,10816,0.020135153084993362
7,913,10817,0.00404897378757596
7,914,10818,0.0028226631693542004
7,915,10819,0.02728351205587387
7,916,10820,0.005735229235142469
7,917,10821,0.033417440950870514
7,918,10822,0.029533129185438156
7,919,10823,0.001647857017815113
7,920,10824,0.005279172211885452
7,921,10825,0.0023146290332078934
7,922,10826,0.01638081856071949
7,923,10827,0.002940070815384388
7,924,10828,0.009612527675926685
7,925,10829,0.0518089197576046
7,926,10830,0.006380090024322271
7,927,10831,0.02911885641515255
7,928,10832,0.0032455497421324253
7,929,10833,0.01548596378415823
7,930,10834,0.11481219530105591
7,931,10835,0.03060819022357464
7,932,10836,0.08428111672401428
7,933,10837,0.006108295172452927
7,934,10838,0.0033279384952038527
7,935,10839,0.008736522868275642
7,936,10840,0.02034890279173851
7,937,10841,0.007421337999403477
7,938,10842,0.017894525080919266
7,939,10843,0.0006994117284193635
7,940,10844,0.005500860046595335
7,941,10845,0.014763153158128262
7,942,10846,0.010698485188186169
7,943,10847,0.006631145719438791
7,944,10848,0.00267601921223104
7,945,10849,0.006683360319584608
7,946,10850,0.018703602254390717
7,947,10851,0.003542519174516201
7,948,10852,0.018196355551481247
7,949,10853,0.042251840233802795
7,950,10854,0.006218787282705307
7,951,10855,0.006538595538586378
7,952,10856,0.010925345122814178
7,953,10857,0.009568028151988983
7,954,10858,0.035835038870573044
7,955,10859,0.004696693271398544
7,956,10860,0.0028976246248930693
7,957,10861,0.012228026054799557
7,958,10862,0.035336337983608246
7,959,10863,0.013838567771017551
7,960,10864,0.023121420294046402
7,961,10865,0.019691886380314827
7,962,10866,0.052316728979349136
7,963,10867,0.012432293966412544
7,964,10868,0.032642967998981476
7,965,10869,0.0017121341079473495
7,966,10870,0.0025535388849675655
7,967,10871,0.0018937686691060662
7,968,10872,0.0010137793142348528
7,969,10873,0.01428987830877304
7,970,10874,0.004607722163200378
7,971,10875,0.023141998797655106
7,972,10876,0.05416623875498772
7,973,10877,0.00237800320610404
7,974,10878,0.005911671090871096
7,975,10879,0.028212595731019974
7,976,10880,0.00936121679842472
7,977,10881,0.01257583498954773
7,978,10882,0.01656951569020748
7,979,10883,0.005695974454283714
7,980,10884,0.011791191063821316
7,981,10885,0.07060078531503677
7,982,10886,0.05526294931769371
7,983,10887,0.014328443445265293
7,984,10888,0.008076018653810024
7,985,10889,0.013305220752954483
7,986,10890,0.004686024971306324
7,987,10891,0.0441591739654541
7,988,10892,0.06091805174946785
7,989,10893,0.006258006207644939
7,990,10894,0.028704093769192696
7,991,10895,0.0034374718088656664
7,992,10896,0.05781051144003868
7,993,10897,0.0016004809876903892
7,994,10898,0.05964381620287895
7,995,10899,0.07817704975605011
7,996,10900,0.0023669234942644835
7,997,10901,0.006554799620062113
7,998,10902,0.043975722044706345
7,999,10903,0.049189794808626175
7,1000,10904,0.04922453686594963
7,1001,10905,0.02159336395561695
7,1002,10906,0.044071801006793976
7,1003,10907,0.00714788818731904
7,1004,10908,0.04598255455493927
7,1005,10909,0.044874172657728195
7,1006,10910,0.006303194910287857
7,1007,10911,0.013272217474877834
7,1008,10912,0.019912544637918472
7,1009,10913,0.006600185297429562
7,1010,10914,0.00945228524506092
7,1011,10915,0.02111167274415493
7,1012,10916,0.013829054310917854
7,1013,10917,0.044446200132369995
7,1014,10918,0.011658316478133202
7,1015,10919,0.0028030849061906338
7,1016,10920,0.009254474192857742
7,1017,10921,0.009068863466382027
7,1018,10922,0.012023396790027618
7,1019,10923,0.08120852708816528
7,1020,10924,0.012110024690628052
7,1021,10925,0.0026223512832075357
7,1022,10926,0.04234486445784569
7,1023,10927,0.002720377640798688
7,1024,10928,0.004380060359835625
7,1025,10929,0.02615305967628956
7,1026,10930,0.019557787105441093
7,1027,10931,0.002282822271808982
7,1028,10932,0.004009421449154615
7,1029,10933,0.024287410080432892
7,1030,10934,0.02082476206123829
7,1031,10935,0.031408581882715225
7,1032,10936,0.0015507949283346534
7,1033,10937,0.017776045948266983
7,1034,10938,0.041843388229608536
7,1035,10939,0.006151716224849224
7,1036,10940,0.004577470477670431
7,1037,10941,0.0010764162288978696
7,1038,10942,0.0036612311378121376
7,1039,10943,0.03904964029788971
7,1040,10944,0.003235339419916272
7,1041,10945,0.0009141042828559875
7,1042,10946,0.010471549816429615
7,1043,10947,0.003154139732941985
7,1044,10948,0.052883367985486984
7,1045,10949,0.036315858364105225
7,1046,10950,0.0038343712221831083
7,1047,10951,0.003420175053179264
7,1048,10952,0.03481395170092583
7,1049,10953,0.009413354098796844
7,1050,10954,0.10100826621055603
7,1051,10955,0.0018626382807269692
7,1052,10956,0.004181777127087116
7,1053,10957,0.0055540092289447784
7,1054,10958,0.0017838850617408752
7,1055,10959,0.09355129301548004
7,1056,10960,0.005085724871605635
7,1057,10961,0.07363830506801605
7,1058,10962,0.044510435312986374
7,1059,10963,0.007294946815818548
7,1060,10964,0.0027666448149830103
7,1061,10965,0.004435383249074221
7,1062,10966,0.04114672541618347
7,1063,10967,0.025003530085086823
7,1064,10968,0.056623004376888275
7,1065,10969,0.0009744443232193589
7,1066,10970,0.0032547092996537685
7,1067,10971,0.0029851486906409264
7,1068,10972,0.0014141661813482642
7,1069,10973,0.008563036099076271
7,1070,10974,0.04278108850121498
7,1071,10975,0.0021387003362178802
7,1072,10976,0.03153388574719429
7,1073,10977,0.014097423292696476
7,1074,10978,0.009579718112945557
7,1075,10979,0.003111694473773241
7,1076,10980,0.006741546094417572
7,1077,10981,0.0006955358549021184
7,1078,10982,0.03775667026638985
7,1079,10983,0.027726707980036736
7,1080,10984,0.0012169884284958243
7,1081,10985,0.003919931128621101
7,1082,10986,0.005851312540471554
7,1083,10987,0.0233981441706419
7,1084,10988,0.005549158435314894
7,1085,10989,0.004609528463333845
7,1086,10990,0.005102736875414848
7,1087,10991,0.07657857984304428
7,1088,10992,0.0352463573217392
7,1089,10993,0.009327549487352371
7,1090,10994,0.053038619458675385
7,1091,10995,0.009023690596222878
7,1092,10996,0.07000254094600677
7,1093,10997,0.046550288796424866
7,1094,10998,0.01817215420305729
7,1095,10999,0.010839930735528469
7,1096,11000,0.06754227727651596
7,1097,11001,0.01413426548242569
7,1098,11002,0.14499160647392273
7,1099,11003,0.06914301216602325
7,1100,11004,0.0875585600733757
7,1101,11005,0.0062821535393595695
7,1102,11006,0.030390210449695587
7,1103,11007,0.06831581890583038
7,1104,11008,0.019899437204003334
7,1105,11009,0.009368733502924442
7,1106,11010,0.03863891586661339
7,1107,11011,0.1393953412771225
7,1108,11012,0.05262141302227974
7,1109,11013,0.01715686358511448
7,1110,11014,0.0317227728664875
7,1111,11015,0.028283966705203056
7,1112,11016,0.10037965327501297
7,1113,11017,0.045527178794145584
7,1114,11018,0.04929209128022194
7,1115,11019,0.020748278126120567
7,1116,11020,0.05249200016260147
7,1117,11021,0.003311543958261609
7,1118,11022,0.002996268915012479
7,1119,11023,0.08413879573345184
7,1120,11024,0.021725527942180634
7,1121,11025,0.013628976419568062
7,1122,11026,0.016985658556222916
7,1123,11027,0.010932301171123981
7,1124,11028,0.05117640271782875
7,1125,11029,0.034408796578645706
7,1126,11030,0.04072102531790733
7,1127,11031,0.0229452196508646
7,1128,11032,0.08987114578485489
7,1129,11033,0.033776622265577316
7,1130,11034,0.016307709738612175
7,1131,11035,0.012184951454401016
7,1132,11036,0.03294365480542183
7,1133,11037,0.01671813242137432
7,1134,11038,0.07671531289815903
7,1135,11039,0.03845944255590439
7,1136,11040,0.00803311076015234
7,1137,11041,0.006253279745578766
7,1138,11042,0.032020337879657745
7,1139,11043,0.003168458119034767
7,1140,11044,0.009603279642760754
7,1141,11045,0.05608762428164482
7,1142,11046,0.06952568143606186
7,1143,11047,0.05358681082725525
7,1144,11048,0.017419401556253433
7,1145,11049,0.001235887291841209
7,1146,11050,0.023996591567993164
7,1147,11051,0.058218393474817276
7,1148,11052,0.011026274412870407
7,1149,11053,0.004508280660957098
7,1150,11054,0.020333867520093918
7,1151,11055,0.01846310682594776
7,1152,11056,0.0023314100690186024
7,1153,11057,0.026025868952274323
7,1154,11058,0.025765975937247276
7,1155,11059,0.011516927741467953
7,1156,11060,0.03391646593809128
7,1157,11061,0.004671539645642042
7,1158,11062,0.008207286708056927
7,1159,11063,0.006851856596767902
7,1160,11064,0.010298587381839752
7,1161,11065,0.008643140085041523
7,1162,11066,0.04621071368455887
7,1163,11067,0.003641323884949088
7,1164,11068,0.0035170381888747215
7,1165,11069,0.01177558209747076
7,1166,11070,0.006256816443055868
7,1167,11071,0.020538434386253357
7,1168,11072,0.027049435302615166
7,1169,11073,0.005416878964751959
7,1170,11074,0.12351004034280777
7,1171,11075,0.010436913929879665
7,1172,11076,0.009530453942716122
7,1173,11077,0.04025563970208168
7,1174,11078,0.016116775572299957
7,1175,11079,0.04363357648253441
7,1176,11080,0.010241755284368992
7,1177,11081,0.0037595145404338837
7,1178,11082,0.0037250749301165342
7,1179,11083,0.01124897412955761
7,1180,11084,0.009084104560315609
7,1181,11085,0.0005542004946619272
7,1182,11086,0.0742599293589592
7,1183,11087,0.004809845704585314
7,1184,11088,0.03297238424420357
7,1185,11089,0.013352449052035809
7,1186,11090,0.014990600757300854
7,1187,11091,0.007219342514872551
7,1188,11092,0.003908141050487757
7,1189,11093,0.010276074521243572
7,1190,11094,0.04419166222214699
7,1191,11095,0.0013482632348313928
7,1192,11096,0.0030965993646532297
7,1193,11097,0.06482551246881485
7,1194,11098,0.030540622770786285
7,1195,11099,0.003216034034267068
7,1196,11100,0.009941923432052135
7,1197,11101,0.03152117878198624
7,1198,11102,0.11367224901914597
7,1199,11103,0.06519661843776703
7,1200,11104,0.04733608663082123
7,1201,11105,0.011349428445100784
7,1202,11106,0.006407626438885927
7,1203,11107,0.01790648140013218
7,1204,11108,0.07719120383262634
7,1205,11109,0.015264108777046204
7,1206,11110,0.009621280245482922
7,1207,11111,0.004313100595027208
7,1208,11112,0.0029261852614581585
7,1209,11113,0.003199721686542034
7,1210,11114,0.0017976041417568922
7,1211,11115,0.0049216835759580135
7,1212,11116,0.010750843212008476
7,1213,11117,0.03445078432559967
7,1214,11118,0.020216096192598343
7,1215,11119,0.02751295641064644
7,1216,11120,0.010787901468575
7,1217,11121,0.1291000097990036
7,1218,11122,0.041092727333307266
7,1219,11123,0.0070267622359097
7,1220,11124,0.0023853767197579145
7,1221,11125,0.03044588677585125
7,1222,11126,0.018025008961558342
7,1223,11127,0.014926336705684662
7,1224,11128,0.019285693764686584
7,1225,11129,0.0034661940298974514
7,1226,11130,0.03428877890110016
7,1227,11131,0.029717206954956055
7,1228,11132,0.004174930043518543
7,1229,11133,0.014323937706649303
7,1230,11134,0.035545751452445984
7,1231,11135,0.008384236134588718
7,1232,11136,0.018797798082232475
7,1233,11137,0.06125715374946594
7,1234,11138,0.028011437505483627
7,1235,11139,0.033559639006853104
7,1236,11140,0.062377385795116425
7,1237,11141,0.0038862761575728655
7,1238,11142,0.01686592400074005
7,1239,11143,0.029059967026114464
7,1240,11144,0.06772810965776443
7,1241,11145,0.0027668392285704613
7,1242,11146,0.003543527564033866
7,1243,11147,0.010022297501564026
7,1244,11148,0.004152028821408749
7,1245,11149,0.027210550382733345
7,1246,11150,0.04760005325078964
7,1247,11151,0.001076915767043829
7,1248,11152,0.002277685096487403
7,1249,11153,0.046772804111242294
7,1250,11154,0.018048100173473358
7,1251,11155,0.00877144280821085
7,1252,11156,0.004441399592906237
7,1253,11157,0.004314219579100609
7,1254,11158,0.010616774670779705
7,1255,11159,0.04113934934139252
7,1256,11160,0.04749222472310066
7,1257,11161,0.012751257978379726
7,1258,11162,0.02134968340396881
7,1259,11163,0.005806365050375462
7,1260,11164,0.0028886795043945312
7,1261,11165,0.03807714581489563
7,1262,11166,0.0358876995742321
7,1263,11167,0.015583643689751625
7,1264,11168,0.021470701321959496
7,1265,11169,0.07837451994419098
7,1266,11170,0.0070001427084207535
7,1267,11171,0.011957929469645023
7,1268,11172,0.002462326316162944
7,1269,11173,0.011271261610090733
7,1270,11174,0.008315098471939564
7,1271,11175,0.003010006621479988
7,1272,11176,0.013781065121293068
7,1273,11177,0.007062256336212158
7,1274,11178,0.0238506980240345
7,1275,11179,0.03187787905335426
7,1276,11180,0.07731443643569946
7,1277,11181,0.07600576430559158
7,1278,11182,0.002112604910507798
7,1279,11183,0.028821025043725967
7,1280,11184,0.004518446046859026
7,1281,11185,0.004677939228713512
7,1282,11186,0.015523763373494148
7,1283,11187,0.013650131411850452
7,1284,11188,0.045223165303468704
7,1285,11189,0.021923914551734924
7,1286,11190,0.0025071771815419197
7,1287,11191,0.052450936287641525
7,1288,11192,0.0018037516856566072
7,1289,11193,0.02343006618320942
7,1290,11194,0.0006028759526088834
7,1291,11195,0.05732575058937073
7,1292,11196,0.0007695438689552248
7,1293,11197,0.026091350242495537
7,1294,11198,0.005097928922623396
7,1295,11199,0.04915276914834976
7,1296,11200,0.028985921293497086
7,1297,11201,0.0034120986238121986
7,1298,11202,0.009203962981700897
7,1299,11203,0.00043137671309523284
7,1300,11204,0.056625861674547195
7,1301,11205,0.0035020834766328335
7,1302,11206,0.018183277919888496
7,1303,11207,0.002778705209493637
7,1304,11208,0.0017157316906377673
7,1305,11209,0.008435609750449657
7,1306,11210,0.012414361350238323
7,1307,11211,0.004687072709202766
7,1308,11212,0.0018370492616668344
7,1309,11213,0.04406198486685753
7,1310,11214,0.007077707443386316
7,1311,11215,0.004951677285134792
7,1312,11216,0.001693733618594706
7,1313,11217,0.036877360194921494
7,1314,11218,0.0036974167451262474
7,1315,11219,0.0019034217111766338
7,1316,11220,0.0029979327227920294
7,1317,11221,0.0003295070491731167
7,1318,11222,0.014888710342347622
7,1319,11223,0.002386633073911071
7,1320,11224,0.04762349650263786
7,1321,11225,0.04250400513410568
7,1322,11226,0.0038162125274538994
7,1323,11227,0.003356636967509985
7,1324,11228,0.007146304473280907
7,1325,11229,0.0026829629205167294
7,1326,11230,0.023389775305986404
7,1327,11231,0.0039957184344530106
7,1328,11232,0.011498655192553997
7,1329,11233,0.06137523800134659
7,1330,11234,0.01207804400473833
7,1331,11235,0.005992533639073372
7,1332,11236,0.0058152382262051105
7,1333,11237,0.080844447016716
7,1334,11238,0.01393557246774435
7,1335,11239,0.005082766525447369
7,1336,11240,0.07677723467350006
7,1337,11241,0.005870612803846598
7,1338,11242,0.03254014626145363
7,1339,11243,0.042865004390478134
7,1340,11244,0.0020449128933250904
7,1341,11245,0.01492298673838377
7,1342,11246,0.001970914425328374
7,1343,11247,0.004566311836242676
7,1344,11248,0.028406932950019836
7,1345,11249,0.005340182688087225
7,1346,11250,0.0014404496178030968
7,1347,11251,0.00662491749972105
7,1348,11252,0.03972899913787842
7,1349,11253,0.0018298763316124678
7,1350,11254,0.003539269557222724
7,1351,11255,0.02768312767148018
7,1352,11256,0.007809107657521963
7,1353,11257,0.019707871600985527
7,1354,11258,0.071470707654953
7,1355,11259,0.030321363359689713
7,1356,11260,0.0030717060435563326
7,1357,11261,0.04806423559784889
7,1358,11262,0.11189436167478561
7,1359,11263,0.04205155745148659
7,1360,11264,0.07805561274290085
7,1361,11265,0.003698664251714945
7,1362,11266,0.09909964352846146
7,1363,11267,0.012426376342773438
7,1364,11268,0.013687689788639545
7,1365,11269,0.02753797359764576
7,1366,11270,0.011407654732465744
7,1367,11271,0.05237678438425064
7,1368,11272,0.0036196347791701555
7,1369,11273,0.08228287845849991
7,1370,11274,0.04638557881116867
7,1371,11275,0.00903341919183731
7,1372,11276,0.013419883325695992
7,1373,11277,0.00600051786750555
7,1374,11278,0.003483523614704609
7,1375,11279,0.025338364765048027
7,1376,11280,0.0269575547426939
7,1377,11281,0.08076134324073792
7,1378,11282,0.0017588549526408315
7,1379,11283,0.008310333825647831
7,1380,11284,0.025609798729419708
7,1381,11285,0.022296704351902008
7,1382,11286,0.0738435834646225
7,1383,11287,0.011593407019972801
7,1384,11288,0.004197714384645224
7,1385,11289,0.021705249324440956
7,1386,11290,0.06251673400402069
7,1387,11291,0.036136187613010406
7,1388,11292,0.1546986699104309
7,1389,11293,0.014331866055727005
7,1390,11294,0.004377512726932764
7,1391,11295,0.0652233213186264
7,1392,11296,0.07412813603878021
7,1393,11297,0.00677100894972682
7,1394,11298,0.01275933813303709
7,1395,11299,0.018041474744677544
7,1396,11300,0.004257217515259981
7,1397,11301,0.051117464900016785
7,1398,11302,0.009160737507045269
7,1399,11303,0.012231595814228058
7,1400,11304,0.025298364460468292
7,1401,11305,0.0031725005246698856
7,1402,11306,0.0019576644990593195
7,1403,11307,0.00679371552541852
7,1404,11308,0.052724458277225494
7,1405,11309,0.009292169474065304
7,1406,11310,0.02956085093319416
7,1407,11311,0.01513022743165493
7,1408,11312,0.008846710436046124
7,1409,11313,0.005351012106984854
7,1410,11314,0.0335363894701004
7,1411,11315,0.004870353266596794
7,1412,11316,0.009363043121993542
7,1413,11317,0.008113239891827106
7,1414,11318,0.005767340771853924
7,1415,11319,0.014861511997878551
8,1,11320,0.05776859074831009
8,2,11321,0.027407489717006683
8,3,11322,0.00324588012881577
8,4,11323,0.011602690443396568
8,5,11324,0.0072814179584383965
8,6,11325,0.006548769306391478
8,7,11326,0.000811371544841677
8,8,11327,0.008037771098315716
8,9,11328,0.0252648014575243
8,10,11329,0.0029391422867774963
8,11,11330,0.0262695774435997
8,12,11331,0.022700268775224686
8,13,11332,0.006576634477823973
8,14,11333,0.00028686647419817746
8,15,11334,0.0016907466342672706
8,16,11335,0.06534120440483093
8,17,11336,0.04229474812746048
8,18,11337,0.003664579940959811
8,19,11338,0.002164564561098814
8,20,11339,0.02547387033700943
8,21,11340,0.006178934592753649
8,22,11341,0.009763813577592373
8,23,11342,0.0106163015589118
8,24,11343,0.005715659819543362
8,25,11344,0.015308491885662079
8,26,11345,0.010309369303286076
8,27,11346,0.01962410844862461
8,28,11347,0.00586768239736557
8,29,11348,0.0028957535978406668
8,30,11349,0.08789928257465363
8,31,11350,0.043429020792245865
8,32,11351,0.038988977670669556
8,33,11352,0.0039517260156571865
8,34,11353,0.010739732533693314
8,35,11354,0.005077142268419266
8,36,11355,0.003458488965407014
8,37,11356,0.01578506827354431
8,38,11357,0.005296403542160988
8,39,11358,0.006394906900823116
8,40,11359,0.011575249023735523
8,41,11360,0.012337874621152878
8,42,11361,0.0025954023003578186
8,43,11362,0.0012591704726219177
8,44,11363,0.005040033254772425
8,45,11364,0.0010265758028253913
8,46,11365,0.027787797152996063
8,47,11366,0.019295185804367065
8,48,11367,0.001093258266337216
8,49,11368,0.0032708989456295967
8,50,11369,0.00598506536334753
8,51,11370,0.007267927750945091
8,52,11371,0.022864915430545807
8,53,11372,0.014426534064114094
8,54,11373,0.014303689822554588
8,55,11374,0.0547754168510437
8,56,11375,0.009865351021289825
8,57,11376,0.03461227938532829
8,58,11377,0.001763451611623168
8,59,11378,0.004511854611337185
8,60,11379,0.002884244779124856
8,61,11380,0.001637844368815422
8,62,11381,0.00164385128300637
8,63,11382,0.0008226394420489669
8,64,11383,0.022643782198429108
8,65,11384,0.005883317440748215
8,66,11385,0.0025333291850984097
8,67,11386,0.039075616747140884
8,68,11387,0.002786705270409584
8,69,11388,0.003566865809261799
8,70,11389,0.0029664235189557076
8,71,11390,0.008296736516058445
8,72,11391,0.004650266375392675
8,73,11392,0.0228493083268404
8,74,11393,0.0013773756800219417
8,75,11394,0.00270650302991271
8,76,11395,0.0028958001639693975
8,77,11396,0.0017113820649683475
8,78,11397,0.0015211413847282529
8,79,11398,0.006009676028043032
8,80,11399,0.004174122586846352
8,81,11400,0.002974714385345578
8,82,11401,0.0006275084451772273
8,83,11402,0.005880227778106928
8,84,11403,0.043669573962688446
8,85,11404,0.011474228464066982
8,86,11405,0.018730469048023224
8,87,11406,0.02514806017279625
8,88,11407,0.0026143831200897694
8,89,11408,0.015337985008955002
8,90,11409,0.010449951514601707
8,91,11410,0.0046285041607916355
8,92,11411,0.017690617591142654
8,93,11412,0.001052018371410668
8,94,11413,0.0401969738304615
8,95,11414,0.0408838726580143
8,96,11415,0.0026987127494066954
8,97,11416,0.003400967223569751
8,98,11417,0.002053686184808612
8,99,11418,0.017757518216967583
8,100,11419,0.002314011100679636
8,101,11420,0.0014786446699872613
8,102,11421,0.006159469950944185
8,103,11422,0.01204842608422041
8,104,11423,0.002527342177927494
8,105,11424,0.001494307303801179
8,106,11425,0.005646054167300463
8,107,11426,0.00827118568122387
8,108,11427,0.0007353584514930844
8,109,11428,0.009901369921863079
8,110,11429,0.016911178827285767
8,111,11430,0.03207701817154884
8,112,11431,0.021529190242290497
8,113,11432,0.002205612836405635
8,114,11433,0.02587875910103321
8,115,11434,0.0017657113494351506
8,116,11435,0.0016540272627025843
8,117,11436,0.005496250931173563
8,118,11437,0.0020586885511875153
8,119,11438,0.01408564206212759
8,120,11439,0.018647484481334686
8,121,11440,0.09269814938306808
8,122,11441,0.01491853129118681
8,123,11442,0.0026173510123044252
8,124,11443,0.004288817290216684
8,125,11444,0.04926568269729614
8,126,11445,0.001216209027916193
8,127,11446,0.006431834306567907
8,128,11447,0.023808686062693596
8,129,11448,0.0013506377581506968
8,130,11449,0.017855128273367882
8,131,11450,0.007647969294339418
8,132,11451,0.0033584877382963896
8,133,11452,0.005566095467656851
8,134,11453,0.001386461895890534
8,135,11454,0.0017842608503997326
8,136,11455,0.008768700994551182
8,137,11456,0.003241255646571517
8,138,11457,0.005828025750815868
8,139,11458,0.004675653763115406
8,140,11459,0.003531605936586857
8,141,11460,0.007424622308462858
8,142,11461,0.0051474664360284805
8,143,11462,0.0011152323568239808
8,144,11463,0.0008305836818180978
8,145,11464,0.001472467789426446
8,146,11465,0.0015797842061147094
8,147,11466,0.004467620048671961
8,148,11467,0.00213706586509943
8,149,11468,0.011176294647157192
8,150,11469,0.004618623293936253
8,151,11470,0.0018748417496681213
8,152,11471,0.03641398251056671
8,153,11472,0.010262961499392986
8,154,11473,0.00298149511218071
8,155,11474,0.02495945803821087
8,156,11475,0.014113664627075195
8,157,11476,0.01025435421615839
8,158,11477,0.03381151705980301
8,159,11478,0.00420870166271925
8,160,11479,0.02585066854953766
8,161,11480,0.061606310307979584
8,162,11481,0.0010697998804971576
8,163,11482,0.002886710222810507
8,164,11483,0.05250892415642738
8,165,11484,0.008878093212842941
8,166,11485,0.010712254792451859
8,167,11486,0.0035358250606805086
8,168,11487,0.0012656234903261065
8,169,11488,0.0035052511375397444
8,170,11489,0.001822875114157796
8,171,11490,0.003306195605546236
8,172,11491,0.005184524692595005
8,173,11492,0.10730884969234467
8,174,11493,0.014227217063307762
8,175,11494,0.03611498326063156
8,176,11495,0.0024508757051080465
8,177,11496,0.002195842796936631
8,178,11497,0.001999424770474434
8,179,11498,0.0021620732732117176
8,180,11499,0.013861291110515594
8,181,11500,0.02293987385928631
8,182,11501,0.00542683620005846
8,183,11502,0.002081589074805379
8,184,11503,0.0011827703565359116
8,185,11504,0.008255807682871819
8,186,11505,0.07620427757501602
8,187,11506,0.0019422238692641258
8,188,11507,0.0027976243291050196
8,189,11508,0.05334825441241264
8,190,11509,0.021439606323838234
8,191,11510,0.10386929661035538
8,192,11511,0.024016184732317924
8,193,11512,0.0022895869333297014
8,194,11513,0.04425458610057831
8,195,11514,0.002783275907859206
8,196,11515,0.07384740561246872
8,197,11516,0.023901943117380142
8,198,11517,0.04099740460515022
8,199,11518,0.019193517044186592
8,200,11519,0.07445579022169113
8,201,11520,0.018098358064889908
8,202,11521,0.007337446324527264
8,203,11522,0.0031609071884304285
8,204,11523,0.037780728191137314
8,205,11524,0.009427494369447231
8,206,11525,0.008290446363389492
8,207,11526,0.029146306216716766
8,208,11527,0.007187223993241787
8,209,11528,0.0033094787504523993
8,210,11529,0.07983299344778061
8,211,11530,0.031260471791028976
8,212,11531,0.001636264263652265
8,213,11532,0.0017285493668168783
8,214,11533,0.019472016021609306
8,215,11534,0.010207133367657661
8,216,11535,0.07024749368429184
8,217,11536,0.01357246469706297
8,218,11537,0.051030080765485764
8,219,11538,0.011727371253073215
8,220,11539,0.02811681479215622
8,221,11540,0.05933038145303726
8,222,11541,0.04003353416919708
8,223,11542,0.05725591257214546
8,224,11543,0.008170854300260544
8,225,11544,0.06107894331216812
8,226,11545,0.028782526031136513
8,227,11546,0.011474166065454483
8,228,11547,0.010453261435031891
8,229,11548,0.005764222238212824
8,230,11549,0.010801456868648529
8,231,11550,0.013059002347290516
8,232,11551,0.016754910349845886
8,233,11552,0.005094471853226423
8,234,11553,0.0045817531645298
8,235,11554,0.016400152817368507
8,236,11555,0.027524255216121674
8,237,11556,0.004380091559141874
8,238,11557,0.025221651419997215
8,239,11558,0.00466203922405839
8,240,11559,0.03939676657319069
8,241,11560,0.03580962494015694
8,242,11561,0.0025377916172146797
8,243,11562,0.0016257241368293762
8,244,11563,0.002522579627111554
8,245,11564,0.004485636483877897
8,246,11565,0.006322916131466627
8,247,11566,0.014300628565251827
8,248,11567,0.02207854762673378
8,249,11568,0.0035579942632466555
8,250,11569,0.001622578245587647
8,251,11570,0.003512131981551647
8,252,11571,0.05207207426428795
8,253,11572,0.004098596051335335
8,254,11573,0.0030595220159739256
8,255,11574,0.004275648854672909
8,256,11575,0.009334288537502289
8,257,11576,0.029031159356236458
8,258,11577,0.028754806146025658
8,259,11578,0.01941625215113163
8,260,11579,0.003914705011993647
8,261,11580,0.0025670593604445457
8,262,11581,0.011487804353237152
8,263,11582,0.003167984075844288
8,264,11583,0.014836190268397331
8,265,11584,0.010461559519171715
8,266,11585,0.0011702177580446005
8,267,11586,0.09080633521080017
8,268,11587,0.007621051277965307
8,269,11588,0.0038987379521131516
8,270,11589,0.008952032774686813
8,271,11590,0.006635697558522224
8,272,11591,0.0016610996099188924
8,273,11592,0.12265186756849289
8,274,11593,0.002246720949187875
8,275,11594,0.004823311697691679
8,276,11595,0.0024964273907244205
8,277,11596,0.005198067054152489
8,278,11597,0.003411627607420087
8,279,11598,0.0031354613602161407
8,280,11599,0.012862530536949635
8,281,11600,0.05853574350476265
8,282,11601,0.017664285376667976
8,283,11602,0.03315603360533714
8,284,11603,0.009872510097920895
8,285,11604,0.0031867180950939655
8,286,11605,0.00658018421381712
8,287,11606,0.0080226706340909
8,288,11607,0.012902704998850822
8,289,11608,0.012949563562870026
8,290,11609,0.014961490407586098
8,291,11610,0.00916119571775198
8,292,11611,0.004462550859898329
8,293,11612,0.010632665827870369
8,294,11613,0.03613496944308281
8,295,11614,0.005108951590955257
8,296,11615,0.027500342577695847
8,297,11616,0.007749046664685011
8,298,11617,0.004842482041567564
8,299,11618,0.06326402723789215
8,300,11619,0.00110542809125036
8,301,11620,0.013694485649466515
8,302,11621,0.0014669826487079263
8,303,11622,0.011512506753206253
8,304,11623,0.0016014684224501252
8,305,11624,0.0063646272756159306
8,306,11625,0.010872149839997292
8,307,11626,0.0023825550451874733
8,308,11627,0.1426209956407547
8,309,11628,0.003124166978523135
8,310,11629,0.09405308961868286
8,311,11630,0.00586030725389719
8,312,11631,0.0016125862020999193
8,313,11632,0.02803080528974533
8,314,11633,0.03217485919594765
8,315,11634,0.001376912696287036
8,316,11635,0.013672049157321453
8,317,11636,0.0372990183532238
8,318,11637,0.023046834394335747
8,319,11638,0.021472614258527756
8,320,11639,0.002068420173600316
8,321,11640,0.03614383563399315
8,322,11641,0.013554257340729237
8,323,11642,0.0573861338198185
8,324,11643,0.03805758059024811
8,325,11644,0.0014310498954728246
8,326,11645,0.04132740944623947
8,327,11646,0.003207343863323331
8,328,11647,0.026653196662664413
8,329,11648,0.005057926755398512
8,330,11649,0.01568254828453064
8,331,11650,0.01002880185842514
8,332,11651,0.011601016856729984
8,333,11652,0.06894279271364212
8,334,11653,0.0038936163764446974
8,335,11654,0.05455232039093971
8,336,11655,0.027393927797675133
8,337,11656,0.017119228839874268
8,338,11657,0.024479364976286888
8,339,11658,0.003218196565285325
8,340,11659,0.006460944656282663
8,341,11660,0.04393920302391052
8,342,11661,0.02324504405260086
8,343,11662,0.08019242435693741
8,344,11663,0.000791821803431958
8,345,11664,0.01058202050626278
8,346,11665,0.016176484525203705
8,347,11666,0.07997880131006241
8,348,11667,0.0011589658679440618
8,349,11668,0.005548365879803896
8,350,11669,0.0006742082186974585
8,351,11670,0.0016524940729141235
8,352,11671,0.017890535295009613
8,353,11672,0.05430096015334129
8,354,11673,0.015614374540746212
8,355,11674,0.006077285390347242
8,356,11675,0.03454682230949402
8,357,11676,0.02447248436510563
8,358,11677,0.004045899026095867
8,359,11678,0.02272346243262291
8,360,11679,0.010705790482461452
8,361,11680,0.016002029180526733
8,362,11681,0.009486461989581585
8,363,11682,0.0021871679928153753
8,364,11683,0.0018791834590956569
8,365,11684,0.0047400761395692825
8,366,11685,0.0013178943190723658
8,367,11686,0.005857102572917938
8,368,11687,0.0036232059355825186
8,369,11688,0.01660495065152645
8,370,11689,0.0005809811409562826
8,371,11690,0.008544620126485825
8,372,11691,0.0011340015335008502
8,373,11692,0.022991744801402092
8,374,11693,0.040145885199308395
8,375,11694,0.031097937375307083
8,376,11695,0.0014179794816300273
8,377,11696,0.0019666620064526796
8,378,11697,0.019592858850955963
8,379,11698,0.05634046718478203
8,380,11699,0.0011156686814501882
8,381,11700,0.04345522075891495
8,382,11701,0.004107839893549681
8,383,11702,0.009739483706653118
8,384,11703,0.003009409410879016
8,385,11704,0.009462932124733925
8,386,11705,0.0016930830897763371
8,387,11706,0.0053205727599561214
8,388,11707,0.019375106319785118
8,389,11708,0.0025843840558081865
8,390,11709,0.007422358263283968
8,391,11710,0.006220783106982708
8,392,11711,0.020649835467338562
8,393,11712,0.001536884461529553
8,394,11713,0.011413032189011574
8,395,11714,0.0070636379532516
8,396,11715,0.015316159464418888
8,397,11716,0.004583247937262058
8,398,11717,0.024685360491275787
8,399,11718,0.002527586417272687
8,400,11719,0.001945037511177361
8,401,11720,0.001369134639389813
8,402,11721,0.015879515558481216
8,403,11722,0.002012987155467272
8,404,11723,0.006947493180632591
8,405,11724,0.06377163529396057
8,406,11725,0.003980542533099651
8,407,11726,0.022232836112380028
8,408,11727,0.01735101267695427
8,409,11728,0.010143428109586239
8,410,11729,0.001489103538915515
8,411,11730,0.0023635777179151773
8,412,11731,0.0016253074863925576
8,413,11732,0.03309192508459091
8,414,11733,0.004439313430339098
8,415,11734,0.008912565186619759
8,416,11735,0.1590842604637146
8,417,11736,0.0030351111199706793
8,418,11737,0.002737245289608836
8,419,11738,0.003055049106478691
8,420,11739,0.003649679245427251
8,421,11740,0.040828559547662735
8,422,11741,0.009693663567304611
8,423,11742,0.00398230692371726
8,424,11743,0.03569292277097702
8,425,11744,0.011584730818867683
8,426,11745,0.041298165917396545
8,427,11746,0.00393727608025074
8,428,11747,0.014307727105915546
8,429,11748,0.002182704396545887
8,430,11749,0.015909235924482346
8,431,11750,0.0027070173528045416
8,432,11751,0.05851130187511444
8,433,11752,0.014096727594733238
8,434,11753,0.09023355692625046
8,435,11754,0.005353377666324377
8,436,11755,0.017010224983096123
8,437,11756,0.041280534118413925
8,438,11757,0.0017418097704648972
8,439,11758,0.003109216457232833
8,440,11759,0.005239691119641066
8,441,11760,0.06448350101709366
8,442,11761,0.006537489127367735
8,443,11762,0.004212971311062574
8,444,11763,0.025145001709461212
8,445,11764,0.011843988671898842
8,446,11765,0.010348311625421047
8,447,11766,0.00257623172365129
8,448,11767,0.0014815254835411906
8,449,11768,0.005966317839920521
8,450,11769,0.018826201558113098
8,451,11770,0.001533267553895712
8,452,11771,0.008979348465800285
8,453,11772,0.018106704577803612
8,454,11773,0.0008095215889625251
8,455,11774,0.019198497757315636
8,456,11775,0.002239330904558301
8,457,11776,0.0027664583176374435
8,458,11777,0.030531661584973335
8,459,11778,0.006804813165217638
8,460,11779,0.0011843942338600755
8,461,11780,0.00509695615619421
8,462,11781,0.0239239651709795
8,463,11782,0.010470788925886154
8,464,11783,0.0038369244430214167
8,465,11784,0.0006094885757192969
8,466,11785,0.004068176262080669
8,467,11786,0.15558893978595734
8,468,11787,0.003145890310406685
8,469,11788,0.0024094097316265106
8,470,11789,0.0013708845945075154
8,471,11790,0.007313561625778675
8,472,11791,0.05116961523890495
8,473,11792,0.04046759009361267
8,474,11793,0.004425387363880873
8,475,11794,0.027004465460777283
8,476,11795,0.007798902224749327
8,477,11796,0.0057565271854400635
8,478,11797,0.036780521273612976
8,479,11798,0.001947198179550469
8,480,11799,0.04560118913650513
8,481,11800,0.03832191228866577
8,482,11801,0.0062361666932702065
8,483,11802,0.001034783897921443
8,484,11803,0.005725349299609661
8,485,11804,0.0009169692057184875
8,486,11805,0.0026375497691333294
8,487,11806,0.00131789140868932
8,488,11807,0.003813626244664192
8,489,11808,0.004168201703578234
8,490,11809,0.012815183028578758
8,491,11810,0.0234601479023695
8,492,11811,0.07032264769077301
8,493,11812,0.013187997043132782
8,494,11813,0.035755984485149384
8,495,11814,0.01731024496257305
8,496,11815,0.06524632126092911
8,497,11816,0.004310245625674725
8,498,11817,0.020532269030809402
8,499,11818,0.033296260982751846
8,500,11819,0.032609499990940094
8,501,11820,0.017282634973526
8,502,11821,0.11970528960227966
8,503,11822,0.04042249917984009
8,504,11823,0.003870150772854686
8,505,11824,0.002827625721693039
8,506,11825,0.020429067313671112
8,507,11826,0.06653016805648804
8,508,11827,0.02837986871600151
8,509,11828,0.011259623803198338
8,510,11829,0.003087337128818035
8,511,11830,0.021293004974722862
8,512,11831,0.0023627253249287605
8,513,11832,0.05299974977970123
8,514,11833,0.016310906037688255
8,515,11834,0.01851789653301239
8,516,11835,0.001679386361502111
8,517,11836,0.015654277056455612
8,518,11837,0.010663905180990696
8,519,11838,0.03162746876478195
8,520,11839,0.05324629321694374
8,521,11840,0.029186101630330086
8,522,11841,0.09422043710947037
8,523,11842,0.04791218042373657
8,524,11843,0.022459188476204872
8,525,11844,0.0016594496555626392
8,526,11845,0.0038382778875529766
8,527,11846,0.007616540417075157
8,528,11847,0.006865063216537237
8,529,11848,0.0030781193636357784
8,530,11849,0.004759566392749548
8,531,11850,0.04468057304620743
8,532,11851,0.018252475187182426
8,533,11852,0.005651249084621668
8,534,11853,0.003453970653936267
8,535,11854,0.035419680178165436
8,536,11855,0.058422867208719254
8,537,11856,0.002838520798832178
8,538,11857,0.011293839663267136
8,539,11858,0.05492334067821503
8,540,11859,0.006386380176991224
8,541,11860,0.004444332327693701
8,542,11861,0.0018585420912131667
8,543,11862,0.0026334142312407494
8,544,11863,0.013037702068686485
8,545,11864,0.01647813618183136
8,546,11865,0.005130471661686897
8,547,11866,0.0043490128591656685
8,548,11867,0.021546579897403717
8,549,11868,0.011838470585644245
8,550,11869,0.003139964770525694
8,551,11870,0.002149609150364995
8,552,11871,0.009598060511052608
8,553,11872,0.0545208714902401
8,554,11873,0.014276484027504921
8,555,11874,0.003146862145513296
8,556,11875,0.010177375748753548
8,557,11876,0.05599800497293472
8,558,11877,0.04749191179871559
8,559,11878,0.0050156074576079845
8,560,11879,0.010219709947705269
8,561,11880,0.004823069553822279
8,562,11881,0.021219834685325623
8,563,11882,0.021215280517935753
8,564,11883,0.022669440135359764
8,565,11884,0.008777668699622154
8,566,11885,0.011508997529745102
8,567,11886,0.005536983720958233
8,568,11887,0.03189240023493767
8,569,11888,0.0285293310880661
8,570,11889,0.003464128589257598
8,571,11890,0.006668920163065195
8,572,11891,0.0324043370783329
8,573,11892,0.020455779507756233
8,574,11893,0.009267180226743221
8,575,11894,0.006588133051991463
8,576,11895,0.002540965098887682
8,577,11896,0.046149857342243195
8,578,11897,0.013321161270141602
8,579,11898,0.010062563233077526
8,580,11899,0.024807076901197433
8,581,11900,0.019023023545742035
8,582,11901,0.03718668222427368
8,583,11902,0.0056029255501925945
8,584,11903,0.0015309181762859225
8,585,11904,0.004284739028662443
8,586,11905,0.01690242625772953
8,587,11906,0.03498442843556404
8,588,11907,0.029714753851294518
8,589,11908,0.016514180228114128
8,590,11909,0.0016522338846698403
8,591,11910,0.015663055703043938
8,592,11911,0.007242518477141857
8,593,11912,0.014377113431692123
8,594,11913,0.054917097091674805
8,595,11914,0.0016539515927433968
8,596,11915,0.013218828476965427
8,597,11916,0.011810203082859516
8,598,11917,0.018789958208799362
8,599,11918,0.03725968301296234
8,600,11919,0.029302367940545082
8,601,11920,0.002068048808723688
8,602,11921,0.0020755354780703783
8,603,11922,0.002446608617901802
8,604,11923,0.005835522897541523
8,605,11924,0.0029512199107557535
8,606,11925,0.012621250934898853
8,607,11926,0.007403787691146135
8,608,11927,0.004986155778169632
8,609,11928,0.007353369612246752
8,610,11929,0.029377473518252373
8,611,11930,0.0005727158859372139
8,612,11931,0.002258624881505966
8,613,11932,0.002490622689947486
8,614,11933,0.0013558738864958286
8,615,11934,0.0027546489145606756
8,616,11935,0.0013329237699508667
8,617,11936,0.011751314625144005
8,618,11937,0.0035330764949321747
8,619,11938,0.0010300991125404835
8,620,11939,0.02260248363018036
8,621,11940,0.0020021554082632065
8,622,11941,0.001420334680005908
8,623,11942,0.0016661855624988675
8,624,11943,0.0007629579631611705
8,625,11944,0.004162703640758991
8,626,11945,0.007052180822938681
8,627,11946,0.04780692607164383
8,628,11947,0.0016187815926969051
8,629,11948,0.0014859734801575541
8,630,11949,0.004009340889751911
8,631,11950,0.009831664152443409
8,632,11951,0.0009136666776612401
8,633,11952,0.0055295806378126144
8,634,11953,0.0016126628033816814
8,635,11954,0.020693868398666382
8,636,11955,0.0024013363290578127
8,637,11956,0.003710006596520543
8,638,11957,0.006113253999501467
8,639,11958,0.002066233893856406
8,640,11959,0.0034961611963808537
8,641,11960,0.0027435508091002703
8,642,11961,0.0014124284498393536
8,643,11962,0.020396055653691292
8,644,11963,0.001980002038180828
8,645,11964,0.0026808527763932943
8,646,11965,0.0007848167442716658
8,647,11966,0.043394166976213455
8,648,11967,0.024049971252679825
8,649,11968,0.0032009498681873083
8,650,11969,0.005247223656624556
8,651,11970,0.003117820480838418
8,652,11971,0.0021665282547473907
8,653,11972,0.0020575043745338917
8,654,11973,0.05025734007358551
8,655,11974,0.012058541178703308
8,656,11975,0.006543267052620649
8,657,11976,0.00770193338394165
8,658,11977,0.006216919515281916
8,659,11978,0.004556889180094004
8,660,11979,0.001639830763451755
8,661,11980,0.0008685637731105089
8,662,11981,0.0011787433177232742
8,663,11982,0.0008856807253323495
8,664,11983,0.03222428634762764
8,665,11984,0.0008065099827945232
8,666,11985,0.038405776023864746
8,667,11986,0.0012920951703563333
8,668,11987,0.0008579147979617119
8,669,11988,0.003026077523827553
8,670,11989,0.02132331021130085
8,671,11990,0.0021906744223088026
8,672,11991,0.001450876472517848
8,673,11992,0.04015379771590233
8,674,11993,0.004453379660844803
8,675,11994,0.0074109104461967945
8,676,11995,0.0017912402981892228
8,677,11996,0.003916966263204813
8,678,11997,0.004429714288562536
8,679,11998,0.004411513917148113
8,680,11999,0.014431958086788654
8,681,12000,0.0025851628743112087
8,682,12001,0.04167955368757248
8,683,12002,0.0054562995210289955
8,684,12003,0.004131306894123554
8,685,12004,0.0012027211487293243
8,686,12005,0.004619834944605827
8,687,12006,0.002050734357908368
8,688,12007,0.0006882257875986397
8,689,12008,0.002623468404635787
8,690,12009,0.0008675500866957009
8,691,12010,0.000942837621551007
8,692,12011,0.0006337665254250169
8,693,12012,0.016600513830780983
8,694,12013,0.0331062413752079
8,695,12014,0.003634163411334157
8,696,12015,0.22784239053726196
8,697,12016,0.012194584123790264
8,698,12017,0.0027123219333589077
8,699,12018,0.0007648090249858797
8,700,12019,0.03900734335184097
8,701,12020,0.004511802922934294
8,702,12021,0.001491452450864017
8,703,12022,0.009474578313529491
8,704,12023,0.08830239623785019
8,705,12024,0.003663020906969905
8,706,12025,0.05960962921380997
8,707,12026,0.004205620847642422
8,708,12027,0.025729360058903694
8,709,12028,0.05313045158982277
8,710,12029,0.039694782346487045
8,711,12030,0.027488887310028076
8,712,12031,0.0059504518285393715
8,713,12032,0.00963458139449358
8,714,12033,0.029634173959493637
8,715,12034,0.005243368912488222
8,716,12035,0.05797060951590538
8,717,12036,0.013125788420438766
8,718,12037,0.020473288372159004
8,719,12038,0.0009538691374473274
8,720,12039,0.0009671775624155998
8,721,12040,0.0031168325804173946
8,722,12041,0.003790944814682007
8,723,12042,0.0025759930722415447
8,724,12043,0.00229828292503953
8,725,12044,0.003980937879532576
8,726,12045,0.020634720101952553
8,727,12046,0.012887089513242245
8,728,12047,0.0033215568400919437
8,729,12048,0.005822026636451483
8,730,12049,0.0069878543727099895
8,731,12050,0.014042828232049942
8,732,12051,0.0020536482334136963
8,733,12052,0.0051664989441633224
8,734,12053,0.018525997176766396
8,735,12054,0.0014854379696771502
8,736,12055,0.019327910616993904
8,737,12056,0.004693127237260342
8,738,12057,0.0029134689830243587
8,739,12058,0.010360535234212875
8,740,12059,0.00674416683614254
8,741,12060,0.007246949709951878
8,742,12061,0.0012473344104364514
8,743,12062,0.007518707774579525
8,744,12063,0.0016094644088298082
8,745,12064,0.0021226247772574425
8,746,12065,0.003260898170992732
8,747,12066,0.006177580449730158
8,748,12067,0.013000387698411942
8,749,12068,0.0011795066529884934
8,750,12069,0.002170368330553174
8,751,12070,0.121164470911026
8,752,12071,0.05580727010965347
8,753,12072,0.0011470712488517165
8,754,12073,0.002004374982789159
8,755,12074,0.001833475660532713
8,756,12075,0.0011000081431120634
8,757,12076,0.049627989530563354
8,758,12077,0.022671759128570557
8,759,12078,0.04154548421502113
8,760,12079,0.0019886523950845003
8,761,12080,0.002312206197530031
8,762,12081,0.011880547739565372
8,763,12082,0.0025774657260626554
8,764,12083,0.0057870508171617985
8,765,12084,0.0010443262290209532
8,766,12085,0.06498011946678162
8,767,12086,0.021740639582276344
8,768,12087,0.005764838308095932
8,769,12088,0.003991753328591585
8,770,12089,0.004232282284647226
8,771,12090,0.00882132537662983
8,772,12091,0.008681241422891617
8,773,12092,0.00191053980961442
8,774,12093,0.002686203457415104
8,775,12094,0.07220018655061722
8,776,12095,0.0024749808944761753
8,777,12096,0.006677417084574699
8,778,12097,0.0023027469869703054
8,779,12098,0.003441208740696311
8,780,12099,0.001257671625353396
8,781,12100,0.0034939637407660484
8,782,12101,0.04994196072220802
8,783,12102,0.002188934711739421
8,784,12103,0.00723323505371809
8,785,12104,0.004118050914257765
8,786,12105,0.008210092782974243
8,787,12106,0.014141270890831947
8,788,12107,0.0034040522295981646
8,789,12108,0.009255478158593178
8,790,12109,0.0007863302598707378
8,791,12110,0.005920554511249065
8,792,12111,0.01277975831180811
8,793,12112,0.08382662385702133
8,794,12113,0.11805134266614914
8,795,12114,0.06713845580816269
8,796,12115,0.0016949999844655395
8,797,12116,0.007952257059514523
8,798,12117,0.0010311424266546965
8,799,12118,0.0006355667719617486
8,800,12119,0.0010390470270067453
8,801,12120,0.0023344310466200113
8,802,12121,0.0013766298070549965
8,803,12122,0.008246623910963535
8,804,12123,0.03055131435394287
8,805,12124,0.0020661947783082724
8,806,12125,0.0020485064014792442
8,807,12126,0.04535777494311333
8,808,12127,0.0047625582665205
8,809,12128,0.0023956303484737873
8,810,12129,0.08824517577886581
8,811,12130,0.01896015554666519
8,812,12131,0.003882558550685644
8,813,12132,0.0025297747924923897
8,814,12133,0.00448237918317318
8,815,12134,0.011788031086325645
8,816,12135,0.02468157559633255
8,817,12136,0.0018506291089579463
8,818,12137,0.005718018859624863
8,819,12138,0.003668647725135088
8,820,12139,0.005601543467491865
8,821,12140,0.01294794399291277
8,822,12141,0.0169881209731102
8,823,12142,0.015495933592319489
8,824,12143,0.023807458579540253
8,825,12144,0.007101953029632568
8,826,12145,0.0045941974967718124
8,827,12146,0.034522950649261475
8,828,12147,0.0027237776666879654
8,829,12148,0.0010788853978738189
8,830,12149,0.012614335864782333
8,831,12150,0.012722504325211048
8,832,12151,0.03216451406478882
8,833,12152,0.024142863228917122
8,834,12153,0.0014227289939299226
8,835,12154,0.0004907686961814761
8,836,12155,0.020343415439128876
8,837,12156,0.002481728559359908
8,838,12157,0.0003947885415982455
8,839,12158,0.0026807368267327547
8,840,12159,0.01985110715031624
8,841,12160,0.027960440143942833
8,842,12161,0.0011453748447820544
8,843,12162,0.00094116001855582
8,844,12163,0.01713217981159687
8,845,12164,0.11431921273469925
8,846,12165,0.06694311648607254
8,847,12166,0.0073749227449297905
8,848,12167,0.0018354146741330624
8,849,12168,0.000605348264798522
8,850,12169,0.005427412688732147
8,851,12170,0.03741089999675751
8,852,12171,0.004681482445448637
8,853,12172,0.0036698465701192617
8,854,12173,0.003067656420171261
8,855,12174,0.01911364682018757
8,856,12175,0.0037342249415814877
8,857,12176,0.008344186469912529
8,858,12177,0.00873955525457859
8,859,12178,0.006349240429699421
8,860,12179,0.02607218362390995
8,861,12180,0.00446667056530714
8,862,12181,0.007664097938686609
8,863,12182,0.022969434037804604
8,864,12183,0.006374083925038576
8,865,12184,0.009047605097293854
8,866,12185,0.003948518540710211
8,867,12186,0.007663823664188385
8,868,12187,0.01595243811607361
8,869,12188,0.002023124136030674
8,870,12189,0.0046908981166779995
8,871,12190,0.0023424674291163683
8,872,12191,0.0021716465707868338
8,873,12192,0.0010814886773005128
8,874,12193,0.005839662626385689
8,875,12194,0.008006601594388485
8,876,12195,0.0034264277201145887
8,877,12196,0.0032172941137105227
8,878,12197,0.02843085117638111
8,879,12198,0.0019561806693673134
8,880,12199,0.0010822569020092487
8,881,12200,0.004995069466531277
8,882,12201,0.024825861677527428
8,883,12202,0.005550638772547245
8,884,12203,0.0035789315588772297
8,885,12204,0.022697292268276215
8,886,12205,0.001655559055507183
8,887,12206,0.002148034516721964
8,888,12207,0.0013420884497463703
8,889,12208,0.012972931377589703
8,890,12209,0.0019740976858884096
8,891,12210,0.15874038636684418
8,892,12211,0.03039434365928173
8,893,12212,0.0014974282821640372
8,894,12213,0.04851393774151802
8,895,12214,0.002642990555614233
8,896,12215,0.0020450043957680464
8,897,12216,0.002244857605546713
8,898,12217,0.012628357857465744
8,899,12218,0.03023531474173069
8,900,12219,0.013823997229337692
8,901,12220,0.004602137021720409
8,902,12221,0.004231598693877459
8,903,12222,0.002503038849681616
8,904,12223,0.012834198772907257
8,905,12224,0.0014601406874135137
8,906,12225,0.005837784148752689
8,907,12226,0.009087847545742989
8,908,12227,0.025785427540540695
8,909,12228,0.01612233556807041
8,910,12229,0.04751468077301979
8,911,12230,0.03018627129495144
8,912,12231,0.002870110794901848
8,913,12232,0.0033393832854926586
8,914,12233,0.00203221314586699
8,915,12234,0.007113766390830278
8,916,12235,0.0020849762950092554
8,917,12236,0.016145015135407448
8,918,12237,0.003777206176891923
8,919,12238,0.001963268266990781
8,920,12239,0.031680017709732056
8,921,12240,0.0014225570484995842
8,922,12241,0.005370618775486946
8,923,12242,0.0009745063725858927
8,924,12243,0.001413271646015346
8,925,12244,0.023526350036263466
8,926,12245,0.0015084123006090522
8,927,12246,0.0006788106402382255
8,928,12247,0.07254134118556976
8,929,12248,0.0015141404001042247
8,930,12249,0.008901495486497879
8,931,12250,0.0009276127675548196
8,932,12251,0.02502138540148735
8,933,12252,0.002344408305361867
8,934,12253,0.005106770899146795
8,935,12254,0.002347599947825074
8,936,12255,0.0032034190371632576
8,937,12256,0.07016494125127792
8,938,12257,0.010396085679531097
8,939,12258,0.0026404287200421095
8,940,12259,0.003723341738805175
8,941,12260,0.00684240972623229
8,942,12261,0.0637296587228775
8,943,12262,0.03247062861919403
8,944,12263,0.0022746678441762924
8,945,12264,0.010133946314454079
8,946,12265,0.006088974419981241
8,947,12266,0.06898938864469528
8,948,12267,0.0064199925400316715
8,949,12268,0.04513814300298691
8,950,12269,0.0021861500572413206
8,951,12270,0.012121573090553284
8,952,12271,0.009740390814840794
8,953,12272,0.012203702703118324
8,954,12273,0.0007356227142736316
8,955,12274,0.013641015626490116
8,956,12275,0.0022740343119949102
8,957,12276,0.004455325193703175
8,958,12277,0.008294334635138512
8,959,12278,0.001155737554654479
8,960,12279,0.012475351803004742
8,961,12280,0.004965014290064573
8,962,12281,0.005885330494493246
8,963,12282,0.0031726444140076637
8,964,12283,0.023860013112425804
8,965,12284,0.00878958124667406
8,966,12285,0.011237174272537231
8,967,12286,0.0020951800979673862
8,968,12287,0.004936376586556435
8,969,12288,0.004830528981983662
8,970,12289,0.00179047673009336
8,971,12290,0.018243657425045967
8,972,12291,0.002793976804241538
8,973,12292,0.004231291823089123
8,974,12293,0.001295312657020986
8,975,12294,0.0008882796391844749
8,976,12295,0.007918814197182655
8,977,12296,0.019149424508213997
8,978,12297,0.003308650339022279
8,979,12298,0.0016345480689778924
8,980,12299,0.0013909004628658295
8,981,12300,0.0025812755338847637
8,982,12301,0.00816251803189516
8,983,12302,0.0039837295189499855
8,984,12303,0.005688877776265144
8,985,12304,0.03363088145852089
8,986,12305,0.05548667907714844
8,987,12306,0.010832776315510273
8,988,12307,0.0015345059800893068
8,989,12308,0.006802690215408802
8,990,12309,0.0011511631309986115
8,991,12310,0.0008448031730949879
8,992,12311,0.00026441796217113733
8,993,12312,0.07424894720315933
8,994,12313,0.0855090543627739
8,995,12314,0.0010139673249796033
8,996,12315,0.12654107809066772
8,997,12316,0.0008592230151407421
8,998,12317,0.0018222942017018795
8,999,12318,0.004260305315256119
8,1000,12319,0.044723991304636
8,1001,12320,0.005174041725695133
8,1002,12321,0.011988244950771332
8,1003,12322,0.0031872272957116365
8,1004,12323,0.017830362543463707
8,1005,12324,0.06998255848884583
8,1006,12325,0.009656828828155994
8,1007,12326,0.0034415600821375847
8,1008,12327,0.00544270034879446
8,1009,12328,0.0032172389328479767
8,1010,12329,0.08986148238182068
8,1011,12330,0.0016384947812184691
8,1012,12331,0.03328297287225723
8,1013,12332,0.04441942274570465
8,1014,12333,0.0012203010264784098
8,1015,12334,0.0018229276174679399
8,1016,12335,0.004947903100401163
8,1017,12336,0.009399158880114555
8,1018,12337,0.011863931082189083
8,1019,12338,0.03027592971920967
8,1020,12339,0.03927052021026611
8,1021,12340,0.015503187663853168
8,1022,12341,0.018486104905605316
8,1023,12342,0.015319506637752056
8,1024,12343,0.0046516889706254005
8,1025,12344,0.009205260314047337
8,1026,12345,0.0024725664407014847
8,1027,12346,0.001549342181533575
8,1028,12347,0.005811893381178379
8,1029,12348,0.0014927494339644909
8,1030,12349,0.036882370710372925
8,1031,12350,0.11365395784378052
8,1032,12351,0.0012394491350278258
8,1033,12352,0.03610615059733391
8,1034,12353,0.006662409752607346
8,1035,12354,0.004426624160259962
8,1036,12355,0.003641729475930333
8,1037,12356,0.0023553601931780577
8,1038,12357,0.0035679887514561415
8,1039,12358,0.012449321337044239
8,1040,12359,0.00306109176017344
8,1041,12360,0.003939845599234104
8,1042,12361,0.05679412931203842
8,1043,12362,0.004174408502876759
8,1044,12363,0.00685498071834445
8,1045,12364,0.027947889640927315
8,1046,12365,0.0270339697599411
8,1047,12366,0.004958733916282654
8,1048,12367,0.09051230549812317
8,1049,12368,0.00117238808888942
8,1050,12369,0.02747664786875248
8,1051,12370,0.01202651672065258
8,1052,12371,0.003148705465719104
8,1053,12372,0.0033286730758845806
8,1054,12373,0.01097026001662016
8,1055,12374,0.0034369314089417458
8,1056,12375,0.013303385116159916
8,1057,12376,0.014819037169218063
8,1058,12377,0.0010165187995880842
8,1059,12378,0.001577715971507132
8,1060,12379,0.0033146680798381567
8,1061,12380,0.028765607625246048
8,1062,12381,0.04356689378619194
8,1063,12382,0.003963183145970106
8,1064,12383,0.028318265452980995
8,1065,12384,0.0028563165105879307
8,1066,12385,0.0012566156219691038
8,1067,12386,0.0055479141883552074
8,1068,12387,0.00821281410753727
8,1069,12388,0.006791618186980486
8,1070,12389,0.0963149145245552
8,1071,12390,0.00437786104157567
8,1072,12391,0.003659934038296342
8,1073,12392,0.021407270804047585
8,1074,12393,0.058424923568964005
8,1075,12394,0.013432640582323074
8,1076,12395,0.0027925895992666483
8,1077,12396,0.0036369774024933577
8,1078,12397,0.003660117508843541
8,1079,12398,0.006376639474183321
8,1080,12399,0.020214656367897987
8,1081,12400,0.057458605617284775
8,1082,12401,0.0008265188662335277
8,1083,12402,0.0016866825753822923
8,1084,12403,0.0011776412138715386
8,1085,12404,0.0019961644429713488
8,1086,12405,0.023126987740397453
8,1087,12406,0.007843047380447388
8,1088,12407,0.006016185972839594
8,1089,12408,0.0018052186351269484
8,1090,12409,0.004666884429752827
8,1091,12410,0.0048178392462432384
8,1092,12411,0.0007767861243337393
8,1093,12412,0.004681283142417669
8,1094,12413,0.006837086286395788
8,1095,12414,0.0020114451181143522
8,1096,12415,0.030694007873535156
8,1097,12416,0.003594165202230215
8,1098,12417,0.0012244345853105187
8,1099,12418,0.0017934568459168077
8,1100,12419,0.005803526844829321
8,1101,12420,0.011162255890667439
8,1102,12421,0.0016423949273303151
8,1103,12422,0.0024284906685352325
8,1104,12423,0.00152505689766258
8,1105,12424,0.06232467293739319
8,1106,12425,0.0023497564252465963
8,1107,12426,0.0017938177334144711
8,1108,12427,0.025148378685116768
8,1109,12428,0.017234275117516518
8,1110,12429,0.01062218938022852
8,1111,12430,0.0010578366927802563
8,1112,12431,0.0018022393342107534
8,1113,12432,0.013565178960561752
8,1114,12433,0.0016384554328396916
8,1115,12434,0.002979567041620612
8,1116,12435,0.0018182690255343914
8,1117,12436,0.010457435622811317
8,1118,12437,0.037572819739580154
8,1119,12438,0.004981483332812786
8,1120,12439,0.000826312112621963
8,1121,12440,0.0025880406610667706
8,1122,12441,0.020160341635346413
8,1123,12442,0.002455678302794695
8,1124,12443,0.0038063512183725834
8,1125,12444,0.002432525157928467
8,1126,12445,0.0010588262230157852
8,1127,12446,0.004630827344954014
8,1128,12447,0.001311793690547347
8,1129,12448,0.0010068201227113605
8,1130,12449,0.0019024726934731007
8,1131,12450,0.00868169590830803
8,1132,12451,0.004785363096743822
8,1133,12452,0.013268614187836647
8,1134,12453,0.020699677988886833
8,1135,12454,0.0008481692639179528
8,1136,12455,0.0011360272765159607
8,1137,12456,0.0031730683986097574
8,1138,12457,0.0009218440391123295
8,1139,12458,0.00227978709153831
8,1140,12459,0.0033762012608349323
8,1141,12460,0.023610258474946022
8,1142,12461,0.012091818265616894
8,1143,12462,0.0014227692736312747
8,1144,12463,0.006513664964586496
8,1145,12464,0.006045922636985779
8,1146,12465,0.0038978643715381622
8,1147,12466,0.031800877302885056
8,1148,12467,0.0013697181129828095
8,1149,12468,0.005911968648433685
8,1150,12469,0.006617298349738121
8,1151,12470,0.00700919097289443
8,1152,12471,0.0016364585608243942
8,1153,12472,0.0022651664912700653
8,1154,12473,0.013163983821868896
8,1155,12474,0.00017679095617495477
8,1156,12475,0.001242628786712885
8,1157,12476,0.0013078117044642568
8,1158,12477,0.016425592824816704
8,1159,12478,0.0015863992739468813
8,1160,12479,0.0008001067326404154
8,1161,12480,0.030520854517817497
8,1162,12481,0.00214956933632493
8,1163,12482,0.00045317839249037206
8,1164,12483,0.0008253001142293215
8,1165,12484,0.0032917140051722527
8,1166,12485,0.0017347900429740548
8,1167,12486,0.03525037318468094
8,1168,12487,0.010635913349688053
8,1169,12488,0.019815320149064064
8,1170,12489,0.0012691596057265997
8,1171,12490,0.016420943662524223
8,1172,12491,0.0014811749570071697
8,1173,12492,0.0011342901270836592
8,1174,12493,0.0930074155330658
8,1175,12494,0.0887325331568718
8,1176,12495,0.0014153234660625458
8,1177,12496,0.07319119572639465
8,1178,12497,0.0028214810881763697
8,1179,12498,0.007034503389149904
8,1180,12499,0.026375003159046173
8,1181,12500,0.023121904581785202
8,1182,12501,0.014435100369155407
8,1183,12502,0.0015362546546384692
8,1184,12503,0.0012024076422676444
8,1185,12504,0.000721689430065453
8,1186,12505,0.018121276050806046
8,1187,12506,0.009893295355141163
8,1188,12507,0.09717056900262833
8,1189,12508,0.004757503513246775
8,1190,12509,0.0022464063949882984
8,1191,12510,0.0025767378974705935
8,1192,12511,0.16420802474021912
8,1193,12512,0.027565406635403633
8,1194,12513,0.039339810609817505
8,1195,12514,0.0020562501158565283
8,1196,12515,0.0012649252312257886
8,1197,12516,0.006983422674238682
8,1198,12517,0.009112040512263775
8,1199,12518,0.01683385670185089
8,1200,12519,0.020456258207559586
8,1201,12520,0.023720407858490944
8,1202,12521,0.009186963550746441
8,1203,12522,0.00989345833659172
8,1204,12523,0.0032891067676246166
8,1205,12524,0.010859697125852108
8,1206,12525,0.0273825004696846
8,1207,12526,0.0033794010523706675
8,1208,12527,0.04175298660993576
8,1209,12528,0.021352428942918777
8,1210,12529,0.0014865775592625141
8,1211,12530,0.002013199031352997
8,1212,12531,0.0031596391927450895
8,1213,12532,0.009137132205069065
8,1214,12533,0.0041129994206130505
8,1215,12534,0.08010076731443405
8,1216,12535,0.0074337259866297245
8,1217,12536,0.002836596919223666
8,1218,12537,0.0049780793488025665
8,1219,12538,0.0005914077628403902
8,1220,12539,0.024173211306333542
8,1221,12540,0.0011601081350818276
8,1222,12541,0.027619479224085808
8,1223,12542,0.0165120679885149
8,1224,12543,0.056283850222826004
8,1225,12544,0.003998640459030867
8,1226,12545,0.0020953097846359015
8,1227,12546,0.008040787652134895
8,1228,12547,0.003057244699448347
8,1229,12548,0.030753733590245247
8,1230,12549,0.0017920699901878834
8,1231,12550,0.004130304791033268
8,1232,12551,0.0020712113473564386
8,1233,12552,0.0028362644370645285
8,1234,12553,0.004025388974696398
8,1235,12554,0.0011803299421444535
8,1236,12555,0.02602982707321644
8,1237,12556,0.0016002901829779148
8,1238,12557,0.002430795459076762
8,1239,12558,0.00196150247938931
8,1240,12559,0.0031159394420683384
8,1241,12560,0.009976109489798546
8,1242,12561,0.004710895475000143
8,1243,12562,0.002819335786625743
8,1244,12563,0.0010780890006572008
8,1245,12564,0.0009885196341201663
8,1246,12565,0.010110638104379177
8,1247,12566,0.0035745275672525167
8,1248,12567,0.0013992355670779943
8,1249,12568,0.0022324705496430397
8,1250,12569,0.07342766225337982
8,1251,12570,0.0018761984538286924
8,1252,12571,0.002353578805923462
8,1253,12572,0.002311818301677704
8,1254,12573,0.0010625204304233193
8,1255,12574,0.028782883659005165
8,1256,12575,0.0014160198625177145
8,1257,12576,0.00522579625248909
8,1258,12577,0.0025390731170773506
8,1259,12578,0.002260372508317232
8,1260,12579,0.0041859946213662624
8,1261,12580,0.002049138769507408
8,1262,12581,0.01854870282113552
8,1263,12582,0.004194072913378477
8,1264,12583,0.007579613011330366
8,1265,12584,0.0029586893506348133
8,1266,12585,0.0021203625947237015
8,1267,12586,0.0020963717252016068
8,1268,12587,0.0020656087435781956
8,1269,12588,0.012176131829619408
8,1270,12589,0.010643983259797096
8,1271,12590,0.03792458772659302
8,1272,12591,0.007128407713025808
8,1273,12592,0.001809149282053113
8,1274,12593,0.0018638955662027001
8,1275,12594,0.006843338720500469
8,1276,12595,0.002462928183376789
8,1277,12596,0.018137512728571892
8,1278,12597,0.0017842864617705345
8,1279,12598,0.08147113025188446
8,1280,12599,0.0017172255320474505
8,1281,12600,0.0020009158179163933
8,1282,12601,0.009817690588533878
8,1283,12602,0.0016919354675337672
8,1284,12603,0.0010709409834817052
8,1285,12604,0.0005992479855194688
8,1286,12605,0.002525503281503916
8,1287,12606,0.007092061918228865
8,1288,12607,0.004901196341961622
8,1289,12608,0.0022786841727793217
8,1290,12609,0.02062362991273403
8,1291,12610,0.02419274114072323
8,1292,12611,0.0005430847522802651
8,1293,12612,0.008106034249067307
8,1294,12613,0.0033659697510302067
8,1295,12614,0.0011543181026354432
8,1296,12615,0.05047207698225975
8,1297,12616,0.0011908200103789568
8,1298,12617,0.05138757824897766
8,1299,12618,0.004825286101549864
8,1300,12619,0.004661295097321272
8,1301,12620,0.006953670643270016
8,1302,12621,0.03035876527428627
8,1303,12622,0.00131102348677814
8,1304,12623,0.009308325126767159
8,1305,12624,0.02647223323583603
8,1306,12625,0.0033869051840156317
8,1307,12626,0.0006762273842468858
8,1308,12627,0.0015048168133944273
8,1309,12628,0.03623806685209274
8,1310,12629,0.001156609388999641
8,1311,12630,0.003224743530154228
8,1312,12631,0.021278060972690582
8,1313,12632,0.0007850611000321805
8,1314,12633,0.001622856711037457
8,1315,12634,0.0007787089562043548
8,1316,12635,0.002432531211525202
8,1317,12636,0.010022231377661228
8,1318,12637,0.0049540819600224495
8,1319,12638,0.0016253675566986203
8,1320,12639,0.0008673591655679047
8,1321,12640,0.0007016907329671085
8,1322,12641,0.0019469964317977428
8,1323,12642,0.011165370233356953
8,1324,12643,0.03899668529629707
8,1325,12644,0.00513085164129734
8,1326,12645,0.03170274943113327
8,1327,12646,0.00924685224890709
8,1328,12647,0.005909773986786604
8,1329,12648,0.0008003081893548369
8,1330,12649,0.005191425792872906
8,1331,12650,0.0032715112902224064
8,1332,12651,0.011371396481990814
8,1333,12652,0.0022818204015493393
8,1334,12653,0.0012120967730879784
8,1335,12654,0.0019634522031992674
8,1336,12655,0.044275201857089996
8,1337,12656,0.032047420740127563
8,1338,12657,0.014040417969226837
8,1339,12658,0.0008827340207062662
8,1340,12659,0.005077853798866272
8,1341,12660,0.0050904229283332825
8,1342,12661,0.004187246784567833
8,1343,12662,0.014917561784386635
8,1344,12663,0.023689845576882362
8,1345,12664,0.02111428789794445
8,1346,12665,0.0736868679523468
8,1347,12666,0.0011210558004677296
8,1348,12667,0.0016462972853332758
8,1349,12668,0.011029279790818691
8,1350,12669,0.01991918310523033
8,1351,12670,0.002389658009633422
8,1352,12671,0.011213685385882854
8,1353,12672,0.024109406396746635
8,1354,12673,0.001191070768982172
8,1355,12674,0.01779797300696373
8,1356,12675,0.0023793408181518316
8,1357,12676,0.0064402977004647255
8,1358,12677,0.018981173634529114
8,1359,12678,0.005655035376548767
8,1360,12679,0.0021846687886863947
8,1361,12680,0.0020379626657813787
8,1362,12681,0.002439281437546015
8,1363,12682,0.002857683692127466
8,1364,12683,0.01935524307191372
8,1365,12684,0.011337047442793846
8,1366,12685,0.006871619261801243
8,1367,12686,0.003087990917265415
8,1368,12687,0.019748257473111153
8,1369,12688,0.03513138368725777
8,1370,12689,0.0010909525444731116
8,1371,12690,0.010654659010469913
8,1372,12691,0.023773953318595886
8,1373,12692,0.002406905172392726
8,1374,12693,0.06623254716396332
8,1375,12694,0.009573769755661488
8,1376,12695,0.007065442856401205
8,1377,12696,0.059657856822013855
8,1378,12697,0.01713532954454422
8,1379,12698,0.0017047175206243992
8,1380,12699,0.08535133302211761
8,1381,12700,0.03327028453350067
8,1382,12701,0.0019561508670449257
8,1383,12702,0.00046937857405282557
8,1384,12703,0.0017332853749394417
8,1385,12704,0.006558605935424566
8,1386,12705,0.00473042530938983
8,1387,12706,0.025227410718798637
8,1388,12707,0.05496737360954285
8,1389,12708,0.0011638973373919725
8,1390,12709,0.020376229658722878
8,1391,12710,0.0012786411680281162
8,1392,12711,0.010059038177132607
8,1393,12712,0.009292046539485455
8,1394,12713,0.043627165257930756
8,1395,12714,0.022793196141719818
8,1396,12715,0.026180846616625786
8,1397,12716,0.006728540640324354
8,1398,12717,0.005488398484885693
8,1399,12718,0.0010750703513622284
8,1400,12719,0.0014458928490057588
8,1401,12720,0.0024942574091255665
8,1402,12721,0.0025674826465547085
8,1403,12722,0.039007220417261124
8,1404,12723,0.004399676341563463
8,1405,12724,0.010456101037561893
8,1406,12725,0.07454460114240646
8,1407,12726,0.005320517346262932
8,1408,12727,0.0008239166927523911
8,1409,12728,0.00567287253215909
8,1410,12729,0.028536289930343628
8,1411,12730,0.0024138973094522953
8,1412,12731,0.006669310852885246
8,1413,12732,0.004254444036632776
8,1414,12733,0.013458911329507828
8,1415,12734,0.0010967111447826028
9,1,12735,0.060810673981904984
9,2,12736,0.0041954549960792065
9,3,12737,0.007253744173794985
9,4,12738,0.0041076382622122765
9,5,12739,0.006954389624297619
9,6,12740,0.05179467424750328
9,7,12741,0.008496725931763649
9,8,12742,0.005777692887932062
9,9,12743,0.0005776435136795044
9,10,12744,0.002669438486918807
9,11,12745,0.0147129837423563
9,12,12746,0.002298202132806182
9,13,12747,0.0020319700706750154
9,14,12748,0.0034952163696289062
9,15,12749,0.0007104258402250707
9,16,12750,0.004376571159809828
9,17,12751,0.0016035818262025714
9,18,12752,0.0033073360100388527
9,19,12753,0.0538703091442585
9,20,12754,0.002440769923850894
9,21,12755,0.0038484144024550915
9,22,12756,0.048907745629549026
9,23,12757,0.002259544562548399
9,24,12758,0.0029067727737128735
9,25,12759,0.0019813429098576307
9,26,12760,0.006665622349828482
9,27,12761,0.008485091850161552
9,28,12762,0.013231689110398293
9,29,12763,0.003930103033781052
9,30,12764,0.004633359145373106
9,31,12765,0.009749713353812695
9,32,12766,0.002091664355248213
9,33,12767,0.01368272677063942
9,34,12768,0.0033643092028796673
9,35,12769,0.0009685851982794702
9,36,12770,0.020750410854816437
9,37,12771,0.0009545257198624313
9,38,12772,0.0008997456170618534
9,39,12773,0.029232274740934372
9,40,12774,0.0017937073716893792
9,41,12775,0.002476693829521537
9,42,12776,0.00026397366309538484
9,43,12777,0.018312005326151848
9,44,12778,0.026687346398830414
9,45,12779,0.0011386799160391092
9,46,12780,0.00541707593947649
9,47,12781,0.0006504478515125811
9,48,12782,0.002071419032290578
9,49,12783,0.0033981837332248688
9,50,12784,0.0014039726229384542
9,51,12785,0.008339826948940754
9,52,12786,0.024651657789945602
9,53,12787,0.01110753696411848
9,54,12788,0.002928759902715683
9,55,12789,0.0035121124237775803
9,56,12790,0.02311978116631508
9,57,12791,0.05616287514567375
9,58,12792,0.005440499633550644
9,59,12793,0.005249298643320799
9,60,12794,0.0038232102524489164
9,61,12795,0.0018330883467569947
9,62,12796,0.0015099436277523637
9,63,12797,0.001663481816649437
9,64,12798,0.08138779550790787
9,65,12799,0.0009785190923139453
9,66,12800,0.0034459151793271303
9,67,12801,0.0014341272180899978
9,68,12802,0.007722234819084406
9,69,12803,0.00191472377628088
9,70,12804,0.013390623033046722
9,71,12805,0.034996937960386276
9,72,12806,0.0011553182266652584
9,73,12807,0.0011349041014909744
9,74,12808,0.045961491763591766
9,75,12809,0.01722622476518154
9,76,12810,0.004257350228726864
9,77,12811,0.01917273923754692
9,78,12812,0.015010377392172813
9,79,12813,0.05264982953667641
9,80,12814,0.0039051417261362076
9,81,12815,0.006137782242149115
9,82,12816,0.0033917510882019997
9,83,12817,0.01193949207663536
9,84,12818,0.036301568150520325
9,85,12819,0.0058259679935872555
9,86,12820,0.004045590292662382
9,87,12821,0.008986284025013447
9,88,12822,0.0028296152595430613
9,89,12823,0.00492312153801322
9,90,12824,0.0029299547895789146
9,91,12825,0.0011283919448032975
9,92,12826,0.0212863739579916
9,93,12827,0.058105360716581345
9,94,12828,0.026578264310956
9,95,12829,0.003774451557546854
9,96,12830,0.005571533925831318
9,97,12831,0.0038050031289458275
9,98,12832,0.001924264943227172
9,99,12833,0.001980243716388941
9,100,12834,0.001389789511449635
9,101,12835,0.03674573823809624
9,102,12836,0.014680912718176842
9,103,12837,0.0063206469640135765
9,104,12838,0.0009684787946753204
9,105,12839,0.0029822583310306072
9,106,12840,0.006698191165924072
9,107,12841,0.004981116391718388
9,108,12842,0.0013838098384439945
9,109,12843,0.0007438620668835938
9,110,12844,0.0017650877125561237
9,111,12845,0.01688709855079651
9,112,12846,0.08378498256206512
9,113,12847,0.0020144819281995296
9,114,12848,0.0018322821706533432
9,115,12849,0.004831621423363686
9,116,12850,0.0025407306384295225
9,117,12851,0.024365508928894997
9,118,12852,0.0042228298261761665
9,119,12853,0.004601419437676668
9,120,12854,0.002527430886402726
9,121,12855,0.003250355599448085
9,122,12856,0.001510864356532693
9,123,12857,0.001109869685024023
9,124,12858,0.0005217588040977716
9,125,12859,0.0019373648101463914
9,126,12860,0.0014802044024690986
9,127,12861,0.002991377841681242
9,128,12862,0.0017770841950550675
9,129,12863,0.0010791721288114786
9,130,12864,0.0013312697410583496
9,131,12865,0.0008576623513363302
9,132,12866,0.0013216388178989291
9,133,12867,0.0053450316190719604
9,134,12868,0.0013629456516355276
9,135,12869,0.0021784647833555937
9,136,12870,0.0010362963657826185
9,137,12871,0.00043606566032394767
9,138,12872,0.0033981341402977705
9,139,12873,0.0221279114484787
9,140,12874,0.024179698899388313
9,141,12875,0.0013427804224193096
9,142,12876,0.0007586943684145808
9,143,12877,0.003654059488326311
9,144,12878,0.001783945714123547
9,145,12879,0.004236304201185703
9,146,12880,0.000651662761811167
9,147,12881,0.0020376876927912235
9,148,12882,0.002056392142549157
9,149,12883,0.002705048769712448
9,150,12884,0.001559691154398024
9,151,12885,0.0011561315041035414
9,152,12886,0.02384466864168644
9,153,12887,0.014981844462454319
9,154,12888,0.003956082742661238
9,155,12889,0.006804545409977436
9,156,12890,0.11261861771345139
9,157,12891,0.0009787200251594186
9,158,12892,0.019170038402080536
9,159,12893,0.001850293716415763
9,160,12894,0.0007752616074867547
9,161,12895,0.0025481937918812037
9,162,12896,0.036681871861219406
9,163,12897,0.030534816905856133
9,164,12898,0.0004943526582792401
9,165,12899,0.00812718365341425
9,166,12900,0.0012598906178027391
9,167,12901,0.001227327506057918
9,168,12902,0.004018529783934355
9,169,12903,0.02007165551185608
9,170,12904,0.0012618828332051635
9,171,12905,0.00959595013409853
9,172,12906,0.008452754467725754
9,173,12907,0.036911316215991974
9,174,12908,0.008181100711226463
9,175,12909,0.020438766106963158
9,176,12910,0.00738700432702899
9,177,12911,0.0008699335739947855
9,178,12912,0.007693992927670479
9,179,12913,0.013178274035453796
9,180,12914,0.03052176535129547
9,181,12915,0.0007031913846731186
9,182,12916,0.001829118700698018
9,183,12917,0.002714231377467513
9,184,12918,0.005643703509122133
9,185,12919,0.0005698779132217169
9,186,12920,0.0013490496203303337
9,187,12921,0.0012623477960005403
9,188,12922,0.002158383373171091
9,189,12923,0.027424447238445282
9,190,12924,0.00034984335070475936
9,191,12925,0.005544675979763269
9,192,12926,0.009149357676506042
9,193,12927,0.0025401790626347065
9,194,12928,0.009426239877939224
9,195,12929,0.006846976466476917
9,196,12930,0.0007583482074551284
9,197,12931,0.0009763308917172253
9,198,12932,0.0009481700835749507
9,199,12933,0.0017603749874979258
9,200,12934,0.06968493014574051
9,201,12935,0.015481826849281788
9,202,12936,0.0015993529232218862
9,203,12937,0.00115523103158921
9,204,12938,0.006596756633371115
9,205,12939,0.00017915145144797862
9,206,12940,0.0009308336302638054
9,207,12941,0.003617246402427554
9,208,12942,0.0027029330376535654
9,209,12943,0.0009507042123004794
9,210,12944,0.00041190089541487396
9,211,12945,0.007718454115092754
9,212,12946,0.001173760974779725
9,213,12947,0.001013794681057334
9,214,12948,0.0004109360452275723
9,215,12949,0.0026128909084945917
9,216,12950,0.014020061120390892
9,217,12951,0.0007348369690589607
9,218,12952,0.0014095914084464312
9,219,12953,0.02349667251110077
9,220,12954,0.09485817700624466
9,221,12955,0.000724576588254422
9,222,12956,0.0004596737853717059
9,223,12957,0.00743801100179553
9,224,12958,0.03661312535405159
9,225,12959,0.0019393943948671222
9,226,12960,0.0028688109014183283
9,227,12961,0.04495839402079582
9,228,12962,0.027875736355781555
9,229,12963,0.007932932116091251
9,230,12964,0.03700254485011101
9,231,12965,0.010957255959510803
9,232,12966,0.0066718896850943565
9,233,12967,0.012320466339588165
9,234,12968,0.001926465192809701
9,235,12969,0.003630727995187044
9,236,12970,0.01820272207260132
9,237,12971,0.004922955762594938
9,238,12972,0.004041614476591349
9,239,12973,0.005572873633354902
9,240,12974,0.005293441470712423
9,241,12975,0.007793523371219635
9,242,12976,0.03948322683572769
9,243,12977,0.0013054368318989873
9,244,12978,0.06564933061599731
9,245,12979,0.04700639843940735
9,246,12980,0.0005352393491193652
9,247,12981,0.002998716663569212
9,248,12982,0.01635640114545822
9,249,12983,0.0012563366908580065
9,250,12984,0.0019226028816774487
9,251,12985,0.007132309023290873
9,252,12986,0.012945453636348248
9,253,12987,0.0037740105763077736
9,254,12988,0.009050375781953335
9,255,12989,0.001213516341522336
9,256,12990,0.0017026537097990513
9,257,12991,0.010750392451882362
9,258,12992,0.02932182140648365
9,259,12993,0.02970069833099842
9,260,12994,0.0005845563136972487
9,261,12995,0.0013278471305966377
9,262,12996,0.001293707056902349
9,263,12997,0.00504052359610796
9,264,12998,0.004072076175361872
9,265,12999,0.0034270398318767548
9,266,13000,0.0014412194723263383
9,267,13001,0.048297055065631866
9,268,13002,0.010270875878632069
9,269,13003,0.005330831743776798
9,270,13004,0.0013382871402427554
9,271,13005,0.014766520820558071
9,272,13006,0.0008513107313774526
9,273,13007,0.001816112780943513
9,274,13008,0.003767474554479122
9,275,13009,0.0015648083062842488
9,276,13010,0.0038178558461368084
9,277,13011,0.04553324356675148
9,278,13012,0.0013181898975744843
9,279,13013,0.00482681579887867
9,280,13014,0.0044574798084795475
9,281,13015,0.001730577670969069
9,282,13016,0.059215713292360306
9,283,13017,0.022575967013835907
9,284,13018,0.0030050880741328
9,285,13019,0.008529827930033207
9,286,13020,0.002455430570989847
9,287,13021,0.00669281417503953
9,288,13022,0.036255888640880585
9,289,13023,0.008987425826489925
9,290,13024,0.004578904714435339
9,291,13025,0.0035934445913881063
9,292,13026,0.00959168840199709
9,293,13027,0.004460256081074476
9,294,13028,0.0009474313701502979
9,295,13029,0.0029839754570275545
9,296,13030,0.0007567096035927534
9,297,13031,0.0033914579544216394
9,298,13032,0.005246688146144152
9,299,13033,0.0056259846314787865
9,300,13034,0.022059403359889984
9,301,13035,0.000868522038217634
9,302,13036,0.0019469237886369228
9,303,13037,0.00039713236037641764
9,304,13038,0.004145458806306124
9,305,13039,0.02059166692197323
9,306,13040,0.09447973966598511
9,307,13041,0.001291945343837142
9,308,13042,0.0017403378151357174
9,309,13043,0.0012080117594450712
9,310,13044,0.0005642338073812425
9,311,13045,0.0008790556457825005
9,312,13046,0.004526322241872549
9,313,13047,0.004877561237663031
9,314,13048,0.04212045669555664
9,315,13049,0.0017846624832600355
9,316,13050,0.0012759395176544785
9,317,13051,0.14089320600032806
9,318,13052,0.0010643667774274945
9,319,13053,0.001061196206137538
9,320,13054,0.0012339882086962461
9,321,13055,0.005525715183466673
9,322,13056,0.01953982561826706
9,323,13057,0.01891320012509823
9,324,13058,0.0034635907504707575
9,325,13059,0.0014438529033213854
9,326,13060,0.0007588068838231266
9,327,13061,0.0030418860260397196
9,328,13062,0.028001759201288223
9,329,13063,0.0026862637605518103
9,330,13064,0.0014522422570735216
9,331,13065,0.001063707983121276
9,332,13066,0.0034428718499839306
9,333,13067,0.00275469315238297
9,334,13068,0.026344701647758484
9,335,13069,0.0011121691204607487
9,336,13070,0.0030010100454092026
9,337,13071,0.010842365212738514
9,338,13072,0.005422346759587526
9,339,13073,0.006875109858810902
9,340,13074,0.037615008652210236
9,341,13075,0.004648822359740734
9,342,13076,0.0018209980335086584
9,343,13077,0.003536246484145522
9,344,13078,0.03213278576731682
9,345,13079,0.0064673214219510555
9,346,13080,0.0026500727981328964
9,347,13081,0.0010245229350402951
9,348,13082,0.004820290952920914
9,349,13083,0.0021072588860988617
9,350,13084,0.007940059527754784
9,351,13085,0.005824447143822908
9,352,13086,0.001066862721927464
9,353,13087,0.0014010610757395625
9,354,13088,0.0013968008570373058
9,355,13089,0.0021115730050951242
9,356,13090,0.07349799573421478
9,357,13091,0.0036100635770708323
9,358,13092,0.00423112977296114
9,359,13093,0.010797427967190742
9,360,13094,0.003611157415434718
9,361,13095,0.0007680548587813973
9,362,13096,0.005555163603276014
9,363,13097,0.0016962869558483362
9,364,13098,0.001166493515484035
9,365,13099,0.009483239613473415
9,366,13100,0.001326604513451457
9,367,13101,0.0010408409871160984
9,368,13102,0.0015553988050669432
9,369,13103,0.0008065789006650448
9,370,13104,0.002354895928874612
9,371,13105,0.0011570274364203215
9,372,13106,0.0011265130015090108
9,373,13107,0.02665228396654129
9,374,13108,0.0037931569386273623
9,375,13109,0.0012124035274609923
9,376,13110,0.09170374274253845
9,377,13111,0.019543511793017387
9,378,13112,0.005699769593775272
9,379,13113,0.014886883087456226
9,380,13114,0.0021866210736334324
9,381,13115,0.0018673924496397376
9,382,13116,0.006183807738125324
9,383,13117,0.001821867423132062
9,384,13118,0.02292785234749317
9,385,13119,0.002463132841512561
9,386,13120,0.01591772958636284
9,387,13121,0.007711959537118673
9,388,13122,0.03272082284092903
9,389,13123,0.004354855976998806
9,390,13124,0.00042100282735191286
9,391,13125,0.0023331292904913425
9,392,13126,0.0012765058781951666
9,393,13127,0.002573169069364667
9,394,13128,0.002510109217837453
9,395,13129,0.0027035570237785578
9,396,13130,0.0040903883054852486
9,397,13131,0.01106194220483303
9,398,13132,0.0017433585599064827
9,399,13133,0.0016336843837052584
9,400,13134,0.001148001290857792
9,401,13135,0.00038927505374886096
9,402,13136,0.0007352587999776006
9,403,13137,0.0017411784501746297
9,404,13138,0.002202010480687022
9,405,13139,0.0011825525434687734
9,406,13140,0.0057105086743831635
9,407,13141,0.0002821611997205764
9,408,13142,0.0007119342917576432
9,409,13143,0.001339224516414106
9,410,13144,0.0008938044193200767
9,411,13145,0.07458491623401642
9,412,13146,0.001063129398971796
9,413,13147,0.0010428281966596842
9,414,13148,0.0037806646432727575
9,415,13149,0.00040036809514276683
9,416,13150,0.001255516428500414
9,417,13151,0.0026189377531409264
9,418,13152,0.003274556016549468
9,419,13153,0.002597152255475521
9,420,13154,0.0034292025957256556
9,421,13155,0.0004173132183495909
9,422,13156,0.0009163543581962585
9,423,13157,0.018789004534482956
9,424,13158,0.015595833770930767
9,425,13159,0.003390681929886341
9,426,13160,0.022296709939837456
9,427,13161,0.0005079368129372597
9,428,13162,0.02086041495203972
9,429,13163,0.004974909592419863
9,430,13164,0.0044820611365139484
9,431,13165,0.005799783393740654
9,432,13166,0.008416147902607918
9,433,13167,0.0010912793222814798
9,434,13168,0.002338226418942213
9,435,13169,0.0030172450933605433
9,436,13170,0.0005786542315036058
9,437,13171,0.03740448132157326
9,438,13172,0.0035985633730888367
9,439,13173,0.001019624643959105
9,440,13174,0.0008611060911789536
9,441,13175,0.0011867295252159238
9,442,13176,0.0017872072057798505
9,443,13177,0.0008771122083999217
9,444,13178,0.014356675557792187
9,445,13179,0.017528390511870384
9,446,13180,0.000999124371446669
9,447,13181,0.0022047071252018213
9,448,13182,0.0005747574614360929
9,449,13183,0.00795597955584526
9,450,13184,0.0032925757113844156
9,451,13185,0.002205117605626583
9,452,13186,0.004328918643295765
9,453,13187,0.005363031290471554
9,454,13188,0.006276760250329971
9,455,13189,0.00171627476811409
9,456,13190,0.05843232944607735
9,457,13191,0.0007861178601160645
9,458,13192,0.0007320393342524767
9,459,13193,0.031082434579730034
9,460,13194,0.008118023164570332
9,461,13195,0.004329724702984095
9,462,13196,0.0007484954548999667
9,463,13197,0.0027937248814851046
9,464,13198,0.002127841580659151
9,465,13199,0.01228449959307909
9,466,13200,0.0007279931451193988
9,467,13201,0.000900259125046432
9,468,13202,0.0028548932168632746
9,469,13203,0.0024889763444662094
9,470,13204,0.002770522143691778
9,471,13205,0.0010936843464151025
9,472,13206,0.0009209624258801341
9,473,13207,0.02799670398235321
9,474,13208,0.004193959292024374
9,475,13209,0.022710727527737617
9,476,13210,0.03144301101565361
9,477,13211,0.004795011132955551
9,478,13212,0.0009270318550989032
9,479,13213,0.07436178624629974
9,480,13214,0.0026421169750392437
9,481,13215,0.0009207531111314893
9,482,13216,0.019648822024464607
9,483,13217,0.0013325733598321676
9,484,13218,0.0051474664360284805
9,485,13219,0.009900318458676338
9,486,13220,0.003080858150497079
9,487,13221,0.0007832995615899563
9,488,13222,0.0009760996326804161
9,489,13223,0.001715067308396101
9,490,13224,0.0022753411903977394
9,491,13225,0.12922604382038116
9,492,13226,0.02669753134250641
9,493,13227,0.07380247116088867
9,494,13228,0.0147021459415555
9,495,13229,0.004031021147966385
9,496,13230,0.0007351069943979383
9,497,13231,0.0016958024352788925
9,498,13232,0.004317613318562508
9,499,13233,0.0023165224120020866
9,500,13234,0.00204413291066885
9,501,13235,0.002619560342282057
9,502,13236,0.003239681711420417
9,503,13237,0.0017997431568801403
9,504,13238,0.0015667211264371872
9,505,13239,0.004107668995857239
9,506,13240,0.0024248561821877956
9,507,13241,0.0037286151200532913
9,508,13242,0.0015025808243080974
9,509,13243,0.005215608514845371
9,510,13244,0.021014634519815445
9,511,13245,0.0010345635237172246
9,512,13246,0.04531627893447876
9,513,13247,0.001204080879688263
9,514,13248,0.0007763828034512699
9,515,13249,0.007258675526827574
9,516,13250,0.0017393677262589335
9,517,13251,0.0012893920065835118
9,518,13252,0.0038198172114789486
9,519,13253,0.01238478533923626
9,520,13254,0.02083713933825493
9,521,13255,0.0032185479067265987
9,522,13256,0.01950085163116455
9,523,13257,0.0015894577372819185
9,524,13258,0.06031767278909683
9,525,13259,0.015206516720354557
9,526,13260,0.001088927616365254
9,527,13261,0.011456492356956005
9,528,13262,0.06060660630464554
9,529,13263,0.0017652814276516438
9,530,13264,0.04619627445936203
9,531,13265,0.0013598575023934245
9,532,13266,0.016385376453399658
9,533,13267,0.010114958509802818
9,534,13268,0.04258233308792114
9,535,13269,0.07342562079429626
9,536,13270,0.004393573850393295
9,537,13271,0.011582860723137856
9,538,13272,0.02573319524526596
9,539,13273,0.12149544805288315
9,540,13274,0.0015830965712666512
9,541,13275,0.014953896403312683
9,542,13276,0.0023470513988286257
9,543,13277,0.00047085090773180127
9,544,13278,0.004556402564048767
9,545,13279,0.0003982738999184221
9,546,13280,0.057191506028175354
9,547,13281,0.035558756440877914
9,548,13282,0.061016663908958435
9,549,13283,0.0034879520535469055
9,550,13284,0.004209940321743488
9,551,13285,0.00728860916569829
9,552,13286,0.0023879187647253275
9,553,13287,0.10628418624401093
9,554,13288,0.025127647444605827
9,555,13289,0.007009316701442003
9,556,13290,0.0020349514670670033
9,557,13291,0.004634889308363199
9,558,13292,0.0029234387911856174
9,559,13293,0.0020864338148385286
9,560,13294,0.024723533540964127
9,561,13295,0.000781071896199137
9,562,13296,0.026586228981614113
9,563,13297,0.0012690481962636113
9,564,13298,0.010567879304289818
9,565,13299,0.002604306675493717
9,566,13300,0.0029128093738108873
9,567,13301,0.004955220967531204
9,568,13302,0.003393713152036071
9,569,13303,0.007398300804197788
9,570,13304,0.03762804716825485
9,571,13305,0.004879309795796871
9,572,13306,0.0044790469110012054
9,573,13307,0.003953016363084316
9,574,13308,0.004711152985692024
9,575,13309,0.0028021875768899918
9,576,13310,0.01270105130970478
9,577,13311,0.004452184308320284
9,578,13312,0.0013608838198706508
9,579,13313,0.001411939738318324
9,580,13314,0.007658056914806366
9,581,13315,0.0036618441808968782
9,582,13316,0.003602019976824522
9,583,13317,0.03692248836159706
9,584,13318,0.024182457476854324
9,585,13319,0.0011566334869712591
9,586,13320,0.0031494866125285625
9,587,13321,0.002607537666335702
9,588,13322,0.006856999825686216
9,589,13323,0.0014035316416993737
9,590,13324,0.0028748430777341127
9,591,13325,0.0691981390118599
9,592,13326,0.0019805170595645905
9,593,13327,0.0028810722287744284
9,594,13328,0.004291318356990814
9,595,13329,0.009753870777785778
9,596,13330,0.0038394941948354244
9,597,13331,0.0006040192092768848
9,598,13332,0.064884252846241
9,599,13333,0.014791341498494148
9,600,13334,0.003625853220000863
9,601,13335,0.0280601903796196
9,602,13336,0.0021805441938340664
9,603,13337,0.0014264739584177732
9,604,13338,0.0012824453879147768
9,605,13339,0.01318343635648489
9,606,13340,0.00257198978215456
9,607,13341,0.006669686175882816
9,608,13342,0.0009528246009722352
9,609,13343,0.01959029957652092
9,610,13344,0.023929685354232788
9,611,13345,0.00128766312263906
9,612,13346,0.0016679250402376056
9,613,13347,0.0038739193696528673
9,614,13348,0.000891918025445193
9,615,13349,0.003627719357609749
9,616,13350,0.004812626168131828
9,617,13351,0.0017231672536581755
9,618,13352,0.005372313782572746
9,619,13353,0.011821308173239231
9,620,13354,0.0022597729694098234
9,621,13355,0.00200985767878592
9,622,13356,0.00523002166301012
9,623,13357,0.002635877812281251
9,624,13358,0.053658030927181244
9,625,13359,0.002652824390679598
9,626,13360,0.0016086121322587132
9,627,13361,0.0008596728439442813
9,628,13362,0.0025414691772311926
9,629,13363,0.012554583139717579
9,630,13364,0.013732296414673328
9,631,13365,0.0667525976896286
9,632,13366,0.010613689199090004
9,633,13367,0.031292956322431564
9,634,13368,0.0016141183441504836
9,635,13369,0.001162353903055191
9,636,13370,0.014322852715849876
9,637,13371,0.04856220260262489
9,638,13372,0.00624844478443265
9,639,13373,0.0019931914284825325
9,640,13374,0.001432094257324934
9,641,13375,0.0021339470986276865
9,642,13376,0.0025272879283875227
9,643,13377,0.017458505928516388
9,644,13378,0.020764313638210297
9,645,13379,0.003133922815322876
9,646,13380,0.0023739489261060953
9,647,13381,0.012920995242893696
9,648,13382,0.025792378932237625
9,649,13383,0.037605851888656616
9,650,13384,0.004913254640996456
9,651,13385,0.0025408610235899687
9,652,13386,0.009871678426861763
9,653,13387,0.007963072508573532
9,654,13388,0.007432464975863695
9,655,13389,0.004036358091980219
9,656,13390,0.09519440680742264
9,657,13391,0.012090528383851051
9,658,13392,0.009225701913237572
9,659,13393,0.0035011698491871357
9,660,13394,0.00136841821949929
9,661,13395,0.0011629927903413773
9,662,13396,0.011435660533607006
9,663,13397,0.0028342490550130606
9,664,13398,0.0020745990332216024
9,665,13399,0.0010083467932417989
9,666,13400,0.001871219603344798
9,667,13401,0.002898585516959429
9,668,13402,0.011539525352418423
9,669,13403,0.03728871792554855
9,670,13404,0.008109585382044315
9,671,13405,0.0017760576447471976
9,672,13406,0.0011248437222093344
9,673,13407,0.02231837809085846
9,674,13408,0.0009712088503874838
9,675,13409,0.032228294759988785
9,676,13410,0.0012076281709596515
9,677,13411,0.0009917346760630608
9,678,13412,0.0016896809684112668
9,679,13413,0.006270259153097868
9,680,13414,0.02981525845825672
9,681,13415,0.009773939847946167
9,682,13416,0.0029285764321684837
9,683,13417,0.000870042887981981
9,684,13418,0.0023576645180583
9,685,13419,0.007271999027580023
9,686,13420,0.10134652256965637
9,687,13421,0.0037268877495080233
9,688,13422,0.046290915459394455
9,689,13423,0.032955799251794815
9,690,13424,0.0017811928410083055
9,691,13425,0.0033462587743997574
9,692,13426,0.002595574362203479
9,693,13427,0.002336211735382676
9,694,13428,0.0024967140052467585
9,695,13429,0.0033857342787086964
9,696,13430,0.001807297463528812
9,697,13431,0.002399683464318514
9,698,13432,0.025417344644665718
9,699,13433,0.00579796964302659
9,700,13434,0.007285643834620714
9,701,13435,0.005672046449035406
9,702,13436,0.006815318483859301
9,703,13437,0.011348078958690166
9,704,13438,0.008576939813792706
9,705,13439,0.0012407033937051892
9,706,13440,0.0007085773395374417
9,707,13441,0.0006819849950261414
9,708,13442,0.0018524954793974757
9,709,13443,0.0007594068883918226
9,710,13444,0.0016072909347712994
9,711,13445,0.002290000906214118
9,712,13446,0.0013200234388932586
9,713,13447,0.04736987128853798
9,714,13448,0.0015771497273817658
9,715,13449,0.0008518866961821914
9,716,13450,0.002425645710900426
9,717,13451,0.0013003078056499362
9,718,13452,0.016326596960425377
9,719,13453,0.0050427415408194065
9,720,13454,0.0013179327361285686
9,721,13455,0.006181243807077408
9,722,13456,0.0017360872589051723
9,723,13457,0.000934398383833468
9,724,13458,0.0013516130857169628
9,725,13459,0.004801035393029451
9,726,13460,0.007578238379210234
9,727,13461,0.09170576184988022
9,728,13462,0.006495143752545118
9,729,13463,0.0012603061040863395
9,730,13464,0.009620698168873787
9,731,13465,0.008797578513622284
9,732,13466,0.0009471347439102829
9,733,13467,0.004588003270328045
9,734,13468,0.010388200171291828
9,735,13469,0.002660656813532114
9,736,13470,0.0018977910513058305
9,737,13471,0.0323856920003891
9,738,13472,0.0007948540151119232
9,739,13473,0.002270573051646352
9,740,13474,0.0034766853787004948
9,741,13475,0.04148662090301514
9,742,13476,0.02301963046193123
9,743,13477,0.008889006450772285
9,744,13478,0.007353631313890219
9,745,13479,0.0033915454987436533
9,746,13480,0.008739111945033073
9,747,13481,0.02523168735206127
9,748,13482,0.014034935273230076
9,749,13483,0.00794900581240654
9,750,13484,0.0009624874801374972
9,751,13485,0.0019142040982842445
9,752,13486,0.0025136813055723906
9,753,13487,0.038803040981292725
9,754,13488,0.005954110994935036
9,755,13489,0.0008414292242377996
9,756,13490,0.048032209277153015
9,757,13491,0.029584940522909164
9,758,13492,0.0011591302463784814
9,759,13493,0.003926530946046114
9,760,13494,0.02404762990772724
9,761,13495,0.00465945340692997
9,762,13496,0.053118374198675156
9,763,13497,0.010769443586468697
9,764,13498,0.005226632580161095
9,765,13499,0.002915899269282818
9,766,13500,0.0028672211337834597
9,767,13501,0.0019821785390377045
9,768,13502,0.007736688479781151
9,769,13503,0.004787839483469725
9,770,13504,0.0011222311295568943
9,771,13505,0.0032284092158079147
9,772,13506,0.00479523791000247
9,773,13507,0.008924256078898907
9,774,13508,0.007645728997886181
9,775,13509,0.0034765664022415876
9,776,13510,0.0016840375028550625
9,777,13511,0.0016884088981896639
9,778,13512,0.0013303564628586173
9,779,13513,0.03154357895255089
9,780,13514,0.0038234805688261986
9,781,13515,0.0025866674259305
9,782,13516,0.008532666601240635
9,783,13517,0.0019717782270163298
9,784,13518,0.02369101345539093
9,785,13519,0.0015313809271901846
9,786,13520,0.0023996983654797077
9,787,13521,0.013963119126856327
9,788,13522,0.006173011381179094
9,789,13523,0.009120609611272812
9,790,13524,0.00154597288928926
9,791,13525,0.0027066811453551054
9,792,13526,0.012688766233623028
9,793,13527,0.035408154129981995
9,794,13528,0.0011788149131461978
9,795,13529,0.03047899343073368
9,796,13530,0.00975040439516306
9,797,13531,0.007283031940460205
9,798,13532,0.01115514151751995
9,799,13533,0.001616140129044652
9,800,13534,0.0021921969018876553
9,801,13535,0.016233090311288834
9,802,13536,0.003162205684930086
9,803,13537,0.020476914942264557
9,804,13538,0.0007901306380517781
9,805,13539,0.0007020683842711151
9,806,13540,0.0014107275055721402
9,807,13541,0.0010158373042941093
9,808,13542,0.0018767343135550618
9,809,13543,0.00038209109334275126
9,810,13544,0.0035653887316584587
9,811,13545,0.00023247901117429137
9,812,13546,0.029215659946203232
9,813,13547,0.0007986161508597434
9,814,13548,0.000653924304060638
9,815,13549,0.0005024347337894142
9,816,13550,0.0004974536714144051
9,817,13551,0.0008007907890714705
9,818,13552,0.005345434416085482
9,819,13553,0.0010200830874964595
9,820,13554,0.00471573555842042
9,821,13555,0.025481803342700005
9,822,13556,0.0014716791920363903
9,823,13557,0.0008464370621368289
9,824,13558,0.044108226895332336
9,825,13559,0.005189912859350443
9,826,13560,0.0018668356351554394
9,827,13561,0.0025264755822718143
9,828,13562,0.0024312122259289026
9,829,13563,0.0074344053864479065
9,830,13564,0.000718677241820842
9,831,13565,0.0009583494393154979
9,832,13566,0.001324538723565638
9,833,13567,0.0011701226467266679
9,834,13568,0.0016687371535226703
9,835,13569,0.0009083605837076902
9,836,13570,0.029782546684145927
9,837,13571,0.006562131457030773
9,838,13572,0.0037568097468465567
9,839,13573,0.001787654124200344
9,840,13574,0.008616556413471699
9,841,13575,0.0027054673992097378
9,842,13576,0.0008889248128980398
9,843,13577,0.0046310145407915115
9,844,13578,0.003192892065271735
9,845,13579,0.00503980927169323
9,846,13580,0.00111347995698452
9,847,13581,0.0017436313210055232
9,848,13582,0.002312083262950182
9,849,13583,0.014827247709035873
9,850,13584,0.008424954488873482
9,851,13585,0.014395597390830517
9,852,13586,0.04772421345114708
9,853,13587,0.0010593925835564733
9,854,13588,0.023334376513957977
9,855,13589,0.0021652246359735727
9,856,13590,0.0009734829654917121
9,857,13591,0.001219513243995607
9,858,13592,0.022349931299686432
9,859,13593,0.0005418166983872652
9,860,13594,0.003865118371322751
9,861,13595,0.018538715317845345
9,862,13596,0.000784604053478688
9,863,13597,0.011512085795402527
9,864,13598,0.0006995267467573285
9,865,13599,0.0006831859354861081
9,866,13600,0.0016966786934062839
9,867,13601,0.0012149973772466183
9,868,13602,0.007240554317831993
9,869,13603,0.008324858732521534
9,870,13604,0.010218792594969273
9,871,13605,0.004767495673149824
9,872,13606,0.0009830336784943938
9,873,13607,0.0056978389620780945
9,874,13608,0.0026397285982966423
9,875,13609,0.01191110908985138
9,876,13610,0.036236464977264404
9,877,13611,0.07988405227661133
9,878,13612,0.0016568426508456469
9,879,13613,0.0005182551103644073
9,880,13614,0.0009214856545440853
9,881,13615,0.006115342490375042
9,882,13616,0.0010839629685506225
9,883,13617,0.0015950915403664112
9,884,13618,0.0008069578907452524
9,885,13619,0.0019571580924093723
9,886,13620,0.0016422155313193798
9,887,13621,0.0011110964696854353
9,888,13622,0.01644957810640335
9,889,13623,0.011722526513040066
9,890,13624,0.04879123345017433
9,891,13625,0.03248399868607521
9,892,13626,0.001779940095730126
9,893,13627,0.0031140795908868313
9,894,13628,0.008316313847899437
9,895,13629,0.002722615608945489
9,896,13630,0.06677579134702682
9,897,13631,0.060962073504924774
9,898,13632,0.0018649863777682185
9,899,13633,0.0007704616291448474
9,900,13634,0.0007760250591672957
9,901,13635,0.03443868085741997
9,902,13636,0.006534025073051453
9,903,13637,0.0136195607483387
9,904,13638,0.0009997610468417406
9,905,13639,0.002385952742770314
9,906,13640,0.03839537873864174
9,907,13641,0.05063339322805405
9,908,13642,0.021707365289330482
9,909,13643,0.00045686960220336914
9,910,13644,0.03332805633544922
9,911,13645,0.005326004698872566
9,912,13646,0.0012639480410143733
9,913,13647,0.04580008611083031
9,914,13648,0.04014498367905617
9,915,13649,0.03584848716855049
9,916,13650,0.010355393402278423
9,917,13651,0.02854803018271923
9,918,13652,0.01019003801047802
9,919,13653,0.027358997613191605
9,920,13654,0.005355451721698046
9,921,13655,0.03013348951935768
9,922,13656,0.07133829593658447
9,923,13657,0.08139270544052124
9,924,13658,0.016552554443478584
9,925,13659,0.0023355272132903337
9,926,13660,0.007278436794877052
9,927,13661,0.0007178164087235928
9,928,13662,0.03468763083219528
9,929,13663,0.08173899352550507
9,930,13664,0.012367219664156437
9,931,13665,0.07126997411251068
9,932,13666,0.005001095123589039
9,933,13667,0.09713364392518997
9,934,13668,0.001440407708287239
9,935,13669,0.07252868264913559
9,936,13670,0.0016644223360344768
9,937,13671,0.0028094027657061815
9,938,13672,0.004095900803804398
9,939,13673,0.048511624336242676
9,940,13674,0.030223745852708817
9,941,13675,0.0033798187505453825
9,942,13676,0.004129217006266117
9,943,13677,0.051393862813711166
9,944,13678,0.06649144738912582
9,945,13679,0.013483471237123013
9,946,13680,0.009629796259105206
9,947,13681,0.008228441700339317
9,948,13682,0.031696949154138565
9,949,13683,0.017799267545342445
9,950,13684,0.024603700265288353
9,951,13685,0.0076009114272892475
9,952,13686,0.010496186092495918
9,953,13687,0.022773748263716698
9,954,13688,0.029075924307107925
9,955,13689,0.006564246956259012
9,956,13690,0.023897556588053703
9,957,13691,0.013615647330880165
9,958,13692,0.060751475393772125
9,959,13693,0.0038572244811803102
9,960,13694,0.004280966240912676
9,961,13695,0.011020610108971596
9,962,13696,0.1353718489408493
9,963,13697,0.0019497034372761846
9,964,13698,0.0011273316340520978
9,965,13699,0.002902023494243622
9,966,13700,0.0037625711411237717
9,967,13701,0.03675317019224167
9,968,13702,0.004578453954309225
9,969,13703,0.010210126638412476
9,970,13704,0.016008086502552032
9,971,13705,0.005320545751601458
9,972,13706,0.0027893339283764362
9,973,13707,0.02063797041773796
9,974,13708,0.0016293192747980356
9,975,13709,0.0013534892350435257
9,976,13710,0.0033633410930633545
9,977,13711,0.030800798907876015
9,978,13712,0.010832252912223339
9,979,13713,0.0016980149084702134
9,980,13714,0.018863631412386894
9,981,13715,0.03037593513727188
9,982,13716,0.004038817249238491
9,983,13717,0.002724159974604845
9,984,13718,0.09360821545124054
9,985,13719,0.006956351920962334
9,986,13720,0.03293270617723465
9,987,13721,0.01126867439597845
9,988,13722,0.022705569863319397
9,989,13723,0.0037230888847261667
9,990,13724,0.004017298575490713
9,991,13725,0.002252858364954591
9,992,13726,0.005980032496154308
9,993,13727,0.004571711644530296
9,994,13728,0.014223936013877392
9,995,13729,0.002068842528387904
9,996,13730,0.0229356586933136
9,997,13731,0.00535027589648962
9,998,13732,0.0038740402087569237
9,999,13733,0.008195983245968819
9,1000,13734,0.00240584509447217
9,1001,13735,0.004977044649422169
9,1002,13736,0.0022737912368029356
9,1003,13737,0.0060299476608633995
9,1004,13738,0.04730033874511719
9,1005,13739,0.0032963515259325504
9,1006,13740,0.018163379281759262
9,1007,13741,0.006458428222686052
9,1008,13742,0.009369597770273685
9,1009,13743,0.0012939334847033024
9,1010,13744,0.01620722934603691
9,1011,13745,0.001489926828071475
9,1012,13746,0.0025273996870964766
9,1013,13747,0.005779340397566557
9,1014,13748,0.0023413500748574734
9,1015,13749,0.0040316153317689896
9,1016,13750,0.016112763434648514
9,1017,13751,0.0011321466881781816
9,1018,13752,0.038068681955337524
9,1019,13753,0.003108320524916053
9,1020,13754,0.0009965285426005721
9,1021,13755,0.005437565501779318
9,1022,13756,0.016222985461354256
9,1023,13757,0.0025433653499931097
9,1024,13758,0.0013144826516509056
9,1025,13759,0.0007321590092033148
9,1026,13760,0.0011748888064175844
9,1027,13761,0.0013180935056880116
9,1028,13762,0.001687627169303596
9,1029,13763,0.018991446122527122
9,1030,13764,0.0278767179697752
9,1031,13765,0.0017918511293828487
9,1032,13766,0.004307284485548735
9,1033,13767,0.0052812229841947556
9,1034,13768,0.006335312966257334
9,1035,13769,0.029554923996329308
9,1036,13770,0.001046764780767262
9,1037,13771,0.0031269071623682976
9,1038,13772,0.007602972444146872
9,1039,13773,0.06022130325436592
9,1040,13774,0.004237552639096975
9,1041,13775,0.005479422863572836
9,1042,13776,0.002931619295850396
9,1043,13777,0.001520389225333929
9,1044,13778,0.02800707146525383
9,1045,13779,0.00572714488953352
9,1046,13780,0.0015237154439091682
9,1047,13781,0.043766193091869354
9,1048,13782,0.018671808764338493
9,1049,13783,0.0005990412901155651
9,1050,13784,0.029307706281542778
9,1051,13785,0.0017972408095374703
9,1052,13786,0.0004303501918911934
9,1053,13787,0.005371814593672752
9,1054,13788,0.004180110991001129
9,1055,13789,0.01636452041566372
9,1056,13790,0.0010830342071130872
9,1057,13791,0.04634302854537964
9,1058,13792,0.0009994659340009093
9,1059,13793,0.005579293239861727
9,1060,13794,0.0015972141409292817
9,1061,13795,0.005537610035389662
9,1062,13796,0.0011006646091118455
9,1063,13797,0.032300569117069244
9,1064,13798,0.024759257212281227
9,1065,13799,0.05671881139278412
9,1066,13800,0.008386136032640934
9,1067,13801,0.012599986046552658
9,1068,13802,0.0033137330319732428
9,1069,13803,0.0023817357141524553
9,1070,13804,0.00486342515796423
9,1071,13805,0.003360958071425557
9,1072,13806,0.047437507659196854
9,1073,13807,0.0028705825097858906
9,1074,13808,0.0007604249403811991
9,1075,13809,0.014714009128510952
9,1076,13810,0.0011677495203912258
9,1077,13811,0.018340973183512688
9,1078,13812,0.0004935732576996088
9,1079,13813,0.0018592579290270805
9,1080,13814,0.026082094758749008
9,1081,13815,0.0009993658168241382
9,1082,13816,0.0009813524084165692
9,1083,13817,0.006386352702975273
9,1084,13818,0.005306688137352467
9,1085,13819,0.0009548791567794979
9,1086,13820,0.006804147269576788
9,1087,13821,0.0032286213245242834
9,1088,13822,0.0022685080766677856
9,1089,13823,0.0013145813718438148
9,1090,13824,0.0007105942349880934
9,1091,13825,0.001998303923755884
9,1092,13826,0.0034639951772987843
9,1093,13827,0.006469555199146271
9,1094,13828,0.005656850524246693
9,1095,13829,0.008482081815600395
9,1096,13830,0.0015305259730666876
9,1097,13831,0.002262536669149995
9,1098,13832,0.003642569063231349
9,1099,13833,0.01688496768474579
9,1100,13834,0.006641305051743984
9,1101,13835,0.02776399627327919
9,1102,13836,0.0017598718404769897
9,1103,13837,0.0010326970368623734
9,1104,13838,0.0004581912071444094
9,1105,13839,0.023719681426882744
9,1106,13840,0.0010670138290151954
9,1107,13841,0.003709335345774889
9,1108,13842,0.0008336494793184102
9,1109,13843,0.002281238092109561
9,1110,13844,0.0368187241256237
9,1111,13845,0.007544306572526693
9,1112,13846,0.010979602113366127
9,1113,13847,0.0013236694503575563
9,1114,13848,0.01706952042877674
9,1115,13849,0.004857287742197514
9,1116,13850,0.002656366443261504
9,1117,13851,0.0009155197185464203
9,1118,13852,0.0010014851577579975
9,1119,13853,0.0019173010950908065
9,1120,13854,0.016710761934518814
9,1121,13855,0.0005112594808451831
9,1122,13856,0.020322054624557495
9,1123,13857,0.034337472170591354
9,1124,13858,0.0004030772834084928
9,1125,13859,0.003047110280022025
9,1126,13860,0.0010888190008699894
9,1127,13861,0.002165471436455846
9,1128,13862,0.008061514236032963
9,1129,13863,0.015584719367325306
9,1130,13864,0.0020316485315561295
9,1131,13865,0.0021171029657125473
9,1132,13866,0.00236724317073822
9,1133,13867,0.0010536612244322896
9,1134,13868,0.0002602817548904568
9,1135,13869,0.00517320865765214
9,1136,13870,0.055664319545030594
9,1137,13871,0.04138987511396408
9,1138,13872,0.11102961748838425
9,1139,13873,0.001779294922016561
9,1140,13874,0.01020553894340992
9,1141,13875,0.005220020655542612
9,1142,13876,0.0667397752404213
9,1143,13877,0.012851347215473652
9,1144,13878,0.0005260593607090414
9,1145,13879,0.029833832755684853
9,1146,13880,0.0030467354226857424
9,1147,13881,0.11257193982601166
9,1148,13882,0.017103323712944984
9,1149,13883,0.007331592496484518
9,1150,13884,0.001791373360902071
9,1151,13885,0.07974705100059509
9,1152,13886,0.005228392779827118
9,1153,13887,0.025551609694957733
9,1154,13888,0.005934968590736389
9,1155,13889,0.0026988263707607985
9,1156,13890,0.002503165975213051
9,1157,13891,0.0018710293807089329
9,1158,13892,0.0026793056167662144
9,1159,13893,0.004405563697218895
9,1160,13894,0.0019389416556805372
9,1161,13895,0.01848587393760681
9,1162,13896,0.017572401091456413
9,1163,13897,0.0014029900776222348
9,1164,13898,0.0035383969079703093
9,1165,13899,0.004198931157588959
9,1166,13900,0.004111019894480705
9,1167,13901,0.001447297283448279
9,1168,13902,0.005211556795984507
9,1169,13903,0.013391934335231781
9,1170,13904,0.0021633105352520943
9,1171,13905,0.0012708987342193723
9,1172,13906,0.005027315579354763
9,1173,13907,0.003884213278070092
9,1174,13908,0.001341501367278397
9,1175,13909,0.0008764973608776927
9,1176,13910,0.005600333213806152
9,1177,13911,0.0007200666586868465
9,1178,13912,0.0007180183893069625
9,1179,13913,0.04846731945872307
9,1180,13914,0.0033081253059208393
9,1181,13915,0.04310524836182594
9,1182,13916,0.0012412290088832378
9,1183,13917,0.0009830421768128872
9,1184,13918,0.15351602435112
9,1185,13919,0.0007386356592178345
9,1186,13920,0.08044254779815674
9,1187,13921,0.0005648707738146186
9,1188,13922,0.0022902367636561394
9,1189,13923,0.0034072808921337128
9,1190,13924,0.01565747708082199
9,1191,13925,0.0005235130665823817
9,1192,13926,0.0030934768728911877
9,1193,13927,0.024847323074936867
9,1194,13928,0.012393461540341377
9,1195,13929,0.07845265418291092
9,1196,13930,0.0016148182330653071
9,1197,13931,0.021803617477416992
9,1198,13932,0.002804098417982459
9,1199,13933,0.0011418384965509176
9,1200,13934,0.0526946559548378
9,1201,13935,0.001906828605569899
9,1202,13936,0.003806458553299308
9,1203,13937,0.014792190864682198
9,1204,13938,0.01414402760565281
9,1205,13939,0.012587525881826878
9,1206,13940,0.006241870578378439
9,1207,13941,0.0009406138560734689
9,1208,13942,0.006402758881449699
9,1209,13943,0.0011042346013709903
9,1210,13944,0.006141065154224634
9,1211,13945,0.00339029124006629
9,1212,13946,0.01070400234311819
9,1213,13947,0.0035834312438964844
9,1214,13948,0.003777652746066451
9,1215,13949,0.02778831124305725
9,1216,13950,0.07379315793514252
9,1217,13951,0.006474892143160105
9,1218,13952,0.0017736577428877354
9,1219,13953,0.003273672889918089
9,1220,13954,0.01599992625415325
9,1221,13955,0.001149405143223703
9,1222,13956,0.002110607223585248
9,1223,13957,0.0006106806686148047
9,1224,13958,0.0009422809816896915
9,1225,13959,0.003118654014542699
9,1226,13960,0.006346125155687332
9,1227,13961,0.017337530851364136
9,1228,13962,0.01980162225663662
9,1229,13963,0.01878911815583706
9,1230,13964,0.001748470589518547
9,1231,13965,0.002380185527727008
9,1232,13966,0.0010483692167326808
9,1233,13967,0.0022445234935730696
9,1234,13968,0.003330112434923649
9,1235,13969,0.016422508284449577
9,1236,13970,0.0007732231169939041
9,1237,13971,0.0005799640202894807
9,1238,13972,0.0014626339543610811
9,1239,13973,0.016869738698005676
9,1240,13974,0.0024681619834154844
9,1241,13975,0.013986391946673393
9,1242,13976,0.0008021995308808982
9,1243,13977,0.02152206189930439
9,1244,13978,0.004730572924017906
9,1245,13979,0.0012971104588359594
9,1246,13980,0.005909459665417671
9,1247,13981,0.0011714363936334848
9,1248,13982,0.0010366447968408465
9,1249,13983,0.0009376516100019217
9,1250,13984,0.0007178890518844128
9,1251,13985,0.0011007634457200766
9,1252,13986,0.0020244685001671314
9,1253,13987,0.006574599072337151
9,1254,13988,0.0019445973448455334
9,1255,13989,0.01621255651116371
9,1256,13990,0.0008917517261579633
9,1257,13991,0.0015515499981120229
9,1258,13992,0.002040999475866556
9,1259,13993,0.006463394500315189
9,1260,13994,0.0012620743364095688
9,1261,13995,0.04059680923819542
9,1262,13996,0.020761894062161446
9,1263,13997,0.022821340709924698
9,1264,13998,0.012033164501190186
9,1265,13999,0.006615967024117708
9,1266,14000,0.11980300396680832
9,1267,14001,0.004789458122104406
9,1268,14002,0.0008654147386550903
9,1269,14003,0.008313685655593872
9,1270,14004,0.0008963022264651954
9,1271,14005,0.00622502202168107
9,1272,14006,0.004354740027338266
9,1273,14007,0.0005706627271138132
9,1274,14008,0.049980632960796356
9,1275,14009,0.012079057283699512
9,1276,14010,0.0464310422539711
9,1277,14011,0.0013536846963688731
9,1278,14012,0.0027473552618175745
9,1279,14013,0.01046230923384428
9,1280,14014,0.02120344713330269
9,1281,14015,0.0012336920481175184
9,1282,14016,0.001728213974274695
9,1283,14017,0.013864628970623016
9,1284,14018,0.007368337828665972
9,1285,14019,0.08357276767492294
9,1286,14020,0.0028044208884239197
9,1287,14021,0.004991008434444666
9,1288,14022,0.001468502334319055
9,1289,14023,0.0006695209885947406
9,1290,14024,0.0017367887776345015
9,1291,14025,0.0028315994422882795
9,1292,14026,0.0007657562964595854
9,1293,14027,0.050932396203279495
9,1294,14028,0.002978550037369132
9,1295,14029,0.006992196664214134
9,1296,14030,0.000897614227142185
9,1297,14031,0.009739312343299389
9,1298,14032,0.0014158767880871892
9,1299,14033,0.0015412636566907167
9,1300,14034,0.0008561585564166307
9,1301,14035,0.04912983626127243
9,1302,14036,0.015005159191787243
9,1303,14037,0.005560519639402628
9,1304,14038,0.004914218094199896
9,1305,14039,0.0013161135138943791
9,1306,14040,0.0009502664906904101
9,1307,14041,0.0007998031796887517
9,1308,14042,0.006612771190702915
9,1309,14043,0.04267370328307152
9,1310,14044,0.017927730455994606
9,1311,14045,0.0488978736102581
9,1312,14046,0.0009522007894702256
9,1313,14047,0.000862264831084758
9,1314,14048,0.0618157796561718
9,1315,14049,0.01264319010078907
9,1316,14050,0.0024620764888823032
9,1317,14051,0.07804884761571884
9,1318,14052,0.004777915310114622
9,1319,14053,0.059748612344264984
9,1320,14054,0.010246515274047852
9,1321,14055,0.004017757251858711
9,1322,14056,0.007573933340609074
9,1323,14057,0.0008429574081674218
9,1324,14058,0.014864460565149784
9,1325,14059,0.0009295078925788403
9,1326,14060,0.007216448895633221
9,1327,14061,0.0013164522824808955
9,1328,14062,0.0482027605175972
9,1329,14063,0.016054904088377953
9,1330,14064,0.07668913155794144
9,1331,14065,0.004383431747555733
9,1332,14066,0.03190035745501518
9,1333,14067,0.005975569598376751
9,1334,14068,0.026608092710375786
9,1335,14069,0.006117593962699175
9,1336,14070,0.0017727601807564497
9,1337,14071,0.028271986171603203
9,1338,14072,0.006194357760250568
9,1339,14073,0.025602728128433228
9,1340,14074,0.026329418644309044
9,1341,14075,0.0025794038083404303
9,1342,14076,0.0013583492254838347
9,1343,14077,0.0018462719162926078
9,1344,14078,0.11956610530614853
9,1345,14079,0.02263658493757248
9,1346,14080,0.0020977663807570934
9,1347,14081,0.0022476431913673878
9,1348,14082,0.00415246794000268
9,1349,14083,0.01656121388077736
9,1350,14084,0.11993196606636047
9,1351,14085,0.0033555859699845314
9,1352,14086,0.0036291806027293205
9,1353,14087,0.13012591004371643
9,1354,14088,0.034863896667957306
9,1355,14089,0.004558691289275885
9,1356,14090,0.005043177865445614
9,1357,14091,0.0024847674649208784
9,1358,14092,0.005611723754554987
9,1359,14093,0.0026036857161670923
9,1360,14094,0.011387844569981098
9,1361,14095,0.005211189389228821
9,1362,14096,0.01764564774930477
9,1363,14097,0.00508453231304884
9,1364,14098,0.002062274143099785
9,1365,14099,0.0005535429809242487
9,1366,14100,0.000745693570934236
9,1367,14101,0.002005254151299596
9,1368,14102,0.04174829646945
9,1369,14103,0.005162745714187622
9,1370,14104,0.010814261622726917
9,1371,14105,0.055837273597717285
9,1372,14106,0.0031604303512722254
9,1373,14107,0.000939580611884594
9,1374,14108,0.0014582996955141425
9,1375,14109,0.007733192760497332
9,1376,14110,0.04613092169165611
9,1377,14111,0.003222284372895956
9,1378,14112,0.00931150559335947
9,1379,14113,0.0009170863777399063
9,1380,14114,0.030151814222335815
9,1381,14115,0.0025774743407964706
9,1382,14116,0.00880445260554552
9,1383,14117,0.07327276468276978
9,1384,14118,0.010511647909879684
9,1385,14119,0.14508230984210968
9,1386,14120,0.0018078109715133905
9,1387,14121,0.052861474454402924
9,1388,14122,0.0012347432784736156
9,1389,14123,0.003907667472958565
9,1390,14124,0.00497632147744298
9,1391,14125,0.0019971283618360758
9,1392,14126,0.001228915061801672
9,1393,14127,0.047538891434669495
9,1394,14128,0.0043301768600940704
9,1395,14129,0.005430430173873901
9,1396,14130,0.0040545086376369
9,1397,14131,0.008277240209281445
9,1398,14132,0.02989811636507511
9,1399,14133,0.01796804368495941
9,1400,14134,0.0017880434170365334
9,1401,14135,0.01435999758541584
9,1402,14136,0.01373597327619791
9,1403,14137,0.011006423272192478
9,1404,14138,0.0012871583458036184
9,1405,14139,0.0013713372172787786
9,1406,14140,0.00259231124073267
9,1407,14141,0.004203330259770155
9,1408,14142,0.004467092454433441
9,1409,14143,0.0010452551068738103
9,1410,14144,0.0008488137973472476
9,1411,14145,0.0025832343380898237
9,1412,14146,0.002341307932510972
9,1413,14147,0.012244567275047302
9,1414,14148,0.002511780010536313
9,1415,14149,0.0028813572134822607
10,1,14150,0.0025924427900463343
10,2,14151,0.003763431217521429
10,3,14152,0.003917590249329805
10,4,14153,0.015277388505637646
10,5,14154,0.001029284787364304
10,6,14155,0.03863803669810295
10,7,14156,0.0015626668464392424
10,8,14157,0.001798515091650188
10,9,14158,0.005567447282373905
10,10,14159,0.08377457410097122
10,11,14160,0.0013854787684977055
10,12,14161,0.0026359432376921177
10,13,14162,0.0011577768018469214
10,14,14163,0.003020333359017968
10,15,14164,0.0047741299495100975
10,16,14165,0.0006671800510957837
10,17,14166,0.0018477075500413775
10,18,14167,0.0007111671147868037
10,19,14168,0.005093451589345932
10,20,14169,0.0016994541510939598
10,21,14170,0.0021130554378032684
10,22,14171,0.0025956875178962946
10,23,14172,0.0017940556863322854
10,24,14173,0.002756609348580241
10,25,14174,0.001058856025338173
10,26,14175,0.004353048279881477
10,27,14176,0.0004964906838722527
10,28,14177,0.0013987707206979394
10,29,14178,0.0014093773206695914
10,30,14179,0.0029960668180137873
10,31,14180,0.0009629690321162343
10,32,14181,0.01300363801419735
10,33,14182,0.0012645031092688441
10,34,14183,0.0257016159594059
10,35,14184,0.049106720834970474
10,36,14185,0.004448649939149618
10,37,14186,0.00074653176125139
10,38,14187,0.009174597449600697
10,39,14188,0.001412424724549055
10,40,14189,0.0022168413270264864
10,41,14190,0.0010104571701958776
10,42,14191,0.002412236062809825
10,43,14192,0.015547259710729122
10,44,14193,0.010429413057863712
10,45,14194,0.0020151440985500813
10,46,14195,0.0031150595750659704
10,47,14196,0.0008376945042982697
10,48,14197,0.001924943644553423
10,49,14198,0.001479386119171977
10,50,14199,0.0025521540082991123
10,51,14200,0.0009523855987936258
10,52,14201,0.0005509020993486047
10,53,14202,0.0010171511676162481
10,54,14203,0.0019517972832545638
10,55,14204,0.01658874750137329
10,56,14205,0.013309556059539318
10,57,14206,0.008027392439544201
10,58,14207,0.0006569091929122806
10,59,14208,0.0026937888469547033
10,60,14209,0.0017953215865418315
10,61,14210,0.0007421539048664272
10,62,14211,0.00048423855332657695
10,63,14212,0.0034453701227903366
10,64,14213,0.002040347084403038
10,65,14214,0.0024285658728331327
10,66,14215,0.0021562594920396805
10,67,14216,0.0006055822595953941
10,68,14217,0.0030725349206477404
10,69,14218,0.0050805192440748215
10,70,14219,0.002191130770370364
10,71,14220,0.06863430887460709
10,72,14221,0.0008083400316536427
10,73,14222,0.0011841716477647424
10,74,14223,0.0018791002221405506
10,75,14224,0.0006901883170939982
10,76,14225,0.0004354702541604638
10,77,14226,0.0013101650401949883
10,78,14227,0.02909342385828495
10,79,14228,0.0015237410552799702
10,80,14229,0.0021384989377111197
10,81,14230,0.006311584264039993
10,82,14231,0.020559202879667282
10,83,14232,0.0006158489850349724
10,84,14233,0.026655904948711395
10,85,14234,0.0005707920645363629
10,86,14235,0.006479336880147457
10,87,14236,0.0009220491629093885
10,88,14237,0.002000304637476802
10,89,14238,0.004519820678979158
10,90,14239,0.01311489287763834
10,91,14240,0.000768345023971051
10,92,14241,0.011122225783765316
10,93,14242,0.006897923070937395
10,94,14243,0.001831012312322855
10,95,14244,0.0036329657305032015
10,96,14245,0.0010908637195825577
10,97,14246,0.027728557586669922
10,98,14247,0.00746216531842947
10,99,14248,0.007686983328312635
10,100,14249,0.0007436918676830828
10,101,14250,0.004479854833334684
10,102,14251,0.0006556717562489212
10,103,14252,0.001176943420432508
10,104,14253,0.026562537997961044
10,105,14254,0.011788317002356052
10,106,14255,0.0004156468203291297
10,107,14256,0.0004651904455386102
10,108,14257,0.000893454416655004
10,109,14258,0.013653947971761227
10,110,14259,0.0010012798011302948
10,111,14260,0.009867637418210506
10,112,14261,0.0016339793801307678
10,113,14262,0.0010975508484989405
10,114,14263,0.0013491767458617687
10,115,14264,0.01375376246869564
10,116,14265,0.0005164730246178806
10,117,14266,0.05645619332790375
10,118,14267,0.0005533648072741926
10,119,14268,0.0018139563035219908
10,120,14269,0.01320626400411129
10,121,14270,0.03013087622821331
10,122,14271,0.0005840189987793565
10,123,14272,0.0019531724974513054
10,124,14273,0.002772820880636573
10,125,14274,0.0012017333647236228
10,126,14275,0.06411577016115189
10,127,14276,0.0011331280693411827
10,128,14277,0.0011444451520219445
10,129,14278,0.01643545739352703
10,130,14279,0.0015379778342321515
10,131,14280,0.024344634264707565
10,132,14281,0.004548756405711174
10,133,14282,0.004222603514790535
10,134,14283,0.004072368144989014
10,135,14284,0.0017689320957288146
10,136,14285,0.0011212264653295279
10,137,14286,0.0011799379717558622
10,138,14287,0.004908552393317223
10,139,14288,0.0015065341722220182
10,140,14289,0.0006962434854358435
10,141,14290,0.002376989694312215
10,142,14291,0.00735537800937891
10,143,14292,0.03871234133839607
10,144,14293,0.010839968919754028
10,145,14294,0.002081157173961401
10,146,14295,0.03618507832288742
10,147,14296,0.02702857367694378
10,148,14297,0.0281125009059906
10,149,14298,0.028294045478105545
10,150,14299,0.010237940587103367
10,151,14300,0.00516340509057045
10,152,14301,0.012228758074343204
10,153,14302,0.03890470415353775
10,154,14303,0.019923605024814606
10,155,14304,0.005348941311240196
10,156,14305,0.002067538443952799
10,157,14306,0.0011035503121092916
10,158,14307,0.0003210782306268811
10,159,14308,0.0011556497775018215
10,160,14309,0.01306699588894844
10,161,14310,0.0007561166421510279
10,162,14311,0.009240039624273777
10,163,14312,0.020974552258849144
10,164,14313,0.0014138410333544016
10,165,14314,0.0064669400453567505
10,166,14315,0.0009712495375424623
10,167,14316,0.0008168522617779672
10,168,14317,0.002102767350152135
10,169,14318,0.0025416517164558172
10,170,14319,0.0179065503180027
10,171,14320,0.015603810548782349
10,172,14321,0.023573441430926323
10,173,14322,0.004824094008654356
10,174,14323,0.0017781775677576661
10,175,14324,0.014356225728988647
10,176,14325,0.00873810239136219
10,177,14326,0.0034653577022254467
10,178,14327,0.0012731823371723294
10,179,14328,0.005054731387645006
10,180,14329,0.017616432160139084
10,181,14330,0.0015475546242669225
10,182,14331,0.010900365188717842
10,183,14332,0.0015779489185661077
10,184,14333,0.00876273587346077
10,185,14334,0.009971290826797485
10,186,14335,0.009274942800402641
10,187,14336,0.025343939661979675
10,188,14337,0.0011910517932847142
10,189,14338,0.003766093635931611
10,190,14339,0.0012921708403155208
10,191,14340,0.048464030027389526
10,192,14341,0.0009212612640112638
10,193,14342,0.00707274628803134
10,194,14343,0.0016180735547095537
10,195,14344,0.001708903699181974
10,196,14345,0.003522193990647793
10,197,14346,0.0009467237396165729
10,198,14347,0.0015271410811692476
10,199,14348,0.0008789249695837498
10,200,14349,0.015219581313431263
10,201,14350,0.03533424437046051
10,202,14351,0.0038395682349801064
10,203,14352,0.002419428899884224
10,204,14353,0.0026338824536651373
10,205,14354,0.030736548826098442
10,206,14355,0.03489822894334793
10,207,14356,0.0010305504547432065
10,208,14357,0.0010021281195804477
10,209,14358,0.0008040686952881515
10,210,14359,0.001256470801308751
10,211,14360,0.008445300161838531
10,212,14361,0.0029081902466714382
10,213,14362,0.0009896991541609168
10,214,14363,0.012280371971428394
10,215,14364,0.008251079358160496
10,216,14365,0.00773440720513463
10,217,14366,0.00787376519292593
10,218,14367,0.005386147182434797
10,219,14368,0.006683469284325838
10,220,14369,0.003424460766837001
10,221,14370,0.0030877315439283848
10,222,14371,0.001196649158373475
10,223,14372,0.004618927836418152
10,224,14373,0.003337583504617214
10,225,14374,0.0014250690583139658
10,226,14375,0.0012594336876645684
10,227,14376,0.0017168230842798948
10,228,14377,0.012549212202429771
10,229,14378,0.012096304446458817
10,230,14379,0.003312135813757777
10,231,14380,0.0008938891114667058
10,232,14381,0.000968627748079598
10,233,14382,0.0012417035177350044
10,234,14383,0.0035370104014873505
10,235,14384,0.001821043435484171
10,236,14385,0.000621396116912365
10,237,14386,0.00265945540741086
10,238,14387,0.011552068404853344
10,239,14388,0.006865338422358036
10,240,14389,0.0011076543014496565
10,241,14390,0.0015482016606256366
10,242,14391,0.001038111513480544
10,243,14392,0.001755773788318038
10,244,14393,0.0006475155241787434
10,245,14394,0.0018718632636591792
10,246,14395,0.0036774848122149706
10,247,14396,0.0011522056302055717
10,248,14397,0.0038691337686032057
10,249,14398,0.00051995983812958
10,250,14399,0.0029124803841114044
10,251,14400,0.000605538603849709
10,252,14401,0.0006291951285675168
10,253,14402,0.0025387105997651815
10,254,14403,0.0008727305103093386
10,255,14404,0.005975610110908747
10,256,14405,0.0005289301043376327
10,257,14406,0.0035700383596122265
10,258,14407,0.0004700225836131722
10,259,14408,0.0007242137799039483
10,260,14409,0.0013487744145095348
10,261,14410,0.0010020178742706776
10,262,14411,0.01565350592136383
10,263,14412,0.002835779683664441
10,264,14413,0.037508267909288406
10,265,14414,0.06885507702827454
10,266,14415,0.0006042927852831781
10,267,14416,0.0017981233540922403
10,268,14417,0.0008680770406499505
10,269,14418,0.0004087909765075892
10,270,14419,0.0009459044085815549
10,271,14420,0.0004771111998707056
10,272,14421,0.0009106388315558434
10,273,14422,0.00905078835785389
10,274,14423,0.0017359897028654814
10,275,14424,0.0007853429997339845
10,276,14425,0.00893337745219469
10,277,14426,0.005030263215303421
10,278,14427,0.001221848069690168
10,279,14428,0.0007847996312193573
10,280,14429,0.0006132598500698805
10,281,14430,0.021525613963603973
10,282,14431,0.0011922818375751376
10,283,14432,0.0011648855870589614
10,284,14433,0.002102962462231517
10,285,14434,0.0019248782191425562
10,286,14435,0.0011404489632695913
10,287,14436,0.0095424959436059
10,288,14437,0.002099760575219989
10,289,14438,0.006920498795807362
10,290,14439,0.002136537805199623
10,291,14440,0.06435628980398178
10,292,14441,0.0025601310189813375
10,293,14442,0.00897380243986845
10,294,14443,0.0004274329694453627
10,295,14444,0.0014059580862522125
10,296,14445,0.0009197156759910285
10,297,14446,0.0007218099781312048
10,298,14447,0.0013391170650720596
10,299,14448,0.006266241893172264
10,300,14449,0.00219600647687912
10,301,14450,0.0015816196100786328
10,302,14451,0.0009442656300961971
10,303,14452,0.0009679669165052474
10,304,14453,0.0007208267343230546
10,305,14454,0.00725743779912591
10,306,14455,0.009925064630806446
10,307,14456,0.024681752547621727
10,308,14457,0.014271560125052929
10,309,14458,0.000633490621112287
10,310,14459,0.0010201511904597282
10,311,14460,0.0005562505102716386
10,312,14461,0.0004513620806392282
10,313,14462,0.0023464083205908537
10,314,14463,0.0014579189009964466
10,315,14464,0.005470912903547287
10,316,14465,0.0005644073244184256
10,317,14466,0.020512308925390244
10,318,14467,0.000372720998711884
10,319,14468,0.0022104845847934484
10,320,14469,0.005571926012635231
10,321,14470,0.00128526845946908
10,322,14471,0.017822472378611565
10,323,14472,0.000935958931222558
10,324,14473,0.0033980878069996834
10,325,14474,0.0005204785848036408
10,326,14475,0.0005882034893147647
10,327,14476,0.0010628459276631474
10,328,14477,0.0024085151962935925
10,329,14478,0.0007023621583357453
10,330,14479,0.009642650373280048
10,331,14480,0.0009458062704652548
10,332,14481,0.0009249229333363473
10,333,14482,0.001310240477323532
10,334,14483,0.000524967210367322
10,335,14484,0.0018988685915246606
10,336,14485,0.0006964678759686649
10,337,14486,0.0010750095825642347
10,338,14487,0.0007435844163410366
10,339,14488,0.002151970285922289
10,340,14489,0.004221005830913782
10,341,14490,0.0008423328399658203
10,342,14491,0.015940066426992416
10,343,14492,0.001073711784556508
10,344,14493,0.012316878885030746
10,345,14494,0.0011526030721142888
10,346,14495,0.0004312322416808456
10,347,14496,0.0009947795188054442
10,348,14497,0.0009030299843288958
10,349,14498,0.00136736617423594
10,350,14499,0.019899724051356316
10,351,14500,0.0028015696443617344
10,352,14501,0.00168448849581182
10,353,14502,0.0008885423885658383
10,354,14503,0.0004017167375423014
10,355,14504,0.001117680105380714
10,356,14505,0.0005021675024181604
10,357,14506,0.0010336140403524041
10,358,14507,0.03203296288847923
10,359,14508,0.0024744702968746424
10,360,14509,0.005263964645564556
10,361,14510,0.007441356778144836
10,362,14511,0.001705024391412735
10,363,14512,0.0006324857822619379
10,364,14513,0.005532842595130205
10,365,14514,0.01885833591222763
10,366,14515,0.05004692077636719
10,367,14516,0.001483508269302547
10,368,14517,0.02521483600139618
10,369,14518,0.001330700470134616
10,370,14519,0.00040328025352209806
10,371,14520,0.0005098124966025352
10,372,14521,0.002542487345635891
10,373,14522,0.0013238925021141768
10,374,14523,0.04296262562274933
10,375,14524,0.0006784715224057436
10,376,14525,0.0004978228826075792
10,377,14526,0.0007498956983909011
10,378,14527,0.0007483630324713886
10,379,14528,0.00025579342036508024
10,380,14529,0.009375028312206268
10,381,14530,0.0007460733759216964
10,382,14531,0.0008995953248813748
10,383,14532,0.0020440025255084038
10,384,14533,0.0005408649449236691
10,385,14534,0.007279608864337206
10,386,14535,0.0009515804122202098
10,387,14536,0.0009592348360456526
10,388,14537,0.005186046939343214
10,389,14538,0.004051246214658022
10,390,14539,0.0009612227440811694
10,391,14540,0.0012014236999675632
10,392,14541,0.00099138543009758
10,393,14542,0.0008584308088757098
10,394,14543,0.0003144149959553033
10,395,14544,0.00015602166240569204
10,396,14545,0.005714677274227142
10,397,14546,0.001802462269552052
10,398,14547,0.0016663706628605723
10,399,14548,0.0019834707491099834
10,400,14549,0.025920551270246506
10,401,14550,0.007842738181352615
10,402,14551,0.00035870508872903883
10,403,14552,0.0018041805597022176
10,404,14553,0.0006969579262658954
10,405,14554,0.004927151836454868
10,406,14555,0.004017300438135862
10,407,14556,0.0008791133295744658
10,408,14557,0.0017481676768511534
10,409,14558,0.0002757679030764848
10,410,14559,0.0003306576982140541
10,411,14560,0.000604674278292805
10,412,14561,0.0005056043155491352
10,413,14562,0.0002601973246783018
10,414,14563,0.0010547369020059705
10,415,14564,0.003127881558611989
10,416,14565,0.0020303125493228436
10,417,14566,0.0026949418243020773
10,418,14567,0.018963288515806198
10,419,14568,0.000306873262161389
10,420,14569,0.008645329624414444
10,421,14570,0.005563637241721153
10,422,14571,0.0005794706521555781
10,423,14572,0.007784836459904909
10,424,14573,0.00040155084570869803
10,425,14574,0.01326424814760685
10,426,14575,0.002445788821205497
10,427,14576,0.00516784330829978
10,428,14577,0.002611064352095127
10,429,14578,0.0011743120849132538
10,430,14579,0.0005028772284276783
10,431,14580,0.0071836006827652454
10,432,14581,0.0005219749873504043
10,433,14582,0.007231013849377632
10,434,14583,0.00035254048998467624
10,435,14584,0.004231593571603298
10,436,14585,0.0005744195077568293
10,437,14586,0.0006638065678998828
10,438,14587,0.008809114806354046
10,439,14588,0.0004449983243830502
10,440,14589,0.00030199531465768814
10,441,14590,0.0007234541699290276
10,442,14591,0.0008295414736494422
10,443,14592,0.0006693233735859394
10,444,14593,0.00045898111420683563
10,445,14594,0.00035982366534881294
10,446,14595,0.0006265429547056556
10,447,14596,0.0027199923060834408
10,448,14597,0.0010009956313297153
10,449,14598,0.00021229266712907702
10,450,14599,0.0005722226924262941
10,451,14600,0.0008497525122947991
10,452,14601,0.03643977269530296
10,453,14602,0.010815372690558434
10,454,14603,0.01831556297838688
10,455,14604,0.00016447778034489602
10,456,14605,0.0030570595990866423
10,457,14606,0.016467874869704247
10,458,14607,0.00024002349528018385
10,459,14608,0.003402078291401267
10,460,14609,0.001168332644738257
10,461,14610,0.004001788329333067
10,462,14611,0.0006310655153356493
10,463,14612,0.007425176911056042
10,464,14613,0.0009658950730226934
10,465,14614,0.000791576923802495
10,466,14615,0.0039505925960838795
10,467,14616,0.0022670929320156574
10,468,14617,0.003131216624751687
10,469,14618,0.0025261270347982645
10,470,14619,0.001653502113185823
10,471,14620,0.014191884547472
10,472,14621,0.008620651438832283
10,473,14622,0.0008970709168352187
10,474,14623,0.0004786424105986953
10,475,14624,0.009046143852174282
10,476,14625,0.00046447067870758474
10,477,14626,0.004726327955722809
10,478,14627,0.004382849205285311
10,479,14628,0.0033499193377792835
10,480,14629,0.0008216663845814764
10,481,14630,0.02612372674047947
10,482,14631,0.0031570044811815023
10,483,14632,0.0005959559930488467
10,484,14633,0.0018027578480541706
10,485,14634,0.0009080544696189463
10,486,14635,0.0008575542597100139
10,487,14636,0.0009581139893271029
10,488,14637,0.010878989472985268
10,489,14638,0.0004967511631548405
10,490,14639,0.0060157496482133865
10,491,14640,0.0008549189660698175
10,492,14641,0.0200614295899868
10,493,14642,0.0008418543729931116
10,494,14643,0.0012490113731473684
10,495,14644,0.006010116543620825
10,496,14645,0.0006130057736299932
10,497,14646,0.001781976199708879
10,498,14647,0.035200539976358414
10,499,14648,0.0006402356084436178
10,500,14649,0.000358567078365013
10,501,14650,0.0007388673257082701
10,502,14651,0.0016552904853597283
10,503,14652,0.0005046665319241583
10,504,14653,0.03921821340918541
10,505,14654,0.01704610139131546
10,506,14655,0.0010937188053503633
10,507,14656,0.0034376124385744333
10,508,14657,0.0007152844336815178
10,509,14658,0.0023535483051091433
10,510,14659,0.0022304863668978214
10,511,14660,0.0014154409291222692
10,512,14661,0.0011859374353662133
10,513,14662,0.008703704923391342
10,514,14663,0.0025425960775464773
10,515,14664,0.0019459484610706568
10,516,14665,0.014085160568356514
10,517,14666,0.0011427057906985283
10,518,14667,0.01361300889402628
10,519,14668,0.000618292426224798
10,520,14669,0.0002519957779441029
10,521,14670,0.00037931371480226517
10,522,14671,0.00035086384741589427
10,523,14672,0.0006119640311226249
10,524,14673,0.02578475885093212
10,525,14674,0.0007213802891783416
10,526,14675,0.00044500926742330194
10,527,14676,0.004298835527151823
10,528,14677,0.0009466754854656756
10,529,14678,0.021708296611905098
10,530,14679,0.0006789796752855182
10,531,14680,0.01903916522860527
10,532,14681,0.0003836121177300811
10,533,14682,0.0025420489255338907
10,534,14683,0.000842795183416456
10,535,14684,0.00141525745857507
10,536,14685,0.00815538503229618
10,537,14686,0.005530761554837227
10,538,14687,0.0032161795534193516
10,539,14688,0.0006711236201226711
10,540,14689,0.00921561848372221
10,541,14690,0.01715404912829399
10,542,14691,0.0070410845801234245
10,543,14692,0.028171539306640625
10,544,14693,0.007653932087123394
10,545,14694,0.01245847623795271
10,546,14695,0.0045305462554097176
10,547,14696,0.0007034359150566161
10,548,14697,0.0004845329385716468
10,549,14698,0.0011180483270436525
10,550,14699,0.0020814526360481977
10,551,14700,0.0034819624852389097
10,552,14701,0.02213357575237751
10,553,14702,0.006095742341130972
10,554,14703,0.00048209569649770856
10,555,14704,0.0050242128781974316
10,556,14705,0.001968735596165061
10,557,14706,0.0010975971817970276
10,558,14707,0.0006745446589775383
10,559,14708,0.004181754309684038
10,560,14709,0.045573245733976364
10,561,14710,0.0011961676646023989
10,562,14711,0.0005455925711430609
10,563,14712,0.0018583175260573626
10,564,14713,0.004722204525023699
10,565,14714,0.014434568583965302
10,566,14715,0.01756324991583824
10,567,14716,0.009135204367339611
10,568,14717,0.02985667623579502
10,569,14718,0.0011521036503836513
10,570,14719,0.002219483954831958
10,571,14720,0.0005005768034607172
10,572,14721,0.000527990807313472
10,573,14722,0.0008226428180932999
10,574,14723,0.00792897492647171
10,575,14724,0.002509803045541048
10,576,14725,0.0016481425845995545
10,577,14726,0.0020813210867345333
10,578,14727,0.0009056421695277095
10,579,14728,0.0006814448279328644
10,580,14729,0.005105849355459213
10,581,14730,0.0021825036965310574
10,582,14731,0.0005617886781692505
10,583,14732,0.000958870688918978
10,584,14733,0.013861292973160744
10,585,14734,0.0020275062415748835
10,586,14735,0.0004892635042779148
10,587,14736,0.0036342537496238947
10,588,14737,0.0022793912794440985
10,589,14738,0.0024161608889698982
10,590,14739,0.0006612245342694223
10,591,14740,0.021412977948784828
10,592,14741,0.0013145116390660405
10,593,14742,0.0007708494667895138
10,594,14743,0.0005776450852863491
10,595,14744,0.0006420884747058153
10,596,14745,0.0020794339943677187
10,597,14746,0.006345778703689575
10,598,14747,0.0004110763838980347
10,599,14748,0.030937111005187035
10,600,14749,0.003285838756710291
10,601,14750,0.0006475336267612875
10,602,14751,0.07744032889604568
10,603,14752,0.0010214006761088967
10,604,14753,0.007928530685603619
10,605,14754,0.0038991558831185102
10,606,14755,0.10653360188007355
10,607,14756,0.0015341817634180188
10,608,14757,0.0005010793101973832
10,609,14758,0.0029995248187333345
10,610,14759,0.0007219765684567392
10,611,14760,0.0013293522642925382
10,612,14761,0.008088209666311741
10,613,14762,0.0006481611635535955
10,614,14763,0.0030020982958376408
10,615,14764,0.00864272192120552
10,616,14765,0.0012195226736366749
10,617,14766,0.039368629455566406
10,618,14767,0.0005584278260357678
10,619,14768,0.010770060122013092
10,620,14769,0.0006517102010548115
10,621,14770,0.011673783883452415
10,622,14771,0.0021036711987107992
10,623,14772,0.0016200474929064512
10,624,14773,0.0013204517308622599
10,625,14774,0.00414243945851922
10,626,14775,0.0017429953441023827
10,627,14776,0.00751927075907588
10,628,14777,0.005843563936650753
10,629,14778,0.016067663207650185
10,630,14779,0.0003931528772227466
10,631,14780,0.0037267825100570917
10,632,14781,0.0012307466240599751
10,633,14782,0.0025196378119289875
10,634,14783,0.0008806222467683256
10,635,14784,0.0005995961837470531
10,636,14785,0.0005810844013467431
10,637,14786,0.03035048581659794
10,638,14787,0.0006762092234566808
10,639,14788,0.00038526798016391695
10,640,14789,0.000904659042134881
10,641,14790,0.04788775369524956
10,642,14791,0.000727337843272835
10,643,14792,0.0031936143059283495
10,644,14793,0.00043890447705052793
10,645,14794,0.00048407126450911164
10,646,14795,0.0007524705724790692
10,647,14796,0.005897971335798502
10,648,14797,0.0024126064963638783
10,649,14798,0.0010032759746536613
10,650,14799,0.0006232793675735593
10,651,14800,0.0073983860202133656
10,652,14801,0.0004989928565919399
10,653,14802,0.0007333206012845039
10,654,14803,0.00047277024714276195
10,655,14804,0.0005769277340732515
10,656,14805,0.001115286722779274
10,657,14806,0.00048701302148401737
10,658,14807,0.007515409030020237
10,659,14808,0.0004510658036451787
10,660,14809,0.0007169853779487312
10,661,14810,0.0010649139294400811
10,662,14811,0.006161007098853588
10,663,14812,0.0013209390453994274
10,664,14813,0.0078047639690339565
10,665,14814,0.011571342125535011
10,666,14815,0.023382294923067093
10,667,14816,0.00044461345532909036
10,668,14817,0.0004947985289618373
10,669,14818,0.016301551833748817
10,670,14819,0.0007567967986688018
10,671,14820,0.009767964482307434
10,672,14821,0.003918373957276344
10,673,14822,0.004954255651682615
10,674,14823,0.014521557837724686
10,675,14824,0.01665729656815529
10,676,14825,0.002237627748399973
10,677,14826,0.0006032055825926363
10,678,14827,0.021001720800995827
10,679,14828,0.0007984779076650739
10,680,14829,0.0003259595250710845
10,681,14830,0.01395045779645443
10,682,14831,0.00278921308927238
10,683,14832,0.0009949867380782962
10,684,14833,0.0009951537940651178
10,685,14834,0.0029402521904557943
10,686,14835,0.004018742125481367
10,687,14836,0.14201964437961578
10,688,14837,0.0010627268347889185
10,689,14838,0.0037968801334500313
10,690,14839,0.020204095169901848
10,691,14840,0.019065028056502342
10,692,14841,0.001945439726114273
10,693,14842,0.005651333834975958
10,694,14843,0.03575849160552025
10,695,14844,0.007471451535820961
10,696,14845,0.01132141798734665
10,697,14846,0.0006285725976340473
10,698,14847,0.053423598408699036
10,699,14848,0.003693387843668461
10,700,14849,0.02131270430982113
10,701,14850,0.001687643933109939
10,702,14851,0.0026271934621036053
10,703,14852,0.0011428322177380323
10,704,14853,0.003170962678268552
10,705,14854,0.02348582074046135
10,706,14855,0.014146924950182438
10,707,14856,0.05563957244157791
10,708,14857,0.0008636304992251098
10,709,14858,0.0012511357199400663
10,710,14859,0.0009044936741702259
10,711,14860,0.0024255875032395124
10,712,14861,0.0010919843334704638
10,713,14862,0.0008870430756360292
10,714,14863,0.010761807672679424
10,715,14864,0.0009109090897254646
10,716,14865,0.0007494315505027771
10,717,14866,0.0030915229581296444
10,718,14867,0.0006241452065296471
10,719,14868,0.0014710366958752275
10,720,14869,0.0004924538661725819
10,721,14870,0.0014369923155754805
10,722,14871,0.11959116160869598
10,723,14872,0.002757453825324774
10,724,14873,0.0011294684372842312
10,725,14874,0.05583084747195244
10,726,14875,0.0007526169065386057
10,727,14876,0.0037988603580743074
10,728,14877,0.04149213433265686
10,729,14878,0.024915864691138268
10,730,14879,0.0017529643373563886
10,731,14880,0.0009253210737369955
10,732,14881,0.002456857357174158
10,733,14882,0.010847738943994045
10,734,14883,0.02228940837085247
10,735,14884,0.003378639230504632
10,736,14885,0.003759450279176235
10,737,14886,0.002082793740555644
10,738,14887,0.045525528490543365
10,739,14888,0.00875215232372284
10,740,14889,0.024650786072015762
10,741,14890,0.008405577391386032
10,742,14891,0.0027518682181835175
10,743,14892,0.0013156996574252844
10,744,14893,0.0018447715556249022
10,745,14894,0.023753272369503975
10,746,14895,0.001059304573573172
10,747,14896,0.001606697915121913
10,748,14897,0.002491941675543785
10,749,14898,0.0006491543026641011
10,750,14899,0.006077588070183992
10,751,14900,0.00320820021443069
10,752,14901,0.05733976513147354
10,753,14902,0.00046713475603610277
10,754,14903,0.0020528824534267187
10,755,14904,0.007388909813016653
10,756,14905,0.0022034139838069677
10,757,14906,0.0011579523561522365
10,758,14907,0.034376226365566254
10,759,14908,0.008998965844511986
10,760,14909,0.0015774633502587676
10,761,14910,0.004684844519942999
10,762,14911,0.002158412942662835
10,763,14912,0.0007802568143233657
10,764,14913,0.0022496471647173166
10,765,14914,0.0007563682738691568
10,766,14915,0.001259094337001443
10,767,14916,0.0008142840815708041
10,768,14917,0.05134318396449089
10,769,14918,0.003856165800243616
10,770,14919,0.0010146351996809244
10,771,14920,0.0007760703447274864
10,772,14921,0.007195462007075548
10,773,14922,0.005323352292180061
10,774,14923,0.0008997204713523388
10,775,14924,0.0040166364051401615
10,776,14925,0.0008070888579823077
10,777,14926,0.0008155610412359238
10,778,14927,0.049679361283779144
10,779,14928,0.001416118466295302
10,780,14929,0.0013801223831251264
10,781,14930,0.0017336431192234159
10,782,14931,0.0002603965112939477
10,783,14932,0.0015966047067195177
10,784,14933,0.001219974597916007
10,785,14934,0.01864212192595005
10,786,14935,0.0005838990909978747
10,787,14936,0.000560433545615524
10,788,14937,0.0009185051312670112
10,789,14938,0.0009963952470570803
10,790,14939,0.0009009746136143804
10,791,14940,0.0014255766291171312
10,792,14941,0.0009077932918444276
10,793,14942,0.004033715929836035
10,794,14943,0.01592200994491577
10,795,14944,0.0013957537012174726
10,796,14945,0.0009062528843060136
10,797,14946,0.00038553980994038284
10,798,14947,0.0010555749759078026
10,799,14948,0.0014615152031183243
10,800,14949,0.0006506454083137214
10,801,14950,0.020730191841721535
10,802,14951,0.00020923145348206162
10,803,14952,0.0009030457003973424
10,804,14953,0.008965320885181427
10,805,14954,0.09399115294218063
10,806,14955,0.002382907085120678
10,807,14956,0.0007564973784610629
10,808,14957,0.0008787740371190012
10,809,14958,0.0031998935155570507
10,810,14959,0.0007107326528057456
10,811,14960,0.001883994322270155
10,812,14961,0.016676606610417366
10,813,14962,0.04861986264586449
10,814,14963,0.002925113309174776
10,815,14964,0.0021438745316118
10,816,14965,0.0011044046841561794
10,817,14966,0.0005124649032950401
10,818,14967,0.0009714713087305427
10,819,14968,0.021365609019994736
10,820,14969,0.0011875375639647245
10,821,14970,0.001023314893245697
10,822,14971,0.005354808643460274
10,823,14972,0.019083388149738312
10,824,14973,0.0010528007987886667
10,825,14974,0.0033280206844210625
10,826,14975,0.022660665214061737
10,827,14976,0.00047330657253041863
10,828,14977,0.0006438831333070993
10,829,14978,0.0031193061731755733
10,830,14979,0.0014414633624255657
10,831,14980,0.0036726684775203466
10,832,14981,0.0007223370485007763
10,833,14982,0.02544504590332508
10,834,14983,0.006689745467156172
10,835,14984,0.011210370808839798
10,836,14985,0.0018538575386628509
10,837,14986,0.011422128416597843
10,838,14987,0.00144014076795429
10,839,14988,0.014767635613679886
10,840,14989,0.0011994852684438229
10,841,14990,0.010552478022873402
10,842,14991,0.0005038459785282612
10,843,14992,0.0016894956352189183
10,844,14993,0.0028307882603257895
10,845,14994,0.016842680051922798
10,846,14995,0.001054094755090773
10,847,14996,0.0020495220087468624
10,848,14997,0.0014254575362429023
10,849,14998,0.0007402102346532047
10,850,14999,0.0015647916588932276
10,851,15000,0.005359120666980743
10,852,15001,0.0012844576267525554
10,853,15002,0.026335684582591057
10,854,15003,0.0037728266324847937
10,855,15004,0.00046989021939225495
10,856,15005,0.04773879051208496
10,857,15006,0.0013875552685931325
10,858,15007,0.013855334371328354
10,859,15008,0.001006544684059918
10,860,15009,0.034990422427654266
10,861,15010,0.022267557680606842
10,862,15011,0.0013173074694350362
10,863,15012,0.0017907815054059029
10,864,15013,0.0026203745510429144
10,865,15014,0.0006091547547839582
10,866,15015,0.0004686193133238703
10,867,15016,0.005392248276621103
10,868,15017,0.003089833538979292
10,869,15018,0.0038651968352496624
10,870,15019,0.011418363079428673
10,871,15020,0.005506739020347595
10,872,15021,0.00231378641910851
10,873,15022,0.0013710805214941502
10,874,15023,0.009018680080771446
10,875,15024,0.030033383518457413
10,876,15025,0.01928611472249031
10,877,15026,0.05180444195866585
10,878,15027,0.0010129603324458003
10,879,15028,0.0027055039536207914
10,880,15029,0.0019767023622989655
10,881,15030,0.007041660137474537
10,882,15031,0.0010350508382543921
10,883,15032,0.0013735353713855147
10,884,15033,0.0049277800135314465
10,885,15034,0.0523853674530983
10,886,15035,0.002014018362388015
10,887,15036,0.02813851088285446
10,888,15037,0.0014639422297477722
10,889,15038,0.00153452274389565
10,890,15039,0.011399845592677593
10,891,15040,0.047789566218853
10,892,15041,0.0019725013989955187
10,893,15042,0.014876743778586388
10,894,15043,0.001386833842843771
10,895,15044,0.0033023920841515064
10,896,15045,0.07066895812749863
10,897,15046,0.0006955091957934201
10,898,15047,0.0009645695681683719
10,899,15048,0.0022169246803969145
10,900,15049,0.0011252639815211296
10,901,15050,0.013858670368790627
10,902,15051,0.0015658751362934709
10,903,15052,0.0004202715936116874
10,904,15053,0.029012415558099747
10,905,15054,0.0017277892911806703
10,906,15055,0.00877242349088192
10,907,15056,0.0034704157151281834
10,908,15057,0.004969855770468712
10,909,15058,0.0026520329993218184
10,910,15059,0.002257330110296607
10,911,15060,0.0011541956337168813
10,912,15061,0.0038763578049838543
10,913,15062,0.0026776951272040606
10,914,15063,0.001951055251993239
10,915,15064,0.003932398743927479
10,916,15065,0.030544204637408257
10,917,15066,0.021801574155688286
10,918,15067,0.0012788535095751286
10,919,15068,0.003831797745078802
10,920,15069,0.0471571683883667
10,921,15070,0.05186634510755539
10,922,15071,0.008228382095694542
10,923,15072,0.0005168968928046525
10,924,15073,0.0015095134731382132
10,925,15074,0.0008903504349291325
10,926,15075,0.0019030305556952953
10,927,15076,0.0017245375784114003
10,928,15077,0.0037126310635358095
10,929,15078,0.0018670193385332823
10,930,15079,0.0037367488257586956
10,931,15080,0.0014117318205535412
10,932,15081,0.03704381361603737
10,933,15082,0.0019097947515547276
10,934,15083,0.029326198622584343
10,935,15084,0.013038557022809982
10,936,15085,0.004528853576630354
10,937,15086,0.0018309402512386441
10,938,15087,0.001416552229784429
10,939,15088,0.0010844320058822632
10,940,15089,0.001485272659920156
10,941,15090,0.001489070476964116
10,942,15091,0.006799629889428616
10,943,15092,0.0013029405381530523
10,944,15093,0.0009202752844430506
10,945,15094,0.008797939866781235
10,946,15095,0.010691175237298012
10,947,15096,0.0033591301180422306
10,948,15097,0.001242064405232668
10,949,15098,0.00030626149964518845
10,950,15099,0.0007082847878336906
10,951,15100,0.00541699817404151
10,952,15101,0.0017588329501450062
10,953,15102,0.0020727040246129036
10,954,15103,0.0013085739919915795
10,955,15104,0.002889793599024415
10,956,15105,0.013226407580077648
10,957,15106,0.001329950406216085
10,958,15107,0.0025588679127395153
10,959,15108,0.0005777738406322896
10,960,15109,0.07736481726169586
10,961,15110,0.0008153609815053642
10,962,15111,0.0030611867550760508
10,963,15112,0.0008015430066734552
10,964,15113,0.0007145019480958581
10,965,15114,0.014016126282513142
10,966,15115,0.010701059363782406
10,967,15116,0.008353117853403091
10,968,15117,0.0018545087659731507
10,969,15118,0.03893938288092613
10,970,15119,0.007674274500459433
10,971,15120,0.0012347936863079667
10,972,15121,0.0022327147889882326
10,973,15122,0.0627201572060585
10,974,15123,0.0030761135276407003
10,975,15124,0.010700181126594543
10,976,15125,0.0009180578053928912
10,977,15126,0.002224876079708338
10,978,15127,0.002418294083327055
10,979,15128,0.0007015513838268816
10,980,15129,0.002376965945586562
10,981,15130,0.046186186373233795
10,982,15131,0.0012347879819571972
10,983,15132,0.010527625679969788
10,984,15133,0.027303991839289665
10,985,15134,0.0006698272773064673
10,986,15135,0.0019166244892403483
10,987,15136,0.0011775254970416427
10,988,15137,0.0025868022348731756
10,989,15138,0.001479473547078669
10,990,15139,0.01016921829432249
10,991,15140,0.0017881429521366954
10,992,15141,0.002345053479075432
10,993,15142,0.0009701749077066779
10,994,15143,0.019694417715072632
10,995,15144,0.013108442537486553
10,996,15145,0.002425349550321698
10,997,15146,0.0008891854085959494
10,998,15147,0.0012824394507333636
10,999,15148,0.004226542077958584
10,1000,15149,0.001702439971268177
10,1001,15150,0.000888571550603956
10,1002,15151,0.059803448617458344
10,1003,15152,0.002546898555010557
10,1004,15153,0.002221394097432494
10,1005,15154,0.006886525545269251
10,1006,15155,0.0013876473531126976
10,1007,15156,0.028953686356544495
10,1008,15157,0.0015998869203031063
10,1009,15158,0.0015929443761706352
10,1010,15159,0.0033229002729058266
10,1011,15160,0.0036671352572739124
10,1012,15161,0.00041604790021665394
10,1013,15162,0.0009747509611770511
10,1014,15163,0.0011049450840801
10,1015,15164,0.0005339338094927371
10,1016,15165,0.0007396887522190809
10,1017,15166,0.004403745289891958
10,1018,15167,0.0007405352080240846
10,1019,15168,0.004550275392830372
10,1020,15169,0.0020282561890780926
10,1021,15170,0.03473323583602905
10,1022,15171,0.0009771048789843917
10,1023,15172,0.002077752258628607
10,1024,15173,0.008614742197096348
10,1025,15174,0.0017259418964385986
10,1026,15175,0.0005538411787711084
10,1027,15176,0.0036613361444324255
10,1028,15177,0.017466330900788307
10,1029,15178,0.0006087525398470461
10,1030,15179,0.0007325477781705558
10,1031,15180,0.0006749599706381559
10,1032,15181,0.0002265696821268648
10,1033,15182,0.0012363253626972437
10,1034,15183,0.0036411257460713387
10,1035,15184,0.000371729489415884
10,1036,15185,0.0012821685522794724
10,1037,15186,0.0032044388353824615
10,1038,15187,0.001609048224054277
10,1039,15188,0.0006281738169491291
10,1040,15189,0.018302662298083305
10,1041,15190,0.0021355687640607357
10,1042,15191,0.005526678171008825
10,1043,15192,0.002761697396636009
10,1044,15193,0.0009997633751481771
10,1045,15194,0.0005658755544573069
10,1046,15195,0.0012128568487241864
10,1047,15196,0.00019546426483429968
10,1048,15197,0.0006244644755497575
10,1049,15198,0.001639699563384056
10,1050,15199,0.004317149985581636
10,1051,15200,0.0031227527651935816
10,1052,15201,0.0029727870132774115
10,1053,15202,0.06485161930322647
10,1054,15203,0.0022229300811886787
10,1055,15204,0.0008803358650766313
10,1056,15205,0.029931606724858284
10,1057,15206,0.0007061074720695615
10,1058,15207,0.0003768239403143525
10,1059,15208,0.0014053252525627613
10,1060,15209,0.006120416801422834
10,1061,15210,0.003443986177444458
10,1062,15211,0.0012370694894343615
10,1063,15212,0.003518360899761319
10,1064,15213,0.002005549380555749
10,1065,15214,0.0005823058891110122
10,1066,15215,0.0005469524185173213
10,1067,15216,0.014868282712996006
10,1068,15217,0.033599063754081726
10,1069,15218,0.0010900453198701143
10,1070,15219,0.0012632610742002726
10,1071,15220,0.001777233905158937
10,1072,15221,0.001827047672122717
10,1073,15222,0.0006774964858777821
10,1074,15223,0.0006857411935925484
10,1075,15224,0.08427330106496811
10,1076,15225,0.0007784963236190379
10,1077,15226,0.003836679272353649
10,1078,15227,0.0005602024612016976
10,1079,15228,0.0004327783826738596
10,1080,15229,0.0012035610852763057
10,1081,15230,0.0005426359712146223
10,1082,15231,0.0005892709596082568
10,1083,15232,0.0006478740833699703
10,1084,15233,0.0005144498427398503
10,1085,15234,0.0007527477573603392
10,1086,15235,0.0005300262710079551
10,1087,15236,0.0006685549160465598
10,1088,15237,0.024675821885466576
10,1089,15238,0.0022518013138324022
10,1090,15239,0.001699636923149228
10,1091,15240,0.0005266483640298247
10,1092,15241,0.0006253142491914332
10,1093,15242,0.0008887541480362415
10,1094,15243,0.0008751814602874219
10,1095,15244,0.00872895773500204
10,1096,15245,0.006255323067307472
10,1097,15246,0.0011291955597698689
10,1098,15247,0.000382718862965703
10,1099,15248,0.00032183583243750036
10,1100,15249,0.000624421110842377
10,1101,15250,0.0006532788975164294
10,1102,15251,0.0001516131596872583
10,1103,15252,0.00041969388257712126
10,1104,15253,0.00426548020914197
10,1105,15254,0.004143230151385069
10,1106,15255,0.0010697566904127598
10,1107,15256,0.023432131856679916
10,1108,15257,0.03212998807430267
10,1109,15258,0.0052477652207016945
10,1110,15259,0.0005933282664045691
10,1111,15260,0.0007795184501446784
10,1112,15261,0.028677955269813538
10,1113,15262,0.0027435910888016224
10,1114,15263,0.003269233973696828
10,1115,15264,0.0011027180589735508
10,1116,15265,0.0006958472658880055
10,1117,15266,0.05406714603304863
10,1118,15267,0.00288238562643528
10,1119,15268,0.002413980895653367
10,1120,15269,0.006529722362756729
10,1121,15270,0.02577531337738037
10,1122,15271,0.026835855096578598
10,1123,15272,0.0010232870699837804
10,1124,15273,0.012744813226163387
10,1125,15274,0.003702932968735695
10,1126,15275,0.004802302457392216
10,1127,15276,0.03564373776316643
10,1128,15277,0.0005647566867992282
10,1129,15278,0.0031967083923518658
10,1130,15279,0.0020757310558110476
10,1131,15280,0.0012617465108633041
10,1132,15281,0.0006767907179892063
10,1133,15282,0.0008394564501941204
10,1134,15283,0.0005877274670638144
10,1135,15284,0.04336433485150337
10,1136,15285,0.001718467683531344
10,1137,15286,0.0015749591402709484
10,1138,15287,0.0006117272423580289
10,1139,15288,0.0002945830929093063
10,1140,15289,0.0028372430242598057
10,1141,15290,0.0005198620492592454
10,1142,15291,0.0017806105315685272
10,1143,15292,0.0008971614879556
10,1144,15293,0.02537698671221733
10,1145,15294,0.0029018123168498278
10,1146,15295,0.0013477568281814456
10,1147,15296,0.003266084473580122
10,1148,15297,0.0008857084321789443
10,1149,15298,0.02440323494374752
10,1150,15299,0.004573204088956118
10,1151,15300,0.0050310418009757996
10,1152,15301,0.02608422562479973
10,1153,15302,0.002476553665474057
10,1154,15303,0.0008416334167122841
10,1155,15304,0.01319175586104393
10,1156,15305,0.02663876675069332
10,1157,15306,0.026045840233564377
10,1158,15307,0.002055173506960273
10,1159,15308,0.011535636149346828
10,1160,15309,0.0008549399790354073
10,1161,15310,0.0015632229624316096
10,1162,15311,0.021485039964318275
10,1163,15312,0.003938506823033094
10,1164,15313,0.00229540653526783
10,1165,15314,0.006809585727751255
10,1166,15315,0.0007881961646489799
10,1167,15316,0.03145374730229378
10,1168,15317,0.02213566191494465
10,1169,15318,0.0011879804078489542
10,1170,15319,0.03850739449262619
10,1171,15320,0.027009958401322365
10,1172,15321,0.00048068122123368084
10,1173,15322,0.0006149793043732643
10,1174,15323,0.010025001130998135
10,1175,15324,0.015759753063321114
10,1176,15325,0.022773433476686478
10,1177,15326,0.002666817046701908
10,1178,15327,0.00455175805836916
10,1179,15328,0.0008048111340031028
10,1180,15329,0.0005355967441573739
10,1181,15330,0.0006368433823809028
10,1182,15331,0.0015139887109398842
10,1183,15332,0.003460788168013096
10,1184,15333,0.0034846565686166286
10,1185,15334,0.0004627664166036993
10,1186,15335,0.001149589428678155
10,1187,15336,0.000850378128234297
10,1188,15337,0.0011858094949275255
10,1189,15338,0.0025897077284753323
10,1190,15339,0.0010864707874134183
10,1191,15340,0.009368635714054108
10,1192,15341,0.002848285948857665
10,1193,15342,0.00165853020735085
10,1194,15343,0.0011093709617853165
10,1195,15344,0.0012772403424605727
10,1196,15345,0.016181470826268196
10,1197,15346,0.00307839666493237
10,1198,15347,0.05639779195189476
10,1199,15348,0.0020864754915237427
10,1200,15349,0.0005655182176269591
10,1201,15350,0.0011411417508497834
10,1202,15351,0.0010078727500513196
10,1203,15352,0.0030546700581908226
10,1204,15353,0.0013108646962791681
10,1205,15354,0.0027241790667176247
10,1206,15355,0.002194811822846532
10,1207,15356,0.00225629098713398
10,1208,15357,0.0010266778990626335
10,1209,15358,0.01226090732961893
10,1210,15359,0.0008818900096230209
10,1211,15360,0.000635715143289417
10,1212,15361,0.008413766510784626
10,1213,15362,0.0011078162351623178
10,1214,15363,0.0020200463477522135
10,1215,15364,0.0007957926718518138
10,1216,15365,0.00042451158515177667
10,1217,15366,0.0013409695820882916
10,1218,15367,0.03548230230808258
10,1219,15368,0.036715760827064514
10,1220,15369,0.0010074550518766046
10,1221,15370,0.00666597206145525
10,1222,15371,0.004888955038040876
10,1223,15372,0.0008788013365119696
10,1224,15373,0.0032097906805574894
10,1225,15374,0.000686352199409157
10,1226,15375,0.001921352930366993
10,1227,15376,0.015669209882616997
10,1228,15377,0.0012540847528725863
10,1229,15378,0.004749779123812914
10,1230,15379,0.0014502634294331074
10,1231,15380,0.0007841723272576928
10,1232,15381,0.0034295697696506977
10,1233,15382,0.04599877446889877
10,1234,15383,0.005541210528463125
10,1235,15384,0.000750339066144079
10,1236,15385,0.01801653765141964
10,1237,15386,0.0008789511630311608
10,1238,15387,0.0008863454568199813
10,1239,15388,0.0024643498472869396
10,1240,15389,0.0003780048282351345
10,1241,15390,0.00100231496617198
10,1242,15391,0.0014247380895540118
10,1243,15392,0.0906122475862503
10,1244,15393,0.0006917043938301504
10,1245,15394,0.000434272107668221
10,1246,15395,0.0007675918168388307
10,1247,15396,0.0010702387662604451
10,1248,15397,0.002190434141084552
10,1249,15398,0.0018698670901358128
10,1250,15399,0.0023456141352653503
10,1251,15400,0.0006868425407446921
10,1252,15401,0.0009184277732856572
10,1253,15402,0.001246694358997047
10,1254,15403,0.003086248878389597
10,1255,15404,0.000805264338850975
10,1256,15405,0.0010368423536419868
10,1257,15406,0.0009247016860172153
10,1258,15407,0.001058113994076848
10,1259,15408,0.0006733716581948102
10,1260,15409,0.002657936420291662
10,1261,15410,0.006504295859485865
10,1262,15411,0.008548093028366566
10,1263,15412,0.03683570772409439
10,1264,15413,0.005658857524394989
10,1265,15414,0.0029708780348300934
10,1266,15415,0.0006274687475524843
10,1267,15416,0.00040542922215536237
10,1268,15417,0.0009399429545737803
10,1269,15418,0.0006869446951895952
10,1270,15419,0.010305485688149929
10,1271,15420,0.0005122947623021901
10,1272,15421,0.001507680513896048
10,1273,15422,0.017941346392035484
10,1274,15423,0.0005561130819842219
10,1275,15424,0.0015472458908334374
10,1276,15425,0.009583703242242336
10,1277,15426,0.008763257414102554
10,1278,15427,0.0006166798411868513
10,1279,15428,0.00098751753102988
10,1280,15429,0.0011588033521547914
10,1281,15430,0.055676449090242386
10,1282,15431,0.0046403356827795506
10,1283,15432,0.001750008319504559
10,1284,15433,0.0013306732289493084
10,1285,15434,0.011943734250962734
10,1286,15435,0.0580211877822876
10,1287,15436,0.002770947990939021
10,1288,15437,0.0009959978051483631
10,1289,15438,0.0008324105874635279
10,1290,15439,0.0007509411661885679
10,1291,15440,0.002837285166606307
10,1292,15441,0.0004937849007546902
10,1293,15442,0.0008208180661313236
10,1294,15443,0.0023659104481339455
10,1295,15444,0.0005386412958614528
10,1296,15445,0.002160798991099
10,1297,15446,0.003796883625909686
10,1298,15447,0.0011630799854174256
10,1299,15448,0.003316673217341304
10,1300,15449,0.0003199649218004197
10,1301,15450,0.004793273285031319
10,1302,15451,0.0010050473501905799
10,1303,15452,0.000305238354485482
10,1304,15453,0.0055566574446856976
10,1305,15454,0.014658958651125431
10,1306,15455,0.0046712071634829044
10,1307,15456,0.0006946497596800327
10,1308,15457,0.0004392146656755358
10,1309,15458,0.0008224776247516274
10,1310,15459,0.004521410446614027
10,1311,15460,0.0003911115345545113
10,1312,15461,0.0004410622641444206
10,1313,15462,0.00038463709643110633
10,1314,15463,0.0007908815168775618
10,1315,15464,0.0005790611612610519
10,1316,15465,0.0005642619798891246
10,1317,15466,0.0006380426348187029
10,1318,15467,0.0022246711887419224
10,1319,15468,0.0006916692946106195
10,1320,15469,0.029276974499225616
10,1321,15470,0.013156075961887836
10,1322,15471,0.0026018908247351646
10,1323,15472,0.0006553840939886868
10,1324,15473,0.0009387146565131843
10,1325,15474,0.004610045813024044
10,1326,15475,0.0005428149597719312
10,1327,15476,0.0025807491037994623
10,1328,15477,0.002962476573884487
10,1329,15478,0.009268010035157204
10,1330,15479,0.001939487410709262
10,1331,15480,0.0016867279773578048
10,1332,15481,0.00756823131814599
10,1333,15482,0.0019379847217351198
10,1334,15483,0.001203214400447905
10,1335,15484,0.0011525113368406892
10,1336,15485,0.001748620648868382
10,1337,15486,0.008693342097103596
10,1338,15487,0.02413211390376091
10,1339,15488,0.003756230464205146
10,1340,15489,0.004586200695484877
10,1341,15490,0.0006676102057099342
10,1342,15491,0.0010021065827459097
10,1343,15492,0.002145234262570739
10,1344,15493,0.004340005107223988
10,1345,15494,0.0016850822139531374
10,1346,15495,0.0005035062786191702
10,1347,15496,0.0015592813724651933
10,1348,15497,0.012370780110359192
10,1349,15498,0.0010992453899234533
10,1350,15499,0.011363939382135868
10,1351,15500,0.03208357095718384
10,1352,15501,0.003853429574519396
10,1353,15502,0.00048707189853303134
10,1354,15503,0.02428710274398327
10,1355,15504,0.00088530033826828
10,1356,15505,0.008451111614704132
10,1357,15506,0.005385629367083311
10,1358,15507,0.01791817508637905
10,1359,15508,0.030107971280813217
10,1360,15509,0.0007588595035485923
10,1361,15510,0.0395810604095459
10,1362,15511,0.0010940524516627192
10,1363,15512,0.00186394271440804
10,1364,15513,0.0007231535273604095
10,1365,15514,0.004029686097055674
10,1366,15515,0.0005971916252747178
10,1367,15516,0.0006541710463352501
10,1368,15517,0.033404991030693054
10,1369,15518,0.0015421691350638866
10,1370,15519,0.03905084729194641
10,1371,15520,0.0019697018433362246
10,1372,15521,0.003997585270553827
10,1373,15522,0.0468268021941185
10,1374,15523,0.009858137927949429
10,1375,15524,0.09962336719036102
10,1376,15525,0.000691540539264679
10,1377,15526,0.002299553481861949
10,1378,15527,0.023137614130973816
10,1379,15528,0.040345001965761185
10,1380,15529,0.0006778190145269036
10,1381,15530,0.0008321661152876914
10,1382,15531,0.003894936293363571
10,1383,15532,0.001500651240348816
10,1384,15533,0.0028658718802034855
10,1385,15534,0.08167583495378494
10,1386,15535,0.002405093517154455
10,1387,15536,0.001003787387162447
10,1388,15537,0.007593016605824232
10,1389,15538,0.09747888892889023
10,1390,15539,0.019443634897470474
10,1391,15540,0.004408951383084059
10,1392,15541,0.001976246712729335
10,1393,15542,0.001765715191140771
10,1394,15543,0.0009370739571750164
10,1395,15544,0.0032958118245005608
10,1396,15545,0.0017019325168803334
10,1397,15546,0.002344490261748433
10,1398,15547,0.0025843943003565073
10,1399,15548,0.0022291664499789476
10,1400,15549,0.0015399155672639608
10,1401,15550,0.024771740660071373
10,1402,15551,0.002992842113599181
10,1403,15552,0.002326060552150011
10,1404,15553,0.014515204355120659
10,1405,15554,0.002421043813228607
10,1406,15555,0.0022129190620034933
10,1407,15556,0.0059186858125030994
10,1408,15557,0.0022604295518249273
10,1409,15558,0.0013864237116649747
10,1410,15559,0.0038160018157213926
10,1411,15560,0.00583227165043354
10,1412,15561,0.042423397302627563
10,1413,15562,0.0032497704960405827
10,1414,15563,0.0008930116309784353
10,1415,15564,0.0009252270683646202
11,1,15565,0.0030146674253046513
11,2,15566,0.00870564579963684
11,3,15567,0.0009831890929490328
11,4,15568,0.0008097432437352836
11,5,15569,0.0021202603820711374
11,6,15570,0.002604325534775853
11,7,15571,0.0022891382686793804
11,8,15572,0.014088766649365425
11,9,15573,0.0005128401680849493
11,10,15574,0.00958320964127779
11,11,15575,0.0006930992240086198
11,12,15576,0.0004766079655382782
11,13,15577,0.005295271053910255
11,14,15578,0.007785179652273655
11,15,15579,0.0007247665780596435
11,16,15580,0.0012102810433134437
11,17,15581,0.007009497843682766
11,18,15582,0.0008744969964027405
11,19,15583,0.007145779673010111
11,20,15584,0.0006191593129187822
11,21,15585,0.053713325411081314
11,22,15586,0.0013611690374091268
11,23,15587,0.001959553686901927
11,24,15588,0.0006992812268435955
11,25,15589,0.0013270623749122024
11,26,15590,0.0007211407064460218
11,27,15591,0.03283128887414932
11,28,15592,0.0033213149290531874
11,29,15593,0.02158363349735737
11,30,15594,0.004846934694796801
11,31,15595,0.003080694004893303
11,32,15596,0.015994302928447723
11,33,15597,0.005910959094762802
11,34,15598,0.028683340176939964
11,35,15599,0.0014963130233809352
11,36,15600,0.003306328784674406
11,37,15601,0.017263945192098618
11,38,15602,0.0026640144642442465
11,39,15603,0.0009490977390669286
11,40,15604,0.0006694688927382231
11,41,15605,0.0012502463068813086
11,42,15606,0.002995658665895462
11,43,15607,0.007299220655113459
11,44,15608,0.06196404993534088
11,45,15609,0.0003304202691651881
11,46,15610,0.0005444004200398922
11,47,15611,0.007037849631160498
11,48,15612,0.000672968802973628
11,49,15613,0.04343689978122711
11,50,15614,0.000896615965757519
11,51,15615,0.0004556876083370298
11,52,15616,0.0007927429978735745
11,53,15617,0.0010722591541707516
11,54,15618,0.00735897570848465
11,55,15619,0.0017244984628632665
11,56,15620,0.0006492406246252358
11,57,15621,0.004721270874142647
11,58,15622,0.0011909950990229845
11,59,15623,0.001760014216415584
11,60,15624,0.01448196079581976
11,61,15625,0.0011836853809654713
11,62,15626,0.0005857244832441211
11,63,15627,0.0009398687980137765
11,64,15628,0.0016121149528771639
11,65,15629,0.0029129418544471264
11,66,15630,0.00035669514909386635
11,67,15631,0.001743963803164661
11,68,15632,0.0020211676601320505
11,69,15633,0.0020318448077887297
11,70,15634,0.0016211095498874784
11,71,15635,0.03832098841667175
11,72,15636,0.014855578541755676
11,73,15637,0.02472459338605404
11,74,15638,0.001249033259227872
11,75,15639,0.0027594254352152348
11,76,15640,0.0018456254620105028
11,77,15641,0.023657534271478653
11,78,15642,0.004871438257396221
11,79,15643,0.0012195910094305873
11,80,15644,0.022851021960377693
11,81,15645,0.0025699760299175978
11,82,15646,0.02523161843419075
11,83,15647,0.006871640682220459
11,84,15648,0.0011549716582521796
11,85,15649,0.001747029833495617
11,86,15650,0.00047818839084357023
11,87,15651,0.0008412496536038816
11,88,15652,0.0017631720984354615
11,89,15653,0.002643743297085166
11,90,15654,0.0007504724198952317
11,91,15655,0.0005642427713610232
11,92,15656,0.0006772881606593728
11,93,15657,0.0005890521570108831
11,94,15658,0.026367034763097763
11,95,15659,0.002655132208019495
11,96,15660,0.00212718709371984
11,97,15661,0.0011383288074284792
11,98,15662,0.010840114206075668
11,99,15663,0.02360696718096733
11,100,15664,0.0014369593700394034
11,101,15665,0.013100017793476582
11,102,15666,0.0003441068693064153
11,103,15667,0.0008290109108202159
11,104,15668,0.005306949373334646
11,105,15669,0.0028537402395159006
11,106,15670,0.0008441125974059105
11,107,15671,0.0167054682970047
11,108,15672,0.0006543048657476902
11,109,15673,0.02467091754078865
11,110,15674,0.000788789358921349
11,111,15675,0.01685740053653717
11,112,15676,0.017620475962758064
11,113,15677,0.007772188633680344
11,114,15678,0.00855188351124525
11,115,15679,0.005931612569838762
11,116,15680,0.0018034996464848518
11,117,15681,0.0023320952896028757
11,118,15682,0.001101170084439218
11,119,15683,0.01713828183710575
11,120,15684,0.003306069178506732
11,121,15685,0.004914062563329935
11,122,15686,0.010667667724192142
11,123,15687,0.035490795969963074
11,124,15688,0.0025664239656180143
11,125,15689,0.0008448224980384111
11,126,15690,0.0006061731255613267
11,127,15691,0.004854951053857803
11,128,15692,0.005017486866563559
11,129,15693,0.0009236681507900357
11,130,15694,0.002554061356931925
11,131,15695,0.0003371425555087626
11,132,15696,0.0006413963856175542
11,133,15697,0.002541172783821821
11,134,15698,0.0012848979094997048
11,135,15699,0.0014506173320114613
11,136,15700,0.0010720171267166734
11,137,15701,0.0068211061879992485
11,138,15702,0.0009174667648039758
11,139,15703,0.003122525056824088
11,140,15704,0.0008673509582877159
11,141,15705,0.0005974855739623308
11,142,15706,0.003242969047278166
11,143,15707,0.0011768635595217347
11,144,15708,0.0024694865569472313
11,145,15709,0.0017358595505356789
11,146,15710,0.001438700594007969
11,147,15711,0.006995770148932934
11,148,15712,0.0010791975073516369
11,149,15713,0.010595525614917278
11,150,15714,0.0009633108857087791
11,151,15715,0.0020334275905042887
11,152,15716,0.021220451220870018
11,153,15717,0.0016575405606999993
11,154,15718,0.004803455900400877
11,155,15719,0.006314306519925594
11,156,15720,0.08890483528375626
11,157,15721,0.0009082317701540887
11,158,15722,0.004322026390582323
11,159,15723,0.000783017894718796
11,160,15724,0.0025117869954556227
11,161,15725,0.0034787380136549473
11,162,15726,0.0019478020258247852
11,163,15727,0.0016125991242006421
11,164,15728,0.001317202695645392
11,165,15729,0.0015865855384618044
11,166,15730,0.0017381957732141018
11,167,15731,0.0018090305384248495
11,168,15732,0.000708667270373553
11,169,15733,0.0009919801959767938
11,170,15734,0.001942259375937283
11,171,15735,0.0016161412931978703
11,172,15736,0.007626051548868418
11,173,15737,0.0013077203184366226
11,174,15738,0.0037810220383107662
11,175,15739,0.000821439316496253
11,176,15740,0.0007142081740312278
11,177,15741,0.0015832307981327176
11,178,15742,0.001056340173818171
11,179,15743,0.004948773421347141
11,180,15744,0.001207577995955944
11,181,15745,0.004302161280065775
11,182,15746,0.0007293325033970177
11,183,15747,0.0006494850385934114
11,184,15748,0.0006033832905814052
11,185,15749,0.017937304452061653
11,186,15750,0.0038116297218948603
11,187,15751,0.004880119115114212
11,188,15752,0.0011531629133969545
11,189,15753,0.0024671449791640043
11,190,15754,0.008715400472283363
11,191,15755,0.0007005466031841934
11,192,15756,0.002276929095387459
11,193,15757,0.006666503380984068
11,194,15758,0.0006260285736061633
11,195,15759,0.002791417296975851
11,196,15760,0.0006202307995408773
11,197,15761,0.002614172175526619
11,198,15762,0.0017993681831285357
11,199,15763,0.01712712086737156
11,200,15764,0.0003886708873324096
11,201,15765,0.007026489824056625
11,202,15766,0.001028076745569706
11,203,15767,0.0015443963930010796
11,204,15768,0.01927870512008667
11,205,15769,0.0006965882494114339
11,206,15770,0.0005203849286772311
11,207,15771,0.004218033514916897
11,208,15772,0.000742199132218957
11,209,15773,0.012838844209909439
11,210,15774,0.001720244763419032
11,211,15775,0.0014670700766146183
11,212,15776,0.0025909962132573128
11,213,15777,0.0004398624587338418
11,214,15778,0.00062888755928725
11,215,15779,0.004966726526618004
11,216,15780,0.0006805734592489898
11,217,15781,0.009416923858225346
11,218,15782,0.0007345982594415545
11,219,15783,0.0011778066400438547
11,220,15784,0.0008138347184285522
11,221,15785,0.006989449728280306
11,222,15786,0.0015644108643755317
11,223,15787,0.0021894648671150208
11,224,15788,0.021758854389190674
11,225,15789,0.0006516054854728281
11,226,15790,0.00042746023973450065
11,227,15791,0.0009146342636086047
11,228,15792,0.0006911017699167132
11,229,15793,0.0003951477992814034
11,230,15794,0.0004146374703850597
11,231,15795,0.0009462934103794396
11,232,15796,0.00021222957002464682
11,233,15797,0.030735084787011147
11,234,15798,0.0010600589448586106
11,235,15799,0.0016681186389178038
11,236,15800,0.0035298019647598267
11,237,15801,0.0016307035693898797
11,238,15802,0.0007772371754981577
11,239,15803,0.003116734093055129
11,240,15804,0.0016287551261484623
11,241,15805,0.0011229728115722537
11,242,15806,0.0005761217908002436
11,243,15807,0.0009851923678070307
11,244,15808,0.0009993099374696612
11,245,15809,0.012246860191226006
11,246,15810,0.0036237819585949183
11,247,15811,0.0006165181985124946
11,248,15812,0.0005641479510813951
11,249,15813,0.0006327988812699914
11,250,15814,0.018090534955263138
11,251,15815,0.0027080783620476723
11,252,15816,0.0008647834183648229
11,253,15817,0.004537798464298248
11,254,15818,0.008510934188961983
11,255,15819,0.0009374580695293844
11,256,15820,0.0008004772826097906
11,257,15821,0.0003397564578335732
11,258,15822,0.040529925376176834
11,259,15823,0.0018078901339322329
11,260,15824,0.00021784215641673654
11,261,15825,0.0006395693635568023
11,262,15826,0.06510826200246811
11,263,15827,0.0003250420850235969
11,264,15828,0.0019118181662634015
11,265,15829,0.00039986413321457803
11,266,15830,0.014292816631495953
11,267,15831,0.0005604105535894632
11,268,15832,0.005880857352167368
11,269,15833,0.00042570047662593424
11,270,15834,0.001285713049583137
11,271,15835,0.018525321036577225
11,272,15836,0.01331209484487772
11,273,15837,0.0007313648238778114
11,274,15838,0.0038261739537119865
11,275,15839,0.00343222520314157
11,276,15840,0.0013056729221716523
11,277,15841,0.006375064607709646
11,278,15842,0.00994715467095375
11,279,15843,0.02305477485060692
11,280,15844,0.0007814834825694561
11,281,15845,0.0012846237514168024
11,282,15846,0.0008148750057443976
11,283,15847,0.00042640353785827756
11,284,15848,0.0042388360016047955
11,285,15849,0.00035131495678797364
11,286,15850,0.004778961651027203
11,287,15851,0.003336875233799219
11,288,15852,0.0013509643031284213
11,289,15853,0.001473737065680325
11,290,15854,0.0020911903120577335
11,291,15855,0.0010454116854816675
11,292,15856,0.000720293028280139
11,293,15857,0.0011934221256524324
11,294,15858,0.0009315324132330716
11,295,15859,0.0004504449898377061
11,296,15860,0.0003862922894768417
11,297,15861,0.0013419807655736804
11,298,15862,0.004891932010650635
11,299,15863,0.013604780659079552
11,300,15864,0.0030119551811367273
11,301,15865,0.007252789102494717
11,302,15866,0.0007394015556201339
11,303,15867,0.03171638026833534
11,304,15868,0.000942756945732981
11,305,15869,0.0014466197462752461
11,306,15870,0.0005502239218913019
11,307,15871,0.006610064301639795
11,308,15872,0.0005137097905389965
11,309,15873,0.0003341207921039313
11,310,15874,0.010767248459160328
11,311,15875,0.004806747194379568
11,312,15876,0.000567200593650341
11,313,15877,0.0005708773387596011
11,314,15878,0.0013924763770774007
11,315,15879,0.0005312619614414871
11,316,15880,0.0029958984814584255
11,317,15881,0.0009845797903835773
11,318,15882,0.001216971199028194
11,319,15883,0.0030955488327890635
11,320,15884,0.002357881749048829
11,321,15885,0.003069824306294322
11,322,15886,0.0005993719096295536
11,323,15887,0.0003523952327668667
11,324,15888,0.0005081227282062173
11,325,15889,0.0020182279404252768
11,326,15890,0.0008860834059305489
11,327,15891,0.005568654742091894
11,328,15892,0.0003278455405961722
11,329,15893,0.0014101593988016248
11,330,15894,0.0036129935178905725
11,331,15895,0.00475206458941102
11,332,15896,0.0008586017065681517
11,333,15897,0.001982498448342085
11,334,15898,0.0007976270280778408
11,335,15899,0.0017936450894922018
11,336,15900,0.0004899470950476825
11,337,15901,0.06301270425319672
11,338,15902,0.0009105555363930762
11,339,15903,0.0006907345959916711
11,340,15904,0.004551148973405361
11,341,15905,0.001660267822444439
11,342,15906,0.0013632499612867832
11,343,15907,0.009231111966073513
11,344,15908,0.0025621727108955383
11,345,15909,0.000863619614392519
11,346,15910,0.006047222297638655
11,347,15911,0.028845127671957016
11,348,15912,0.0285219457000494
11,349,15913,0.00043532284325920045
11,350,15914,0.0003301363904029131
11,351,15915,0.006190442945808172
11,352,15916,0.002291671931743622
11,353,15917,0.0009857252007350326
11,354,15918,0.0018480067374184728
11,355,15919,0.0004489910206757486
11,356,15920,0.006258211098611355
11,357,15921,0.06040184944868088
11,358,15922,0.0005666940123774111
11,359,15923,0.001963904593139887
11,360,15924,0.026348786428570747
11,361,15925,0.000531508179847151
11,362,15926,0.00034216343192383647
11,363,15927,0.0003254262264817953
11,364,15928,0.00016510488057974726
11,365,15929,0.0004735282273031771
11,366,15930,0.0029395881574600935
11,367,15931,0.0016861142357811332
11,368,15932,0.0017605667235329747
11,369,15933,0.013879382982850075
11,370,15934,0.002880844520404935
11,371,15935,0.0026454050093889236
11,372,15936,0.0006727298023179173
11,373,15937,0.02660319395363331
11,374,15938,0.005093608982861042
11,375,15939,0.0010435525327920914
11,376,15940,0.0010571720777079463
11,377,15941,0.0019937085453420877
11,378,15942,0.00477749714627862
11,379,15943,0.002207890385761857
11,380,15944,0.0026487407740205526
11,381,15945,0.0010741264559328556
11,382,15946,0.0005231918767094612
11,383,15947,0.0012454161187633872
11,384,15948,0.011408899910748005
11,385,15949,0.004621820989996195
11,386,15950,0.00047257222468033433
11,387,15951,0.0010264324955642223
11,388,15952,0.0012280871160328388
11,389,15953,0.0005853562033735216
11,390,15954,0.022335315123200417
11,391,15955,0.00253722770139575
11,392,15956,0.00016944906383287162
11,393,15957,0.03520100191235542
11,394,15958,0.001407022587954998
11,395,15959,0.00023139819677453488
11,396,15960,0.0006818967522121966
11,397,15961,0.003903402015566826
11,398,15962,0.0003913874097634107
11,399,15963,0.0013057913165539503
11,400,15964,0.0009540929459035397
11,401,15965,0.0006013395031914115
11,402,15966,0.001120162196457386
11,403,15967,0.0004275999090168625
11,404,15968,0.0007626884034834802
11,405,15969,0.00022948849073145539
11,406,15970,0.000731208361685276
11,407,15971,0.0013330423971638083
11,408,15972,0.00024507701164111495
11,409,15973,0.0006772474735043943
11,410,15974,0.010794604197144508
11,411,15975,0.0005317116156220436
11,412,15976,0.0033661960624158382
11,413,15977,0.0013753903331235051
11,414,15978,0.01834746077656746
11,415,15979,0.0015069295186549425
11,416,15980,0.0006469451473094523
11,417,15981,0.000774374115280807
11,418,15982,0.0010067704133689404
11,419,15983,0.0005807920242659748
11,420,15984,0.0010307194897904992
11,421,15985,0.0002144776372006163
11,422,15986,0.0006235702894628048
11,423,15987,0.0004804021737072617
11,424,15988,0.056019384413957596
11,425,15989,0.01975383795797825
11,426,15990,0.016924481838941574
11,427,15991,0.0003159303159918636
11,428,15992,0.00048103503650054336
11,429,15993,0.006888826377689838
11,430,15994,0.007546881213784218
11,431,15995,0.0004176198272034526
11,432,15996,0.008208496496081352
11,433,15997,0.00220737443305552
11,434,15998,0.0013033895520493388
11,435,15999,0.0020431552547961473
11,436,16000,0.0006418711855076253
11,437,16001,0.0308841560035944
11,438,16002,0.00826464593410492
11,439,16003,0.000755279150325805
11,440,16004,0.0005622426979243755
11,441,16005,0.0006336002261377871
11,442,16006,0.0003225363907404244
11,443,16007,0.0007679648697376251
11,444,16008,0.020363379269838333
11,445,16009,0.0009705452830530703
11,446,16010,0.0031191150192171335
11,447,16011,0.0007643089629709721
11,448,16012,0.0006523774936795235
11,449,16013,0.023870201781392097
11,450,16014,0.0006839773268438876
11,451,16015,0.0006288057775236666
11,452,16016,0.00033652473939582705
11,453,16017,0.0010517858900129795
11,454,16018,0.0005175881087779999
11,455,16019,0.0014561536954715848
11,456,16020,0.04586593806743622
11,457,16021,0.027542591094970703
11,458,16022,0.0020061649847775698
11,459,16023,0.00169538171030581
11,460,16024,0.017860781401395798
11,461,16025,0.0017515652580186725
11,462,16026,0.0010376902064308524
11,463,16027,0.0017864141846075654
11,464,16028,0.0006904064794071019
11,465,16029,0.00038840892375446856
11,466,16030,0.04573486000299454
11,467,16031,0.0006046743947081268
11,468,16032,0.0009109966340474784
11,469,16033,0.0005739948828704655
11,470,16034,0.0035850985441356897
11,471,16035,0.0008200235315598547
11,472,16036,0.004855143837630749
11,473,16037,0.000351862923707813
11,474,16038,0.0002821341040544212
11,475,16039,0.0005320632481016219
11,476,16040,0.00317763932980597
11,477,16041,0.001013379544019699
11,478,16042,0.0008764695376157761
11,479,16043,0.007449990138411522
11,480,16044,0.011829889379441738
11,481,16045,0.001284574973396957
11,482,16046,0.036637045443058014
11,483,16047,0.0018012700602412224
11,484,16048,0.09707150608301163
11,485,16049,0.0008515507797710598
11,486,16050,0.0004888585535809398
11,487,16051,0.0024027640465646982
11,488,16052,0.004722057841718197
11,489,16053,0.0010128107387572527
11,490,16054,0.026423607021570206
11,491,16055,0.0014295538421720266
11,492,16056,0.002058157231658697
11,493,16057,0.0009840588318184018
11,494,16058,0.0012004312593489885
11,495,16059,0.0043784696608781815
11,496,16060,0.00388064025901258
11,497,16061,0.0008741783094592392
11,498,16062,0.001392532023601234
11,499,16063,0.0026059381198138
11,500,16064,0.0011997433612123132
11,501,16065,0.028991539031267166
11,502,16066,0.0015833957586437464
11,503,16067,0.0010080257197842002
11,504,16068,0.0009583210339769721
11,505,16069,0.001046589924953878
11,506,16070,0.04068104922771454
11,507,16071,0.0017962782876566052
11,508,16072,0.02317245490849018
11,509,16073,0.0006618191837333143
11,510,16074,0.0015210332348942757
11,511,16075,0.0032354772556573153
11,512,16076,0.001104721799492836
11,513,16077,0.0022158969659358263
11,514,16078,0.001939353533089161
11,515,16079,0.001215322408825159
11,516,16080,0.0005065361619926989
11,517,16081,0.028505483642220497
11,518,16082,0.000562283443287015
11,519,16083,0.0007780331652611494
11,520,16084,0.0006893469835631549
11,521,16085,0.03261244669556618
11,522,16086,0.022883998230099678
11,523,16087,0.0008228107471950352
11,524,16088,0.0025873237755149603
11,525,16089,0.0007401476032100618
11,526,16090,0.003304885933175683
11,527,16091,0.0009339152020402253
11,528,16092,0.000846576236654073
11,529,16093,0.0015890728682279587
11,530,16094,0.0009371725609526038
11,531,16095,0.0568283312022686
11,532,16096,0.002955571748316288
11,533,16097,0.002426800085231662
11,534,16098,0.0017705188365653157
11,535,16099,0.018905017524957657
11,536,16100,0.004096995573490858
11,537,16101,0.0009482611785642803
11,538,16102,0.0006772957858629525
11,539,16103,0.0008508489117957652
11,540,16104,0.03527504950761795
11,541,16105,0.0007667354657314718
11,542,16106,0.009263644926249981
11,543,16107,0.003395866369828582
11,544,16108,0.0006830295897088945
11,545,16109,0.003367898752912879
11,546,16110,0.00727557297796011
11,547,16111,0.0018264383543282747
11,548,16112,0.0011576360557228327
11,549,16113,0.015118131414055824
11,550,16114,0.0017732699634507298
11,551,16115,0.009810222312808037
11,552,16116,0.0016057457542046905
11,553,16117,0.0013156067579984665
11,554,16118,0.021633265540003777
11,555,16119,0.0010698189726099372
11,556,16120,0.0009787038434296846
11,557,16121,0.0006638516206294298
11,558,16122,0.0011269672540947795
11,559,16123,0.0007064794190227985
11,560,16124,0.0013307296903803945
11,561,16125,0.0005022080731578171
11,562,16126,0.011863351799547672
11,563,16127,0.0008413047180511057
11,564,16128,0.003773313947021961
11,565,16129,0.00042711649439297616
11,566,16130,0.0004250681959092617
11,567,16131,0.0009567648521624506
11,568,16132,0.0016307438490912318
11,569,16133,0.0022184683475643396
11,570,16134,0.0023857825435698032
11,571,16135,0.0005031139007769525
11,572,16136,0.000557927880436182
11,573,16137,0.0009375776862725616
11,574,16138,0.0013934798771515489
11,575,16139,0.0017225799383595586
11,576,16140,0.007639709860086441
11,577,16141,0.006511878687888384
11,578,16142,0.0015735195484012365
11,579,16143,0.00033403231645934284
11,580,16144,0.0004070191062055528
11,581,16145,0.00833937618881464
11,582,16146,0.0193933118134737
11,583,16147,0.0007285862811841071
11,584,16148,0.0004281097208149731
11,585,16149,0.00034843143657781184
11,586,16150,0.000447819969849661
11,587,16151,0.01099309604614973
11,588,16152,0.00034113353467546403
11,589,16153,0.0038936708588153124
11,590,16154,0.0010803274344652891
11,591,16155,0.0006209242856130004
11,592,16156,0.007109770551323891
11,593,16157,0.0010576365748420358
11,594,16158,0.0019256246741861105
11,595,16159,0.0004653204814530909
11,596,16160,0.00178322393912822
11,597,16161,0.000479804613860324
11,598,16162,0.002165619283914566
11,599,16163,0.0011122970608994365
11,600,16164,0.0012491788947954774
11,601,16165,0.0005504385917447507
11,602,16166,0.0039727152325212955
11,603,16167,0.00029647801420651376
11,604,16168,0.0006917790742591023
11,605,16169,0.0012640358181670308
11,606,16170,0.0003557896998245269
11,607,16171,0.000263506401097402
11,608,16172,0.0010442653438076377
11,609,16173,0.003471184754744172
11,610,16174,0.00025292756618000567
11,611,16175,0.00034490888356231153
11,612,16176,0.0003745061403606087
11,613,16177,0.0019460037583485246
11,614,16178,0.0005072944331914186
11,615,16179,0.0017653013346716762
11,616,16180,0.00040645842091180384
11,617,16181,0.0007432416896335781
11,618,16182,0.00031661937828175724
11,619,16183,0.00035087831201963127
11,620,16184,0.00044220982817932963
11,621,16185,0.004742463119328022
11,622,16186,0.0005028488230891526
11,623,16187,0.0008128035697154701
11,624,16188,0.05926807224750519
11,625,16189,0.0003543612838257104
11,626,16190,0.00038203573785722256
11,627,16191,0.001220275298692286
11,628,16192,0.001150808297097683
11,629,16193,0.0035038518253713846
11,630,16194,0.0005948957987129688
11,631,16195,0.002077012322843075
11,632,16196,0.0004749725922010839
11,633,16197,0.000421208213083446
11,634,16198,0.0005659214803017676
11,635,16199,0.00039651565020903945
11,636,16200,0.015854794532060623
11,637,16201,0.0005861259414814413
11,638,16202,0.0034970382694154978
11,639,16203,0.007086144760251045
11,640,16204,0.002764911623671651
11,641,16205,0.0003031847008969635
11,642,16206,0.0006968124071136117
11,643,16207,0.0026171759236603975
11,644,16208,0.0004903171793557703
11,645,16209,0.0006179126212373376
11,646,16210,0.0012979906750842929
11,647,16211,0.0017147386679425836
11,648,16212,0.0023029325529932976
11,649,16213,0.0010310254292562604
11,650,16214,0.0004448055988177657
11,651,16215,0.0009586402447894216
11,652,16216,0.0026606880128383636
11,653,16217,0.0008317535975947976
11,654,16218,0.0014828585553914309
11,655,16219,0.0003807390166912228
11,656,16220,0.0003477283753454685
11,657,16221,0.01259609404951334
11,658,16222,0.00079624995123595
11,659,16223,0.0005198169383220375
11,660,16224,0.0013170090969651937
11,661,16225,0.002906929235905409
11,662,16226,0.001645742217078805
11,663,16227,0.0005010470049455762
11,664,16228,0.0007728735217824578
11,665,16229,0.0006226366967894137
11,666,16230,0.0003610509156715125
11,667,16231,0.0008489100728183985
11,668,16232,0.00040971313137561083
11,669,16233,0.0007895691669546068
11,670,16234,0.0006552839186042547
11,671,16235,0.0007159940432757139
11,672,16236,0.0007545867119915783
11,673,16237,0.001112916972488165
11,674,16238,0.007117383647710085
11,675,16239,0.02015278860926628
11,676,16240,0.0004888804396614432
11,677,16241,0.0002781869552563876
11,678,16242,0.00029288334189914167
11,679,16243,0.04235409200191498
11,680,16244,0.0005513318465091288
11,681,16245,0.0013357055140659213
11,682,16246,0.0017080121906474233
11,683,16247,0.0008377040503546596
11,684,16248,0.0012027251068502665
11,685,16249,0.0007115135085768998
11,686,16250,0.0010115706827491522
11,687,16251,0.002845450770109892
11,688,16252,0.005136203486472368
11,689,16253,0.0010890900157392025
11,690,16254,0.0005847460706718266
11,691,16255,0.000809798133559525
11,692,16256,0.0005031186738051474
11,693,16257,0.001319639733992517
11,694,16258,0.002569999545812607
11,695,16259,0.0007408240344375372
11,696,16260,0.0013151629827916622
11,697,16261,0.0004237187677063048
11,698,16262,0.0007975844782777131
11,699,16263,0.0004740823933389038
11,700,16264,0.002551199635490775
11,701,16265,0.0003661761002149433
11,702,16266,0.00034754848456941545
11,703,16267,0.0011298814788460732
11,704,16268,0.01653915084898472
11,705,16269,0.001506179803982377
11,706,16270,0.0004486254183575511
11,707,16271,0.0006098691956140101
11,708,16272,0.00011898545926669613
11,709,16273,0.003235006472095847
11,710,16274,0.009615316055715084
11,711,16275,0.013096872717142105
11,712,16276,0.013210033997893333
11,713,16277,0.009259207174181938
11,714,16278,0.0007964859833009541
11,715,16279,0.00035123739507980645
11,716,16280,0.004769537597894669
11,717,16281,0.00023580192646477371
11,718,16282,0.0004407292581163347
11,719,16283,0.002225643489509821
11,720,16284,0.02170121856033802
11,721,16285,0.003042337018996477
11,722,16286,0.000960984209086746
11,723,16287,0.00028998940251767635
11,724,16288,0.0004141309764236212
11,725,16289,0.0041940901428461075
11,726,16290,0.01737787015736103
11,727,16291,0.0005442264373414218
11,728,16292,0.002038756851106882
11,729,16293,0.0008871689788065851
11,730,16294,0.020939316600561142
11,731,16295,0.0005455349455587566
11,732,16296,0.01316830888390541
11,733,16297,0.0002522335562389344
11,734,16298,0.0005148694617673755
11,735,16299,0.019019627943634987
11,736,16300,0.0005190116935409606
11,737,16301,0.0009651987347751856
11,738,16302,0.00035741052124649286
11,739,16303,0.0004778097500093281
11,740,16304,0.0022633422631770372
11,741,16305,0.0004666416207328439
11,742,16306,0.0007031821878626943
11,743,16307,0.004906126763671637
11,744,16308,0.0048261587508022785
11,745,16309,0.000431631546234712
11,746,16310,0.0074730622582137585
11,747,16311,0.0009621380013413727
11,748,16312,0.001924412790685892
11,749,16313,0.0005114625091664493
11,750,16314,0.0006766761071048677
11,751,16315,0.001429830794222653
11,752,16316,0.00040829164208844304
11,753,16317,0.0008077237871475518
11,754,16318,0.001698084408417344
11,755,16319,0.01555634941905737
11,756,16320,0.0014995511155575514
11,757,16321,0.0007362604956142604
11,758,16322,0.01848561316728592
11,759,16323,0.0012137036537751555
11,760,16324,0.005560948979109526
11,761,16325,0.00387251703068614
11,762,16326,0.0005433799233287573
11,763,16327,0.0011110258055850863
11,764,16328,0.008326850831508636
11,765,16329,0.01724027283489704
11,766,16330,0.006205297540873289
11,767,16331,0.000576983205974102
11,768,16332,0.0012958879815414548
11,769,16333,0.0008798196213319898
11,770,16334,0.004135206341743469
11,771,16335,0.0007091768784448504
11,772,16336,0.005142892245203257
11,773,16337,0.0006065887282602489
11,774,16338,0.0007611668552272022
11,775,16339,0.0005830859299749136
11,776,16340,0.0003297627263236791
11,777,16341,0.0005039795069023967
11,778,16342,0.018604619428515434
11,779,16343,0.002214209409430623
11,780,16344,0.00031568887061439455
11,781,16345,0.00030250148847699165
11,782,16346,0.00043545462540350854
11,783,16347,0.0004027575778309256
11,784,16348,0.00920441560447216
11,785,16349,0.00045971799409016967
11,786,16350,0.0003581451892387122
11,787,16351,0.0012210225686430931
11,788,16352,0.0011850071605294943
11,789,16353,0.000450653926236555
11,790,16354,0.008203055709600449
11,791,16355,0.00038994476199150085
11,792,16356,0.004218136891722679
11,793,16357,0.007904240861535072
11,794,16358,0.0004458213225007057
11,795,16359,0.0001961413654498756
11,796,16360,0.0005060532712377608
11,797,16361,0.000998673727735877
11,798,16362,0.004193877801299095
11,799,16363,0.0014200207078829408
11,800,16364,0.000864771893247962
11,801,16365,0.0005497361999005079
11,802,16366,0.005544138606637716
11,803,16367,0.0007116140914149582
11,804,16368,0.0003868088824674487
11,805,16369,0.0004910117131657898
11,806,16370,0.01299823448061943
11,807,16371,0.0006542079499922693
11,808,16372,0.03858202323317528
11,809,16373,0.0002413853508187458
11,810,16374,0.0006279239896684885
11,811,16375,0.0003898589638993144
11,812,16376,0.009171432815492153
11,813,16377,0.0011773044243454933
11,814,16378,0.00039063161239027977
11,815,16379,0.0006537658628076315
11,816,16380,0.011440270580351353
11,817,16381,0.0003367677563801408
11,818,16382,0.00036135452683083713
11,819,16383,0.002889335621148348
11,820,16384,0.0006432738737203181
11,821,16385,0.0013866666704416275
11,822,16386,0.0005201032618060708
11,823,16387,0.0007868644315749407
11,824,16388,0.00044227627222426236
11,825,16389,0.0019689230248332024
11,826,16390,0.0008060983964242041
11,827,16391,0.0004711290530394763
11,828,16392,0.0025080805644392967
11,829,16393,0.0009176797466352582
11,830,16394,0.005454301368445158
11,831,16395,0.0006703133694827557
11,832,16396,0.0015178060857579112
11,833,16397,0.0015783313428983092
11,834,16398,0.0009552247356623411
11,835,16399,0.024372266605496407
11,836,16400,0.000509373436216265
11,837,16401,0.0022861722391098738
11,838,16402,0.0010915922466665506
11,839,16403,0.0005872129113413393
11,840,16404,0.000568629358895123
11,841,16405,0.0009277039207518101
11,842,16406,0.0002675637661013752
11,843,16407,0.0037762222345918417
11,844,16408,0.001243847655132413
11,845,16409,0.00038705641054548323
11,846,16410,0.013764061033725739
11,847,16411,0.0005632877582684159
11,848,16412,0.004445549566298723
11,849,16413,0.0006930568488314748
11,850,16414,0.00036923191510140896
11,851,16415,0.0015351250767707825
11,852,16416,0.000515743566211313
11,853,16417,0.0008472773479297757
11,854,16418,0.0026708992663770914
11,855,16419,0.00016830848471727222
11,856,16420,0.017408110201358795
11,857,16421,0.0008586375042796135
11,858,16422,0.0004564747214317322
11,859,16423,0.0005621685995720327
11,860,16424,0.0004636853700503707
11,861,16425,0.000517098989803344
11,862,16426,0.0016231831395998597
11,863,16427,0.0006230489234440029
11,864,16428,0.0007749306387268007
11,865,16429,0.0015246430411934853
11,866,16430,0.003672417253255844
11,867,16431,0.0008682316401973367
11,868,16432,0.027054375037550926
11,869,16433,0.0070844413712620735
11,870,16434,0.0009752641781233251
11,871,16435,0.0012190514244139194
11,872,16436,0.0006241455557756126
11,873,16437,0.0003772928612306714
11,874,16438,0.0005244194180704653
11,875,16439,0.000991723733022809
11,876,16440,0.00019235187210142612
11,877,16441,0.00029457680648192763
11,878,16442,0.000271775817964226
11,879,16443,0.00044301882735453546
11,880,16444,0.005836190190166235
11,881,16445,0.012358801439404488
11,882,16446,0.0004313935642130673
11,883,16447,0.0002564445894677192
11,884,16448,0.002701991470530629
11,885,16449,0.0005814269534312189
11,886,16450,0.0018390314653515816
11,887,16451,0.0004980834200978279
11,888,16452,0.0005889685126021504
11,889,16453,0.000375750387320295
11,890,16454,0.002208036370575428
11,891,16455,0.011981213465332985
11,892,16456,0.0005511777708306909
11,893,16457,0.00032479531364515424
11,894,16458,0.0003801074926741421
11,895,16459,0.04093485698103905
11,896,16460,0.00043278431985527277
11,897,16461,0.059578146785497665
11,898,16462,0.0006896897684782743
11,899,16463,0.0003469038347247988
11,900,16464,0.0004058945341967046
11,901,16465,0.021258756518363953
11,902,16466,0.0004138446820434183
11,903,16467,0.0021379473619163036
11,904,16468,0.0018380328547209501
11,905,16469,0.015514390543103218
11,906,16470,0.0006023854948580265
11,907,16471,0.0039024173747748137
11,908,16472,0.0010062704095616937
11,909,16473,0.0009217230253852904
11,910,16474,0.0010640558321028948
11,911,16475,0.024194657802581787
11,912,16476,0.0008848425350151956
11,913,16477,0.00047893146984279156
11,914,16478,0.044031888246536255
11,915,16479,0.004683966748416424
11,916,16480,0.000200502501684241
11,917,16481,0.003582060569897294
11,918,16482,0.003446265123784542
11,919,16483,0.0004225267330184579
11,920,16484,0.0031973463483154774
11,921,16485,0.0009436177788302302
11,922,16486,0.0007523002568632364
11,923,16487,0.015695655718445778
11,924,16488,0.0008321934146806598
11,925,16489,0.033801499754190445
11,926,16490,0.0003958452434744686
11,927,16491,0.0020501373801380396
11,928,16492,0.0002859050582628697
11,929,16493,0.0013142199022695422
11,930,16494,0.00217596092261374
11,931,16495,0.004351613577455282
11,932,16496,0.0008053408819250762
11,933,16497,0.0008531801286153495
11,934,16498,0.0925845131278038
11,935,16499,0.040213294327259064
11,936,16500,0.0011041108518838882
11,937,16501,0.000970599940046668
11,938,16502,0.0022389073856174946
11,939,16503,0.000956331321503967
11,940,16504,0.0010826430516317487
11,941,16505,0.0010752594098448753
11,942,16506,0.0018889751518145204
11,943,16507,0.026532119140028954
11,944,16508,0.003730927826836705
11,945,16509,0.0006091102841310203
11,946,16510,0.0009213087614625692
11,947,16511,0.0005834255716763437
11,948,16512,0.009708495810627937
11,949,16513,0.0015303866239264607
11,950,16514,0.001275794580578804
11,951,16515,0.000997118535451591
11,952,16516,0.0009084972552955151
11,953,16517,0.04204873740673065
11,954,16518,0.0014797486364841461
11,955,16519,0.004598073195666075
11,956,16520,0.0015264315297827125
11,957,16521,0.0034230181481689215
11,958,16522,0.0006791693158447742
11,959,16523,0.006125930231064558
11,960,16524,0.006067247595638037
11,961,16525,0.0016748084453865886
11,962,16526,0.0011435116175562143
11,963,16527,0.0005967337056063116
11,964,16528,0.0005192619864828885
11,965,16529,0.0006068249349482358
11,966,16530,0.010535313747823238
11,967,16531,0.0003756399091798812
11,968,16532,0.00010549389844527468
11,969,16533,0.001346187200397253
11,970,16534,0.0008260206086561084
11,971,16535,0.0010315055260434747
11,972,16536,0.000164876677445136
11,973,16537,0.0008839730289764702
11,974,16538,0.0014202229212969542
11,975,16539,0.00045969997881911695
11,976,16540,0.0028390365187078714
11,977,16541,0.003886154154315591
11,978,16542,0.0003934743581339717
11,979,16543,0.00034513085847720504
11,980,16544,0.0006456989794969559
11,981,16545,0.00025393080431967974
11,982,16546,0.001709431642666459
11,983,16547,0.0011182798771187663
11,984,16548,0.0005252630217000842
11,985,16549,0.003028255421668291
11,986,16550,0.0017617967678233981
11,987,16551,0.0011734487488865852
11,988,16552,0.0009232019074261189
11,989,16553,0.00011423925752751529
11,990,16554,0.0005322556244209409
11,991,16555,0.00043172267032787204
11,992,16556,0.003375888103619218
11,993,16557,0.0015420404961332679
11,994,16558,0.004024854861199856
11,995,16559,0.0006502221222035587
11,996,16560,0.0008259534370154142
11,997,16561,9.770019096322358e-05
11,998,16562,0.0004614353529177606
11,999,16563,0.0004617924860212952
11,1000,16564,0.0008199539151974022
11,1001,16565,0.0005115783424116671
11,1002,16566,0.0012471432564780116
11,1003,16567,0.00867246650159359
11,1004,16568,0.00036935886600986123
11,1005,16569,0.0008269512909464538
11,1006,16570,0.0007576127536594868
11,1007,16571,0.00025629589799791574
11,1008,16572,0.003780070459470153
11,1009,16573,0.008309243246912956
11,1010,16574,0.00014702010957989842
11,1011,16575,0.0040566339157521725
11,1012,16576,0.001242859405465424
11,1013,16577,0.0007205521105788648
11,1014,16578,0.0006563763017766178
11,1015,16579,0.0008014151826500893
11,1016,16580,0.0008963511791080236
11,1017,16581,0.0010788950603455305
11,1018,16582,0.0004900582716800272
11,1019,16583,0.00030442560091614723
11,1020,16584,0.013088840991258621
11,1021,16585,0.00042680324986577034
11,1022,16586,0.003519634949043393
11,1023,16587,0.0005029011517763138
11,1024,16588,0.000381205027224496
11,1025,16589,0.0009863395243883133
11,1026,16590,0.003351395484060049
11,1027,16591,0.0004112271126359701
11,1028,16592,0.00023420280194841325
11,1029,16593,0.0002909993636421859
11,1030,16594,0.00041051069274544716
11,1031,16595,0.002531473059207201
11,1032,16596,0.02609225921332836
11,1033,16597,0.00039003731217235327
11,1034,16598,0.005718698259443045
11,1035,16599,0.0003020055592060089
11,1036,16600,0.0032044209074229
11,1037,16601,0.0010128061985597014
11,1038,16602,0.004429600667208433
11,1039,16603,0.0010345590999349952
11,1040,16604,0.00036876308149658144
11,1041,16605,0.0012336118379607797
11,1042,16606,0.0003537407028488815
11,1043,16607,0.0006673304014839232
11,1044,16608,0.030911000445485115
11,1045,16609,0.00010282672883477062
11,1046,16610,0.017268480733036995
11,1047,16611,0.052061498165130615
11,1048,16612,0.0015293072210624814
11,1049,16613,0.00042568761273287237
11,1050,16614,0.0003923368640244007
11,1051,16615,0.00016576351481489837
11,1052,16616,0.000977248651906848
11,1053,16617,0.006376130040735006
11,1054,16618,0.0016765383770689368
11,1055,16619,0.007165723480284214
11,1056,16620,0.0002364249958191067
11,1057,16621,0.0009421704453416169
11,1058,16622,0.04271887615323067
11,1059,16623,0.0006360715487971902
11,1060,16624,0.00015023702871985734
11,1061,16625,0.0004522087692748755
11,1062,16626,0.033612027764320374
11,1063,16627,0.00048113634693436325
11,1064,16628,0.004492666572332382
11,1065,16629,0.018484631553292274
11,1066,16630,0.004452851135283709
11,1067,16631,0.001402272959239781
11,1068,16632,0.005178641993552446
11,1069,16633,0.0011677149450406432
11,1070,16634,0.0021500769071280956
11,1071,16635,0.0017165732569992542
11,1072,16636,0.00038415539893321693
11,1073,16637,0.0024640201590955257
11,1074,16638,0.03355368971824646
11,1075,16639,0.002384148770943284
11,1076,16640,0.002320797648280859
11,1077,16641,0.00040569857810623944
11,1078,16642,0.0007592460024170578
11,1079,16643,0.0005756060127168894
11,1080,16644,0.0014038494555279613
11,1081,16645,0.0004061244835611433
11,1082,16646,0.0010860407492145896
11,1083,16647,0.004341101739555597
11,1084,16648,0.0020235253032296896
11,1085,16649,0.0004006024682894349
11,1086,16650,0.015496834181249142
11,1087,16651,0.0012128720991313457
11,1088,16652,0.0009618951589800417
11,1089,16653,0.007399238646030426
11,1090,16654,0.0002951243950519711
11,1091,16655,0.02807806059718132
11,1092,16656,0.00024629279505461454
11,1093,16657,0.0059026144444942474
11,1094,16658,0.00047929183347150683
11,1095,16659,0.0006647416739724576
11,1096,16660,0.012972376309335232
11,1097,16661,0.0006102565675973892
11,1098,16662,0.000479830545373261
11,1099,16663,0.006717602722346783
11,1100,16664,0.0014037296641618013
11,1101,16665,0.0007666437886655331
11,1102,16666,0.0034257418010383844
11,1103,16667,0.0007691553910262883
11,1104,16668,0.0007501429063268006
11,1105,16669,0.006524177733808756
11,1106,16670,0.0005984859308227897
11,1107,16671,0.0005355319008231163
11,1108,16672,0.0006359320832416415
11,1109,16673,0.0011836308985948563
11,1110,16674,0.0004286814364604652
11,1111,16675,0.0011445876443758607
11,1112,16676,0.0005245488719083369
11,1113,16677,0.0007937714690342546
11,1114,16678,0.0008999715209938586
11,1115,16679,0.001140298438258469
11,1116,16680,0.005786609835922718
11,1117,16681,0.0009543534251861274
11,1118,16682,0.00036258064210414886
11,1119,16683,0.0011400795774534345
11,1120,16684,0.01609184592962265
11,1121,16685,0.013852420262992382
11,1122,16686,0.0005565789761021733
11,1123,16687,0.004803249146789312
11,1124,16688,0.0003828272456303239
11,1125,16689,0.005440461449325085
11,1126,16690,0.0006339762476272881
11,1127,16691,0.0010440625483170152
11,1128,16692,0.0006770886247977614
11,1129,16693,0.0006672768504358828
11,1130,16694,0.0031822570599615574
11,1131,16695,0.00046610095887444913
11,1132,16696,0.0005520054255612195
11,1133,16697,0.0009569231770001352
11,1134,16698,0.0006474090623669326
11,1135,16699,0.0006253797328099608
11,1136,16700,0.0003942634502891451
11,1137,16701,0.01974565163254738
11,1138,16702,0.0008816095069050789
11,1139,16703,0.029005158692598343
11,1140,16704,0.014361472800374031
11,1141,16705,0.0010582015383988619
11,1142,16706,0.0005468125455081463
11,1143,16707,9.571244299877435e-05
11,1144,16708,0.002280895132571459
11,1145,16709,0.00042729786946438253
11,1146,16710,0.00023302783665712923
11,1147,16711,0.0061731645837426186
11,1148,16712,0.0026878931093961
11,1149,16713,0.029026644304394722
11,1150,16714,0.0010601186659187078
11,1151,16715,0.002721481490880251
11,1152,16716,0.018705446273088455
11,1153,16717,0.0004630166513379663
11,1154,16718,0.0005304091610014439
11,1155,16719,0.0030863522551953793
11,1156,16720,0.0004591087927110493
11,1157,16721,0.002036412712186575
11,1158,16722,0.0003492210526019335
11,1159,16723,0.003609301755204797
11,1160,16724,0.0008013383485376835
11,1161,16725,0.0018238052725791931
11,1162,16726,0.0004776720597874373
11,1163,16727,0.0026111251208931208
11,1164,16728,0.0019360107835382223
11,1165,16729,0.011891487054526806
11,1166,16730,0.001997171202674508
11,1167,16731,0.00898711383342743
11,1168,16732,0.0021091417875140905
11,1169,16733,0.0002480893163010478
11,1170,16734,0.001697978819720447
11,1171,16735,0.0008727911044843495
11,1172,16736,0.0009713900508359075
11,1173,16737,0.00037577396142296493
11,1174,16738,0.00038991012843325734
11,1175,16739,0.0005795634351670742
11,1176,16740,0.0004413133137859404
11,1177,16741,0.04359322786331177
11,1178,16742,0.0005231344257481396
11,1179,16743,0.001267896732315421
11,1180,16744,0.0006096021388657391
11,1181,16745,0.00047438853653147817
11,1182,16746,0.000795293424744159
11,1183,16747,0.00044496808550320566
11,1184,16748,0.0016403979388996959
11,1185,16749,0.0008365437970496714
11,1186,16750,0.0012842529686167836
11,1187,16751,0.00046629924327135086
11,1188,16752,0.0006318650557659566
11,1189,16753,0.007068040780723095
11,1190,16754,0.0011833538301289082
11,1191,16755,0.0008155664545483887
11,1192,16756,0.0021609077230095863
11,1193,16757,0.0008636362035758793
11,1194,16758,0.03475886583328247
11,1195,16759,0.0434935986995697
11,1196,16760,0.009220649488270283
11,1197,16761,0.0005239219171926379
11,1198,16762,0.002824940253049135
11,1199,16763,0.0006239567301236093
11,1200,16764,0.0019208177691325545
11,1201,16765,0.00028274126816540956
11,1202,16766,0.00045115011744201183
11,1203,16767,0.0002673185954336077
11,1204,16768,0.0006853782688267529
11,1205,16769,0.0003607153194025159
11,1206,16770,0.003935934044420719
11,1207,16771,0.0005360908689908683
11,1208,16772,0.007064974866807461
11,1209,16773,0.0011237775906920433
11,1210,16774,0.0006649782881140709
11,1211,16775,0.007757548708468676
11,1212,16776,0.0007368745282292366
11,1213,16777,0.0014206839259713888
11,1214,16778,0.0005850630695931613
11,1215,16779,0.0002503522264305502
11,1216,16780,0.0009685693657957017
11,1217,16781,0.0005926251178607345
11,1218,16782,0.0004747331840917468
11,1219,16783,0.011862112209200859
11,1220,16784,0.0010115678887814283
11,1221,16785,0.0006119744502939284
11,1222,16786,0.0004692068905569613
11,1223,16787,0.006471599452197552
11,1224,16788,0.00043796899262815714
11,1225,16789,0.0002972958027385175
11,1226,16790,0.025084828957915306
11,1227,16791,0.0007660433766432106
11,1228,16792,0.013567514717578888
11,1229,16793,0.0003922563628293574
11,1230,16794,0.0013639702228829265
11,1231,16795,0.0004930327413603663
11,1232,16796,0.0005253810086287558
11,1233,16797,0.0006857819389551878
11,1234,16798,0.0009335182257927954
11,1235,16799,0.0013052135473117232
11,1236,16800,0.0009114271379075944
11,1237,16801,0.00015896724653430283
11,1238,16802,0.001223483239300549
11,1239,16803,0.0005319031188264489
11,1240,16804,0.00044107201392762363
11,1241,16805,0.0004243677540216595
11,1242,16806,0.0009506430360488594
11,1243,16807,0.0005892968038097024
11,1244,16808,0.00035976190702058375
11,1245,16809,0.0005717785097658634
11,1246,16810,0.000466422934550792
11,1247,16811,0.0007658566464670002
11,1248,16812,0.00041828484972938895
11,1249,16813,0.00041286516352556646
11,1250,16814,0.00015894960961304605
11,1251,16815,0.018799815326929092
11,1252,16816,0.00030366238206624985
11,1253,16817,0.0011877977522090077
11,1254,16818,0.00023819427588023245
11,1255,16819,0.0004468788974918425
11,1256,16820,0.0024037989787757397
11,1257,16821,0.000302430969895795
11,1258,16822,0.0005865067359991372
11,1259,16823,0.0010713607771322131
11,1260,16824,0.0007467888644896448
11,1261,16825,0.0013220282271504402
11,1262,16826,0.006435737479478121
11,1263,16827,0.0006085442146286368
11,1264,16828,0.0009598127217032015
11,1265,16829,0.0005099221016280353
11,1266,16830,0.03052794560790062
11,1267,16831,0.0006088981754146516
11,1268,16832,0.00039640982868149877
11,1269,16833,0.0005180527223274112
11,1270,16834,0.000370997964637354
11,1271,16835,0.0005385317490436137
11,1272,16836,0.0002084844309138134
11,1273,16837,0.0005901750409975648
11,1274,16838,0.0002736859896685928
11,1275,16839,0.0004760299634654075
11,1276,16840,0.023854654282331467
11,1277,16841,0.0006781437550671399
11,1278,16842,0.0005210284143686295
11,1279,16843,0.007570513058453798
11,1280,16844,0.0009353099740110338
11,1281,16845,0.0033205654472112656
11,1282,16846,0.0009723852854222059
11,1283,16847,0.02922065183520317
11,1284,16848,0.0003822899889200926
11,1285,16849,0.0007076271576806903
11,1286,16850,0.000698571908287704
11,1287,16851,0.015174043364822865
11,1288,16852,0.000651539652608335
11,1289,16853,0.0033113863319158554
11,1290,16854,0.0007159410743042827
11,1291,16855,0.012592870742082596
11,1292,16856,0.00040487555088475347
11,1293,16857,0.000425379432272166
11,1294,16858,0.0013324713800102472
11,1295,16859,0.0004393124545458704
11,1296,16860,0.00021321787789929658
11,1297,16861,0.006415299139916897
11,1298,16862,0.024475349113345146
11,1299,16863,0.011612724512815475
11,1300,16864,0.0009582210914231837
11,1301,16865,0.0004893903387710452
11,1302,16866,0.00039823248516768217
11,1303,16867,0.000929763016756624
11,1304,16868,0.0004654498479794711
11,1305,16869,0.00020972438505850732
11,1306,16870,0.001021882868371904
11,1307,16871,0.0116072753444314
11,1308,16872,0.0011443478288128972
11,1309,16873,0.004607859067618847
11,1310,16874,0.000607133551966399
11,1311,16875,0.0003669610887300223
11,1312,16876,0.0015646959654986858
11,1313,16877,0.0016579247312620282
11,1314,16878,0.00407969206571579
11,1315,16879,0.005088992416858673
11,1316,16880,0.058591753244400024
11,1317,16881,0.0005634579574689269
11,1318,16882,0.012088990770280361
11,1319,16883,0.0015614957083016634
11,1320,16884,0.0018277171766385436
11,1321,16885,0.0016671878984197974
11,1322,16886,0.0005864449194632471
11,1323,16887,0.0003429323260206729
11,1324,16888,0.000760488270316273
11,1325,16889,0.0003698487125802785
11,1326,16890,0.00031941712950356305
11,1327,16891,0.00031485813087783754
11,1328,16892,0.0029610751662403345
11,1329,16893,0.017764048650860786
11,1330,16894,0.00037310781772248447
11,1331,16895,0.0004138645017519593
11,1332,16896,0.0005093847285024822
11,1333,16897,0.0004801047907676548
11,1334,16898,0.0023471503518521786
11,1335,16899,0.0007112214807420969
11,1336,16900,0.0008101215353235602
11,1337,16901,0.000488137622596696
11,1338,16902,0.01315841730684042
11,1339,16903,0.00048532025539316237
11,1340,16904,0.0005420134984888136
11,1341,16905,0.0004602576664183289
11,1342,16906,0.00021886237664148211
11,1343,16907,0.0008432472823187709
11,1344,16908,0.0002930876798927784
11,1345,16909,0.0005159617867320776
11,1346,16910,0.000352709146682173
11,1347,16911,0.0011428841389715672
11,1348,16912,0.0011149111669510603
11,1349,16913,0.00019146011618431658
11,1350,16914,0.000744328077416867
11,1351,16915,0.0008597156847827137
11,1352,16916,0.005786254070699215
11,1353,16917,0.0006826648022979498
11,1354,16918,0.0006089717498980463
11,1355,16919,8.623027679277584e-05
11,1356,16920,0.00038856235914863646
11,1357,16921,0.0006364634609781206
11,1358,16922,0.006542623974382877
11,1359,16923,0.0013314741663634777
11,1360,16924,0.0007843641797080636
11,1361,16925,0.011678006500005722
11,1362,16926,0.0008787432452663779
11,1363,16927,0.028423583135008812
11,1364,16928,0.0007850784459151328
11,1365,16929,0.05053376033902168
11,1366,16930,0.01158355176448822
11,1367,16931,0.019785597920417786
11,1368,16932,0.0003946049837395549
11,1369,16933,0.0004198165552224964
11,1370,16934,0.00028727285098284483
11,1371,16935,0.0004433056164998561
11,1372,16936,0.03537525236606598
11,1373,16937,0.00024015706731006503
11,1374,16938,0.00018325042037758976
11,1375,16939,0.0005268686218187213
11,1376,16940,0.0008066768059507012
11,1377,16941,0.004017871338874102
11,1378,16942,0.002329530194401741
11,1379,16943,0.014374814927577972
11,1380,16944,0.00051116879330948
11,1381,16945,0.00046320667024701834
11,1382,16946,0.0025324691087007523
11,1383,16947,0.000523724767845124
11,1384,16948,0.0008329336415044963
11,1385,16949,0.000994912814348936
11,1386,16950,0.00919165089726448
11,1387,16951,0.00243984442204237
11,1388,16952,0.0004955278127454221
11,1389,16953,0.0056889234110713005
11,1390,16954,0.0017631582450121641
11,1391,16955,0.007944650016725063
11,1392,16956,0.00105486367829144
11,1393,16957,0.0008396756020374596
11,1394,16958,0.0021378614474087954
11,1395,16959,0.0021209565456956625
11,1396,16960,0.0003215096367057413
11,1397,16961,0.0003657334891613573
11,1398,16962,0.001402700087055564
11,1399,16963,0.010293710976839066
11,1400,16964,0.00044826959492638707
11,1401,16965,0.0007643844000995159
11,1402,16966,0.0015491594094783068
11,1403,16967,0.00025235052453354
11,1404,16968,0.0003408337361179292
11,1405,16969,0.0001991921744775027
11,1406,16970,0.007030301261693239
11,1407,16971,0.01073117833584547
11,1408,16972,0.002711900509893894
11,1409,16973,0.03846057876944542
11,1410,16974,0.0007555309566669166
11,1411,16975,0.014778077602386475
11,1412,16976,0.002739112125709653
11,1413,16977,0.0003013532259501517
11,1414,16978,0.046686846762895584
11,1415,16979,0.00023765713558532298
12,1,16980,0.0007262107683345675
12,2,16981,0.0006635073805227876
12,3,16982,0.00037345674354583025
12,4,16983,0.00047798972809687257
12,5,16984,0.00041699709254316986
12,6,16985,0.0001464297529309988
12,7,16986,0.0067609092220664024
12,8,16987,0.0008912895573303103
12,9,16988,0.0008348370902240276
12,10,16989,0.0007063811062835157
12,11,16990,0.000581878877710551
12,12,16991,0.0011733847204595804
12,13,16992,0.0005421211244538426
12,14,16993,0.0004373511183075607
12,15,16994,0.005662835203111172
12,16,16995,0.002875313628464937
12,17,16996,0.000350086425896734
12,18,16997,0.008719181641936302
12,19,16998,0.0005297830794006586
12,20,16999,0.0005962764844298363
12,21,17000,0.0005212992546148598
12,22,17001,0.00047904253005981445
12,23,17002,0.0030472069047391415
12,24,17003,0.01013933215290308
12,25,17004,0.0005578259006142616
12,26,17005,0.0007050988497212529
12,27,17006,0.00040798381087370217
12,28,17007,0.0018557356670498848
12,29,17008,0.0011017147917300463
12,30,17009,0.0008771893917582929
12,31,17010,0.01717197336256504
12,32,17011,0.0134962173178792
12,33,17012,0.0007676442037336528
12,34,17013,0.0006411350332200527
12,35,17014,0.0010455433512106538
12,36,17015,0.0010314331157132983
12,37,17016,0.0031212628819048405
12,38,17017,0.0006076906574890018
12,39,17018,0.02600935846567154
12,40,17019,0.0064360275864601135
12,41,17020,0.00015035475371405482
12,42,17021,0.0008394324104301631
12,43,17022,0.00044267557677812874
12,44,17023,0.0004838559834752232
12,45,17024,0.0007702702423557639
12,46,17025,0.0010733894305303693
12,47,17026,0.0003589924599509686
12,48,17027,0.004840160720050335
12,49,17028,0.018431134521961212
12,50,17029,0.0005171585362404585
12,51,17030,0.0012908994685858488
12,52,17031,0.0010450368281453848
12,53,17032,0.01376345008611679
12,54,17033,0.00034516077721491456
12,55,17034,0.000976456212811172
12,56,17035,0.00044314065598882735
12,57,17036,0.0005615967675112188
12,58,17037,0.0008144105086103082
12,59,17038,0.02018921636044979
12,60,17039,0.00023982110724318773
12,61,17040,0.017049886286258698
12,62,17041,0.018625296652317047
12,63,17042,0.000964782084338367
12,64,17043,0.0005941250128671527
12,65,17044,0.0004756836569868028
12,66,17045,0.0006027162307873368
12,67,17046,0.034544020891189575
12,68,17047,0.008410567417740822
12,69,17048,0.0007100701332092285
12,70,17049,0.0007848308305256069
12,71,17050,0.00330113572999835
12,72,17051,0.0005403113318607211
12,73,17052,0.00028125595417805016
12,74,17053,0.00044547210563905537
12,75,17054,0.0004315812257118523
12,76,17055,0.0005931641790084541
12,77,17056,0.000325619155773893
12,78,17057,0.0007652586209587753
12,79,17058,0.00024560143356211483
12,80,17059,0.0005096071981824934
12,81,17060,0.010574332438409328
12,82,17061,0.004600437358021736
12,83,17062,0.010322095826268196
12,84,17063,0.0006730746245011687
12,85,17064,0.0004568102885968983
12,86,17065,0.0026664952747523785
12,87,17066,0.0004039977793581784
12,88,17067,0.0007921945070847869
12,89,17068,0.001140332780778408
12,90,17069,0.004617520608007908
12,91,17070,0.0005852394388057292
12,92,17071,0.0008434096816927195
12,93,17072,0.0010598601074889302
12,94,17073,0.000610960996709764
12,95,17074,0.000335060729412362
12,96,17075,0.0005051777698099613
12,97,17076,0.0031196086201816797
12,98,17077,0.0026627336628735065
12,99,17078,0.000379280187189579
12,100,17079,0.0002580812724772841
12,101,17080,0.00032464522519148886
12,102,17081,0.0002883156994357705
12,103,17082,0.0002348044072277844
12,104,17083,0.0005882384721189737
12,105,17084,0.0003158444305881858
12,106,17085,0.0017310071270912886
12,107,17086,0.0002680709585547447
12,108,17087,0.000746970355976373
12,109,17088,0.0003767763264477253
12,110,17089,0.0002629378577694297
12,111,17090,0.0003844881139229983
12,112,17091,0.000751639308873564
12,113,17092,0.00033105144393630326
12,114,17093,0.0004818326560780406
12,115,17094,0.0004537596250884235
12,116,17095,0.025302140042185783
12,117,17096,0.00034671532921493053
12,118,17097,0.0008725677034817636
12,119,17098,0.0003661067457869649
12,120,17099,0.00017935950017999858
12,121,17100,0.0546693429350853
12,122,17101,0.007006125990301371
12,123,17102,0.00040409836219623685
12,124,17103,0.06578084826469421
12,125,17104,0.00031771513749845326
12,126,17105,0.00048222087207250297
12,127,17106,0.00044838860048912466
12,128,17107,0.00029956342768855393
12,129,17108,0.0023812514264136553
12,130,17109,0.0002764203818514943
12,131,17110,0.0006335634971037507
12,132,17111,0.0003673996252473444
12,133,17112,0.0005200855666771531
12,134,17113,0.002813215833157301
12,135,17114,0.0005230408278293908
12,136,17115,0.003435711609199643
12,137,17116,0.0005337660550139844
12,138,17117,0.000358250254066661
12,139,17118,0.017511261627078056
12,140,17119,0.00042302851215936244
12,141,17120,0.0036075017414987087
12,142,17121,0.0014834986068308353
12,143,17122,0.0004805675707757473
12,144,17123,0.001794330426491797
12,145,17124,0.006282559130340815
12,146,17125,0.0013152477331459522
12,147,17126,0.009288829751312733
12,148,17127,0.0005231157410889864
12,149,17128,0.001786282635293901
12,150,17129,0.0008062273846007884
12,151,17130,0.0003668433637358248
12,152,17131,0.024328084662556648
12,153,17132,0.0003365490701980889
12,154,17133,0.0011760161723941565
12,155,17134,0.00025253419880755246
12,156,17135,0.003077761735767126
12,157,17136,0.0006541028851643205
12,158,17137,0.0004673625808209181
12,159,17138,0.00039241279591806233
12,160,17139,0.0006019251304678619
12,161,17140,0.00026846653781831264
12,162,17141,0.00026979923131875694
12,163,17142,0.0009616075549274683
12,164,17143,0.0007635325309820473
12,165,17144,0.0020555458031594753
12,166,17145,0.0005868523148819804
12,167,17146,0.00048035933286882937
12,168,17147,0.0002713712165132165
12,169,17148,0.00028821430169045925
12,170,17149,0.0009063459583558142
12,171,17150,0.0010570427402853966
12,172,17151,0.00026911593158729374
12,173,17152,0.00029362700297497213
12,174,17153,0.008240439929068089
12,175,17154,0.0009166623349301517
12,176,17155,0.00036942175938747823
12,177,17156,0.0001221709680976346
12,178,17157,0.0002854620397556573
12,179,17158,0.0003188496339134872
12,180,17159,0.0033452846109867096
12,181,17160,0.0004617194354068488
12,182,17161,0.0005963146686553955
12,183,17162,0.002069339156150818
12,184,17163,0.0008963759173639119
12,185,17164,0.00027577660512179136
12,186,17165,0.00035925096017308533
12,187,17166,0.0009094910346902907
12,188,17167,0.00031098927138373256
12,189,17168,0.0003691997844725847
12,190,17169,0.00048324227100238204
12,191,17170,0.00027095628320239484
12,192,17171,0.00038365766522474587
12,193,17172,0.0020317756570875645
12,194,17173,0.0005377961206249893
12,195,17174,0.0004177291120868176
12,196,17175,0.0003494324628263712
12,197,17176,0.013766271993517876
12,198,17177,0.0005263252533040941
12,199,17178,0.0005470393807627261
12,200,17179,0.00018932971579488367
12,201,17180,0.000365282001439482
12,202,17181,0.0011466533178463578
12,203,17182,0.00015662735677324235
12,204,17183,0.0102270832285285
12,205,17184,0.002246237825602293
12,206,17185,0.00037070841062813997
12,207,17186,0.0002600333245936781
12,208,17187,0.0012473317328840494
12,209,17188,0.0004322076856624335
12,210,17189,0.0002020990796154365
12,211,17190,0.00040807106415741146
12,212,17191,0.0003296599898021668
12,213,17192,0.0018478662241250277
12,214,17193,0.0005041775293648243
12,215,17194,0.006868476513773203
12,216,17195,0.002586126094684005
12,217,17196,0.00015038636047393084
12,218,17197,0.0005928936880081892
12,219,17198,0.00041511934250593185
12,220,17199,0.0002979935670737177
12,221,17200,0.0002561207511462271
12,222,17201,0.00040187276317737997
12,223,17202,0.0003546463849488646
12,224,17203,0.0003328327147755772
12,225,17204,0.0003427495248615742
12,226,17205,0.0003688475408125669
12,227,17206,0.000463171920273453
12,228,17207,0.0005526902968995273
12,229,17208,0.00035153902717866004
12,230,17209,0.0018041121074929833
12,231,17210,0.006109468173235655
12,232,17211,0.000455090164905414
12,233,17212,0.0003862552111968398
12,234,17213,0.0046721030957996845
12,235,17214,0.0003255158953834325
12,236,17215,0.000226294418098405
12,237,17216,0.0004928868147544563
12,238,17217,0.00047158231609500945
12,239,17218,0.0003165703092236072
12,240,17219,0.0006199735216796398
12,241,17220,0.00023380242055281997
12,242,17221,0.00023867652635090053
12,243,17222,0.00045032857451587915
12,244,17223,0.00047946188715286553
12,245,17224,0.0005355497705750167
12,246,17225,0.0009946414502337575
12,247,17226,0.0007620023679919541
12,248,17227,0.0003475669655017555
12,249,17228,0.000724729266948998
12,250,17229,8.027096191653982e-05
12,251,17230,0.00018826134328264743
12,252,17231,0.000269582582404837
12,253,17232,0.0007094959728419781
12,254,17233,0.06280899047851562
12,255,17234,0.00025131323491223156
12,256,17235,0.0003473110555205494
12,257,17236,0.0005524284206330776
12,258,17237,0.0008623484754934907
12,259,17238,0.00030948210041970015
12,260,17239,0.0001913480955408886
12,261,17240,0.0020801275968551636
12,262,17241,0.00025822652969509363
12,263,17242,0.0071252696216106415
12,264,17243,0.0004893477307632565
12,265,17244,0.01566818542778492
12,266,17245,0.0006434273673221469
12,267,17246,0.0005521576385945082
12,268,17247,0.0004794117994606495
12,269,17248,0.00026275779237039387
12,270,17249,0.0009340702672488987
12,271,17250,0.004364931024610996
12,272,17251,0.0002606040798127651
12,273,17252,0.0002826756099238992
12,274,17253,0.0006374280201271176
12,275,17254,0.000685439445078373
12,276,17255,0.008561419323086739
12,277,17256,0.0017831563018262386
12,278,17257,0.0002884359855670482
12,279,17258,0.0014101953711360693
12,280,17259,0.0006858706474304199
12,281,17260,0.01809624582529068
12,282,17261,0.0004407305968925357
12,283,17262,0.0004371412505861372
12,284,17263,0.0004151984176132828
12,285,17264,0.0007782186148688197
12,286,17265,0.0002595120167825371
12,287,17266,0.00037991086719557643
12,288,17267,0.00022045841615181416
12,289,17268,0.000498391455039382
12,290,17269,0.0005245018401183188
12,291,17270,0.00046461494639515877
12,292,17271,0.0013156605418771505
12,293,17272,0.0007871682173572481
12,294,17273,0.040615640580654144
12,295,17274,0.00019882457854691893
12,296,17275,0.0001590129395481199
12,297,17276,0.0003016687114723027
12,298,17277,0.0002768653503153473
12,299,17278,0.0005458839004859328
12,300,17279,0.0006108679226599634
12,301,17280,0.00029935024213045835
12,302,17281,0.0004916426260024309
12,303,17282,0.0006541052716784179
12,304,17283,0.004390120506286621
12,305,17284,0.020200008526444435
12,306,17285,0.00554576376453042
12,307,17286,0.0008370367577299476
12,308,17287,0.0014756103046238422
12,309,17288,0.0005660635069943964
12,310,17289,0.00028586701955646276
12,311,17290,0.0028448840603232384
12,312,17291,0.001028627622872591
12,313,17292,0.009968522004783154
12,314,17293,0.004301164299249649
12,315,17294,0.0004718485870398581
12,316,17295,0.002844116883352399
12,317,17296,0.00048029047320596874
12,318,17297,0.0012299142545089126
12,319,17298,0.00022062694188207388
12,320,17299,0.00028226454742252827
12,321,17300,0.0007158112130127847
12,322,17301,0.0010720129357650876
12,323,17302,0.010556314140558243
12,324,17303,0.0003308422747068107
12,325,17304,0.0025416791904717684
12,326,17305,0.005116403568536043
12,327,17306,0.0004984475090168417
12,328,17307,0.0004112064198125154
12,329,17308,0.0012167204404249787
12,330,17309,0.049461618065834045
12,331,17310,0.00022560723300557584
12,332,17311,0.0005091431085020304
12,333,17312,0.00945702288299799
12,334,17313,0.0005512609495781362
12,335,17314,0.004927900154143572
12,336,17315,0.0006941395113244653
12,337,17316,0.000240028603002429
12,338,17317,0.0009671344305388629
12,339,17318,0.0011510077165439725
12,340,17319,0.004682929255068302
12,341,17320,0.0006213455344550312
12,342,17321,0.0002213384141214192
12,343,17322,0.0013785099145025015
12,344,17323,0.00039793472387827933
12,345,17324,0.0006083502667024732
12,346,17325,0.0004551582387648523
12,347,17326,0.0019703207071870565
12,348,17327,0.0003145002410747111
12,349,17328,0.0004950895090587437
12,350,17329,0.000440178468124941
12,351,17330,0.0016055717132985592
12,352,17331,0.00031847576610744
12,353,17332,0.007209980394691229
12,354,17333,0.000807258824352175
12,355,17334,0.0004769118968397379
12,356,17335,0.002129532862454653
12,357,17336,0.0005623752949759364
12,358,17337,0.0005904874997213483
12,359,17338,0.0005479150568135083
12,360,17339,0.0006379566621035337
12,361,17340,0.0012505026534199715
12,362,17341,0.00038278952706605196
12,363,17342,0.0032047159038484097
12,364,17343,0.00033734875614754856
12,365,17344,0.00042323023080825806
12,366,17345,0.0028604972176253796
12,367,17346,0.0009227353730238974
12,368,17347,0.0007457273895852268
12,369,17348,0.000379304401576519
12,370,17349,0.00029781574266962707
12,371,17350,0.0036644351202994585
12,372,17351,0.0007312055677175522
12,373,17352,0.0003906812344212085
12,374,17353,0.0003944365307688713
12,375,17354,0.032629795372486115
12,376,17355,0.001997869461774826
12,377,17356,0.0007022682693786919
12,378,17357,0.017586184665560722
12,379,17358,0.00045411931932903826
12,380,17359,0.0004389737150631845
12,381,17360,0.0005577493575401604
12,382,17361,0.0014219931326806545
12,383,17362,0.00019606003479566425
12,384,17363,0.00026859884383156896
12,385,17364,0.0004082480154465884
12,386,17365,0.0005538275581784546
12,387,17366,0.007902144454419613
12,388,17367,0.000570848525967449
12,389,17368,0.0005216121207922697
12,390,17369,0.003214301774278283
12,391,17370,0.000380559591576457
12,392,17371,0.0005004152189940214
12,393,17372,0.00037998100742697716
12,394,17373,0.000807341595645994
12,395,17374,0.005797787103801966
12,396,17375,0.011361844837665558
12,397,17376,0.0006068174261599779
12,398,17377,0.00028523377841338515
12,399,17378,0.00024170240794774145
12,400,17379,0.0002805046387948096
12,401,17380,0.0006849901983514428
12,402,17381,0.0005673802806995809
12,403,17382,0.003931488376110792
12,404,17383,0.0005674213171005249
12,405,17384,0.00770984822884202
12,406,17385,0.00018281370284967124
12,407,17386,0.0004492362786550075
12,408,17387,0.0002376873162575066
12,409,17388,0.00036679577897302806
12,410,17389,0.02127506583929062
12,411,17390,0.0009460081928409636
12,412,17391,0.0013138410868123174
12,413,17392,0.000274011108558625
12,414,17393,0.03677888587117195
12,415,17394,0.001237565535120666
12,416,17395,9.541357576381415e-05
12,417,17396,0.0006423504673875868
12,418,17397,0.0002813436440192163
12,419,17398,0.0005636006826534867
12,420,17399,0.00040050552343018353
12,421,17400,0.0009965681238099933
12,422,17401,0.007371190004050732
12,423,17402,0.000566387374419719
12,424,17403,0.005620645824819803
12,425,17404,0.0002863739209715277
12,426,17405,0.001036257017403841
12,427,17406,0.0013678610557690263
12,428,17407,0.0006031349184922874
12,429,17408,9.778144885785878e-05
12,430,17409,0.003554561408236623
12,431,17410,0.0197755116969347
12,432,17411,0.000584278313908726
12,433,17412,0.00044808845268562436
12,434,17413,0.001618415699340403
12,435,17414,0.0004387220833450556
12,436,17415,0.00035139458486810327
12,437,17416,0.0006311230827122927
12,438,17417,0.00030593478004448116
12,439,17418,0.0005511701456271112
12,440,17419,0.0009384618024341762
12,441,17420,0.0001412700512446463
12,442,17421,0.0020165012683719397
12,443,17422,0.0002646511420607567
12,444,17423,0.0007621009135618806
12,445,17424,0.0006392043433152139
12,446,17425,0.00043516859295777977
12,447,17426,0.00034964451333507895
12,448,17427,0.0004398941819090396
12,449,17428,0.0006710159359499812
12,450,17429,0.0015963524347171187
12,451,17430,0.010220957919955254
12,452,17431,0.004212832078337669
12,453,17432,0.0003493193944450468
12,454,17433,0.0004615341604221612
12,455,17434,0.0005906926817260683
12,456,17435,0.0002368299465160817
12,457,17436,0.00046625096001662314
12,458,17437,0.001438736799173057
12,459,17438,0.0004233384970575571
12,460,17439,7.148554141167551e-05
12,461,17440,0.0005271642003208399
12,462,17441,0.00023042535758577287
12,463,17442,0.0005467062001116574
12,464,17443,0.00029831682331860065
12,465,17444,0.003290886525064707
12,466,17445,0.0004341997264418751
12,467,17446,0.0002314878802280873
12,468,17447,0.0002867062285076827
12,469,17448,0.01253051869571209
12,470,17449,0.0002022855478571728
12,471,17450,0.0015203725779429078
12,472,17451,0.0003204115782864392
12,473,17452,0.0007843999192118645
12,474,17453,0.003876941278576851
12,475,17454,0.0003408335614949465
12,476,17455,0.0004239371046423912
12,477,17456,0.0009932677494361997
12,478,17457,0.0019565133843570948
12,479,17458,0.00027866201708093286
12,480,17459,0.0055242846719920635
12,481,17460,0.0006467546336352825
12,482,17461,0.0003229223657399416
12,483,17462,0.0004865939263254404
12,484,17463,0.005394425243139267
12,485,17464,0.00019425446225795895
12,486,17465,0.002046413253992796
12,487,17466,6.079981540096924e-05
12,488,17467,0.014298198744654655
12,489,17468,0.00047653965884819627
12,490,17469,0.00017045381537172943
12,491,17470,0.00027481987490318716
12,492,17471,0.0002461310650687665
12,493,17472,0.0005821393569931388
12,494,17473,0.00010476668830960989
12,495,17474,0.0007235930534079671
12,496,17475,0.000366323598427698
12,497,17476,0.06200999394059181
12,498,17477,0.000492954975925386
12,499,17478,0.00020808448607567698
12,500,17479,0.00034077517921105027
12,501,17480,0.0015543590998277068
12,502,17481,0.002443174133077264
12,503,17482,0.003231743350625038
12,504,17483,0.0002678239543456584
12,505,17484,0.0010355479316785932
12,506,17485,0.0005014267517253757
12,507,17486,0.0016909657279029489
12,508,17487,0.0299016572535038
12,509,17488,0.002133999951183796
12,510,17489,0.0005326592945493758
12,511,17490,0.00028350125649012625
12,512,17491,0.0003977478772867471
12,513,17492,0.00044199280091561377
12,514,17493,0.0019291528733447194
12,515,17494,0.0004992950707674026
12,516,17495,0.018040917813777924
12,517,17496,0.00028751580975949764
12,518,17497,0.0006353596691042185
12,519,17498,0.06500351428985596
12,520,17499,0.00044369359966367483
12,521,17500,0.0003460237930994481
12,522,17501,0.0005356674082577229
12,523,17502,0.0005335391615517437
12,524,17503,0.0005473066121339798
12,525,17504,0.0020979701075702906
12,526,17505,0.001895087887533009
12,527,17506,0.011139805428683758
12,528,17507,0.000348508678143844
12,529,17508,0.0007518710917793214
12,530,17509,0.006584700662642717
12,531,17510,0.0008508574101142585
12,532,17511,0.0003747247392311692
12,533,17512,0.0014471769100055099
12,534,17513,0.008500735275447369
12,535,17514,0.0004807111690752208
12,536,17515,0.0005352389416657388
12,537,17516,0.00040627646376378834
12,538,17517,0.0011203493922948837
12,539,17518,0.010545284487307072
12,540,17519,0.0004555782943498343
12,541,17520,0.0006631799624301493
12,542,17521,0.0016161700477823615
12,543,17522,0.017533909529447556
12,544,17523,0.0004802152107004076
12,545,17524,0.0003363399300724268
12,546,17525,0.0003992497513536364
12,547,17526,0.01396994013339281
12,548,17527,0.0007731071091257036
12,549,17528,0.0007951633306220174
12,550,17529,0.000788391858804971
12,551,17530,0.00030000650440342724
12,552,17531,0.0006197732873260975
12,553,17532,0.0002628304937388748
12,554,17533,0.0004210042825434357
12,555,17534,0.0008571636863052845
12,556,17535,0.003262260463088751
12,557,17536,0.0003935426939278841
12,558,17537,0.0005396347842179239
12,559,17538,0.00037625207914970815
12,560,17539,0.009119339287281036
12,561,17540,0.001497871009632945
12,562,17541,0.00020692720136139542
12,563,17542,0.0007863971404731274
12,564,17543,0.0004807902732864022
12,565,17544,0.00013775145635008812
12,566,17545,0.00029315680149011314
12,567,17546,0.0005689290119335055
12,568,17547,0.00023419642820954323
12,569,17548,0.00036975732655264437
12,570,17549,0.004967992659658194
12,571,17550,0.0003254377515986562
12,572,17551,0.0006674534524790943
12,573,17552,0.00035383671638555825
12,574,17553,0.0005556217511184514
12,575,17554,0.00027689343551173806
12,576,17555,0.0002715994487516582
12,577,17556,0.0002911670890171081
12,578,17557,0.0006913943798281252
12,579,17558,0.004229561425745487
12,580,17559,0.00034254585625603795
12,581,17560,0.0013749069767072797
12,582,17561,0.0004625062574632466
12,583,17562,0.0003666231350507587
12,584,17563,0.00025057565653696656
12,585,17564,0.00043002626625820994
12,586,17565,0.006719566415995359
12,587,17566,0.0010839406168088317
12,588,17567,0.010182122699916363
12,589,17568,0.00048262689961120486
12,590,17569,0.0006319493404589593
12,591,17570,0.0004929534625262022
12,592,17571,0.00041807611705735326
12,593,17572,0.005357265472412109
12,594,17573,0.00036847623414359987
12,595,17574,0.0010277841938659549
12,596,17575,0.0009521268657408655
12,597,17576,0.00024234647571574897
12,598,17577,0.0003229154390282929
12,599,17578,0.0006523177144117653
12,600,17579,0.0004445221566129476
12,601,17580,0.00033323420211672783
12,602,17581,0.00043052787077613175
12,603,17582,0.00044568319572135806
12,604,17583,0.00032266441849060357
12,605,17584,0.00132025929633528
12,606,17585,0.0003364116419106722
12,607,17586,0.01868533529341221
12,608,17587,0.0003691437595989555
12,609,17588,0.00028442396433092654
12,610,17589,0.00033366333809681237
12,611,17590,0.00011880926467711106
12,612,17591,0.000299800478387624
12,613,17592,0.0019720224663615227
12,614,17593,0.015201753005385399
12,615,17594,0.016363443806767464
12,616,17595,0.00022832865943200886
12,617,17596,0.0002315971505595371
12,618,17597,5.7992259826278314e-05
12,619,17598,0.00034084415528923273
12,620,17599,0.0004325962800066918
12,621,17600,7.573456969112158e-05
12,622,17601,0.00020171796495560557
12,623,17602,0.0003061307652387768
12,624,17603,0.000847569783218205
12,625,17604,0.00038236589170992374
12,626,17605,0.00019710615742951632
12,627,17606,0.0008917863015085459
12,628,17607,0.007644465193152428
12,629,17608,0.00016959532513283193
12,630,17609,5.2779618272325024e-05
12,631,17610,0.00033511719084344804
12,632,17611,0.00030738310306333005
12,633,17612,0.0005347430123947561
12,634,17613,0.00048236982547678053
12,635,17614,0.002057207515463233
12,636,17615,0.0004484900855459273
12,637,17616,0.00046020568697713315
12,638,17617,0.011662734672427177
12,639,17618,9.493850666331127e-05
12,640,17619,0.003099170047789812
12,641,17620,0.00024351071624550968
12,642,17621,0.0004411606059875339
12,643,17622,0.0003035356057807803
12,644,17623,0.0005138495471328497
12,645,17624,0.0007688392070122063
12,646,17625,7.385681965388358e-05
12,647,17626,0.0001344129123026505
12,648,17627,0.0004341856110841036
12,649,17628,0.025227008387446404
12,650,17629,0.000289546704152599
12,651,17630,0.0002714353031478822
12,652,17631,0.0003329101309645921
12,653,17632,0.004721785895526409
12,654,17633,0.0004929470596835017
12,655,17634,0.0007419830071739852
12,656,17635,0.0009090942330658436
12,657,17636,0.0003186543472111225
12,658,17637,0.002959285629913211
12,659,17638,0.0010262937285006046
12,660,17639,0.0010686517925933003
12,661,17640,0.0003481554158497602
12,662,17641,0.003950175363570452
12,663,17642,0.0005758791230618954
12,664,17643,0.0006082045147195458
12,665,17644,0.001231589587405324
12,666,17645,0.000992976245470345
12,667,17646,0.004594145342707634
12,668,17647,0.0008425305713899434
12,669,17648,0.014628817327320576
12,670,17649,0.00035064868279732764
12,671,17650,0.0002737834001891315
12,672,17651,0.001475649536587298
12,673,17652,0.001755813485942781
12,674,17653,0.0010105264373123646
12,675,17654,0.0005929507315158844
12,676,17655,0.0003394731320440769
12,677,17656,0.007725842762738466
12,678,17657,0.001492595300078392
12,679,17658,0.0008186200284399092
12,680,17659,0.0011155081447213888
12,681,17660,0.017985332757234573
12,682,17661,0.00022400189482141286
12,683,17662,0.00038777210284024477
12,684,17663,0.0014136998215690255
12,685,17664,0.00047285028267651796
12,686,17665,0.0006290625897236168
12,687,17666,0.0005611958913505077
12,688,17667,0.00015857037215027958
12,689,17668,0.0004256226238794625
12,690,17669,0.0002618624421302229
12,691,17670,0.0003110642428509891
12,692,17671,0.0003270702436566353
12,693,17672,0.011814999394118786
12,694,17673,0.0003745875437743962
12,695,17674,0.00017861211381386966
12,696,17675,0.003853039350360632
12,697,17676,0.001591190230101347
12,698,17677,0.0005187318893149495
12,699,17678,0.00033959123538807034
12,700,17679,9.132584818871692e-05
12,701,17680,0.0006155660375952721
12,702,17681,0.000732345855794847
12,703,17682,0.00023738530580885708
12,704,17683,0.00014913496852386743
12,705,17684,0.0016723375301808119
12,706,17685,0.0016782915918156505
12,707,17686,0.0001261168799828738
12,708,17687,0.0001443730725441128
12,709,17688,0.00018840479606296867
12,710,17689,0.0005479363026097417
12,711,17690,0.00043740528053604066
12,712,17691,0.0003177121398039162
12,713,17692,0.0002481082919985056
12,714,17693,0.0003667169949039817
12,715,17694,0.0003235163458157331
12,716,17695,0.0005090589402243495
12,717,17696,0.0002171533415094018
12,718,17697,0.005234503652900457
12,719,17698,0.0010221120901405811
12,720,17699,0.0021124507766216993
12,721,17700,0.00030995826818980277
12,722,17701,0.0004446258535608649
12,723,17702,0.000121577839308884
12,724,17703,0.0002873918565455824
12,725,17704,0.000252848316449672
12,726,17705,0.0011676510330289602
12,727,17706,0.0002836628700606525
12,728,17707,0.00048252666601911187
12,729,17708,5.062698619440198e-05
12,730,17709,0.00026568674365989864
12,731,17710,0.0028194214683026075
12,732,17711,0.0004193401546217501
12,733,17712,0.031133541837334633
12,734,17713,0.0033312260638922453
12,735,17714,0.001292044180445373
12,736,17715,0.0029752065893262625
12,737,17716,0.00027294017490930855
12,738,17717,0.0004159742093179375
12,739,17718,0.00030743685783818364
12,740,17719,0.000544149661436677
12,741,17720,0.0004079413483850658
12,742,17721,0.0007401963230222464
12,743,17722,0.0004192688502371311
12,744,17723,0.00024229567497968674
12,745,17724,0.00036634309799410403
12,746,17725,0.0015479325084015727
12,747,17726,0.0004309655341785401
12,748,17727,0.00022512927534990013
12,749,17728,0.00053791468963027
12,750,17729,0.0005502082058228552
12,751,17730,0.02447560243308544
12,752,17731,0.002959253266453743
12,753,17732,0.0003100339963566512
12,754,17733,0.00026265429914928973
12,755,17734,0.0005162048037163913
12,756,17735,0.0002821270318236202
12,757,17736,0.00038687835331074893
12,758,17737,0.00025922138593159616
12,759,17738,0.0002230232785223052
12,760,17739,0.0003978127788286656
12,761,17740,0.0003162808425258845
12,762,17741,0.0003758396487683058
12,763,17742,0.00020417918858584017
12,764,17743,0.0005679823807440698
12,765,17744,0.00041762832552194595
12,766,17745,0.0002858221414498985
12,767,17746,0.003137705149129033
12,768,17747,0.003906655125319958
12,769,17748,0.00019644554413389415
12,770,17749,0.00019222794799134135
12,771,17750,0.010072476230561733
12,772,17751,0.000172961299540475
12,773,17752,0.00025098377955146134
12,774,17753,0.00029508411535061896
12,775,17754,0.002109239809215069
12,776,17755,0.0004972584429197013
12,777,17756,0.0034945460502058268
12,778,17757,0.00020264205522835255
12,779,17758,0.0007251650677062571
12,780,17759,0.0002738876501098275
12,781,17760,0.00044433792936615646
12,782,17761,0.0028721706476062536
12,783,17762,0.0023882875684648752
12,784,17763,0.00031702895648777485
12,785,17764,0.0032059464138001204
12,786,17765,0.0003034015535376966
12,787,17766,0.0005173693643882871
12,788,17767,0.0020610219798982143
12,789,17768,0.0003695902123581618
12,790,17769,0.00028374092653393745
12,791,17770,0.03833520784974098
12,792,17771,0.003285937709733844
12,793,17772,0.0003531940164975822
12,794,17773,0.0003617278125602752
12,795,17774,0.0012922943569719791
12,796,17775,0.0004925073590129614
12,797,17776,0.008789696730673313
12,798,17777,0.0007077266345731914
12,799,17778,0.06718791276216507
12,800,17779,0.00016183214029297233
12,801,17780,0.0003115096769761294
12,802,17781,0.00032282015308737755
12,803,17782,0.00025783147430047393
12,804,17783,0.0008145177271217108
12,805,17784,0.0007216786616481841
12,806,17785,0.00024160764587577432
12,807,17786,0.000714547117240727
12,808,17787,0.002286796225234866
12,809,17788,0.00042501420830376446
12,810,17789,0.0005589398206211627
12,811,17790,0.0005312623106874526
12,812,17791,0.0008198966970667243
12,813,17792,0.0003902075986843556
12,814,17793,0.0003523104533087462
12,815,17794,0.0003905672929249704
12,816,17795,0.00034660124219954014
12,817,17796,0.0003376989916432649
12,818,17797,0.0006007894990034401
12,819,17798,0.00032858637860044837
12,820,17799,0.0013103936798870564
12,821,17800,0.0003410790814086795
12,822,17801,0.0003231121227145195
12,823,17802,0.001373704755678773
12,824,17803,0.0005048104212619364
12,825,17804,0.00039076650864444673
12,826,17805,0.00047669789637438953
12,827,17806,0.00032521222601644695
12,828,17807,0.0002531493955757469
12,829,17808,0.0005993820959702134
12,830,17809,0.0006715554045513272
12,831,17810,0.00036917292163707316
12,832,17811,0.03274473547935486
12,833,17812,0.012225819751620293
12,834,17813,0.0006159929325804114
12,835,17814,0.00027780915843322873
12,836,17815,0.0006906875059939921
12,837,17816,0.00506809214130044
12,838,17817,0.001766650821082294
12,839,17818,0.0005227866931818426
12,840,17819,0.00044036059989593923
12,841,17820,0.0003894108522217721
12,842,17821,0.0004300299333408475
12,843,17822,0.00021605454094242305
12,844,17823,0.0003694003389682621
12,845,17824,0.0014459954109042883
12,846,17825,0.004590888042002916
12,847,17826,0.0008604418835602701
12,848,17827,0.0032140621915459633
12,849,17828,0.0022360458970069885
12,850,17829,0.0005428208969533443
12,851,17830,0.000431505759479478
12,852,17831,0.0002810508303809911
12,853,17832,0.00030195244471542537
12,854,17833,0.0023458965588361025
12,855,17834,0.0017543103313073516
12,856,17835,0.0029994421638548374
12,857,17836,0.001108325901441276
12,858,17837,0.0003366908640600741
12,859,17838,0.00045809202129021287
12,860,17839,0.00037563242949545383
12,861,17840,0.00022849871311336756
12,862,17841,0.00020030420273542404
12,863,17842,0.0005475817597471178
12,864,17843,0.00046039174776524305
12,865,17844,0.00018089324294123799
12,866,17845,0.009247512556612492
12,867,17846,0.0005616889102384448
12,868,17847,0.000254271348239854
12,869,17848,0.00044873173465020955
12,870,17849,0.00047763672773726285
12,871,17850,0.0007571944734081626
12,872,17851,0.0004183442797511816
12,873,17852,0.0003198593039996922
12,874,17853,0.0007852557464502752
12,875,17854,0.011592787690460682
12,876,17855,0.0004170282045379281
12,877,17856,0.0002928722242359072
12,878,17857,0.0003527551598381251
12,879,17858,0.0005493286298587918
12,880,17859,0.002806363394483924
12,881,17860,0.002924562431871891
12,882,17861,0.0010053794831037521
12,883,17862,0.00013132664025761187
12,884,17863,0.000574108271393925
12,885,17864,0.0003415236424189061
12,886,17865,0.0002651882532518357
12,887,17866,0.0001878640614449978
12,888,17867,0.05059916898608208
12,889,17868,0.00030446238815784454
12,890,17869,0.0008539398550055921
12,891,17870,0.0002939841942861676
12,892,17871,0.0002810286823660135
12,893,17872,0.0005578879499807954
12,894,17873,0.0003515852731652558
12,895,17874,0.0011684452183544636
12,896,17875,0.00046671208110637963
12,897,17876,0.000473219552077353
12,898,17877,0.0004476073372643441
12,899,17878,0.0004369083035271615
12,900,17879,0.000262761051999405
12,901,17880,0.024846376851201057
12,902,17881,0.0016530579887330532
12,903,17882,0.0018394382204860449
12,904,17883,0.00022618411458097398
12,905,17884,0.0004601703258231282
12,906,17885,0.0013021148042753339
12,907,17886,0.0021735415793955326
12,908,17887,0.015304449945688248
12,909,17888,0.00037469479138962924
12,910,17889,0.04961638152599335
12,911,17890,0.0013053646543994546
12,912,17891,0.00043115680455230176
12,913,17892,0.0012065008049830794
12,914,17893,0.0008911260520108044
12,915,17894,0.0016222416888922453
12,916,17895,0.0002635070704855025
12,917,17896,0.0003389005141798407
12,918,17897,0.004295771941542625
12,919,17898,0.03275180608034134
12,920,17899,0.000661324942484498
12,921,17900,0.0004398666205815971
12,922,17901,0.00042830384336411953
12,923,17902,0.0002492526837158948
12,924,17903,0.0018587488448247313
12,925,17904,0.00023704269551672041
12,926,17905,0.004427907057106495
12,927,17906,0.0005223856423981488
12,928,17907,0.00039014327921904624
12,929,17908,0.010154478251934052
12,930,17909,0.004891237244009972
12,931,17910,0.008042084984481335
12,932,17911,0.00039041737909428775
12,933,17912,0.00037662670365534723
12,934,17913,0.0007910511340014637
12,935,17914,0.0003282854740973562
12,936,17915,0.0003061370807699859
12,937,17916,0.0002909729373641312
12,938,17917,0.00033930607605725527
12,939,17918,0.032770298421382904
12,940,17919,0.0008081436972133815
12,941,17920,0.0002492607745807618
12,942,17921,0.000267105147941038
12,943,17922,0.0022832597605884075
12,944,17923,0.01784321665763855
12,945,17924,0.0009625006932765245
12,946,17925,0.0056387693621218204
12,947,17926,0.0005881485994905233
12,948,17927,0.0004713509988505393
12,949,17928,0.0005325477104634047
12,950,17929,0.00037548632826656103
12,951,17930,0.0003289045416750014
12,952,17931,0.0005490164621733129
12,953,17932,0.00026958927628584206
12,954,17933,0.004258325789123774
12,955,17934,0.0004060541687067598
12,956,17935,0.00016531108121853322
12,957,17936,0.000943308521527797
12,958,17937,0.00539402524009347
12,959,17938,0.0007724891765974462
12,960,17939,0.0006817964604124427
12,961,17940,0.0004483707307372242
12,962,17941,0.0012617530301213264
12,963,17942,0.002276737941429019
12,964,17943,0.000575510726775974
12,965,17944,0.0009304914274252951
12,966,17945,0.014545944519340992
12,967,17946,0.003021752927452326
12,968,17947,0.00032579427352175117
12,969,17948,0.0014070228207856417
12,970,17949,0.0002437137154629454
12,971,17950,0.00039984346949495375
12,972,17951,0.0008756302995607257
12,973,17952,0.0009416067041456699
12,974,17953,0.008154223673045635
12,975,17954,0.020153893157839775
12,976,17955,0.0003956088039558381
12,977,17956,0.0011924451682716608
12,978,17957,0.0003479840524960309
12,979,17958,0.002479645423591137
12,980,17959,0.002599767642095685
12,981,17960,0.0003568046086002141
12,982,17961,0.00048460220568813384
12,983,17962,0.0001623172574909404
12,984,17963,0.0013701635180041194
12,985,17964,0.00026499791420064867
12,986,17965,0.0004120904777664691
12,987,17966,0.0026339346077293158
12,988,17967,0.00048823608085513115
12,989,17968,0.003314933506771922
12,990,17969,0.00042424266575835645
12,991,17970,0.00041078461799770594
12,992,17971,0.0025552103761583567
12,993,17972,0.00031236695940606296
12,994,17973,0.01175425760447979
12,995,17974,0.0003146791714243591
12,996,17975,0.00025772053049877286
12,997,17976,0.00041917787166312337
12,998,17977,0.0004093373427167535
12,999,17978,0.00026051164604723454
12,1000,17979,0.004445345606654882
12,1001,17980,0.001977297244593501
12,1002,17981,0.0004617412341758609
12,1003,17982,0.0004708744236268103
12,1004,17983,0.000276171718724072
12,1005,17984,0.00023013274767436087
12,1006,17985,0.013795801438391209
12,1007,17986,0.00029041257221251726
12,1008,17987,0.0003417845000512898
12,1009,17988,0.00024868856417015195
12,1010,17989,0.0007066830294206738
12,1011,17990,0.0005680506001226604
12,1012,17991,0.0015384034486487508
12,1013,17992,0.0007434706785716116
12,1014,17993,0.004950862377882004
12,1015,17994,0.0003029403742402792
12,1016,17995,0.0015059990109875798
12,1017,17996,0.0010378147708252072
12,1018,17997,0.0007474517333321273
12,1019,17998,0.0033616286236792803
12,1020,17999,0.002872708486393094
12,1021,18000,0.00027843896532431245
12,1022,18001,0.00034547175164334476
12,1023,18002,0.001086172997020185
12,1024,18003,0.0002856581413652748
12,1025,18004,0.007494234945625067
12,1026,18005,0.022125110030174255
12,1027,18006,0.0004145910497754812
12,1028,18007,0.01596216857433319
12,1029,18008,0.0007157730287872255
12,1030,18009,0.00039201878826133907
12,1031,18010,0.00040294474456459284
12,1032,18011,0.00928779598325491
12,1033,18012,0.014894524589180946
12,1034,18013,0.0177010428160429
12,1035,18014,0.012796279974281788
12,1036,18015,0.00017533195205032825
12,1037,18016,0.0002329476410523057
12,1038,18017,0.0004210258193779737
12,1039,18018,7.692114741075784e-05
12,1040,18019,0.0002896958321798593
12,1041,18020,0.00020435369515325874
12,1042,18021,0.014303387142717838
12,1043,18022,0.00027021399000659585
12,1044,18023,0.002096212236210704
12,1045,18024,0.00021814493811689317
12,1046,18025,0.00020219171710778028
12,1047,18026,0.000828294490929693
12,1048,18027,0.003040689043700695
12,1049,18028,0.0008347190450876951
12,1050,18029,0.0006642582593485713
12,1051,18030,0.03152913600206375
12,1052,18031,0.00039944236050359905
12,1053,18032,0.00020764715736731887
12,1054,18033,0.014827345497906208
12,1055,18034,0.0005137927946634591
12,1056,18035,0.007164399605244398
12,1057,18036,0.0021113078109920025
12,1058,18037,0.0025815756525844336
12,1059,18038,0.0006322968984022737
12,1060,18039,0.0015404322184622288
12,1061,18040,0.00914819072932005
12,1062,18041,0.00029303337214514613
12,1063,18042,0.0013204291462898254
12,1064,18043,0.0006005318718962371
12,1065,18044,0.0004120990925002843
12,1066,18045,0.0006269439472816885
12,1067,18046,0.0008614356047473848
12,1068,18047,0.02789638750255108
12,1069,18048,0.004407342057675123
12,1070,18049,0.00013868136738892645
12,1071,18050,0.02488052472472191
12,1072,18051,0.0003391628561075777
12,1073,18052,0.028368137776851654
12,1074,18053,0.0004587153671309352
12,1075,18054,0.0016487480606883764
12,1076,18055,0.00039427264709956944
12,1077,18056,0.0016080442583188415
12,1078,18057,0.00038529830635525286
12,1079,18058,0.001729757059365511
12,1080,18059,0.0003765451838262379
12,1081,18060,0.0001603257260285318
12,1082,18061,0.00043226254638284445
12,1083,18062,0.0002883541164919734
12,1084,18063,0.0038319246377795935
12,1085,18064,0.0008008037111721933
12,1086,18065,0.0007856605225242674
12,1087,18066,0.00033662744681350887
12,1088,18067,0.0005637031863443553
12,1089,18068,0.0002082242426695302
12,1090,18069,0.0005707106902264059
12,1091,18070,0.00029473757604137063
12,1092,18071,0.0005334981251507998
12,1093,18072,0.0017366183456033468
12,1094,18073,0.041535332798957825
12,1095,18074,0.036940380930900574
12,1096,18075,0.0016932780854403973
12,1097,18076,0.006715354509651661
12,1098,18077,0.00026221631560474634
12,1099,18078,0.0006128577515482903
12,1100,18079,0.0006321327527984977
12,1101,18080,0.0007098743808455765
12,1102,18081,0.0012802407145500183
12,1103,18082,0.0006902728346176445
12,1104,18083,0.00033436244120821357
12,1105,18084,0.00032783893402665854
12,1106,18085,0.0011387962149456143
12,1107,18086,0.0006740695098415017
12,1108,18087,0.00041103086550720036
12,1109,18088,0.007552725728601217
12,1110,18089,0.0032803888898342848
12,1111,18090,0.00034407395287416875
12,1112,18091,0.000567214039620012
12,1113,18092,0.0007804993074387312
12,1114,18093,0.0005536939133889973
12,1115,18094,0.00037158644408918917
12,1116,18095,0.00029612219077534974
12,1117,18096,0.00021779925737064332
12,1118,18097,0.0003026096383109689
12,1119,18098,0.00031045053037814796
12,1120,18099,0.00027271872386336327
12,1121,18100,0.0006757985684089363
12,1122,18101,0.0009617130854167044
12,1123,18102,0.0002510932390578091
12,1124,18103,0.0004879629414062947
12,1125,18104,0.011219536885619164
12,1126,18105,0.0011322720674797893
12,1127,18106,0.00025874475250020623
12,1128,18107,0.0007012239657342434
12,1129,18108,0.00033815830829553306
12,1130,18109,0.0012514264089986682
12,1131,18110,0.0011978126130998135
12,1132,18111,0.0011924173450097442
12,1133,18112,0.021324055269360542
12,1134,18113,0.0007070053834468126
12,1135,18114,0.0003105890064034611
12,1136,18115,0.0009954312117770314
12,1137,18116,0.00031502480851486325
12,1138,18117,0.0015118698356673121
12,1139,18118,0.0003881261800415814
12,1140,18119,0.003318686271086335
12,1141,18120,0.0009679272770881653
12,1142,18121,0.00043263405677862465
12,1143,18122,0.0009228336857631803
12,1144,18123,0.011252174153923988
12,1145,18124,0.0024767364375293255
12,1146,18125,0.0006875852704979479
12,1147,18126,0.004989617504179478
12,1148,18127,0.00029260179144330323
12,1149,18128,0.021446233615279198
12,1150,18129,0.0003675203479360789
12,1151,18130,0.0008010892197489738
12,1152,18131,0.0004890146665275097
12,1153,18132,0.00021879425912629813
12,1154,18133,0.0002813333412632346
12,1155,18134,0.00037833693204447627
12,1156,18135,0.00037858716677874327
12,1157,18136,0.0004435521550476551
12,1158,18137,0.0007592003094032407
12,1159,18138,0.00035210864734835923
12,1160,18139,0.0006253475439734757
12,1161,18140,0.0002620327577460557
12,1162,18141,0.0003137442108709365
12,1163,18142,0.002023823792114854
12,1164,18143,0.0007474152371287346
12,1165,18144,0.00036112149246037006
12,1166,18145,0.00021947147615719587
12,1167,18146,0.0006357799866236746
12,1168,18147,0.00015270138101186603
12,1169,18148,0.02120818756520748
12,1170,18149,0.0007260090787895024
12,1171,18150,0.00028450958780013025
12,1172,18151,0.004172726534307003
12,1173,18152,0.000248882599407807
12,1174,18153,0.00044490231084637344
12,1175,18154,0.0003065727651119232
12,1176,18155,0.0003214316675439477
12,1177,18156,0.00034200435038655996
12,1178,18157,0.00794919766485691
12,1179,18158,0.0005561913130804896
12,1180,18159,0.0003017823037225753
12,1181,18160,0.00038522196700796485
12,1182,18161,0.00042042616405524313
12,1183,18162,0.00039442317211069167
12,1184,18163,0.0008874089107848704
12,1185,18164,0.0002862926048692316
12,1186,18165,0.01050309743732214
12,1187,18166,0.0002229058591183275
12,1188,18167,0.000288087350782007
12,1189,18168,0.0003469941148068756
12,1190,18169,0.00035091041354462504
12,1191,18170,0.000378517375793308
12,1192,18171,0.00043896882561966777
12,1193,18172,0.00032952940091490746
12,1194,18173,0.00023221378796733916
12,1195,18174,0.03816903755068779
12,1196,18175,0.00027826454606838524
12,1197,18176,0.0006393097573891282
12,1198,18177,0.001654703519307077
12,1199,18178,0.00041861674981191754
12,1200,18179,0.002541900612413883
12,1201,18180,0.0010783326579257846
12,1202,18181,0.0005934040527790785
12,1203,18182,0.001193166826851666
12,1204,18183,9.451497317058966e-05
12,1205,18184,0.0004743150493595749
12,1206,18185,0.0010462357895448804
12,1207,18186,0.0025968775153160095
12,1208,18187,0.0006689919391646981
12,1209,18188,0.0040271710604429245
12,1210,18189,0.00032928059226833284
12,1211,18190,0.00027651875279843807
12,1212,18191,0.0002983874874189496
12,1213,18192,0.005890445783734322
12,1214,18193,0.018752897158265114
12,1215,18194,0.0011346120154485106
12,1216,18195,0.0005534813390113413
12,1217,18196,0.0003134083526674658
12,1218,18197,0.002572860335931182
12,1219,18198,0.0001514306350145489
12,1220,18199,0.0005878486554138362
12,1221,18200,0.0003866413899231702
12,1222,18201,0.0003986401134170592
12,1223,18202,0.0011548565234988928
12,1224,18203,0.0005285965162329376
12,1225,18204,0.0003488341753836721
12,1226,18205,0.00020911973842885345
12,1227,18206,0.003336790483444929
12,1228,18207,0.0006325843278318644
12,1229,18208,0.001137704704888165
12,1230,18209,0.0005266114603728056
12,1231,18210,0.0017063149716705084
12,1232,18211,0.0014038244262337685
12,1233,18212,0.00027164624771103263
12,1234,18213,0.027449211105704308
12,1235,18214,0.0009773843921720982
12,1236,18215,0.0002568788768257946
12,1237,18216,0.00028293736977502704
12,1238,18217,0.005861514247953892
12,1239,18218,0.0002600988664198667
12,1240,18219,0.0001632477797102183
12,1241,18220,0.0003617043257690966
12,1242,18221,0.0003700846282299608
12,1243,18222,0.0003840777790173888
12,1244,18223,0.0021320777013897896
12,1245,18224,0.0016691189957782626
12,1246,18225,0.00035726005444303155
12,1247,18226,0.0010294914245605469
12,1248,18227,0.010651146993041039
12,1249,18228,0.00032403183286078274
12,1250,18229,0.0012287155259400606
12,1251,18230,0.000889123126398772
12,1252,18231,0.00042961371946148574
12,1253,18232,0.0004772034881170839
12,1254,18233,0.000515951425768435
12,1255,18234,0.002305842936038971
12,1256,18235,0.0004399601311888546
12,1257,18236,0.003875779453665018
12,1258,18237,0.002095752628520131
12,1259,18238,0.0008974258089438081
12,1260,18239,0.0020195883698761463
12,1261,18240,0.00019282446010038257
12,1262,18241,0.00018267761333845556
12,1263,18242,0.0004044049128424376
12,1264,18243,0.0004493182059377432
12,1265,18244,0.00023796265304554254
12,1266,18245,0.00039563816972076893
12,1267,18246,0.013979414477944374
12,1268,18247,0.038663577288389206
12,1269,18248,0.0003252597525715828
12,1270,18249,0.00025034460122697055
12,1271,18250,0.00028479230240918696
12,1272,18251,0.003477907506749034
12,1273,18252,0.0005240526515990496
12,1274,18253,0.0006722885882481933
12,1275,18254,0.0005570051143877208
12,1276,18255,0.0009638667688705027
12,1277,18256,0.026125621050596237
12,1278,18257,0.00030834137578494847
12,1279,18258,0.000376275711460039
12,1280,18259,0.0003909532097168267
12,1281,18260,0.0005449140444397926
12,1282,18261,0.0007564022671431303
12,1283,18262,0.00019703578436747193
12,1284,18263,0.0010828475933521986
12,1285,18264,0.002311175689101219
12,1286,18265,0.01663830131292343
12,1287,18266,0.0004062398220412433
12,1288,18267,0.0038988697342574596
12,1289,18268,0.019743625074625015
12,1290,18269,0.00040558233740739524
12,1291,18270,0.0008635132107883692
12,1292,18271,0.0003127413219772279
12,1293,18272,0.00022227628505788743
12,1294,18273,0.00040895186248235404
12,1295,18274,0.0006745263817720115
12,1296,18275,0.00035048657446168363
12,1297,18276,0.014663460664451122
12,1298,18277,0.0002944276493508369
12,1299,18278,0.00032072950853034854
12,1300,18279,0.0003992208803538233
12,1301,18280,0.00031381507869809866
12,1302,18281,0.00019878018065355718
12,1303,18282,0.0003464140463620424
12,1304,18283,0.0007287384942173958
12,1305,18284,0.00034339912235736847
12,1306,18285,0.00024059272254817188
12,1307,18286,0.0019044026266783476
12,1308,18287,0.00032277911668643355
12,1309,18288,0.0002483083517290652
12,1310,18289,0.0008065898437052965
12,1311,18290,0.0003418798733036965
12,1312,18291,0.0020714583806693554
12,1313,18292,0.0015061645535752177
12,1314,18293,0.000358347111614421
12,1315,18294,0.0002282450150232762
12,1316,18295,0.01198540162295103
12,1317,18296,0.0039810072630643845
12,1318,18297,0.000234798455494456
12,1319,18298,0.00032257914426736534
12,1320,18299,0.0004571470199152827
12,1321,18300,0.023208342492580414
12,1322,18301,0.00041465667891316116
12,1323,18302,0.00030099853756837547
12,1324,18303,0.0007371169631369412
12,1325,18304,0.0003468784561846405
12,1326,18305,0.0004110462323296815
12,1327,18306,0.008220221847295761
12,1328,18307,0.002130345441401005
12,1329,18308,0.0003468993818387389
12,1330,18309,0.000481756025692448
12,1331,18310,0.0015818638494238257
12,1332,18311,0.0005676021100953221
12,1333,18312,0.0005390176083892584
12,1334,18313,0.0007482812507078052
12,1335,18314,0.0015478129498660564
12,1336,18315,0.00032595318043604493
12,1337,18316,0.00030389204039238393
12,1338,18317,0.02301715686917305
12,1339,18318,0.021175986155867577
12,1340,18319,0.0004673328367061913
12,1341,18320,0.0007579884259030223
12,1342,18321,0.0004398947348818183
12,1343,18322,0.00479928869754076
12,1344,18323,0.001159704988822341
12,1345,18324,0.00977629516273737
12,1346,18325,0.0003313122724648565
12,1347,18326,0.03773743659257889
12,1348,18327,0.0005033875931985676
12,1349,18328,0.0006209802231751382
12,1350,18329,0.02301487885415554
12,1351,18330,0.00037335266824811697
12,1352,18331,0.0003872110100928694
12,1353,18332,0.0009504607296548784
12,1354,18333,0.001322125899605453
12,1355,18334,0.0004702175210695714
12,1356,18335,0.03021559864282608
12,1357,18336,0.00010188297892455012
12,1358,18337,0.0005121742142364383
12,1359,18338,0.00030089193023741245
12,1360,18339,0.004426013678312302
12,1361,18340,0.0005644400371238589
12,1362,18341,0.0006203759112395346
12,1363,18342,0.0030017963144928217
12,1364,18343,0.00023275807325262576
12,1365,18344,0.0012435930548235774
12,1366,18345,0.00024077660054899752
12,1367,18346,0.0008827314013615251
12,1368,18347,0.0017199142603203654
12,1369,18348,0.000166961777722463
12,1370,18349,0.004536979366093874
12,1371,18350,0.00033420423278585076
12,1372,18351,0.0012084965128451586
12,1373,18352,0.00010929707059403881
12,1374,18353,0.0092182457447052
12,1375,18354,0.000996217131614685
12,1376,18355,0.0004203401622362435
12,1377,18356,0.000496330379974097
12,1378,18357,0.00029837118927389383
12,1379,18358,0.002347596688196063
12,1380,18359,0.0002503785362932831
12,1381,18360,0.0006935603450983763
12,1382,18361,0.0008603080059401691
12,1383,18362,0.002274898113682866
12,1384,18363,0.049015890806913376
12,1385,18364,0.00185903359670192
12,1386,18365,0.0005324625526554883
12,1387,18366,0.00020989614131394774
12,1388,18367,0.0005382625968195498
12,1389,18368,0.0008852439350448549
12,1390,18369,0.0004214359214529395
12,1391,18370,0.0003044453333131969
12,1392,18371,0.000926982203964144
12,1393,18372,0.0011987673351541162
12,1394,18373,0.005909188184887171
12,1395,18374,0.0005140688735991716
12,1396,18375,0.00024562852922827005
12,1397,18376,0.0003619497292675078
12,1398,18377,0.0003338184906169772
12,1399,18378,0.012380124069750309
12,1400,18379,0.01993168704211712
12,1401,18380,0.005969912279397249
12,1402,18381,0.005347313359379768
12,1403,18382,0.002937596058472991
12,1404,18383,0.00031537789618596435
12,1405,18384,0.001644395524635911
12,1406,18385,0.003355173859745264
12,1407,18386,0.00038259802386164665
12,1408,18387,0.0017861858941614628
12,1409,18388,0.002587529830634594
12,1410,18389,0.004707040265202522
12,1411,18390,0.0005128030898049474
12,1412,18391,0.0008168236818164587
12,1413,18392,0.0006248572026379406
12,1414,18393,0.00024635178851895034
12,1415,18394,0.0014370300341397524
13,1,18395,0.0017901406390592456
13,2,18396,0.0002522571012377739
13,3,18397,0.00019876337319146842
13,4,18398,0.0007341371383517981
13,5,18399,0.01506433729082346
13,6,18400,0.0008357681217603385
13,7,18401,0.0076377480290830135
13,8,18402,0.006613113917410374
13,9,18403,0.002052142983302474
13,10,18404,0.0006754581118002534
13,11,18405,0.0008933718199841678
13,12,18406,0.0002992945082951337
13,13,18407,0.0002709495893213898
13,14,18408,0.0003906666242983192
13,15,18409,0.0018849284388124943
13,16,18410,0.00023474683985114098
13,17,18411,0.0007467720424756408
13,18,18412,0.0006904711481183767
13,19,18413,0.0004713752423413098
13,20,18414,0.000281287997495383
13,21,18415,0.0011919201351702213
13,22,18416,0.0005149266216903925
13,23,18417,0.0002159950090572238
13,24,18418,0.001150376396253705
13,25,18419,0.0035804768558591604
13,26,18420,7.306355837499723e-05
13,27,18421,0.032301805913448334
13,28,18422,0.00019213052291888744
13,29,18423,0.0003612030704971403
13,30,18424,0.0008781490614637733
13,31,18425,0.00018642797658685595
13,32,18426,0.00018140600877813995
13,33,18427,0.00025246269069612026
13,34,18428,0.00041499565122649074
13,35,18429,0.00040684541454538703
13,36,18430,0.0007201167172752321
13,37,18431,0.0002679480821825564
13,38,18432,0.00036489494959823787
13,39,18433,0.07619909942150116
13,40,18434,0.00020103710994590074
13,41,18435,0.0071465917862951756
13,42,18436,0.0003821569262072444
13,43,18437,0.00035623618168756366
13,44,18438,0.0007645112928003073
13,45,18439,0.00023361573403235525
13,46,18440,0.0002910671755671501
13,47,18441,0.0013742444571107626
13,48,18442,0.0003906507627107203
13,49,18443,0.00730242021381855
13,50,18444,0.00025153119349852204
13,51,18445,0.008095381781458855
13,52,18446,0.00019011413678526878
13,53,18447,0.00029084994457662106
13,54,18448,0.0003550250839907676
13,55,18449,0.0002912455820478499
13,56,18450,0.0002334422606509179
13,57,18451,0.000268136354861781
13,58,18452,0.00041228128247894347
13,59,18453,0.0003225982072763145
13,60,18454,0.0003039689327124506
13,61,18455,0.00028815679252147675
13,62,18456,0.0015458621783182025
13,63,18457,0.00022273078502621502
13,64,18458,0.00034211832098662853
13,65,18459,0.0005939590046182275
13,66,18460,0.00019642025290522724
13,67,18461,0.0005210030940361321
13,68,18462,0.00012889807112514973
13,69,18463,0.00019987749692518264
13,70,18464,0.00014927690790500492
13,71,18465,0.00043791241478174925
13,72,18466,0.0005331310676410794
13,73,18467,0.0005551683716475964
13,74,18468,0.0002541656431276351
13,75,18469,0.0002853900077752769
13,76,18470,0.0003808105830103159
13,77,18471,0.0004108817083761096
13,78,18472,0.00012095892452634871
13,79,18473,0.00017106927407439798
13,80,18474,0.000361214013537392
13,81,18475,0.0008399435901083052
13,82,18476,0.0002846013812813908
13,83,18477,0.039423637092113495
13,84,18478,0.00210323347710073
13,85,18479,0.00034793594386428595
13,86,18480,0.0005249573150649667
13,87,18481,0.000408829451771453
13,88,18482,0.0003383927687536925
13,89,18483,0.0003906469210051
13,90,18484,0.0005098758265376091
13,91,18485,0.0029059385415166616
13,92,18486,0.0008182086166925728
13,93,18487,0.0005466888542287052
13,94,18488,0.0002342829538974911
13,95,18489,0.00043279898818582296
13,96,18490,0.00026049622101709247
13,97,18491,0.00018169260874856263
13,98,18492,0.008360769599676132
13,99,18493,0.0005825444241054356
13,100,18494,0.000710293825250119
13,101,18495,0.00040895515121519566
13,102,18496,0.0003608020779211074
13,103,18497,0.00037169252755120397
13,104,18498,0.0002013133926084265
13,105,18499,0.0003792539646383375
13,106,18500,0.0002989718341268599
13,107,18501,0.00022847384389024228
13,108,18502,0.0011116034584119916
13,109,18503,0.0005083549185656011
13,110,18504,0.0014140949351713061
13,111,18505,0.00017155770910903811
13,112,18506,0.00026703602634370327
13,113,18507,0.0003294101916253567
13,114,18508,0.00017052645853254944
13,115,18509,0.003259027376770973
13,116,18510,0.00011125238961540163
13,117,18511,0.00038823331124149263
13,118,18512,0.01778722181916237
13,119,18513,0.00016204221174120903
13,120,18514,0.0055200401693582535
13,121,18515,0.0008416767232120037
13,122,18516,0.00048006855649873614
13,123,18517,0.0003442477900534868
13,124,18518,0.0003923840122297406
13,125,18519,0.0003853562520816922
13,126,18520,0.0004539709188975394
13,127,18521,0.00014113301585894078
13,128,18522,0.0016148255672305822
13,129,18523,9.046376362675801e-05
13,130,18524,0.0004624809662345797
13,131,18525,0.0009145638905465603
13,132,18526,0.0004258719854988158
13,133,18527,0.0005548966582864523
13,134,18528,0.00040194313623942435
13,135,18529,0.0009156516753137112
13,136,18530,0.0003104056522715837
13,137,18531,0.000373831600882113
13,138,18532,0.00021228828700259328
13,139,18533,0.0005939202383160591
13,140,18534,0.00022970285499468446
13,141,18535,0.00011920814722543582
13,142,18536,0.0007065662066452205
13,143,18537,0.0002615583362057805
13,144,18538,0.00018116243882104754
13,145,18539,0.015579343773424625
13,146,18540,0.00024353299522772431
13,147,18541,0.005071053747087717
13,148,18542,0.0003230745205655694
13,149,18543,0.00032740423921495676
13,150,18544,0.0006391699425876141
13,151,18545,0.007919270545244217
13,152,18546,0.0011831863084807992
13,153,18547,0.00043272768380120397
13,154,18548,0.00015594015712849796
13,155,18549,0.00021529880177695304
13,156,18550,0.0008175411494448781
13,157,18551,0.00025620966334827244
13,158,18552,0.0002453430788591504
13,159,18553,0.00029111234471201897
13,160,18554,0.04492825269699097
13,161,18555,0.03165594860911369
13,162,18556,0.01983649469912052
13,163,18557,0.005225248634815216
13,164,18558,0.00041455685277469456
13,165,18559,0.00031478976598009467
13,166,18560,0.001168957562185824
13,167,18561,0.0005762609071098268
13,168,18562,0.0002912870259024203
13,169,18563,0.003342484822496772
13,170,18564,0.003600125666707754
13,171,18565,0.0003107012598775327
13,172,18566,0.00034261567634530365
13,173,18567,0.00019797137065324932
13,174,18568,0.00047004575026221573
13,175,18569,0.0016818203730508685
13,176,18570,0.006197744514793158
13,177,18571,0.0006945916102267802
13,178,18572,0.0003511750837787986
13,179,18573,0.0004386123619042337
13,180,18574,0.00044763076584786177
13,181,18575,0.0003122079069726169
13,182,18576,0.00021658468176610768
13,183,18577,0.010008716955780983
13,184,18578,0.0004170374886598438
13,185,18579,0.0004877849423792213
13,186,18580,0.0004393679555505514
13,187,18581,0.005395517684519291
13,188,18582,0.00012354196223895997
13,189,18583,0.0013827859656885266
13,190,18584,0.00028648367151618004
13,191,18585,0.00016646301082801074
13,192,18586,0.004736189264804125
13,193,18587,0.0008481845143251121
13,194,18588,0.00075463333632797
13,195,18589,0.0016489955596625805
13,196,18590,0.0026019937358796597
13,197,18591,0.002004558453336358
13,198,18592,0.0006832672515884042
13,199,18593,0.00038468799903057516
13,200,18594,0.0007855590665712953
13,201,18595,0.00025537985493429005
13,202,18596,0.00026951960171572864
13,203,18597,0.00044224713928997517
13,204,18598,0.0003198007179889828
13,205,18599,0.00014464376727119088
13,206,18600,0.0010244620498269796
13,207,18601,0.000930671754758805
13,208,18602,0.0002356961340410635
13,209,18603,0.00020425493130460382
13,210,18604,0.00040976505260914564
13,211,18605,0.0002325831592315808
13,212,18606,0.0002489956095814705
13,213,18607,0.0002339463244425133
13,214,18608,0.00859458465129137
13,215,18609,0.00041608838364481926
13,216,18610,0.00015090043598320335
13,217,18611,0.0005178981809876859
13,218,18612,0.0003180608619004488
13,219,18613,0.00018896779511123896
13,220,18614,0.00027593219419941306
13,221,18615,0.0004528896533884108
13,222,18616,0.016982872039079666
13,223,18617,0.0011854288168251514
13,224,18618,0.000750657229218632
13,225,18619,0.0013628638116642833
13,226,18620,0.00037777458783239126
13,227,18621,0.0002722751523833722
13,228,18622,0.0003072568797506392
13,229,18623,0.000596024445258081
13,230,18624,0.0002403539401711896
13,231,18625,0.0003177981998305768
13,232,18626,0.0002985675528179854
13,233,18627,0.0003097338485531509
13,234,18628,0.0004757616843562573
13,235,18629,0.0003891361702699214
13,236,18630,0.000900466286111623
13,237,18631,0.00038399387267418206
13,238,18632,0.00023752448032610118
13,239,18633,0.00032785054645501077
13,240,18634,0.00034772249637171626
13,241,18635,0.0014936455991119146
13,242,18636,0.0006710276938974857
13,243,18637,0.00043940372415818274
13,244,18638,0.001631133141927421
13,245,18639,0.0020522810518741608
13,246,18640,0.00026808353140950203
13,247,18641,0.00036211416590958834
13,248,18642,0.00037489840178750455
13,249,18643,0.00047637836541980505
13,250,18644,0.0002944879524875432
13,251,18645,0.0003528069064486772
13,252,18646,0.0008175630355253816
13,253,18647,0.0016953269951045513
13,254,18648,0.0002769868297036737
13,255,18649,0.00021232168364804238
13,256,18650,0.0005686403019353747
13,257,18651,0.0005016391514800489
13,258,18652,0.0005098668043501675
13,259,18653,7.80697664595209e-05
13,260,18654,0.0002054026408586651
13,261,18655,0.001241430640220642
13,262,18656,0.00013487976684700698
13,263,18657,0.005208050832152367
13,264,18658,0.00022817301214672625
13,265,18659,0.0002292513963766396
13,266,18660,0.00020312226843088865
13,267,18661,0.0002616342098917812
13,268,18662,0.0005157629493623972
13,269,18663,0.0004963757237419486
13,270,18664,0.0004671298083849251
13,271,18665,0.0005106739117763937
13,272,18666,0.00047955135232768953
13,273,18667,0.00035241548903286457
13,274,18668,0.0005712207057513297
13,275,18669,0.000311267445795238
13,276,18670,0.0002052381169050932
13,277,18671,0.0002333393058506772
13,278,18672,0.00024205502995755523
13,279,18673,0.0005829788278788328
13,280,18674,0.00010088216367876157
13,281,18675,0.0002149712818209082
13,282,18676,0.00024814298376441
13,283,18677,0.0017015911871567369
13,284,18678,0.0012225143145769835
13,285,18679,0.0008414270705543458
13,286,18680,0.0002509257465135306
13,287,18681,0.0002502957358956337
13,288,18682,0.00010794732224894688
13,289,18683,0.0007689005578868091
13,290,18684,0.00018580192408990115
13,291,18685,0.0010324901668354869
13,292,18686,0.0002788357378449291
13,293,18687,0.000882455671671778
13,294,18688,0.0007846934022381902
13,295,18689,0.00046189138083718717
13,296,18690,0.0022148273419588804
13,297,18691,0.00011284770152997226
13,298,18692,7.179796375567093e-05
13,299,18693,0.00034435969428159297
13,300,18694,0.0003261738456785679
13,301,18695,0.00023571353813167661
13,302,18696,0.0009523294284008443
13,303,18697,0.00039192746044136584
13,304,18698,0.00026003856328316033
13,305,18699,9.733664046507329e-05
13,306,18700,0.00028612936148419976
13,307,18701,0.0001197505189338699
13,308,18702,0.00041750617674551904
13,309,18703,0.000379508885089308
13,310,18704,7.745120819890872e-05
13,311,18705,0.0008798641501925886
13,312,18706,0.00038496748311445117
13,313,18707,0.0002712214190978557
13,314,18708,0.00021855095110367984
13,315,18709,0.001059408881701529
13,316,18710,0.00019099847122561187
13,317,18711,0.00038048153510317206
13,318,18712,7.128473953343928e-05
13,319,18713,0.00035508867586031556
13,320,18714,0.00022388096840586513
13,321,18715,0.001984673785045743
13,322,18716,0.0004755854606628418
13,323,18717,0.0004984426777809858
13,324,18718,0.00016130904259625822
13,325,18719,0.0001973072940018028
13,326,18720,0.0002664752828422934
13,327,18721,0.00043136440217494965
13,328,18722,0.0005404294934123755
13,329,18723,0.0003109454701188952
13,330,18724,0.00014448635920416564
13,331,18725,0.00017513932834845036
13,332,18726,0.0002193663822254166
13,333,18727,0.00022444620844908059
13,334,18728,0.0010183833073824644
13,335,18729,0.00042065157322213054
13,336,18730,0.00013400250463746488
13,337,18731,0.0002939288388006389
13,338,18732,0.0006616305909119546
13,339,18733,0.0002926283923443407
13,340,18734,0.00011288544192211702
13,341,18735,0.00021720521908719093
13,342,18736,0.00024734431644901633
13,343,18737,0.00027045223396271467
13,344,18738,0.001292464672587812
13,345,18739,0.0006004496826790273
13,346,18740,0.0002817127970047295
13,347,18741,0.0057259825989604
13,348,18742,0.00024174980353564024
13,349,18743,0.0002704457729123533
13,350,18744,0.00031486284569837153
13,351,18745,0.0002596185659058392
13,352,18746,0.00030424006399698555
13,353,18747,0.0005885803839191794
13,354,18748,0.0003183854278177023
13,355,18749,0.0002480744442436844
13,356,18750,0.027982931584119797
13,357,18751,0.00017805417883209884
13,358,18752,0.0005804576212540269
13,359,18753,0.0002903053828049451
13,360,18754,0.00019189152226317674
13,361,18755,0.00024552136892452836
13,362,18756,0.00034863234031945467
13,363,18757,0.0002705260121729225
13,364,18758,0.00032506397110410035
13,365,18759,0.00023192029038909823
13,366,18760,0.0003551524714566767
13,367,18761,0.00016096320177894086
13,368,18762,0.0003712282923515886
13,369,18763,0.0002877037040889263
13,370,18764,0.0005837395437993109
13,371,18765,0.00039368480793200433
13,372,18766,0.0005557973636314273
13,373,18767,0.000291794742224738
13,374,18768,0.0003213241579942405
13,375,18769,0.010034146718680859
13,376,18770,0.0002839391236193478
13,377,18771,6.333202327368781e-05
13,378,18772,0.00033171314862556756
13,379,18773,0.001512189512141049
13,380,18774,0.00030390609754249454
13,381,18775,0.00018735280900727957
13,382,18776,0.0002875828358810395
13,383,18777,0.013114727102220058
13,384,18778,0.0027577064465731382
13,385,18779,0.0004940321086905897
13,386,18780,0.00022918936156202108
13,387,18781,0.00027579060406424105
13,388,18782,0.007337620016187429
13,389,18783,0.00038461905205622315
13,390,18784,0.0002814139297697693
13,391,18785,0.00031034048879519105
13,392,18786,0.0004900560597889125
13,393,18787,0.00035848410334438086
13,394,18788,0.0002093278308166191
13,395,18789,0.00021926093904767185
13,396,18790,0.00015237496700137854
13,397,18791,0.00011750783596653491
13,398,18792,0.0002708406245801598
13,399,18793,0.0002490768092684448
13,400,18794,0.00038805315853096545
13,401,18795,0.0001660408452153206
13,402,18796,0.0009859902784228325
13,403,18797,0.0002132212684955448
13,404,18798,0.00010695406672311947
13,405,18799,6.54293253319338e-05
13,406,18800,0.002451258711516857
13,407,18801,0.0002592203381936997
13,408,18802,0.001322582713328302
13,409,18803,0.00016747508198022842
13,410,18804,0.00027068081544712186
13,411,18805,0.023339977487921715
13,412,18806,0.0007905534002929926
13,413,18807,0.00018656165048014373
13,414,18808,0.0001263372105313465
13,415,18809,0.00020631082588806748
13,416,18810,0.00022818516299594194
13,417,18811,0.00022646746947430074
13,418,18812,0.0002746509271673858
13,419,18813,0.00038664398016408086
13,420,18814,0.0002408059808658436
13,421,18815,0.0003312194312456995
13,422,18816,0.0003114301071036607
13,423,18817,0.0013192008482292295
13,424,18818,0.0003742791886907071
13,425,18819,0.0002385990519542247
13,426,18820,0.00032469379948452115
13,427,18821,0.00040127112879417837
13,428,18822,0.00032339818426407874
13,429,18823,0.0001899626658996567
13,430,18824,0.000271033524768427
13,431,18825,0.0002516434178687632
13,432,18826,0.0005162078887224197
13,433,18827,0.00020678513101302087
13,434,18828,0.001225159503519535
13,435,18829,0.0005395255866460502
13,436,18830,0.0005235014832578599
13,437,18831,0.0014797509647905827
13,438,18832,0.0001721619046293199
13,439,18833,0.0001150017196778208
13,440,18834,0.0003828700864687562
13,441,18835,0.000394300848711282
13,442,18836,0.00028051811386831105
13,443,18837,0.0002474668144714087
13,444,18838,0.00028373405802994967
13,445,18839,0.0002972794754896313
13,446,18840,0.0004082995292264968
13,447,18841,0.000532105506863445
13,448,18842,0.0008686200599186122
13,449,18843,0.00284233083948493
13,450,18844,9.656597831053659e-05
13,451,18845,0.00031047561788000166
13,452,18846,0.00022891460685059428
13,453,18847,0.0007485192036256194
13,454,18848,0.0004176528309471905
13,455,18849,0.0003106901131104678
13,456,18850,0.0001651011116337031
13,457,18851,0.00019870437972713262
13,458,18852,0.00016378014697693288
13,459,18853,0.0004902574582956731
13,460,18854,0.0002458047529216856
13,461,18855,0.00034805701579898596
13,462,18856,0.0003033297252841294
13,463,18857,0.0001905646058730781
13,464,18858,0.00025763289886526763
13,465,18859,0.0004861789639107883
13,466,18860,0.0003106041403952986
13,467,18861,0.0005217022262513638
13,468,18862,0.011040139943361282
13,469,18863,0.00024262636725325137
13,470,18864,0.0002299074112670496
13,471,18865,0.0013214567443355918
13,472,18866,0.00023603352019563317
13,473,18867,0.0023698427248746157
13,474,18868,0.000531121389940381
13,475,18869,0.00021868290787097067
13,476,18870,0.00022173691831994802
13,477,18871,5.7414556067669764e-05
13,478,18872,0.0002582025481387973
13,479,18873,0.0002451548643875867
13,480,18874,0.0001860603952081874
13,481,18875,0.00019648642046377063
13,482,18876,0.00022717974206898361
13,483,18877,7.130816084099934e-05
13,484,18878,0.0003928309597540647
13,485,18879,0.0002255443250760436
13,486,18880,0.0004673551593441516
13,487,18881,0.0031857884023338556
13,488,18882,0.00016190094174817204
13,489,18883,0.00026253482792526484
13,490,18884,0.0027038571424782276
13,491,18885,0.00027129059890285134
13,492,18886,0.00023423921084031463
13,493,18887,0.00036665063817054033
13,494,18888,5.755750316893682e-05
13,495,18889,0.00016739546845201403
13,496,18890,0.000261011125985533
13,497,18891,0.0010641403496265411
13,498,18892,0.0005310589913278818
13,499,18893,0.0002595688565634191
13,500,18894,0.001215319731272757
13,501,18895,0.00020022488024551421
13,502,18896,0.00016109600255731493
13,503,18897,0.00016169626906048506
13,504,18898,0.014140606857836246
13,505,18899,0.00020433258032426238
13,506,18900,0.0037941490299999714
13,507,18901,0.0011110941413789988
13,508,18902,0.0004070137511007488
13,509,18903,0.0002513025829102844
13,510,18904,0.0011278875172138214
13,511,18905,0.00016608921578153968
13,512,18906,0.00023679361038375646
13,513,18907,0.00012585276272147894
13,514,18908,0.0005719054024666548
13,515,18909,0.012321962974965572
13,516,18910,0.0003089258389081806
13,517,18911,0.0002377410273766145
13,518,18912,0.00035170622868463397
13,519,18913,0.000360482168616727
13,520,18914,0.00042797235073521733
13,521,18915,0.0005764962406829
13,522,18916,0.0004397342272568494
13,523,18917,0.0071806940250098705
13,524,18918,0.0002896819496527314
13,525,18919,0.00018318228831049055
13,526,18920,0.0001230595662491396
13,527,18921,0.0003348778700456023
13,528,18922,0.0007006044033914804
13,529,18923,0.0006664228858426213
13,530,18924,0.0002990435459651053
13,531,18925,0.00016703017172403634
13,532,18926,0.000647879671305418
13,533,18927,0.00019989232532680035
13,534,18928,0.0003626335528679192
13,535,18929,0.006195461377501488
13,536,18930,0.00038157994276843965
13,537,18931,0.00015787848678883165
13,538,18932,0.0033605778589844704
13,539,18933,0.0007888264372013509
13,540,18934,0.00025322657893411815
13,541,18935,0.0002634669071994722
13,542,18936,0.00016487165703438222
13,543,18937,0.0004075308970641345
13,544,18938,0.00042650665272958577
13,545,18939,9.44333805819042e-05
13,546,18940,0.0001863802899606526
13,547,18941,0.00012990993855055422
13,548,18942,0.00019023084314540029
13,549,18943,0.00037579971831291914
13,550,18944,0.0002682735794223845
13,551,18945,0.00015060439181979746
13,552,18946,0.0007694793748669326
13,553,18947,0.0002782081428449601
13,554,18948,0.00024210521951317787
13,555,18949,5.165536276763305e-05
13,556,18950,0.004165228921920061
13,557,18951,0.0004776348068844527
13,558,18952,0.00031823196331970394
13,559,18953,0.00032103879493661225
13,560,18954,0.00020293409761507064
13,561,18955,0.0003613529843278229
13,562,18956,0.00045795569894835353
13,563,18957,0.00017795609892345965
13,564,18958,0.0004405226500239223
13,565,18959,0.00010329152428312227
13,566,18960,0.0005026873550377786
13,567,18961,0.011562388390302658
13,568,18962,0.0002088215114781633
13,569,18963,0.00017568960902281106
13,570,18964,0.00016332701488863677
13,571,18965,0.0002608572249300778
13,572,18966,0.00023979961406439543
13,573,18967,0.0003377842949703336
13,574,18968,0.0045610214583575726
13,575,18969,0.00020600769494194537
13,576,18970,0.00016136416525114328
13,577,18971,6.626466347370297e-05
13,578,18972,0.0002525963063817471
13,579,18973,0.036932528018951416
13,580,18974,0.00013189585297368467
13,581,18975,0.00025714084040373564
13,582,18976,0.000282980443444103
13,583,18977,0.00017690933600533754
13,584,18978,0.00018524400366004556
13,585,18979,0.0007913755252957344
13,586,18980,0.00034558537299744785
13,587,18981,0.0005445603164844215
13,588,18982,0.0002405887353233993
13,589,18983,0.0034747631289064884
13,590,18984,0.0003027253842446953
13,591,18985,0.0003209829155821353
13,592,18986,0.00041255925316363573
13,593,18987,0.00042581878369674087
13,594,18988,0.01428682915866375
13,595,18989,0.0014344369992613792
13,596,18990,0.00021709171414840966
13,597,18991,0.00045113699161447585
13,598,18992,0.00016474486619699746
13,599,18993,0.00024318908981513232
13,600,18994,0.00040882674511522055
13,601,18995,0.0002878339437302202
13,602,18996,0.0015381263801828027
13,603,18997,0.0002754051238298416
13,604,18998,0.0006884775939397514
13,605,18999,0.05184471979737282
13,606,19000,0.00045963184675201774
13,607,19001,0.0006768616731278598
13,608,19002,0.0012509244261309505
13,609,19003,0.0003513009869493544
13,610,19004,0.000244568451307714
13,611,19005,0.0007229167968034744
13,612,19006,0.0004140163364354521
13,613,19007,0.00016707126633264124
13,614,19008,0.0009348103776574135
13,615,19009,0.0006768821040168405
13,616,19010,0.0004924703389406204
13,617,19011,9.628655243432149e-05
13,618,19012,0.0002768809790723026
13,619,19013,0.008164074271917343
13,620,19014,0.00035577084054239094
13,621,19015,0.0006807586760260165
13,622,19016,0.0006158123142085969
13,623,19017,7.813748379703611e-05
13,624,19018,0.00031747214961797
13,625,19019,0.00028149521676823497
13,626,19020,0.00031600543297827244
13,627,19021,0.00025513360742479563
13,628,19022,0.0006129436660557985
13,629,19023,0.005257526878267527
13,630,19024,0.00038974080234766006
13,631,19025,0.0002315382589586079
13,632,19026,0.0011290410766378045
13,633,19027,0.0007281312136910856
13,634,19028,0.00025323123554699123
13,635,19029,0.002272403798997402
13,636,19030,0.0003635128668975085
13,637,19031,0.00021026382455602288
13,638,19032,0.0005792560405097902
13,639,19033,0.001658374909311533
13,640,19034,0.00040518189780414104
13,641,19035,0.0005258651217445731
13,642,19036,0.0025948327966034412
13,643,19037,0.00024368353479076177
13,644,19038,0.00019804052135441452
13,645,19039,0.00022715168597642332
13,646,19040,0.00018549661035649478
13,647,19041,0.0002400533703621477
13,648,19042,0.004778698086738586
13,649,19043,0.00024555157870054245
13,650,19044,0.00017368365661241114
13,651,19045,0.0004992538597434759
13,652,19046,0.0005605585174635053
13,653,19047,0.0009235689649358392
13,654,19048,0.00046451587695628405
13,655,19049,0.00024702478549443185
13,656,19050,0.0015421478310599923
13,657,19051,0.0002571911900304258
13,658,19052,0.00029144439031369984
13,659,19053,0.00019109279674012214
13,660,19054,0.00018148952221963555
13,661,19055,0.00022412635735236108
13,662,19056,0.00029155961237847805
13,663,19057,0.00027961013256572187
13,664,19058,0.0002759920316748321
13,665,19059,0.004460593219846487
13,666,19060,6.199871859280393e-05
13,667,19061,0.00034776650136336684
13,668,19062,0.0002682287886273116
13,669,19063,0.00015157820598687977
13,670,19064,0.00020749380928464234
13,671,19065,0.000258332904195413
13,672,19066,0.00012629965203814209
13,673,19067,0.0002772941079456359
13,674,19068,0.00029943938716314733
13,675,19069,0.0002342358638998121
13,676,19070,0.0003316612564958632
13,677,19071,0.00035686249611899257
13,678,19072,0.00018075360276270658
13,679,19073,0.00025520066265016794
13,680,19074,0.003806978464126587
13,681,19075,0.0002491821942385286
13,682,19076,0.00020806383690796793
13,683,19077,0.00018869132327381521
13,684,19078,0.00020383192168083042
13,685,19079,0.00021656582248397171
13,686,19080,0.00020568305626511574
13,687,19081,0.000553492980543524
13,688,19082,0.00031361402943730354
13,689,19083,0.00017600062710698694
13,690,19084,0.00015565287321805954
13,691,19085,0.00031311900238506496
13,692,19086,0.0005291832494549453
13,693,19087,0.00016710747149772942
13,694,19088,0.000547169242054224
13,695,19089,0.0003389347402844578
13,696,19090,9.923082689056173e-05
13,697,19091,0.009638780727982521
13,698,19092,0.00011324122169753537
13,699,19093,0.00041159288957715034
13,700,19094,0.00044293489190749824
13,701,19095,0.0012934980913996696
13,702,19096,0.0005079639959149063
13,703,19097,0.00018037990957964212
13,704,19098,0.0006579997716471553
13,705,19099,0.00022024876670911908
13,706,19100,0.00020956377557013184
13,707,19101,0.0001367627119179815
13,708,19102,0.0001870536943897605
13,709,19103,0.0003873349924106151
13,710,19104,0.00016715523088350892
13,711,19105,0.029195785522460938
13,712,19106,0.0006638451595790684
13,713,19107,0.00042833006591536105
13,714,19108,0.0002682690683286637
13,715,19109,0.00011890337191289291
13,716,19110,0.00028069541440345347
13,717,19111,0.00033755513140931726
13,718,19112,0.00021043801098130643
13,719,19113,0.0005022441036999226
13,720,19114,0.0005655785789713264
13,721,19115,0.00022192546748556197
13,722,19116,0.00020819449855480343
13,723,19117,0.0026266276836395264
13,724,19118,0.00194860203191638
13,725,19119,0.00024087229394353926
13,726,19120,0.0002802150556817651
13,727,19121,0.005765350069850683
13,728,19122,0.0002650870301295072
13,729,19123,0.0004201557021588087
13,730,19124,0.00021252865553833544
13,731,19125,0.00041469495045021176
13,732,19126,0.0006330694304779172
13,733,19127,0.0002537246618885547
13,734,19128,0.00024340122763533145
13,735,19129,0.001043669763021171
13,736,19130,0.0005885656573809683
13,737,19131,0.000389486231142655
13,738,19132,0.0001907560508698225
13,739,19133,0.00017181228031404316
13,740,19134,0.0008669372764416039
13,741,19135,0.0011248652590438724
13,742,19136,0.007888536900281906
13,743,19137,0.0003135250008199364
13,744,19138,0.00027266310644336045
13,745,19139,0.00040504042408429086
13,746,19140,0.00023170429631136358
13,747,19141,0.00020097669039387256
13,748,19142,0.00014218523574527353
13,749,19143,0.0016905759694054723
13,750,19144,0.00015932942915242165
13,751,19145,0.000150596461025998
13,752,19146,0.00019626923312898725
13,753,19147,0.00032155527151189744
13,754,19148,0.00018438874394632876
13,755,19149,0.000289966439595446
13,756,19150,0.00021919587743468583
13,757,19151,0.005107418168336153
13,758,19152,0.00038850223063491285
13,759,19153,0.0007099330541677773
13,760,19154,0.00018585602811072022
13,761,19155,0.00033691426506266
13,762,19156,0.0004729233041871339
13,763,19157,0.00027048916672356427
13,764,19158,0.0008851633174344897
13,765,19159,0.00016578170470893383
13,766,19160,0.0003026935737580061
13,767,19161,0.0001898369228001684
13,768,19162,0.00016988813877105713
13,769,19163,0.00020658675930462778
13,770,19164,7.709752389928326e-05
13,771,19165,0.00021891275537200272
13,772,19166,0.00022246420849114656
13,773,19167,0.00030401156982406974
13,774,19168,0.00020985747687518597
13,775,19169,0.08236894011497498
13,776,19170,0.0002484741562511772
13,777,19171,0.00023651268566027284
13,778,19172,0.001528727589175105
13,779,19173,0.0002567021583672613
13,780,19174,0.0007929436396807432
13,781,19175,0.0005369286518543959
13,782,19176,0.0007069632993079722
13,783,19177,0.0010826893849298358
13,784,19178,0.0002726621169131249
13,785,19179,0.00037906572106294334
13,786,19180,0.00047856441233307123
13,787,19181,0.00029023742536082864
13,788,19182,0.00024188590759877115
13,789,19183,0.017656197771430016
13,790,19184,0.00039253308204934
13,791,19185,0.000192954670637846
13,792,19186,0.0003895239788107574
13,793,19187,0.0020111731719225645
13,794,19188,0.0003023805911652744
13,795,19189,0.0013436408480629325
13,796,19190,0.00021771756291855127
13,797,19191,0.0005559888668358326
13,798,19192,0.000399141717934981
13,799,19193,0.0003363910363987088
13,800,19194,0.0002975603274535388
13,801,19195,0.0004964300314895809
13,802,19196,0.00032337321317754686
13,803,19197,0.0229782834649086
13,804,19198,0.00025220977840945125
13,805,19199,0.0005884610000066459
13,806,19200,0.000708713021595031
13,807,19201,0.00037342699943110347
13,808,19202,0.00026486293063499033
13,809,19203,0.0048464019782841206
13,810,19204,0.0004033159639220685
13,811,19205,0.0003573524591047317
13,812,19206,0.0001514527393737808
13,813,19207,0.0003242868697270751
13,814,19208,0.01671135425567627
13,815,19209,0.0010351743549108505
13,816,19210,0.00028405615012161434
13,817,19211,0.0002073856012430042
13,818,19212,0.002049252623692155
13,819,19213,0.00019141615484841168
13,820,19214,0.0002195516717620194
13,821,19215,0.00034065954969264567
13,822,19216,0.0002713410649448633
13,823,19217,0.00019090395653620362
13,824,19218,0.0005425745039246976
13,825,19219,0.0028629289008677006
13,826,19220,0.0007037953473627567
13,827,19221,0.001104801893234253
13,828,19222,0.00035648487391881645
13,829,19223,0.0001545455161249265
13,830,19224,0.005917500238865614
13,831,19225,0.00011422560783103108
13,832,19226,0.00023011292796581984
13,833,19227,0.00031681411201134324
13,834,19228,0.032500576227903366
13,835,19229,0.00020560630946420133
13,836,19230,0.0003535097639542073
13,837,19231,0.00015241946675814688
13,838,19232,0.00011459029337856919
13,839,19233,0.0016396280843764544
13,840,19234,0.00015445498866029084
13,841,19235,0.00022781710140407085
13,842,19236,0.0006774631328880787
13,843,19237,0.0013200331013649702
13,844,19238,0.0002207796205766499
13,845,19239,0.00019492668798193336
13,846,19240,0.0001839278411353007
13,847,19241,0.0001314357214141637
13,848,19242,0.0005990689969621599
13,849,19243,0.00015932988026179373
13,850,19244,0.0005769780836999416
13,851,19245,0.00017972073692362756
13,852,19246,0.0004087598354090005
13,853,19247,0.0013026053784415126
13,854,19248,0.0006626840913668275
13,855,19249,0.000240441455389373
13,856,19250,0.0001771574025042355
13,857,19251,0.0009310499881394207
13,858,19252,0.002788363490253687
13,859,19253,0.003369138343259692
13,860,19254,0.00016362454334739596
13,861,19255,0.004245486576110125
13,862,19256,0.0002142483281204477
13,863,19257,0.000529153854586184
13,864,19258,0.00023765450168866664
13,865,19259,0.00018516601994633675
13,866,19260,0.016221817582845688
13,867,19261,0.0003616379981394857
13,868,19262,0.0002783136151265353
13,869,19263,0.00020848556596320122
13,870,19264,0.00018663071386981755
13,871,19265,0.0014686818467453122
13,872,19266,0.00071586889680475
13,873,19267,5.788614726043306e-05
13,874,19268,0.00014061780530028045
13,875,19269,0.00032260833540931344
13,876,19270,0.0002461435506120324
13,877,19271,0.0006236045155674219
13,878,19272,0.00027854714426212013
13,879,19273,0.00016868076636455953
13,880,19274,0.00016581109957769513
13,881,19275,0.002073979936540127
13,882,19276,0.000275568978395313
13,883,19277,0.00027663391665555537
13,884,19278,0.005222550127655268
13,885,19279,0.00011890308087458834
13,886,19280,0.0002227485238108784
13,887,19281,0.00018419283151160926
13,888,19282,0.007697568275034428
13,889,19283,0.00017037143697962165
13,890,19284,0.00028266257140785456
13,891,19285,0.000988285057246685
13,892,19286,0.0002584825560916215
13,893,19287,0.001067845500074327
13,894,19288,0.010332239791750908
13,895,19289,0.0019010219257324934
13,896,19290,0.0001240647106897086
13,897,19291,0.00010375957936048508
13,898,19292,0.00025646723224781454
13,899,19293,0.00018688409181777388
13,900,19294,0.00017637998098507524
13,901,19295,0.00035756893339566886
13,902,19296,0.0002442861150484532
13,903,19297,0.0003571854904294014
13,904,19298,0.00022013102716300637
13,905,19299,5.127318581799045e-05
13,906,19300,0.0001555864728288725
13,907,19301,0.0001614012726349756
13,908,19302,0.00011980558338109404
13,909,19303,0.00014221291348803788
13,910,19304,0.00015639752382412553
13,911,19305,0.010534888133406639
13,912,19306,0.0001975517370738089
13,913,19307,0.0002751648717094213
13,914,19308,0.0005148681229911745
13,915,19309,0.0008842466049827635
13,916,19310,0.00022000032186042517
13,917,19311,0.00022829431691206992
13,918,19312,0.00030451975180767477
13,919,19313,0.0002597692364361137
13,920,19314,0.003297713352367282
13,921,19315,0.0018879356794059277
13,922,19316,0.00017451595340389758
13,923,19317,0.0004469828854780644
13,924,19318,0.00014086917508393526
13,925,19319,0.0002965458552353084
13,926,19320,0.00012580615293700248
13,927,19321,0.00017430211300961673
13,928,19322,0.0026067839935421944
13,929,19323,0.00012999909813515842
13,930,19324,0.00025707980967126787
13,931,19325,0.00028142318478785455
13,932,19326,0.0011454233899712563
13,933,19327,0.012879435904324055
13,934,19328,0.0008628620416857302
13,935,19329,0.00011747820826712996
13,936,19330,0.0002476672816555947
13,937,19331,0.0004442011413630098
13,938,19332,0.00023422131198458374
13,939,19333,0.0005241578328423202
13,940,19334,0.000290904485154897
13,941,19335,0.0003132864076178521
13,942,19336,0.0005539786070585251
13,943,19337,0.00017244530317839235
13,944,19338,0.00018701974477153271
13,945,19339,0.0006436915136873722
13,946,19340,0.0002881604596041143
13,947,19341,0.0010730813955888152
13,948,19342,0.00035961109097115695
13,949,19343,0.0001747325004544109
13,950,19344,0.00020801497157663107
13,951,19345,0.00025281342095695436
13,952,19346,0.0009764031274244189
13,953,19347,0.00014290276158135384
13,954,19348,0.00018909458594862372
13,955,19349,0.0001548991713207215
13,956,19350,0.0018878531409427524
13,957,19351,0.0001981999521376565
13,958,19352,0.0002670068643055856
13,959,19353,0.00015323517436627299
13,960,19354,0.001684951945208013
13,961,19355,0.0012591694248840213
13,962,19356,0.0002381244848947972
13,963,19357,0.0013969159917905927
13,964,19358,0.00015776300278957933
13,965,19359,0.0003170104755554348
13,966,19360,0.0005479853716678917
13,967,19361,0.00020027840218972415
13,968,19362,0.0006500830641016364
13,969,19363,0.0001469351554987952
13,970,19364,0.0006205323152244091
13,971,19365,0.0002419313241261989
13,972,19366,0.00010673922952264547
13,973,19367,0.0002478222013451159
13,974,19368,0.00022302386059891433
13,975,19369,0.00012352921476121992
13,976,19370,0.00012357464584056288
13,977,19371,0.0002493245410732925
13,978,19372,0.00024497395497746766
13,979,19373,0.00010427062807139009
13,980,19374,0.00018352271581534296
13,981,19375,0.00020146695896983147
13,982,19376,0.00023346308444160968
13,983,19377,0.0002563757880125195
13,984,19378,0.0008971290662884712
13,985,19379,0.0002242098853457719
13,986,19380,0.00021962808386888355
13,987,19381,0.00023487342696171254
13,988,19382,9.982944175135344e-05
13,989,19383,0.0002790332946460694
13,990,19384,0.00031960761407390237
13,991,19385,0.00097308011027053
13,992,19386,0.0003216119366697967
13,993,19387,0.00023588463955093175
13,994,19388,0.00037209864240139723
13,995,19389,0.0002101159916492179
13,996,19390,0.0022437856532633305
13,997,19391,0.00019622351101133972
13,998,19392,0.00016619985399302095
13,999,19393,0.004840767476707697
13,1000,19394,0.0002152489178115502
13,1001,19395,0.0007645848672837019
13,1002,19396,0.00023797033645678312
13,1003,19397,0.0004090398724656552
13,1004,19398,0.00013337211566977203
13,1005,19399,0.00022168141731526703
13,1006,19400,0.00016406246868427843
13,1007,19401,0.00015813294157851487
13,1008,19402,0.0016847171355038881
13,1009,19403,0.0009007456828840077
13,1010,19404,0.0002321343927178532
13,1011,19405,0.0045623090118169785
13,1012,19406,0.0008686614455655217
13,1013,19407,0.0003555056464392692
13,1014,19408,0.00014922306581865996
13,1015,19409,0.00021403926075436175
13,1016,19410,0.00022007757797837257
13,1017,19411,0.00010886956442845985
13,1018,19412,0.00040675076888874173
13,1019,19413,0.0001232028880622238
13,1020,19414,0.0004867364186793566
13,1021,19415,0.00022589386207982898
13,1022,19416,0.00037265950231812894
13,1023,19417,0.00036007349262945354
13,1024,19418,0.00027776823844760656
13,1025,19419,0.0013912222348153591
13,1026,19420,0.0001185104192700237
13,1027,19421,0.0011012516915798187
13,1028,19422,0.0002275585720781237
13,1029,19423,0.00022676182561554015
13,1030,19424,0.0003293693298473954
13,1031,19425,0.00018847666797228158
13,1032,19426,0.0009993863059207797
13,1033,19427,0.0002780951326712966
13,1034,19428,8.69131981744431e-05
13,1035,19429,0.0001910419960040599
13,1036,19430,0.00015747948782518506
13,1037,19431,4.2244228097843006e-05
13,1038,19432,0.0019388668006286025
13,1039,19433,0.0003083930059801787
13,1040,19434,0.007036130875349045
13,1041,19435,0.0006095588905736804
13,1042,19436,0.0002942886494565755
13,1043,19437,0.0017843052046373487
13,1044,19438,0.025521283969283104
13,1045,19439,0.00046575500164180994
13,1046,19440,0.000414398149587214
13,1047,19441,0.00024265835236292332
13,1048,19442,0.00015788229939062148
13,1049,19443,0.00034937894088216126
13,1050,19444,0.011824159882962704
13,1051,19445,0.00029918653308413923
13,1052,19446,0.00020230267546139657
13,1053,19447,0.00018732160970102996
13,1054,19448,0.00023025175323709846
13,1055,19449,0.00015186227392405272
13,1056,19450,0.00025158090284094214
13,1057,19451,0.00017168992781080306
13,1058,19452,0.000295100238872692
13,1059,19453,0.0014112595235928893
13,1060,19454,0.0003170644922647625
13,1061,19455,0.00015526878996752203
13,1062,19456,0.0013557785423472524
13,1063,19457,0.0005263983621262014
13,1064,19458,0.00284728966653347
13,1065,19459,0.00013049035624135286
13,1066,19460,0.00025525069213472307
13,1067,19461,0.00027461256831884384
13,1068,19462,0.0020060560200363398
13,1069,19463,0.00013668238534592092
13,1070,19464,0.00015858831466175616
13,1071,19465,5.921879710513167e-05
13,1072,19466,0.00901001412421465
13,1073,19467,0.0004022877255920321
13,1074,19468,0.00036788490251637995
13,1075,19469,0.00020311152911745012
13,1076,19470,0.00013455076259560883
13,1077,19471,0.00014689707313664258
13,1078,19472,0.00030921754660084844
13,1079,19473,0.00016534142196178436
13,1080,19474,0.00011528367758728564
13,1081,19475,0.00011234421981498599
13,1082,19476,0.0002738400944508612
13,1083,19477,0.00016024732030928135
13,1084,19478,0.0001892162545118481
13,1085,19479,0.0003446160408202559
13,1086,19480,8.935022924561054e-05
13,1087,19481,0.00011861724487971514
13,1088,19482,0.00042680971091613173
13,1089,19483,0.00022014984278939664
13,1090,19484,0.00014023476978763938
13,1091,19485,0.00018855610687751323
13,1092,19486,0.0008081749547272921
13,1093,19487,0.00020556464733090252
13,1094,19488,0.00023945119755808264
13,1095,19489,0.00042084784945473075
13,1096,19490,0.0001511712180217728
13,1097,19491,0.0001364535273751244
13,1098,19492,0.00019913479627575725
13,1099,19493,0.0005798133206553757
13,1100,19494,0.00010171606845688075
13,1101,19495,0.0015972157707437873
13,1102,19496,0.00018788024317473173
13,1103,19497,0.0006961497128941119
13,1104,19498,0.00660290289670229
13,1105,19499,0.00024700580979697406
13,1106,19500,0.00019576764316298068
13,1107,19501,0.000142987075378187
13,1108,19502,0.00023578610853292048
13,1109,19503,0.00028802428278140724
13,1110,19504,0.0001072435625246726
13,1111,19505,0.00016922930080909282
13,1112,19506,0.00030301976948976517
13,1113,19507,0.0007405498763546348
13,1114,19508,0.0003621445794124156
13,1115,19509,0.00029874115716665983
13,1116,19510,0.00021888200717512518
13,1117,19511,0.004824547097086906
13,1118,19512,0.001967718591913581
13,1119,19513,0.000374414783436805
13,1120,19514,0.0023159729316830635
13,1121,19515,0.00015246270049829036
13,1122,19516,0.0002220157766714692
13,1123,19517,0.00018741395615506917
13,1124,19518,0.0008565947646275163
13,1125,19519,0.00012362947745714337
13,1126,19520,0.0014405859401449561
13,1127,19521,0.0033690198324620724
13,1128,19522,0.0003342406125739217
13,1129,19523,0.000982891651801765
13,1130,19524,0.00019826849165838212
13,1131,19525,0.0006684858817607164
13,1132,19526,0.0002905889705289155
13,1133,19527,0.00031850437517277896
13,1134,19528,0.00024716483312658966
13,1135,19529,0.0019674203358590603
13,1136,19530,0.002171506639569998
13,1137,19531,0.00029326931689865887
13,1138,19532,0.00016235225484706461
13,1139,19533,0.00024290943110827357
13,1140,19534,0.0001912300504045561
13,1141,19535,0.00024179709726013243
13,1142,19536,0.0001212237257277593
13,1143,19537,0.00026066246209666133
13,1144,19538,0.00038800662150606513
13,1145,19539,0.0002783046511467546
13,1146,19540,0.0011184102622792125
13,1147,19541,0.00010855479922611266
13,1148,19542,0.003315333276987076
13,1149,19543,0.0016559120267629623
13,1150,19544,0.0003495469281915575
13,1151,19545,0.023307109251618385
13,1152,19546,0.00024737499188631773
13,1153,19547,0.03718782588839531
13,1154,19548,0.0004448300169315189
13,1155,19549,0.000305988040054217
13,1156,19550,0.000186184945050627
13,1157,19551,0.014950491487979889
13,1158,19552,0.0004071949515491724
13,1159,19553,0.0028958108741790056
13,1160,19554,0.0004438429023139179
13,1161,19555,0.00038118279189802706
13,1162,19556,0.00016397697618231177
13,1163,19557,0.00034090346889570355
13,1164,19558,0.00022084311058279127
13,1165,19559,0.00023531954502686858
13,1166,19560,0.00028320832643657923
13,1167,19561,0.00020895368652418256
13,1168,19562,0.0002562164154369384
13,1169,19563,0.0002553624799475074
13,1170,19564,0.00033680422347970307
13,1171,19565,0.00045882959966547787
13,1172,19566,0.00019642031111288816
13,1173,19567,0.00032370968256145716
13,1174,19568,0.00342398788779974
13,1175,19569,0.0008259732858277857
13,1176,19570,0.0012411571806296706
13,1177,19571,0.0021955606061965227
13,1178,19572,0.00019682642596308142
13,1179,19573,0.0012467443011701107
13,1180,19574,0.00018513693066779524
13,1181,19575,0.014800310134887695
13,1182,19576,0.0008223570766858757
13,1183,19577,0.0018905842443928123
13,1184,19578,0.0004956652410328388
13,1185,19579,0.00022105460811872035
13,1186,19580,0.0004643812426365912
13,1187,19581,0.0033472138457000256
13,1188,19582,0.0004063839151058346
13,1189,19583,0.00038328132359310985
13,1190,19584,0.020172886550426483
13,1191,19585,0.00023494499328080565
13,1192,19586,0.0007900835480540991
13,1193,19587,0.0010325773619115353
13,1194,19588,0.0002522935392335057
13,1195,19589,0.0004454888985492289
13,1196,19590,0.0003029426443390548
13,1197,19591,0.00015427518519572914
13,1198,19592,0.00012985666398890316
13,1199,19593,0.0020955174695700407
13,1200,19594,0.00012559165770653635
13,1201,19595,0.017158104106783867
13,1202,19596,0.00027748229331336915
13,1203,19597,0.00013590963499154896
13,1204,19598,0.00010925188689725474
13,1205,19599,0.00014333963918033987
13,1206,19600,0.0008714065188542008
13,1207,19601,0.0002727019018493593
13,1208,19602,0.0002652087132446468
13,1209,19603,0.00017402156663592905
13,1210,19604,0.0010108855785802007
13,1211,19605,0.00012805093138013035
13,1212,19606,0.00030776450876146555
13,1213,19607,0.001907806028611958
13,1214,19608,0.00015292337047867477
13,1215,19609,0.0002255188301205635
13,1216,19610,0.00044270799844525754
13,1217,19611,0.0047912863083183765
13,1218,19612,0.00019575866463128477
13,1219,19613,0.0006985005456954241
13,1220,19614,0.00024185777874663472
13,1221,19615,0.00030621487530879676
13,1222,19616,7.203477434813976e-05
13,1223,19617,0.0005100017297081649
13,1224,19618,0.003623244585469365
13,1225,19619,0.0178967472165823
13,1226,19620,0.00046876046690158546
13,1227,19621,4.75090419058688e-05
13,1228,19622,0.0004452724242582917
13,1229,19623,0.0002971591893583536
13,1230,19624,0.0003206419642083347
13,1231,19625,0.0002173912216676399
13,1232,19626,0.00013448829122353345
13,1233,19627,0.0003711152239702642
13,1234,19628,0.00019884003268089145
13,1235,19629,0.00027806806610897183
13,1236,19630,0.00039159689913503826
13,1237,19631,0.00013839259918313473
13,1238,19632,0.00018226368410978466
13,1239,19633,0.0003863818710669875
13,1240,19634,0.0001362133480142802
13,1241,19635,0.0011128938058391213
13,1242,19636,0.00025724308216013014
13,1243,19637,0.02909606136381626
13,1244,19638,0.0004959804355166852
13,1245,19639,0.00043410196667537093
13,1246,19640,0.007829819805920124
13,1247,19641,0.0002087111643049866
13,1248,19642,0.00045503053115680814
13,1249,19643,0.0002034757490037009
13,1250,19644,0.0005159268621355295
13,1251,19645,0.00044163779239170253
13,1252,19646,0.0011347744148224592
13,1253,19647,0.00046752396156080067
13,1254,19648,0.00044105848064646125
13,1255,19649,0.00033956996048800647
13,1256,19650,0.00017592860967852175
13,1257,19651,0.0008695753640495241
13,1258,19652,0.00019656703807413578
13,1259,19653,0.0004912331933155656
13,1260,19654,0.01837027817964554
13,1261,19655,0.0017250558594241738
13,1262,19656,0.0006808321923017502
13,1263,19657,0.008743182756006718
13,1264,19658,0.00046113174175843596
13,1265,19659,0.00015196883759927005
13,1266,19660,0.00032394318259321153
13,1267,19661,0.0005786500405520201
13,1268,19662,0.0005346417892724276
13,1269,19663,0.005948137026280165
13,1270,19664,0.00046738010132685304
13,1271,19665,0.005613274872303009
13,1272,19666,0.0006586663075722754
13,1273,19667,0.00021171598928049207
13,1274,19668,0.00017279568419326097
13,1275,19669,0.00017143793229479343
13,1276,19670,9.424961899640039e-05
13,1277,19671,0.00027188644162379205
13,1278,19672,0.0005503391148522496
13,1279,19673,0.00018861843273043633
13,1280,19674,0.0002878619125112891
13,1281,19675,0.0002772455627564341
13,1282,19676,0.00024127868528012186
13,1283,19677,8.54594400152564e-05
13,1284,19678,0.0002506215823814273
13,1285,19679,0.00018862243450712413
13,1286,19680,0.00023657908604945987
13,1287,19681,0.0014247384387999773
13,1288,19682,0.00048604977200739086
13,1289,19683,0.00015015220560599118
13,1290,19684,0.00032722108880989254
13,1291,19685,0.0004594059137161821
13,1292,19686,0.0003679890069179237
13,1293,19687,0.0002609335642773658
13,1294,19688,0.0002613014366943389
13,1295,19689,0.0003115197760052979
13,1296,19690,0.000569162773899734
13,1297,19691,0.002382477279752493
13,1298,19692,0.00012512695684563369
13,1299,19693,0.0003811035421676934
13,1300,19694,0.00046897048014216125
13,1301,19695,0.00018429895862936974
13,1302,19696,0.00036169157829135656
13,1303,19697,0.0005766363465227187
13,1304,19698,0.00048812362365424633
13,1305,19699,0.0002365605760132894
13,1306,19700,0.0021516408305615187
13,1307,19701,0.0001029978011501953
13,1308,19702,0.0004375613934826106
13,1309,19703,0.00020570744527503848
13,1310,19704,0.000814274710137397
13,1311,19705,0.00044291108497418463
13,1312,19706,0.0001479736529290676
13,1313,19707,0.00043528873356990516
13,1314,19708,0.00025243256823159754
13,1315,19709,0.004178908187896013
13,1316,19710,0.0001547013525851071
13,1317,19711,0.0002058070240309462
13,1318,19712,0.0028759215492755175
13,1319,19713,0.00035916775232180953
13,1320,19714,0.00016599692753516138
13,1321,19715,9.692944877315313e-05
13,1322,19716,0.00029760028701275587
13,1323,19717,0.00045607745414599776
13,1324,19718,6.85418926877901e-05
13,1325,19719,0.00015579487080685794
13,1326,19720,0.00018313857435714453
13,1327,19721,0.008115356788039207
13,1328,19722,0.00019878371676895767
13,1329,19723,0.00020804539963137358
13,1330,19724,0.0005898732924833894
13,1331,19725,0.00022197300859261304
13,1332,19726,0.0003601606877055019
13,1333,19727,0.001836088951677084
13,1334,19728,0.0001950659934664145
13,1335,19729,0.00016098529158625752
13,1336,19730,0.00024367024889215827
13,1337,19731,0.00019001706095878035
13,1338,19732,0.00025331086362712085
13,1339,19733,0.0006577986641786993
13,1340,19734,0.00019072304712608457
13,1341,19735,9.439472341910005e-05
13,1342,19736,8.556716056773439e-05
13,1343,19737,0.00029904008260928094
13,1344,19738,0.00016790907829999924
13,1345,19739,0.0002490989281795919
13,1346,19740,0.00012169623369118199
13,1347,19741,0.00016195363423321396
13,1348,19742,0.00041278605931438506
13,1349,19743,8.656514546601102e-05
13,1350,19744,0.00027846466400660574
13,1351,19745,0.00017471416504122317
13,1352,19746,0.018856193870306015
13,1353,19747,0.003882438875734806
13,1354,19748,0.00401725061237812
13,1355,19749,7.48739912523888e-05
13,1356,19750,0.010318967513740063
13,1357,19751,0.0002255938743473962
13,1358,19752,0.00017513922648504376
13,1359,19753,0.0002566397888585925
13,1360,19754,0.00032235306571237743
13,1361,19755,0.00022514894953928888
13,1362,19756,0.00020112391212023795
13,1363,19757,0.00027745013358071446
13,1364,19758,0.0005845295963808894
13,1365,19759,0.0002027356968028471
13,1366,19760,0.00044007302494719625
13,1367,19761,0.0006699734949506819
13,1368,19762,0.00026559349498711526
13,1369,19763,0.00010752289381343871
13,1370,19764,0.0001797999138943851
13,1371,19765,0.00011167619959451258
13,1372,19766,0.004440381191670895
13,1373,19767,0.00018980959430336952
13,1374,19768,0.00039895044756121933
13,1375,19769,0.00014514243230223656
13,1376,19770,0.00013786816271021962
13,1377,19771,0.0001530474837636575
13,1378,19772,0.00040684425039216876
13,1379,19773,0.0003454037359915674
13,1380,19774,0.003586758626624942
13,1381,19775,0.0002176955749746412
13,1382,19776,0.000433336099376902
13,1383,19777,0.0004291659570299089
13,1384,19778,0.00023676891578361392
13,1385,19779,0.0001221496204379946
13,1386,19780,0.0003874633403029293
13,1387,19781,0.0001870066625997424
13,1388,19782,0.00022204611741472036
13,1389,19783,0.0007398540037684143
13,1390,19784,0.0005384343094192445
13,1391,19785,0.00022265892766881734
13,1392,19786,0.00022851240646559745
13,1393,19787,0.00021753605687990785
13,1394,19788,0.013462590985000134
13,1395,19789,0.0002110759523930028
13,1396,19790,0.000338362151524052
13,1397,19791,0.00012024607713101432
13,1398,19792,0.00025065726367756724
13,1399,19793,0.00022663208073936403
13,1400,19794,0.0005726485978811979
13,1401,19795,0.0003752148477360606
13,1402,19796,0.00016446640074718744
13,1403,19797,0.00020985238370485604
13,1404,19798,0.0005958067486062646
13,1405,19799,0.0015279136132448912
13,1406,19800,0.00020460558880586177
13,1407,19801,0.0002719821932259947
13,1408,19802,0.0004277407715562731
13,1409,19803,0.00017436602502129972
13,1410,19804,0.00012005417374894023
13,1411,19805,0.00014673480472993106
13,1412,19806,0.00031783877057023346
13,1413,19807,0.0025644367560744286
13,1414,19808,0.0001715409307507798
13,1415,19809,0.0002728801919147372
14,1,19810,0.0001720113941701129
14,2,19811,0.0002903283457271755
14,3,19812,0.00025284974253736436
14,4,19813,0.000802579743321985
14,5,19814,8.4674873505719e-05
14,6,19815,0.00025507796090096235
14,7,19816,0.0006893890094943345
14,8,19817,0.00027678970945999026
14,9,19818,0.0020035833586007357
14,10,19819,0.0002266805386170745
14,11,19820,0.0015471897786483169
14,12,19821,0.02459920197725296
14,13,19822,0.00035913247847929597
14,14,19823,0.0001870171690825373
14,15,19824,0.0002431095635984093
14,16,19825,0.00016864851932041347
14,17,19826,0.0002447714505251497
14,18,19827,0.00012465541658457369
14,19,19828,0.0008497642702423036
14,20,19829,0.001051243394613266
14,21,19830,0.0001603162963874638
14,22,19831,0.0008161715813912451
14,23,19832,0.00022539433848578483
14,24,19833,0.00015483167953789234
14,25,19834,0.0016638090601190925
14,26,19835,0.0002839449152816087
14,27,19836,0.0003946188371628523
14,28,19837,0.00010146263230126351
14,29,19838,0.00023031361342873424
14,30,19839,0.0023621669970452785
14,31,19840,0.00016254351066891104
14,32,19841,0.000355814176145941
14,33,19842,0.00024667877005413175
14,34,19843,0.00019956933101639152
14,35,19844,0.00018573677516542375
14,36,19845,0.0004366230277810246
14,37,19846,0.00026422011433169246
14,38,19847,0.00031321210553869605
14,39,19848,0.00015500953304581344
14,40,19849,0.000348945934092626
14,41,19850,0.0002288444375153631
14,42,19851,0.0041703092865645885
14,43,19852,0.00033303844975307584
14,44,19853,0.00017747005040291697
14,45,19854,0.0003947119403164834
14,46,19855,0.00024954008404165506
14,47,19856,0.00019428790255915374
14,48,19857,0.00023482737015001476
14,49,19858,0.00036198541056364775
14,50,19859,0.00017823383677750826
14,51,19860,0.00019616333884187043
14,52,19861,0.00019478675676509738
14,53,19862,0.0003708631556946784
14,54,19863,0.00015131324471440166
14,55,19864,0.0003935873100999743
14,56,19865,0.005817627999931574
14,57,19866,0.00031178610515780747
14,58,19867,0.00016606830467935652
14,59,19868,0.00018875233945436776
14,60,19869,0.00029562655254267156
14,61,19870,0.00020160018175374717
14,62,19871,0.00013977033086121082
14,63,19872,0.00015892062219791114
14,64,19873,0.0006135643925517797
14,65,19874,0.0003224495449103415
14,66,19875,0.0001800387690309435
14,67,19876,0.00021106385975144804
14,68,19877,0.000134205401991494
14,69,19878,0.00018967305368278176
14,70,19879,0.0008160113939084113
14,71,19880,0.00012061663437634706
14,72,19881,0.00034960039192810655
14,73,19882,0.00039800500962883234
14,74,19883,0.00017196837870869786
14,75,19884,0.000237270665820688
14,76,19885,0.003973890095949173
14,77,19886,0.00012886901095043868
14,78,19887,0.00020278657029848546
14,79,19888,0.00020626031619030982
14,80,19889,0.00022975711908657104
14,81,19890,0.00014419567014556378
14,82,19891,0.0002957510878331959
14,83,19892,0.0002646242210175842
14,84,19893,0.00017504657444078475
14,85,19894,0.00020201950974296778
14,86,19895,0.00018285191617906094
14,87,19896,0.00023565071751363575
14,88,19897,0.0002978919364977628
14,89,19898,0.0018126755021512508
14,90,19899,0.00037057558074593544
14,91,19900,0.0019956750329583883
14,92,19901,0.0005674107815138996
14,93,19902,0.00032200152054429054
14,94,19903,0.00018060943693853915
14,95,19904,0.0003334549255669117
14,96,19905,0.00020617662812583148
14,97,19906,0.0001097250496968627
14,98,19907,0.00024502802989445627
14,99,19908,0.00032775307772681117
14,100,19909,0.000855559716001153
14,101,19910,0.0002458367380313575
14,102,19911,7.385956996586174e-05
14,103,19912,0.00021752716565970331
14,104,19913,0.0001408089738106355
14,105,19914,0.0047723655588924885
14,106,19915,0.00012999778846278787
14,107,19916,0.00031740585109218955
14,108,19917,0.00015745207201689482
14,109,19918,0.003530119312927127
14,110,19919,0.0002455596695654094
14,111,19920,0.0001854817382991314
14,112,19921,0.0007762789609842002
14,113,19922,0.00018968664517160505
14,114,19923,0.00017772171122487634
14,115,19924,0.0002076045930152759
14,116,19925,0.00012325419811531901
14,117,19926,0.00013049323752056807
14,118,19927,0.0005117264809086919
14,119,19928,0.0002521403948776424
14,120,19929,0.0006335705984383821
14,121,19930,0.00014737527817487717
14,122,19931,0.0001885465026134625
14,123,19932,6.181866774568334e-05
14,124,19933,0.000324934720993042
14,125,19934,0.00022626087593380362
14,126,19935,0.00011663844634313136
14,127,19936,0.0002270815457450226
14,128,19937,0.0004496434412430972
14,129,19938,0.0009088335791602731
14,130,19939,0.00014001083036419004
14,131,19940,0.0001293168170377612
14,132,19941,0.00027413599309511483
14,133,19942,0.0012915479019284248
14,134,19943,0.00014810884022153914
14,135,19944,0.00017068734450731426
14,136,19945,5.5152264394564554e-05
14,137,19946,0.0001402793132001534
14,138,19947,0.00016748714551795274
14,139,19948,0.00018249898857902735
14,140,19949,0.0002484541037119925
14,141,19950,0.0005193358520045877
14,142,19951,0.0011507169110700488
14,143,19952,0.0008589401259087026
14,144,19953,0.0002533525985199958
14,145,19954,0.00019483722280710936
14,146,19955,0.0005176722770556808
14,147,19956,0.00013754962128587067
14,148,19957,0.00017565712914802134
14,149,19958,0.0003443137975409627
14,150,19959,0.00011396733316360041
14,151,19960,0.0002976085525006056
14,152,19961,0.00016779944417066872
14,153,19962,0.00017823958478402346
14,154,19963,0.00025433459086343646
14,155,19964,0.0001414519065292552
14,156,19965,0.00028895895229652524
14,157,19966,0.0001421211491106078
14,158,19967,0.0059312013909220695
14,159,19968,0.00032578062382526696
14,160,19969,0.0001380673493258655
14,161,19970,0.0003426583425607532
14,162,19971,0.00015066437481436878
14,163,19972,0.0005735491286031902
14,164,19973,0.00018112351244781166
14,165,19974,0.0035472630988806486
14,166,19975,0.00021663261577486992
14,167,19976,0.0016661047702655196
14,168,19977,0.0006088314112275839
14,169,19978,0.0003202865773346275
14,170,19979,0.0003004626196343452
14,171,19980,0.0001220329140778631
14,172,19981,0.00021649130212608725
14,173,19982,0.00015476555563509464
14,174,19983,0.00019845948554575443
14,175,19984,0.0002027471928158775
14,176,19985,0.00045032790512777865
14,177,19986,0.0014295558212324977
14,178,19987,0.00012672520824708045
14,179,19988,0.00017954596842173487
14,180,19989,0.00016277344548143446
14,181,19990,0.0002744188532233238
14,182,19991,0.00011886405991390347
14,183,19992,0.00020535248040687293
14,184,19993,9.610381675884128e-05
14,185,19994,0.00032604302396066487
14,186,19995,0.00013776974810753018
14,187,19996,0.0006164251826703548
14,188,19997,0.00019120078650303185
14,189,19998,0.00039038609247654676
14,190,19999,0.00029532454209402204
14,191,20000,0.00018304122204426676
14,192,20001,0.0005268128006719053
14,193,20002,0.0001249397755600512
14,194,20003,0.00021217258472461253
14,195,20004,0.0003965360519941896
14,196,20005,0.0030685823876410723
14,197,20006,0.00022601831005886197
14,198,20007,0.00016785204934421927
14,199,20008,0.0002547040057834238
14,200,20009,0.00045522095751948655
14,201,20010,0.00013063621008768678
14,202,20011,0.0009569544927217066
14,203,20012,0.00019227532902732491
14,204,20013,0.00023718019656371325
14,205,20014,0.0001867332903202623
14,206,20015,0.0003800351405516267
14,207,20016,0.00016694105579517782
14,208,20017,0.0006813089712522924
14,209,20018,0.00022031385742593557
14,210,20019,0.00038665998727083206
14,211,20020,0.0009642117074690759
14,212,20021,0.0001981505920412019
14,213,20022,0.00023442594101652503
14,214,20023,0.0005734789883717895
14,215,20024,0.00018967199139297009
14,216,20025,0.00028749380726367235
14,217,20026,0.00018064965843223035
14,218,20027,0.00023321743356063962
14,219,20028,0.00024635004228912294
14,220,20029,0.0004885411472059786
14,221,20030,0.00012502685422077775
14,222,20031,0.00020025319827254862
14,223,20032,0.00035018904600292444
14,224,20033,0.0002004458219744265
14,225,20034,0.0002090000343741849
14,226,20035,8.609449287177995e-05
14,227,20036,0.00018455638200975955
14,228,20037,0.0001929995050886646
14,229,20038,0.00027659840998239815
14,230,20039,0.0001130967793869786
14,231,20040,0.00015085325867403299
14,232,20041,0.00029299932066351175
14,233,20042,0.0020912960171699524
14,234,20043,0.000650501751806587
14,235,20044,0.00029384519439190626
14,236,20045,0.00011060605174861848
14,237,20046,0.0001314575201831758
14,238,20047,0.0002674873103387654
14,239,20048,0.00022109091514721513
14,240,20049,0.0002877621736843139
14,241,20050,0.0021195197477936745
14,242,20051,0.0008106065797619522
14,243,20052,0.0018414872465655208
14,244,20053,0.00012102380424039438
14,245,20054,0.0062862723134458065
14,246,20055,0.00021588453091681004
14,247,20056,0.0004528224526438862
14,248,20057,0.0002270342520205304
14,249,20058,9.397439134772867e-05
14,250,20059,0.00023715439601801336
14,251,20060,0.00012732479081023484
14,252,20061,0.0003201790968887508
14,253,20062,0.00013383134501054883
14,254,20063,0.0002846005081664771
14,255,20064,0.00018966633069794625
14,256,20065,0.00022300923592410982
14,257,20066,0.0003041770542040467
14,258,20067,0.0001465889799874276
14,259,20068,0.0003763924178201705
14,260,20069,0.0010892420541495085
14,261,20070,0.00011250477109570056
14,262,20071,0.0005861477693542838
14,263,20072,0.0001557113282615319
14,264,20073,0.00024528030189685524
14,265,20074,0.00028634368209168315
14,266,20075,0.0001686719333520159
14,267,20076,0.0001520994701422751
14,268,20077,0.0006536038708873093
14,269,20078,0.0002157998678740114
14,270,20079,0.000791987229604274
14,271,20080,0.00027061207219958305
14,272,20081,0.00014679873129352927
14,273,20082,0.006463548634201288
14,274,20083,0.00022877844457980245
14,275,20084,0.00024070189101621509
14,276,20085,0.00019885948859155178
14,277,20086,0.00013687167665921152
14,278,20087,0.0003294439520686865
14,279,20088,0.00021574058337137103
14,280,20089,0.0004475612659007311
14,281,20090,0.0002865245332941413
14,282,20091,0.0003371120837982744
14,283,20092,0.00042465506703592837
14,284,20093,0.0012169741094112396
14,285,20094,0.00012083996989531443
14,286,20095,0.0007575200870633125
14,287,20096,0.00010674835357349366
14,288,20097,0.0004113413451705128
14,289,20098,0.0003257976786699146
14,290,20099,0.00019436546426732093
14,291,20100,0.00026808568509295583
14,292,20101,0.00022945409000385553
14,293,20102,0.0024001311976462603
14,294,20103,0.0003172221768181771
14,295,20104,0.00021025532623752952
14,296,20105,0.00018756963254418224
14,297,20106,0.0003703414695337415
14,298,20107,0.00015620085468981415
14,299,20108,0.00013651192421093583
14,300,20109,0.0006389411282725632
14,301,20110,0.00023219782451633364
14,302,20111,0.0001931012375280261
14,303,20112,0.00017298685270361602
14,304,20113,0.00018921833543572575
14,305,20114,0.00011665164493024349
14,306,20115,0.00020786034292541444
14,307,20116,0.00013023107021581382
14,308,20117,0.00010834846034413204
14,309,20118,0.00024743020185269415
14,310,20119,0.000393550843000412
14,311,20120,0.0002309677511220798
14,312,20121,0.0003770509210880846
14,313,20122,0.00021199308685027063
14,314,20123,0.0003878881980199367
14,315,20124,0.0002070712944259867
14,316,20125,0.0001479646743973717
14,317,20126,0.00015190803969744593
14,318,20127,0.00023911548487376422
14,319,20128,0.00021971564274281263
14,320,20129,0.00020998428226448596
14,321,20130,0.00012214537127874792
14,322,20131,0.00017023069085553288
14,323,20132,0.00019040361803490669
14,324,20133,0.0002575442485976964
14,325,20134,0.00015966399223543704
14,326,20135,0.00033125976915471256
14,327,20136,0.00019971601432189345
14,328,20137,0.00017035601194947958
14,329,20138,0.00028021729667671025
14,330,20139,0.000489834463223815
14,331,20140,0.0002663220511749387
14,332,20141,0.00014895549975335598
14,333,20142,0.0002881118271034211
14,334,20143,0.0002618836297187954
14,335,20144,0.00020201195729896426
14,336,20145,0.0004374903510324657
14,337,20146,0.00013072750880382955
14,338,20147,0.00016573489119764417
14,339,20148,0.0006885232869535685
14,340,20149,0.00010672183270798996
14,341,20150,0.00012944231275469065
14,342,20151,0.0002198981528636068
14,343,20152,0.0004695761017501354
14,344,20153,7.328241190407425e-05
14,345,20154,0.00028817274142056704
14,346,20155,0.00017921753169503063
14,347,20156,0.0002158928255084902
14,348,20157,0.00021158753952477127
14,349,20158,0.00014305414515547454
14,350,20159,0.0002864086418412626
14,351,20160,0.00013857919839210808
14,352,20161,0.00029608295881189406
14,353,20162,4.281835208530538e-05
14,354,20163,0.00019008887466043234
14,355,20164,0.0001750303927110508
14,356,20165,0.0001592009939486161
14,357,20166,0.0001266978360945359
14,358,20167,0.00022997919586487114
14,359,20168,0.00019378580327611417
14,360,20169,0.00020204274915158749
14,361,20170,0.00024061754811555147
14,362,20171,0.00010763886530185118
14,363,20172,0.00016099505592137575
14,364,20173,0.00028075987938791513
14,365,20174,0.00015606415399815887
14,366,20175,0.00025777515838854015
14,367,20176,0.0010691566858440638
14,368,20177,0.00014486019790638238
14,369,20178,0.00022170251759234816
14,370,20179,0.0001526830019429326
14,371,20180,0.0009235197794623673
14,372,20181,0.00016242726997006685
14,373,20182,0.00022041828196961433
14,374,20183,0.0001862082863226533
14,375,20184,0.00026595196686685085
14,376,20185,0.00018724368419498205
14,377,20186,0.000188755540875718
14,378,20187,0.00031442687031812966
14,379,20188,0.00011386432743165642
14,380,20189,0.0007741376175545156
14,381,20190,0.00013374349509831518
14,382,20191,0.00018804072169587016
14,383,20192,0.00020959174435120076
14,384,20193,0.00018834300863090903
14,385,20194,0.0005928658065386117
14,386,20195,0.004949573427438736
14,387,20196,0.0004388798261061311
14,388,20197,0.0008573412778787315
14,389,20198,0.00018701590306591243
14,390,20199,0.00016179378144443035
14,391,20200,0.00011527429160196334
14,392,20201,0.00022969968267716467
14,393,20202,0.00021411922352854162
14,394,20203,0.00018116972933057696
14,395,20204,0.00015558081213384867
14,396,20205,0.0002987675543408841
14,397,20206,0.00018843593716155738
14,398,20207,8.085458830464631e-05
14,399,20208,0.00015806863666512072
14,400,20209,0.00046034177648834884
14,401,20210,0.00018736481433734298
14,402,20211,0.00015142105985432863
14,403,20212,0.00014607468619942665
14,404,20213,0.00024653199943713844
14,405,20214,0.0002524919109418988
14,406,20215,0.004295200575143099
14,407,20216,0.00019500698545016348
14,408,20217,0.00041218497790396214
14,409,20218,0.00018889203784056008
14,410,20219,0.0002488740428816527
14,411,20220,0.00020822988881263882
14,412,20221,0.0002526204625610262
14,413,20222,0.00021048271446488798
14,414,20223,0.0005851767491549253
14,415,20224,0.0002393837203271687
14,416,20225,0.00038873450830578804
14,417,20226,0.00012606925156433135
14,418,20227,0.00036344825639389455
14,419,20228,5.327370672603138e-05
14,420,20229,0.00022859929595142603
14,421,20230,0.0011257330188527703
14,422,20231,0.00013649117317982018
14,423,20232,0.00034573260927572846
14,424,20233,0.00014151327195577323
14,425,20234,0.00015172749408520758
14,426,20235,9.440436406293884e-05
14,427,20236,0.00010775175178423524
14,428,20237,0.0006825937889516354
14,429,20238,0.0002281215856783092
14,430,20239,8.961925777839497e-05
14,431,20240,0.0016896444140002131
14,432,20241,0.00023979037359822541
14,433,20242,0.0006337373633868992
14,434,20243,0.0002449049788992852
14,435,20244,0.00018385949078947306
14,436,20245,0.001556280069053173
14,437,20246,0.00014583727170247585
14,438,20247,0.0006302721449173987
14,439,20248,0.0003660425718408078
14,440,20249,0.00012074651021976024
14,441,20250,0.00018799444660544395
14,442,20251,9.978882735595107e-05
14,443,20252,0.0010482299840077758
14,444,20253,0.00020500556274782866
14,445,20254,0.00015055472613312304
14,446,20255,0.00016602817049715668
14,447,20256,0.00024160898465197533
14,448,20257,0.0006068323273211718
14,449,20258,0.00012670585419982672
14,450,20259,0.00021453638328239322
14,451,20260,0.00020220939768478274
14,452,20261,0.00033910287311300635
14,453,20262,0.00017766891687642783
14,454,20263,0.00023670836526434869
14,455,20264,0.00023478349612560123
14,456,20265,0.0003278361982665956
14,457,20266,0.0002625560446176678
14,458,20267,0.0001394176360918209
14,459,20268,0.00021326866408344358
14,460,20269,0.0006990100373513997
14,461,20270,8.57212144182995e-05
14,462,20271,0.00017945049330592155
14,463,20272,0.00021243549417704344
14,464,20273,0.00019455583242233843
14,465,20274,0.0003411629586480558
14,466,20275,0.0001913939049700275
14,467,20276,0.00019554648315533996
14,468,20277,7.294814713532105e-05
14,469,20278,0.00021219892369117588
14,470,20279,0.00043751808698289096
14,471,20280,0.00022931996500119567
14,472,20281,0.0001403106580255553
14,473,20282,0.007555436808615923
14,474,20283,0.0002559837303124368
14,475,20284,0.0002003490662900731
14,476,20285,0.00018000201089307666
14,477,20286,0.00017323094652965665
14,478,20287,0.002390457782894373
14,479,20288,0.00014825361722614616
14,480,20289,0.00017757494060788304
14,481,20290,0.00028016362921334803
14,482,20291,0.00025836823624558747
14,483,20292,0.00019574396719690412
14,484,20293,0.00015280628576874733
14,485,20294,0.00019727727340068668
14,486,20295,0.0008932946948334575
14,487,20296,0.000143347802804783
14,488,20297,0.00013221999688539654
14,489,20298,0.0001200982223963365
14,490,20299,0.0003126389638055116
14,491,20300,0.00012036655243718997
14,492,20301,0.00018831968191079795
14,493,20302,0.00016863990458659828
14,494,20303,0.00015726500714663416
14,495,20304,0.0001361589675070718
14,496,20305,0.0002120593999279663
14,497,20306,0.00024918775307014585
14,498,20307,0.00011965204612351954
14,499,20308,0.00020336049783509225
14,500,20309,0.00016923880320973694
14,501,20310,0.0004659111727960408
14,502,20311,0.0001902680960483849
14,503,20312,0.0002077197132166475
14,504,20313,0.0003524129278957844
14,505,20314,0.00011804479436250404
14,506,20315,0.00016933330334722996
14,507,20316,0.00012607945245690644
14,508,20317,0.00011152016668347642
14,509,20318,0.00026949914172291756
14,510,20319,0.0003660822403617203
14,511,20320,0.00019615591736510396
14,512,20321,0.0001600767718628049
14,513,20322,0.00020878112991340458
14,514,20323,0.0003217613557353616
14,515,20324,0.0004805667558684945
14,516,20325,0.0001967243879335001
14,517,20326,4.40322000940796e-05
14,518,20327,0.0009773112833499908
14,519,20328,0.0003028428182005882
14,520,20329,0.00021891640790272504
14,521,20330,0.00016672628407832235
14,522,20331,0.0004182163975201547
14,523,20332,0.0002903703134506941
14,524,20333,0.00015818850079085678
14,525,20334,0.00015900967991910875
14,526,20335,0.00022093001462053508
14,527,20336,0.0002602617896627635
14,528,20337,6.522208423120901e-05
14,529,20338,0.0005008066655136645
14,530,20339,0.00012603233335539699
14,531,20340,0.0002482137642800808
14,532,20341,0.00017569477495271713
14,533,20342,0.00012414671073202044
14,534,20343,8.864544361131266e-05
14,535,20344,0.00021141199977137148
14,536,20345,0.03617975488305092
14,537,20346,0.0009413810330443084
14,538,20347,0.0001973980979528278
14,539,20348,0.00016679076361469924
14,540,20349,0.0003249008732382208
14,541,20350,0.00013477685570251197
14,542,20351,0.00030615468858741224
14,543,20352,0.0001489075511926785
14,544,20353,0.00010944400855805725
14,545,20354,0.00019278371473774314
14,546,20355,0.00018317429930903018
14,547,20356,0.0014077468076720834
14,548,20357,0.00029962253756821156
14,549,20358,0.000519010063726455
14,550,20359,0.00019011613039765507
14,551,20360,0.00018868946062866598
14,552,20361,0.0001951425801962614
14,553,20362,0.00012274390610400587
14,554,20363,0.0001789180387277156
14,555,20364,0.0004541724920272827
14,556,20365,0.0004459800838958472
14,557,20366,0.0007517049089074135
14,558,20367,0.0003676234045997262
14,559,20368,0.0005511295748874545
14,560,20369,0.00019103805243503302
14,561,20370,4.3288768210913986e-05
14,562,20371,0.00017938442761078477
14,563,20372,0.00020989964832551777
14,564,20373,0.0001944579416885972
14,565,20374,0.00020782566571142524
14,566,20375,4.938902930007316e-05
14,567,20376,0.0002347840490983799
14,568,20377,0.00016744616732466966
14,569,20378,0.0001652013452257961
14,570,20379,0.00014690835087094456
14,571,20380,0.0003257383359596133
14,572,20381,0.0005732519784942269
14,573,20382,0.0006126217776909471
14,574,20383,0.00020148449402768165
14,575,20384,0.0005095020169392228
14,576,20385,0.00023678822617512196
14,577,20386,0.00025216801441274583
14,578,20387,0.00021646975073963404
14,579,20388,0.00023788819089531898
14,580,20389,0.0001746375346556306
14,581,20390,0.0002600181906018406
14,582,20391,0.00015815264487173408
14,583,20392,0.0002334957680432126
14,584,20393,0.00022642899421043694
14,585,20394,0.00018558396550361067
14,586,20395,0.0001461473439121619
14,587,20396,0.00019953257287852466
14,588,20397,5.978464469080791e-05
14,589,20398,0.0012437273981049657
14,590,20399,0.00019789597718045115
14,591,20400,0.00011629698565229774
14,592,20401,0.0004205419390928
14,593,20402,0.0013727624900639057
14,594,20403,0.0013278457336127758
14,595,20404,0.00011572487710509449
14,596,20405,0.0008481681579723954
14,597,20406,0.00019829641678370535
14,598,20407,0.0003263342077843845
14,599,20408,0.00025542190996930003
14,600,20409,0.00015188573161140084
14,601,20410,0.0005572967929765582
14,602,20411,0.00010195375216426328
14,603,20412,0.0002179978328058496
14,604,20413,0.0003049460065085441
14,605,20414,0.0002109203051077202
14,606,20415,0.00018517044372856617
14,607,20416,0.0003161975182592869
14,608,20417,0.0003907272475771606
14,609,20418,0.00015091313980519772
14,610,20419,0.00012455042451620102
14,611,20420,0.00014380695938598365
14,612,20421,7.709488272666931e-05
14,613,20422,0.00012754363706335425
14,614,20423,0.00037143391091376543
14,615,20424,0.00020684445917140692
14,616,20425,0.00032266281777992845
14,617,20426,0.00011686982907122001
14,618,20427,0.003910860512405634
14,619,20428,0.00017979425319936126
14,620,20429,9.474935359321535e-05
14,621,20430,0.00020255094568710774
14,622,20431,0.00023683378822170198
14,623,20432,0.00021881981228943914
14,624,20433,0.0003619462950155139
14,625,20434,0.0002902221749536693
14,626,20435,0.0001635063672438264
14,627,20436,0.0002585990878287703
14,628,20437,9.757413499755785e-05
14,629,20438,0.00018525429186411202
14,630,20439,0.00031670392490923405
14,631,20440,9.650738502386957e-05
14,632,20441,0.001068277284502983
14,633,20442,0.0005048776511102915
14,634,20443,0.0002606015477795154
14,635,20444,0.00033999219886027277
14,636,20445,0.00010300229041604325
14,637,20446,0.0010418194578960538
14,638,20447,0.00016682165733072907
14,639,20448,0.00015591397823300213
14,640,20449,0.00022636697394773364
14,641,20450,0.00018775399075821042
14,642,20451,0.0002652987604960799
14,643,20452,0.0005818657809868455
14,644,20453,0.000296014390187338
14,645,20454,0.00021045554603915662
14,646,20455,0.000318392354529351
14,647,20456,0.00011634795373538509
14,648,20457,8.684875501785427e-05
14,649,20458,0.0004876674502156675
14,650,20459,0.0002725138620007783
14,651,20460,5.1283215725561604e-05
14,652,20461,0.0001520296063972637
14,653,20462,0.0011135336244478822
14,654,20463,0.00018312565225642174
14,655,20464,0.00021771868341602385
14,656,20465,7.109867874532938e-05
14,657,20466,0.00021362359984777868
14,658,20467,0.000146943872096017
14,659,20468,0.0005787092377431691
14,660,20469,0.00021268680575303733
14,661,20470,0.00018109389930032194
14,662,20471,0.0002898730745073408
14,663,20472,0.0002950148191303015
14,664,20473,0.00017163441225420684
14,665,20474,0.0002291387936566025
14,666,20475,0.0008122751605696976
14,667,20476,0.00029662708402611315
14,668,20477,0.00016323936870321631
14,669,20478,0.00013732505613006651
14,670,20479,0.00043735987856052816
14,671,20480,0.0002553291560616344
14,672,20481,0.0005478087696246803
14,673,20482,0.0005836845957674086
14,674,20483,0.0001654561929171905
14,675,20484,0.00014170192298479378
14,676,20485,0.0003783638239838183
14,677,20486,0.0008551167557016015
14,678,20487,0.00021128813386894763
14,679,20488,0.00022364956384990364
14,680,20489,0.00021080531587358564
14,681,20490,0.00020924737327732146
14,682,20491,0.0027397412341088057
14,683,20492,0.00019710705964826047
14,684,20493,0.0003197805490344763
14,685,20494,0.0002663390478119254
14,686,20495,0.00022246269509196281
14,687,20496,0.00017546629533171654
14,688,20497,0.0003371486091054976
14,689,20498,0.0002040663530351594
14,690,20499,0.0003743196139112115
14,691,20500,0.00023033899196889251
14,692,20501,0.00029011996230110526
14,693,20502,0.0004197734815534204
14,694,20503,0.0001267742336494848
14,695,20504,0.0002685260260477662
14,696,20505,0.00022595480550080538
14,697,20506,0.00011478178203105927
14,698,20507,0.0004940772778354585
14,699,20508,0.00015354683273471892
14,700,20509,0.00024343056429643184
14,701,20510,0.000219648631173186
14,702,20511,0.00024468626361340284
14,703,20512,0.0002011410251725465
14,704,20513,0.00023585489543620497
14,705,20514,0.00012887992488685995
14,706,20515,0.00023678959405515343
14,707,20516,0.00016555732872802764
14,708,20517,0.00023740596952848136
14,709,20518,0.00030358450021594763
14,710,20519,0.00026351906126365066
14,711,20520,0.0002456691872794181
14,712,20521,0.0009369225590489805
14,713,20522,0.00010148566798307002
14,714,20523,0.00028233835473656654
14,715,20524,0.00010605948773445562
14,716,20525,0.001639236113987863
14,717,20526,0.000889057875610888
14,718,20527,0.00015315036580432206
14,719,20528,0.0003286955179646611
14,720,20529,0.00042672650306485593
14,721,20530,0.0002099372650263831
14,722,20531,0.00028433179249987006
14,723,20532,0.0005644481861963868
14,724,20533,0.0002572439843788743
14,725,20534,0.00021826398733537644
14,726,20535,0.0008356093312613666
14,727,20536,0.00020101695554330945
14,728,20537,0.00014322891365736723
14,729,20538,0.00021216386812739074
14,730,20539,0.00017550456686876714
14,731,20540,0.0002566987823229283
14,732,20541,0.0007819133461453021
14,733,20542,0.00015871085633989424
14,734,20543,0.00031210793531499803
14,735,20544,0.00017048374866135418
14,736,20545,0.0002305745438206941
14,737,20546,0.00019259206601418555
14,738,20547,0.0002029610623139888
14,739,20548,0.00021447885956149548
14,740,20549,0.0002302918874192983
14,741,20550,0.00017467963334638625
14,742,20551,0.004963455721735954
14,743,20552,0.026600144803524017
14,744,20553,0.00019667115702759475
14,745,20554,0.0002446314611006528
14,746,20555,0.00022259649995248765
14,747,20556,0.0001842393830884248
14,748,20557,0.0001718754938337952
14,749,20558,0.012097942642867565
14,750,20559,0.0007191260810941458
14,751,20560,0.00035704922629520297
14,752,20561,0.00018936493142973632
14,753,20562,0.0001283869205508381
14,754,20563,0.014808122999966145
14,755,20564,0.00014663557521998882
14,756,20565,0.0002708595711737871
14,757,20566,0.00035505753476172686
14,758,20567,0.00022678605455439538
14,759,20568,0.0003904160112142563
14,760,20569,0.0002908026799559593
14,761,20570,0.00022025909856893122
14,762,20571,0.0003052778774872422
14,763,20572,0.001378682442009449
14,764,20573,0.00043091917177662253
14,765,20574,9.217605838784948e-05
14,766,20575,0.00018899737915489823
14,767,20576,0.0004385148058645427
14,768,20577,0.004464581608772278
14,769,20578,0.002772345207631588
14,770,20579,0.00014935934450477362
14,771,20580,0.0003708733420353383
14,772,20581,0.00025102111976593733
14,773,20582,0.0001616461231606081
14,774,20583,0.0030685507226735353
14,775,20584,0.0004000853805337101
14,776,20585,0.0001368366793030873
14,777,20586,0.0002693107817322016
14,778,20587,0.0003323051205370575
14,779,20588,0.0003563085338100791
14,780,20589,0.00027015720843337476
14,781,20590,0.0004926393157802522
14,782,20591,0.00016904658696148545
14,783,20592,0.000299561710562557
14,784,20593,0.0001436676539015025
14,785,20594,0.0002631418174132705
14,786,20595,0.001107588061131537
14,787,20596,0.00021302394452504814
14,788,20597,0.00022174950572662055
14,789,20598,0.00021651382849086076
14,790,20599,0.00030962785240262747
14,791,20600,0.00016238627722486854
14,792,20601,0.00023976464581210166
14,793,20602,0.00014369247946888208
14,794,20603,0.00020599583513103426
14,795,20604,0.0001717185805318877
14,796,20605,0.0003450800140853971
14,797,20606,0.0009070511441677809
14,798,20607,0.00030476311803795397
14,799,20608,0.00030512234661728144
14,800,20609,0.00026180228451266885
14,801,20610,0.00025979673955589533
14,802,20611,0.0002044163120444864
14,803,20612,0.0001289978390559554
14,804,20613,0.00019827182404696941
14,805,20614,0.0003512075636535883
14,806,20615,0.00042820392991416156
14,807,20616,0.0003194749297108501
14,808,20617,0.00021262017253320664
14,809,20618,0.00014894409105181694
14,810,20619,0.00018534816626925021
14,811,20620,0.00018023853772319853
14,812,20621,0.00017918895173352212
14,813,20622,0.0005004021804779768
14,814,20623,0.0002444661222398281
14,815,20624,0.00024476353428326547
14,816,20625,7.25659920135513e-05
14,817,20626,0.00024729964206926525
14,818,20627,0.00010053325968328863
14,819,20628,0.001244857325218618
14,820,20629,0.0009554871940053999
14,821,20630,0.0002503548748791218
14,822,20631,0.00023663787578698248
14,823,20632,0.00023589617921970785
14,824,20633,0.00015617521421518177
14,825,20634,0.0003101202310062945
14,826,20635,0.00034922020859085023
14,827,20636,0.0001896946778288111
14,828,20637,0.0001537824427941814
14,829,20638,0.0005556640098802745
14,830,20639,0.0005952853825874627
14,831,20640,0.00018169979739468545
14,832,20641,3.83086153306067e-05
14,833,20642,0.0002210430393461138
14,834,20643,0.0014911978505551815
14,835,20644,0.00022475063451565802
14,836,20645,0.0001922037045005709
14,837,20646,0.0003329411265440285
14,838,20647,0.00014821780496276915
14,839,20648,0.00014655814447905868
14,840,20649,0.00018131198885384947
14,841,20650,0.00024274182214867324
14,842,20651,0.00017432001186534762
14,843,20652,0.00028475289582274854
14,844,20653,0.00022166073904372752
14,845,20654,0.000437880284152925
14,846,20655,0.000345306791132316
14,847,20656,0.00011802913650171831
14,848,20657,0.0004248234326951206
14,849,20658,0.0002325114473933354
14,850,20659,0.00018082839960698038
14,851,20660,0.00013694843801204115
14,852,20661,0.00013688550097867846
14,853,20662,0.0017123041907325387
14,854,20663,0.0005177240236662328
14,855,20664,0.00021588504023384303
14,856,20665,0.0007434830185957253
14,857,20666,0.006556527689099312
14,858,20667,0.0012961457250639796
14,859,20668,0.00018349388847127557
14,860,20669,0.00020988733740523458
14,861,20670,0.00026224416797049344
14,862,20671,0.0001446021196898073
14,863,20672,0.00013983373355586082
14,864,20673,0.0002008754527196288
14,865,20674,0.0002502664574421942
14,866,20675,0.00025189542793668807
14,867,20676,0.00015995890134945512
14,868,20677,0.001503032399341464
14,869,20678,0.00013894190487917513
14,870,20679,0.00012634840095415711
14,871,20680,0.00018511443340685219
14,872,20681,4.3402353185229003e-05
14,873,20682,0.0002847617433872074
14,874,20683,0.0004601116816047579
14,875,20684,0.001084297662600875
14,876,20685,0.00012898874410893768
14,877,20686,0.000960548291914165
14,878,20687,7.86491364124231e-05
14,879,20688,0.00021010481577832252
14,880,20689,4.896204700344242e-05
14,881,20690,0.0001538735959911719
14,882,20691,0.00018842797726392746
14,883,20692,0.00024234878947027028
14,884,20693,0.00017901064711622894
14,885,20694,0.0002256106527056545
14,886,20695,0.0001623155694687739
14,887,20696,0.000224306175368838
14,888,20697,0.00018566845392342657
14,889,20698,0.00019439362222328782
14,890,20699,0.0001603467098902911
14,891,20700,0.00015163699572440237
14,892,20701,0.00018590052786748856
14,893,20702,3.5453613236313686e-05
14,894,20703,0.00027584924828261137
14,895,20704,0.00012689686263911426
14,896,20705,0.00016438259626738727
14,897,20706,0.00014318882313091308
14,898,20707,0.0001053449886967428
14,899,20708,0.0002147702471120283
14,900,20709,0.00016609136946499348
14,901,20710,0.00019069791596848518
14,902,20711,0.00011485860886750743
14,903,20712,0.00012102426262572408
14,904,20713,0.0002501520502846688
14,905,20714,0.0001045224053086713
14,906,20715,0.0001617330708540976
14,907,20716,0.0003822888247668743
14,908,20717,0.0008735538576729596
14,909,20718,0.0008369741262868047
14,910,20719,0.0004271341604180634
14,911,20720,0.0002542358997743577
14,912,20721,0.00023768364917486906
14,913,20722,0.00010223258868791163
14,914,20723,0.00011020198871847242
14,915,20724,0.0001191942865261808
14,916,20725,0.00014197519340086728
14,917,20726,0.00026843437808565795
14,918,20727,0.00015674755559302866
14,919,20728,0.0002501773997209966
14,920,20729,0.00017107120947912335
14,921,20730,0.0002587790077086538
14,922,20731,0.00013431883417069912
14,923,20732,0.000292973272735253
14,924,20733,0.0005011716857552528
14,925,20734,0.00023437909840140492
14,926,20735,0.0016428452217951417
14,927,20736,0.00044828903628513217
14,928,20737,0.00012197787873446941
14,929,20738,0.00020041763491462916
14,930,20739,0.00027344224508851767
14,931,20740,0.0001570424938108772
14,932,20741,0.0001651621569180861
14,933,20742,0.00025941935018636286
14,934,20743,0.0010830198880285025
14,935,20744,0.00016226671868935227
14,936,20745,0.0001866749516921118
14,937,20746,0.00024164306523744017
14,938,20747,0.0002191393286921084
14,939,20748,0.00019540131324902177
14,940,20749,0.00019083385996054858
14,941,20750,0.0003597523900680244
14,942,20751,0.00014998074038885534
14,943,20752,0.00024791184114292264
14,944,20753,0.00018503633327782154
14,945,20754,0.00011836497287731618
14,946,20755,0.0001659301487961784
14,947,20756,0.0002745528472587466
14,948,20757,0.0018884870223701
14,949,20758,0.0001403043861500919
14,950,20759,0.00016634829808026552
14,951,20760,0.000606315559707582
14,952,20761,0.00013671681517735124
14,953,20762,0.00018039466522168368
14,954,20763,0.00011134802480228245
14,955,20764,0.00016299841809086502
14,956,20765,0.0001335533452220261
14,957,20766,0.0003176801255904138
14,958,20767,0.00011624083708738908
14,959,20768,0.00029271384119056165
14,960,20769,0.00018981822358909994
14,961,20770,8.783551311353222e-05
14,962,20771,0.00018969601660501212
14,963,20772,0.00017198918794747442
14,964,20773,0.00017972367641050369
14,965,20774,0.0003996349696535617
14,966,20775,0.00023580143169965595
14,967,20776,0.00015745512791909277
14,968,20777,0.00018340753740631044
14,969,20778,0.0001290617074118927
14,970,20779,7.52987471059896e-05
14,971,20780,0.00015230591816361994
14,972,20781,0.0037250537425279617
14,973,20782,0.0007524854736402631
14,974,20783,0.0012461396399885416
14,975,20784,0.000181058538146317
14,976,20785,0.00036514957901090384
14,977,20786,0.000280270614894107
14,978,20787,7.760374865029007e-05
14,979,20788,0.0010583838447928429
14,980,20789,0.00010012711572926491
14,981,20790,0.001343384268693626
14,982,20791,0.0033150124363601208
14,983,20792,0.00015646641259081662
14,984,20793,9.994160063797608e-05
14,985,20794,4.4174634240334854e-05
14,986,20795,0.00035870607825927436
14,987,20796,0.000127426435938105
14,988,20797,0.0003852506051771343
14,989,20798,6.860807479824871e-05
14,990,20799,0.0003604478552006185
14,991,20800,5.143245653016493e-05
14,992,20801,0.00045368372229859233
14,993,20802,0.00010436996672069654
14,994,20803,0.00023562904971186072
14,995,20804,0.0001258749107364565
14,996,20805,0.0016976776532828808
14,997,20806,0.00017700956959743053
14,998,20807,0.00012510159285739064
14,999,20808,0.00016534306632820517
14,1000,20809,0.00019473549036774784
14,1001,20810,0.0001418669562553987
14,1002,20811,0.0001213320138049312
14,1003,20812,0.00019656200311146677
14,1004,20813,0.00021507218480110168
14,1005,20814,0.0001549000880913809
14,1006,20815,0.00020440029038581997
14,1007,20816,0.0004028356052003801
14,1008,20817,0.0001764307962730527
14,1009,20818,0.00025540930801071227
14,1010,20819,0.0002189942024415359
14,1011,20820,0.00020479450176935643
14,1012,20821,0.00021605404617730528
14,1013,20822,0.00011637389252427965
14,1014,20823,0.00011097332753706723
14,1015,20824,0.0003178363258484751
14,1016,20825,0.0001782604813342914
14,1017,20826,0.00020334884175099432
14,1018,20827,0.00034246707218699157
14,1019,20828,0.00012096762657165527
14,1020,20829,0.0001984526461455971
14,1021,20830,0.00020606527687050402
14,1022,20831,0.00011050449393223971
14,1023,20832,0.000759587564971298
14,1024,20833,0.000104958497104235
14,1025,20834,0.00025831026141531765
14,1026,20835,7.241716957651079e-05
14,1027,20836,0.00015681509103160352
14,1028,20837,0.0020010746084153652
14,1029,20838,0.00043389791972003877
14,1030,20839,0.00015755818458274007
14,1031,20840,0.00010496773029444739
14,1032,20841,0.0004645445733331144
14,1033,20842,0.0002743082295637578
14,1034,20843,0.00017696987197268754
14,1035,20844,0.0004987585707567632
14,1036,20845,0.0004794074047822505
14,1037,20846,0.00024912695516832173
14,1038,20847,0.00029830916901119053
14,1039,20848,0.00012529238301794976
14,1040,20849,0.00032144246506504714
14,1041,20850,0.000533130019903183
14,1042,20851,0.0001286428450839594
14,1043,20852,0.0001877139147836715
14,1044,20853,0.0003489963710308075
14,1045,20854,0.00036057340912520885
14,1046,20855,8.850372978486121e-05
14,1047,20856,0.0001391846890328452
14,1048,20857,0.00020358811889309436
14,1049,20858,0.00016651673649903387
14,1050,20859,0.00011878585792146623
14,1051,20860,0.00029531389009207487
14,1052,20861,9.542851330479607e-05
14,1053,20862,0.0004613793862517923
14,1054,20863,0.00014231506793294102
14,1055,20864,0.00015252646699082106
14,1056,20865,0.0001572152104927227
14,1057,20866,0.0005938778049312532
14,1058,20867,0.0003789843467529863
14,1059,20868,0.0002816380874719471
14,1060,20869,0.00017041779938153923
14,1061,20870,0.00017249620577786118
14,1062,20871,0.00019817007705569267
14,1063,20872,0.00022629232262261212
14,1064,20873,0.0004669812915381044
14,1065,20874,0.00026933400658890605
14,1066,20875,0.000173068096046336
14,1067,20876,0.00015276731573976576
14,1068,20877,0.00026229670038446784
14,1069,20878,0.0002456966903991997
14,1070,20879,0.0001375366118736565
14,1071,20880,0.0004912319127470255
14,1072,20881,7.60230323066935e-05
14,1073,20882,0.00016525320825167
14,1074,20883,0.0002110094646923244
14,1075,20884,0.000238366104895249
14,1076,20885,0.00019990149303339422
14,1077,20886,0.0002368045097682625
14,1078,20887,0.00012798151874449104
14,1079,20888,0.00039113647653721273
14,1080,20889,0.000810238707344979
14,1081,20890,0.00012477461132220924
14,1082,20891,0.00023938357480801642
14,1083,20892,0.0002328099508304149
14,1084,20893,0.00011334464215906337
14,1085,20894,0.0002004793641390279
14,1086,20895,0.00022373968386091292
14,1087,20896,0.00018625205848366022
14,1088,20897,0.00020565294835250825
14,1089,20898,0.00029646733310073614
14,1090,20899,0.0002513673680368811
14,1091,20900,0.0001840980985434726
14,1092,20901,0.00021673555602319539
14,1093,20902,0.000167548525496386
14,1094,20903,0.0002505403244867921
14,1095,20904,0.00014439244114328176
14,1096,20905,0.00043688956066034734
14,1097,20906,0.0002416968927718699
14,1098,20907,0.0002857196668628603
14,1099,20908,6.15403987467289e-05
14,1100,20909,0.000274792080745101
14,1101,20910,0.000243615941144526
14,1102,20911,0.00010032059071818367
14,1103,20912,0.00019941266509704292
14,1104,20913,0.0005028604064136744
14,1105,20914,0.0003044622135348618
14,1106,20915,0.0015387424500659108
14,1107,20916,0.00023418116325046867
14,1108,20917,0.00035743092303164303
14,1109,20918,8.384112152270973e-05
14,1110,20919,0.0001938788191182539
14,1111,20920,0.00013812612451147288
14,1112,20921,0.0001856688759289682
14,1113,20922,6.060127270757221e-05
14,1114,20923,0.00023379496997222304
14,1115,20924,0.00018079667643178254
14,1116,20925,0.00027697806945070624
14,1117,20926,0.0002408921136520803
14,1118,20927,0.00016976888582576066
14,1119,20928,0.00018440706480760127
14,1120,20929,0.00044101456296630204
14,1121,20930,0.00025313481455668807
14,1122,20931,0.0013536748010665178
14,1123,20932,0.00015436919056810439
14,1124,20933,0.000480746035464108
14,1125,20934,0.00035151917836628854
14,1126,20935,0.00013046864478383213
14,1127,20936,0.0002380064397584647
14,1128,20937,0.0003432626836001873
14,1129,20938,0.0002793779713101685
14,1130,20939,0.0001876112219179049
14,1131,20940,0.00019507350225467235
14,1132,20941,0.00017866058624349535
14,1133,20942,0.00010220191325061023
14,1134,20943,0.00015186620294116437
14,1135,20944,0.00023158454860094935
14,1136,20945,0.0001474572200095281
14,1137,20946,5.1269114919705316e-05
14,1138,20947,0.0002730744890868664
14,1139,20948,0.00018049534992314875
14,1140,20949,0.005017888266593218
14,1141,20950,0.00023573545331601053
14,1142,20951,0.00022590452863369137
14,1143,20952,0.00022490414266940206
14,1144,20953,0.00027670187409967184
14,1145,20954,0.00020683625189121813
14,1146,20955,0.0003739815147127956
14,1147,20956,0.00011968651233473793
14,1148,20957,0.00016679600230418146
14,1149,20958,7.790410018060356e-05
14,1150,20959,0.0012242741649970412
14,1151,20960,0.0010032630525529385
14,1152,20961,0.010419427417218685
14,1153,20962,0.00021018378902226686
14,1154,20963,0.00029630749486386776
14,1155,20964,0.0025391606613993645
14,1156,20965,0.0001759268343448639
14,1157,20966,0.00014259634190239012
14,1158,20967,0.0001385183131787926
14,1159,20968,8.536651876056567e-05
14,1160,20969,0.0002438495575916022
14,1161,20970,0.00011706447548931465
14,1162,20971,8.166336920112371e-05
14,1163,20972,0.006722954101860523
14,1164,20973,0.0001633317006053403
14,1165,20974,0.00015654030721634626
14,1166,20975,8.242690819315612e-05
14,1167,20976,0.00016801296442281455
14,1168,20977,0.0003198145132046193
14,1169,20978,0.00022699713008478284
14,1170,20979,0.00014161916624289006
14,1171,20980,0.00013286646571941674
14,1172,20981,0.00013017267338000238
14,1173,20982,0.0009347603190690279
14,1174,20983,0.0003605606034398079
14,1175,20984,0.00015920754231046885
14,1176,20985,0.0002077450481010601
14,1177,20986,0.0004548550059553236
14,1178,20987,0.0005452309269458055
14,1179,20988,0.00026974588399752975
14,1180,20989,0.00012890751531813294
14,1181,20990,0.00013389681407716125
14,1182,20991,0.00021213869331404567
14,1183,20992,9.229370334651321e-05
14,1184,20993,0.0002719407784752548
14,1185,20994,0.00018857920076698065
14,1186,20995,0.00019244184659328312
14,1187,20996,0.00010992446186719462
14,1188,20997,0.00020536535885185003
14,1189,20998,0.0002453779452480376
14,1190,20999,7.709803321631625e-05
14,1191,21000,0.00016279250849038363
14,1192,21001,0.00012360478285700083
14,1193,21002,8.260666072601452e-05
14,1194,21003,0.0023956717923283577
14,1195,21004,8.114890079014003e-05
14,1196,21005,0.0003213736636098474
14,1197,21006,0.001020793104544282
14,1198,21007,0.00013408790982794017
14,1199,21008,0.00021748346625827253
14,1200,21009,0.0001077626075129956
14,1201,21010,0.00025105863460339606
14,1202,21011,0.00018863484729081392
14,1203,21012,5.569486165768467e-05
14,1204,21013,0.00011173845268785954
14,1205,21014,0.0002044349384959787
14,1206,21015,0.00012982658518012613
14,1207,21016,0.0002128451014868915
14,1208,21017,0.0002601882442831993
14,1209,21018,0.00027927025803364813
14,1210,21019,0.00014775195450056344
14,1211,21020,0.00021052460942883044
14,1212,21021,0.001761042745783925
14,1213,21022,0.00017760075570549816
14,1214,21023,0.00023471958411391824
14,1215,21024,0.00023842202790547162
14,1216,21025,7.491239375667647e-05
14,1217,21026,0.00020715303253382444
14,1218,21027,0.00017011124873533845
14,1219,21028,0.00031736271921545267
14,1220,21029,4.5404169213725254e-05
14,1221,21030,0.0002530637430027127
14,1222,21031,0.0001815194118535146
14,1223,21032,0.00023049938317853957
14,1224,21033,0.0001577474904479459
14,1225,21034,0.0002906268055085093
14,1226,21035,0.0003572150890249759
14,1227,21036,0.0001392170088365674
14,1228,21037,0.00012107378279324621
14,1229,21038,0.0002655126736499369
14,1230,21039,0.00012174367293482646
14,1231,21040,0.0001724490721244365
14,1232,21041,6.130807742010802e-05
14,1233,21042,0.00017062469851225615
14,1234,21043,0.00013374352420214564
14,1235,21044,0.00024156764266081154
14,1236,21045,0.00013644350110553205
14,1237,21046,0.0008028644369915128
14,1238,21047,0.00011116057430626824
14,1239,21048,0.00016465663793496788
14,1240,21049,0.0010834592394530773
14,1241,21050,0.00023171422071754932
14,1242,21051,0.00025541495415382087
14,1243,21052,0.0013240694534033537
14,1244,21053,0.00016966559633146971
14,1245,21054,0.00016013221465982497
14,1246,21055,0.000494210107717663
14,1247,21056,0.0004656186210922897
14,1248,21057,0.00016030625556595623
14,1249,21058,0.0002466873556841165
14,1250,21059,0.00010113324970006943
14,1251,21060,0.00016101078654173762
14,1252,21061,0.00019834464183077216
14,1253,21062,0.00013077813491690904
14,1254,21063,0.0005289687542244792
14,1255,21064,0.00026686216006055474
14,1256,21065,0.0002489386242814362
14,1257,21066,0.0005300581105984747
14,1258,21067,0.00020108847820665687
14,1259,21068,0.000167652775417082
14,1260,21069,0.00023054501798469573
14,1261,21070,0.00019766922923736274
14,1262,21071,9.022784797707573e-05
14,1263,21072,0.0003202649822924286
14,1264,21073,0.00019059429178014398
14,1265,21074,0.00015552180411759764
14,1266,21075,0.00011065666330978274
14,1267,21076,0.0003697610809467733
14,1268,21077,0.00020327857055235654
14,1269,21078,0.0001674857339821756
14,1270,21079,0.00017432140884920955
14,1271,21080,0.0001558888761792332
14,1272,21081,0.00011794843157986179
14,1273,21082,0.00011116449604742229
14,1274,21083,0.00033659112523309886
14,1275,21084,0.00033565741614438593
14,1276,21085,0.0002557137340772897
14,1277,21086,0.002096520271152258
14,1278,21087,0.00010451305570313707
14,1279,21088,0.00010234290675725788
14,1280,21089,0.0002300918713444844
14,1281,21090,0.0006086722132749856
14,1282,21091,0.00015062393504194915
14,1283,21092,0.00013569777365773916
14,1284,21093,0.00022687623277306557
14,1285,21094,0.0001423546636942774
14,1286,21095,0.00021001280401833355
14,1287,21096,0.0001518517528893426
14,1288,21097,0.0002969340421259403
14,1289,21098,0.00018352306506130844
14,1290,21099,8.9031076640822e-05
14,1291,21100,0.00023443304235115647
14,1292,21101,0.00016870067338459194
14,1293,21102,0.0002524268929846585
14,1294,21103,0.0001504176325397566
14,1295,21104,0.00025269942125305533
14,1296,21105,0.0011475876672193408
14,1297,21106,0.00024237949401140213
14,1298,21107,0.00020564607984852046
14,1299,21108,0.00013113519526086748
14,1300,21109,0.0003010059881489724
14,1301,21110,0.0001316468114964664
14,1302,21111,9.349246101919562e-05
14,1303,21112,9.753879567142576e-05
14,1304,21113,6.234310421859846e-05
14,1305,21114,0.0001726349291857332
14,1306,21115,0.00025100045604631305
14,1307,21116,0.00012824108125641942
14,1308,21117,0.00013895849406253546
14,1309,21118,9.591077832737938e-05
14,1310,21119,0.00023325161600951105
14,1311,21120,0.003876104950904846
14,1312,21121,8.767531835474074e-05
14,1313,21122,0.0002229878300568089
14,1314,21123,0.00011018065561074764
14,1315,21124,0.00013471458805724978
14,1316,21125,0.0002717054740060121
14,1317,21126,0.00031995581230148673
14,1318,21127,0.0013408855302259326
14,1319,21128,0.00043589944834820926
14,1320,21129,0.00021310398005880415
14,1321,21130,0.00011805963004007936
14,1322,21131,0.0001276969414902851
14,1323,21132,0.00012765232531819493
14,1324,21133,0.00030378959490917623
14,1325,21134,0.00013890041736885905
14,1326,21135,0.0002577599079813808
14,1327,21136,0.0002192728134104982
14,1328,21137,0.0004654468793887645
14,1329,21138,0.00014870338782202452
14,1330,21139,0.00012900873844046146
14,1331,21140,0.00016226792649831623
14,1332,21141,0.00017986843886319548
14,1333,21142,0.00029270208324305713
14,1334,21143,0.00012652730219997466
14,1335,21144,0.00020414650498423725
14,1336,21145,0.00023214385146275163
14,1337,21146,0.00016409768431913108
14,1338,21147,0.00012906853226013482
14,1339,21148,0.0001753703982103616
14,1340,21149,0.00023306960065383464
14,1341,21150,0.00017538473184686154
14,1342,21151,0.00015833643556106836
14,1343,21152,0.00012887358025182039
14,1344,21153,0.00011011799506377429
14,1345,21154,0.00026927387807518244
14,1346,21155,0.000406352017307654
14,1347,21156,0.00015536129649262875
14,1348,21157,0.00011723976786015555
14,1349,21158,0.00023632982629351318
14,1350,21159,0.00018910469952970743
14,1351,21160,0.00015072646783664823
14,1352,21161,0.0002448086452204734
14,1353,21162,0.00014666204515378922
14,1354,21163,4.954842370352708e-05
14,1355,21164,0.00023990195768419653
14,1356,21165,0.00016222127305809408
14,1357,21166,0.0002546639007050544
14,1358,21167,0.00018007193284574896
14,1359,21168,0.000261209235759452
14,1360,21169,0.0001664233859628439
14,1361,21170,0.0003326530277263373
14,1362,21171,0.0007106809644028544
14,1363,21172,0.00022554084716830403
14,1364,21173,0.0001150678945123218
14,1365,21174,0.00017549040785524994
14,1366,21175,0.0001483012893004343
14,1367,21176,0.00022913789143785834
14,1368,21177,0.00022375756816472858
14,1369,21178,0.0001944535761140287
14,1370,21179,0.00016890960978344083
14,1371,21180,5.113186125527136e-05
14,1372,21181,0.00015085433551575989
14,1373,21182,0.0004898147308267653
14,1374,21183,0.0002289381081936881
14,1375,21184,0.00023508729645982385
14,1376,21185,0.0001486070395912975
14,1377,21186,0.0001591788895893842
14,1378,21187,3.594856389099732e-05
14,1379,21188,0.00016999649233184755
14,1380,21189,0.0001781448518158868
14,1381,21190,0.0001409433752996847
14,1382,21191,0.00011189250653842464
14,1383,21192,0.00018744930275715888
14,1384,21193,0.00014706737420056015
14,1385,21194,0.0002234111598227173
14,1386,21195,8.900374814402312e-05
14,1387,21196,0.00017082500562537462
14,1388,21197,5.832288661622442e-05
14,1389,21198,0.00013680776464752853
14,1390,21199,0.00017362665676046163
14,1391,21200,0.0001354223641101271
14,1392,21201,0.00010090252180816606
14,1393,21202,0.0008772308356128633
14,1394,21203,0.0011182957096025348
14,1395,21204,0.00028258233214728534
14,1396,21205,0.00020827857952099293
14,1397,21206,0.0002912122872658074
14,1398,21207,7.792409451212734e-05
14,1399,21208,0.00017367914551869035
14,1400,21209,0.00024046610633376986
14,1401,21210,0.00013756065163761377
14,1402,21211,6.152995774755254e-05
14,1403,21212,0.00022213434567674994
14,1404,21213,0.00013108500570524484
14,1405,21214,0.0008116732933558524
14,1406,21215,0.00018781275139190257
14,1407,21216,3.734888741746545e-05
14,1408,21217,0.00019188450824003667
14,1409,21218,0.0003732421319000423
14,1410,21219,0.00015293725300580263
14,1411,21220,0.00023541849805042148
14,1412,21221,0.00021566616487689316
14,1413,21222,0.00010849570389837027
14,1414,21223,0.0005609946674667299
14,1415,21224,0.00018748908769339323
