image_path,generated_caption
/workspace/igho/video_695_rango_30600_33840/frames_selected/frame_30600.png,This is a colonoscopy frame from a patient with no polyps.
/workspace/igho/video_695_rango_30600_33840/frames_selected/frame_30601.png,This is a colonoscopy frame from a patient with no polyps.
/workspace/igho/video_695_rango_30600_33840/frames_selected/frame_30602.png,This is a colonoscopy frame from a patient with no polyps.
/workspace/igho/video_695_rango_30600_33840/frames_selected/frame_30603.png,This is a colonoscopy frame from a patient with no polyps.
/workspace/igho/video_695_rango_30600_33840/frames_selected/frame_30604.png,This is a colonoscopy frame from a patient with no polyps.
/workspace/igho/video_695_rango_30600_33840/frames_selected/frame_30605.png,This is a colonoscopy frame from a patient with no polyps.
/workspace/igho/video_695_rango_30600_33840/frames_selected/frame_30606.png,This is a colonoscopy frame from a patient with no polyps.
/workspace/igho/video_695_rango_30600_33840/frames_selected/frame_30607.png,This is a colonoscopy frame from a patient with no polyps.
/workspace/igho/video_695_rango_30600_33840/frames_selected/frame_30608.png,This is a colonoscopy frame from a patient with no polyps.
/workspace/igho/video_695_rango_30600_33840/frames_selected/frame_30609.png,This is a colonoscopy frame from a patient with no polyps.
/workspace/igho/video_695_rango_30600_33840/frames_selected/frame_30610.png,This is a colonoscopy frame from a patient with no polyps.
/workspace/igho/video_695_rango_30600_33840/frames_selected/frame_30611.png,This is a colonoscopy frame from a patient with no polyps.
/workspace/igho/video_695_rango_30600_33840/frames_selected/frame_30612.png,This is a colonoscopy frame from a patient with no polyps.
/workspace/igho/video_695_rango_30600_33840/frames_selected/frame_30613.png,This is a colonoscopy frame from a patient with no polyps.
/workspace/igho/video_695_rango_30600_33840/frames_selected/frame_30614.png,This is a colonoscopy frame from a patient with no polyps.
/workspace/igho/video_695_rango_30600_33840/frames_selected/frame_30615.png,This is a colonoscopy frame from a patient with no polyps.
/workspace/igho/video_695_rango_30600_33840/frames_selected/frame_30616.png,This is a colonoscopy frame from a patient with no polyps.
/workspace/igho/video_695_rango_30600_33840/frames_selected/frame_30617.png,This is a colonoscopy frame from a patient with no polyps.
/workspace/igho/video_695_rango_30600_33840/frames_selected/frame_30618.png,This is a colonoscopy frame from a patient with no polyps.
/workspace/igho/video_695_rango_30600_33840/frames_selected/frame_30619.png,This is a colonoscopy frame from a patient with no polyps.
/workspace/igho/video_695_rango_30600_33840/frames_selected/frame_30620.png,This is a colonoscopy frame from a patient with no polyps.
/workspace/igho/video_695_rango_30600_33840/frames_selected/frame_30621.png,This is a colonoscopy frame from a patient with no polyps.
/workspace/igho/video_695_rango_30600_33840/frames_selected/frame_30622.png,This is a colonoscopy frame from a patient with no polyps.
/workspace/igho/video_695_rango_30600_33840/frames_selected/frame_30623.png,This is a colonoscopy frame from a patient with no polyps.
/workspace/igho/video_695_rango_30600_33840/frames_selected/frame_30624.png,This is a colonoscopy frame from a patient with no polyps.
/workspace/igho/video_695_rango_30600_33840/frames_selected/frame_30625.png,This is a colonoscopy frame from a patient with no polyps.
/workspace/igho/video_695_rango_30600_33840/frames_selected/frame_30626.png,This is a colonoscopy frame from a patient with no polyps.
/workspace/igho/video_695_rango_30600_33840/frames_selected/frame_30627.png,This is a colonoscopy frame from a patient with no polyps.
/workspace/igho/video_695_rango_30600_33840/frames_selected/frame_30628.png,This is a colonoscopy frame from a patient with no polyps.
/workspace/igho/video_695_rango_30600_33840/frames_selected/frame_30629.png,This is a colonoscopy frame from a patient with no polyps.
/workspace/igho/video_695_rango_30600_33840/frames_selected/frame_30630.png,This is a colonoscopy frame from a patient with no polyps.
/workspace/igho/video_695_rango_30600_33840/frames_selected/frame_30631.png,This is a colonoscopy frame from a patient with no polyps.
/workspace/igho/video_695_rango_30600_33840/frames_selected/frame_30632.png,This is a colonoscopy frame from a patient with no polyps.
/workspace/igho/video_695_rango_30600_33840/frames_selected/frame_30633.png,This is a colonoscopy frame from a patient with no polyps.
/workspace/igho/video_695_rango_30600_33840/frames_selected/frame_30634.png,This is a colonoscopy frame from a patient with no polyps.
/workspace/igho/video_695_rango_30600_33840/frames_selected/frame_30635.png,This is a colonoscopy frame from a patient with no polyps.
/workspace/igho/video_695_rango_30600_33840/frames_selected/frame_30636.png,This is a colonoscopy frame from a patient with no polyps.
/workspace/igho/video_695_rango_30600_33840/frames_selected/frame_30637.png,This is a colonoscopy frame from a patient with no polyps.
/workspace/igho/video_695_rango_30600_33840/frames_selected/frame_30638.png,This is a colonoscopy frame from a patient with no polyps.
/workspace/igho/video_695_rango_30600_33840/frames_selected/frame_30639.png,This is a colonoscopy frame from a patient with no polyps.
/workspace/igho/video_695_rango_30600_33840/frames_selected/frame_30640.png,This is a colonoscopy frame from a patient with no polyps.
/workspace/igho/video_695_rango_30600_33840/frames_selected/frame_30641.png,This is a colonoscopy frame from a patient with no polyps.
/workspace/igho/video_695_rango_30600_33840/frames_selected/frame_30642.png,This is a colonoscopy frame from a patient with no polyps.
/workspace/igho/video_695_rango_30600_33840/frames_selected/frame_30643.png,This is a colonoscopy frame from a patient with no polyps.
/workspace/igho/video_695_rango_30600_33840/frames_selected/frame_30644.png,This is a colonoscopy frame from a patient with no polyps.
/workspace/igho/video_695_rango_30600_33840/frames_selected/frame_30645.png,This is a colonoscopy frame from a patient with no polyps.
/workspace/igho/video_695_rango_30600_33840/frames_selected/frame_30646.png,This is a colonoscopy frame from a patient with no polyps.
/workspace/igho/video_695_rango_30600_33840/frames_selected/frame_30647.png,This is a colonoscopy frame from a patient with no polyps.
/workspace/igho/video_695_rango_30600_33840/frames_selected/frame_30648.png,This is a colonoscopy frame from a patient with no polyps.
/workspace/igho/video_695_rango_30600_33840/frames_selected/frame_30649.png,This is a colonoscopy frame from a patient with no polyps.
/workspace/igho/video_695_rango_30600_33840/frames_selected/frame_30650.png,This is a colonoscopy frame from a patient with no polyps.
/workspace/igho/video_695_rango_30600_33840/frames_selected/frame_30651.png,This is a colonoscopy frame from a patient with no polyps.
/workspace/igho/video_695_rango_30600_33840/frames_selected/frame_30652.png,This is a colonoscopy frame from a patient with no polyps.
/workspace/igho/video_695_rango_30600_33840/frames_selected/frame_30653.png,This is a colonoscopy frame from a patient with no polyps.
/workspace/igho/video_695_rango_30600_33840/frames_selected/frame_30654.png,This is a colonoscopy frame from a patient with no polyps.
/workspace/igho/video_695_rango_30600_33840/frames_selected/frame_30655.png,This is a colonoscopy frame from a patient with no polyps.
/workspace/igho/video_695_rango_30600_33840/frames_selected/frame_30656.png,This is a colonoscopy frame from a patient with no polyps.
/workspace/igho/video_695_rango_30600_33840/frames_selected/frame_30657.png,This is a colonoscopy frame from a patient with no polyps.
/workspace/igho/video_695_rango_30600_33840/frames_selected/frame_30658.png,This is a colonoscopy frame from a patient with no polyps.
/workspace/igho/video_695_rango_30600_33840/frames_selected/frame_30659.png,This is a colonoscopy frame from a patient with no polyps.
/workspace/igho/video_695_rango_30600_33840/frames_selected/frame_30660.png,This is a colonoscopy frame from a patient with no polyps.
/workspace/igho/video_695_rango_30600_33840/frames_selected/frame_30661.png,This is a colonoscopy frame from a patient with no polyps.
/workspace/igho/video_695_rango_30600_33840/frames_selected/frame_30662.png,This is a colonoscopy frame from a patient with no polyps.
/workspace/igho/video_695_rango_30600_33840/frames_selected/frame_30663.png,This is a colonoscopy frame from a patient with no polyps.
/workspace/igho/video_695_rango_30600_33840/frames_selected/frame_30664.png,This is a colonoscopy frame from a patient with no polyps.
/workspace/igho/video_695_rango_30600_33840/frames_selected/frame_30665.png,This is a colonoscopy frame from a patient with no polyps.
/workspace/igho/video_695_rango_30600_33840/frames_selected/frame_30666.png,This is a colonoscopy frame from a patient with no polyps.
/workspace/igho/video_695_rango_30600_33840/frames_selected/frame_30667.png,This is a colonoscopy frame from a patient with no polyps.
/workspace/igho/video_695_rango_30600_33840/frames_selected/frame_30668.png,This is a colonoscopy frame from a patient with no polyps.
/workspace/igho/video_695_rango_30600_33840/frames_selected/frame_30669.png,This is a colonoscopy frame from a patient with no polyps.
/workspace/igho/video_695_rango_30600_33840/frames_selected/frame_30670.png,This is a colonoscopy frame from a patient with no polyps.
/workspace/igho/video_695_rango_30600_33840/frames_selected/frame_30671.png,This is a colonoscopy frame from a patient with no polyps.
/workspace/igho/video_695_rango_30600_33840/frames_selected/frame_30672.png,This is a colonoscopy frame from a patient with a sessile adenoma polyp measuring 4 mm located in the sigmoid colon.
/workspace/igho/video_695_rango_30600_33840/frames_selected/frame_30673.png,This is a colonoscopy frame from a patient with a sessile adenoma polyp measuring 4 mm located in the sigmoid colon.
/workspace/igho/video_695_rango_30600_33840/frames_selected/frame_30674.png,This is a colonoscopy frame from a patient with no polyps.
/workspace/igho/video_695_rango_30600_33840/frames_selected/frame_30675.png,This is a colonoscopy frame from a patient with no polyps.
/workspace/igho/video_695_rango_30600_33840/frames_selected/frame_30676.png,This is a colonoscopy frame from a patient with no polyps.
/workspace/igho/video_695_rango_30600_33840/frames_selected/frame_30677.png,This is a colonoscopy frame from a patient with no polyps.
/workspace/igho/video_695_rango_30600_33840/frames_selected/frame_30678.png,This is a colonoscopy frame from a patient with no polyps.
/workspace/igho/video_695_rango_30600_33840/frames_selected/frame_30679.png,This is a colonoscopy frame from a patient with no polyps.
/workspace/igho/video_695_rango_30600_33840/frames_selected/frame_30680.png,This is a colonoscopy frame from a patient with a sessile adenoma polyp measuring 4 mm located in the sigmoid colon.
/workspace/igho/video_695_rango_30600_33840/frames_selected/frame_30681.png,This is a colonoscopy frame from a patient with no polyps.
/workspace/igho/video_695_rango_30600_33840/frames_selected/frame_30682.png,This is a colonoscopy frame from a patient with no polyps.
/workspace/igho/video_695_rango_30600_33840/frames_selected/frame_30683.png,This is a colonoscopy frame from a patient with no polyps.
/workspace/igho/video_695_rango_30600_33840/frames_selected/frame_30684.png,This is a colonoscopy frame from a patient with no polyps.
/workspace/igho/video_695_rango_30600_33840/frames_selected/frame_30685.png,This is a colonoscopy frame from a patient with no polyps.
/workspace/igho/video_695_rango_30600_33840/frames_selected/frame_30686.png,This is a colonoscopy frame from a patient with no polyps.
/workspace/igho/video_695_rango_30600_33840/frames_selected/frame_30687.png,This is a colonoscopy frame from a patient with no polyps.
/workspace/igho/video_695_rango_30600_33840/frames_selected/frame_30688.png,This is a colonoscopy frame from a patient with no polyps.
/workspace/igho/video_695_rango_30600_33840/frames_selected/frame_30689.png,This is a colonoscopy frame from a patient with no polyps.
/workspace/igho/video_695_rango_30600_33840/frames_selected/frame_30690.png,This is a colonoscopy frame from a patient with no polyps.
/workspace/igho/video_695_rango_30600_33840/frames_selected/frame_30691.png,This is a colonoscopy frame from a patient with no polyps.
/workspace/igho/video_695_rango_30600_33840/frames_selected/frame_30692.png,This is a colonoscopy frame from a patient with no polyps.
/workspace/igho/video_695_rango_30600_33840/frames_selected/frame_30693.png,This is a colonoscopy frame from a patient with no polyps.
/workspace/igho/video_695_rango_30600_33840/frames_selected/frame_30694.png,This is a colonoscopy frame from a patient with no polyps.
/workspace/igho/video_695_rango_30600_33840/frames_selected/frame_30695.png,This is a colonoscopy frame from a patient with no polyps.
/workspace/igho/video_695_rango_30600_33840/frames_selected/frame_30696.png,This is a colonoscopy frame from a patient with no polyps.
/workspace/igho/video_695_rango_30600_33840/frames_selected/frame_30697.png,This is a colonoscopy frame from a patient with no polyps.
/workspace/igho/video_695_rango_30600_33840/frames_selected/frame_30698.png,This is a colonoscopy frame from a patient with no polyps.
/workspace/igho/video_695_rango_30600_33840/frames_selected/frame_30699.png,This is a colonoscopy frame from a patient with no polyps.
/workspace/igho/video_695_rango_30600_33840/frames_selected/frame_30700.png,This is a colonoscopy frame from a patient with no polyps.
/workspace/igho/video_695_rango_30600_33840/frames_selected/frame_30701.png,This is a colonoscopy frame from a patient with no polyps.
/workspace/igho/video_695_rango_30600_33840/frames_selected/frame_30702.png,This is a colonoscopy frame from a patient with no polyps.
/workspace/igho/video_695_rango_30600_33840/frames_selected/frame_30703.png,This is a colonoscopy frame from a patient with no polyps.
/workspace/igho/video_695_rango_30600_33840/frames_selected/frame_30704.png,This is a colonoscopy frame from a patient with no polyps.
/workspace/igho/video_695_rango_30600_33840/frames_selected/frame_30705.png,This is a colonoscopy frame from a patient with no polyps.
/workspace/igho/video_695_rango_30600_33840/frames_selected/frame_30706.png,This is a colonoscopy frame from a patient with no polyps.
/workspace/igho/video_695_rango_30600_33840/frames_selected/frame_30707.png,This is a colonoscopy frame from a patient with no polyps.
/workspace/igho/video_695_rango_30600_33840/frames_selected/frame_30708.png,This is a colonoscopy frame from a patient with no polyps.
/workspace/igho/video_695_rango_30600_33840/frames_selected/frame_30709.png,This is a colonoscopy frame from a patient with no polyps.
/workspace/igho/video_695_rango_30600_33840/frames_selected/frame_30710.png,This is a colonoscopy frame from a patient with no polyps.
/workspace/igho/video_695_rango_30600_33840/frames_selected/frame_30711.png,This is a colonoscopy frame from a patient with no polyps.
/workspace/igho/video_695_rango_30600_33840/frames_selected/frame_30712.png,This is a colonoscopy frame from a patient with no polyps.
/workspace/igho/video_695_rango_30600_33840/frames_selected/frame_30713.png,This is a colonoscopy frame from a patient with no polyps.
/workspace/igho/video_695_rango_30600_33840/frames_selected/frame_30714.png,This is a colonoscopy frame from a patient with no polyps.
/workspace/igho/video_695_rango_30600_33840/frames_selected/frame_30715.png,This is a colonoscopy frame from a patient with no polyps.
/workspace/igho/video_695_rango_30600_33840/frames_selected/frame_30716.png,This is a colonoscopy frame from a patient with no polyps.
/workspace/igho/video_695_rango_30600_33840/frames_selected/frame_30717.png,This is a colonoscopy frame from a patient with no polyps.
/workspace/igho/video_695_rango_30600_33840/frames_selected/frame_30718.png,This is a colonoscopy frame from a patient with no polyps.
/workspace/igho/video_695_rango_30600_33840/frames_selected/frame_30719.png,This is a colonoscopy frame from a patient with no polyps.
/workspace/igho/video_695_rango_30600_33840/frames_selected/frame_30720.png,This is a colonoscopy frame from a patient with no polyps.
/workspace/igho/video_695_rango_30600_33840/frames_selected/frame_30721.png,This is a colonoscopy frame from a patient with no polyps.
/workspace/igho/video_695_rango_30600_33840/frames_selected/frame_30722.png,This is a colonoscopy frame from a patient with no polyps.
/workspace/igho/video_695_rango_30600_33840/frames_selected/frame_30723.png,This is a colonoscopy frame from a patient with no polyps.
/workspace/igho/video_695_rango_30600_33840/frames_selected/frame_30724.png,This is a colonoscopy frame from a patient with no polyps.
/workspace/igho/video_695_rango_30600_33840/frames_selected/frame_30725.png,This is a colonoscopy frame from a patient with no polyps.
/workspace/igho/video_695_rango_30600_33840/frames_selected/frame_30726.png,This is a colonoscopy frame from a patient with no polyps.
/workspace/igho/video_695_rango_30600_33840/frames_selected/frame_30727.png,This is a colonoscopy frame from a patient with no polyps.
/workspace/igho/video_695_rango_30600_33840/frames_selected/frame_30728.png,This is a colonoscopy frame from a patient with no polyps.
/workspace/igho/video_695_rango_30600_33840/frames_selected/frame_30729.png,This is a colonoscopy frame from a patient with no polyps.
/workspace/igho/video_695_rango_30600_33840/frames_selected/frame_30730.png,This is a colonoscopy frame from a patient with no polyps.
/workspace/igho/video_695_rango_30600_33840/frames_selected/frame_30731.png,This is a colonoscopy frame from a patient with no polyps.
/workspace/igho/video_695_rango_30600_33840/frames_selected/frame_30732.png,This is a colonoscopy frame from a patient with no polyps.
/workspace/igho/video_695_rango_30600_33840/frames_selected/frame_30733.png,This is a colonoscopy frame from a patient with no polyps.
/workspace/igho/video_695_rango_30600_33840/frames_selected/frame_30734.png,This is a colonoscopy frame from a patient with no polyps.
/workspace/igho/video_695_rango_30600_33840/frames_selected/frame_30735.png,This is a colonoscopy frame from a patient with no polyps.
/workspace/igho/video_695_rango_30600_33840/frames_selected/frame_30736.png,This is a colonoscopy frame from a patient with no polyps.
/workspace/igho/video_695_rango_30600_33840/frames_selected/frame_30737.png,This is a colonoscopy frame from a patient with no polyps.
/workspace/igho/video_695_rango_30600_33840/frames_selected/frame_30738.png,This is a colonoscopy frame from a patient with no polyps.
/workspace/igho/video_695_rango_30600_33840/frames_selected/frame_30739.png,This is a colonoscopy frame from a patient with no polyps.
/workspace/igho/video_695_rango_30600_33840/frames_selected/frame_30740.png,This is a colonoscopy frame from a patient with no polyps.
/workspace/igho/video_695_rango_30600_33840/frames_selected/frame_30741.png,This is a colonoscopy frame from a patient with no polyps.
/workspace/igho/video_695_rango_30600_33840/frames_selected/frame_30742.png,This is a colonoscopy frame from a patient with no polyps.
/workspace/igho/video_695_rango_30600_33840/frames_selected/frame_30743.png,This is a colonoscopy frame from a patient with no polyps.
/workspace/igho/video_695_rango_30600_33840/frames_selected/frame_30744.png,This is a colonoscopy frame from a patient with no polyps.
/workspace/igho/video_695_rango_30600_33840/frames_selected/frame_30745.png,This is a colonoscopy frame from a patient with no polyps.
/workspace/igho/video_695_rango_30600_33840/frames_selected/frame_30746.png,This is a colonoscopy frame from a patient with no polyps.
/workspace/igho/video_695_rango_30600_33840/frames_selected/frame_30747.png,This is a colonoscopy frame from a patient with no polyps.
/workspace/igho/video_695_rango_30600_33840/frames_selected/frame_30748.png,This is a colonoscopy frame from a patient with no polyps.
/workspace/igho/video_695_rango_30600_33840/frames_selected/frame_30749.png,This is a colonoscopy frame from a patient with no polyps.
/workspace/igho/video_695_rango_30600_33840/frames_selected/frame_30750.png,This is a colonoscopy frame from a patient with no polyps.
/workspace/igho/video_695_rango_30600_33840/frames_selected/frame_30751.png,This is a colonoscopy frame from a patient with no polyps.
/workspace/igho/video_695_rango_30600_33840/frames_selected/frame_30752.png,This is a colonoscopy frame from a patient with no polyps.
/workspace/igho/video_695_rango_30600_33840/frames_selected/frame_30753.png,This is a colonoscopy frame from a patient with no polyps.
/workspace/igho/video_695_rango_30600_33840/frames_selected/frame_30754.png,This is a colonoscopy frame from a patient with no polyps.
/workspace/igho/video_695_rango_30600_33840/frames_selected/frame_30755.png,This is a colonoscopy frame from a patient with no polyps.
/workspace/igho/video_695_rango_30600_33840/frames_selected/frame_30756.png,This is a colonoscopy frame from a patient with no polyps.
/workspace/igho/video_695_rango_30600_33840/frames_selected/frame_30757.png,This is a colonoscopy frame from a patient with no polyps.
/workspace/igho/video_695_rango_30600_33840/frames_selected/frame_30758.png,This is a colonoscopy frame from a patient with no polyps.
/workspace/igho/video_695_rango_30600_33840/frames_selected/frame_30759.png,This is a colonoscopy frame from a patient with no polyps.
/workspace/igho/video_695_rango_30600_33840/frames_selected/frame_30760.png,This is a colonoscopy frame from a patient with no polyps.
/workspace/igho/video_695_rango_30600_33840/frames_selected/frame_30761.png,This is a colonoscopy frame from a patient with no polyps.
/workspace/igho/video_695_rango_30600_33840/frames_selected/frame_30762.png,This is a colonoscopy frame from a patient with a sessile hyperplastic polyp measuring 5 mm located in the ascending colon.
/workspace/igho/video_695_rango_30600_33840/frames_selected/frame_30763.png,This is a colonoscopy frame from a patient with a sessile hyperplastic polyp measuring 5 mm located in the ascending colon.
/workspace/igho/video_695_rango_30600_33840/frames_selected/frame_30764.png,This is a colonoscopy frame from a patient with no polyps.
/workspace/igho/video_695_rango_30600_33840/frames_selected/frame_30765.png,This is a colonoscopy frame from a patient with no polyps.
/workspace/igho/video_695_rango_30600_33840/frames_selected/frame_30766.png,This is a colonoscopy frame from a patient with no polyps.
/workspace/igho/video_695_rango_30600_33840/frames_selected/frame_30767.png,This is a colonoscopy frame from a patient with no polyps.
/workspace/igho/video_695_rango_30600_33840/frames_selected/frame_30768.png,This is a colonoscopy frame from a patient with no polyps.
/workspace/igho/video_695_rango_30600_33840/frames_selected/frame_30769.png,This is a colonoscopy frame from a patient with no polyps.
/workspace/igho/video_695_rango_30600_33840/frames_selected/frame_30770.png,This is a colonoscopy frame from a patient with a sessile hyperplastic polyp measuring 5 mm located in the ascending colon.
/workspace/igho/video_695_rango_30600_33840/frames_selected/frame_30771.png,This is a colonoscopy frame from a patient with no polyps.
/workspace/igho/video_695_rango_30600_33840/frames_selected/frame_30772.png,This is a colonoscopy frame from a patient with no polyps.
/workspace/igho/video_695_rango_30600_33840/frames_selected/frame_30773.png,This is a colonoscopy frame from a patient with no polyps.
/workspace/igho/video_695_rango_30600_33840/frames_selected/frame_30774.png,This is a colonoscopy frame from a patient with no polyps.
/workspace/igho/video_695_rango_30600_33840/frames_selected/frame_30775.png,This is a colonoscopy frame from a patient with no polyps.
/workspace/igho/video_695_rango_30600_33840/frames_selected/frame_30776.png,This is a colonoscopy frame from a patient with no polyps.
/workspace/igho/video_695_rango_30600_33840/frames_selected/frame_30777.png,This is a colonoscopy frame from a patient with no polyps.
/workspace/igho/video_695_rango_30600_33840/frames_selected/frame_30778.png,This is a colonoscopy frame from a patient with no polyps.
/workspace/igho/video_695_rango_30600_33840/frames_selected/frame_30779.png,This is a colonoscopy frame from a patient with no polyps.
/workspace/igho/video_695_rango_30600_33840/frames_selected/frame_30780.png,This is a colonoscopy frame from a patient with no polyps.
/workspace/igho/video_695_rango_30600_33840/frames_selected/frame_30781.png,This is a colonoscopy frame from a patient with no polyps.
/workspace/igho/video_695_rango_30600_33840/frames_selected/frame_30782.png,This is a colonoscopy frame from a patient with no polyps.
/workspace/igho/video_695_rango_30600_33840/frames_selected/frame_30783.png,This is a colonoscopy frame from a patient with no polyps.
/workspace/igho/video_695_rango_30600_33840/frames_selected/frame_30784.png,This is a colonoscopy frame from a patient with no polyps.
/workspace/igho/video_695_rango_30600_33840/frames_selected/frame_30785.png,This is a colonoscopy frame from a patient with no polyps.
/workspace/igho/video_695_rango_30600_33840/frames_selected/frame_30786.png,This is a colonoscopy frame from a patient with no polyps.
/workspace/igho/video_695_rango_30600_33840/frames_selected/frame_30787.png,This is a colonoscopy frame from a patient with no polyps.
/workspace/igho/video_695_rango_30600_33840/frames_selected/frame_30788.png,This is a colonoscopy frame from a patient with no polyps.
/workspace/igho/video_695_rango_30600_33840/frames_selected/frame_30789.png,This is a colonoscopy frame from a patient with no polyps.
/workspace/igho/video_695_rango_30600_33840/frames_selected/frame_30790.png,This is a colonoscopy frame from a patient with no polyps.
/workspace/igho/video_695_rango_30600_33840/frames_selected/frame_30791.png,This is a colonoscopy frame from a patient with no polyps.
/workspace/igho/video_695_rango_30600_33840/frames_selected/frame_30792.png,This is a colonoscopy frame from a patient with no polyps.
/workspace/igho/video_695_rango_30600_33840/frames_selected/frame_30793.png,This is a colonoscopy frame from a patient with no polyps.
/workspace/igho/video_695_rango_30600_33840/frames_selected/frame_30794.png,This is a colonoscopy frame from a patient with no polyps.
/workspace/igho/video_695_rango_30600_33840/frames_selected/frame_30795.png,This is a colonoscopy frame from a patient with no polyps.
/workspace/igho/video_695_rango_30600_33840/frames_selected/frame_30796.png,This is a colonoscopy frame from a patient with no polyps.
/workspace/igho/video_695_rango_30600_33840/frames_selected/frame_30797.png,This is a colonoscopy frame from a patient with no polyps.
/workspace/igho/video_695_rango_30600_33840/frames_selected/frame_30798.png,This is a colonoscopy frame from a patient with no polyps.
/workspace/igho/video_695_rango_30600_33840/frames_selected/frame_30799.png,This is a colonoscopy frame from a patient with no polyps.
/workspace/igho/video_695_rango_30600_33840/frames_selected/frame_30800.png,This is a colonoscopy frame from a patient with no polyps.
/workspace/igho/video_695_rango_30600_33840/frames_selected/frame_30801.png,This is a colonoscopy frame from a patient with no polyps.
/workspace/igho/video_695_rango_30600_33840/frames_selected/frame_30802.png,This is a colonoscopy frame from a patient with no polyps.
/workspace/igho/video_695_rango_30600_33840/frames_selected/frame_30803.png,This is a colonoscopy frame from a patient with no polyps.
/workspace/igho/video_695_rango_30600_33840/frames_selected/frame_30804.png,This is a colonoscopy frame from a patient with no polyps.
/workspace/igho/video_695_rango_30600_33840/frames_selected/frame_30805.png,This is a colonoscopy frame from a patient with no polyps.
/workspace/igho/video_695_rango_30600_33840/frames_selected/frame_30806.png,This is a colonoscopy frame from a patient with no polyps.
/workspace/igho/video_695_rango_30600_33840/frames_selected/frame_30807.png,This is a colonoscopy frame from a patient with no polyps.
/workspace/igho/video_695_rango_30600_33840/frames_selected/frame_30808.png,This is a colonoscopy frame from a patient with no polyps.
/workspace/igho/video_695_rango_30600_33840/frames_selected/frame_30809.png,This is a colonoscopy frame from a patient with no polyps.
/workspace/igho/video_695_rango_30600_33840/frames_selected/frame_30810.png,This is a colonoscopy frame from a patient with no polyps.
/workspace/igho/video_695_rango_30600_33840/frames_selected/frame_30811.png,This is a colonoscopy frame from a patient with no polyps.
/workspace/igho/video_695_rango_30600_33840/frames_selected/frame_30812.png,This is a colonoscopy frame from a patient with no polyps.
/workspace/igho/video_695_rango_30600_33840/frames_selected/frame_30813.png,This is a colonoscopy frame from a patient with no polyps.
/workspace/igho/video_695_rango_30600_33840/frames_selected/frame_30814.png,This is a colonoscopy frame from a patient with no polyps.
/workspace/igho/video_695_rango_30600_33840/frames_selected/frame_30815.png,This is a colonoscopy frame from a patient with no polyps.
/workspace/igho/video_695_rango_30600_33840/frames_selected/frame_30816.png,This is a colonoscopy frame from a patient with no polyps.
/workspace/igho/video_695_rango_30600_33840/frames_selected/frame_30817.png,This is a colonoscopy frame from a patient with no polyps.
/workspace/igho/video_695_rango_30600_33840/frames_selected/frame_30818.png,This is a colonoscopy frame from a patient with no polyps.
/workspace/igho/video_695_rango_30600_33840/frames_selected/frame_30819.png,This is a colonoscopy frame from a patient with no polyps.
/workspace/igho/video_695_rango_30600_33840/frames_selected/frame_30820.png,This is a colonoscopy frame from a patient with no polyps.
/workspace/igho/video_695_rango_30600_33840/frames_selected/frame_30821.png,This is a colonoscopy frame from a patient with no polyps.
/workspace/igho/video_695_rango_30600_33840/frames_selected/frame_30822.png,This is a colonoscopy frame from a patient with no polyps.
/workspace/igho/video_695_rango_30600_33840/frames_selected/frame_30823.png,This is a colonoscopy frame from a patient with no polyps.
/workspace/igho/video_695_rango_30600_33840/frames_selected/frame_30824.png,This is a colonoscopy frame from a patient with no polyps.
/workspace/igho/video_695_rango_30600_33840/frames_selected/frame_30825.png,This is a colonoscopy frame from a patient with no polyps.
/workspace/igho/video_695_rango_30600_33840/frames_selected/frame_30826.png,This is a colonoscopy frame from a patient with no polyps.
/workspace/igho/video_695_rango_30600_33840/frames_selected/frame_30827.png,This is a colonoscopy frame from a patient with no polyps.
/workspace/igho/video_695_rango_30600_33840/frames_selected/frame_30828.png,This is a colonoscopy frame from a patient with no polyps.
/workspace/igho/video_695_rango_30600_33840/frames_selected/frame_30829.png,This is a colonoscopy frame from a patient with no polyps.
/workspace/igho/video_695_rango_30600_33840/frames_selected/frame_30830.png,This is a colonoscopy frame from a patient with no polyps.
/workspace/igho/video_695_rango_30600_33840/frames_selected/frame_30831.png,This is a colonoscopy frame from a patient with no polyps.
/workspace/igho/video_695_rango_30600_33840/frames_selected/frame_30832.png,This is a colonoscopy frame from a patient with no polyps.
/workspace/igho/video_695_rango_30600_33840/frames_selected/frame_30833.png,This is a colonoscopy frame from a patient with no polyps.
/workspace/igho/video_695_rango_30600_33840/frames_selected/frame_30834.png,This is a colonoscopy frame from a patient with no polyps.
/workspace/igho/video_695_rango_30600_33840/frames_selected/frame_30835.png,This is a colonoscopy frame from a patient with no polyps.
/workspace/igho/video_695_rango_30600_33840/frames_selected/frame_30836.png,This is a colonoscopy frame from a patient with no polyps.
/workspace/igho/video_695_rango_30600_33840/frames_selected/frame_30837.png,This is a colonoscopy frame from a patient with no polyps.
/workspace/igho/video_695_rango_30600_33840/frames_selected/frame_30838.png,This is a colonoscopy frame from a patient with no polyps.
/workspace/igho/video_695_rango_30600_33840/frames_selected/frame_30839.png,This is a colonoscopy frame from a patient with no polyps.
/workspace/igho/video_695_rango_30600_33840/frames_selected/frame_30840.png,This is a colonoscopy frame from a patient with no polyps.
/workspace/igho/video_695_rango_30600_33840/frames_selected/frame_30841.png,This is a colonoscopy frame from a patient with no polyps.
/workspace/igho/video_695_rango_30600_33840/frames_selected/frame_30842.png,This is a colonoscopy frame from a patient with no polyps.
/workspace/igho/video_695_rango_30600_33840/frames_selected/frame_30843.png,This is a colonoscopy frame from a patient with a sessile adenoma polyp measuring 4 mm located in the sigmoid colon.
/workspace/igho/video_695_rango_30600_33840/frames_selected/frame_30844.png,This is a colonoscopy frame from a patient with a sessile adenoma polyp measuring 4 mm located in the sigmoid colon.
/workspace/igho/video_695_rango_30600_33840/frames_selected/frame_30845.png,This is a colonoscopy frame from a patient with no polyps.
/workspace/igho/video_695_rango_30600_33840/frames_selected/frame_30846.png,This is a colonoscopy frame from a patient with a sessile adenoma polyp measuring 4 mm located in the sigmoid colon.
/workspace/igho/video_695_rango_30600_33840/frames_selected/frame_30847.png,This is a colonoscopy frame from a patient with a sessile adenoma polyp measuring 4 mm located in the sigmoid colon.
/workspace/igho/video_695_rango_30600_33840/frames_selected/frame_30848.png,This is a colonoscopy frame from a patient with no polyps.
/workspace/igho/video_695_rango_30600_33840/frames_selected/frame_30849.png,This is a colonoscopy frame from a patient with a sessile adenoma polyp measuring 4 mm located in the sigmoid colon.
/workspace/igho/video_695_rango_30600_33840/frames_selected/frame_30850.png,This is a colonoscopy frame from a patient with a sessile adenoma polyp measuring 4 mm located in the sigmoid colon.
/workspace/igho/video_695_rango_30600_33840/frames_selected/frame_30851.png,This is a colonoscopy frame from a patient with a sessile adenoma polyp measuring 4 mm located in the sigmoid colon.
/workspace/igho/video_695_rango_30600_33840/frames_selected/frame_30852.png,This is a colonoscopy frame from a patient with a sessile adenoma polyp measuring 4 mm located in the sigmoid colon.
/workspace/igho/video_695_rango_30600_33840/frames_selected/frame_30853.png,This is a colonoscopy frame from a patient with a sessile adenoma polyp measuring 4 mm located in the sigmoid colon.
/workspace/igho/video_695_rango_30600_33840/frames_selected/frame_30854.png,This is a colonoscopy frame from a patient with a sessile adenoma polyp measuring 4 mm located in the sigmoid colon.
/workspace/igho/video_695_rango_30600_33840/frames_selected/frame_30855.png,This is a colonoscopy frame from a patient with a sessile adenoma polyp measuring 4 mm located in the sigmoid colon.
/workspace/igho/video_695_rango_30600_33840/frames_selected/frame_30856.png,This is a colonoscopy frame from a patient with a sessile adenoma polyp measuring 4 mm located in the sigmoid colon.
/workspace/igho/video_695_rango_30600_33840/frames_selected/frame_30857.png,This is a colonoscopy frame from a patient with a sessile adenoma polyp measuring 4 mm located in the sigmoid colon.
/workspace/igho/video_695_rango_30600_33840/frames_selected/frame_30858.png,This is a colonoscopy frame from a patient with a sessile adenoma polyp measuring 6 mm located in the sigmoid colon.
/workspace/igho/video_695_rango_30600_33840/frames_selected/frame_30859.png,This is a colonoscopy frame from a patient with a sessile adenoma polyp measuring 6 mm located in the sigmoid colon.
/workspace/igho/video_695_rango_30600_33840/frames_selected/frame_30860.png,This is a colonoscopy frame from a patient with a sessile adenoma polyp measuring 4 mm located in the sigmoid colon.
/workspace/igho/video_695_rango_30600_33840/frames_selected/frame_30861.png,This is a colonoscopy frame from a patient with a sessile adenoma polyp measuring 4 mm located in the sigmoid colon.
/workspace/igho/video_695_rango_30600_33840/frames_selected/frame_30862.png,This is a colonoscopy frame from a patient with a sessile adenoma polyp measuring 4 mm located in the sigmoid colon.
/workspace/igho/video_695_rango_30600_33840/frames_selected/frame_30863.png,This is a colonoscopy frame from a patient with a sessile adenoma polyp measuring 4 mm located in the sigmoid colon.
/workspace/igho/video_695_rango_30600_33840/frames_selected/frame_30864.png,This is a colonoscopy frame from a patient with a sessile adenoma polyp measuring 4 mm located in the sigmoid colon.
/workspace/igho/video_695_rango_30600_33840/frames_selected/frame_30865.png,This is a colonoscopy frame from a patient with a sessile adenoma polyp measuring 4 mm located in the sigmoid colon.
/workspace/igho/video_695_rango_30600_33840/frames_selected/frame_30866.png,This is a colonoscopy frame from a patient with a sessile adenoma polyp measuring 6 mm located in the sigmoid colon.
/workspace/igho/video_695_rango_30600_33840/frames_selected/frame_30867.png,This is a colonoscopy frame from a patient with no polyps.
/workspace/igho/video_695_rango_30600_33840/frames_selected/frame_30868.png,This is a colonoscopy frame from a patient with no polyps.
/workspace/igho/video_695_rango_30600_33840/frames_selected/frame_30869.png,This is a colonoscopy frame from a patient with a sessile adenoma polyp measuring 4 mm located in the sigmoid colon.
/workspace/igho/video_695_rango_30600_33840/frames_selected/frame_30870.png,This is a colonoscopy frame from a patient with a sessile adenoma polyp measuring 4 mm located in the sigmoid colon.
/workspace/igho/video_695_rango_30600_33840/frames_selected/frame_30871.png,This is a colonoscopy frame from a patient with a sessile adenoma polyp measuring 4 mm located in the sigmoid colon.
/workspace/igho/video_695_rango_30600_33840/frames_selected/frame_30872.png,This is a colonoscopy frame from a patient with a sessile adenoma polyp measuring 4 mm located in the sigmoid colon.
/workspace/igho/video_695_rango_30600_33840/frames_selected/frame_30873.png,This is a colonoscopy frame from a patient with a sessile adenoma polyp measuring 4 mm located in the sigmoid colon.
/workspace/igho/video_695_rango_30600_33840/frames_selected/frame_30874.png,This is a colonoscopy frame from a patient with a sessile adenoma polyp measuring 4 mm located in the sigmoid colon.
/workspace/igho/video_695_rango_30600_33840/frames_selected/frame_30875.png,This is a colonoscopy frame from a patient with no polyps.
/workspace/igho/video_695_rango_30600_33840/frames_selected/frame_30876.png,This is a colonoscopy frame from a patient with a sessile adenoma polyp measuring 4 mm located in the sigmoid colon.
/workspace/igho/video_695_rango_30600_33840/frames_selected/frame_30877.png,This is a colonoscopy frame from a patient with a sessile adenoma polyp measuring 4 mm located in the sigmoid colon.
/workspace/igho/video_695_rango_30600_33840/frames_selected/frame_30878.png,This is a colonoscopy frame from a patient with a sessile adenoma polyp measuring 4 mm located in the sigmoid colon.
/workspace/igho/video_695_rango_30600_33840/frames_selected/frame_30879.png,This is a colonoscopy frame from a patient with a sessile adenoma polyp measuring 4 mm located in the sigmoid colon.
/workspace/igho/video_695_rango_30600_33840/frames_selected/frame_30880.png,This is a colonoscopy frame from a patient with a sessile adenoma polyp measuring 4 mm located in the sigmoid colon.
/workspace/igho/video_695_rango_30600_33840/frames_selected/frame_30881.png,This is a colonoscopy frame from a patient with a sessile adenoma polyp measuring 4 mm located in the sigmoid colon.
/workspace/igho/video_695_rango_30600_33840/frames_selected/frame_30882.png,This is a colonoscopy frame from a patient with a sessile adenoma polyp measuring 4 mm located in the sigmoid colon.
/workspace/igho/video_695_rango_30600_33840/frames_selected/frame_30883.png,This is a colonoscopy frame from a patient with a sessile adenoma polyp measuring 4 mm located in the sigmoid colon.
/workspace/igho/video_695_rango_30600_33840/frames_selected/frame_30884.png,This is a colonoscopy frame from a patient with a sessile adenoma polyp measuring 4 mm located in the sigmoid colon.
/workspace/igho/video_695_rango_30600_33840/frames_selected/frame_30885.png,This is a colonoscopy frame from a patient with no polyps.
/workspace/igho/video_695_rango_30600_33840/frames_selected/frame_30886.png,This is a colonoscopy frame from a patient with no polyps.
/workspace/igho/video_695_rango_30600_33840/frames_selected/frame_30887.png,This is a colonoscopy frame from a patient with a sessile adenoma polyp measuring 4 mm located in the sigmoid colon.
/workspace/igho/video_695_rango_30600_33840/frames_selected/frame_30888.png,This is a colonoscopy frame from a patient with no polyps.
/workspace/igho/video_695_rango_30600_33840/frames_selected/frame_30889.png,This is a colonoscopy frame from a patient with no polyps.
/workspace/igho/video_695_rango_30600_33840/frames_selected/frame_30890.png,This is a colonoscopy frame from a patient with a sessile adenoma polyp measuring 4 mm located in the sigmoid colon.
/workspace/igho/video_695_rango_30600_33840/frames_selected/frame_30891.png,This is a colonoscopy frame from a patient with a sessile adenoma polyp measuring 4 mm located in the sigmoid colon.
/workspace/igho/video_695_rango_30600_33840/frames_selected/frame_30892.png,This is a colonoscopy frame from a patient with a sessile adenoma polyp measuring 4 mm located in the sigmoid colon.
/workspace/igho/video_695_rango_30600_33840/frames_selected/frame_30893.png,This is a colonoscopy frame from a patient with no polyps.
/workspace/igho/video_695_rango_30600_33840/frames_selected/frame_30894.png,This is a colonoscopy frame from a patient with a sessile adenoma polyp measuring 4 mm located in the sigmoid colon.
/workspace/igho/video_695_rango_30600_33840/frames_selected/frame_30895.png,This is a colonoscopy frame from a patient with a sessile adenoma polyp measuring 4 mm located in the sigmoid colon.
/workspace/igho/video_695_rango_30600_33840/frames_selected/frame_30896.png,This is a colonoscopy frame from a patient with no polyps.
/workspace/igho/video_695_rango_30600_33840/frames_selected/frame_30897.png,This is a colonoscopy frame from a patient with no polyps.
/workspace/igho/video_695_rango_30600_33840/frames_selected/frame_30898.png,This is a colonoscopy frame from a patient with no polyps.
/workspace/igho/video_695_rango_30600_33840/frames_selected/frame_30899.png,This is a colonoscopy frame from a patient with a sessile adenoma polyp measuring 4 mm located in the sigmoid colon.
/workspace/igho/video_695_rango_30600_33840/frames_selected/frame_30900.png,This is a colonoscopy frame from a patient with a sessile adenoma polyp measuring 4 mm located in the sigmoid colon.
/workspace/igho/video_695_rango_30600_33840/frames_selected/frame_30901.png,This is a colonoscopy frame from a patient with a sessile adenoma polyp measuring 4 mm located in the sigmoid colon.
/workspace/igho/video_695_rango_30600_33840/frames_selected/frame_30902.png,This is a colonoscopy frame from a patient with a sessile adenoma polyp measuring 4 mm located in the sigmoid colon.
/workspace/igho/video_695_rango_30600_33840/frames_selected/frame_30903.png,This is a colonoscopy frame from a patient with no polyps.
/workspace/igho/video_695_rango_30600_33840/frames_selected/frame_30904.png,This is a colonoscopy frame from a patient with no polyps.
/workspace/igho/video_695_rango_30600_33840/frames_selected/frame_30905.png,This is a colonoscopy frame from a patient with no polyps.
/workspace/igho/video_695_rango_30600_33840/frames_selected/frame_30906.png,This is a colonoscopy frame from a patient with a sessile adenoma polyp measuring 6 mm located in the sigmoid colon.
/workspace/igho/video_695_rango_30600_33840/frames_selected/frame_30907.png,This is a colonoscopy frame from a patient with a sessile adenoma polyp measuring 6 mm located in the sigmoid colon.
/workspace/igho/video_695_rango_30600_33840/frames_selected/frame_30908.png,This is a colonoscopy frame from a patient with a sessile adenoma polyp measuring 4 mm located in the sigmoid colon.
/workspace/igho/video_695_rango_30600_33840/frames_selected/frame_30909.png,This is a colonoscopy frame from a patient with a sessile adenoma polyp measuring 6 mm located in the sigmoid colon.
/workspace/igho/video_695_rango_30600_33840/frames_selected/frame_30910.png,This is a colonoscopy frame from a patient with a sessile adenoma polyp measuring 6 mm located in the sigmoid colon.
/workspace/igho/video_695_rango_30600_33840/frames_selected/frame_30911.png,This is a colonoscopy frame from a patient with no polyps.
/workspace/igho/video_695_rango_30600_33840/frames_selected/frame_30912.png,This is a colonoscopy frame from a patient with a sessile adenoma polyp measuring 6 mm located in the sigmoid colon.
/workspace/igho/video_695_rango_30600_33840/frames_selected/frame_30913.png,This is a colonoscopy frame from a patient with a sessile adenoma polyp measuring 6 mm located in the sigmoid colon.
/workspace/igho/video_695_rango_30600_33840/frames_selected/frame_30914.png,This is a colonoscopy frame from a patient with a sessile adenoma polyp measuring 6 mm located in the sigmoid colon.
/workspace/igho/video_695_rango_30600_33840/frames_selected/frame_30915.png,This is a colonoscopy frame from a patient with a sessile adenoma polyp measuring 4 mm located in the sigmoid colon.
/workspace/igho/video_695_rango_30600_33840/frames_selected/frame_30916.png,This is a colonoscopy frame from a patient with a sessile adenoma polyp measuring 4 mm located in the sigmoid colon.
/workspace/igho/video_695_rango_30600_33840/frames_selected/frame_30917.png,This is a colonoscopy frame from a patient with a sessile adenoma polyp measuring 6 mm located in the sigmoid colon.
/workspace/igho/video_695_rango_30600_33840/frames_selected/frame_30918.png,This is a colonoscopy frame from a patient with a sessile adenoma polyp measuring 4 mm located in the sigmoid colon.
/workspace/igho/video_695_rango_30600_33840/frames_selected/frame_30919.png,This is a colonoscopy frame from a patient with a sessile adenoma polyp measuring 4 mm located in the sigmoid colon.
/workspace/igho/video_695_rango_30600_33840/frames_selected/frame_30920.png,This is a colonoscopy frame from a patient with a sessile adenoma polyp measuring 6 mm located in the sigmoid colon.
/workspace/igho/video_695_rango_30600_33840/frames_selected/frame_30921.png,This is a colonoscopy frame from a patient with a sessile adenoma polyp measuring 6 mm located in the sigmoid colon.
/workspace/igho/video_695_rango_30600_33840/frames_selected/frame_30922.png,This is a colonoscopy frame from a patient with a sessile adenoma polyp measuring 6 mm located in the sigmoid colon.
/workspace/igho/video_695_rango_30600_33840/frames_selected/frame_30923.png,This is a colonoscopy frame from a patient with a sessile adenoma polyp measuring 4 mm located in the sigmoid colon.
/workspace/igho/video_695_rango_30600_33840/frames_selected/frame_30924.png,This is a colonoscopy frame from a patient with a sessile adenoma polyp measuring 4 mm located in the sigmoid colon.
/workspace/igho/video_695_rango_30600_33840/frames_selected/frame_30925.png,This is a colonoscopy frame from a patient with a sessile adenoma polyp measuring 4 mm located in the sigmoid colon.
/workspace/igho/video_695_rango_30600_33840/frames_selected/frame_30926.png,This is a colonoscopy frame from a patient with a sessile adenoma polyp measuring 4 mm located in the sigmoid colon.
/workspace/igho/video_695_rango_30600_33840/frames_selected/frame_30927.png,This is a colonoscopy frame from a patient with a sessile adenoma polyp measuring 4 mm located in the sigmoid colon.
/workspace/igho/video_695_rango_30600_33840/frames_selected/frame_30928.png,This is a colonoscopy frame from a patient with a sessile adenoma polyp measuring 4 mm located in the sigmoid colon.
/workspace/igho/video_695_rango_30600_33840/frames_selected/frame_30929.png,This is a colonoscopy frame from a patient with a sessile adenoma polyp measuring 6 mm located in the sigmoid colon.
/workspace/igho/video_695_rango_30600_33840/frames_selected/frame_30930.png,This is a colonoscopy frame from a patient with a sessile adenoma polyp measuring 4 mm located in the sigmoid colon.
/workspace/igho/video_695_rango_30600_33840/frames_selected/frame_30931.png,This is a colonoscopy frame from a patient with a sessile adenoma polyp measuring 4 mm located in the sigmoid colon.
/workspace/igho/video_695_rango_30600_33840/frames_selected/frame_30932.png,This is a colonoscopy frame from a patient with a sessile adenoma polyp measuring 4 mm located in the sigmoid colon.
/workspace/igho/video_695_rango_30600_33840/frames_selected/frame_30933.png,This is a colonoscopy frame from a patient with no polyps.
/workspace/igho/video_695_rango_30600_33840/frames_selected/frame_30934.png,This is a colonoscopy frame from a patient with no polyps.
/workspace/igho/video_695_rango_30600_33840/frames_selected/frame_30935.png,This is a colonoscopy frame from a patient with a sessile adenoma polyp measuring 4 mm located in the sigmoid colon.
/workspace/igho/video_695_rango_30600_33840/frames_selected/frame_30936.png,This is a colonoscopy frame from a patient with a sessile adenoma polyp measuring 6 mm located in the sigmoid colon.
/workspace/igho/video_695_rango_30600_33840/frames_selected/frame_30937.png,This is a colonoscopy frame from a patient with a sessile adenoma polyp measuring 6 mm located in the sigmoid colon.
/workspace/igho/video_695_rango_30600_33840/frames_selected/frame_30938.png,This is a colonoscopy frame from a patient with a sessile adenoma polyp measuring 4 mm located in the sigmoid colon.
/workspace/igho/video_695_rango_30600_33840/frames_selected/frame_30939.png,This is a colonoscopy frame from a patient with a sessile adenoma polyp measuring 4 mm located in the sigmoid colon.
/workspace/igho/video_695_rango_30600_33840/frames_selected/frame_30940.png,This is a colonoscopy frame from a patient with a sessile adenoma polyp measuring 4 mm located in the sigmoid colon.
/workspace/igho/video_695_rango_30600_33840/frames_selected/frame_30941.png,This is a colonoscopy frame from a patient with no polyps.
/workspace/igho/video_695_rango_30600_33840/frames_selected/frame_30942.png,This is a colonoscopy frame from a patient with a sessile adenoma polyp measuring 6 mm located in the sigmoid colon.
/workspace/igho/video_695_rango_30600_33840/frames_selected/frame_30943.png,This is a colonoscopy frame from a patient with a sessile adenoma polyp measuring 6 mm located in the sigmoid colon.
/workspace/igho/video_695_rango_30600_33840/frames_selected/frame_30944.png,This is a colonoscopy frame from a patient with a sessile adenoma polyp measuring 6 mm located in the sigmoid colon.
/workspace/igho/video_695_rango_30600_33840/frames_selected/frame_30945.png,This is a colonoscopy frame from a patient with a sessile adenoma polyp measuring 4 mm located in the sigmoid colon.
/workspace/igho/video_695_rango_30600_33840/frames_selected/frame_30946.png,This is a colonoscopy frame from a patient with a sessile adenoma polyp measuring 4 mm located in the sigmoid colon.
/workspace/igho/video_695_rango_30600_33840/frames_selected/frame_30947.png,This is a colonoscopy frame from a patient with a sessile adenoma polyp measuring 4 mm located in the sigmoid colon.
/workspace/igho/video_695_rango_30600_33840/frames_selected/frame_30948.png,This is a colonoscopy frame from a patient with a sessile adenoma polyp measuring 4 mm located in the sigmoid colon.
/workspace/igho/video_695_rango_30600_33840/frames_selected/frame_30949.png,This is a colonoscopy frame from a patient with a sessile adenoma polyp measuring 4 mm located in the sigmoid colon.
/workspace/igho/video_695_rango_30600_33840/frames_selected/frame_30950.png,This is a colonoscopy frame from a patient with a sessile adenoma polyp measuring 6 mm located in the sigmoid colon.
/workspace/igho/video_695_rango_30600_33840/frames_selected/frame_30951.png,This is a colonoscopy frame from a patient with a sessile adenoma polyp measuring 4 mm located in the sigmoid colon.
/workspace/igho/video_695_rango_30600_33840/frames_selected/frame_30952.png,This is a colonoscopy frame from a patient with a sessile adenoma polyp measuring 4 mm located in the sigmoid colon.
/workspace/igho/video_695_rango_30600_33840/frames_selected/frame_30953.png,This is a colonoscopy frame from a patient with a sessile adenoma polyp measuring 4 mm located in the sigmoid colon.
/workspace/igho/video_695_rango_30600_33840/frames_selected/frame_30954.png,This is a colonoscopy frame from a patient with a sessile adenoma polyp measuring 4 mm located in the sigmoid colon.
/workspace/igho/video_695_rango_30600_33840/frames_selected/frame_30955.png,This is a colonoscopy frame from a patient with a sessile adenoma polyp measuring 4 mm located in the sigmoid colon.
/workspace/igho/video_695_rango_30600_33840/frames_selected/frame_30956.png,This is a colonoscopy frame from a patient with a sessile adenoma polyp measuring 4 mm located in the sigmoid colon.
/workspace/igho/video_695_rango_30600_33840/frames_selected/frame_30957.png,This is a colonoscopy frame from a patient with a sessile adenoma polyp measuring 4 mm located in the sigmoid colon.
/workspace/igho/video_695_rango_30600_33840/frames_selected/frame_30958.png,This is a colonoscopy frame from a patient with a sessile adenoma polyp measuring 4 mm located in the sigmoid colon.
/workspace/igho/video_695_rango_30600_33840/frames_selected/frame_30959.png,This is a colonoscopy frame from a patient with a sessile adenoma polyp measuring 4 mm located in the sigmoid colon.
/workspace/igho/video_695_rango_30600_33840/frames_selected/frame_30960.png,This is a colonoscopy frame from a patient with a sessile adenoma polyp measuring 4 mm located in the sigmoid colon.
/workspace/igho/video_695_rango_30600_33840/frames_selected/frame_30961.png,This is a colonoscopy frame from a patient with a sessile adenoma polyp measuring 4 mm located in the sigmoid colon.
/workspace/igho/video_695_rango_30600_33840/frames_selected/frame_30962.png,This is a colonoscopy frame from a patient with a sessile adenoma polyp measuring 4 mm located in the sigmoid colon.
/workspace/igho/video_695_rango_30600_33840/frames_selected/frame_30963.png,This is a colonoscopy frame from a patient with a sessile adenoma polyp measuring 6 mm located in the sigmoid colon.
/workspace/igho/video_695_rango_30600_33840/frames_selected/frame_30964.png,This is a colonoscopy frame from a patient with a sessile adenoma polyp measuring 6 mm located in the sigmoid colon.
/workspace/igho/video_695_rango_30600_33840/frames_selected/frame_30965.png,This is a colonoscopy frame from a patient with a sessile adenoma polyp measuring 4 mm located in the sigmoid colon.
/workspace/igho/video_695_rango_30600_33840/frames_selected/frame_30966.png,This is a colonoscopy frame from a patient with a sessile adenoma polyp measuring 6 mm located in the sigmoid colon.
/workspace/igho/video_695_rango_30600_33840/frames_selected/frame_30967.png,This is a colonoscopy frame from a patient with a sessile adenoma polyp measuring 6 mm located in the sigmoid colon.
/workspace/igho/video_695_rango_30600_33840/frames_selected/frame_30968.png,This is a colonoscopy frame from a patient with a sessile adenoma polyp measuring 4 mm located in the sigmoid colon.
/workspace/igho/video_695_rango_30600_33840/frames_selected/frame_30969.png,This is a colonoscopy frame from a patient with a sessile adenoma polyp measuring 6 mm located in the sigmoid colon.
/workspace/igho/video_695_rango_30600_33840/frames_selected/frame_30970.png,This is a colonoscopy frame from a patient with a sessile adenoma polyp measuring 6 mm located in the sigmoid colon.
/workspace/igho/video_695_rango_30600_33840/frames_selected/frame_30971.png,This is a colonoscopy frame from a patient with a sessile adenoma polyp measuring 6 mm located in the sigmoid colon.
/workspace/igho/video_695_rango_30600_33840/frames_selected/frame_30972.png,This is a colonoscopy frame from a patient with a sessile adenoma polyp measuring 6 mm located in the sigmoid colon.
/workspace/igho/video_695_rango_30600_33840/frames_selected/frame_30973.png,This is a colonoscopy frame from a patient with a sessile adenoma polyp measuring 6 mm located in the sigmoid colon.
/workspace/igho/video_695_rango_30600_33840/frames_selected/frame_30974.png,This is a colonoscopy frame from a patient with a sessile adenoma polyp measuring 6 mm located in the sigmoid colon.
/workspace/igho/video_695_rango_30600_33840/frames_selected/frame_30975.png,This is a colonoscopy frame from a patient with a sessile adenoma polyp measuring 6 mm located in the sigmoid colon.
/workspace/igho/video_695_rango_30600_33840/frames_selected/frame_30976.png,This is a colonoscopy frame from a patient with a sessile adenoma polyp measuring 6 mm located in the sigmoid colon.
/workspace/igho/video_695_rango_30600_33840/frames_selected/frame_30977.png,This is a colonoscopy frame from a patient with a sessile adenoma polyp measuring 6 mm located in the sigmoid colon.
/workspace/igho/video_695_rango_30600_33840/frames_selected/frame_30978.png,This is a colonoscopy frame from a patient with a sessile adenoma polyp measuring 6 mm located in the sigmoid colon.
/workspace/igho/video_695_rango_30600_33840/frames_selected/frame_30979.png,This is a colonoscopy frame from a patient with a sessile adenoma polyp measuring 6 mm located in the sigmoid colon.
/workspace/igho/video_695_rango_30600_33840/frames_selected/frame_30980.png,This is a colonoscopy frame from a patient with a sessile adenoma polyp measuring 6 mm located in the sigmoid colon.
/workspace/igho/video_695_rango_30600_33840/frames_selected/frame_30981.png,This is a colonoscopy frame from a patient with a sessile adenoma polyp measuring 6 mm located in the sigmoid colon.
/workspace/igho/video_695_rango_30600_33840/frames_selected/frame_30982.png,This is a colonoscopy frame from a patient with a sessile adenoma polyp measuring 6 mm located in the sigmoid colon.
/workspace/igho/video_695_rango_30600_33840/frames_selected/frame_30983.png,This is a colonoscopy frame from a patient with a sessile adenoma polyp measuring 6 mm located in the sigmoid colon.
/workspace/igho/video_695_rango_30600_33840/frames_selected/frame_30984.png,This is a colonoscopy frame from a patient with a sessile adenoma polyp measuring 6 mm located in the sigmoid colon.
/workspace/igho/video_695_rango_30600_33840/frames_selected/frame_30985.png,This is a colonoscopy frame from a patient with a sessile adenoma polyp measuring 6 mm located in the sigmoid colon.
/workspace/igho/video_695_rango_30600_33840/frames_selected/frame_30986.png,This is a colonoscopy frame from a patient with a sessile adenoma polyp measuring 6 mm located in the sigmoid colon.
/workspace/igho/video_695_rango_30600_33840/frames_selected/frame_30987.png,This is a colonoscopy frame from a patient with a sessile adenoma polyp measuring 6 mm located in the sigmoid colon.
/workspace/igho/video_695_rango_30600_33840/frames_selected/frame_30988.png,This is a colonoscopy frame from a patient with a sessile adenoma polyp measuring 6 mm located in the sigmoid colon.
/workspace/igho/video_695_rango_30600_33840/frames_selected/frame_30989.png,This is a colonoscopy frame from a patient with a sessile adenoma polyp measuring 6 mm located in the sigmoid colon.
/workspace/igho/video_695_rango_30600_33840/frames_selected/frame_30990.png,This is a colonoscopy frame from a patient with a sessile adenoma polyp measuring 6 mm located in the sigmoid colon.
/workspace/igho/video_695_rango_30600_33840/frames_selected/frame_30991.png,This is a colonoscopy frame from a patient with a sessile adenoma polyp measuring 6 mm located in the sigmoid colon.
/workspace/igho/video_695_rango_30600_33840/frames_selected/frame_30992.png,This is a colonoscopy frame from a patient with a sessile adenoma polyp measuring 6 mm located in the sigmoid colon.
/workspace/igho/video_695_rango_30600_33840/frames_selected/frame_30993.png,This is a colonoscopy frame from a patient with no polyps.
/workspace/igho/video_695_rango_30600_33840/frames_selected/frame_30994.png,This is a colonoscopy frame from a patient with no polyps.
/workspace/igho/video_695_rango_30600_33840/frames_selected/frame_30995.png,This is a colonoscopy frame from a patient with a sessile adenoma polyp measuring 6 mm located in the sigmoid colon.
/workspace/igho/video_695_rango_30600_33840/frames_selected/frame_30996.png,This is a colonoscopy frame from a patient with a sessile adenoma polyp measuring 4 mm located in the sigmoid colon.
/workspace/igho/video_695_rango_30600_33840/frames_selected/frame_30997.png,This is a colonoscopy frame from a patient with a sessile adenoma polyp measuring 4 mm located in the sigmoid colon.
/workspace/igho/video_695_rango_30600_33840/frames_selected/frame_30998.png,This is a colonoscopy frame from a patient with a sessile adenoma polyp measuring 6 mm located in the sigmoid colon.
/workspace/igho/video_695_rango_30600_33840/frames_selected/frame_30999.png,This is a colonoscopy frame from a patient with a sessile adenoma polyp measuring 4 mm located in the sigmoid colon.
/workspace/igho/video_695_rango_30600_33840/frames_selected/frame_31000.png,This is a colonoscopy frame from a patient with a sessile adenoma polyp measuring 4 mm located in the sigmoid colon.
/workspace/igho/video_695_rango_30600_33840/frames_selected/frame_31001.png,This is a colonoscopy frame from a patient with no polyps.
/workspace/igho/video_695_rango_30600_33840/frames_selected/frame_31002.png,This is a colonoscopy frame from a patient with a sessile adenoma polyp measuring 4 mm located in the sigmoid colon.
/workspace/igho/video_695_rango_30600_33840/frames_selected/frame_31003.png,This is a colonoscopy frame from a patient with a sessile adenoma polyp measuring 4 mm located in the sigmoid colon.
/workspace/igho/video_695_rango_30600_33840/frames_selected/frame_31004.png,This is a colonoscopy frame from a patient with a sessile adenoma polyp measuring 4 mm located in the sigmoid colon.
/workspace/igho/video_695_rango_30600_33840/frames_selected/frame_31005.png,This is a colonoscopy frame from a patient with a sessile adenoma polyp measuring 4 mm located in the sigmoid colon.
/workspace/igho/video_695_rango_30600_33840/frames_selected/frame_31006.png,This is a colonoscopy frame from a patient with a sessile adenoma polyp measuring 4 mm located in the sigmoid colon.
/workspace/igho/video_695_rango_30600_33840/frames_selected/frame_31007.png,This is a colonoscopy frame from a patient with a sessile adenoma polyp measuring 4 mm located in the sigmoid colon.
/workspace/igho/video_695_rango_30600_33840/frames_selected/frame_31008.png,This is a colonoscopy frame from a patient with a sessile adenoma polyp measuring 4 mm located in the sigmoid colon.
/workspace/igho/video_695_rango_30600_33840/frames_selected/frame_31009.png,This is a colonoscopy frame from a patient with a sessile adenoma polyp measuring 4 mm located in the sigmoid colon.
/workspace/igho/video_695_rango_30600_33840/frames_selected/frame_31010.png,This is a colonoscopy frame from a patient with a sessile adenoma polyp measuring 4 mm located in the sigmoid colon.
/workspace/igho/video_695_rango_30600_33840/frames_selected/frame_31011.png,This is a colonoscopy frame from a patient with a sessile adenoma polyp measuring 4 mm located in the sigmoid colon.
/workspace/igho/video_695_rango_30600_33840/frames_selected/frame_31012.png,This is a colonoscopy frame from a patient with a sessile adenoma polyp measuring 4 mm located in the sigmoid colon.
/workspace/igho/video_695_rango_30600_33840/frames_selected/frame_31013.png,This is a colonoscopy frame from a patient with a sessile adenoma polyp measuring 4 mm located in the sigmoid colon.
/workspace/igho/video_695_rango_30600_33840/frames_selected/frame_31014.png,This is a colonoscopy frame from a patient with a sessile adenoma polyp measuring 4 mm located in the sigmoid colon.
/workspace/igho/video_695_rango_30600_33840/frames_selected/frame_31015.png,This is a colonoscopy frame from a patient with a sessile adenoma polyp measuring 4 mm located in the sigmoid colon.
/workspace/igho/video_695_rango_30600_33840/frames_selected/frame_31016.png,This is a colonoscopy frame from a patient with a sessile adenoma polyp measuring 4 mm located in the sigmoid colon.
/workspace/igho/video_695_rango_30600_33840/frames_selected/frame_31017.png,This is a colonoscopy frame from a patient with a sessile adenoma polyp measuring 4 mm located in the sigmoid colon.
/workspace/igho/video_695_rango_30600_33840/frames_selected/frame_31018.png,This is a colonoscopy frame from a patient with a sessile adenoma polyp measuring 4 mm located in the sigmoid colon.
/workspace/igho/video_695_rango_30600_33840/frames_selected/frame_31019.png,This is a colonoscopy frame from a patient with a sessile adenoma polyp measuring 4 mm located in the sigmoid colon.
/workspace/igho/video_695_rango_30600_33840/frames_selected/frame_31020.png,This is a colonoscopy frame from a patient with a sessile adenoma polyp measuring 4 mm located in the sigmoid colon.
/workspace/igho/video_695_rango_30600_33840/frames_selected/frame_31021.png,This is a colonoscopy frame from a patient with a sessile adenoma polyp measuring 4 mm located in the sigmoid colon.
/workspace/igho/video_695_rango_30600_33840/frames_selected/frame_31022.png,This is a colonoscopy frame from a patient with a sessile adenoma polyp measuring 4 mm located in the sigmoid colon.
/workspace/igho/video_695_rango_30600_33840/frames_selected/frame_31023.png,This is a colonoscopy frame from a patient with a sessile adenoma polyp measuring 4 mm located in the sigmoid colon.
/workspace/igho/video_695_rango_30600_33840/frames_selected/frame_31024.png,This is a colonoscopy frame from a patient with a sessile adenoma polyp measuring 4 mm located in the sigmoid colon.
/workspace/igho/video_695_rango_30600_33840/frames_selected/frame_31025.png,This is a colonoscopy frame from a patient with a sessile adenoma polyp measuring 4 mm located in the sigmoid colon.
/workspace/igho/video_695_rango_30600_33840/frames_selected/frame_31026.png,This is a colonoscopy frame from a patient with a sessile adenoma polyp measuring 4 mm located in the sigmoid colon.
/workspace/igho/video_695_rango_30600_33840/frames_selected/frame_31027.png,This is a colonoscopy frame from a patient with a sessile adenoma polyp measuring 4 mm located in the sigmoid colon.
/workspace/igho/video_695_rango_30600_33840/frames_selected/frame_31028.png,This is a colonoscopy frame from a patient with a sessile adenoma polyp measuring 4 mm located in the sigmoid colon.
/workspace/igho/video_695_rango_30600_33840/frames_selected/frame_31029.png,This is a colonoscopy frame from a patient with no polyps.
/workspace/igho/video_695_rango_30600_33840/frames_selected/frame_31030.png,This is a colonoscopy frame from a patient with no polyps.
/workspace/igho/video_695_rango_30600_33840/frames_selected/frame_31031.png,This is a colonoscopy frame from a patient with a sessile adenoma polyp measuring 4 mm located in the sigmoid colon.
/workspace/igho/video_695_rango_30600_33840/frames_selected/frame_31032.png,This is a colonoscopy frame from a patient with no polyps.
/workspace/igho/video_695_rango_30600_33840/frames_selected/frame_31033.png,This is a colonoscopy frame from a patient with no polyps.
/workspace/igho/video_695_rango_30600_33840/frames_selected/frame_31034.png,This is a colonoscopy frame from a patient with a sessile adenoma polyp measuring 4 mm located in the sigmoid colon.
/workspace/igho/video_695_rango_30600_33840/frames_selected/frame_31035.png,This is a colonoscopy frame from a patient with a sessile hyperplastic polyp measuring 4 mm located in the sigmoid colon.
/workspace/igho/video_695_rango_30600_33840/frames_selected/frame_31036.png,This is a colonoscopy frame from a patient with a sessile hyperplastic polyp measuring 4 mm located in the sigmoid colon.
/workspace/igho/video_695_rango_30600_33840/frames_selected/frame_31037.png,This is a colonoscopy frame from a patient with no polyps.
/workspace/igho/video_695_rango_30600_33840/frames_selected/frame_31038.png,This is a colonoscopy frame from a patient with no polyps.
/workspace/igho/video_695_rango_30600_33840/frames_selected/frame_31039.png,This is a colonoscopy frame from a patient with no polyps.
/workspace/igho/video_695_rango_30600_33840/frames_selected/frame_31040.png,This is a colonoscopy frame from a patient with no polyps.
/workspace/igho/video_695_rango_30600_33840/frames_selected/frame_31041.png,This is a colonoscopy frame from a patient with no polyps.
/workspace/igho/video_695_rango_30600_33840/frames_selected/frame_31042.png,This is a colonoscopy frame from a patient with no polyps.
/workspace/igho/video_695_rango_30600_33840/frames_selected/frame_31043.png,This is a colonoscopy frame from a patient with a sessile hyperplastic polyp measuring 4 mm located in the sigmoid colon.
/workspace/igho/video_695_rango_30600_33840/frames_selected/frame_31044.png,This is a colonoscopy frame from a patient with no polyps.
/workspace/igho/video_695_rango_30600_33840/frames_selected/frame_31045.png,This is a colonoscopy frame from a patient with no polyps.
/workspace/igho/video_695_rango_30600_33840/frames_selected/frame_31046.png,This is a colonoscopy frame from a patient with no polyps.
/workspace/igho/video_695_rango_30600_33840/frames_selected/frame_31047.png,This is a colonoscopy frame from a patient with no polyps.
/workspace/igho/video_695_rango_30600_33840/frames_selected/frame_31048.png,This is a colonoscopy frame from a patient with no polyps.
/workspace/igho/video_695_rango_30600_33840/frames_selected/frame_31049.png,This is a colonoscopy frame from a patient with no polyps.
/workspace/igho/video_695_rango_30600_33840/frames_selected/frame_31050.png,This is a colonoscopy frame from a patient with no polyps.
/workspace/igho/video_695_rango_30600_33840/frames_selected/frame_31051.png,This is a colonoscopy frame from a patient with no polyps.
/workspace/igho/video_695_rango_30600_33840/frames_selected/frame_31052.png,This is a colonoscopy frame from a patient with no polyps.
/workspace/igho/video_695_rango_30600_33840/frames_selected/frame_31053.png,This is a colonoscopy frame from a patient with no polyps.
/workspace/igho/video_695_rango_30600_33840/frames_selected/frame_31054.png,This is a colonoscopy frame from a patient with no polyps.
/workspace/igho/video_695_rango_30600_33840/frames_selected/frame_31055.png,This is a colonoscopy frame from a patient with no polyps.
/workspace/igho/video_695_rango_30600_33840/frames_selected/frame_31056.png,This is a colonoscopy frame from a patient with no polyps.
/workspace/igho/video_695_rango_30600_33840/frames_selected/frame_31057.png,This is a colonoscopy frame from a patient with no polyps.
/workspace/igho/video_695_rango_30600_33840/frames_selected/frame_31058.png,This is a colonoscopy frame from a patient with no polyps.
/workspace/igho/video_695_rango_30600_33840/frames_selected/frame_31059.png,This is a colonoscopy frame from a patient with a sessile hyperplastic polyp measuring 4 mm located in the rectum.
/workspace/igho/video_695_rango_30600_33840/frames_selected/frame_31060.png,This is a colonoscopy frame from a patient with a sessile hyperplastic polyp measuring 4 mm located in the rectum.
/workspace/igho/video_695_rango_30600_33840/frames_selected/frame_31061.png,This is a colonoscopy frame from a patient with no polyps.
/workspace/igho/video_695_rango_30600_33840/frames_selected/frame_31062.png,This is a colonoscopy frame from a patient with a flat elevated mucosal adenoma polyp measuring 3 mm located in the rectum.
/workspace/igho/video_695_rango_30600_33840/frames_selected/frame_31063.png,This is a colonoscopy frame from a patient with a flat elevated mucosal adenoma polyp measuring 3 mm located in the rectum.
/workspace/igho/video_695_rango_30600_33840/frames_selected/frame_31064.png,This is a colonoscopy frame from a patient with no polyps.
/workspace/igho/video_695_rango_30600_33840/frames_selected/frame_31065.png,This is a colonoscopy frame from a patient with no polyps.
/workspace/igho/video_695_rango_30600_33840/frames_selected/frame_31066.png,This is a colonoscopy frame from a patient with no polyps.
/workspace/igho/video_695_rango_30600_33840/frames_selected/frame_31067.png,This is a colonoscopy frame from a patient with a sessile hyperplastic polyp measuring 4 mm located in the rectum.
/workspace/igho/video_695_rango_30600_33840/frames_selected/frame_31068.png,This is a colonoscopy frame from a patient with a flat elevated mucosal adenoma polyp measuring 3 mm located in the sigmoid colon.
/workspace/igho/video_695_rango_30600_33840/frames_selected/frame_31069.png,This is a colonoscopy frame from a patient with a flat elevated mucosal adenoma polyp measuring 3 mm located in the sigmoid colon.
/workspace/igho/video_695_rango_30600_33840/frames_selected/frame_31070.png,This is a colonoscopy frame from a patient with a flat elevated mucosal adenoma polyp measuring 3 mm located in the rectum.
/workspace/igho/video_695_rango_30600_33840/frames_selected/frame_31071.png,This is a colonoscopy frame from a patient with no polyps.
/workspace/igho/video_695_rango_30600_33840/frames_selected/frame_31072.png,This is a colonoscopy frame from a patient with no polyps.
/workspace/igho/video_695_rango_30600_33840/frames_selected/frame_31073.png,This is a colonoscopy frame from a patient with no polyps.
/workspace/igho/video_695_rango_30600_33840/frames_selected/frame_31074.png,This is a colonoscopy frame from a patient with no polyps.
/workspace/igho/video_695_rango_30600_33840/frames_selected/frame_31075.png,This is a colonoscopy frame from a patient with no polyps.
/workspace/igho/video_695_rango_30600_33840/frames_selected/frame_31076.png,This is a colonoscopy frame from a patient with a flat elevated mucosal adenoma polyp measuring 3 mm located in the sigmoid colon.
/workspace/igho/video_695_rango_30600_33840/frames_selected/frame_31077.png,This is a colonoscopy frame from a patient with no polyps.
/workspace/igho/video_695_rango_30600_33840/frames_selected/frame_31078.png,This is a colonoscopy frame from a patient with no polyps.
/workspace/igho/video_695_rango_30600_33840/frames_selected/frame_31079.png,This is a colonoscopy frame from a patient with no polyps.
/workspace/igho/video_695_rango_30600_33840/frames_selected/frame_31080.png,This is a colonoscopy frame from a patient with no polyps.
/workspace/igho/video_695_rango_30600_33840/frames_selected/frame_31081.png,This is a colonoscopy frame from a patient with no polyps.
/workspace/igho/video_695_rango_30600_33840/frames_selected/frame_31082.png,This is a colonoscopy frame from a patient with no polyps.
/workspace/igho/video_695_rango_30600_33840/frames_selected/frame_31083.png,This is a colonoscopy frame from a patient with no polyps.
/workspace/igho/video_695_rango_30600_33840/frames_selected/frame_31084.png,This is a colonoscopy frame from a patient with no polyps.
/workspace/igho/video_695_rango_30600_33840/frames_selected/frame_31085.png,This is a colonoscopy frame from a patient with no polyps.
/workspace/igho/video_695_rango_30600_33840/frames_selected/frame_31086.png,This is a colonoscopy frame from a patient with no polyps.
/workspace/igho/video_695_rango_30600_33840/frames_selected/frame_31087.png,This is a colonoscopy frame from a patient with no polyps.
/workspace/igho/video_695_rango_30600_33840/frames_selected/frame_31088.png,This is a colonoscopy frame from a patient with no polyps.
/workspace/igho/video_695_rango_30600_33840/frames_selected/frame_31089.png,This is a colonoscopy frame from a patient with no polyps.
/workspace/igho/video_695_rango_30600_33840/frames_selected/frame_31090.png,This is a colonoscopy frame from a patient with no polyps.
/workspace/igho/video_695_rango_30600_33840/frames_selected/frame_31091.png,This is a colonoscopy frame from a patient with no polyps.
/workspace/igho/video_695_rango_30600_33840/frames_selected/frame_31092.png,This is a colonoscopy frame from a patient with no polyps.
/workspace/igho/video_695_rango_30600_33840/frames_selected/frame_31093.png,This is a colonoscopy frame from a patient with no polyps.
/workspace/igho/video_695_rango_30600_33840/frames_selected/frame_31094.png,This is a colonoscopy frame from a patient with no polyps.
/workspace/igho/video_695_rango_30600_33840/frames_selected/frame_31095.png,This is a colonoscopy frame from a patient with no polyps.
/workspace/igho/video_695_rango_30600_33840/frames_selected/frame_31096.png,This is a colonoscopy frame from a patient with no polyps.
/workspace/igho/video_695_rango_30600_33840/frames_selected/frame_31097.png,This is a colonoscopy frame from a patient with no polyps.
/workspace/igho/video_695_rango_30600_33840/frames_selected/frame_31098.png,This is a colonoscopy frame from a patient with no polyps.
/workspace/igho/video_695_rango_30600_33840/frames_selected/frame_31099.png,This is a colonoscopy frame from a patient with no polyps.
/workspace/igho/video_695_rango_30600_33840/frames_selected/frame_31100.png,This is a colonoscopy frame from a patient with no polyps.
/workspace/igho/video_695_rango_30600_33840/frames_selected/frame_31101.png,This is a colonoscopy frame from a patient with no polyps.
/workspace/igho/video_695_rango_30600_33840/frames_selected/frame_31102.png,This is a colonoscopy frame from a patient with no polyps.
/workspace/igho/video_695_rango_30600_33840/frames_selected/frame_31103.png,This is a colonoscopy frame from a patient with no polyps.
/workspace/igho/video_695_rango_30600_33840/frames_selected/frame_31104.png,This is a colonoscopy frame from a patient with no polyps.
/workspace/igho/video_695_rango_30600_33840/frames_selected/frame_31105.png,This is a colonoscopy frame from a patient with no polyps.
/workspace/igho/video_695_rango_30600_33840/frames_selected/frame_31106.png,This is a colonoscopy frame from a patient with no polyps.
/workspace/igho/video_695_rango_30600_33840/frames_selected/frame_31107.png,This is a colonoscopy frame from a patient with no polyps.
/workspace/igho/video_695_rango_30600_33840/frames_selected/frame_31108.png,This is a colonoscopy frame from a patient with no polyps.
/workspace/igho/video_695_rango_30600_33840/frames_selected/frame_31109.png,This is a colonoscopy frame from a patient with no polyps.
/workspace/igho/video_695_rango_30600_33840/frames_selected/frame_31110.png,This is a colonoscopy frame from a patient with no polyps.
/workspace/igho/video_695_rango_30600_33840/frames_selected/frame_31111.png,This is a colonoscopy frame from a patient with no polyps.
/workspace/igho/video_695_rango_30600_33840/frames_selected/frame_31112.png,This is a colonoscopy frame from a patient with no polyps.
/workspace/igho/video_695_rango_30600_33840/frames_selected/frame_31113.png,This is a colonoscopy frame from a patient with no polyps.
/workspace/igho/video_695_rango_30600_33840/frames_selected/frame_31114.png,This is a colonoscopy frame from a patient with no polyps.
/workspace/igho/video_695_rango_30600_33840/frames_selected/frame_31115.png,This is a colonoscopy frame from a patient with no polyps.
/workspace/igho/video_695_rango_30600_33840/frames_selected/frame_31116.png,This is a colonoscopy frame from a patient with no polyps.
/workspace/igho/video_695_rango_30600_33840/frames_selected/frame_31117.png,This is a colonoscopy frame from a patient with no polyps.
/workspace/igho/video_695_rango_30600_33840/frames_selected/frame_31118.png,This is a colonoscopy frame from a patient with no polyps.
/workspace/igho/video_695_rango_30600_33840/frames_selected/frame_31119.png,This is a colonoscopy frame from a patient with no polyps.
/workspace/igho/video_695_rango_30600_33840/frames_selected/frame_31120.png,This is a colonoscopy frame from a patient with no polyps.
/workspace/igho/video_695_rango_30600_33840/frames_selected/frame_31121.png,This is a colonoscopy frame from a patient with no polyps.
/workspace/igho/video_695_rango_30600_33840/frames_selected/frame_31122.png,This is a colonoscopy frame from a patient with a sessile adenoma polyp measuring 4 mm located in the sigmoid colon.
/workspace/igho/video_695_rango_30600_33840/frames_selected/frame_31123.png,This is a colonoscopy frame from a patient with a sessile adenoma polyp measuring 4 mm located in the sigmoid colon.
/workspace/igho/video_695_rango_30600_33840/frames_selected/frame_31124.png,This is a colonoscopy frame from a patient with no polyps.
/workspace/igho/video_695_rango_30600_33840/frames_selected/frame_31125.png,This is a colonoscopy frame from a patient with a sessile adenoma polyp measuring 4 mm located in the sigmoid colon.
/workspace/igho/video_695_rango_30600_33840/frames_selected/frame_31126.png,This is a colonoscopy frame from a patient with a sessile adenoma polyp measuring 4 mm located in the sigmoid colon.
/workspace/igho/video_695_rango_30600_33840/frames_selected/frame_31127.png,This is a colonoscopy frame from a patient with no polyps.
/workspace/igho/video_695_rango_30600_33840/frames_selected/frame_31128.png,This is a colonoscopy frame from a patient with no polyps.
/workspace/igho/video_695_rango_30600_33840/frames_selected/frame_31129.png,This is a colonoscopy frame from a patient with no polyps.
/workspace/igho/video_695_rango_30600_33840/frames_selected/frame_31130.png,This is a colonoscopy frame from a patient with a sessile adenoma polyp measuring 4 mm located in the sigmoid colon.
/workspace/igho/video_695_rango_30600_33840/frames_selected/frame_31131.png,This is a colonoscopy frame from a patient with no polyps.
/workspace/igho/video_695_rango_30600_33840/frames_selected/frame_31132.png,This is a colonoscopy frame from a patient with no polyps.
/workspace/igho/video_695_rango_30600_33840/frames_selected/frame_31133.png,This is a colonoscopy frame from a patient with a sessile adenoma polyp measuring 4 mm located in the sigmoid colon.
/workspace/igho/video_695_rango_30600_33840/frames_selected/frame_31134.png,This is a colonoscopy frame from a patient with no polyps.
/workspace/igho/video_695_rango_30600_33840/frames_selected/frame_31135.png,This is a colonoscopy frame from a patient with no polyps.
/workspace/igho/video_695_rango_30600_33840/frames_selected/frame_31136.png,This is a colonoscopy frame from a patient with no polyps.
/workspace/igho/video_695_rango_30600_33840/frames_selected/frame_31137.png,This is a colonoscopy frame from a patient with no polyps.
/workspace/igho/video_695_rango_30600_33840/frames_selected/frame_31138.png,This is a colonoscopy frame from a patient with no polyps.
/workspace/igho/video_695_rango_30600_33840/frames_selected/frame_31139.png,This is a colonoscopy frame from a patient with no polyps.
/workspace/igho/video_695_rango_30600_33840/frames_selected/frame_31140.png,This is a colonoscopy frame from a patient with no polyps.
/workspace/igho/video_695_rango_30600_33840/frames_selected/frame_31141.png,This is a colonoscopy frame from a patient with no polyps.
/workspace/igho/video_695_rango_30600_33840/frames_selected/frame_31142.png,This is a colonoscopy frame from a patient with no polyps.
/workspace/igho/video_695_rango_30600_33840/frames_selected/frame_31143.png,This is a colonoscopy frame from a patient with no polyps.
/workspace/igho/video_695_rango_30600_33840/frames_selected/frame_31144.png,This is a colonoscopy frame from a patient with no polyps.
/workspace/igho/video_695_rango_30600_33840/frames_selected/frame_31145.png,This is a colonoscopy frame from a patient with no polyps.
/workspace/igho/video_695_rango_30600_33840/frames_selected/frame_31146.png,This is a colonoscopy frame from a patient with no polyps.
/workspace/igho/video_695_rango_30600_33840/frames_selected/frame_31147.png,This is a colonoscopy frame from a patient with no polyps.
/workspace/igho/video_695_rango_30600_33840/frames_selected/frame_31148.png,This is a colonoscopy frame from a patient with no polyps.
/workspace/igho/video_695_rango_30600_33840/frames_selected/frame_31149.png,This is a colonoscopy frame from a patient with no polyps.
/workspace/igho/video_695_rango_30600_33840/frames_selected/frame_31150.png,This is a colonoscopy frame from a patient with no polyps.
/workspace/igho/video_695_rango_30600_33840/frames_selected/frame_31151.png,This is a colonoscopy frame from a patient with no polyps.
/workspace/igho/video_695_rango_30600_33840/frames_selected/frame_31152.png,This is a colonoscopy frame from a patient with no polyps.
/workspace/igho/video_695_rango_30600_33840/frames_selected/frame_31153.png,This is a colonoscopy frame from a patient with no polyps.
/workspace/igho/video_695_rango_30600_33840/frames_selected/frame_31154.png,This is a colonoscopy frame from a patient with no polyps.
/workspace/igho/video_695_rango_30600_33840/frames_selected/frame_31155.png,This is a colonoscopy frame from a patient with no polyps.
/workspace/igho/video_695_rango_30600_33840/frames_selected/frame_31156.png,This is a colonoscopy frame from a patient with no polyps.
/workspace/igho/video_695_rango_30600_33840/frames_selected/frame_31157.png,This is a colonoscopy frame from a patient with no polyps.
/workspace/igho/video_695_rango_30600_33840/frames_selected/frame_31158.png,This is a colonoscopy frame from a patient with no polyps.
/workspace/igho/video_695_rango_30600_33840/frames_selected/frame_31159.png,This is a colonoscopy frame from a patient with no polyps.
/workspace/igho/video_695_rango_30600_33840/frames_selected/frame_31160.png,This is a colonoscopy frame from a patient with no polyps.
/workspace/igho/video_695_rango_30600_33840/frames_selected/frame_31161.png,This is a colonoscopy frame from a patient with no polyps.
/workspace/igho/video_695_rango_30600_33840/frames_selected/frame_31162.png,This is a colonoscopy frame from a patient with no polyps.
/workspace/igho/video_695_rango_30600_33840/frames_selected/frame_31163.png,This is a colonoscopy frame from a patient with no polyps.
/workspace/igho/video_695_rango_30600_33840/frames_selected/frame_31164.png,This is a colonoscopy frame from a patient with no polyps.
/workspace/igho/video_695_rango_30600_33840/frames_selected/frame_31165.png,This is a colonoscopy frame from a patient with no polyps.
/workspace/igho/video_695_rango_30600_33840/frames_selected/frame_31166.png,This is a colonoscopy frame from a patient with no polyps.
/workspace/igho/video_695_rango_30600_33840/frames_selected/frame_31167.png,This is a colonoscopy frame from a patient with no polyps.
/workspace/igho/video_695_rango_30600_33840/frames_selected/frame_31168.png,This is a colonoscopy frame from a patient with no polyps.
/workspace/igho/video_695_rango_30600_33840/frames_selected/frame_31169.png,This is a colonoscopy frame from a patient with no polyps.
/workspace/igho/video_695_rango_30600_33840/frames_selected/frame_31170.png,This is a colonoscopy frame from a patient with no polyps.
/workspace/igho/video_695_rango_30600_33840/frames_selected/frame_31171.png,This is a colonoscopy frame from a patient with no polyps.
/workspace/igho/video_695_rango_30600_33840/frames_selected/frame_31172.png,This is a colonoscopy frame from a patient with no polyps.
/workspace/igho/video_695_rango_30600_33840/frames_selected/frame_31173.png,This is a colonoscopy frame from a patient with no polyps.
/workspace/igho/video_695_rango_30600_33840/frames_selected/frame_31174.png,This is a colonoscopy frame from a patient with no polyps.
/workspace/igho/video_695_rango_30600_33840/frames_selected/frame_31175.png,This is a colonoscopy frame from a patient with no polyps.
/workspace/igho/video_695_rango_30600_33840/frames_selected/frame_31176.png,This is a colonoscopy frame from a patient with no polyps.
/workspace/igho/video_695_rango_30600_33840/frames_selected/frame_31177.png,This is a colonoscopy frame from a patient with no polyps.
/workspace/igho/video_695_rango_30600_33840/frames_selected/frame_31178.png,This is a colonoscopy frame from a patient with no polyps.
/workspace/igho/video_695_rango_30600_33840/frames_selected/frame_31179.png,This is a colonoscopy frame from a patient with no polyps.
/workspace/igho/video_695_rango_30600_33840/frames_selected/frame_31180.png,This is a colonoscopy frame from a patient with no polyps.
/workspace/igho/video_695_rango_30600_33840/frames_selected/frame_31181.png,This is a colonoscopy frame from a patient with no polyps.
/workspace/igho/video_695_rango_30600_33840/frames_selected/frame_31182.png,This is a colonoscopy frame from a patient with no polyps.
/workspace/igho/video_695_rango_30600_33840/frames_selected/frame_31183.png,This is a colonoscopy frame from a patient with no polyps.
/workspace/igho/video_695_rango_30600_33840/frames_selected/frame_31184.png,This is a colonoscopy frame from a patient with no polyps.
/workspace/igho/video_695_rango_30600_33840/frames_selected/frame_31185.png,This is a colonoscopy frame from a patient with a sessile hyperplastic polyp measuring 5 mm located in the ascending colon.
/workspace/igho/video_695_rango_30600_33840/frames_selected/frame_31186.png,This is a colonoscopy frame from a patient with a sessile hyperplastic polyp measuring 5 mm located in the ascending colon.
/workspace/igho/video_695_rango_30600_33840/frames_selected/frame_31187.png,This is a colonoscopy frame from a patient with no polyps.
/workspace/igho/video_695_rango_30600_33840/frames_selected/frame_31188.png,This is a colonoscopy frame from a patient with a flat elevated mucosal adenoma polyp measuring 3 mm located in the sigmoid colon.
/workspace/igho/video_695_rango_30600_33840/frames_selected/frame_31189.png,This is a colonoscopy frame from a patient with a flat elevated mucosal adenoma polyp measuring 3 mm located in the sigmoid colon.
/workspace/igho/video_695_rango_30600_33840/frames_selected/frame_31190.png,This is a colonoscopy frame from a patient with no polyps.
/workspace/igho/video_695_rango_30600_33840/frames_selected/frame_31191.png,This is a colonoscopy frame from a patient with a sessile hyperplastic polyp measuring 5 mm located in the ascending colon.
/workspace/igho/video_695_rango_30600_33840/frames_selected/frame_31192.png,This is a colonoscopy frame from a patient with a sessile hyperplastic polyp measuring 5 mm located in the ascending colon.
/workspace/igho/video_695_rango_30600_33840/frames_selected/frame_31193.png,This is a colonoscopy frame from a patient with a sessile hyperplastic polyp measuring 5 mm located in the ascending colon.
/workspace/igho/video_695_rango_30600_33840/frames_selected/frame_31194.png,This is a colonoscopy frame from a patient with no polyps.
/workspace/igho/video_695_rango_30600_33840/frames_selected/frame_31195.png,This is a colonoscopy frame from a patient with no polyps.
/workspace/igho/video_695_rango_30600_33840/frames_selected/frame_31196.png,This is a colonoscopy frame from a patient with a flat elevated mucosal adenoma polyp measuring 3 mm located in the sigmoid colon.
/workspace/igho/video_695_rango_30600_33840/frames_selected/frame_31197.png,This is a colonoscopy frame from a patient with no polyps.
/workspace/igho/video_695_rango_30600_33840/frames_selected/frame_31198.png,This is a colonoscopy frame from a patient with no polyps.
/workspace/igho/video_695_rango_30600_33840/frames_selected/frame_31199.png,This is a colonoscopy frame from a patient with a sessile hyperplastic polyp measuring 5 mm located in the ascending colon.
/workspace/igho/video_695_rango_30600_33840/frames_selected/frame_31200.png,This is a colonoscopy frame from a patient with no polyps.
/workspace/igho/video_695_rango_30600_33840/frames_selected/frame_31201.png,This is a colonoscopy frame from a patient with no polyps.
/workspace/igho/video_695_rango_30600_33840/frames_selected/frame_31202.png,This is a colonoscopy frame from a patient with no polyps.
/workspace/igho/video_695_rango_30600_33840/frames_selected/frame_31203.png,This is a colonoscopy frame from a patient with no polyps.
/workspace/igho/video_695_rango_30600_33840/frames_selected/frame_31204.png,This is a colonoscopy frame from a patient with no polyps.
/workspace/igho/video_695_rango_30600_33840/frames_selected/frame_31205.png,This is a colonoscopy frame from a patient with no polyps.
/workspace/igho/video_695_rango_30600_33840/frames_selected/frame_31206.png,This is a colonoscopy frame from a patient with no polyps.
/workspace/igho/video_695_rango_30600_33840/frames_selected/frame_31207.png,This is a colonoscopy frame from a patient with no polyps.
/workspace/igho/video_695_rango_30600_33840/frames_selected/frame_31208.png,This is a colonoscopy frame from a patient with no polyps.
/workspace/igho/video_695_rango_30600_33840/frames_selected/frame_31209.png,This is a colonoscopy frame from a patient with no polyps.
/workspace/igho/video_695_rango_30600_33840/frames_selected/frame_31210.png,This is a colonoscopy frame from a patient with no polyps.
/workspace/igho/video_695_rango_30600_33840/frames_selected/frame_31211.png,This is a colonoscopy frame from a patient with no polyps.
/workspace/igho/video_695_rango_30600_33840/frames_selected/frame_31212.png,This is a colonoscopy frame from a patient with no polyps.
/workspace/igho/video_695_rango_30600_33840/frames_selected/frame_31213.png,This is a colonoscopy frame from a patient with no polyps.
/workspace/igho/video_695_rango_30600_33840/frames_selected/frame_31214.png,This is a colonoscopy frame from a patient with no polyps.
/workspace/igho/video_695_rango_30600_33840/frames_selected/frame_31215.png,This is a colonoscopy frame from a patient with a sessile adenoma polyp measuring 4 mm located in the sigmoid colon.
/workspace/igho/video_695_rango_30600_33840/frames_selected/frame_31216.png,This is a colonoscopy frame from a patient with a sessile adenoma polyp measuring 4 mm located in the sigmoid colon.
/workspace/igho/video_695_rango_30600_33840/frames_selected/frame_31217.png,This is a colonoscopy frame from a patient with no polyps.
/workspace/igho/video_695_rango_30600_33840/frames_selected/frame_31218.png,This is a colonoscopy frame from a patient with a sessile adenoma polyp measuring 4 mm located in the sigmoid colon.
/workspace/igho/video_695_rango_30600_33840/frames_selected/frame_31219.png,This is a colonoscopy frame from a patient with a sessile adenoma polyp measuring 4 mm located in the sigmoid colon.
/workspace/igho/video_695_rango_30600_33840/frames_selected/frame_31220.png,This is a colonoscopy frame from a patient with no polyps.
/workspace/igho/video_695_rango_30600_33840/frames_selected/frame_31221.png,This is a colonoscopy frame from a patient with no polyps.
/workspace/igho/video_695_rango_30600_33840/frames_selected/frame_31222.png,This is a colonoscopy frame from a patient with no polyps.
/workspace/igho/video_695_rango_30600_33840/frames_selected/frame_31223.png,This is a colonoscopy frame from a patient with a sessile adenoma polyp measuring 4 mm located in the sigmoid colon.
/workspace/igho/video_695_rango_30600_33840/frames_selected/frame_31224.png,This is a colonoscopy frame from a patient with no polyps.
/workspace/igho/video_695_rango_30600_33840/frames_selected/frame_31225.png,This is a colonoscopy frame from a patient with no polyps.
/workspace/igho/video_695_rango_30600_33840/frames_selected/frame_31226.png,This is a colonoscopy frame from a patient with a sessile adenoma polyp measuring 4 mm located in the sigmoid colon.
/workspace/igho/video_695_rango_30600_33840/frames_selected/frame_31227.png,This is a colonoscopy frame from a patient with no polyps.
/workspace/igho/video_695_rango_30600_33840/frames_selected/frame_31228.png,This is a colonoscopy frame from a patient with no polyps.
/workspace/igho/video_695_rango_30600_33840/frames_selected/frame_31229.png,This is a colonoscopy frame from a patient with no polyps.
/workspace/igho/video_695_rango_30600_33840/frames_selected/frame_31230.png,This is a colonoscopy frame from a patient with no polyps.
/workspace/igho/video_695_rango_30600_33840/frames_selected/frame_31231.png,This is a colonoscopy frame from a patient with no polyps.
/workspace/igho/video_695_rango_30600_33840/frames_selected/frame_31232.png,This is a colonoscopy frame from a patient with no polyps.
/workspace/igho/video_695_rango_30600_33840/frames_selected/frame_31233.png,This is a colonoscopy frame from a patient with no polyps.
/workspace/igho/video_695_rango_30600_33840/frames_selected/frame_31234.png,This is a colonoscopy frame from a patient with no polyps.
/workspace/igho/video_695_rango_30600_33840/frames_selected/frame_31235.png,This is a colonoscopy frame from a patient with no polyps.
/workspace/igho/video_695_rango_30600_33840/frames_selected/frame_31236.png,This is a colonoscopy frame from a patient with no polyps.
/workspace/igho/video_695_rango_30600_33840/frames_selected/frame_31237.png,This is a colonoscopy frame from a patient with no polyps.
/workspace/igho/video_695_rango_30600_33840/frames_selected/frame_31238.png,This is a colonoscopy frame from a patient with no polyps.
/workspace/igho/video_695_rango_30600_33840/frames_selected/frame_31239.png,This is a colonoscopy frame from a patient with no polyps.
/workspace/igho/video_695_rango_30600_33840/frames_selected/frame_31240.png,This is a colonoscopy frame from a patient with no polyps.
/workspace/igho/video_695_rango_30600_33840/frames_selected/frame_31241.png,This is a colonoscopy frame from a patient with no polyps.
/workspace/igho/video_695_rango_30600_33840/frames_selected/frame_31242.png,This is a colonoscopy frame from a patient with no polyps.
/workspace/igho/video_695_rango_30600_33840/frames_selected/frame_31243.png,This is a colonoscopy frame from a patient with no polyps.
/workspace/igho/video_695_rango_30600_33840/frames_selected/frame_31244.png,This is a colonoscopy frame from a patient with no polyps.
/workspace/igho/video_695_rango_30600_33840/frames_selected/frame_31245.png,This is a colonoscopy frame from a patient with no polyps.
/workspace/igho/video_695_rango_30600_33840/frames_selected/frame_31246.png,This is a colonoscopy frame from a patient with no polyps.
/workspace/igho/video_695_rango_30600_33840/frames_selected/frame_31247.png,This is a colonoscopy frame from a patient with no polyps.
/workspace/igho/video_695_rango_30600_33840/frames_selected/frame_31248.png,This is a colonoscopy frame from a patient with no polyps.
/workspace/igho/video_695_rango_30600_33840/frames_selected/frame_31249.png,This is a colonoscopy frame from a patient with no polyps.
/workspace/igho/video_695_rango_30600_33840/frames_selected/frame_31250.png,This is a colonoscopy frame from a patient with no polyps.
/workspace/igho/video_695_rango_30600_33840/frames_selected/frame_31251.png,This is a colonoscopy frame from a patient with no polyps.
/workspace/igho/video_695_rango_30600_33840/frames_selected/frame_31252.png,This is a colonoscopy frame from a patient with no polyps.
/workspace/igho/video_695_rango_30600_33840/frames_selected/frame_31253.png,This is a colonoscopy frame from a patient with no polyps.
/workspace/igho/video_695_rango_30600_33840/frames_selected/frame_31254.png,This is a colonoscopy frame from a patient with no polyps.
/workspace/igho/video_695_rango_30600_33840/frames_selected/frame_31255.png,This is a colonoscopy frame from a patient with no polyps.
/workspace/igho/video_695_rango_30600_33840/frames_selected/frame_31256.png,This is a colonoscopy frame from a patient with no polyps.
/workspace/igho/video_695_rango_30600_33840/frames_selected/frame_31257.png,This is a colonoscopy frame from a patient with no polyps.
/workspace/igho/video_695_rango_30600_33840/frames_selected/frame_31258.png,This is a colonoscopy frame from a patient with no polyps.
/workspace/igho/video_695_rango_30600_33840/frames_selected/frame_31259.png,This is a colonoscopy frame from a patient with no polyps.
/workspace/igho/video_695_rango_30600_33840/frames_selected/frame_31260.png,This is a colonoscopy frame from a patient with no polyps.
/workspace/igho/video_695_rango_30600_33840/frames_selected/frame_31261.png,This is a colonoscopy frame from a patient with no polyps.
/workspace/igho/video_695_rango_30600_33840/frames_selected/frame_31262.png,This is a colonoscopy frame from a patient with no polyps.
/workspace/igho/video_695_rango_30600_33840/frames_selected/frame_31263.png,This is a colonoscopy frame from a patient with no polyps.
/workspace/igho/video_695_rango_30600_33840/frames_selected/frame_31264.png,This is a colonoscopy frame from a patient with no polyps.
/workspace/igho/video_695_rango_30600_33840/frames_selected/frame_31265.png,This is a colonoscopy frame from a patient with no polyps.
/workspace/igho/video_695_rango_30600_33840/frames_selected/frame_31266.png,This is a colonoscopy frame from a patient with no polyps.
/workspace/igho/video_695_rango_30600_33840/frames_selected/frame_31267.png,This is a colonoscopy frame from a patient with no polyps.
/workspace/igho/video_695_rango_30600_33840/frames_selected/frame_31268.png,This is a colonoscopy frame from a patient with no polyps.
/workspace/igho/video_695_rango_30600_33840/frames_selected/frame_31269.png,This is a colonoscopy frame from a patient with no polyps.
/workspace/igho/video_695_rango_30600_33840/frames_selected/frame_31270.png,This is a colonoscopy frame from a patient with no polyps.
/workspace/igho/video_695_rango_30600_33840/frames_selected/frame_31271.png,This is a colonoscopy frame from a patient with no polyps.
/workspace/igho/video_695_rango_30600_33840/frames_selected/frame_31272.png,This is a colonoscopy frame from a patient with no polyps.
/workspace/igho/video_695_rango_30600_33840/frames_selected/frame_31273.png,This is a colonoscopy frame from a patient with no polyps.
/workspace/igho/video_695_rango_30600_33840/frames_selected/frame_31274.png,This is a colonoscopy frame from a patient with no polyps.
/workspace/igho/video_695_rango_30600_33840/frames_selected/frame_31275.png,This is a colonoscopy frame from a patient with no polyps.
/workspace/igho/video_695_rango_30600_33840/frames_selected/frame_31276.png,This is a colonoscopy frame from a patient with no polyps.
/workspace/igho/video_695_rango_30600_33840/frames_selected/frame_31277.png,This is a colonoscopy frame from a patient with no polyps.
/workspace/igho/video_695_rango_30600_33840/frames_selected/frame_31278.png,This is a colonoscopy frame from a patient with a flat elevated mucosal adenoma polyp measuring 3 mm located in the rectum.
/workspace/igho/video_695_rango_30600_33840/frames_selected/frame_31279.png,This is a colonoscopy frame from a patient with a flat elevated mucosal adenoma polyp measuring 3 mm located in the rectum.
/workspace/igho/video_695_rango_30600_33840/frames_selected/frame_31280.png,This is a colonoscopy frame from a patient with no polyps.
/workspace/igho/video_695_rango_30600_33840/frames_selected/frame_31281.png,This is a colonoscopy frame from a patient with no polyps.
/workspace/igho/video_695_rango_30600_33840/frames_selected/frame_31282.png,This is a colonoscopy frame from a patient with no polyps.
/workspace/igho/video_695_rango_30600_33840/frames_selected/frame_31283.png,This is a colonoscopy frame from a patient with no polyps.
/workspace/igho/video_695_rango_30600_33840/frames_selected/frame_31284.png,This is a colonoscopy frame from a patient with no polyps.
/workspace/igho/video_695_rango_30600_33840/frames_selected/frame_31285.png,This is a colonoscopy frame from a patient with no polyps.
/workspace/igho/video_695_rango_30600_33840/frames_selected/frame_31286.png,This is a colonoscopy frame from a patient with a flat elevated mucosal adenoma polyp measuring 3 mm located in the rectum.
/workspace/igho/video_695_rango_30600_33840/frames_selected/frame_31287.png,This is a colonoscopy frame from a patient with a flat elevated mucosal adenoma polyp measuring 3 mm located in the sigmoid colon.
/workspace/igho/video_695_rango_30600_33840/frames_selected/frame_31288.png,This is a colonoscopy frame from a patient with a flat elevated mucosal adenoma polyp measuring 3 mm located in the sigmoid colon.
/workspace/igho/video_695_rango_30600_33840/frames_selected/frame_31289.png,This is a colonoscopy frame from a patient with no polyps.
/workspace/igho/video_695_rango_30600_33840/frames_selected/frame_31290.png,This is a colonoscopy frame from a patient with no polyps.
/workspace/igho/video_695_rango_30600_33840/frames_selected/frame_31291.png,This is a colonoscopy frame from a patient with no polyps.
/workspace/igho/video_695_rango_30600_33840/frames_selected/frame_31292.png,This is a colonoscopy frame from a patient with no polyps.
/workspace/igho/video_695_rango_30600_33840/frames_selected/frame_31293.png,This is a colonoscopy frame from a patient with no polyps.
/workspace/igho/video_695_rango_30600_33840/frames_selected/frame_31294.png,This is a colonoscopy frame from a patient with no polyps.
/workspace/igho/video_695_rango_30600_33840/frames_selected/frame_31295.png,This is a colonoscopy frame from a patient with a flat elevated mucosal adenoma polyp measuring 3 mm located in the sigmoid colon.
/workspace/igho/video_695_rango_30600_33840/frames_selected/frame_31296.png,This is a colonoscopy frame from a patient with no polyps.
/workspace/igho/video_695_rango_30600_33840/frames_selected/frame_31297.png,This is a colonoscopy frame from a patient with no polyps.
/workspace/igho/video_695_rango_30600_33840/frames_selected/frame_31298.png,This is a colonoscopy frame from a patient with no polyps.
/workspace/igho/video_695_rango_30600_33840/frames_selected/frame_31299.png,This is a colonoscopy frame from a patient with a sessile hyperplastic polyp measuring 5 mm located in the ascending colon.
/workspace/igho/video_695_rango_30600_33840/frames_selected/frame_31300.png,This is a colonoscopy frame from a patient with a sessile hyperplastic polyp measuring 5 mm located in the ascending colon.
/workspace/igho/video_695_rango_30600_33840/frames_selected/frame_31301.png,This is a colonoscopy frame from a patient with no polyps.
/workspace/igho/video_695_rango_30600_33840/frames_selected/frame_31302.png,This is a colonoscopy frame from a patient with no polyps.
/workspace/igho/video_695_rango_30600_33840/frames_selected/frame_31303.png,This is a colonoscopy frame from a patient with no polyps.
/workspace/igho/video_695_rango_30600_33840/frames_selected/frame_31304.png,This is a colonoscopy frame from a patient with no polyps.
/workspace/igho/video_695_rango_30600_33840/frames_selected/frame_31305.png,This is a colonoscopy frame from a patient with no polyps.
/workspace/igho/video_695_rango_30600_33840/frames_selected/frame_31306.png,This is a colonoscopy frame from a patient with no polyps.
/workspace/igho/video_695_rango_30600_33840/frames_selected/frame_31307.png,This is a colonoscopy frame from a patient with a sessile hyperplastic polyp measuring 5 mm located in the ascending colon.
/workspace/igho/video_695_rango_30600_33840/frames_selected/frame_31308.png,This is a colonoscopy frame from a patient with no polyps.
/workspace/igho/video_695_rango_30600_33840/frames_selected/frame_31309.png,This is a colonoscopy frame from a patient with no polyps.
/workspace/igho/video_695_rango_30600_33840/frames_selected/frame_31310.png,This is a colonoscopy frame from a patient with no polyps.
/workspace/igho/video_695_rango_30600_33840/frames_selected/frame_31311.png,This is a colonoscopy frame from a patient with no polyps.
/workspace/igho/video_695_rango_30600_33840/frames_selected/frame_31312.png,This is a colonoscopy frame from a patient with no polyps.
/workspace/igho/video_695_rango_30600_33840/frames_selected/frame_31313.png,This is a colonoscopy frame from a patient with no polyps.
/workspace/igho/video_695_rango_30600_33840/frames_selected/frame_31314.png,This is a colonoscopy frame from a patient with no polyps.
/workspace/igho/video_695_rango_30600_33840/frames_selected/frame_31315.png,This is a colonoscopy frame from a patient with no polyps.
/workspace/igho/video_695_rango_30600_33840/frames_selected/frame_31316.png,This is a colonoscopy frame from a patient with no polyps.
/workspace/igho/video_695_rango_30600_33840/frames_selected/frame_31317.png,This is a colonoscopy frame from a patient with no polyps.
/workspace/igho/video_695_rango_30600_33840/frames_selected/frame_31318.png,This is a colonoscopy frame from a patient with no polyps.
/workspace/igho/video_695_rango_30600_33840/frames_selected/frame_31319.png,This is a colonoscopy frame from a patient with no polyps.
/workspace/igho/video_695_rango_30600_33840/frames_selected/frame_31320.png,This is a colonoscopy frame from a patient with no polyps.
/workspace/igho/video_695_rango_30600_33840/frames_selected/frame_31321.png,This is a colonoscopy frame from a patient with no polyps.
/workspace/igho/video_695_rango_30600_33840/frames_selected/frame_31322.png,This is a colonoscopy frame from a patient with no polyps.
/workspace/igho/video_695_rango_30600_33840/frames_selected/frame_31323.png,This is a colonoscopy frame from a patient with a sessile adenoma polyp measuring 4 mm located in the sigmoid colon.
/workspace/igho/video_695_rango_30600_33840/frames_selected/frame_31324.png,This is a colonoscopy frame from a patient with a sessile adenoma polyp measuring 4 mm located in the sigmoid colon.
/workspace/igho/video_695_rango_30600_33840/frames_selected/frame_31325.png,This is a colonoscopy frame from a patient with no polyps.
/workspace/igho/video_695_rango_30600_33840/frames_selected/frame_31326.png,This is a colonoscopy frame from a patient with a sessile adenoma polyp measuring 4 mm located in the sigmoid colon.
/workspace/igho/video_695_rango_30600_33840/frames_selected/frame_31327.png,This is a colonoscopy frame from a patient with a sessile adenoma polyp measuring 4 mm located in the sigmoid colon.
/workspace/igho/video_695_rango_30600_33840/frames_selected/frame_31328.png,This is a colonoscopy frame from a patient with no polyps.
/workspace/igho/video_695_rango_30600_33840/frames_selected/frame_31329.png,This is a colonoscopy frame from a patient with a sessile adenoma polyp measuring 4 mm located in the sigmoid colon.
/workspace/igho/video_695_rango_30600_33840/frames_selected/frame_31330.png,This is a colonoscopy frame from a patient with a sessile adenoma polyp measuring 4 mm located in the sigmoid colon.
/workspace/igho/video_695_rango_30600_33840/frames_selected/frame_31331.png,This is a colonoscopy frame from a patient with a sessile adenoma polyp measuring 4 mm located in the sigmoid colon.
/workspace/igho/video_695_rango_30600_33840/frames_selected/frame_31332.png,This is a colonoscopy frame from a patient with a sessile adenoma polyp measuring 4 mm located in the sigmoid colon.
/workspace/igho/video_695_rango_30600_33840/frames_selected/frame_31333.png,This is a colonoscopy frame from a patient with a sessile adenoma polyp measuring 4 mm located in the sigmoid colon.
/workspace/igho/video_695_rango_30600_33840/frames_selected/frame_31334.png,This is a colonoscopy frame from a patient with a sessile adenoma polyp measuring 4 mm located in the sigmoid colon.
/workspace/igho/video_695_rango_30600_33840/frames_selected/frame_31335.png,This is a colonoscopy frame from a patient with a sessile adenoma polyp measuring 4 mm located in the sigmoid colon.
/workspace/igho/video_695_rango_30600_33840/frames_selected/frame_31336.png,This is a colonoscopy frame from a patient with a sessile adenoma polyp measuring 4 mm located in the sigmoid colon.
/workspace/igho/video_695_rango_30600_33840/frames_selected/frame_31337.png,This is a colonoscopy frame from a patient with a sessile adenoma polyp measuring 4 mm located in the sigmoid colon.
/workspace/igho/video_695_rango_30600_33840/frames_selected/frame_31338.png,This is a colonoscopy frame from a patient with a sessile adenoma polyp measuring 4 mm located in the sigmoid colon.
/workspace/igho/video_695_rango_30600_33840/frames_selected/frame_31339.png,This is a colonoscopy frame from a patient with a sessile adenoma polyp measuring 4 mm located in the sigmoid colon.
/workspace/igho/video_695_rango_30600_33840/frames_selected/frame_31340.png,This is a colonoscopy frame from a patient with a sessile adenoma polyp measuring 4 mm located in the sigmoid colon.
/workspace/igho/video_695_rango_30600_33840/frames_selected/frame_31341.png,This is a colonoscopy frame from a patient with a sessile adenoma polyp measuring 4 mm located in the sigmoid colon.
/workspace/igho/video_695_rango_30600_33840/frames_selected/frame_31342.png,This is a colonoscopy frame from a patient with a sessile adenoma polyp measuring 4 mm located in the sigmoid colon.
/workspace/igho/video_695_rango_30600_33840/frames_selected/frame_31343.png,This is a colonoscopy frame from a patient with a sessile adenoma polyp measuring 4 mm located in the sigmoid colon.
/workspace/igho/video_695_rango_30600_33840/frames_selected/frame_31344.png,This is a colonoscopy frame from a patient with a sessile adenoma polyp measuring 4 mm located in the sigmoid colon.
/workspace/igho/video_695_rango_30600_33840/frames_selected/frame_31345.png,This is a colonoscopy frame from a patient with a sessile adenoma polyp measuring 4 mm located in the sigmoid colon.
/workspace/igho/video_695_rango_30600_33840/frames_selected/frame_31346.png,This is a colonoscopy frame from a patient with a sessile adenoma polyp measuring 4 mm located in the sigmoid colon.
/workspace/igho/video_695_rango_30600_33840/frames_selected/frame_31347.png,This is a colonoscopy frame from a patient with a sessile adenoma polyp measuring 4 mm located in the sigmoid colon.
/workspace/igho/video_695_rango_30600_33840/frames_selected/frame_31348.png,This is a colonoscopy frame from a patient with a sessile adenoma polyp measuring 4 mm located in the sigmoid colon.
/workspace/igho/video_695_rango_30600_33840/frames_selected/frame_31349.png,This is a colonoscopy frame from a patient with a sessile adenoma polyp measuring 4 mm located in the sigmoid colon.
/workspace/igho/video_695_rango_30600_33840/frames_selected/frame_31350.png,This is a colonoscopy frame from a patient with a sessile adenoma polyp measuring 6 mm located in the sigmoid colon.
/workspace/igho/video_695_rango_30600_33840/frames_selected/frame_31351.png,This is a colonoscopy frame from a patient with a sessile adenoma polyp measuring 6 mm located in the sigmoid colon.
/workspace/igho/video_695_rango_30600_33840/frames_selected/frame_31352.png,This is a colonoscopy frame from a patient with a sessile adenoma polyp measuring 4 mm located in the sigmoid colon.
/workspace/igho/video_695_rango_30600_33840/frames_selected/frame_31353.png,This is a colonoscopy frame from a patient with a sessile adenoma polyp measuring 4 mm located in the sigmoid colon.
/workspace/igho/video_695_rango_30600_33840/frames_selected/frame_31354.png,This is a colonoscopy frame from a patient with a sessile adenoma polyp measuring 4 mm located in the sigmoid colon.
/workspace/igho/video_695_rango_30600_33840/frames_selected/frame_31355.png,This is a colonoscopy frame from a patient with a sessile adenoma polyp measuring 4 mm located in the sigmoid colon.
/workspace/igho/video_695_rango_30600_33840/frames_selected/frame_31356.png,This is a colonoscopy frame from a patient with a sessile adenoma polyp measuring 4 mm located in the sigmoid colon.
/workspace/igho/video_695_rango_30600_33840/frames_selected/frame_31357.png,This is a colonoscopy frame from a patient with a sessile adenoma polyp measuring 4 mm located in the sigmoid colon.
/workspace/igho/video_695_rango_30600_33840/frames_selected/frame_31358.png,This is a colonoscopy frame from a patient with a sessile adenoma polyp measuring 6 mm located in the sigmoid colon.
/workspace/igho/video_695_rango_30600_33840/frames_selected/frame_31359.png,This is a colonoscopy frame from a patient with a sessile adenoma polyp measuring 4 mm located in the sigmoid colon.
/workspace/igho/video_695_rango_30600_33840/frames_selected/frame_31360.png,This is a colonoscopy frame from a patient with a sessile adenoma polyp measuring 4 mm located in the sigmoid colon.
/workspace/igho/video_695_rango_30600_33840/frames_selected/frame_31361.png,This is a colonoscopy frame from a patient with a sessile adenoma polyp measuring 4 mm located in the sigmoid colon.
/workspace/igho/video_695_rango_30600_33840/frames_selected/frame_31362.png,This is a colonoscopy frame from a patient with a sessile adenoma polyp measuring 4 mm located in the sigmoid colon.
/workspace/igho/video_695_rango_30600_33840/frames_selected/frame_31363.png,This is a colonoscopy frame from a patient with a sessile adenoma polyp measuring 4 mm located in the sigmoid colon.
/workspace/igho/video_695_rango_30600_33840/frames_selected/frame_31364.png,This is a colonoscopy frame from a patient with a sessile adenoma polyp measuring 4 mm located in the sigmoid colon.
/workspace/igho/video_695_rango_30600_33840/frames_selected/frame_31365.png,This is a colonoscopy frame from a patient with no polyps.
/workspace/igho/video_695_rango_30600_33840/frames_selected/frame_31366.png,This is a colonoscopy frame from a patient with no polyps.
/workspace/igho/video_695_rango_30600_33840/frames_selected/frame_31367.png,This is a colonoscopy frame from a patient with a sessile adenoma polyp measuring 4 mm located in the sigmoid colon.
/workspace/igho/video_695_rango_30600_33840/frames_selected/frame_31368.png,This is a colonoscopy frame from a patient with a sessile adenoma polyp measuring 4 mm located in the sigmoid colon.
/workspace/igho/video_695_rango_30600_33840/frames_selected/frame_31369.png,This is a colonoscopy frame from a patient with a sessile adenoma polyp measuring 4 mm located in the sigmoid colon.
/workspace/igho/video_695_rango_30600_33840/frames_selected/frame_31370.png,This is a colonoscopy frame from a patient with a sessile adenoma polyp measuring 4 mm located in the sigmoid colon.
/workspace/igho/video_695_rango_30600_33840/frames_selected/frame_31371.png,This is a colonoscopy frame from a patient with a sessile adenoma polyp measuring 4 mm located in the sigmoid colon.
/workspace/igho/video_695_rango_30600_33840/frames_selected/frame_31372.png,This is a colonoscopy frame from a patient with a sessile adenoma polyp measuring 4 mm located in the sigmoid colon.
/workspace/igho/video_695_rango_30600_33840/frames_selected/frame_31373.png,This is a colonoscopy frame from a patient with no polyps.
/workspace/igho/video_695_rango_30600_33840/frames_selected/frame_31374.png,This is a colonoscopy frame from a patient with a sessile adenoma polyp measuring 4 mm located in the sigmoid colon.
/workspace/igho/video_695_rango_30600_33840/frames_selected/frame_31375.png,This is a colonoscopy frame from a patient with a sessile adenoma polyp measuring 4 mm located in the sigmoid colon.
/workspace/igho/video_695_rango_30600_33840/frames_selected/frame_31376.png,This is a colonoscopy frame from a patient with a sessile adenoma polyp measuring 4 mm located in the sigmoid colon.
/workspace/igho/video_695_rango_30600_33840/frames_selected/frame_31377.png,This is a colonoscopy frame from a patient with a sessile adenoma polyp measuring 4 mm located in the sigmoid colon.
/workspace/igho/video_695_rango_30600_33840/frames_selected/frame_31378.png,This is a colonoscopy frame from a patient with a sessile adenoma polyp measuring 4 mm located in the sigmoid colon.
/workspace/igho/video_695_rango_30600_33840/frames_selected/frame_31379.png,This is a colonoscopy frame from a patient with a sessile adenoma polyp measuring 4 mm located in the sigmoid colon.
/workspace/igho/video_695_rango_30600_33840/frames_selected/frame_31380.png,This is a colonoscopy frame from a patient with a sessile adenoma polyp measuring 4 mm located in the sigmoid colon.
/workspace/igho/video_695_rango_30600_33840/frames_selected/frame_31381.png,This is a colonoscopy frame from a patient with a sessile adenoma polyp measuring 4 mm located in the sigmoid colon.
/workspace/igho/video_695_rango_30600_33840/frames_selected/frame_31382.png,This is a colonoscopy frame from a patient with a sessile adenoma polyp measuring 4 mm located in the sigmoid colon.
/workspace/igho/video_695_rango_30600_33840/frames_selected/frame_31383.png,This is a colonoscopy frame from a patient with a sessile adenoma polyp measuring 4 mm located in the sigmoid colon.
/workspace/igho/video_695_rango_30600_33840/frames_selected/frame_31384.png,This is a colonoscopy frame from a patient with a sessile adenoma polyp measuring 4 mm located in the sigmoid colon.
/workspace/igho/video_695_rango_30600_33840/frames_selected/frame_31385.png,This is a colonoscopy frame from a patient with a sessile adenoma polyp measuring 4 mm located in the sigmoid colon.
/workspace/igho/video_695_rango_30600_33840/frames_selected/frame_31386.png,This is a colonoscopy frame from a patient with a sessile adenoma polyp measuring 4 mm located in the sigmoid colon.
/workspace/igho/video_695_rango_30600_33840/frames_selected/frame_31387.png,This is a colonoscopy frame from a patient with a sessile adenoma polyp measuring 4 mm located in the sigmoid colon.
/workspace/igho/video_695_rango_30600_33840/frames_selected/frame_31388.png,This is a colonoscopy frame from a patient with a sessile adenoma polyp measuring 4 mm located in the sigmoid colon.
/workspace/igho/video_695_rango_30600_33840/frames_selected/frame_31389.png,This is a colonoscopy frame from a patient with a sessile adenoma polyp measuring 4 mm located in the sigmoid colon.
/workspace/igho/video_695_rango_30600_33840/frames_selected/frame_31390.png,This is a colonoscopy frame from a patient with a sessile adenoma polyp measuring 4 mm located in the sigmoid colon.
/workspace/igho/video_695_rango_30600_33840/frames_selected/frame_31391.png,This is a colonoscopy frame from a patient with a sessile adenoma polyp measuring 4 mm located in the sigmoid colon.
/workspace/igho/video_695_rango_30600_33840/frames_selected/frame_31392.png,This is a colonoscopy frame from a patient with a sessile adenoma polyp measuring 4 mm located in the sigmoid colon.
/workspace/igho/video_695_rango_30600_33840/frames_selected/frame_31393.png,This is a colonoscopy frame from a patient with a sessile adenoma polyp measuring 4 mm located in the sigmoid colon.
/workspace/igho/video_695_rango_30600_33840/frames_selected/frame_31394.png,This is a colonoscopy frame from a patient with a sessile adenoma polyp measuring 4 mm located in the sigmoid colon.
/workspace/igho/video_695_rango_30600_33840/frames_selected/frame_31395.png,This is a colonoscopy frame from a patient with a sessile adenoma polyp measuring 4 mm located in the sigmoid colon.
/workspace/igho/video_695_rango_30600_33840/frames_selected/frame_31396.png,This is a colonoscopy frame from a patient with a sessile adenoma polyp measuring 4 mm located in the sigmoid colon.
/workspace/igho/video_695_rango_30600_33840/frames_selected/frame_31397.png,This is a colonoscopy frame from a patient with a sessile adenoma polyp measuring 4 mm located in the sigmoid colon.
/workspace/igho/video_695_rango_30600_33840/frames_selected/frame_31398.png,This is a colonoscopy frame from a patient with a sessile adenoma polyp measuring 4 mm located in the sigmoid colon.
/workspace/igho/video_695_rango_30600_33840/frames_selected/frame_31399.png,This is a colonoscopy frame from a patient with a sessile adenoma polyp measuring 4 mm located in the sigmoid colon.
/workspace/igho/video_695_rango_30600_33840/frames_selected/frame_31400.png,This is a colonoscopy frame from a patient with a sessile adenoma polyp measuring 4 mm located in the sigmoid colon.
/workspace/igho/video_695_rango_30600_33840/frames_selected/frame_31401.png,This is a colonoscopy frame from a patient with a sessile adenoma polyp measuring 4 mm located in the sigmoid colon.
/workspace/igho/video_695_rango_30600_33840/frames_selected/frame_31402.png,This is a colonoscopy frame from a patient with a sessile adenoma polyp measuring 4 mm located in the sigmoid colon.
/workspace/igho/video_695_rango_30600_33840/frames_selected/frame_31403.png,This is a colonoscopy frame from a patient with a sessile adenoma polyp measuring 4 mm located in the sigmoid colon.
/workspace/igho/video_695_rango_30600_33840/frames_selected/frame_31404.png,This is a colonoscopy frame from a patient with a sessile adenoma polyp measuring 4 mm located in the sigmoid colon.
/workspace/igho/video_695_rango_30600_33840/frames_selected/frame_31405.png,This is a colonoscopy frame from a patient with a sessile adenoma polyp measuring 4 mm located in the sigmoid colon.
/workspace/igho/video_695_rango_30600_33840/frames_selected/frame_31406.png,This is a colonoscopy frame from a patient with a sessile adenoma polyp measuring 4 mm located in the sigmoid colon.
/workspace/igho/video_695_rango_30600_33840/frames_selected/frame_31407.png,This is a colonoscopy frame from a patient with no polyps.
/workspace/igho/video_695_rango_30600_33840/frames_selected/frame_31408.png,This is a colonoscopy frame from a patient with no polyps.
/workspace/igho/video_695_rango_30600_33840/frames_selected/frame_31409.png,This is a colonoscopy frame from a patient with a sessile adenoma polyp measuring 4 mm located in the sigmoid colon.
/workspace/igho/video_695_rango_30600_33840/frames_selected/frame_31410.png,This is a colonoscopy frame from a patient with a sessile adenoma polyp measuring 4 mm located in the sigmoid colon.
/workspace/igho/video_695_rango_30600_33840/frames_selected/frame_31411.png,This is a colonoscopy frame from a patient with a sessile adenoma polyp measuring 4 mm located in the sigmoid colon.
/workspace/igho/video_695_rango_30600_33840/frames_selected/frame_31412.png,This is a colonoscopy frame from a patient with a sessile adenoma polyp measuring 4 mm located in the sigmoid colon.
/workspace/igho/video_695_rango_30600_33840/frames_selected/frame_31413.png,This is a colonoscopy frame from a patient with no polyps.
/workspace/igho/video_695_rango_30600_33840/frames_selected/frame_31414.png,This is a colonoscopy frame from a patient with no polyps.
/workspace/igho/video_695_rango_30600_33840/frames_selected/frame_31415.png,This is a colonoscopy frame from a patient with no polyps.
/workspace/igho/video_695_rango_30600_33840/frames_selected/frame_31416.png,This is a colonoscopy frame from a patient with no polyps.
/workspace/igho/video_695_rango_30600_33840/frames_selected/frame_31417.png,This is a colonoscopy frame from a patient with no polyps.
/workspace/igho/video_695_rango_30600_33840/frames_selected/frame_31418.png,This is a colonoscopy frame from a patient with a sessile adenoma polyp measuring 4 mm located in the sigmoid colon.
/workspace/igho/video_695_rango_30600_33840/frames_selected/frame_31419.png,This is a colonoscopy frame from a patient with no polyps.
/workspace/igho/video_695_rango_30600_33840/frames_selected/frame_31420.png,This is a colonoscopy frame from a patient with no polyps.
/workspace/igho/video_695_rango_30600_33840/frames_selected/frame_31421.png,This is a colonoscopy frame from a patient with no polyps.
/workspace/igho/video_695_rango_30600_33840/frames_selected/frame_31422.png,This is a colonoscopy frame from a patient with a flat elevated mucosal adenoma polyp measuring 3 mm located in the rectum.
/workspace/igho/video_695_rango_30600_33840/frames_selected/frame_31423.png,This is a colonoscopy frame from a patient with a flat elevated mucosal adenoma polyp measuring 3 mm located in the rectum.
/workspace/igho/video_695_rango_30600_33840/frames_selected/frame_31424.png,This is a colonoscopy frame from a patient with no polyps.
/workspace/igho/video_695_rango_30600_33840/frames_selected/frame_31425.png,This is a colonoscopy frame from a patient with a sessile adenoma polyp measuring 4 mm located in the sigmoid colon.
/workspace/igho/video_695_rango_30600_33840/frames_selected/frame_31426.png,This is a colonoscopy frame from a patient with a sessile adenoma polyp measuring 4 mm located in the sigmoid colon.
/workspace/igho/video_695_rango_30600_33840/frames_selected/frame_31427.png,This is a colonoscopy frame from a patient with no polyps.
/workspace/igho/video_695_rango_30600_33840/frames_selected/frame_31428.png,This is a colonoscopy frame from a patient with a sessile hyperplastic polyp measuring 4 mm located in the sigmoid colon.
/workspace/igho/video_695_rango_30600_33840/frames_selected/frame_31429.png,This is a colonoscopy frame from a patient with a sessile hyperplastic polyp measuring 4 mm located in the sigmoid colon.
/workspace/igho/video_695_rango_30600_33840/frames_selected/frame_31430.png,This is a colonoscopy frame from a patient with a flat elevated mucosal adenoma polyp measuring 3 mm located in the rectum.
/workspace/igho/video_695_rango_30600_33840/frames_selected/frame_31431.png,This is a colonoscopy frame from a patient with a sessile adenoma polyp measuring 4 mm located in the sigmoid colon.
/workspace/igho/video_695_rango_30600_33840/frames_selected/frame_31432.png,This is a colonoscopy frame from a patient with a sessile adenoma polyp measuring 4 mm located in the sigmoid colon.
/workspace/igho/video_695_rango_30600_33840/frames_selected/frame_31433.png,This is a colonoscopy frame from a patient with a sessile adenoma polyp measuring 4 mm located in the sigmoid colon.
/workspace/igho/video_695_rango_30600_33840/frames_selected/frame_31434.png,This is a colonoscopy frame from a patient with a subpedunculated adenoma polyp measuring 12 mm located in the sigmoid colon.
/workspace/igho/video_695_rango_30600_33840/frames_selected/frame_31435.png,This is a colonoscopy frame from a patient with a subpedunculated adenoma polyp measuring 12 mm located in the sigmoid colon.
/workspace/igho/video_695_rango_30600_33840/frames_selected/frame_31436.png,This is a colonoscopy frame from a patient with a sessile hyperplastic polyp measuring 4 mm located in the sigmoid colon.
/workspace/igho/video_695_rango_30600_33840/frames_selected/frame_31437.png,This is a colonoscopy frame from a patient with no polyps.
/workspace/igho/video_695_rango_30600_33840/frames_selected/frame_31438.png,This is a colonoscopy frame from a patient with no polyps.
/workspace/igho/video_695_rango_30600_33840/frames_selected/frame_31439.png,This is a colonoscopy frame from a patient with a sessile adenoma polyp measuring 4 mm located in the sigmoid colon.
/workspace/igho/video_695_rango_30600_33840/frames_selected/frame_31440.png,This is a colonoscopy frame from a patient with a sessile adenoma polyp measuring 4 mm located in the sigmoid colon.
/workspace/igho/video_695_rango_30600_33840/frames_selected/frame_31441.png,This is a colonoscopy frame from a patient with a sessile adenoma polyp measuring 4 mm located in the sigmoid colon.
/workspace/igho/video_695_rango_30600_33840/frames_selected/frame_31442.png,This is a colonoscopy frame from a patient with a subpedunculated adenoma polyp measuring 12 mm located in the sigmoid colon.
/workspace/igho/video_695_rango_30600_33840/frames_selected/frame_31443.png,This is a colonoscopy frame from a patient with a sessile adenoma polyp measuring 4 mm located in the sigmoid colon.
/workspace/igho/video_695_rango_30600_33840/frames_selected/frame_31444.png,This is a colonoscopy frame from a patient with a sessile adenoma polyp measuring 4 mm located in the sigmoid colon.
/workspace/igho/video_695_rango_30600_33840/frames_selected/frame_31445.png,This is a colonoscopy frame from a patient with no polyps.
/workspace/igho/video_695_rango_30600_33840/frames_selected/frame_31446.png,This is a colonoscopy frame from a patient with a sessile adenoma polyp measuring 4 mm located in the sigmoid colon.
/workspace/igho/video_695_rango_30600_33840/frames_selected/frame_31447.png,This is a colonoscopy frame from a patient with a sessile adenoma polyp measuring 4 mm located in the sigmoid colon.
/workspace/igho/video_695_rango_30600_33840/frames_selected/frame_31448.png,This is a colonoscopy frame from a patient with a sessile adenoma polyp measuring 4 mm located in the sigmoid colon.
/workspace/igho/video_695_rango_30600_33840/frames_selected/frame_31449.png,This is a colonoscopy frame from a patient with a sessile adenoma polyp measuring 4 mm located in the sigmoid colon.
/workspace/igho/video_695_rango_30600_33840/frames_selected/frame_31450.png,This is a colonoscopy frame from a patient with a sessile adenoma polyp measuring 4 mm located in the sigmoid colon.
/workspace/igho/video_695_rango_30600_33840/frames_selected/frame_31451.png,This is a colonoscopy frame from a patient with a sessile adenoma polyp measuring 4 mm located in the sigmoid colon.
/workspace/igho/video_695_rango_30600_33840/frames_selected/frame_31452.png,This is a colonoscopy frame from a patient with a sessile adenoma polyp measuring 4 mm located in the sigmoid colon.
/workspace/igho/video_695_rango_30600_33840/frames_selected/frame_31453.png,This is a colonoscopy frame from a patient with a sessile adenoma polyp measuring 4 mm located in the sigmoid colon.
/workspace/igho/video_695_rango_30600_33840/frames_selected/frame_31454.png,This is a colonoscopy frame from a patient with a sessile adenoma polyp measuring 4 mm located in the sigmoid colon.
/workspace/igho/video_695_rango_30600_33840/frames_selected/frame_31455.png,This is a colonoscopy frame from a patient with a sessile adenoma polyp measuring 4 mm located in the sigmoid colon.
/workspace/igho/video_695_rango_30600_33840/frames_selected/frame_31456.png,This is a colonoscopy frame from a patient with a sessile adenoma polyp measuring 4 mm located in the sigmoid colon.
/workspace/igho/video_695_rango_30600_33840/frames_selected/frame_31457.png,This is a colonoscopy frame from a patient with a sessile adenoma polyp measuring 4 mm located in the sigmoid colon.
/workspace/igho/video_695_rango_30600_33840/frames_selected/frame_31458.png,This is a colonoscopy frame from a patient with a sessile adenoma polyp measuring 4 mm located in the sigmoid colon.
/workspace/igho/video_695_rango_30600_33840/frames_selected/frame_31459.png,This is a colonoscopy frame from a patient with a sessile adenoma polyp measuring 4 mm located in the sigmoid colon.
/workspace/igho/video_695_rango_30600_33840/frames_selected/frame_31460.png,This is a colonoscopy frame from a patient with a sessile adenoma polyp measuring 4 mm located in the sigmoid colon.
/workspace/igho/video_695_rango_30600_33840/frames_selected/frame_31461.png,This is a colonoscopy frame from a patient with a sessile adenoma polyp measuring 4 mm located in the sigmoid colon.
/workspace/igho/video_695_rango_30600_33840/frames_selected/frame_31462.png,This is a colonoscopy frame from a patient with a sessile adenoma polyp measuring 4 mm located in the sigmoid colon.
/workspace/igho/video_695_rango_30600_33840/frames_selected/frame_31463.png,This is a colonoscopy frame from a patient with a sessile adenoma polyp measuring 4 mm located in the sigmoid colon.
/workspace/igho/video_695_rango_30600_33840/frames_selected/frame_31464.png,This is a colonoscopy frame from a patient with a sessile adenoma polyp measuring 4 mm located in the sigmoid colon.
/workspace/igho/video_695_rango_30600_33840/frames_selected/frame_31465.png,This is a colonoscopy frame from a patient with a sessile adenoma polyp measuring 4 mm located in the sigmoid colon.
/workspace/igho/video_695_rango_30600_33840/frames_selected/frame_31466.png,This is a colonoscopy frame from a patient with a sessile adenoma polyp measuring 4 mm located in the sigmoid colon.
/workspace/igho/video_695_rango_30600_33840/frames_selected/frame_31467.png,This is a colonoscopy frame from a patient with a sessile adenoma polyp measuring 4 mm located in the sigmoid colon.
/workspace/igho/video_695_rango_30600_33840/frames_selected/frame_31468.png,This is a colonoscopy frame from a patient with a sessile adenoma polyp measuring 4 mm located in the sigmoid colon.
/workspace/igho/video_695_rango_30600_33840/frames_selected/frame_31469.png,This is a colonoscopy frame from a patient with a sessile adenoma polyp measuring 4 mm located in the sigmoid colon.
/workspace/igho/video_695_rango_30600_33840/frames_selected/frame_31470.png,This is a colonoscopy frame from a patient with a sessile adenoma polyp measuring 4 mm located in the sigmoid colon.
/workspace/igho/video_695_rango_30600_33840/frames_selected/frame_31471.png,This is a colonoscopy frame from a patient with a sessile adenoma polyp measuring 4 mm located in the sigmoid colon.
/workspace/igho/video_695_rango_30600_33840/frames_selected/frame_31472.png,This is a colonoscopy frame from a patient with a sessile adenoma polyp measuring 4 mm located in the sigmoid colon.
/workspace/igho/video_695_rango_30600_33840/frames_selected/frame_31473.png,This is a colonoscopy frame from a patient with a sessile adenoma polyp measuring 4 mm located in the sigmoid colon.
/workspace/igho/video_695_rango_30600_33840/frames_selected/frame_31474.png,This is a colonoscopy frame from a patient with a sessile adenoma polyp measuring 4 mm located in the sigmoid colon.
/workspace/igho/video_695_rango_30600_33840/frames_selected/frame_31475.png,This is a colonoscopy frame from a patient with a sessile adenoma polyp measuring 4 mm located in the sigmoid colon.
/workspace/igho/video_695_rango_30600_33840/frames_selected/frame_31476.png,This is a colonoscopy frame from a patient with no polyps.
/workspace/igho/video_695_rango_30600_33840/frames_selected/frame_31477.png,This is a colonoscopy frame from a patient with no polyps.
/workspace/igho/video_695_rango_30600_33840/frames_selected/frame_31478.png,This is a colonoscopy frame from a patient with a sessile adenoma polyp measuring 4 mm located in the sigmoid colon.
/workspace/igho/video_695_rango_30600_33840/frames_selected/frame_31479.png,This is a colonoscopy frame from a patient with a sessile adenoma polyp measuring 4 mm located in the sigmoid colon.
/workspace/igho/video_695_rango_30600_33840/frames_selected/frame_31480.png,This is a colonoscopy frame from a patient with a sessile adenoma polyp measuring 4 mm located in the sigmoid colon.
/workspace/igho/video_695_rango_30600_33840/frames_selected/frame_31481.png,This is a colonoscopy frame from a patient with a sessile adenoma polyp measuring 4 mm located in the sigmoid colon.
/workspace/igho/video_695_rango_30600_33840/frames_selected/frame_31482.png,This is a colonoscopy frame from a patient with no polyps.
/workspace/igho/video_695_rango_30600_33840/frames_selected/frame_31483.png,This is a colonoscopy frame from a patient with no polyps.
/workspace/igho/video_695_rango_30600_33840/frames_selected/frame_31484.png,This is a colonoscopy frame from a patient with no polyps.
/workspace/igho/video_695_rango_30600_33840/frames_selected/frame_31485.png,This is a colonoscopy frame from a patient with no polyps.
/workspace/igho/video_695_rango_30600_33840/frames_selected/frame_31486.png,This is a colonoscopy frame from a patient with no polyps.
/workspace/igho/video_695_rango_30600_33840/frames_selected/frame_31487.png,This is a colonoscopy frame from a patient with a sessile adenoma polyp measuring 4 mm located in the sigmoid colon.
/workspace/igho/video_695_rango_30600_33840/frames_selected/frame_31488.png,This is a colonoscopy frame from a patient with no polyps.
/workspace/igho/video_695_rango_30600_33840/frames_selected/frame_31489.png,This is a colonoscopy frame from a patient with no polyps.
/workspace/igho/video_695_rango_30600_33840/frames_selected/frame_31490.png,This is a colonoscopy frame from a patient with no polyps.
/workspace/igho/video_695_rango_30600_33840/frames_selected/frame_31491.png,This is a colonoscopy frame from a patient with no polyps.
/workspace/igho/video_695_rango_30600_33840/frames_selected/frame_31492.png,This is a colonoscopy frame from a patient with no polyps.
/workspace/igho/video_695_rango_30600_33840/frames_selected/frame_31493.png,This is a colonoscopy frame from a patient with no polyps.
/workspace/igho/video_695_rango_30600_33840/frames_selected/frame_31494.png,This is a colonoscopy frame from a patient with no polyps.
/workspace/igho/video_695_rango_30600_33840/frames_selected/frame_31495.png,This is a colonoscopy frame from a patient with no polyps.
/workspace/igho/video_695_rango_30600_33840/frames_selected/frame_31496.png,This is a colonoscopy frame from a patient with no polyps.
/workspace/igho/video_695_rango_30600_33840/frames_selected/frame_31497.png,This is a colonoscopy frame from a patient with no polyps.
/workspace/igho/video_695_rango_30600_33840/frames_selected/frame_31498.png,This is a colonoscopy frame from a patient with no polyps.
/workspace/igho/video_695_rango_30600_33840/frames_selected/frame_31499.png,This is a colonoscopy frame from a patient with no polyps.
/workspace/igho/video_695_rango_30600_33840/frames_selected/frame_31500.png,This is a colonoscopy frame from a patient with no polyps.
/workspace/igho/video_695_rango_30600_33840/frames_selected/frame_31501.png,This is a colonoscopy frame from a patient with no polyps.
/workspace/igho/video_695_rango_30600_33840/frames_selected/frame_31502.png,This is a colonoscopy frame from a patient with no polyps.
/workspace/igho/video_695_rango_30600_33840/frames_selected/frame_31503.png,This is a colonoscopy frame from a patient with no polyps.
/workspace/igho/video_695_rango_30600_33840/frames_selected/frame_31504.png,This is a colonoscopy frame from a patient with no polyps.
/workspace/igho/video_695_rango_30600_33840/frames_selected/frame_31505.png,This is a colonoscopy frame from a patient with no polyps.
/workspace/igho/video_695_rango_30600_33840/frames_selected/frame_31506.png,This is a colonoscopy frame from a patient with a sessile adenoma polyp measuring 4 mm located in the sigmoid colon.
/workspace/igho/video_695_rango_30600_33840/frames_selected/frame_31507.png,This is a colonoscopy frame from a patient with a sessile adenoma polyp measuring 4 mm located in the sigmoid colon.
/workspace/igho/video_695_rango_30600_33840/frames_selected/frame_31508.png,This is a colonoscopy frame from a patient with no polyps.
/workspace/igho/video_695_rango_30600_33840/frames_selected/frame_31509.png,This is a colonoscopy frame from a patient with a sessile adenoma polyp measuring 4 mm located in the sigmoid colon.
/workspace/igho/video_695_rango_30600_33840/frames_selected/frame_31510.png,This is a colonoscopy frame from a patient with a sessile adenoma polyp measuring 4 mm located in the sigmoid colon.
/workspace/igho/video_695_rango_30600_33840/frames_selected/frame_31511.png,This is a colonoscopy frame from a patient with no polyps.
/workspace/igho/video_695_rango_30600_33840/frames_selected/frame_31512.png,This is a colonoscopy frame from a patient with a sessile adenoma polyp measuring 4 mm located in the sigmoid colon.
/workspace/igho/video_695_rango_30600_33840/frames_selected/frame_31513.png,This is a colonoscopy frame from a patient with a sessile adenoma polyp measuring 4 mm located in the sigmoid colon.
/workspace/igho/video_695_rango_30600_33840/frames_selected/frame_31514.png,This is a colonoscopy frame from a patient with a sessile adenoma polyp measuring 4 mm located in the sigmoid colon.
/workspace/igho/video_695_rango_30600_33840/frames_selected/frame_31515.png,This is a colonoscopy frame from a patient with no polyps.
/workspace/igho/video_695_rango_30600_33840/frames_selected/frame_31516.png,This is a colonoscopy frame from a patient with no polyps.
/workspace/igho/video_695_rango_30600_33840/frames_selected/frame_31517.png,This is a colonoscopy frame from a patient with a sessile adenoma polyp measuring 4 mm located in the sigmoid colon.
/workspace/igho/video_695_rango_30600_33840/frames_selected/frame_31518.png,This is a colonoscopy frame from a patient with no polyps.
/workspace/igho/video_695_rango_30600_33840/frames_selected/frame_31519.png,This is a colonoscopy frame from a patient with no polyps.
/workspace/igho/video_695_rango_30600_33840/frames_selected/frame_31520.png,This is a colonoscopy frame from a patient with a sessile adenoma polyp measuring 4 mm located in the sigmoid colon.
/workspace/igho/video_695_rango_30600_33840/frames_selected/frame_31521.png,This is a colonoscopy frame from a patient with a sessile adenoma polyp measuring 4 mm located in the sigmoid colon.
/workspace/igho/video_695_rango_30600_33840/frames_selected/frame_31522.png,This is a colonoscopy frame from a patient with a sessile adenoma polyp measuring 4 mm located in the sigmoid colon.
/workspace/igho/video_695_rango_30600_33840/frames_selected/frame_31523.png,This is a colonoscopy frame from a patient with no polyps.
/workspace/igho/video_695_rango_30600_33840/frames_selected/frame_31524.png,This is a colonoscopy frame from a patient with a sessile adenoma polyp measuring 4 mm located in the sigmoid colon.
/workspace/igho/video_695_rango_30600_33840/frames_selected/frame_31525.png,This is a colonoscopy frame from a patient with a sessile adenoma polyp measuring 4 mm located in the sigmoid colon.
/workspace/igho/video_695_rango_30600_33840/frames_selected/frame_31526.png,This is a colonoscopy frame from a patient with no polyps.
/workspace/igho/video_695_rango_30600_33840/frames_selected/frame_31527.png,This is a colonoscopy frame from a patient with no polyps.
/workspace/igho/video_695_rango_30600_33840/frames_selected/frame_31528.png,This is a colonoscopy frame from a patient with no polyps.
/workspace/igho/video_695_rango_30600_33840/frames_selected/frame_31529.png,This is a colonoscopy frame from a patient with a sessile adenoma polyp measuring 4 mm located in the sigmoid colon.
/workspace/igho/video_695_rango_30600_33840/frames_selected/frame_31530.png,This is a colonoscopy frame from a patient with a sessile hyperplastic polyp measuring 5 mm located in the ascending colon.
/workspace/igho/video_695_rango_30600_33840/frames_selected/frame_31531.png,This is a colonoscopy frame from a patient with a sessile hyperplastic polyp measuring 5 mm located in the ascending colon.
/workspace/igho/video_695_rango_30600_33840/frames_selected/frame_31532.png,This is a colonoscopy frame from a patient with a sessile adenoma polyp measuring 4 mm located in the sigmoid colon.
/workspace/igho/video_695_rango_30600_33840/frames_selected/frame_31533.png,This is a colonoscopy frame from a patient with no polyps.
/workspace/igho/video_695_rango_30600_33840/frames_selected/frame_31534.png,This is a colonoscopy frame from a patient with no polyps.
/workspace/igho/video_695_rango_30600_33840/frames_selected/frame_31535.png,This is a colonoscopy frame from a patient with no polyps.
/workspace/igho/video_695_rango_30600_33840/frames_selected/frame_31536.png,This is a colonoscopy frame from a patient with no polyps.
/workspace/igho/video_695_rango_30600_33840/frames_selected/frame_31537.png,This is a colonoscopy frame from a patient with no polyps.
/workspace/igho/video_695_rango_30600_33840/frames_selected/frame_31538.png,This is a colonoscopy frame from a patient with a sessile hyperplastic polyp measuring 5 mm located in the ascending colon.
/workspace/igho/video_695_rango_30600_33840/frames_selected/frame_31539.png,This is a colonoscopy frame from a patient with no polyps.
/workspace/igho/video_695_rango_30600_33840/frames_selected/frame_31540.png,This is a colonoscopy frame from a patient with no polyps.
/workspace/igho/video_695_rango_30600_33840/frames_selected/frame_31541.png,This is a colonoscopy frame from a patient with no polyps.
/workspace/igho/video_695_rango_30600_33840/frames_selected/frame_31542.png,This is a colonoscopy frame from a patient with no polyps.
/workspace/igho/video_695_rango_30600_33840/frames_selected/frame_31543.png,This is a colonoscopy frame from a patient with no polyps.
/workspace/igho/video_695_rango_30600_33840/frames_selected/frame_31544.png,This is a colonoscopy frame from a patient with no polyps.
/workspace/igho/video_695_rango_30600_33840/frames_selected/frame_31545.png,This is a colonoscopy frame from a patient with a sessile hyperplastic polyp measuring 4 mm located in the sigmoid colon.
/workspace/igho/video_695_rango_30600_33840/frames_selected/frame_31546.png,This is a colonoscopy frame from a patient with a sessile hyperplastic polyp measuring 4 mm located in the sigmoid colon.
/workspace/igho/video_695_rango_30600_33840/frames_selected/frame_31547.png,This is a colonoscopy frame from a patient with no polyps.
/workspace/igho/video_695_rango_30600_33840/frames_selected/frame_31548.png,This is a colonoscopy frame from a patient with no polyps.
/workspace/igho/video_695_rango_30600_33840/frames_selected/frame_31549.png,This is a colonoscopy frame from a patient with no polyps.
/workspace/igho/video_695_rango_30600_33840/frames_selected/frame_31550.png,This is a colonoscopy frame from a patient with no polyps.
/workspace/igho/video_695_rango_30600_33840/frames_selected/frame_31551.png,This is a colonoscopy frame from a patient with no polyps.
/workspace/igho/video_695_rango_30600_33840/frames_selected/frame_31552.png,This is a colonoscopy frame from a patient with no polyps.
/workspace/igho/video_695_rango_30600_33840/frames_selected/frame_31553.png,This is a colonoscopy frame from a patient with a sessile hyperplastic polyp measuring 4 mm located in the sigmoid colon.
/workspace/igho/video_695_rango_30600_33840/frames_selected/frame_31554.png,This is a colonoscopy frame from a patient with no polyps.
/workspace/igho/video_695_rango_30600_33840/frames_selected/frame_31555.png,This is a colonoscopy frame from a patient with no polyps.
/workspace/igho/video_695_rango_30600_33840/frames_selected/frame_31556.png,This is a colonoscopy frame from a patient with no polyps.
/workspace/igho/video_695_rango_30600_33840/frames_selected/frame_31557.png,This is a colonoscopy frame from a patient with no polyps.
/workspace/igho/video_695_rango_30600_33840/frames_selected/frame_31558.png,This is a colonoscopy frame from a patient with no polyps.
/workspace/igho/video_695_rango_30600_33840/frames_selected/frame_31559.png,This is a colonoscopy frame from a patient with no polyps.
/workspace/igho/video_695_rango_30600_33840/frames_selected/frame_31560.png,This is a colonoscopy frame from a patient with no polyps.
/workspace/igho/video_695_rango_30600_33840/frames_selected/frame_31561.png,This is a colonoscopy frame from a patient with no polyps.
/workspace/igho/video_695_rango_30600_33840/frames_selected/frame_31562.png,This is a colonoscopy frame from a patient with no polyps.
/workspace/igho/video_695_rango_30600_33840/frames_selected/frame_31563.png,This is a colonoscopy frame from a patient with no polyps.
/workspace/igho/video_695_rango_30600_33840/frames_selected/frame_31564.png,This is a colonoscopy frame from a patient with no polyps.
/workspace/igho/video_695_rango_30600_33840/frames_selected/frame_31565.png,This is a colonoscopy frame from a patient with no polyps.
/workspace/igho/video_695_rango_30600_33840/frames_selected/frame_31566.png,This is a colonoscopy frame from a patient with no polyps.
/workspace/igho/video_695_rango_30600_33840/frames_selected/frame_31567.png,This is a colonoscopy frame from a patient with no polyps.
/workspace/igho/video_695_rango_30600_33840/frames_selected/frame_31568.png,This is a colonoscopy frame from a patient with no polyps.
/workspace/igho/video_695_rango_30600_33840/frames_selected/frame_31569.png,This is a colonoscopy frame from a patient with a sessile adenoma polyp measuring 4 mm located in the sigmoid colon.
/workspace/igho/video_695_rango_30600_33840/frames_selected/frame_31570.png,This is a colonoscopy frame from a patient with a sessile adenoma polyp measuring 4 mm located in the sigmoid colon.
/workspace/igho/video_695_rango_30600_33840/frames_selected/frame_31571.png,This is a colonoscopy frame from a patient with no polyps.
/workspace/igho/video_695_rango_30600_33840/frames_selected/frame_31572.png,This is a colonoscopy frame from a patient with no polyps.
/workspace/igho/video_695_rango_30600_33840/frames_selected/frame_31573.png,This is a colonoscopy frame from a patient with no polyps.
/workspace/igho/video_695_rango_30600_33840/frames_selected/frame_31574.png,This is a colonoscopy frame from a patient with no polyps.
/workspace/igho/video_695_rango_30600_33840/frames_selected/frame_31575.png,This is a colonoscopy frame from a patient with no polyps.
/workspace/igho/video_695_rango_30600_33840/frames_selected/frame_31576.png,This is a colonoscopy frame from a patient with no polyps.
/workspace/igho/video_695_rango_30600_33840/frames_selected/frame_31577.png,This is a colonoscopy frame from a patient with a sessile adenoma polyp measuring 4 mm located in the sigmoid colon.
/workspace/igho/video_695_rango_30600_33840/frames_selected/frame_31578.png,This is a colonoscopy frame from a patient with no polyps.
/workspace/igho/video_695_rango_30600_33840/frames_selected/frame_31579.png,This is a colonoscopy frame from a patient with no polyps.
/workspace/igho/video_695_rango_30600_33840/frames_selected/frame_31580.png,This is a colonoscopy frame from a patient with no polyps.
/workspace/igho/video_695_rango_30600_33840/frames_selected/frame_31581.png,This is a colonoscopy frame from a patient with no polyps.
/workspace/igho/video_695_rango_30600_33840/frames_selected/frame_31582.png,This is a colonoscopy frame from a patient with no polyps.
/workspace/igho/video_695_rango_30600_33840/frames_selected/frame_31583.png,This is a colonoscopy frame from a patient with no polyps.
/workspace/igho/video_695_rango_30600_33840/frames_selected/frame_31584.png,This is a colonoscopy frame from a patient with no polyps.
/workspace/igho/video_695_rango_30600_33840/frames_selected/frame_31585.png,This is a colonoscopy frame from a patient with no polyps.
/workspace/igho/video_695_rango_30600_33840/frames_selected/frame_31586.png,This is a colonoscopy frame from a patient with no polyps.
/workspace/igho/video_695_rango_30600_33840/frames_selected/frame_31587.png,This is a colonoscopy frame from a patient with no polyps.
/workspace/igho/video_695_rango_30600_33840/frames_selected/frame_31588.png,This is a colonoscopy frame from a patient with no polyps.
/workspace/igho/video_695_rango_30600_33840/frames_selected/frame_31589.png,This is a colonoscopy frame from a patient with no polyps.
/workspace/igho/video_695_rango_30600_33840/frames_selected/frame_31590.png,This is a colonoscopy frame from a patient with no polyps.
/workspace/igho/video_695_rango_30600_33840/frames_selected/frame_31591.png,This is a colonoscopy frame from a patient with no polyps.
/workspace/igho/video_695_rango_30600_33840/frames_selected/frame_31592.png,This is a colonoscopy frame from a patient with no polyps.
/workspace/igho/video_695_rango_30600_33840/frames_selected/frame_31593.png,This is a colonoscopy frame from a patient with no polyps.
/workspace/igho/video_695_rango_30600_33840/frames_selected/frame_31594.png,This is a colonoscopy frame from a patient with no polyps.
/workspace/igho/video_695_rango_30600_33840/frames_selected/frame_31595.png,This is a colonoscopy frame from a patient with no polyps.
/workspace/igho/video_695_rango_30600_33840/frames_selected/frame_31596.png,This is a colonoscopy frame from a patient with no polyps.
/workspace/igho/video_695_rango_30600_33840/frames_selected/frame_31597.png,This is a colonoscopy frame from a patient with no polyps.
/workspace/igho/video_695_rango_30600_33840/frames_selected/frame_31598.png,This is a colonoscopy frame from a patient with no polyps.
/workspace/igho/video_695_rango_30600_33840/frames_selected/frame_31599.png,This is a colonoscopy frame from a patient with no polyps.
/workspace/igho/video_695_rango_30600_33840/frames_selected/frame_31600.png,This is a colonoscopy frame from a patient with no polyps.
/workspace/igho/video_695_rango_30600_33840/frames_selected/frame_31601.png,This is a colonoscopy frame from a patient with no polyps.
/workspace/igho/video_695_rango_30600_33840/frames_selected/frame_31602.png,This is a colonoscopy frame from a patient with no polyps.
/workspace/igho/video_695_rango_30600_33840/frames_selected/frame_31603.png,This is a colonoscopy frame from a patient with no polyps.
/workspace/igho/video_695_rango_30600_33840/frames_selected/frame_31604.png,This is a colonoscopy frame from a patient with no polyps.
/workspace/igho/video_695_rango_30600_33840/frames_selected/frame_31605.png,This is a colonoscopy frame from a patient with no polyps.
/workspace/igho/video_695_rango_30600_33840/frames_selected/frame_31606.png,This is a colonoscopy frame from a patient with no polyps.
/workspace/igho/video_695_rango_30600_33840/frames_selected/frame_31607.png,This is a colonoscopy frame from a patient with no polyps.
/workspace/igho/video_695_rango_30600_33840/frames_selected/frame_31608.png,This is a colonoscopy frame from a patient with no polyps.
/workspace/igho/video_695_rango_30600_33840/frames_selected/frame_31609.png,This is a colonoscopy frame from a patient with no polyps.
/workspace/igho/video_695_rango_30600_33840/frames_selected/frame_31610.png,This is a colonoscopy frame from a patient with no polyps.
/workspace/igho/video_695_rango_30600_33840/frames_selected/frame_31611.png,This is a colonoscopy frame from a patient with no polyps.
/workspace/igho/video_695_rango_30600_33840/frames_selected/frame_31612.png,This is a colonoscopy frame from a patient with no polyps.
/workspace/igho/video_695_rango_30600_33840/frames_selected/frame_31613.png,This is a colonoscopy frame from a patient with no polyps.
/workspace/igho/video_695_rango_30600_33840/frames_selected/frame_31614.png,This is a colonoscopy frame from a patient with a sessile adenoma polyp measuring 4 mm located in the sigmoid colon.
/workspace/igho/video_695_rango_30600_33840/frames_selected/frame_31615.png,This is a colonoscopy frame from a patient with a sessile adenoma polyp measuring 4 mm located in the sigmoid colon.
/workspace/igho/video_695_rango_30600_33840/frames_selected/frame_31616.png,This is a colonoscopy frame from a patient with no polyps.
/workspace/igho/video_695_rango_30600_33840/frames_selected/frame_31617.png,This is a colonoscopy frame from a patient with no polyps.
/workspace/igho/video_695_rango_30600_33840/frames_selected/frame_31618.png,This is a colonoscopy frame from a patient with no polyps.
/workspace/igho/video_695_rango_30600_33840/frames_selected/frame_31619.png,This is a colonoscopy frame from a patient with no polyps.
/workspace/igho/video_695_rango_30600_33840/frames_selected/frame_31620.png,This is a colonoscopy frame from a patient with no polyps.
/workspace/igho/video_695_rango_30600_33840/frames_selected/frame_31621.png,This is a colonoscopy frame from a patient with no polyps.
/workspace/igho/video_695_rango_30600_33840/frames_selected/frame_31622.png,This is a colonoscopy frame from a patient with a sessile adenoma polyp measuring 4 mm located in the sigmoid colon.
/workspace/igho/video_695_rango_30600_33840/frames_selected/frame_31623.png,This is a colonoscopy frame from a patient with a sessile adenoma polyp measuring 4 mm located in the sigmoid colon.
/workspace/igho/video_695_rango_30600_33840/frames_selected/frame_31624.png,This is a colonoscopy frame from a patient with a sessile adenoma polyp measuring 4 mm located in the sigmoid colon.
/workspace/igho/video_695_rango_30600_33840/frames_selected/frame_31625.png,This is a colonoscopy frame from a patient with no polyps.
/workspace/igho/video_695_rango_30600_33840/frames_selected/frame_31626.png,This is a colonoscopy frame from a patient with no polyps.
/workspace/igho/video_695_rango_30600_33840/frames_selected/frame_31627.png,This is a colonoscopy frame from a patient with no polyps.
/workspace/igho/video_695_rango_30600_33840/frames_selected/frame_31628.png,This is a colonoscopy frame from a patient with no polyps.
/workspace/igho/video_695_rango_30600_33840/frames_selected/frame_31629.png,This is a colonoscopy frame from a patient with no polyps.
/workspace/igho/video_695_rango_30600_33840/frames_selected/frame_31630.png,This is a colonoscopy frame from a patient with no polyps.
/workspace/igho/video_695_rango_30600_33840/frames_selected/frame_31631.png,This is a colonoscopy frame from a patient with a sessile adenoma polyp measuring 4 mm located in the sigmoid colon.
/workspace/igho/video_695_rango_30600_33840/frames_selected/frame_31632.png,This is a colonoscopy frame from a patient with no polyps.
/workspace/igho/video_695_rango_30600_33840/frames_selected/frame_31633.png,This is a colonoscopy frame from a patient with no polyps.
/workspace/igho/video_695_rango_30600_33840/frames_selected/frame_31634.png,This is a colonoscopy frame from a patient with no polyps.
/workspace/igho/video_695_rango_30600_33840/frames_selected/frame_31635.png,This is a colonoscopy frame from a patient with no polyps.
/workspace/igho/video_695_rango_30600_33840/frames_selected/frame_31636.png,This is a colonoscopy frame from a patient with no polyps.
/workspace/igho/video_695_rango_30600_33840/frames_selected/frame_31637.png,This is a colonoscopy frame from a patient with no polyps.
/workspace/igho/video_695_rango_30600_33840/frames_selected/frame_31638.png,This is a colonoscopy frame from a patient with a flat elevated mucosal adenoma polyp measuring 3 mm located in the sigmoid colon.
/workspace/igho/video_695_rango_30600_33840/frames_selected/frame_31639.png,This is a colonoscopy frame from a patient with a flat elevated mucosal adenoma polyp measuring 3 mm located in the sigmoid colon.
/workspace/igho/video_695_rango_30600_33840/frames_selected/frame_31640.png,This is a colonoscopy frame from a patient with no polyps.
/workspace/igho/video_695_rango_30600_33840/frames_selected/frame_31641.png,This is a colonoscopy frame from a patient with no polyps.
/workspace/igho/video_695_rango_30600_33840/frames_selected/frame_31642.png,This is a colonoscopy frame from a patient with no polyps.
/workspace/igho/video_695_rango_30600_33840/frames_selected/frame_31643.png,This is a colonoscopy frame from a patient with no polyps.
/workspace/igho/video_695_rango_30600_33840/frames_selected/frame_31644.png,This is a colonoscopy frame from a patient with no polyps.
/workspace/igho/video_695_rango_30600_33840/frames_selected/frame_31645.png,This is a colonoscopy frame from a patient with no polyps.
/workspace/igho/video_695_rango_30600_33840/frames_selected/frame_31646.png,This is a colonoscopy frame from a patient with a flat elevated mucosal adenoma polyp measuring 3 mm located in the sigmoid colon.
/workspace/igho/video_695_rango_30600_33840/frames_selected/frame_31647.png,This is a colonoscopy frame from a patient with a sessile adenoma polyp measuring 4 mm located in the sigmoid colon.
/workspace/igho/video_695_rango_30600_33840/frames_selected/frame_31648.png,This is a colonoscopy frame from a patient with a sessile adenoma polyp measuring 4 mm located in the sigmoid colon.
/workspace/igho/video_695_rango_30600_33840/frames_selected/frame_31649.png,This is a colonoscopy frame from a patient with no polyps.
/workspace/igho/video_695_rango_30600_33840/frames_selected/frame_31650.png,This is a colonoscopy frame from a patient with a sessile adenoma polyp measuring 4 mm located in the rectum.
/workspace/igho/video_695_rango_30600_33840/frames_selected/frame_31651.png,This is a colonoscopy frame from a patient with a sessile adenoma polyp measuring 4 mm located in the rectum.
/workspace/igho/video_695_rango_30600_33840/frames_selected/frame_31652.png,This is a colonoscopy frame from a patient with no polyps.
/workspace/igho/video_695_rango_30600_33840/frames_selected/frame_31653.png,This is a colonoscopy frame from a patient with no polyps.
/workspace/igho/video_695_rango_30600_33840/frames_selected/frame_31654.png,This is a colonoscopy frame from a patient with no polyps.
/workspace/igho/video_695_rango_30600_33840/frames_selected/frame_31655.png,This is a colonoscopy frame from a patient with a sessile adenoma polyp measuring 4 mm located in the sigmoid colon.
/workspace/igho/video_695_rango_30600_33840/frames_selected/frame_31656.png,This is a colonoscopy frame from a patient with a sessile adenoma polyp measuring 4 mm located in the sigmoid colon.
/workspace/igho/video_695_rango_30600_33840/frames_selected/frame_31657.png,This is a colonoscopy frame from a patient with a sessile adenoma polyp measuring 4 mm located in the sigmoid colon.
/workspace/igho/video_695_rango_30600_33840/frames_selected/frame_31658.png,This is a colonoscopy frame from a patient with a sessile adenoma polyp measuring 4 mm located in the rectum.
/workspace/igho/video_695_rango_30600_33840/frames_selected/frame_31659.png,This is a colonoscopy frame from a patient with a sessile adenoma polyp measuring 4 mm located in the sigmoid colon.
/workspace/igho/video_695_rango_30600_33840/frames_selected/frame_31660.png,This is a colonoscopy frame from a patient with a sessile adenoma polyp measuring 4 mm located in the sigmoid colon.
/workspace/igho/video_695_rango_30600_33840/frames_selected/frame_31661.png,This is a colonoscopy frame from a patient with no polyps.
/workspace/igho/video_695_rango_30600_33840/frames_selected/frame_31662.png,This is a colonoscopy frame from a patient with a sessile adenoma polyp measuring 4 mm located in the sigmoid colon.
/workspace/igho/video_695_rango_30600_33840/frames_selected/frame_31663.png,This is a colonoscopy frame from a patient with a sessile adenoma polyp measuring 4 mm located in the sigmoid colon.
/workspace/igho/video_695_rango_30600_33840/frames_selected/frame_31664.png,This is a colonoscopy frame from a patient with a sessile adenoma polyp measuring 4 mm located in the sigmoid colon.
/workspace/igho/video_695_rango_30600_33840/frames_selected/frame_31665.png,This is a colonoscopy frame from a patient with a sessile adenoma polyp measuring 4 mm located in the sigmoid colon.
/workspace/igho/video_695_rango_30600_33840/frames_selected/frame_31666.png,This is a colonoscopy frame from a patient with a sessile adenoma polyp measuring 4 mm located in the sigmoid colon.
/workspace/igho/video_695_rango_30600_33840/frames_selected/frame_31667.png,This is a colonoscopy frame from a patient with a sessile adenoma polyp measuring 4 mm located in the sigmoid colon.
/workspace/igho/video_695_rango_30600_33840/frames_selected/frame_31668.png,This is a colonoscopy frame from a patient with a sessile adenoma polyp measuring 4 mm located in the sigmoid colon.
/workspace/igho/video_695_rango_30600_33840/frames_selected/frame_31669.png,This is a colonoscopy frame from a patient with a sessile adenoma polyp measuring 4 mm located in the sigmoid colon.
/workspace/igho/video_695_rango_30600_33840/frames_selected/frame_31670.png,This is a colonoscopy frame from a patient with a sessile adenoma polyp measuring 4 mm located in the sigmoid colon.
/workspace/igho/video_695_rango_30600_33840/frames_selected/frame_31671.png,This is a colonoscopy frame from a patient with a subpedunculated adenoma polyp measuring 8 mm located in the sigmoid colon.
/workspace/igho/video_695_rango_30600_33840/frames_selected/frame_31672.png,This is a colonoscopy frame from a patient with a subpedunculated adenoma polyp measuring 8 mm located in the sigmoid colon.
/workspace/igho/video_695_rango_30600_33840/frames_selected/frame_31673.png,This is a colonoscopy frame from a patient with a sessile adenoma polyp measuring 4 mm located in the sigmoid colon.
/workspace/igho/video_695_rango_30600_33840/frames_selected/frame_31674.png,This is a colonoscopy frame from a patient with a sessile adenoma polyp measuring 4 mm located in the sigmoid colon.
/workspace/igho/video_695_rango_30600_33840/frames_selected/frame_31675.png,This is a colonoscopy frame from a patient with a sessile adenoma polyp measuring 4 mm located in the sigmoid colon.
/workspace/igho/video_695_rango_30600_33840/frames_selected/frame_31676.png,This is a colonoscopy frame from a patient with a sessile adenoma polyp measuring 4 mm located in the sigmoid colon.
/workspace/igho/video_695_rango_30600_33840/frames_selected/frame_31677.png,This is a colonoscopy frame from a patient with a sessile adenoma polyp measuring 4 mm located in the sigmoid colon.
/workspace/igho/video_695_rango_30600_33840/frames_selected/frame_31678.png,This is a colonoscopy frame from a patient with a sessile adenoma polyp measuring 4 mm located in the sigmoid colon.
/workspace/igho/video_695_rango_30600_33840/frames_selected/frame_31679.png,This is a colonoscopy frame from a patient with a subpedunculated adenoma polyp measuring 8 mm located in the sigmoid colon.
/workspace/igho/video_695_rango_30600_33840/frames_selected/frame_31680.png,This is a colonoscopy frame from a patient with no polyps.
/workspace/igho/video_695_rango_30600_33840/frames_selected/frame_31681.png,This is a colonoscopy frame from a patient with no polyps.
/workspace/igho/video_695_rango_30600_33840/frames_selected/frame_31682.png,This is a colonoscopy frame from a patient with a sessile adenoma polyp measuring 4 mm located in the sigmoid colon.
/workspace/igho/video_695_rango_30600_33840/frames_selected/frame_31683.png,This is a colonoscopy frame from a patient with no polyps.
/workspace/igho/video_695_rango_30600_33840/frames_selected/frame_31684.png,This is a colonoscopy frame from a patient with no polyps.
/workspace/igho/video_695_rango_30600_33840/frames_selected/frame_31685.png,This is a colonoscopy frame from a patient with a sessile adenoma polyp measuring 4 mm located in the sigmoid colon.
/workspace/igho/video_695_rango_30600_33840/frames_selected/frame_31686.png,This is a colonoscopy frame from a patient with no polyps.
/workspace/igho/video_695_rango_30600_33840/frames_selected/frame_31687.png,This is a colonoscopy frame from a patient with no polyps.
/workspace/igho/video_695_rango_30600_33840/frames_selected/frame_31688.png,This is a colonoscopy frame from a patient with no polyps.
/workspace/igho/video_695_rango_30600_33840/frames_selected/frame_31689.png,This is a colonoscopy frame from a patient with no polyps.
/workspace/igho/video_695_rango_30600_33840/frames_selected/frame_31690.png,This is a colonoscopy frame from a patient with no polyps.
/workspace/igho/video_695_rango_30600_33840/frames_selected/frame_31691.png,This is a colonoscopy frame from a patient with no polyps.
/workspace/igho/video_695_rango_30600_33840/frames_selected/frame_31692.png,This is a colonoscopy frame from a patient with no polyps.
/workspace/igho/video_695_rango_30600_33840/frames_selected/frame_31693.png,This is a colonoscopy frame from a patient with no polyps.
/workspace/igho/video_695_rango_30600_33840/frames_selected/frame_31694.png,This is a colonoscopy frame from a patient with no polyps.
/workspace/igho/video_695_rango_30600_33840/frames_selected/frame_31695.png,This is a colonoscopy frame from a patient with a flat elevated mucosal adenoma polyp measuring 3 mm located in the rectum.
/workspace/igho/video_695_rango_30600_33840/frames_selected/frame_31696.png,This is a colonoscopy frame from a patient with a flat elevated mucosal adenoma polyp measuring 3 mm located in the rectum.
/workspace/igho/video_695_rango_30600_33840/frames_selected/frame_31697.png,This is a colonoscopy frame from a patient with no polyps.
/workspace/igho/video_695_rango_30600_33840/frames_selected/frame_31698.png,This is a colonoscopy frame from a patient with no polyps.
/workspace/igho/video_695_rango_30600_33840/frames_selected/frame_31699.png,This is a colonoscopy frame from a patient with no polyps.
/workspace/igho/video_695_rango_30600_33840/frames_selected/frame_31700.png,This is a colonoscopy frame from a patient with no polyps.
/workspace/igho/video_695_rango_30600_33840/frames_selected/frame_31701.png,This is a colonoscopy frame from a patient with no polyps.
/workspace/igho/video_695_rango_30600_33840/frames_selected/frame_31702.png,This is a colonoscopy frame from a patient with no polyps.
/workspace/igho/video_695_rango_30600_33840/frames_selected/frame_31703.png,This is a colonoscopy frame from a patient with a flat elevated mucosal adenoma polyp measuring 3 mm located in the rectum.
/workspace/igho/video_695_rango_30600_33840/frames_selected/frame_31704.png,This is a colonoscopy frame from a patient with a flat elevated mucosal adenoma polyp measuring 3 mm located in the rectum.
/workspace/igho/video_695_rango_30600_33840/frames_selected/frame_31705.png,This is a colonoscopy frame from a patient with a flat elevated mucosal adenoma polyp measuring 3 mm located in the rectum.
/workspace/igho/video_695_rango_30600_33840/frames_selected/frame_31706.png,This is a colonoscopy frame from a patient with no polyps.
/workspace/igho/video_695_rango_30600_33840/frames_selected/frame_31707.png,This is a colonoscopy frame from a patient with no polyps.
/workspace/igho/video_695_rango_30600_33840/frames_selected/frame_31708.png,This is a colonoscopy frame from a patient with no polyps.
/workspace/igho/video_695_rango_30600_33840/frames_selected/frame_31709.png,This is a colonoscopy frame from a patient with no polyps.
/workspace/igho/video_695_rango_30600_33840/frames_selected/frame_31710.png,This is a colonoscopy frame from a patient with no polyps.
/workspace/igho/video_695_rango_30600_33840/frames_selected/frame_31711.png,This is a colonoscopy frame from a patient with no polyps.
/workspace/igho/video_695_rango_30600_33840/frames_selected/frame_31712.png,This is a colonoscopy frame from a patient with a flat elevated mucosal adenoma polyp measuring 3 mm located in the rectum.
/workspace/igho/video_695_rango_30600_33840/frames_selected/frame_31713.png,This is a colonoscopy frame from a patient with no polyps.
/workspace/igho/video_695_rango_30600_33840/frames_selected/frame_31714.png,This is a colonoscopy frame from a patient with no polyps.
/workspace/igho/video_695_rango_30600_33840/frames_selected/frame_31715.png,This is a colonoscopy frame from a patient with no polyps.
/workspace/igho/video_695_rango_30600_33840/frames_selected/frame_31716.png,This is a colonoscopy frame from a patient with no polyps.
/workspace/igho/video_695_rango_30600_33840/frames_selected/frame_31717.png,This is a colonoscopy frame from a patient with no polyps.
/workspace/igho/video_695_rango_30600_33840/frames_selected/frame_31718.png,This is a colonoscopy frame from a patient with no polyps.
/workspace/igho/video_695_rango_30600_33840/frames_selected/frame_31719.png,This is a colonoscopy frame from a patient with no polyps.
/workspace/igho/video_695_rango_30600_33840/frames_selected/frame_31720.png,This is a colonoscopy frame from a patient with no polyps.
/workspace/igho/video_695_rango_30600_33840/frames_selected/frame_31721.png,This is a colonoscopy frame from a patient with no polyps.
/workspace/igho/video_695_rango_30600_33840/frames_selected/frame_31722.png,This is a colonoscopy frame from a patient with no polyps.
/workspace/igho/video_695_rango_30600_33840/frames_selected/frame_31723.png,This is a colonoscopy frame from a patient with no polyps.
/workspace/igho/video_695_rango_30600_33840/frames_selected/frame_31724.png,This is a colonoscopy frame from a patient with no polyps.
/workspace/igho/video_695_rango_30600_33840/frames_selected/frame_31725.png,This is a colonoscopy frame from a patient with no polyps.
/workspace/igho/video_695_rango_30600_33840/frames_selected/frame_31726.png,This is a colonoscopy frame from a patient with no polyps.
/workspace/igho/video_695_rango_30600_33840/frames_selected/frame_31727.png,This is a colonoscopy frame from a patient with no polyps.
/workspace/igho/video_695_rango_30600_33840/frames_selected/frame_31728.png,This is a colonoscopy frame from a patient with no polyps.
/workspace/igho/video_695_rango_30600_33840/frames_selected/frame_31729.png,This is a colonoscopy frame from a patient with no polyps.
/workspace/igho/video_695_rango_30600_33840/frames_selected/frame_31730.png,This is a colonoscopy frame from a patient with no polyps.
/workspace/igho/video_695_rango_30600_33840/frames_selected/frame_31731.png,This is a colonoscopy frame from a patient with a flat elevated mucosal adenoma polyp measuring 3 mm located in the descending colon.
/workspace/igho/video_695_rango_30600_33840/frames_selected/frame_31732.png,This is a colonoscopy frame from a patient with a flat elevated mucosal adenoma polyp measuring 3 mm located in the descending colon.
/workspace/igho/video_695_rango_30600_33840/frames_selected/frame_31733.png,This is a colonoscopy frame from a patient with no polyps.
/workspace/igho/video_695_rango_30600_33840/frames_selected/frame_31734.png,This is a colonoscopy frame from a patient with no polyps.
/workspace/igho/video_695_rango_30600_33840/frames_selected/frame_31735.png,This is a colonoscopy frame from a patient with no polyps.
/workspace/igho/video_695_rango_30600_33840/frames_selected/frame_31736.png,This is a colonoscopy frame from a patient with no polyps.
/workspace/igho/video_695_rango_30600_33840/frames_selected/frame_31737.png,This is a colonoscopy frame from a patient with no polyps.
/workspace/igho/video_695_rango_30600_33840/frames_selected/frame_31738.png,This is a colonoscopy frame from a patient with no polyps.
/workspace/igho/video_695_rango_30600_33840/frames_selected/frame_31739.png,This is a colonoscopy frame from a patient with a flat elevated mucosal adenoma polyp measuring 3 mm located in the descending colon.
/workspace/igho/video_695_rango_30600_33840/frames_selected/frame_31740.png,This is a colonoscopy frame from a patient with no polyps.
/workspace/igho/video_695_rango_30600_33840/frames_selected/frame_31741.png,This is a colonoscopy frame from a patient with no polyps.
/workspace/igho/video_695_rango_30600_33840/frames_selected/frame_31742.png,This is a colonoscopy frame from a patient with no polyps.
/workspace/igho/video_695_rango_30600_33840/frames_selected/frame_31743.png,This is a colonoscopy frame from a patient with no polyps.
/workspace/igho/video_695_rango_30600_33840/frames_selected/frame_31744.png,This is a colonoscopy frame from a patient with no polyps.
/workspace/igho/video_695_rango_30600_33840/frames_selected/frame_31745.png,This is a colonoscopy frame from a patient with no polyps.
/workspace/igho/video_695_rango_30600_33840/frames_selected/frame_31746.png,This is a colonoscopy frame from a patient with no polyps.
/workspace/igho/video_695_rango_30600_33840/frames_selected/frame_31747.png,This is a colonoscopy frame from a patient with no polyps.
/workspace/igho/video_695_rango_30600_33840/frames_selected/frame_31748.png,This is a colonoscopy frame from a patient with no polyps.
/workspace/igho/video_695_rango_30600_33840/frames_selected/frame_31749.png,This is a colonoscopy frame from a patient with no polyps.
/workspace/igho/video_695_rango_30600_33840/frames_selected/frame_31750.png,This is a colonoscopy frame from a patient with no polyps.
/workspace/igho/video_695_rango_30600_33840/frames_selected/frame_31751.png,This is a colonoscopy frame from a patient with no polyps.
/workspace/igho/video_695_rango_30600_33840/frames_selected/frame_31752.png,This is a colonoscopy frame from a patient with no polyps.
/workspace/igho/video_695_rango_30600_33840/frames_selected/frame_31753.png,This is a colonoscopy frame from a patient with no polyps.
/workspace/igho/video_695_rango_30600_33840/frames_selected/frame_31754.png,This is a colonoscopy frame from a patient with no polyps.
/workspace/igho/video_695_rango_30600_33840/frames_selected/frame_31755.png,This is a colonoscopy frame from a patient with no polyps.
/workspace/igho/video_695_rango_30600_33840/frames_selected/frame_31756.png,This is a colonoscopy frame from a patient with no polyps.
/workspace/igho/video_695_rango_30600_33840/frames_selected/frame_31757.png,This is a colonoscopy frame from a patient with no polyps.
/workspace/igho/video_695_rango_30600_33840/frames_selected/frame_31758.png,This is a colonoscopy frame from a patient with no polyps.
/workspace/igho/video_695_rango_30600_33840/frames_selected/frame_31759.png,This is a colonoscopy frame from a patient with no polyps.
/workspace/igho/video_695_rango_30600_33840/frames_selected/frame_31760.png,This is a colonoscopy frame from a patient with no polyps.
/workspace/igho/video_695_rango_30600_33840/frames_selected/frame_31761.png,This is a colonoscopy frame from a patient with no polyps.
/workspace/igho/video_695_rango_30600_33840/frames_selected/frame_31762.png,This is a colonoscopy frame from a patient with no polyps.
/workspace/igho/video_695_rango_30600_33840/frames_selected/frame_31763.png,This is a colonoscopy frame from a patient with no polyps.
/workspace/igho/video_695_rango_30600_33840/frames_selected/frame_31764.png,This is a colonoscopy frame from a patient with no polyps.
/workspace/igho/video_695_rango_30600_33840/frames_selected/frame_31765.png,This is a colonoscopy frame from a patient with no polyps.
/workspace/igho/video_695_rango_30600_33840/frames_selected/frame_31766.png,This is a colonoscopy frame from a patient with no polyps.
/workspace/igho/video_695_rango_30600_33840/frames_selected/frame_31767.png,This is a colonoscopy frame from a patient with no polyps.
/workspace/igho/video_695_rango_30600_33840/frames_selected/frame_31768.png,This is a colonoscopy frame from a patient with no polyps.
/workspace/igho/video_695_rango_30600_33840/frames_selected/frame_31769.png,This is a colonoscopy frame from a patient with no polyps.
/workspace/igho/video_695_rango_30600_33840/frames_selected/frame_31770.png,This is a colonoscopy frame from a patient with no polyps.
/workspace/igho/video_695_rango_30600_33840/frames_selected/frame_31771.png,This is a colonoscopy frame from a patient with no polyps.
/workspace/igho/video_695_rango_30600_33840/frames_selected/frame_31772.png,This is a colonoscopy frame from a patient with no polyps.
/workspace/igho/video_695_rango_30600_33840/frames_selected/frame_31773.png,This is a colonoscopy frame from a patient with no polyps.
/workspace/igho/video_695_rango_30600_33840/frames_selected/frame_31774.png,This is a colonoscopy frame from a patient with no polyps.
/workspace/igho/video_695_rango_30600_33840/frames_selected/frame_31775.png,This is a colonoscopy frame from a patient with no polyps.
/workspace/igho/video_695_rango_30600_33840/frames_selected/frame_31776.png,This is a colonoscopy frame from a patient with no polyps.
/workspace/igho/video_695_rango_30600_33840/frames_selected/frame_31777.png,This is a colonoscopy frame from a patient with no polyps.
/workspace/igho/video_695_rango_30600_33840/frames_selected/frame_31778.png,This is a colonoscopy frame from a patient with no polyps.
/workspace/igho/video_695_rango_30600_33840/frames_selected/frame_31779.png,This is a colonoscopy frame from a patient with no polyps.
/workspace/igho/video_695_rango_30600_33840/frames_selected/frame_31780.png,This is a colonoscopy frame from a patient with no polyps.
/workspace/igho/video_695_rango_30600_33840/frames_selected/frame_31781.png,This is a colonoscopy frame from a patient with no polyps.
/workspace/igho/video_695_rango_30600_33840/frames_selected/frame_31782.png,This is a colonoscopy frame from a patient with no polyps.
/workspace/igho/video_695_rango_30600_33840/frames_selected/frame_31783.png,This is a colonoscopy frame from a patient with no polyps.
/workspace/igho/video_695_rango_30600_33840/frames_selected/frame_31784.png,This is a colonoscopy frame from a patient with no polyps.
/workspace/igho/video_695_rango_30600_33840/frames_selected/frame_31785.png,This is a colonoscopy frame from a patient with a sessile adenoma polyp measuring 4 mm located in the sigmoid colon.
/workspace/igho/video_695_rango_30600_33840/frames_selected/frame_31786.png,This is a colonoscopy frame from a patient with a sessile adenoma polyp measuring 4 mm located in the sigmoid colon.
/workspace/igho/video_695_rango_30600_33840/frames_selected/frame_31787.png,This is a colonoscopy frame from a patient with no polyps.
/workspace/igho/video_695_rango_30600_33840/frames_selected/frame_31788.png,This is a colonoscopy frame from a patient with a sessile adenoma polyp measuring 4 mm located in the sigmoid colon.
/workspace/igho/video_695_rango_30600_33840/frames_selected/frame_31789.png,This is a colonoscopy frame from a patient with a sessile adenoma polyp measuring 4 mm located in the sigmoid colon.
/workspace/igho/video_695_rango_30600_33840/frames_selected/frame_31790.png,This is a colonoscopy frame from a patient with no polyps.
/workspace/igho/video_695_rango_30600_33840/frames_selected/frame_31791.png,This is a colonoscopy frame from a patient with no polyps.
/workspace/igho/video_695_rango_30600_33840/frames_selected/frame_31792.png,This is a colonoscopy frame from a patient with no polyps.
/workspace/igho/video_695_rango_30600_33840/frames_selected/frame_31793.png,This is a colonoscopy frame from a patient with a sessile adenoma polyp measuring 4 mm located in the sigmoid colon.
/workspace/igho/video_695_rango_30600_33840/frames_selected/frame_31794.png,This is a colonoscopy frame from a patient with a sessile adenoma polyp measuring 4 mm located in the sigmoid colon.
/workspace/igho/video_695_rango_30600_33840/frames_selected/frame_31795.png,This is a colonoscopy frame from a patient with a sessile adenoma polyp measuring 4 mm located in the sigmoid colon.
/workspace/igho/video_695_rango_30600_33840/frames_selected/frame_31796.png,This is a colonoscopy frame from a patient with a sessile adenoma polyp measuring 4 mm located in the sigmoid colon.
/workspace/igho/video_695_rango_30600_33840/frames_selected/frame_31797.png,This is a colonoscopy frame from a patient with a sessile adenoma polyp measuring 4 mm located in the sigmoid colon.
/workspace/igho/video_695_rango_30600_33840/frames_selected/frame_31798.png,This is a colonoscopy frame from a patient with a sessile adenoma polyp measuring 4 mm located in the sigmoid colon.
/workspace/igho/video_695_rango_30600_33840/frames_selected/frame_31799.png,This is a colonoscopy frame from a patient with no polyps.
/workspace/igho/video_695_rango_30600_33840/frames_selected/frame_31800.png,This is a colonoscopy frame from a patient with a sessile adenoma polyp measuring 4 mm located in the sigmoid colon.
/workspace/igho/video_695_rango_30600_33840/frames_selected/frame_31801.png,This is a colonoscopy frame from a patient with a sessile adenoma polyp measuring 4 mm located in the sigmoid colon.
/workspace/igho/video_695_rango_30600_33840/frames_selected/frame_31802.png,This is a colonoscopy frame from a patient with a sessile adenoma polyp measuring 4 mm located in the sigmoid colon.
/workspace/igho/video_695_rango_30600_33840/frames_selected/frame_31803.png,This is a colonoscopy frame from a patient with a sessile adenoma polyp measuring 4 mm located in the sigmoid colon.
/workspace/igho/video_695_rango_30600_33840/frames_selected/frame_31804.png,This is a colonoscopy frame from a patient with a sessile adenoma polyp measuring 4 mm located in the sigmoid colon.
/workspace/igho/video_695_rango_30600_33840/frames_selected/frame_31805.png,This is a colonoscopy frame from a patient with a sessile adenoma polyp measuring 4 mm located in the sigmoid colon.
/workspace/igho/video_695_rango_30600_33840/frames_selected/frame_31806.png,This is a colonoscopy frame from a patient with a sessile adenoma polyp measuring 4 mm located in the sigmoid colon.
/workspace/igho/video_695_rango_30600_33840/frames_selected/frame_31807.png,This is a colonoscopy frame from a patient with a sessile adenoma polyp measuring 4 mm located in the sigmoid colon.
/workspace/igho/video_695_rango_30600_33840/frames_selected/frame_31808.png,This is a colonoscopy frame from a patient with a sessile adenoma polyp measuring 4 mm located in the sigmoid colon.
/workspace/igho/video_695_rango_30600_33840/frames_selected/frame_31809.png,This is a colonoscopy frame from a patient with a sessile adenoma polyp measuring 4 mm located in the sigmoid colon.
/workspace/igho/video_695_rango_30600_33840/frames_selected/frame_31810.png,This is a colonoscopy frame from a patient with a sessile adenoma polyp measuring 4 mm located in the sigmoid colon.
/workspace/igho/video_695_rango_30600_33840/frames_selected/frame_31811.png,This is a colonoscopy frame from a patient with a sessile adenoma polyp measuring 4 mm located in the sigmoid colon.
/workspace/igho/video_695_rango_30600_33840/frames_selected/frame_31812.png,This is a colonoscopy frame from a patient with a sessile adenoma polyp measuring 4 mm located in the sigmoid colon.
/workspace/igho/video_695_rango_30600_33840/frames_selected/frame_31813.png,This is a colonoscopy frame from a patient with a sessile adenoma polyp measuring 4 mm located in the sigmoid colon.
/workspace/igho/video_695_rango_30600_33840/frames_selected/frame_31814.png,This is a colonoscopy frame from a patient with a sessile adenoma polyp measuring 4 mm located in the sigmoid colon.
/workspace/igho/video_695_rango_30600_33840/frames_selected/frame_31815.png,This is a colonoscopy frame from a patient with a sessile adenoma polyp measuring 4 mm located in the sigmoid colon.
/workspace/igho/video_695_rango_30600_33840/frames_selected/frame_31816.png,This is a colonoscopy frame from a patient with a sessile adenoma polyp measuring 4 mm located in the sigmoid colon.
/workspace/igho/video_695_rango_30600_33840/frames_selected/frame_31817.png,This is a colonoscopy frame from a patient with a sessile adenoma polyp measuring 4 mm located in the sigmoid colon.
/workspace/igho/video_695_rango_30600_33840/frames_selected/frame_31818.png,This is a colonoscopy frame from a patient with a sessile adenoma polyp measuring 4 mm located in the sigmoid colon.
/workspace/igho/video_695_rango_30600_33840/frames_selected/frame_31819.png,This is a colonoscopy frame from a patient with a sessile adenoma polyp measuring 4 mm located in the sigmoid colon.
/workspace/igho/video_695_rango_30600_33840/frames_selected/frame_31820.png,This is a colonoscopy frame from a patient with a sessile adenoma polyp measuring 4 mm located in the sigmoid colon.
/workspace/igho/video_695_rango_30600_33840/frames_selected/frame_31821.png,This is a colonoscopy frame from a patient with a sessile adenoma polyp measuring 4 mm located in the sigmoid colon.
/workspace/igho/video_695_rango_30600_33840/frames_selected/frame_31822.png,This is a colonoscopy frame from a patient with a sessile adenoma polyp measuring 4 mm located in the sigmoid colon.
/workspace/igho/video_695_rango_30600_33840/frames_selected/frame_31823.png,This is a colonoscopy frame from a patient with a sessile adenoma polyp measuring 4 mm located in the sigmoid colon.
/workspace/igho/video_695_rango_30600_33840/frames_selected/frame_31824.png,This is a colonoscopy frame from a patient with a sessile adenoma polyp measuring 4 mm located in the sigmoid colon.
/workspace/igho/video_695_rango_30600_33840/frames_selected/frame_31825.png,This is a colonoscopy frame from a patient with a sessile adenoma polyp measuring 4 mm located in the sigmoid colon.
/workspace/igho/video_695_rango_30600_33840/frames_selected/frame_31826.png,This is a colonoscopy frame from a patient with a sessile adenoma polyp measuring 4 mm located in the sigmoid colon.
/workspace/igho/video_695_rango_30600_33840/frames_selected/frame_31827.png,This is a colonoscopy frame from a patient with a sessile adenoma polyp measuring 4 mm located in the sigmoid colon.
/workspace/igho/video_695_rango_30600_33840/frames_selected/frame_31828.png,This is a colonoscopy frame from a patient with a sessile adenoma polyp measuring 4 mm located in the sigmoid colon.
/workspace/igho/video_695_rango_30600_33840/frames_selected/frame_31829.png,This is a colonoscopy frame from a patient with a sessile adenoma polyp measuring 4 mm located in the sigmoid colon.
/workspace/igho/video_695_rango_30600_33840/frames_selected/frame_31830.png,This is a colonoscopy frame from a patient with a sessile adenoma polyp measuring 4 mm located in the sigmoid colon.
/workspace/igho/video_695_rango_30600_33840/frames_selected/frame_31831.png,This is a colonoscopy frame from a patient with a sessile adenoma polyp measuring 4 mm located in the sigmoid colon.
/workspace/igho/video_695_rango_30600_33840/frames_selected/frame_31832.png,This is a colonoscopy frame from a patient with a sessile adenoma polyp measuring 4 mm located in the sigmoid colon.
/workspace/igho/video_695_rango_30600_33840/frames_selected/frame_31833.png,This is a colonoscopy frame from a patient with a sessile adenoma polyp measuring 4 mm located in the sigmoid colon.
/workspace/igho/video_695_rango_30600_33840/frames_selected/frame_31834.png,This is a colonoscopy frame from a patient with a sessile adenoma polyp measuring 4 mm located in the sigmoid colon.
/workspace/igho/video_695_rango_30600_33840/frames_selected/frame_31835.png,This is a colonoscopy frame from a patient with a sessile adenoma polyp measuring 4 mm located in the sigmoid colon.
/workspace/igho/video_695_rango_30600_33840/frames_selected/frame_31836.png,This is a colonoscopy frame from a patient with no polyps.
/workspace/igho/video_695_rango_30600_33840/frames_selected/frame_31837.png,This is a colonoscopy frame from a patient with no polyps.
/workspace/igho/video_695_rango_30600_33840/frames_selected/frame_31838.png,This is a colonoscopy frame from a patient with a sessile adenoma polyp measuring 4 mm located in the sigmoid colon.
/workspace/igho/video_695_rango_30600_33840/frames_selected/frame_31839.png,This is a colonoscopy frame from a patient with a flat elevated mucosal adenoma polyp measuring 15 mm located in the rectum.
/workspace/igho/video_695_rango_30600_33840/frames_selected/frame_31840.png,This is a colonoscopy frame from a patient with a flat elevated mucosal adenoma polyp measuring 15 mm located in the rectum.
/workspace/igho/video_695_rango_30600_33840/frames_selected/frame_31841.png,This is a colonoscopy frame from a patient with a sessile adenoma polyp measuring 4 mm located in the sigmoid colon.
/workspace/igho/video_695_rango_30600_33840/frames_selected/frame_31842.png,This is a colonoscopy frame from a patient with no polyps.
/workspace/igho/video_695_rango_30600_33840/frames_selected/frame_31843.png,This is a colonoscopy frame from a patient with no polyps.
/workspace/igho/video_695_rango_30600_33840/frames_selected/frame_31844.png,This is a colonoscopy frame from a patient with no polyps.
/workspace/igho/video_695_rango_30600_33840/frames_selected/frame_31845.png,This is a colonoscopy frame from a patient with no polyps.
/workspace/igho/video_695_rango_30600_33840/frames_selected/frame_31846.png,This is a colonoscopy frame from a patient with no polyps.
/workspace/igho/video_695_rango_30600_33840/frames_selected/frame_31847.png,This is a colonoscopy frame from a patient with a flat elevated mucosal adenoma polyp measuring 15 mm located in the rectum.
/workspace/igho/video_695_rango_30600_33840/frames_selected/frame_31848.png,This is a colonoscopy frame from a patient with no polyps.
/workspace/igho/video_695_rango_30600_33840/frames_selected/frame_31849.png,This is a colonoscopy frame from a patient with no polyps.
/workspace/igho/video_695_rango_30600_33840/frames_selected/frame_31850.png,This is a colonoscopy frame from a patient with no polyps.
/workspace/igho/video_695_rango_30600_33840/frames_selected/frame_31851.png,This is a colonoscopy frame from a patient with no polyps.
/workspace/igho/video_695_rango_30600_33840/frames_selected/frame_31852.png,This is a colonoscopy frame from a patient with no polyps.
/workspace/igho/video_695_rango_30600_33840/frames_selected/frame_31853.png,This is a colonoscopy frame from a patient with no polyps.
/workspace/igho/video_695_rango_30600_33840/frames_selected/frame_31854.png,This is a colonoscopy frame from a patient with no polyps.
/workspace/igho/video_695_rango_30600_33840/frames_selected/frame_31855.png,This is a colonoscopy frame from a patient with no polyps.
/workspace/igho/video_695_rango_30600_33840/frames_selected/frame_31856.png,This is a colonoscopy frame from a patient with no polyps.
/workspace/igho/video_695_rango_30600_33840/frames_selected/frame_31857.png,This is a colonoscopy frame from a patient with no polyps.
/workspace/igho/video_695_rango_30600_33840/frames_selected/frame_31858.png,This is a colonoscopy frame from a patient with no polyps.
/workspace/igho/video_695_rango_30600_33840/frames_selected/frame_31859.png,This is a colonoscopy frame from a patient with no polyps.
/workspace/igho/video_695_rango_30600_33840/frames_selected/frame_31860.png,This is a colonoscopy frame from a patient with no polyps.
/workspace/igho/video_695_rango_30600_33840/frames_selected/frame_31861.png,This is a colonoscopy frame from a patient with no polyps.
/workspace/igho/video_695_rango_30600_33840/frames_selected/frame_31862.png,This is a colonoscopy frame from a patient with no polyps.
/workspace/igho/video_695_rango_30600_33840/frames_selected/frame_31863.png,This is a colonoscopy frame from a patient with no polyps.
/workspace/igho/video_695_rango_30600_33840/frames_selected/frame_31864.png,This is a colonoscopy frame from a patient with no polyps.
/workspace/igho/video_695_rango_30600_33840/frames_selected/frame_31865.png,This is a colonoscopy frame from a patient with no polyps.
/workspace/igho/video_695_rango_30600_33840/frames_selected/frame_31866.png,This is a colonoscopy frame from a patient with no polyps.
/workspace/igho/video_695_rango_30600_33840/frames_selected/frame_31867.png,This is a colonoscopy frame from a patient with no polyps.
/workspace/igho/video_695_rango_30600_33840/frames_selected/frame_31868.png,This is a colonoscopy frame from a patient with no polyps.
/workspace/igho/video_695_rango_30600_33840/frames_selected/frame_31869.png,This is a colonoscopy frame from a patient with no polyps.
/workspace/igho/video_695_rango_30600_33840/frames_selected/frame_31870.png,This is a colonoscopy frame from a patient with no polyps.
/workspace/igho/video_695_rango_30600_33840/frames_selected/frame_31871.png,This is a colonoscopy frame from a patient with no polyps.
/workspace/igho/video_695_rango_30600_33840/frames_selected/frame_31872.png,This is a colonoscopy frame from a patient with no polyps.
/workspace/igho/video_695_rango_30600_33840/frames_selected/frame_31873.png,This is a colonoscopy frame from a patient with no polyps.
/workspace/igho/video_695_rango_30600_33840/frames_selected/frame_31874.png,This is a colonoscopy frame from a patient with no polyps.
/workspace/igho/video_695_rango_30600_33840/frames_selected/frame_31875.png,This is a colonoscopy frame from a patient with no polyps.
/workspace/igho/video_695_rango_30600_33840/frames_selected/frame_31876.png,This is a colonoscopy frame from a patient with no polyps.
/workspace/igho/video_695_rango_30600_33840/frames_selected/frame_31877.png,This is a colonoscopy frame from a patient with no polyps.
/workspace/igho/video_695_rango_30600_33840/frames_selected/frame_31878.png,This is a colonoscopy frame from a patient with no polyps.
/workspace/igho/video_695_rango_30600_33840/frames_selected/frame_31879.png,This is a colonoscopy frame from a patient with no polyps.
/workspace/igho/video_695_rango_30600_33840/frames_selected/frame_31880.png,This is a colonoscopy frame from a patient with no polyps.
/workspace/igho/video_695_rango_30600_33840/frames_selected/frame_31881.png,This is a colonoscopy frame from a patient with no polyps.
/workspace/igho/video_695_rango_30600_33840/frames_selected/frame_31882.png,This is a colonoscopy frame from a patient with no polyps.
/workspace/igho/video_695_rango_30600_33840/frames_selected/frame_31883.png,This is a colonoscopy frame from a patient with no polyps.
/workspace/igho/video_695_rango_30600_33840/frames_selected/frame_31884.png,This is a colonoscopy frame from a patient with no polyps.
/workspace/igho/video_695_rango_30600_33840/frames_selected/frame_31885.png,This is a colonoscopy frame from a patient with no polyps.
/workspace/igho/video_695_rango_30600_33840/frames_selected/frame_31886.png,This is a colonoscopy frame from a patient with no polyps.
/workspace/igho/video_695_rango_30600_33840/frames_selected/frame_31887.png,This is a colonoscopy frame from a patient with no polyps.
/workspace/igho/video_695_rango_30600_33840/frames_selected/frame_31888.png,This is a colonoscopy frame from a patient with no polyps.
/workspace/igho/video_695_rango_30600_33840/frames_selected/frame_31889.png,This is a colonoscopy frame from a patient with no polyps.
/workspace/igho/video_695_rango_30600_33840/frames_selected/frame_31890.png,This is a colonoscopy frame from a patient with no polyps.
/workspace/igho/video_695_rango_30600_33840/frames_selected/frame_31891.png,This is a colonoscopy frame from a patient with no polyps.
/workspace/igho/video_695_rango_30600_33840/frames_selected/frame_31892.png,This is a colonoscopy frame from a patient with no polyps.
/workspace/igho/video_695_rango_30600_33840/frames_selected/frame_31893.png,This is a colonoscopy frame from a patient with no polyps.
/workspace/igho/video_695_rango_30600_33840/frames_selected/frame_31894.png,This is a colonoscopy frame from a patient with no polyps.
/workspace/igho/video_695_rango_30600_33840/frames_selected/frame_31895.png,This is a colonoscopy frame from a patient with no polyps.
/workspace/igho/video_695_rango_30600_33840/frames_selected/frame_31896.png,This is a colonoscopy frame from a patient with no polyps.
/workspace/igho/video_695_rango_30600_33840/frames_selected/frame_31897.png,This is a colonoscopy frame from a patient with no polyps.
/workspace/igho/video_695_rango_30600_33840/frames_selected/frame_31898.png,This is a colonoscopy frame from a patient with no polyps.
/workspace/igho/video_695_rango_30600_33840/frames_selected/frame_31899.png,This is a colonoscopy frame from a patient with no polyps.
/workspace/igho/video_695_rango_30600_33840/frames_selected/frame_31900.png,This is a colonoscopy frame from a patient with no polyps.
/workspace/igho/video_695_rango_30600_33840/frames_selected/frame_31901.png,This is a colonoscopy frame from a patient with no polyps.
/workspace/igho/video_695_rango_30600_33840/frames_selected/frame_31902.png,This is a colonoscopy frame from a patient with no polyps.
/workspace/igho/video_695_rango_30600_33840/frames_selected/frame_31903.png,This is a colonoscopy frame from a patient with no polyps.
/workspace/igho/video_695_rango_30600_33840/frames_selected/frame_31904.png,This is a colonoscopy frame from a patient with no polyps.
/workspace/igho/video_695_rango_30600_33840/frames_selected/frame_31905.png,This is a colonoscopy frame from a patient with a sessile adenoma polyp measuring 4 mm located in the sigmoid colon.
/workspace/igho/video_695_rango_30600_33840/frames_selected/frame_31906.png,This is a colonoscopy frame from a patient with a sessile adenoma polyp measuring 4 mm located in the sigmoid colon.
/workspace/igho/video_695_rango_30600_33840/frames_selected/frame_31907.png,This is a colonoscopy frame from a patient with no polyps.
/workspace/igho/video_695_rango_30600_33840/frames_selected/frame_31908.png,This is a colonoscopy frame from a patient with a sessile adenoma polyp measuring 4 mm located in the sigmoid colon.
/workspace/igho/video_695_rango_30600_33840/frames_selected/frame_31909.png,This is a colonoscopy frame from a patient with a sessile adenoma polyp measuring 4 mm located in the sigmoid colon.
/workspace/igho/video_695_rango_30600_33840/frames_selected/frame_31910.png,This is a colonoscopy frame from a patient with no polyps.
/workspace/igho/video_695_rango_30600_33840/frames_selected/frame_31911.png,This is a colonoscopy frame from a patient with a sessile adenoma polyp measuring 4 mm located in the sigmoid colon.
/workspace/igho/video_695_rango_30600_33840/frames_selected/frame_31912.png,This is a colonoscopy frame from a patient with a sessile adenoma polyp measuring 4 mm located in the sigmoid colon.
/workspace/igho/video_695_rango_30600_33840/frames_selected/frame_31913.png,This is a colonoscopy frame from a patient with a sessile adenoma polyp measuring 4 mm located in the sigmoid colon.
/workspace/igho/video_695_rango_30600_33840/frames_selected/frame_31914.png,This is a colonoscopy frame from a patient with a sessile adenoma polyp measuring 4 mm located in the sigmoid colon.
/workspace/igho/video_695_rango_30600_33840/frames_selected/frame_31915.png,This is a colonoscopy frame from a patient with a sessile adenoma polyp measuring 4 mm located in the sigmoid colon.
/workspace/igho/video_695_rango_30600_33840/frames_selected/frame_31916.png,This is a colonoscopy frame from a patient with a sessile adenoma polyp measuring 4 mm located in the sigmoid colon.
/workspace/igho/video_695_rango_30600_33840/frames_selected/frame_31917.png,This is a colonoscopy frame from a patient with a sessile adenoma polyp measuring 4 mm located in the sigmoid colon.
/workspace/igho/video_695_rango_30600_33840/frames_selected/frame_31918.png,This is a colonoscopy frame from a patient with a sessile adenoma polyp measuring 4 mm located in the sigmoid colon.
/workspace/igho/video_695_rango_30600_33840/frames_selected/frame_31919.png,This is a colonoscopy frame from a patient with a sessile adenoma polyp measuring 4 mm located in the sigmoid colon.
/workspace/igho/video_695_rango_30600_33840/frames_selected/frame_31920.png,This is a colonoscopy frame from a patient with a sessile adenoma polyp measuring 4 mm located in the sigmoid colon.
/workspace/igho/video_695_rango_30600_33840/frames_selected/frame_31921.png,This is a colonoscopy frame from a patient with a sessile adenoma polyp measuring 4 mm located in the sigmoid colon.
/workspace/igho/video_695_rango_30600_33840/frames_selected/frame_31922.png,This is a colonoscopy frame from a patient with a sessile adenoma polyp measuring 4 mm located in the sigmoid colon.
/workspace/igho/video_695_rango_30600_33840/frames_selected/frame_31923.png,This is a colonoscopy frame from a patient with a sessile adenoma polyp measuring 4 mm located in the sigmoid colon.
/workspace/igho/video_695_rango_30600_33840/frames_selected/frame_31924.png,This is a colonoscopy frame from a patient with a sessile adenoma polyp measuring 4 mm located in the sigmoid colon.
/workspace/igho/video_695_rango_30600_33840/frames_selected/frame_31925.png,This is a colonoscopy frame from a patient with a sessile adenoma polyp measuring 4 mm located in the sigmoid colon.
/workspace/igho/video_695_rango_30600_33840/frames_selected/frame_31926.png,This is a colonoscopy frame from a patient with a sessile adenoma polyp measuring 4 mm located in the sigmoid colon.
/workspace/igho/video_695_rango_30600_33840/frames_selected/frame_31927.png,This is a colonoscopy frame from a patient with a sessile adenoma polyp measuring 4 mm located in the sigmoid colon.
/workspace/igho/video_695_rango_30600_33840/frames_selected/frame_31928.png,This is a colonoscopy frame from a patient with a sessile adenoma polyp measuring 4 mm located in the sigmoid colon.
/workspace/igho/video_695_rango_30600_33840/frames_selected/frame_31929.png,This is a colonoscopy frame from a patient with a sessile adenoma polyp measuring 4 mm located in the sigmoid colon.
/workspace/igho/video_695_rango_30600_33840/frames_selected/frame_31930.png,This is a colonoscopy frame from a patient with a sessile adenoma polyp measuring 4 mm located in the sigmoid colon.
/workspace/igho/video_695_rango_30600_33840/frames_selected/frame_31931.png,This is a colonoscopy frame from a patient with a sessile adenoma polyp measuring 4 mm located in the sigmoid colon.
/workspace/igho/video_695_rango_30600_33840/frames_selected/frame_31932.png,This is a colonoscopy frame from a patient with a sessile adenoma polyp measuring 4 mm located in the sigmoid colon.
/workspace/igho/video_695_rango_30600_33840/frames_selected/frame_31933.png,This is a colonoscopy frame from a patient with a sessile adenoma polyp measuring 4 mm located in the sigmoid colon.
/workspace/igho/video_695_rango_30600_33840/frames_selected/frame_31934.png,This is a colonoscopy frame from a patient with a sessile adenoma polyp measuring 4 mm located in the sigmoid colon.
/workspace/igho/video_695_rango_30600_33840/frames_selected/frame_31935.png,This is a colonoscopy frame from a patient with a sessile adenoma polyp measuring 4 mm located in the sigmoid colon.
/workspace/igho/video_695_rango_30600_33840/frames_selected/frame_31936.png,This is a colonoscopy frame from a patient with a sessile adenoma polyp measuring 4 mm located in the sigmoid colon.
/workspace/igho/video_695_rango_30600_33840/frames_selected/frame_31937.png,This is a colonoscopy frame from a patient with a sessile adenoma polyp measuring 4 mm located in the sigmoid colon.
/workspace/igho/video_695_rango_30600_33840/frames_selected/frame_31938.png,This is a colonoscopy frame from a patient with a sessile adenoma polyp measuring 4 mm located in the sigmoid colon.
/workspace/igho/video_695_rango_30600_33840/frames_selected/frame_31939.png,This is a colonoscopy frame from a patient with a sessile adenoma polyp measuring 4 mm located in the sigmoid colon.
/workspace/igho/video_695_rango_30600_33840/frames_selected/frame_31940.png,This is a colonoscopy frame from a patient with a sessile adenoma polyp measuring 4 mm located in the sigmoid colon.
/workspace/igho/video_695_rango_30600_33840/frames_selected/frame_31941.png,This is a colonoscopy frame from a patient with a sessile adenoma polyp measuring 4 mm located in the sigmoid colon.
/workspace/igho/video_695_rango_30600_33840/frames_selected/frame_31942.png,This is a colonoscopy frame from a patient with a sessile adenoma polyp measuring 4 mm located in the sigmoid colon.
/workspace/igho/video_695_rango_30600_33840/frames_selected/frame_31943.png,This is a colonoscopy frame from a patient with a sessile adenoma polyp measuring 4 mm located in the sigmoid colon.
/workspace/igho/video_695_rango_30600_33840/frames_selected/frame_31944.png,This is a colonoscopy frame from a patient with a subpedunculated adenoma polyp measuring 12 mm located in the sigmoid colon.
/workspace/igho/video_695_rango_30600_33840/frames_selected/frame_31945.png,This is a colonoscopy frame from a patient with a subpedunculated adenoma polyp measuring 12 mm located in the sigmoid colon.
/workspace/igho/video_695_rango_30600_33840/frames_selected/frame_31946.png,This is a colonoscopy frame from a patient with a sessile adenoma polyp measuring 4 mm located in the sigmoid colon.
/workspace/igho/video_695_rango_30600_33840/frames_selected/frame_31947.png,This is a colonoscopy frame from a patient with a sessile adenoma polyp measuring 4 mm located in the sigmoid colon.
/workspace/igho/video_695_rango_30600_33840/frames_selected/frame_31948.png,This is a colonoscopy frame from a patient with a sessile adenoma polyp measuring 4 mm located in the sigmoid colon.
/workspace/igho/video_695_rango_30600_33840/frames_selected/frame_31949.png,This is a colonoscopy frame from a patient with a sessile adenoma polyp measuring 4 mm located in the sigmoid colon.
/workspace/igho/video_695_rango_30600_33840/frames_selected/frame_31950.png,This is a colonoscopy frame from a patient with a sessile adenoma polyp measuring 4 mm located in the sigmoid colon.
/workspace/igho/video_695_rango_30600_33840/frames_selected/frame_31951.png,This is a colonoscopy frame from a patient with a sessile adenoma polyp measuring 4 mm located in the sigmoid colon.
/workspace/igho/video_695_rango_30600_33840/frames_selected/frame_31952.png,This is a colonoscopy frame from a patient with a subpedunculated adenoma polyp measuring 12 mm located in the sigmoid colon.
/workspace/igho/video_695_rango_30600_33840/frames_selected/frame_31953.png,This is a colonoscopy frame from a patient with a sessile adenoma polyp measuring 4 mm located in the sigmoid colon.
/workspace/igho/video_695_rango_30600_33840/frames_selected/frame_31954.png,This is a colonoscopy frame from a patient with a sessile adenoma polyp measuring 4 mm located in the sigmoid colon.
/workspace/igho/video_695_rango_30600_33840/frames_selected/frame_31955.png,This is a colonoscopy frame from a patient with a sessile adenoma polyp measuring 4 mm located in the sigmoid colon.
/workspace/igho/video_695_rango_30600_33840/frames_selected/frame_31956.png,This is a colonoscopy frame from a patient with a sessile adenoma polyp measuring 4 mm located in the sigmoid colon.
/workspace/igho/video_695_rango_30600_33840/frames_selected/frame_31957.png,This is a colonoscopy frame from a patient with a sessile adenoma polyp measuring 4 mm located in the sigmoid colon.
/workspace/igho/video_695_rango_30600_33840/frames_selected/frame_31958.png,This is a colonoscopy frame from a patient with a sessile adenoma polyp measuring 4 mm located in the sigmoid colon.
/workspace/igho/video_695_rango_30600_33840/frames_selected/frame_31959.png,This is a colonoscopy frame from a patient with a sessile adenoma polyp measuring 4 mm located in the sigmoid colon.
/workspace/igho/video_695_rango_30600_33840/frames_selected/frame_31960.png,This is a colonoscopy frame from a patient with a sessile adenoma polyp measuring 4 mm located in the sigmoid colon.
/workspace/igho/video_695_rango_30600_33840/frames_selected/frame_31961.png,This is a colonoscopy frame from a patient with a sessile adenoma polyp measuring 4 mm located in the sigmoid colon.
/workspace/igho/video_695_rango_30600_33840/frames_selected/frame_31962.png,This is a colonoscopy frame from a patient with a sessile adenoma polyp measuring 4 mm located in the sigmoid colon.
/workspace/igho/video_695_rango_30600_33840/frames_selected/frame_31963.png,This is a colonoscopy frame from a patient with a sessile adenoma polyp measuring 4 mm located in the sigmoid colon.
/workspace/igho/video_695_rango_30600_33840/frames_selected/frame_31964.png,This is a colonoscopy frame from a patient with a sessile adenoma polyp measuring 4 mm located in the sigmoid colon.
/workspace/igho/video_695_rango_30600_33840/frames_selected/frame_31965.png,This is a colonoscopy frame from a patient with a sessile adenoma polyp measuring 4 mm located in the sigmoid colon.
/workspace/igho/video_695_rango_30600_33840/frames_selected/frame_31966.png,This is a colonoscopy frame from a patient with a sessile adenoma polyp measuring 4 mm located in the sigmoid colon.
/workspace/igho/video_695_rango_30600_33840/frames_selected/frame_31967.png,This is a colonoscopy frame from a patient with a sessile adenoma polyp measuring 4 mm located in the sigmoid colon.
/workspace/igho/video_695_rango_30600_33840/frames_selected/frame_31968.png,This is a colonoscopy frame from a patient with a sessile adenoma polyp measuring 4 mm located in the sigmoid colon.
/workspace/igho/video_695_rango_30600_33840/frames_selected/frame_31969.png,This is a colonoscopy frame from a patient with a sessile adenoma polyp measuring 4 mm located in the sigmoid colon.
/workspace/igho/video_695_rango_30600_33840/frames_selected/frame_31970.png,This is a colonoscopy frame from a patient with a sessile adenoma polyp measuring 4 mm located in the sigmoid colon.
/workspace/igho/video_695_rango_30600_33840/frames_selected/frame_31971.png,This is a colonoscopy frame from a patient with a sessile adenoma polyp measuring 4 mm located in the sigmoid colon.
/workspace/igho/video_695_rango_30600_33840/frames_selected/frame_31972.png,This is a colonoscopy frame from a patient with a sessile adenoma polyp measuring 4 mm located in the sigmoid colon.
/workspace/igho/video_695_rango_30600_33840/frames_selected/frame_31973.png,This is a colonoscopy frame from a patient with a sessile adenoma polyp measuring 4 mm located in the sigmoid colon.
/workspace/igho/video_695_rango_30600_33840/frames_selected/frame_31974.png,This is a colonoscopy frame from a patient with a sessile adenoma polyp measuring 4 mm located in the sigmoid colon.
/workspace/igho/video_695_rango_30600_33840/frames_selected/frame_31975.png,This is a colonoscopy frame from a patient with a sessile adenoma polyp measuring 4 mm located in the sigmoid colon.
/workspace/igho/video_695_rango_30600_33840/frames_selected/frame_31976.png,This is a colonoscopy frame from a patient with a sessile adenoma polyp measuring 4 mm located in the sigmoid colon.
/workspace/igho/video_695_rango_30600_33840/frames_selected/frame_31977.png,This is a colonoscopy frame from a patient with a sessile adenoma polyp measuring 4 mm located in the sigmoid colon.
/workspace/igho/video_695_rango_30600_33840/frames_selected/frame_31978.png,This is a colonoscopy frame from a patient with a sessile adenoma polyp measuring 4 mm located in the sigmoid colon.
/workspace/igho/video_695_rango_30600_33840/frames_selected/frame_31979.png,This is a colonoscopy frame from a patient with a sessile adenoma polyp measuring 4 mm located in the sigmoid colon.
/workspace/igho/video_695_rango_30600_33840/frames_selected/frame_31980.png,This is a colonoscopy frame from a patient with a sessile adenoma polyp measuring 4 mm located in the sigmoid colon.
/workspace/igho/video_695_rango_30600_33840/frames_selected/frame_31981.png,This is a colonoscopy frame from a patient with a sessile adenoma polyp measuring 4 mm located in the sigmoid colon.
/workspace/igho/video_695_rango_30600_33840/frames_selected/frame_31982.png,This is a colonoscopy frame from a patient with a sessile adenoma polyp measuring 4 mm located in the sigmoid colon.
/workspace/igho/video_695_rango_30600_33840/frames_selected/frame_31983.png,This is a colonoscopy frame from a patient with a sessile adenoma polyp measuring 4 mm located in the sigmoid colon.
/workspace/igho/video_695_rango_30600_33840/frames_selected/frame_31984.png,This is a colonoscopy frame from a patient with a sessile adenoma polyp measuring 4 mm located in the sigmoid colon.
/workspace/igho/video_695_rango_30600_33840/frames_selected/frame_31985.png,This is a colonoscopy frame from a patient with a sessile adenoma polyp measuring 4 mm located in the sigmoid colon.
/workspace/igho/video_695_rango_30600_33840/frames_selected/frame_31986.png,This is a colonoscopy frame from a patient with a sessile adenoma polyp measuring 4 mm located in the sigmoid colon.
/workspace/igho/video_695_rango_30600_33840/frames_selected/frame_31987.png,This is a colonoscopy frame from a patient with a sessile adenoma polyp measuring 4 mm located in the sigmoid colon.
/workspace/igho/video_695_rango_30600_33840/frames_selected/frame_31988.png,This is a colonoscopy frame from a patient with a sessile adenoma polyp measuring 4 mm located in the sigmoid colon.
/workspace/igho/video_695_rango_30600_33840/frames_selected/frame_31989.png,This is a colonoscopy frame from a patient with a sessile adenoma polyp measuring 4 mm located in the sigmoid colon.
/workspace/igho/video_695_rango_30600_33840/frames_selected/frame_31990.png,This is a colonoscopy frame from a patient with a sessile adenoma polyp measuring 4 mm located in the sigmoid colon.
/workspace/igho/video_695_rango_30600_33840/frames_selected/frame_31991.png,This is a colonoscopy frame from a patient with a sessile adenoma polyp measuring 4 mm located in the sigmoid colon.
/workspace/igho/video_695_rango_30600_33840/frames_selected/frame_31992.png,This is a colonoscopy frame from a patient with a sessile adenoma polyp measuring 4 mm located in the sigmoid colon.
/workspace/igho/video_695_rango_30600_33840/frames_selected/frame_31993.png,This is a colonoscopy frame from a patient with a sessile adenoma polyp measuring 4 mm located in the sigmoid colon.
/workspace/igho/video_695_rango_30600_33840/frames_selected/frame_31994.png,This is a colonoscopy frame from a patient with a sessile adenoma polyp measuring 4 mm located in the sigmoid colon.
/workspace/igho/video_695_rango_30600_33840/frames_selected/frame_31995.png,This is a colonoscopy frame from a patient with a sessile adenoma polyp measuring 4 mm located in the sigmoid colon.
/workspace/igho/video_695_rango_30600_33840/frames_selected/frame_31996.png,This is a colonoscopy frame from a patient with a sessile adenoma polyp measuring 4 mm located in the sigmoid colon.
/workspace/igho/video_695_rango_30600_33840/frames_selected/frame_31997.png,This is a colonoscopy frame from a patient with a sessile adenoma polyp measuring 4 mm located in the sigmoid colon.
/workspace/igho/video_695_rango_30600_33840/frames_selected/frame_31998.png,This is a colonoscopy frame from a patient with a sessile adenoma polyp measuring 4 mm located in the sigmoid colon.
/workspace/igho/video_695_rango_30600_33840/frames_selected/frame_31999.png,This is a colonoscopy frame from a patient with a sessile adenoma polyp measuring 4 mm located in the sigmoid colon.
/workspace/igho/video_695_rango_30600_33840/frames_selected/frame_32000.png,This is a colonoscopy frame from a patient with a sessile adenoma polyp measuring 4 mm located in the sigmoid colon.
/workspace/igho/video_695_rango_30600_33840/frames_selected/frame_32001.png,This is a colonoscopy frame from a patient with a sessile adenoma polyp measuring 4 mm located in the sigmoid colon.
/workspace/igho/video_695_rango_30600_33840/frames_selected/frame_32002.png,This is a colonoscopy frame from a patient with a sessile adenoma polyp measuring 4 mm located in the sigmoid colon.
/workspace/igho/video_695_rango_30600_33840/frames_selected/frame_32003.png,This is a colonoscopy frame from a patient with a sessile adenoma polyp measuring 4 mm located in the sigmoid colon.
/workspace/igho/video_695_rango_30600_33840/frames_selected/frame_32004.png,This is a colonoscopy frame from a patient with a sessile adenoma polyp measuring 6 mm located in the sigmoid colon.
/workspace/igho/video_695_rango_30600_33840/frames_selected/frame_32005.png,This is a colonoscopy frame from a patient with a sessile adenoma polyp measuring 6 mm located in the sigmoid colon.
/workspace/igho/video_695_rango_30600_33840/frames_selected/frame_32006.png,This is a colonoscopy frame from a patient with a sessile adenoma polyp measuring 4 mm located in the sigmoid colon.
/workspace/igho/video_695_rango_30600_33840/frames_selected/frame_32007.png,This is a colonoscopy frame from a patient with a sessile adenoma polyp measuring 4 mm located in the sigmoid colon.
/workspace/igho/video_695_rango_30600_33840/frames_selected/frame_32008.png,This is a colonoscopy frame from a patient with a sessile adenoma polyp measuring 4 mm located in the sigmoid colon.
/workspace/igho/video_695_rango_30600_33840/frames_selected/frame_32009.png,This is a colonoscopy frame from a patient with a sessile adenoma polyp measuring 4 mm located in the sigmoid colon.
/workspace/igho/video_695_rango_30600_33840/frames_selected/frame_32010.png,This is a colonoscopy frame from a patient with a sessile adenoma polyp measuring 6 mm located in the sigmoid colon.
/workspace/igho/video_695_rango_30600_33840/frames_selected/frame_32011.png,This is a colonoscopy frame from a patient with a sessile adenoma polyp measuring 6 mm located in the sigmoid colon.
/workspace/igho/video_695_rango_30600_33840/frames_selected/frame_32012.png,This is a colonoscopy frame from a patient with a sessile adenoma polyp measuring 6 mm located in the sigmoid colon.
/workspace/igho/video_695_rango_30600_33840/frames_selected/frame_32013.png,This is a colonoscopy frame from a patient with a sessile adenoma polyp measuring 4 mm located in the sigmoid colon.
/workspace/igho/video_695_rango_30600_33840/frames_selected/frame_32014.png,This is a colonoscopy frame from a patient with a sessile adenoma polyp measuring 4 mm located in the sigmoid colon.
/workspace/igho/video_695_rango_30600_33840/frames_selected/frame_32015.png,This is a colonoscopy frame from a patient with a sessile adenoma polyp measuring 4 mm located in the sigmoid colon.
/workspace/igho/video_695_rango_30600_33840/frames_selected/frame_32016.png,This is a colonoscopy frame from a patient with no polyps.
/workspace/igho/video_695_rango_30600_33840/frames_selected/frame_32017.png,This is a colonoscopy frame from a patient with no polyps.
/workspace/igho/video_695_rango_30600_33840/frames_selected/frame_32018.png,This is a colonoscopy frame from a patient with a sessile adenoma polyp measuring 6 mm located in the sigmoid colon.
/workspace/igho/video_695_rango_30600_33840/frames_selected/frame_32019.png,This is a colonoscopy frame from a patient with a sessile adenoma polyp measuring 4 mm located in the sigmoid colon.
/workspace/igho/video_695_rango_30600_33840/frames_selected/frame_32020.png,This is a colonoscopy frame from a patient with a sessile adenoma polyp measuring 4 mm located in the sigmoid colon.
/workspace/igho/video_695_rango_30600_33840/frames_selected/frame_32021.png,This is a colonoscopy frame from a patient with a sessile adenoma polyp measuring 4 mm located in the sigmoid colon.
/workspace/igho/video_695_rango_30600_33840/frames_selected/frame_32022.png,This is a colonoscopy frame from a patient with no polyps.
/workspace/igho/video_695_rango_30600_33840/frames_selected/frame_32023.png,This is a colonoscopy frame from a patient with no polyps.
/workspace/igho/video_695_rango_30600_33840/frames_selected/frame_32024.png,This is a colonoscopy frame from a patient with no polyps.
/workspace/igho/video_695_rango_30600_33840/frames_selected/frame_32025.png,This is a colonoscopy frame from a patient with a sessile adenoma polyp measuring 6 mm located in the sigmoid colon.
/workspace/igho/video_695_rango_30600_33840/frames_selected/frame_32026.png,This is a colonoscopy frame from a patient with a sessile adenoma polyp measuring 6 mm located in the sigmoid colon.
/workspace/igho/video_695_rango_30600_33840/frames_selected/frame_32027.png,This is a colonoscopy frame from a patient with a sessile adenoma polyp measuring 4 mm located in the sigmoid colon.
/workspace/igho/video_695_rango_30600_33840/frames_selected/frame_32028.png,This is a colonoscopy frame from a patient with a sessile adenoma polyp measuring 4 mm located in the sigmoid colon.
/workspace/igho/video_695_rango_30600_33840/frames_selected/frame_32029.png,This is a colonoscopy frame from a patient with a sessile adenoma polyp measuring 4 mm located in the sigmoid colon.
/workspace/igho/video_695_rango_30600_33840/frames_selected/frame_32030.png,This is a colonoscopy frame from a patient with no polyps.
/workspace/igho/video_695_rango_30600_33840/frames_selected/frame_32031.png,This is a colonoscopy frame from a patient with a sessile adenoma polyp measuring 6 mm located in the sigmoid colon.
/workspace/igho/video_695_rango_30600_33840/frames_selected/frame_32032.png,This is a colonoscopy frame from a patient with a sessile adenoma polyp measuring 6 mm located in the sigmoid colon.
/workspace/igho/video_695_rango_30600_33840/frames_selected/frame_32033.png,This is a colonoscopy frame from a patient with a sessile adenoma polyp measuring 6 mm located in the sigmoid colon.
/workspace/igho/video_695_rango_30600_33840/frames_selected/frame_32034.png,This is a colonoscopy frame from a patient with a sessile adenoma polyp measuring 6 mm located in the sigmoid colon.
/workspace/igho/video_695_rango_30600_33840/frames_selected/frame_32035.png,This is a colonoscopy frame from a patient with a sessile adenoma polyp measuring 6 mm located in the sigmoid colon.
/workspace/igho/video_695_rango_30600_33840/frames_selected/frame_32036.png,This is a colonoscopy frame from a patient with a sessile adenoma polyp measuring 4 mm located in the sigmoid colon.
/workspace/igho/video_695_rango_30600_33840/frames_selected/frame_32037.png,This is a colonoscopy frame from a patient with a sessile adenoma polyp measuring 6 mm located in the sigmoid colon.
/workspace/igho/video_695_rango_30600_33840/frames_selected/frame_32038.png,This is a colonoscopy frame from a patient with a sessile adenoma polyp measuring 6 mm located in the sigmoid colon.
/workspace/igho/video_695_rango_30600_33840/frames_selected/frame_32039.png,This is a colonoscopy frame from a patient with a sessile adenoma polyp measuring 6 mm located in the sigmoid colon.
/workspace/igho/video_695_rango_30600_33840/frames_selected/frame_32040.png,This is a colonoscopy frame from a patient with a sessile adenoma polyp measuring 6 mm located in the sigmoid colon.
/workspace/igho/video_695_rango_30600_33840/frames_selected/frame_32041.png,This is a colonoscopy frame from a patient with a sessile adenoma polyp measuring 6 mm located in the sigmoid colon.
/workspace/igho/video_695_rango_30600_33840/frames_selected/frame_32042.png,This is a colonoscopy frame from a patient with a sessile adenoma polyp measuring 6 mm located in the sigmoid colon.
/workspace/igho/video_695_rango_30600_33840/frames_selected/frame_32043.png,This is a colonoscopy frame from a patient with a sessile adenoma polyp measuring 6 mm located in the sigmoid colon.
/workspace/igho/video_695_rango_30600_33840/frames_selected/frame_32044.png,This is a colonoscopy frame from a patient with a sessile adenoma polyp measuring 6 mm located in the sigmoid colon.
/workspace/igho/video_695_rango_30600_33840/frames_selected/frame_32045.png,This is a colonoscopy frame from a patient with a sessile adenoma polyp measuring 6 mm located in the sigmoid colon.
/workspace/igho/video_695_rango_30600_33840/frames_selected/frame_32046.png,This is a colonoscopy frame from a patient with a sessile adenoma polyp measuring 4 mm located in the sigmoid colon.
/workspace/igho/video_695_rango_30600_33840/frames_selected/frame_32047.png,This is a colonoscopy frame from a patient with a sessile adenoma polyp measuring 4 mm located in the sigmoid colon.
/workspace/igho/video_695_rango_30600_33840/frames_selected/frame_32048.png,This is a colonoscopy frame from a patient with a sessile adenoma polyp measuring 6 mm located in the sigmoid colon.
/workspace/igho/video_695_rango_30600_33840/frames_selected/frame_32049.png,This is a colonoscopy frame from a patient with no polyps.
/workspace/igho/video_695_rango_30600_33840/frames_selected/frame_32050.png,This is a colonoscopy frame from a patient with no polyps.
/workspace/igho/video_695_rango_30600_33840/frames_selected/frame_32051.png,This is a colonoscopy frame from a patient with a sessile adenoma polyp measuring 6 mm located in the sigmoid colon.
/workspace/igho/video_695_rango_30600_33840/frames_selected/frame_32052.png,This is a colonoscopy frame from a patient with a sessile adenoma polyp measuring 4 mm located in the sigmoid colon.
/workspace/igho/video_695_rango_30600_33840/frames_selected/frame_32053.png,This is a colonoscopy frame from a patient with a sessile adenoma polyp measuring 4 mm located in the sigmoid colon.
/workspace/igho/video_695_rango_30600_33840/frames_selected/frame_32054.png,This is a colonoscopy frame from a patient with a sessile adenoma polyp measuring 4 mm located in the sigmoid colon.
/workspace/igho/video_695_rango_30600_33840/frames_selected/frame_32055.png,This is a colonoscopy frame from a patient with a sessile adenoma polyp measuring 4 mm located in the sigmoid colon.
/workspace/igho/video_695_rango_30600_33840/frames_selected/frame_32056.png,This is a colonoscopy frame from a patient with a sessile adenoma polyp measuring 4 mm located in the sigmoid colon.
/workspace/igho/video_695_rango_30600_33840/frames_selected/frame_32057.png,This is a colonoscopy frame from a patient with no polyps.
/workspace/igho/video_695_rango_30600_33840/frames_selected/frame_32058.png,This is a colonoscopy frame from a patient with a sessile adenoma polyp measuring 4 mm located in the sigmoid colon.
/workspace/igho/video_695_rango_30600_33840/frames_selected/frame_32059.png,This is a colonoscopy frame from a patient with a sessile adenoma polyp measuring 4 mm located in the sigmoid colon.
/workspace/igho/video_695_rango_30600_33840/frames_selected/frame_32060.png,This is a colonoscopy frame from a patient with a sessile adenoma polyp measuring 4 mm located in the sigmoid colon.
/workspace/igho/video_695_rango_30600_33840/frames_selected/frame_32061.png,This is a colonoscopy frame from a patient with a sessile adenoma polyp measuring 4 mm located in the sigmoid colon.
/workspace/igho/video_695_rango_30600_33840/frames_selected/frame_32062.png,This is a colonoscopy frame from a patient with a sessile adenoma polyp measuring 4 mm located in the sigmoid colon.
/workspace/igho/video_695_rango_30600_33840/frames_selected/frame_32063.png,This is a colonoscopy frame from a patient with a sessile adenoma polyp measuring 4 mm located in the sigmoid colon.
/workspace/igho/video_695_rango_30600_33840/frames_selected/frame_32064.png,This is a colonoscopy frame from a patient with a sessile adenoma polyp measuring 4 mm located in the sigmoid colon.
/workspace/igho/video_695_rango_30600_33840/frames_selected/frame_32065.png,This is a colonoscopy frame from a patient with a sessile adenoma polyp measuring 4 mm located in the sigmoid colon.
/workspace/igho/video_695_rango_30600_33840/frames_selected/frame_32066.png,This is a colonoscopy frame from a patient with a sessile adenoma polyp measuring 4 mm located in the sigmoid colon.
/workspace/igho/video_695_rango_30600_33840/frames_selected/frame_32067.png,This is a colonoscopy frame from a patient with a sessile adenoma polyp measuring 4 mm located in the sigmoid colon.
/workspace/igho/video_695_rango_30600_33840/frames_selected/frame_32068.png,This is a colonoscopy frame from a patient with a sessile adenoma polyp measuring 4 mm located in the sigmoid colon.
/workspace/igho/video_695_rango_30600_33840/frames_selected/frame_32069.png,This is a colonoscopy frame from a patient with a sessile adenoma polyp measuring 4 mm located in the sigmoid colon.
/workspace/igho/video_695_rango_30600_33840/frames_selected/frame_32070.png,This is a colonoscopy frame from a patient with a sessile adenoma polyp measuring 4 mm located in the sigmoid colon.
/workspace/igho/video_695_rango_30600_33840/frames_selected/frame_32071.png,This is a colonoscopy frame from a patient with a sessile adenoma polyp measuring 4 mm located in the sigmoid colon.
/workspace/igho/video_695_rango_30600_33840/frames_selected/frame_32072.png,This is a colonoscopy frame from a patient with a sessile adenoma polyp measuring 4 mm located in the sigmoid colon.
/workspace/igho/video_695_rango_30600_33840/frames_selected/frame_32073.png,This is a colonoscopy frame from a patient with a sessile adenoma polyp measuring 4 mm located in the sigmoid colon.
/workspace/igho/video_695_rango_30600_33840/frames_selected/frame_32074.png,This is a colonoscopy frame from a patient with a sessile adenoma polyp measuring 4 mm located in the sigmoid colon.
/workspace/igho/video_695_rango_30600_33840/frames_selected/frame_32075.png,This is a colonoscopy frame from a patient with a sessile adenoma polyp measuring 4 mm located in the sigmoid colon.
/workspace/igho/video_695_rango_30600_33840/frames_selected/frame_32076.png,This is a colonoscopy frame from a patient with a sessile adenoma polyp measuring 4 mm located in the sigmoid colon.
/workspace/igho/video_695_rango_30600_33840/frames_selected/frame_32077.png,This is a colonoscopy frame from a patient with a sessile adenoma polyp measuring 4 mm located in the sigmoid colon.
/workspace/igho/video_695_rango_30600_33840/frames_selected/frame_32078.png,This is a colonoscopy frame from a patient with a sessile adenoma polyp measuring 4 mm located in the sigmoid colon.
/workspace/igho/video_695_rango_30600_33840/frames_selected/frame_32079.png,This is a colonoscopy frame from a patient with a sessile adenoma polyp measuring 4 mm located in the sigmoid colon.
/workspace/igho/video_695_rango_30600_33840/frames_selected/frame_32080.png,This is a colonoscopy frame from a patient with a sessile adenoma polyp measuring 4 mm located in the sigmoid colon.
/workspace/igho/video_695_rango_30600_33840/frames_selected/frame_32081.png,This is a colonoscopy frame from a patient with a sessile adenoma polyp measuring 4 mm located in the sigmoid colon.
/workspace/igho/video_695_rango_30600_33840/frames_selected/frame_32082.png,This is a colonoscopy frame from a patient with a sessile adenoma polyp measuring 4 mm located in the sigmoid colon.
/workspace/igho/video_695_rango_30600_33840/frames_selected/frame_32083.png,This is a colonoscopy frame from a patient with a sessile adenoma polyp measuring 4 mm located in the sigmoid colon.
/workspace/igho/video_695_rango_30600_33840/frames_selected/frame_32084.png,This is a colonoscopy frame from a patient with a sessile adenoma polyp measuring 4 mm located in the sigmoid colon.
/workspace/igho/video_695_rango_30600_33840/frames_selected/frame_32085.png,This is a colonoscopy frame from a patient with a sessile adenoma polyp measuring 4 mm located in the sigmoid colon.
/workspace/igho/video_695_rango_30600_33840/frames_selected/frame_32086.png,This is a colonoscopy frame from a patient with a sessile adenoma polyp measuring 4 mm located in the sigmoid colon.
/workspace/igho/video_695_rango_30600_33840/frames_selected/frame_32087.png,This is a colonoscopy frame from a patient with a sessile adenoma polyp measuring 4 mm located in the sigmoid colon.
/workspace/igho/video_695_rango_30600_33840/frames_selected/frame_32088.png,This is a colonoscopy frame from a patient with a sessile adenoma polyp measuring 4 mm located in the sigmoid colon.
/workspace/igho/video_695_rango_30600_33840/frames_selected/frame_32089.png,This is a colonoscopy frame from a patient with a sessile adenoma polyp measuring 4 mm located in the sigmoid colon.
/workspace/igho/video_695_rango_30600_33840/frames_selected/frame_32090.png,This is a colonoscopy frame from a patient with a sessile adenoma polyp measuring 4 mm located in the sigmoid colon.
/workspace/igho/video_695_rango_30600_33840/frames_selected/frame_32091.png,This is a colonoscopy frame from a patient with a sessile adenoma polyp measuring 4 mm located in the sigmoid colon.
/workspace/igho/video_695_rango_30600_33840/frames_selected/frame_32092.png,This is a colonoscopy frame from a patient with a sessile adenoma polyp measuring 4 mm located in the sigmoid colon.
/workspace/igho/video_695_rango_30600_33840/frames_selected/frame_32093.png,This is a colonoscopy frame from a patient with a sessile adenoma polyp measuring 4 mm located in the sigmoid colon.
/workspace/igho/video_695_rango_30600_33840/frames_selected/frame_32094.png,This is a colonoscopy frame from a patient with a sessile adenoma polyp measuring 4 mm located in the sigmoid colon.
/workspace/igho/video_695_rango_30600_33840/frames_selected/frame_32095.png,This is a colonoscopy frame from a patient with a sessile adenoma polyp measuring 4 mm located in the sigmoid colon.
/workspace/igho/video_695_rango_30600_33840/frames_selected/frame_32096.png,This is a colonoscopy frame from a patient with a sessile adenoma polyp measuring 4 mm located in the sigmoid colon.
/workspace/igho/video_695_rango_30600_33840/frames_selected/frame_32097.png,This is a colonoscopy frame from a patient with a sessile adenoma polyp measuring 4 mm located in the sigmoid colon.
/workspace/igho/video_695_rango_30600_33840/frames_selected/frame_32098.png,This is a colonoscopy frame from a patient with a sessile adenoma polyp measuring 4 mm located in the sigmoid colon.
/workspace/igho/video_695_rango_30600_33840/frames_selected/frame_32099.png,This is a colonoscopy frame from a patient with a sessile adenoma polyp measuring 4 mm located in the sigmoid colon.
/workspace/igho/video_695_rango_30600_33840/frames_selected/frame_32100.png,This is a colonoscopy frame from a patient with a sessile adenoma polyp measuring 4 mm located in the sigmoid colon.
/workspace/igho/video_695_rango_30600_33840/frames_selected/frame_32101.png,This is a colonoscopy frame from a patient with a sessile adenoma polyp measuring 4 mm located in the sigmoid colon.
/workspace/igho/video_695_rango_30600_33840/frames_selected/frame_32102.png,This is a colonoscopy frame from a patient with a sessile adenoma polyp measuring 4 mm located in the sigmoid colon.
/workspace/igho/video_695_rango_30600_33840/frames_selected/frame_32103.png,This is a colonoscopy frame from a patient with a sessile adenoma polyp measuring 4 mm located in the sigmoid colon.
/workspace/igho/video_695_rango_30600_33840/frames_selected/frame_32104.png,This is a colonoscopy frame from a patient with a sessile adenoma polyp measuring 4 mm located in the sigmoid colon.
/workspace/igho/video_695_rango_30600_33840/frames_selected/frame_32105.png,This is a colonoscopy frame from a patient with a sessile adenoma polyp measuring 4 mm located in the sigmoid colon.
/workspace/igho/video_695_rango_30600_33840/frames_selected/frame_32106.png,This is a colonoscopy frame from a patient with a sessile adenoma polyp measuring 4 mm located in the sigmoid colon.
/workspace/igho/video_695_rango_30600_33840/frames_selected/frame_32107.png,This is a colonoscopy frame from a patient with a sessile adenoma polyp measuring 4 mm located in the sigmoid colon.
/workspace/igho/video_695_rango_30600_33840/frames_selected/frame_32108.png,This is a colonoscopy frame from a patient with a sessile adenoma polyp measuring 4 mm located in the sigmoid colon.
/workspace/igho/video_695_rango_30600_33840/frames_selected/frame_32109.png,This is a colonoscopy frame from a patient with a sessile adenoma polyp measuring 4 mm located in the sigmoid colon.
/workspace/igho/video_695_rango_30600_33840/frames_selected/frame_32110.png,This is a colonoscopy frame from a patient with a sessile adenoma polyp measuring 4 mm located in the sigmoid colon.
/workspace/igho/video_695_rango_30600_33840/frames_selected/frame_32111.png,This is a colonoscopy frame from a patient with a sessile adenoma polyp measuring 4 mm located in the sigmoid colon.
/workspace/igho/video_695_rango_30600_33840/frames_selected/frame_32112.png,This is a colonoscopy frame from a patient with a sessile adenoma polyp measuring 4 mm located in the sigmoid colon.
/workspace/igho/video_695_rango_30600_33840/frames_selected/frame_32113.png,This is a colonoscopy frame from a patient with a sessile adenoma polyp measuring 4 mm located in the sigmoid colon.
/workspace/igho/video_695_rango_30600_33840/frames_selected/frame_32114.png,This is a colonoscopy frame from a patient with a sessile adenoma polyp measuring 4 mm located in the sigmoid colon.
/workspace/igho/video_695_rango_30600_33840/frames_selected/frame_32115.png,This is a colonoscopy frame from a patient with a sessile adenoma polyp measuring 4 mm located in the sigmoid colon.
/workspace/igho/video_695_rango_30600_33840/frames_selected/frame_32116.png,This is a colonoscopy frame from a patient with a sessile adenoma polyp measuring 4 mm located in the sigmoid colon.
/workspace/igho/video_695_rango_30600_33840/frames_selected/frame_32117.png,This is a colonoscopy frame from a patient with a sessile adenoma polyp measuring 4 mm located in the sigmoid colon.
/workspace/igho/video_695_rango_30600_33840/frames_selected/frame_32118.png,This is a colonoscopy frame from a patient with a sessile adenoma polyp measuring 4 mm located in the sigmoid colon.
/workspace/igho/video_695_rango_30600_33840/frames_selected/frame_32119.png,This is a colonoscopy frame from a patient with a sessile adenoma polyp measuring 4 mm located in the sigmoid colon.
/workspace/igho/video_695_rango_30600_33840/frames_selected/frame_32120.png,This is a colonoscopy frame from a patient with a sessile adenoma polyp measuring 4 mm located in the sigmoid colon.
/workspace/igho/video_695_rango_30600_33840/frames_selected/frame_32121.png,This is a colonoscopy frame from a patient with a sessile adenoma polyp measuring 4 mm located in the sigmoid colon.
/workspace/igho/video_695_rango_30600_33840/frames_selected/frame_32122.png,This is a colonoscopy frame from a patient with a sessile adenoma polyp measuring 4 mm located in the sigmoid colon.
/workspace/igho/video_695_rango_30600_33840/frames_selected/frame_32123.png,This is a colonoscopy frame from a patient with a sessile adenoma polyp measuring 4 mm located in the sigmoid colon.
/workspace/igho/video_695_rango_30600_33840/frames_selected/frame_32124.png,This is a colonoscopy frame from a patient with a sessile adenoma polyp measuring 4 mm located in the sigmoid colon.
/workspace/igho/video_695_rango_30600_33840/frames_selected/frame_32125.png,This is a colonoscopy frame from a patient with a sessile adenoma polyp measuring 4 mm located in the sigmoid colon.
/workspace/igho/video_695_rango_30600_33840/frames_selected/frame_32126.png,This is a colonoscopy frame from a patient with a sessile adenoma polyp measuring 4 mm located in the sigmoid colon.
/workspace/igho/video_695_rango_30600_33840/frames_selected/frame_32127.png,This is a colonoscopy frame from a patient with a sessile adenoma polyp measuring 4 mm located in the sigmoid colon.
/workspace/igho/video_695_rango_30600_33840/frames_selected/frame_32128.png,This is a colonoscopy frame from a patient with a sessile adenoma polyp measuring 4 mm located in the sigmoid colon.
/workspace/igho/video_695_rango_30600_33840/frames_selected/frame_32129.png,This is a colonoscopy frame from a patient with a sessile adenoma polyp measuring 4 mm located in the sigmoid colon.
/workspace/igho/video_695_rango_30600_33840/frames_selected/frame_32130.png,This is a colonoscopy frame from a patient with a sessile adenoma polyp measuring 4 mm located in the sigmoid colon.
/workspace/igho/video_695_rango_30600_33840/frames_selected/frame_32131.png,This is a colonoscopy frame from a patient with a sessile adenoma polyp measuring 4 mm located in the sigmoid colon.
/workspace/igho/video_695_rango_30600_33840/frames_selected/frame_32132.png,This is a colonoscopy frame from a patient with a sessile adenoma polyp measuring 4 mm located in the sigmoid colon.
/workspace/igho/video_695_rango_30600_33840/frames_selected/frame_32133.png,This is a colonoscopy frame from a patient with a sessile adenoma polyp measuring 4 mm located in the sigmoid colon.
/workspace/igho/video_695_rango_30600_33840/frames_selected/frame_32134.png,This is a colonoscopy frame from a patient with a sessile adenoma polyp measuring 4 mm located in the sigmoid colon.
/workspace/igho/video_695_rango_30600_33840/frames_selected/frame_32135.png,This is a colonoscopy frame from a patient with a sessile adenoma polyp measuring 4 mm located in the sigmoid colon.
/workspace/igho/video_695_rango_30600_33840/frames_selected/frame_32136.png,This is a colonoscopy frame from a patient with a sessile adenoma polyp measuring 4 mm located in the sigmoid colon.
/workspace/igho/video_695_rango_30600_33840/frames_selected/frame_32137.png,This is a colonoscopy frame from a patient with a sessile adenoma polyp measuring 4 mm located in the sigmoid colon.
/workspace/igho/video_695_rango_30600_33840/frames_selected/frame_32138.png,This is a colonoscopy frame from a patient with a sessile adenoma polyp measuring 4 mm located in the sigmoid colon.
/workspace/igho/video_695_rango_30600_33840/frames_selected/frame_32139.png,This is a colonoscopy frame from a patient with a sessile adenoma polyp measuring 4 mm located in the sigmoid colon.
/workspace/igho/video_695_rango_30600_33840/frames_selected/frame_32140.png,This is a colonoscopy frame from a patient with a sessile adenoma polyp measuring 4 mm located in the sigmoid colon.
/workspace/igho/video_695_rango_30600_33840/frames_selected/frame_32141.png,This is a colonoscopy frame from a patient with a sessile adenoma polyp measuring 4 mm located in the sigmoid colon.
/workspace/igho/video_695_rango_30600_33840/frames_selected/frame_32142.png,This is a colonoscopy frame from a patient with a sessile adenoma polyp measuring 4 mm located in the sigmoid colon.
/workspace/igho/video_695_rango_30600_33840/frames_selected/frame_32143.png,This is a colonoscopy frame from a patient with a sessile adenoma polyp measuring 4 mm located in the sigmoid colon.
/workspace/igho/video_695_rango_30600_33840/frames_selected/frame_32144.png,This is a colonoscopy frame from a patient with a sessile adenoma polyp measuring 4 mm located in the sigmoid colon.
/workspace/igho/video_695_rango_30600_33840/frames_selected/frame_32145.png,This is a colonoscopy frame from a patient with a sessile adenoma polyp measuring 4 mm located in the sigmoid colon.
/workspace/igho/video_695_rango_30600_33840/frames_selected/frame_32146.png,This is a colonoscopy frame from a patient with a sessile adenoma polyp measuring 4 mm located in the sigmoid colon.
/workspace/igho/video_695_rango_30600_33840/frames_selected/frame_32147.png,This is a colonoscopy frame from a patient with a sessile adenoma polyp measuring 4 mm located in the sigmoid colon.
/workspace/igho/video_695_rango_30600_33840/frames_selected/frame_32148.png,This is a colonoscopy frame from a patient with a sessile adenoma polyp measuring 4 mm located in the sigmoid colon.
/workspace/igho/video_695_rango_30600_33840/frames_selected/frame_32149.png,This is a colonoscopy frame from a patient with a sessile adenoma polyp measuring 4 mm located in the sigmoid colon.
/workspace/igho/video_695_rango_30600_33840/frames_selected/frame_32150.png,This is a colonoscopy frame from a patient with a sessile adenoma polyp measuring 4 mm located in the sigmoid colon.
/workspace/igho/video_695_rango_30600_33840/frames_selected/frame_32151.png,This is a colonoscopy frame from a patient with a sessile adenoma polyp measuring 4 mm located in the sigmoid colon.
/workspace/igho/video_695_rango_30600_33840/frames_selected/frame_32152.png,This is a colonoscopy frame from a patient with a sessile adenoma polyp measuring 4 mm located in the sigmoid colon.
/workspace/igho/video_695_rango_30600_33840/frames_selected/frame_32153.png,This is a colonoscopy frame from a patient with a sessile adenoma polyp measuring 4 mm located in the sigmoid colon.
/workspace/igho/video_695_rango_30600_33840/frames_selected/frame_32154.png,This is a colonoscopy frame from a patient with a sessile adenoma polyp measuring 4 mm located in the sigmoid colon.
/workspace/igho/video_695_rango_30600_33840/frames_selected/frame_32155.png,This is a colonoscopy frame from a patient with a sessile adenoma polyp measuring 4 mm located in the sigmoid colon.
/workspace/igho/video_695_rango_30600_33840/frames_selected/frame_32156.png,This is a colonoscopy frame from a patient with a sessile adenoma polyp measuring 4 mm located in the sigmoid colon.
/workspace/igho/video_695_rango_30600_33840/frames_selected/frame_32157.png,This is a colonoscopy frame from a patient with a sessile adenoma polyp measuring 4 mm located in the sigmoid colon.
/workspace/igho/video_695_rango_30600_33840/frames_selected/frame_32158.png,This is a colonoscopy frame from a patient with a sessile adenoma polyp measuring 4 mm located in the sigmoid colon.
/workspace/igho/video_695_rango_30600_33840/frames_selected/frame_32159.png,This is a colonoscopy frame from a patient with a sessile adenoma polyp measuring 4 mm located in the sigmoid colon.
/workspace/igho/video_695_rango_30600_33840/frames_selected/frame_32160.png,This is a colonoscopy frame from a patient with a sessile adenoma polyp measuring 4 mm located in the sigmoid colon.
/workspace/igho/video_695_rango_30600_33840/frames_selected/frame_32161.png,This is a colonoscopy frame from a patient with a sessile adenoma polyp measuring 4 mm located in the sigmoid colon.
/workspace/igho/video_695_rango_30600_33840/frames_selected/frame_32162.png,This is a colonoscopy frame from a patient with a sessile adenoma polyp measuring 4 mm located in the sigmoid colon.
/workspace/igho/video_695_rango_30600_33840/frames_selected/frame_32163.png,This is a colonoscopy frame from a patient with a sessile adenoma polyp measuring 4 mm located in the sigmoid colon.
/workspace/igho/video_695_rango_30600_33840/frames_selected/frame_32164.png,This is a colonoscopy frame from a patient with a sessile adenoma polyp measuring 4 mm located in the sigmoid colon.
/workspace/igho/video_695_rango_30600_33840/frames_selected/frame_32165.png,This is a colonoscopy frame from a patient with a sessile adenoma polyp measuring 4 mm located in the sigmoid colon.
/workspace/igho/video_695_rango_30600_33840/frames_selected/frame_32166.png,This is a colonoscopy frame from a patient with a sessile adenoma polyp measuring 4 mm located in the sigmoid colon.
/workspace/igho/video_695_rango_30600_33840/frames_selected/frame_32167.png,This is a colonoscopy frame from a patient with a sessile adenoma polyp measuring 4 mm located in the sigmoid colon.
/workspace/igho/video_695_rango_30600_33840/frames_selected/frame_32168.png,This is a colonoscopy frame from a patient with a sessile adenoma polyp measuring 4 mm located in the sigmoid colon.
/workspace/igho/video_695_rango_30600_33840/frames_selected/frame_32169.png,This is a colonoscopy frame from a patient with a sessile adenoma polyp measuring 4 mm located in the sigmoid colon.
/workspace/igho/video_695_rango_30600_33840/frames_selected/frame_32170.png,This is a colonoscopy frame from a patient with a sessile adenoma polyp measuring 4 mm located in the sigmoid colon.
/workspace/igho/video_695_rango_30600_33840/frames_selected/frame_32171.png,This is a colonoscopy frame from a patient with a sessile adenoma polyp measuring 4 mm located in the sigmoid colon.
/workspace/igho/video_695_rango_30600_33840/frames_selected/frame_32172.png,This is a colonoscopy frame from a patient with a sessile adenoma polyp measuring 4 mm located in the sigmoid colon.
/workspace/igho/video_695_rango_30600_33840/frames_selected/frame_32173.png,This is a colonoscopy frame from a patient with a sessile adenoma polyp measuring 4 mm located in the sigmoid colon.
/workspace/igho/video_695_rango_30600_33840/frames_selected/frame_32174.png,This is a colonoscopy frame from a patient with a sessile adenoma polyp measuring 4 mm located in the sigmoid colon.
/workspace/igho/video_695_rango_30600_33840/frames_selected/frame_32175.png,This is a colonoscopy frame from a patient with a sessile adenoma polyp measuring 4 mm located in the sigmoid colon.
/workspace/igho/video_695_rango_30600_33840/frames_selected/frame_32176.png,This is a colonoscopy frame from a patient with a sessile adenoma polyp measuring 4 mm located in the sigmoid colon.
/workspace/igho/video_695_rango_30600_33840/frames_selected/frame_32177.png,This is a colonoscopy frame from a patient with a sessile adenoma polyp measuring 4 mm located in the sigmoid colon.
/workspace/igho/video_695_rango_30600_33840/frames_selected/frame_32178.png,This is a colonoscopy frame from a patient with a sessile adenoma polyp measuring 4 mm located in the sigmoid colon.
/workspace/igho/video_695_rango_30600_33840/frames_selected/frame_32179.png,This is a colonoscopy frame from a patient with a sessile adenoma polyp measuring 4 mm located in the sigmoid colon.
/workspace/igho/video_695_rango_30600_33840/frames_selected/frame_32180.png,This is a colonoscopy frame from a patient with a sessile adenoma polyp measuring 4 mm located in the sigmoid colon.
/workspace/igho/video_695_rango_30600_33840/frames_selected/frame_32181.png,This is a colonoscopy frame from a patient with a sessile adenoma polyp measuring 4 mm located in the sigmoid colon.
/workspace/igho/video_695_rango_30600_33840/frames_selected/frame_32182.png,This is a colonoscopy frame from a patient with a sessile adenoma polyp measuring 4 mm located in the sigmoid colon.
/workspace/igho/video_695_rango_30600_33840/frames_selected/frame_32183.png,This is a colonoscopy frame from a patient with a sessile adenoma polyp measuring 4 mm located in the sigmoid colon.
/workspace/igho/video_695_rango_30600_33840/frames_selected/frame_32184.png,This is a colonoscopy frame from a patient with a sessile adenoma polyp measuring 4 mm located in the sigmoid colon.
/workspace/igho/video_695_rango_30600_33840/frames_selected/frame_32185.png,This is a colonoscopy frame from a patient with a sessile adenoma polyp measuring 4 mm located in the sigmoid colon.
/workspace/igho/video_695_rango_30600_33840/frames_selected/frame_32186.png,This is a colonoscopy frame from a patient with a sessile adenoma polyp measuring 4 mm located in the sigmoid colon.
/workspace/igho/video_695_rango_30600_33840/frames_selected/frame_32187.png,This is a colonoscopy frame from a patient with a sessile adenoma polyp measuring 4 mm located in the sigmoid colon.
/workspace/igho/video_695_rango_30600_33840/frames_selected/frame_32188.png,This is a colonoscopy frame from a patient with a sessile adenoma polyp measuring 4 mm located in the sigmoid colon.
/workspace/igho/video_695_rango_30600_33840/frames_selected/frame_32189.png,This is a colonoscopy frame from a patient with a sessile adenoma polyp measuring 4 mm located in the sigmoid colon.
/workspace/igho/video_695_rango_30600_33840/frames_selected/frame_32190.png,This is a colonoscopy frame from a patient with a sessile adenoma polyp measuring 4 mm located in the sigmoid colon.
/workspace/igho/video_695_rango_30600_33840/frames_selected/frame_32191.png,This is a colonoscopy frame from a patient with a sessile adenoma polyp measuring 4 mm located in the sigmoid colon.
/workspace/igho/video_695_rango_30600_33840/frames_selected/frame_32192.png,This is a colonoscopy frame from a patient with a sessile adenoma polyp measuring 4 mm located in the sigmoid colon.
/workspace/igho/video_695_rango_30600_33840/frames_selected/frame_32193.png,This is a colonoscopy frame from a patient with a sessile adenoma polyp measuring 4 mm located in the sigmoid colon.
/workspace/igho/video_695_rango_30600_33840/frames_selected/frame_32194.png,This is a colonoscopy frame from a patient with a sessile adenoma polyp measuring 4 mm located in the sigmoid colon.
/workspace/igho/video_695_rango_30600_33840/frames_selected/frame_32195.png,This is a colonoscopy frame from a patient with a sessile adenoma polyp measuring 4 mm located in the sigmoid colon.
/workspace/igho/video_695_rango_30600_33840/frames_selected/frame_32196.png,This is a colonoscopy frame from a patient with a sessile adenoma polyp measuring 4 mm located in the sigmoid colon.
/workspace/igho/video_695_rango_30600_33840/frames_selected/frame_32197.png,This is a colonoscopy frame from a patient with a sessile adenoma polyp measuring 4 mm located in the sigmoid colon.
/workspace/igho/video_695_rango_30600_33840/frames_selected/frame_32198.png,This is a colonoscopy frame from a patient with a sessile adenoma polyp measuring 4 mm located in the sigmoid colon.
/workspace/igho/video_695_rango_30600_33840/frames_selected/frame_32199.png,This is a colonoscopy frame from a patient with a sessile adenoma polyp measuring 4 mm located in the sigmoid colon.
/workspace/igho/video_695_rango_30600_33840/frames_selected/frame_32200.png,This is a colonoscopy frame from a patient with a sessile adenoma polyp measuring 4 mm located in the sigmoid colon.
/workspace/igho/video_695_rango_30600_33840/frames_selected/frame_32201.png,This is a colonoscopy frame from a patient with a sessile adenoma polyp measuring 4 mm located in the sigmoid colon.
/workspace/igho/video_695_rango_30600_33840/frames_selected/frame_32202.png,This is a colonoscopy frame from a patient with a sessile adenoma polyp measuring 4 mm located in the sigmoid colon.
/workspace/igho/video_695_rango_30600_33840/frames_selected/frame_32203.png,This is a colonoscopy frame from a patient with a sessile adenoma polyp measuring 4 mm located in the sigmoid colon.
/workspace/igho/video_695_rango_30600_33840/frames_selected/frame_32204.png,This is a colonoscopy frame from a patient with a sessile adenoma polyp measuring 4 mm located in the sigmoid colon.
/workspace/igho/video_695_rango_30600_33840/frames_selected/frame_32205.png,This is a colonoscopy frame from a patient with a sessile adenoma polyp measuring 4 mm located in the sigmoid colon.
/workspace/igho/video_695_rango_30600_33840/frames_selected/frame_32206.png,This is a colonoscopy frame from a patient with a sessile adenoma polyp measuring 4 mm located in the sigmoid colon.
/workspace/igho/video_695_rango_30600_33840/frames_selected/frame_32207.png,This is a colonoscopy frame from a patient with a sessile adenoma polyp measuring 4 mm located in the sigmoid colon.
/workspace/igho/video_695_rango_30600_33840/frames_selected/frame_32208.png,This is a colonoscopy frame from a patient with a sessile adenoma polyp measuring 4 mm located in the sigmoid colon.
/workspace/igho/video_695_rango_30600_33840/frames_selected/frame_32209.png,This is a colonoscopy frame from a patient with a sessile adenoma polyp measuring 4 mm located in the sigmoid colon.
/workspace/igho/video_695_rango_30600_33840/frames_selected/frame_32210.png,This is a colonoscopy frame from a patient with a sessile adenoma polyp measuring 4 mm located in the sigmoid colon.
/workspace/igho/video_695_rango_30600_33840/frames_selected/frame_32211.png,This is a colonoscopy frame from a patient with a sessile adenoma polyp measuring 4 mm located in the sigmoid colon.
/workspace/igho/video_695_rango_30600_33840/frames_selected/frame_32212.png,This is a colonoscopy frame from a patient with a sessile adenoma polyp measuring 4 mm located in the sigmoid colon.
/workspace/igho/video_695_rango_30600_33840/frames_selected/frame_32213.png,This is a colonoscopy frame from a patient with a sessile adenoma polyp measuring 4 mm located in the sigmoid colon.
/workspace/igho/video_695_rango_30600_33840/frames_selected/frame_32214.png,This is a colonoscopy frame from a patient with a sessile adenoma polyp measuring 4 mm located in the sigmoid colon.
/workspace/igho/video_695_rango_30600_33840/frames_selected/frame_32215.png,This is a colonoscopy frame from a patient with a sessile adenoma polyp measuring 4 mm located in the sigmoid colon.
/workspace/igho/video_695_rango_30600_33840/frames_selected/frame_32216.png,This is a colonoscopy frame from a patient with a sessile adenoma polyp measuring 4 mm located in the sigmoid colon.
/workspace/igho/video_695_rango_30600_33840/frames_selected/frame_32217.png,This is a colonoscopy frame from a patient with a sessile adenoma polyp measuring 4 mm located in the sigmoid colon.
/workspace/igho/video_695_rango_30600_33840/frames_selected/frame_32218.png,This is a colonoscopy frame from a patient with a sessile adenoma polyp measuring 4 mm located in the sigmoid colon.
/workspace/igho/video_695_rango_30600_33840/frames_selected/frame_32219.png,This is a colonoscopy frame from a patient with a sessile adenoma polyp measuring 4 mm located in the sigmoid colon.
/workspace/igho/video_695_rango_30600_33840/frames_selected/frame_32220.png,This is a colonoscopy frame from a patient with a sessile adenoma polyp measuring 4 mm located in the sigmoid colon.
/workspace/igho/video_695_rango_30600_33840/frames_selected/frame_32221.png,This is a colonoscopy frame from a patient with a sessile adenoma polyp measuring 4 mm located in the sigmoid colon.
/workspace/igho/video_695_rango_30600_33840/frames_selected/frame_32222.png,This is a colonoscopy frame from a patient with a sessile adenoma polyp measuring 4 mm located in the sigmoid colon.
/workspace/igho/video_695_rango_30600_33840/frames_selected/frame_32223.png,This is a colonoscopy frame from a patient with a sessile adenoma polyp measuring 4 mm located in the sigmoid colon.
/workspace/igho/video_695_rango_30600_33840/frames_selected/frame_32224.png,This is a colonoscopy frame from a patient with a sessile adenoma polyp measuring 4 mm located in the sigmoid colon.
/workspace/igho/video_695_rango_30600_33840/frames_selected/frame_32225.png,This is a colonoscopy frame from a patient with a sessile adenoma polyp measuring 4 mm located in the sigmoid colon.
/workspace/igho/video_695_rango_30600_33840/frames_selected/frame_32226.png,This is a colonoscopy frame from a patient with a sessile adenoma polyp measuring 4 mm located in the sigmoid colon.
/workspace/igho/video_695_rango_30600_33840/frames_selected/frame_32227.png,This is a colonoscopy frame from a patient with a sessile adenoma polyp measuring 4 mm located in the sigmoid colon.
/workspace/igho/video_695_rango_30600_33840/frames_selected/frame_32228.png,This is a colonoscopy frame from a patient with a sessile adenoma polyp measuring 4 mm located in the sigmoid colon.
/workspace/igho/video_695_rango_30600_33840/frames_selected/frame_32229.png,This is a colonoscopy frame from a patient with a sessile adenoma polyp measuring 4 mm located in the sigmoid colon.
/workspace/igho/video_695_rango_30600_33840/frames_selected/frame_32230.png,This is a colonoscopy frame from a patient with a sessile adenoma polyp measuring 4 mm located in the sigmoid colon.
/workspace/igho/video_695_rango_30600_33840/frames_selected/frame_32231.png,This is a colonoscopy frame from a patient with a sessile adenoma polyp measuring 4 mm located in the sigmoid colon.
/workspace/igho/video_695_rango_30600_33840/frames_selected/frame_32232.png,This is a colonoscopy frame from a patient with a sessile adenoma polyp measuring 4 mm located in the sigmoid colon.
/workspace/igho/video_695_rango_30600_33840/frames_selected/frame_32233.png,This is a colonoscopy frame from a patient with a sessile adenoma polyp measuring 4 mm located in the sigmoid colon.
/workspace/igho/video_695_rango_30600_33840/frames_selected/frame_32234.png,This is a colonoscopy frame from a patient with a sessile adenoma polyp measuring 4 mm located in the sigmoid colon.
/workspace/igho/video_695_rango_30600_33840/frames_selected/frame_32235.png,This is a colonoscopy frame from a patient with a sessile adenoma polyp measuring 4 mm located in the sigmoid colon.
/workspace/igho/video_695_rango_30600_33840/frames_selected/frame_32236.png,This is a colonoscopy frame from a patient with a sessile adenoma polyp measuring 4 mm located in the sigmoid colon.
/workspace/igho/video_695_rango_30600_33840/frames_selected/frame_32237.png,This is a colonoscopy frame from a patient with a sessile adenoma polyp measuring 4 mm located in the sigmoid colon.
/workspace/igho/video_695_rango_30600_33840/frames_selected/frame_32238.png,This is a colonoscopy frame from a patient with a sessile adenoma polyp measuring 4 mm located in the sigmoid colon.
/workspace/igho/video_695_rango_30600_33840/frames_selected/frame_32239.png,This is a colonoscopy frame from a patient with a sessile adenoma polyp measuring 4 mm located in the sigmoid colon.
/workspace/igho/video_695_rango_30600_33840/frames_selected/frame_32240.png,This is a colonoscopy frame from a patient with a sessile adenoma polyp measuring 4 mm located in the sigmoid colon.
/workspace/igho/video_695_rango_30600_33840/frames_selected/frame_32241.png,This is a colonoscopy frame from a patient with a sessile adenoma polyp measuring 4 mm located in the sigmoid colon.
/workspace/igho/video_695_rango_30600_33840/frames_selected/frame_32242.png,This is a colonoscopy frame from a patient with a sessile adenoma polyp measuring 4 mm located in the sigmoid colon.
/workspace/igho/video_695_rango_30600_33840/frames_selected/frame_32243.png,This is a colonoscopy frame from a patient with a sessile adenoma polyp measuring 4 mm located in the sigmoid colon.
/workspace/igho/video_695_rango_30600_33840/frames_selected/frame_32244.png,This is a colonoscopy frame from a patient with a sessile adenoma polyp measuring 4 mm located in the sigmoid colon.
/workspace/igho/video_695_rango_30600_33840/frames_selected/frame_32245.png,This is a colonoscopy frame from a patient with a sessile adenoma polyp measuring 4 mm located in the sigmoid colon.
/workspace/igho/video_695_rango_30600_33840/frames_selected/frame_32246.png,This is a colonoscopy frame from a patient with a sessile adenoma polyp measuring 4 mm located in the sigmoid colon.
/workspace/igho/video_695_rango_30600_33840/frames_selected/frame_32247.png,This is a colonoscopy frame from a patient with a sessile adenoma polyp measuring 4 mm located in the sigmoid colon.
/workspace/igho/video_695_rango_30600_33840/frames_selected/frame_32248.png,This is a colonoscopy frame from a patient with a sessile adenoma polyp measuring 4 mm located in the sigmoid colon.
/workspace/igho/video_695_rango_30600_33840/frames_selected/frame_32249.png,This is a colonoscopy frame from a patient with a sessile adenoma polyp measuring 4 mm located in the sigmoid colon.
/workspace/igho/video_695_rango_30600_33840/frames_selected/frame_32250.png,This is a colonoscopy frame from a patient with a sessile adenoma polyp measuring 4 mm located in the sigmoid colon.
/workspace/igho/video_695_rango_30600_33840/frames_selected/frame_32251.png,This is a colonoscopy frame from a patient with a sessile adenoma polyp measuring 4 mm located in the sigmoid colon.
/workspace/igho/video_695_rango_30600_33840/frames_selected/frame_32252.png,This is a colonoscopy frame from a patient with a sessile adenoma polyp measuring 4 mm located in the sigmoid colon.
/workspace/igho/video_695_rango_30600_33840/frames_selected/frame_32253.png,This is a colonoscopy frame from a patient with a sessile adenoma polyp measuring 4 mm located in the sigmoid colon.
/workspace/igho/video_695_rango_30600_33840/frames_selected/frame_32254.png,This is a colonoscopy frame from a patient with a sessile adenoma polyp measuring 4 mm located in the sigmoid colon.
/workspace/igho/video_695_rango_30600_33840/frames_selected/frame_32255.png,This is a colonoscopy frame from a patient with a sessile adenoma polyp measuring 4 mm located in the sigmoid colon.
/workspace/igho/video_695_rango_30600_33840/frames_selected/frame_32256.png,This is a colonoscopy frame from a patient with a sessile adenoma polyp measuring 4 mm located in the sigmoid colon.
/workspace/igho/video_695_rango_30600_33840/frames_selected/frame_32257.png,This is a colonoscopy frame from a patient with a sessile adenoma polyp measuring 4 mm located in the sigmoid colon.
/workspace/igho/video_695_rango_30600_33840/frames_selected/frame_32258.png,This is a colonoscopy frame from a patient with a sessile adenoma polyp measuring 4 mm located in the sigmoid colon.
/workspace/igho/video_695_rango_30600_33840/frames_selected/frame_32259.png,This is a colonoscopy frame from a patient with a sessile adenoma polyp measuring 4 mm located in the sigmoid colon.
/workspace/igho/video_695_rango_30600_33840/frames_selected/frame_32260.png,This is a colonoscopy frame from a patient with a sessile adenoma polyp measuring 4 mm located in the sigmoid colon.
/workspace/igho/video_695_rango_30600_33840/frames_selected/frame_32261.png,This is a colonoscopy frame from a patient with a sessile adenoma polyp measuring 4 mm located in the sigmoid colon.
/workspace/igho/video_695_rango_30600_33840/frames_selected/frame_32262.png,This is a colonoscopy frame from a patient with a sessile adenoma polyp measuring 4 mm located in the sigmoid colon.
/workspace/igho/video_695_rango_30600_33840/frames_selected/frame_32263.png,This is a colonoscopy frame from a patient with a sessile adenoma polyp measuring 4 mm located in the sigmoid colon.
/workspace/igho/video_695_rango_30600_33840/frames_selected/frame_32264.png,This is a colonoscopy frame from a patient with a sessile adenoma polyp measuring 4 mm located in the sigmoid colon.
/workspace/igho/video_695_rango_30600_33840/frames_selected/frame_32265.png,This is a colonoscopy frame from a patient with a sessile adenoma polyp measuring 4 mm located in the sigmoid colon.
/workspace/igho/video_695_rango_30600_33840/frames_selected/frame_32266.png,This is a colonoscopy frame from a patient with a sessile adenoma polyp measuring 4 mm located in the sigmoid colon.
/workspace/igho/video_695_rango_30600_33840/frames_selected/frame_32267.png,This is a colonoscopy frame from a patient with a sessile adenoma polyp measuring 4 mm located in the sigmoid colon.
/workspace/igho/video_695_rango_30600_33840/frames_selected/frame_32268.png,This is a colonoscopy frame from a patient with a sessile adenoma polyp measuring 4 mm located in the sigmoid colon.
/workspace/igho/video_695_rango_30600_33840/frames_selected/frame_32269.png,This is a colonoscopy frame from a patient with a sessile adenoma polyp measuring 4 mm located in the sigmoid colon.
/workspace/igho/video_695_rango_30600_33840/frames_selected/frame_32270.png,This is a colonoscopy frame from a patient with a sessile adenoma polyp measuring 4 mm located in the sigmoid colon.
/workspace/igho/video_695_rango_30600_33840/frames_selected/frame_32271.png,This is a colonoscopy frame from a patient with a sessile adenoma polyp measuring 4 mm located in the sigmoid colon.
/workspace/igho/video_695_rango_30600_33840/frames_selected/frame_32272.png,This is a colonoscopy frame from a patient with a sessile adenoma polyp measuring 4 mm located in the sigmoid colon.
/workspace/igho/video_695_rango_30600_33840/frames_selected/frame_32273.png,This is a colonoscopy frame from a patient with a sessile adenoma polyp measuring 4 mm located in the sigmoid colon.
/workspace/igho/video_695_rango_30600_33840/frames_selected/frame_32274.png,This is a colonoscopy frame from a patient with a sessile adenoma polyp measuring 4 mm located in the sigmoid colon.
/workspace/igho/video_695_rango_30600_33840/frames_selected/frame_32275.png,This is a colonoscopy frame from a patient with a sessile adenoma polyp measuring 4 mm located in the sigmoid colon.
/workspace/igho/video_695_rango_30600_33840/frames_selected/frame_32276.png,This is a colonoscopy frame from a patient with a sessile adenoma polyp measuring 4 mm located in the sigmoid colon.
/workspace/igho/video_695_rango_30600_33840/frames_selected/frame_32277.png,This is a colonoscopy frame from a patient with a sessile adenoma polyp measuring 4 mm located in the sigmoid colon.
/workspace/igho/video_695_rango_30600_33840/frames_selected/frame_32278.png,This is a colonoscopy frame from a patient with a sessile adenoma polyp measuring 4 mm located in the sigmoid colon.
/workspace/igho/video_695_rango_30600_33840/frames_selected/frame_32279.png,This is a colonoscopy frame from a patient with a sessile adenoma polyp measuring 4 mm located in the sigmoid colon.
/workspace/igho/video_695_rango_30600_33840/frames_selected/frame_32280.png,This is a colonoscopy frame from a patient with a sessile adenoma polyp measuring 4 mm located in the sigmoid colon.
/workspace/igho/video_695_rango_30600_33840/frames_selected/frame_32281.png,This is a colonoscopy frame from a patient with a sessile adenoma polyp measuring 4 mm located in the sigmoid colon.
/workspace/igho/video_695_rango_30600_33840/frames_selected/frame_32282.png,This is a colonoscopy frame from a patient with a sessile adenoma polyp measuring 4 mm located in the sigmoid colon.
/workspace/igho/video_695_rango_30600_33840/frames_selected/frame_32283.png,This is a colonoscopy frame from a patient with a sessile adenoma polyp measuring 4 mm located in the sigmoid colon.
/workspace/igho/video_695_rango_30600_33840/frames_selected/frame_32284.png,This is a colonoscopy frame from a patient with a sessile adenoma polyp measuring 4 mm located in the sigmoid colon.
/workspace/igho/video_695_rango_30600_33840/frames_selected/frame_32285.png,This is a colonoscopy frame from a patient with a sessile adenoma polyp measuring 4 mm located in the sigmoid colon.
/workspace/igho/video_695_rango_30600_33840/frames_selected/frame_32286.png,This is a colonoscopy frame from a patient with a sessile adenoma polyp measuring 4 mm located in the sigmoid colon.
/workspace/igho/video_695_rango_30600_33840/frames_selected/frame_32287.png,This is a colonoscopy frame from a patient with a sessile adenoma polyp measuring 4 mm located in the sigmoid colon.
/workspace/igho/video_695_rango_30600_33840/frames_selected/frame_32288.png,This is a colonoscopy frame from a patient with a sessile adenoma polyp measuring 4 mm located in the sigmoid colon.
/workspace/igho/video_695_rango_30600_33840/frames_selected/frame_32289.png,This is a colonoscopy frame from a patient with a sessile adenoma polyp measuring 4 mm located in the sigmoid colon.
/workspace/igho/video_695_rango_30600_33840/frames_selected/frame_32290.png,This is a colonoscopy frame from a patient with a sessile adenoma polyp measuring 4 mm located in the sigmoid colon.
/workspace/igho/video_695_rango_30600_33840/frames_selected/frame_32291.png,This is a colonoscopy frame from a patient with a sessile adenoma polyp measuring 4 mm located in the sigmoid colon.
/workspace/igho/video_695_rango_30600_33840/frames_selected/frame_32292.png,This is a colonoscopy frame from a patient with a sessile adenoma polyp measuring 4 mm located in the sigmoid colon.
/workspace/igho/video_695_rango_30600_33840/frames_selected/frame_32293.png,This is a colonoscopy frame from a patient with a sessile adenoma polyp measuring 4 mm located in the sigmoid colon.
/workspace/igho/video_695_rango_30600_33840/frames_selected/frame_32294.png,This is a colonoscopy frame from a patient with a sessile adenoma polyp measuring 4 mm located in the sigmoid colon.
/workspace/igho/video_695_rango_30600_33840/frames_selected/frame_32295.png,This is a colonoscopy frame from a patient with a sessile adenoma polyp measuring 4 mm located in the sigmoid colon.
/workspace/igho/video_695_rango_30600_33840/frames_selected/frame_32296.png,This is a colonoscopy frame from a patient with a sessile adenoma polyp measuring 4 mm located in the sigmoid colon.
/workspace/igho/video_695_rango_30600_33840/frames_selected/frame_32297.png,This is a colonoscopy frame from a patient with a sessile adenoma polyp measuring 4 mm located in the sigmoid colon.
/workspace/igho/video_695_rango_30600_33840/frames_selected/frame_32298.png,This is a colonoscopy frame from a patient with a flat elevated mucosal adenoma polyp measuring 15 mm located in the rectum.
/workspace/igho/video_695_rango_30600_33840/frames_selected/frame_32299.png,This is a colonoscopy frame from a patient with a flat elevated mucosal adenoma polyp measuring 15 mm located in the rectum.
/workspace/igho/video_695_rango_30600_33840/frames_selected/frame_32300.png,This is a colonoscopy frame from a patient with a sessile adenoma polyp measuring 4 mm located in the sigmoid colon.
/workspace/igho/video_695_rango_30600_33840/frames_selected/frame_32301.png,This is a colonoscopy frame from a patient with a sessile adenoma polyp measuring 4 mm located in the sigmoid colon.
/workspace/igho/video_695_rango_30600_33840/frames_selected/frame_32302.png,This is a colonoscopy frame from a patient with a sessile adenoma polyp measuring 4 mm located in the sigmoid colon.
/workspace/igho/video_695_rango_30600_33840/frames_selected/frame_32303.png,This is a colonoscopy frame from a patient with a sessile adenoma polyp measuring 4 mm located in the sigmoid colon.
/workspace/igho/video_695_rango_30600_33840/frames_selected/frame_32304.png,This is a colonoscopy frame from a patient with a sessile adenoma polyp measuring 4 mm located in the sigmoid colon.
/workspace/igho/video_695_rango_30600_33840/frames_selected/frame_32305.png,This is a colonoscopy frame from a patient with a sessile adenoma polyp measuring 4 mm located in the sigmoid colon.
/workspace/igho/video_695_rango_30600_33840/frames_selected/frame_32306.png,This is a colonoscopy frame from a patient with a flat elevated mucosal adenoma polyp measuring 15 mm located in the rectum.
/workspace/igho/video_695_rango_30600_33840/frames_selected/frame_32307.png,This is a colonoscopy frame from a patient with a sessile adenoma polyp measuring 4 mm located in the sigmoid colon.
/workspace/igho/video_695_rango_30600_33840/frames_selected/frame_32308.png,This is a colonoscopy frame from a patient with a sessile adenoma polyp measuring 4 mm located in the sigmoid colon.
/workspace/igho/video_695_rango_30600_33840/frames_selected/frame_32309.png,This is a colonoscopy frame from a patient with a sessile adenoma polyp measuring 4 mm located in the sigmoid colon.
/workspace/igho/video_695_rango_30600_33840/frames_selected/frame_32310.png,This is a colonoscopy frame from a patient with a sessile adenoma polyp measuring 4 mm located in the sigmoid colon.
/workspace/igho/video_695_rango_30600_33840/frames_selected/frame_32311.png,This is a colonoscopy frame from a patient with a sessile adenoma polyp measuring 4 mm located in the sigmoid colon.
/workspace/igho/video_695_rango_30600_33840/frames_selected/frame_32312.png,This is a colonoscopy frame from a patient with a sessile adenoma polyp measuring 4 mm located in the sigmoid colon.
/workspace/igho/video_695_rango_30600_33840/frames_selected/frame_32313.png,This is a colonoscopy frame from a patient with a sessile adenoma polyp measuring 4 mm located in the sigmoid colon.
/workspace/igho/video_695_rango_30600_33840/frames_selected/frame_32314.png,This is a colonoscopy frame from a patient with a sessile adenoma polyp measuring 4 mm located in the sigmoid colon.
/workspace/igho/video_695_rango_30600_33840/frames_selected/frame_32315.png,This is a colonoscopy frame from a patient with a sessile adenoma polyp measuring 4 mm located in the sigmoid colon.
/workspace/igho/video_695_rango_30600_33840/frames_selected/frame_32316.png,This is a colonoscopy frame from a patient with a flat elevated mucosal adenoma polyp measuring 15 mm located in the rectum.
/workspace/igho/video_695_rango_30600_33840/frames_selected/frame_32317.png,This is a colonoscopy frame from a patient with a flat elevated mucosal adenoma polyp measuring 15 mm located in the rectum.
/workspace/igho/video_695_rango_30600_33840/frames_selected/frame_32318.png,This is a colonoscopy frame from a patient with a sessile adenoma polyp measuring 4 mm located in the sigmoid colon.
/workspace/igho/video_695_rango_30600_33840/frames_selected/frame_32319.png,This is a colonoscopy frame from a patient with a flat elevated mucosal adenoma polyp measuring 15 mm located in the rectum.
/workspace/igho/video_695_rango_30600_33840/frames_selected/frame_32320.png,This is a colonoscopy frame from a patient with a flat elevated mucosal adenoma polyp measuring 15 mm located in the rectum.
/workspace/igho/video_695_rango_30600_33840/frames_selected/frame_32321.png,This is a colonoscopy frame from a patient with a sessile adenoma polyp measuring 4 mm located in the sigmoid colon.
/workspace/igho/video_695_rango_30600_33840/frames_selected/frame_32322.png,This is a colonoscopy frame from a patient with a flat elevated mucosal adenoma polyp measuring 15 mm located in the rectum.
/workspace/igho/video_695_rango_30600_33840/frames_selected/frame_32323.png,This is a colonoscopy frame from a patient with a flat elevated mucosal adenoma polyp measuring 15 mm located in the rectum.
/workspace/igho/video_695_rango_30600_33840/frames_selected/frame_32324.png,This is a colonoscopy frame from a patient with a flat elevated mucosal adenoma polyp measuring 15 mm located in the rectum.
/workspace/igho/video_695_rango_30600_33840/frames_selected/frame_32325.png,This is a colonoscopy frame from a patient with a flat elevated mucosal adenoma polyp measuring 15 mm located in the rectum.
/workspace/igho/video_695_rango_30600_33840/frames_selected/frame_32326.png,This is a colonoscopy frame from a patient with a flat elevated mucosal adenoma polyp measuring 15 mm located in the rectum.
/workspace/igho/video_695_rango_30600_33840/frames_selected/frame_32327.png,This is a colonoscopy frame from a patient with a flat elevated mucosal adenoma polyp measuring 15 mm located in the rectum.
/workspace/igho/video_695_rango_30600_33840/frames_selected/frame_32328.png,This is a colonoscopy frame from a patient with a flat elevated mucosal adenoma polyp measuring 15 mm located in the rectum.
/workspace/igho/video_695_rango_30600_33840/frames_selected/frame_32329.png,This is a colonoscopy frame from a patient with a flat elevated mucosal adenoma polyp measuring 15 mm located in the rectum.
/workspace/igho/video_695_rango_30600_33840/frames_selected/frame_32330.png,This is a colonoscopy frame from a patient with a flat elevated mucosal adenoma polyp measuring 15 mm located in the rectum.
/workspace/igho/video_695_rango_30600_33840/frames_selected/frame_32331.png,This is a colonoscopy frame from a patient with a flat elevated mucosal adenoma polyp measuring 15 mm located in the sigmoid colon.
/workspace/igho/video_695_rango_30600_33840/frames_selected/frame_32332.png,This is a colonoscopy frame from a patient with a flat elevated mucosal adenoma polyp measuring 15 mm located in the sigmoid colon.
/workspace/igho/video_695_rango_30600_33840/frames_selected/frame_32333.png,This is a colonoscopy frame from a patient with a flat elevated mucosal adenoma polyp measuring 15 mm located in the rectum.
/workspace/igho/video_695_rango_30600_33840/frames_selected/frame_32334.png,This is a colonoscopy frame from a patient with a flat elevated mucosal adenoma polyp measuring 15 mm located in the rectum.
/workspace/igho/video_695_rango_30600_33840/frames_selected/frame_32335.png,This is a colonoscopy frame from a patient with a flat elevated mucosal adenoma polyp measuring 15 mm located in the rectum.
/workspace/igho/video_695_rango_30600_33840/frames_selected/frame_32336.png,This is a colonoscopy frame from a patient with a flat elevated mucosal adenoma polyp measuring 15 mm located in the rectum.
/workspace/igho/video_695_rango_30600_33840/frames_selected/frame_32337.png,This is a colonoscopy frame from a patient with a flat elevated mucosal adenoma polyp measuring 15 mm located in the rectum.
/workspace/igho/video_695_rango_30600_33840/frames_selected/frame_32338.png,This is a colonoscopy frame from a patient with a flat elevated mucosal adenoma polyp measuring 15 mm located in the rectum.
/workspace/igho/video_695_rango_30600_33840/frames_selected/frame_32339.png,This is a colonoscopy frame from a patient with a flat elevated mucosal adenoma polyp measuring 15 mm located in the sigmoid colon.
/workspace/igho/video_695_rango_30600_33840/frames_selected/frame_32340.png,This is a colonoscopy frame from a patient with a flat elevated mucosal adenoma polyp measuring 15 mm located in the rectum.
/workspace/igho/video_695_rango_30600_33840/frames_selected/frame_32341.png,This is a colonoscopy frame from a patient with a flat elevated mucosal adenoma polyp measuring 15 mm located in the rectum.
/workspace/igho/video_695_rango_30600_33840/frames_selected/frame_32342.png,This is a colonoscopy frame from a patient with a flat elevated mucosal adenoma polyp measuring 15 mm located in the rectum.
/workspace/igho/video_695_rango_30600_33840/frames_selected/frame_32343.png,This is a colonoscopy frame from a patient with a flat elevated mucosal adenoma polyp measuring 15 mm located in the rectum.
/workspace/igho/video_695_rango_30600_33840/frames_selected/frame_32344.png,This is a colonoscopy frame from a patient with a flat elevated mucosal adenoma polyp measuring 15 mm located in the rectum.
/workspace/igho/video_695_rango_30600_33840/frames_selected/frame_32345.png,This is a colonoscopy frame from a patient with a flat elevated mucosal adenoma polyp measuring 15 mm located in the rectum.
/workspace/igho/video_695_rango_30600_33840/frames_selected/frame_32346.png,This is a colonoscopy frame from a patient with a sessile adenoma polyp measuring 5 mm located in the rectum.
/workspace/igho/video_695_rango_30600_33840/frames_selected/frame_32347.png,This is a colonoscopy frame from a patient with a sessile adenoma polyp measuring 5 mm located in the rectum.
/workspace/igho/video_695_rango_30600_33840/frames_selected/frame_32348.png,This is a colonoscopy frame from a patient with a flat elevated mucosal adenoma polyp measuring 15 mm located in the rectum.
/workspace/igho/video_695_rango_30600_33840/frames_selected/frame_32349.png,This is a colonoscopy frame from a patient with a sessile adenoma polyp measuring 4 mm located in the sigmoid colon.
/workspace/igho/video_695_rango_30600_33840/frames_selected/frame_32350.png,This is a colonoscopy frame from a patient with a sessile adenoma polyp measuring 4 mm located in the sigmoid colon.
/workspace/igho/video_695_rango_30600_33840/frames_selected/frame_32351.png,This is a colonoscopy frame from a patient with a flat elevated mucosal adenoma polyp measuring 15 mm located in the rectum.
/workspace/igho/video_695_rango_30600_33840/frames_selected/frame_32352.png,This is a colonoscopy frame from a patient with a sessile adenoma polyp measuring 4 mm located in the sigmoid colon.
/workspace/igho/video_695_rango_30600_33840/frames_selected/frame_32353.png,This is a colonoscopy frame from a patient with a sessile adenoma polyp measuring 4 mm located in the sigmoid colon.
/workspace/igho/video_695_rango_30600_33840/frames_selected/frame_32354.png,This is a colonoscopy frame from a patient with a sessile adenoma polyp measuring 5 mm located in the rectum.
/workspace/igho/video_695_rango_30600_33840/frames_selected/frame_32355.png,This is a colonoscopy frame from a patient with a flat elevated mucosal adenoma polyp measuring 15 mm located in the rectum.
/workspace/igho/video_695_rango_30600_33840/frames_selected/frame_32356.png,This is a colonoscopy frame from a patient with a flat elevated mucosal adenoma polyp measuring 15 mm located in the rectum.
/workspace/igho/video_695_rango_30600_33840/frames_selected/frame_32357.png,This is a colonoscopy frame from a patient with a sessile adenoma polyp measuring 4 mm located in the sigmoid colon.
/workspace/igho/video_695_rango_30600_33840/frames_selected/frame_32358.png,This is a colonoscopy frame from a patient with a sessile adenoma polyp measuring 4 mm located in the sigmoid colon.
/workspace/igho/video_695_rango_30600_33840/frames_selected/frame_32359.png,This is a colonoscopy frame from a patient with a sessile adenoma polyp measuring 4 mm located in the sigmoid colon.
/workspace/igho/video_695_rango_30600_33840/frames_selected/frame_32360.png,This is a colonoscopy frame from a patient with a sessile adenoma polyp measuring 4 mm located in the sigmoid colon.
/workspace/igho/video_695_rango_30600_33840/frames_selected/frame_32361.png,This is a colonoscopy frame from a patient with a sessile adenoma polyp measuring 4 mm located in the sigmoid colon.
/workspace/igho/video_695_rango_30600_33840/frames_selected/frame_32362.png,This is a colonoscopy frame from a patient with a sessile adenoma polyp measuring 4 mm located in the sigmoid colon.
/workspace/igho/video_695_rango_30600_33840/frames_selected/frame_32363.png,This is a colonoscopy frame from a patient with a flat elevated mucosal adenoma polyp measuring 15 mm located in the rectum.
/workspace/igho/video_695_rango_30600_33840/frames_selected/frame_32364.png,This is a colonoscopy frame from a patient with a flat elevated mucosal adenoma polyp measuring 15 mm located in the rectum.
/workspace/igho/video_695_rango_30600_33840/frames_selected/frame_32365.png,This is a colonoscopy frame from a patient with a flat elevated mucosal adenoma polyp measuring 15 mm located in the rectum.
/workspace/igho/video_695_rango_30600_33840/frames_selected/frame_32366.png,This is a colonoscopy frame from a patient with a sessile adenoma polyp measuring 4 mm located in the sigmoid colon.
/workspace/igho/video_695_rango_30600_33840/frames_selected/frame_32367.png,This is a colonoscopy frame from a patient with a flat elevated mucosal adenoma polyp measuring 15 mm located in the rectum.
/workspace/igho/video_695_rango_30600_33840/frames_selected/frame_32368.png,This is a colonoscopy frame from a patient with a flat elevated mucosal adenoma polyp measuring 15 mm located in the rectum.
/workspace/igho/video_695_rango_30600_33840/frames_selected/frame_32369.png,This is a colonoscopy frame from a patient with a sessile adenoma polyp measuring 4 mm located in the sigmoid colon.
/workspace/igho/video_695_rango_30600_33840/frames_selected/frame_32370.png,This is a colonoscopy frame from a patient with a sessile adenoma polyp measuring 4 mm located in the sigmoid colon.
/workspace/igho/video_695_rango_30600_33840/frames_selected/frame_32371.png,This is a colonoscopy frame from a patient with a sessile adenoma polyp measuring 4 mm located in the sigmoid colon.
/workspace/igho/video_695_rango_30600_33840/frames_selected/frame_32372.png,This is a colonoscopy frame from a patient with a flat elevated mucosal adenoma polyp measuring 15 mm located in the rectum.
/workspace/igho/video_695_rango_30600_33840/frames_selected/frame_32373.png,This is a colonoscopy frame from a patient with a sessile adenoma polyp measuring 4 mm located in the sigmoid colon.
/workspace/igho/video_695_rango_30600_33840/frames_selected/frame_32374.png,This is a colonoscopy frame from a patient with a sessile adenoma polyp measuring 4 mm located in the sigmoid colon.
/workspace/igho/video_695_rango_30600_33840/frames_selected/frame_32375.png,This is a colonoscopy frame from a patient with a flat elevated mucosal adenoma polyp measuring 15 mm located in the rectum.
/workspace/igho/video_695_rango_30600_33840/frames_selected/frame_32376.png,This is a colonoscopy frame from a patient with a sessile adenoma polyp measuring 4 mm located in the sigmoid colon.
/workspace/igho/video_695_rango_30600_33840/frames_selected/frame_32377.png,This is a colonoscopy frame from a patient with a sessile adenoma polyp measuring 4 mm located in the sigmoid colon.
/workspace/igho/video_695_rango_30600_33840/frames_selected/frame_32378.png,This is a colonoscopy frame from a patient with a sessile adenoma polyp measuring 4 mm located in the sigmoid colon.
/workspace/igho/video_695_rango_30600_33840/frames_selected/frame_32379.png,This is a colonoscopy frame from a patient with a sessile adenoma polyp measuring 4 mm located in the sigmoid colon.
/workspace/igho/video_695_rango_30600_33840/frames_selected/frame_32380.png,This is a colonoscopy frame from a patient with a sessile adenoma polyp measuring 4 mm located in the sigmoid colon.
/workspace/igho/video_695_rango_30600_33840/frames_selected/frame_32381.png,This is a colonoscopy frame from a patient with a sessile adenoma polyp measuring 4 mm located in the sigmoid colon.
/workspace/igho/video_695_rango_30600_33840/frames_selected/frame_32382.png,This is a colonoscopy frame from a patient with a sessile adenoma polyp measuring 4 mm located in the sigmoid colon.
/workspace/igho/video_695_rango_30600_33840/frames_selected/frame_32383.png,This is a colonoscopy frame from a patient with a sessile adenoma polyp measuring 4 mm located in the sigmoid colon.
/workspace/igho/video_695_rango_30600_33840/frames_selected/frame_32384.png,This is a colonoscopy frame from a patient with a sessile adenoma polyp measuring 4 mm located in the sigmoid colon.
/workspace/igho/video_695_rango_30600_33840/frames_selected/frame_32385.png,This is a colonoscopy frame from a patient with a sessile adenoma polyp measuring 4 mm located in the sigmoid colon.
/workspace/igho/video_695_rango_30600_33840/frames_selected/frame_32386.png,This is a colonoscopy frame from a patient with a sessile adenoma polyp measuring 4 mm located in the sigmoid colon.
/workspace/igho/video_695_rango_30600_33840/frames_selected/frame_32387.png,This is a colonoscopy frame from a patient with a sessile adenoma polyp measuring 4 mm located in the sigmoid colon.
/workspace/igho/video_695_rango_30600_33840/frames_selected/frame_32388.png,This is a colonoscopy frame from a patient with a sessile adenoma polyp measuring 4 mm located in the sigmoid colon.
/workspace/igho/video_695_rango_30600_33840/frames_selected/frame_32389.png,This is a colonoscopy frame from a patient with a sessile adenoma polyp measuring 4 mm located in the sigmoid colon.
/workspace/igho/video_695_rango_30600_33840/frames_selected/frame_32390.png,This is a colonoscopy frame from a patient with a sessile adenoma polyp measuring 4 mm located in the sigmoid colon.
/workspace/igho/video_695_rango_30600_33840/frames_selected/frame_32391.png,This is a colonoscopy frame from a patient with a sessile adenoma polyp measuring 4 mm located in the sigmoid colon.
/workspace/igho/video_695_rango_30600_33840/frames_selected/frame_32392.png,This is a colonoscopy frame from a patient with a sessile adenoma polyp measuring 4 mm located in the sigmoid colon.
/workspace/igho/video_695_rango_30600_33840/frames_selected/frame_32393.png,This is a colonoscopy frame from a patient with a sessile adenoma polyp measuring 4 mm located in the sigmoid colon.
/workspace/igho/video_695_rango_30600_33840/frames_selected/frame_32394.png,This is a colonoscopy frame from a patient with a flat elevated mucosal adenoma polyp measuring 15 mm located in the rectum.
/workspace/igho/video_695_rango_30600_33840/frames_selected/frame_32395.png,This is a colonoscopy frame from a patient with a flat elevated mucosal adenoma polyp measuring 15 mm located in the rectum.
/workspace/igho/video_695_rango_30600_33840/frames_selected/frame_32396.png,This is a colonoscopy frame from a patient with a sessile adenoma polyp measuring 4 mm located in the sigmoid colon.
/workspace/igho/video_695_rango_30600_33840/frames_selected/frame_32397.png,This is a colonoscopy frame from a patient with a flat elevated mucosal adenoma polyp measuring 15 mm located in the rectum.
/workspace/igho/video_695_rango_30600_33840/frames_selected/frame_32398.png,This is a colonoscopy frame from a patient with a flat elevated mucosal adenoma polyp measuring 15 mm located in the rectum.
/workspace/igho/video_695_rango_30600_33840/frames_selected/frame_32399.png,This is a colonoscopy frame from a patient with a sessile adenoma polyp measuring 4 mm located in the sigmoid colon.
/workspace/igho/video_695_rango_30600_33840/frames_selected/frame_32400.png,This is a colonoscopy frame from a patient with a sessile adenoma polyp measuring 4 mm located in the sigmoid colon.
/workspace/igho/video_695_rango_30600_33840/frames_selected/frame_32401.png,This is a colonoscopy frame from a patient with a sessile adenoma polyp measuring 4 mm located in the sigmoid colon.
/workspace/igho/video_695_rango_30600_33840/frames_selected/frame_32402.png,This is a colonoscopy frame from a patient with a flat elevated mucosal adenoma polyp measuring 15 mm located in the rectum.
/workspace/igho/video_695_rango_30600_33840/frames_selected/frame_32403.png,This is a colonoscopy frame from a patient with a flat elevated mucosal adenoma polyp measuring 15 mm located in the rectum.
/workspace/igho/video_695_rango_30600_33840/frames_selected/frame_32404.png,This is a colonoscopy frame from a patient with a flat elevated mucosal adenoma polyp measuring 15 mm located in the rectum.
/workspace/igho/video_695_rango_30600_33840/frames_selected/frame_32405.png,This is a colonoscopy frame from a patient with a flat elevated mucosal adenoma polyp measuring 15 mm located in the rectum.
/workspace/igho/video_695_rango_30600_33840/frames_selected/frame_32406.png,This is a colonoscopy frame from a patient with a flat elevated mucosal adenoma polyp measuring 15 mm located in the rectum.
/workspace/igho/video_695_rango_30600_33840/frames_selected/frame_32407.png,This is a colonoscopy frame from a patient with a flat elevated mucosal adenoma polyp measuring 15 mm located in the rectum.
/workspace/igho/video_695_rango_30600_33840/frames_selected/frame_32408.png,This is a colonoscopy frame from a patient with a sessile adenoma polyp measuring 4 mm located in the sigmoid colon.
/workspace/igho/video_695_rango_30600_33840/frames_selected/frame_32409.png,This is a colonoscopy frame from a patient with a sessile adenoma polyp measuring 4 mm located in the sigmoid colon.
/workspace/igho/video_695_rango_30600_33840/frames_selected/frame_32410.png,This is a colonoscopy frame from a patient with a sessile adenoma polyp measuring 4 mm located in the sigmoid colon.
/workspace/igho/video_695_rango_30600_33840/frames_selected/frame_32411.png,This is a colonoscopy frame from a patient with a flat elevated mucosal adenoma polyp measuring 15 mm located in the rectum.
/workspace/igho/video_695_rango_30600_33840/frames_selected/frame_32412.png,This is a colonoscopy frame from a patient with no polyps.
/workspace/igho/video_695_rango_30600_33840/frames_selected/frame_32413.png,This is a colonoscopy frame from a patient with no polyps.
/workspace/igho/video_695_rango_30600_33840/frames_selected/frame_32414.png,This is a colonoscopy frame from a patient with a flat elevated mucosal adenoma polyp measuring 15 mm located in the rectum.
/workspace/igho/video_695_rango_30600_33840/frames_selected/frame_32415.png,This is a colonoscopy frame from a patient with a flat elevated mucosal adenoma polyp measuring 15 mm located in the rectum.
/workspace/igho/video_695_rango_30600_33840/frames_selected/frame_32416.png,This is a colonoscopy frame from a patient with a flat elevated mucosal adenoma polyp measuring 15 mm located in the rectum.
/workspace/igho/video_695_rango_30600_33840/frames_selected/frame_32417.png,This is a colonoscopy frame from a patient with a sessile adenoma polyp measuring 4 mm located in the sigmoid colon.
/workspace/igho/video_695_rango_30600_33840/frames_selected/frame_32418.png,This is a colonoscopy frame from a patient with a flat elevated mucosal adenoma polyp measuring 15 mm located in the rectum.
/workspace/igho/video_695_rango_30600_33840/frames_selected/frame_32419.png,This is a colonoscopy frame from a patient with a flat elevated mucosal adenoma polyp measuring 15 mm located in the rectum.
/workspace/igho/video_695_rango_30600_33840/frames_selected/frame_32420.png,This is a colonoscopy frame from a patient with no polyps.
/workspace/igho/video_695_rango_30600_33840/frames_selected/frame_32421.png,This is a colonoscopy frame from a patient with a sessile adenoma polyp measuring 4 mm located in the sigmoid colon.
/workspace/igho/video_695_rango_30600_33840/frames_selected/frame_32422.png,This is a colonoscopy frame from a patient with a sessile adenoma polyp measuring 4 mm located in the sigmoid colon.
/workspace/igho/video_695_rango_30600_33840/frames_selected/frame_32423.png,This is a colonoscopy frame from a patient with a flat elevated mucosal adenoma polyp measuring 15 mm located in the rectum.
/workspace/igho/video_695_rango_30600_33840/frames_selected/frame_32424.png,This is a colonoscopy frame from a patient with a flat elevated mucosal adenoma polyp measuring 15 mm located in the rectum.
/workspace/igho/video_695_rango_30600_33840/frames_selected/frame_32425.png,This is a colonoscopy frame from a patient with a flat elevated mucosal adenoma polyp measuring 15 mm located in the rectum.
/workspace/igho/video_695_rango_30600_33840/frames_selected/frame_32426.png,This is a colonoscopy frame from a patient with a flat elevated mucosal adenoma polyp measuring 15 mm located in the rectum.
/workspace/igho/video_695_rango_30600_33840/frames_selected/frame_32427.png,This is a colonoscopy frame from a patient with a flat elevated mucosal adenoma polyp measuring 15 mm located in the rectum.
/workspace/igho/video_695_rango_30600_33840/frames_selected/frame_32428.png,This is a colonoscopy frame from a patient with a flat elevated mucosal adenoma polyp measuring 15 mm located in the rectum.
/workspace/igho/video_695_rango_30600_33840/frames_selected/frame_32429.png,This is a colonoscopy frame from a patient with a sessile adenoma polyp measuring 4 mm located in the sigmoid colon.
/workspace/igho/video_695_rango_30600_33840/frames_selected/frame_32430.png,This is a colonoscopy frame from a patient with a flat elevated mucosal adenoma polyp measuring 15 mm located in the rectum.
/workspace/igho/video_695_rango_30600_33840/frames_selected/frame_32431.png,This is a colonoscopy frame from a patient with a flat elevated mucosal adenoma polyp measuring 15 mm located in the rectum.
/workspace/igho/video_695_rango_30600_33840/frames_selected/frame_32432.png,This is a colonoscopy frame from a patient with a flat elevated mucosal adenoma polyp measuring 15 mm located in the rectum.
/workspace/igho/video_695_rango_30600_33840/frames_selected/frame_32433.png,This is a colonoscopy frame from a patient with a flat elevated mucosal adenoma polyp measuring 15 mm located in the rectum.
/workspace/igho/video_695_rango_30600_33840/frames_selected/frame_32434.png,This is a colonoscopy frame from a patient with a flat elevated mucosal adenoma polyp measuring 15 mm located in the rectum.
/workspace/igho/video_695_rango_30600_33840/frames_selected/frame_32435.png,This is a colonoscopy frame from a patient with a flat elevated mucosal adenoma polyp measuring 15 mm located in the rectum.
/workspace/igho/video_695_rango_30600_33840/frames_selected/frame_32436.png,This is a colonoscopy frame from a patient with a flat elevated mucosal adenoma polyp measuring 15 mm located in the rectum.
/workspace/igho/video_695_rango_30600_33840/frames_selected/frame_32437.png,This is a colonoscopy frame from a patient with a flat elevated mucosal adenoma polyp measuring 15 mm located in the rectum.
/workspace/igho/video_695_rango_30600_33840/frames_selected/frame_32438.png,This is a colonoscopy frame from a patient with a flat elevated mucosal adenoma polyp measuring 15 mm located in the rectum.
/workspace/igho/video_695_rango_30600_33840/frames_selected/frame_32439.png,This is a colonoscopy frame from a patient with a sessile adenoma polyp measuring 4 mm located in the rectum.
/workspace/igho/video_695_rango_30600_33840/frames_selected/frame_32440.png,This is a colonoscopy frame from a patient with a sessile adenoma polyp measuring 4 mm located in the rectum.
/workspace/igho/video_695_rango_30600_33840/frames_selected/frame_32441.png,This is a colonoscopy frame from a patient with a flat elevated mucosal adenoma polyp measuring 15 mm located in the rectum.
/workspace/igho/video_695_rango_30600_33840/frames_selected/frame_32442.png,This is a colonoscopy frame from a patient with a flat elevated mucosal adenoma polyp measuring 15 mm located in the rectum.
/workspace/igho/video_695_rango_30600_33840/frames_selected/frame_32443.png,This is a colonoscopy frame from a patient with a flat elevated mucosal adenoma polyp measuring 15 mm located in the rectum.
/workspace/igho/video_695_rango_30600_33840/frames_selected/frame_32444.png,This is a colonoscopy frame from a patient with a flat elevated mucosal adenoma polyp measuring 15 mm located in the rectum.
/workspace/igho/video_695_rango_30600_33840/frames_selected/frame_32445.png,This is a colonoscopy frame from a patient with a sessile adenoma polyp measuring 4 mm located in the rectum.
/workspace/igho/video_695_rango_30600_33840/frames_selected/frame_32446.png,This is a colonoscopy frame from a patient with a sessile adenoma polyp measuring 4 mm located in the rectum.
/workspace/igho/video_695_rango_30600_33840/frames_selected/frame_32447.png,This is a colonoscopy frame from a patient with a sessile adenoma polyp measuring 4 mm located in the rectum.
/workspace/igho/video_695_rango_30600_33840/frames_selected/frame_32448.png,This is a colonoscopy frame from a patient with a flat elevated mucosal adenoma polyp measuring 15 mm located in the rectum.
/workspace/igho/video_695_rango_30600_33840/frames_selected/frame_32449.png,This is a colonoscopy frame from a patient with a flat elevated mucosal adenoma polyp measuring 15 mm located in the rectum.
/workspace/igho/video_695_rango_30600_33840/frames_selected/frame_32450.png,This is a colonoscopy frame from a patient with a flat elevated mucosal adenoma polyp measuring 15 mm located in the rectum.
/workspace/igho/video_695_rango_30600_33840/frames_selected/frame_32451.png,This is a colonoscopy frame from a patient with a flat elevated mucosal adenoma polyp measuring 15 mm located in the rectum.
/workspace/igho/video_695_rango_30600_33840/frames_selected/frame_32452.png,This is a colonoscopy frame from a patient with a flat elevated mucosal adenoma polyp measuring 15 mm located in the rectum.
/workspace/igho/video_695_rango_30600_33840/frames_selected/frame_32453.png,This is a colonoscopy frame from a patient with a sessile adenoma polyp measuring 4 mm located in the rectum.
/workspace/igho/video_695_rango_30600_33840/frames_selected/frame_32454.png,This is a colonoscopy frame from a patient with a flat elevated mucosal adenoma polyp measuring 15 mm located in the rectum.
/workspace/igho/video_695_rango_30600_33840/frames_selected/frame_32455.png,This is a colonoscopy frame from a patient with a flat elevated mucosal adenoma polyp measuring 15 mm located in the rectum.
/workspace/igho/video_695_rango_30600_33840/frames_selected/frame_32456.png,This is a colonoscopy frame from a patient with a flat elevated mucosal adenoma polyp measuring 15 mm located in the rectum.
/workspace/igho/video_695_rango_30600_33840/frames_selected/frame_32457.png,This is a colonoscopy frame from a patient with a flat elevated mucosal adenoma polyp measuring 15 mm located in the rectum.
/workspace/igho/video_695_rango_30600_33840/frames_selected/frame_32458.png,This is a colonoscopy frame from a patient with a flat elevated mucosal adenoma polyp measuring 15 mm located in the rectum.
/workspace/igho/video_695_rango_30600_33840/frames_selected/frame_32459.png,This is a colonoscopy frame from a patient with a flat elevated mucosal adenoma polyp measuring 15 mm located in the rectum.
/workspace/igho/video_695_rango_30600_33840/frames_selected/frame_32460.png,This is a colonoscopy frame from a patient with a flat elevated mucosal adenoma polyp measuring 15 mm located in the rectum.
/workspace/igho/video_695_rango_30600_33840/frames_selected/frame_32461.png,This is a colonoscopy frame from a patient with a flat elevated mucosal adenoma polyp measuring 15 mm located in the rectum.
/workspace/igho/video_695_rango_30600_33840/frames_selected/frame_32462.png,This is a colonoscopy frame from a patient with a flat elevated mucosal adenoma polyp measuring 15 mm located in the rectum.
/workspace/igho/video_695_rango_30600_33840/frames_selected/frame_32463.png,This is a colonoscopy frame from a patient with a flat elevated mucosal adenoma polyp measuring 15 mm located in the rectum.
/workspace/igho/video_695_rango_30600_33840/frames_selected/frame_32464.png,This is a colonoscopy frame from a patient with a flat elevated mucosal adenoma polyp measuring 15 mm located in the rectum.
/workspace/igho/video_695_rango_30600_33840/frames_selected/frame_32465.png,This is a colonoscopy frame from a patient with a flat elevated mucosal adenoma polyp measuring 15 mm located in the rectum.
/workspace/igho/video_695_rango_30600_33840/frames_selected/frame_32466.png,This is a colonoscopy frame from a patient with a flat elevated mucosal adenoma polyp measuring 15 mm located in the rectum.
/workspace/igho/video_695_rango_30600_33840/frames_selected/frame_32467.png,This is a colonoscopy frame from a patient with a flat elevated mucosal adenoma polyp measuring 15 mm located in the rectum.
/workspace/igho/video_695_rango_30600_33840/frames_selected/frame_32468.png,This is a colonoscopy frame from a patient with a flat elevated mucosal adenoma polyp measuring 15 mm located in the rectum.
/workspace/igho/video_695_rango_30600_33840/frames_selected/frame_32469.png,This is a colonoscopy frame from a patient with a sessile adenoma polyp measuring 4 mm located in the sigmoid colon.
/workspace/igho/video_695_rango_30600_33840/frames_selected/frame_32470.png,This is a colonoscopy frame from a patient with a sessile adenoma polyp measuring 4 mm located in the sigmoid colon.
/workspace/igho/video_695_rango_30600_33840/frames_selected/frame_32471.png,This is a colonoscopy frame from a patient with a flat elevated mucosal adenoma polyp measuring 15 mm located in the rectum.
/workspace/igho/video_695_rango_30600_33840/frames_selected/frame_32472.png,This is a colonoscopy frame from a patient with a flat elevated mucosal adenoma polyp measuring 15 mm located in the sigmoid colon.
/workspace/igho/video_695_rango_30600_33840/frames_selected/frame_32473.png,This is a colonoscopy frame from a patient with a flat elevated mucosal adenoma polyp measuring 15 mm located in the sigmoid colon.
/workspace/igho/video_695_rango_30600_33840/frames_selected/frame_32474.png,This is a colonoscopy frame from a patient with a flat elevated mucosal adenoma polyp measuring 15 mm located in the rectum.
/workspace/igho/video_695_rango_30600_33840/frames_selected/frame_32475.png,This is a colonoscopy frame from a patient with no polyps.
/workspace/igho/video_695_rango_30600_33840/frames_selected/frame_32476.png,This is a colonoscopy frame from a patient with no polyps.
/workspace/igho/video_695_rango_30600_33840/frames_selected/frame_32477.png,This is a colonoscopy frame from a patient with a sessile adenoma polyp measuring 4 mm located in the sigmoid colon.
/workspace/igho/video_695_rango_30600_33840/frames_selected/frame_32478.png,This is a colonoscopy frame from a patient with a sessile adenoma polyp measuring 4 mm located in the rectum.
/workspace/igho/video_695_rango_30600_33840/frames_selected/frame_32479.png,This is a colonoscopy frame from a patient with a sessile adenoma polyp measuring 4 mm located in the rectum.
/workspace/igho/video_695_rango_30600_33840/frames_selected/frame_32480.png,This is a colonoscopy frame from a patient with a flat elevated mucosal adenoma polyp measuring 15 mm located in the sigmoid colon.
/workspace/igho/video_695_rango_30600_33840/frames_selected/frame_32481.png,This is a colonoscopy frame from a patient with no polyps.
/workspace/igho/video_695_rango_30600_33840/frames_selected/frame_32482.png,This is a colonoscopy frame from a patient with no polyps.
/workspace/igho/video_695_rango_30600_33840/frames_selected/frame_32483.png,This is a colonoscopy frame from a patient with no polyps.
/workspace/igho/video_695_rango_30600_33840/frames_selected/frame_32484.png,This is a colonoscopy frame from a patient with a flat elevated mucosal adenoma polyp measuring 15 mm located in the rectum.
/workspace/igho/video_695_rango_30600_33840/frames_selected/frame_32485.png,This is a colonoscopy frame from a patient with a flat elevated mucosal adenoma polyp measuring 15 mm located in the rectum.
/workspace/igho/video_695_rango_30600_33840/frames_selected/frame_32486.png,This is a colonoscopy frame from a patient with a sessile adenoma polyp measuring 4 mm located in the rectum.
/workspace/igho/video_695_rango_30600_33840/frames_selected/frame_32487.png,This is a colonoscopy frame from a patient with no polyps.
/workspace/igho/video_695_rango_30600_33840/frames_selected/frame_32488.png,This is a colonoscopy frame from a patient with no polyps.
/workspace/igho/video_695_rango_30600_33840/frames_selected/frame_32489.png,This is a colonoscopy frame from a patient with no polyps.
/workspace/igho/video_695_rango_30600_33840/frames_selected/frame_32490.png,This is a colonoscopy frame from a patient with a sessile adenoma polyp measuring 4 mm located in the sigmoid colon.
/workspace/igho/video_695_rango_30600_33840/frames_selected/frame_32491.png,This is a colonoscopy frame from a patient with a sessile adenoma polyp measuring 4 mm located in the sigmoid colon.
/workspace/igho/video_695_rango_30600_33840/frames_selected/frame_32492.png,This is a colonoscopy frame from a patient with a flat elevated mucosal adenoma polyp measuring 15 mm located in the rectum.
/workspace/igho/video_695_rango_30600_33840/frames_selected/frame_32493.png,This is a colonoscopy frame from a patient with no polyps.
/workspace/igho/video_695_rango_30600_33840/frames_selected/frame_32494.png,This is a colonoscopy frame from a patient with no polyps.
/workspace/igho/video_695_rango_30600_33840/frames_selected/frame_32495.png,This is a colonoscopy frame from a patient with no polyps.
/workspace/igho/video_695_rango_30600_33840/frames_selected/frame_32496.png,This is a colonoscopy frame from a patient with a flat elevated mucosal adenoma polyp measuring 15 mm located in the rectum.
/workspace/igho/video_695_rango_30600_33840/frames_selected/frame_32497.png,This is a colonoscopy frame from a patient with a flat elevated mucosal adenoma polyp measuring 15 mm located in the rectum.
/workspace/igho/video_695_rango_30600_33840/frames_selected/frame_32498.png,This is a colonoscopy frame from a patient with a sessile adenoma polyp measuring 4 mm located in the sigmoid colon.
/workspace/igho/video_695_rango_30600_33840/frames_selected/frame_32499.png,This is a colonoscopy frame from a patient with a sessile adenoma polyp measuring 4 mm located in the sigmoid colon.
/workspace/igho/video_695_rango_30600_33840/frames_selected/frame_32500.png,This is a colonoscopy frame from a patient with a sessile adenoma polyp measuring 4 mm located in the sigmoid colon.
/workspace/igho/video_695_rango_30600_33840/frames_selected/frame_32501.png,This is a colonoscopy frame from a patient with no polyps.
/workspace/igho/video_695_rango_30600_33840/frames_selected/frame_32502.png,This is a colonoscopy frame from a patient with a sessile adenoma polyp measuring 4 mm located in the sigmoid colon.
/workspace/igho/video_695_rango_30600_33840/frames_selected/frame_32503.png,This is a colonoscopy frame from a patient with a sessile adenoma polyp measuring 4 mm located in the sigmoid colon.
/workspace/igho/video_695_rango_30600_33840/frames_selected/frame_32504.png,This is a colonoscopy frame from a patient with a flat elevated mucosal adenoma polyp measuring 15 mm located in the rectum.
/workspace/igho/video_695_rango_30600_33840/frames_selected/frame_32505.png,This is a colonoscopy frame from a patient with a flat elevated mucosal adenoma polyp measuring 15 mm located in the rectum.
/workspace/igho/video_695_rango_30600_33840/frames_selected/frame_32506.png,This is a colonoscopy frame from a patient with a flat elevated mucosal adenoma polyp measuring 15 mm located in the rectum.
/workspace/igho/video_695_rango_30600_33840/frames_selected/frame_32507.png,This is a colonoscopy frame from a patient with a sessile adenoma polyp measuring 4 mm located in the sigmoid colon.
/workspace/igho/video_695_rango_30600_33840/frames_selected/frame_32508.png,This is a colonoscopy frame from a patient with no polyps.
/workspace/igho/video_695_rango_30600_33840/frames_selected/frame_32509.png,This is a colonoscopy frame from a patient with no polyps.
/workspace/igho/video_695_rango_30600_33840/frames_selected/frame_32510.png,This is a colonoscopy frame from a patient with a sessile adenoma polyp measuring 4 mm located in the sigmoid colon.
/workspace/igho/video_695_rango_30600_33840/frames_selected/frame_32511.png,This is a colonoscopy frame from a patient with a flat elevated mucosal adenoma polyp measuring 15 mm located in the sigmoid colon.
/workspace/igho/video_695_rango_30600_33840/frames_selected/frame_32512.png,This is a colonoscopy frame from a patient with a flat elevated mucosal adenoma polyp measuring 15 mm located in the sigmoid colon.
/workspace/igho/video_695_rango_30600_33840/frames_selected/frame_32513.png,This is a colonoscopy frame from a patient with a flat elevated mucosal adenoma polyp measuring 15 mm located in the rectum.
/workspace/igho/video_695_rango_30600_33840/frames_selected/frame_32514.png,This is a colonoscopy frame from a patient with a sessile adenoma polyp measuring 4 mm located in the sigmoid colon.
/workspace/igho/video_695_rango_30600_33840/frames_selected/frame_32515.png,This is a colonoscopy frame from a patient with a sessile adenoma polyp measuring 4 mm located in the sigmoid colon.
/workspace/igho/video_695_rango_30600_33840/frames_selected/frame_32516.png,This is a colonoscopy frame from a patient with no polyps.
/workspace/igho/video_695_rango_30600_33840/frames_selected/frame_32517.png,This is a colonoscopy frame from a patient with a sessile adenoma polyp measuring 4 mm located in the sigmoid colon.
/workspace/igho/video_695_rango_30600_33840/frames_selected/frame_32518.png,This is a colonoscopy frame from a patient with a sessile adenoma polyp measuring 4 mm located in the sigmoid colon.
/workspace/igho/video_695_rango_30600_33840/frames_selected/frame_32519.png,This is a colonoscopy frame from a patient with a flat elevated mucosal adenoma polyp measuring 15 mm located in the sigmoid colon.
/workspace/igho/video_695_rango_30600_33840/frames_selected/frame_32520.png,This is a colonoscopy frame from a patient with a sessile adenoma polyp measuring 4 mm located in the sigmoid colon.
/workspace/igho/video_695_rango_30600_33840/frames_selected/frame_32521.png,This is a colonoscopy frame from a patient with a sessile adenoma polyp measuring 4 mm located in the sigmoid colon.
/workspace/igho/video_695_rango_30600_33840/frames_selected/frame_32522.png,This is a colonoscopy frame from a patient with a sessile adenoma polyp measuring 4 mm located in the sigmoid colon.
/workspace/igho/video_695_rango_30600_33840/frames_selected/frame_32523.png,This is a colonoscopy frame from a patient with a sessile adenoma polyp measuring 4 mm located in the rectum.
/workspace/igho/video_695_rango_30600_33840/frames_selected/frame_32524.png,This is a colonoscopy frame from a patient with a sessile adenoma polyp measuring 4 mm located in the rectum.
/workspace/igho/video_695_rango_30600_33840/frames_selected/frame_32525.png,This is a colonoscopy frame from a patient with a sessile adenoma polyp measuring 4 mm located in the sigmoid colon.
/workspace/igho/video_695_rango_30600_33840/frames_selected/frame_32526.png,This is a colonoscopy frame from a patient with a sessile adenoma polyp measuring 4 mm located in the rectum.
/workspace/igho/video_695_rango_30600_33840/frames_selected/frame_32527.png,This is a colonoscopy frame from a patient with a sessile adenoma polyp measuring 4 mm located in the rectum.
/workspace/igho/video_695_rango_30600_33840/frames_selected/frame_32528.png,This is a colonoscopy frame from a patient with a sessile adenoma polyp measuring 4 mm located in the sigmoid colon.
/workspace/igho/video_695_rango_30600_33840/frames_selected/frame_32529.png,This is a colonoscopy frame from a patient with a sessile adenoma polyp measuring 4 mm located in the rectum.
/workspace/igho/video_695_rango_30600_33840/frames_selected/frame_32530.png,This is a colonoscopy frame from a patient with a sessile adenoma polyp measuring 4 mm located in the rectum.
/workspace/igho/video_695_rango_30600_33840/frames_selected/frame_32531.png,This is a colonoscopy frame from a patient with a sessile adenoma polyp measuring 4 mm located in the rectum.
/workspace/igho/video_695_rango_30600_33840/frames_selected/frame_32532.png,This is a colonoscopy frame from a patient with a sessile adenoma polyp measuring 4 mm located in the rectum.
/workspace/igho/video_695_rango_30600_33840/frames_selected/frame_32533.png,This is a colonoscopy frame from a patient with a sessile adenoma polyp measuring 4 mm located in the rectum.
/workspace/igho/video_695_rango_30600_33840/frames_selected/frame_32534.png,This is a colonoscopy frame from a patient with a sessile adenoma polyp measuring 4 mm located in the rectum.
/workspace/igho/video_695_rango_30600_33840/frames_selected/frame_32535.png,This is a colonoscopy frame from a patient with a sessile adenoma polyp measuring 4 mm located in the sigmoid colon.
/workspace/igho/video_695_rango_30600_33840/frames_selected/frame_32536.png,This is a colonoscopy frame from a patient with a sessile adenoma polyp measuring 4 mm located in the sigmoid colon.
/workspace/igho/video_695_rango_30600_33840/frames_selected/frame_32537.png,This is a colonoscopy frame from a patient with a sessile adenoma polyp measuring 4 mm located in the rectum.
/workspace/igho/video_695_rango_30600_33840/frames_selected/frame_32538.png,This is a colonoscopy frame from a patient with a sessile adenoma polyp measuring 4 mm located in the rectum.
/workspace/igho/video_695_rango_30600_33840/frames_selected/frame_32539.png,This is a colonoscopy frame from a patient with a sessile adenoma polyp measuring 4 mm located in the rectum.
/workspace/igho/video_695_rango_30600_33840/frames_selected/frame_32540.png,This is a colonoscopy frame from a patient with a sessile adenoma polyp measuring 4 mm located in the rectum.
/workspace/igho/video_695_rango_30600_33840/frames_selected/frame_32541.png,This is a colonoscopy frame from a patient with a flat elevated mucosal adenoma polyp measuring 15 mm located in the rectum.
/workspace/igho/video_695_rango_30600_33840/frames_selected/frame_32542.png,This is a colonoscopy frame from a patient with a flat elevated mucosal adenoma polyp measuring 15 mm located in the rectum.
/workspace/igho/video_695_rango_30600_33840/frames_selected/frame_32543.png,This is a colonoscopy frame from a patient with a sessile adenoma polyp measuring 4 mm located in the sigmoid colon.
/workspace/igho/video_695_rango_30600_33840/frames_selected/frame_32544.png,This is a colonoscopy frame from a patient with a flat elevated mucosal adenoma polyp measuring 15 mm located in the rectum.
/workspace/igho/video_695_rango_30600_33840/frames_selected/frame_32545.png,This is a colonoscopy frame from a patient with a flat elevated mucosal adenoma polyp measuring 15 mm located in the rectum.
/workspace/igho/video_695_rango_30600_33840/frames_selected/frame_32546.png,This is a colonoscopy frame from a patient with a sessile adenoma polyp measuring 4 mm located in the rectum.
/workspace/igho/video_695_rango_30600_33840/frames_selected/frame_32547.png,This is a colonoscopy frame from a patient with no polyps.
/workspace/igho/video_695_rango_30600_33840/frames_selected/frame_32548.png,This is a colonoscopy frame from a patient with no polyps.
/workspace/igho/video_695_rango_30600_33840/frames_selected/frame_32549.png,This is a colonoscopy frame from a patient with a flat elevated mucosal adenoma polyp measuring 15 mm located in the rectum.
/workspace/igho/video_695_rango_30600_33840/frames_selected/frame_32550.png,This is a colonoscopy frame from a patient with a flat elevated mucosal adenoma polyp measuring 15 mm located in the rectum.
/workspace/igho/video_695_rango_30600_33840/frames_selected/frame_32551.png,This is a colonoscopy frame from a patient with a flat elevated mucosal adenoma polyp measuring 15 mm located in the rectum.
/workspace/igho/video_695_rango_30600_33840/frames_selected/frame_32552.png,This is a colonoscopy frame from a patient with a flat elevated mucosal adenoma polyp measuring 15 mm located in the rectum.
/workspace/igho/video_695_rango_30600_33840/frames_selected/frame_32553.png,This is a colonoscopy frame from a patient with a flat elevated mucosal adenoma polyp measuring 15 mm located in the rectum.
/workspace/igho/video_695_rango_30600_33840/frames_selected/frame_32554.png,This is a colonoscopy frame from a patient with a flat elevated mucosal adenoma polyp measuring 15 mm located in the rectum.
/workspace/igho/video_695_rango_30600_33840/frames_selected/frame_32555.png,This is a colonoscopy frame from a patient with no polyps.
/workspace/igho/video_695_rango_30600_33840/frames_selected/frame_32556.png,This is a colonoscopy frame from a patient with a sessile adenoma polyp measuring 4 mm located in the rectum.
/workspace/igho/video_695_rango_30600_33840/frames_selected/frame_32557.png,This is a colonoscopy frame from a patient with a sessile adenoma polyp measuring 4 mm located in the rectum.
/workspace/igho/video_695_rango_30600_33840/frames_selected/frame_32558.png,This is a colonoscopy frame from a patient with a flat elevated mucosal adenoma polyp measuring 15 mm located in the rectum.
/workspace/igho/video_695_rango_30600_33840/frames_selected/frame_32559.png,This is a colonoscopy frame from a patient with a flat elevated mucosal adenoma polyp measuring 15 mm located in the rectum.
/workspace/igho/video_695_rango_30600_33840/frames_selected/frame_32560.png,This is a colonoscopy frame from a patient with a flat elevated mucosal adenoma polyp measuring 15 mm located in the rectum.
/workspace/igho/video_695_rango_30600_33840/frames_selected/frame_32561.png,This is a colonoscopy frame from a patient with a flat elevated mucosal adenoma polyp measuring 15 mm located in the rectum.
/workspace/igho/video_695_rango_30600_33840/frames_selected/frame_32562.png,This is a colonoscopy frame from a patient with a flat elevated mucosal adenoma polyp measuring 15 mm located in the rectum.
/workspace/igho/video_695_rango_30600_33840/frames_selected/frame_32563.png,This is a colonoscopy frame from a patient with a flat elevated mucosal adenoma polyp measuring 15 mm located in the rectum.
/workspace/igho/video_695_rango_30600_33840/frames_selected/frame_32564.png,This is a colonoscopy frame from a patient with a sessile adenoma polyp measuring 4 mm located in the rectum.
/workspace/igho/video_695_rango_30600_33840/frames_selected/frame_32565.png,This is a colonoscopy frame from a patient with a sessile adenoma polyp measuring 4 mm located in the sigmoid colon.
/workspace/igho/video_695_rango_30600_33840/frames_selected/frame_32566.png,This is a colonoscopy frame from a patient with a sessile adenoma polyp measuring 4 mm located in the sigmoid colon.
/workspace/igho/video_695_rango_30600_33840/frames_selected/frame_32567.png,This is a colonoscopy frame from a patient with a flat elevated mucosal adenoma polyp measuring 15 mm located in the rectum.
/workspace/igho/video_695_rango_30600_33840/frames_selected/frame_32568.png,This is a colonoscopy frame from a patient with a flat elevated mucosal adenoma polyp measuring 15 mm located in the rectum.
/workspace/igho/video_695_rango_30600_33840/frames_selected/frame_32569.png,This is a colonoscopy frame from a patient with a flat elevated mucosal adenoma polyp measuring 15 mm located in the rectum.
/workspace/igho/video_695_rango_30600_33840/frames_selected/frame_32570.png,This is a colonoscopy frame from a patient with a flat elevated mucosal adenoma polyp measuring 15 mm located in the rectum.
/workspace/igho/video_695_rango_30600_33840/frames_selected/frame_32571.png,This is a colonoscopy frame from a patient with a flat elevated mucosal adenoma polyp measuring 15 mm located in the rectum.
/workspace/igho/video_695_rango_30600_33840/frames_selected/frame_32572.png,This is a colonoscopy frame from a patient with a flat elevated mucosal adenoma polyp measuring 15 mm located in the rectum.
/workspace/igho/video_695_rango_30600_33840/frames_selected/frame_32573.png,This is a colonoscopy frame from a patient with a sessile adenoma polyp measuring 4 mm located in the sigmoid colon.
/workspace/igho/video_695_rango_30600_33840/frames_selected/frame_32574.png,This is a colonoscopy frame from a patient with a sessile adenoma polyp measuring 4 mm located in the sigmoid colon.
/workspace/igho/video_695_rango_30600_33840/frames_selected/frame_32575.png,This is a colonoscopy frame from a patient with a sessile adenoma polyp measuring 4 mm located in the sigmoid colon.
/workspace/igho/video_695_rango_30600_33840/frames_selected/frame_32576.png,This is a colonoscopy frame from a patient with a flat elevated mucosal adenoma polyp measuring 15 mm located in the rectum.
/workspace/igho/video_695_rango_30600_33840/frames_selected/frame_32577.png,This is a colonoscopy frame from a patient with a sessile adenoma polyp measuring 4 mm located in the sigmoid colon.
/workspace/igho/video_695_rango_30600_33840/frames_selected/frame_32578.png,This is a colonoscopy frame from a patient with a sessile adenoma polyp measuring 4 mm located in the sigmoid colon.
/workspace/igho/video_695_rango_30600_33840/frames_selected/frame_32579.png,This is a colonoscopy frame from a patient with a flat elevated mucosal adenoma polyp measuring 15 mm located in the rectum.
/workspace/igho/video_695_rango_30600_33840/frames_selected/frame_32580.png,This is a colonoscopy frame from a patient with no polyps.
/workspace/igho/video_695_rango_30600_33840/frames_selected/frame_32581.png,This is a colonoscopy frame from a patient with no polyps.
/workspace/igho/video_695_rango_30600_33840/frames_selected/frame_32582.png,This is a colonoscopy frame from a patient with a sessile adenoma polyp measuring 4 mm located in the sigmoid colon.
/workspace/igho/video_695_rango_30600_33840/frames_selected/frame_32583.png,This is a colonoscopy frame from a patient with a sessile adenoma polyp measuring 4 mm located in the sigmoid colon.
/workspace/igho/video_695_rango_30600_33840/frames_selected/frame_32584.png,This is a colonoscopy frame from a patient with a sessile adenoma polyp measuring 4 mm located in the sigmoid colon.
/workspace/igho/video_695_rango_30600_33840/frames_selected/frame_32585.png,This is a colonoscopy frame from a patient with a sessile adenoma polyp measuring 4 mm located in the sigmoid colon.
/workspace/igho/video_695_rango_30600_33840/frames_selected/frame_32586.png,This is a colonoscopy frame from a patient with a sessile adenoma polyp measuring 4 mm located in the sigmoid colon.
/workspace/igho/video_695_rango_30600_33840/frames_selected/frame_32587.png,This is a colonoscopy frame from a patient with a sessile adenoma polyp measuring 4 mm located in the sigmoid colon.
/workspace/igho/video_695_rango_30600_33840/frames_selected/frame_32588.png,This is a colonoscopy frame from a patient with no polyps.
/workspace/igho/video_695_rango_30600_33840/frames_selected/frame_32589.png,This is a colonoscopy frame from a patient with a sessile adenoma polyp measuring 4 mm located in the sigmoid colon.
/workspace/igho/video_695_rango_30600_33840/frames_selected/frame_32590.png,This is a colonoscopy frame from a patient with a sessile adenoma polyp measuring 4 mm located in the sigmoid colon.
/workspace/igho/video_695_rango_30600_33840/frames_selected/frame_32591.png,This is a colonoscopy frame from a patient with a sessile adenoma polyp measuring 4 mm located in the sigmoid colon.
/workspace/igho/video_695_rango_30600_33840/frames_selected/frame_32592.png,This is a colonoscopy frame from a patient with a sessile adenoma polyp measuring 4 mm located in the sigmoid colon.
/workspace/igho/video_695_rango_30600_33840/frames_selected/frame_32593.png,This is a colonoscopy frame from a patient with a sessile adenoma polyp measuring 4 mm located in the sigmoid colon.
/workspace/igho/video_695_rango_30600_33840/frames_selected/frame_32594.png,This is a colonoscopy frame from a patient with a sessile adenoma polyp measuring 4 mm located in the sigmoid colon.
/workspace/igho/video_695_rango_30600_33840/frames_selected/frame_32595.png,This is a colonoscopy frame from a patient with a sessile adenoma polyp measuring 4 mm located in the sigmoid colon.
/workspace/igho/video_695_rango_30600_33840/frames_selected/frame_32596.png,This is a colonoscopy frame from a patient with a sessile adenoma polyp measuring 4 mm located in the sigmoid colon.
/workspace/igho/video_695_rango_30600_33840/frames_selected/frame_32597.png,This is a colonoscopy frame from a patient with a sessile adenoma polyp measuring 4 mm located in the sigmoid colon.
/workspace/igho/video_695_rango_30600_33840/frames_selected/frame_32598.png,This is a colonoscopy frame from a patient with a sessile adenoma polyp measuring 4 mm located in the sigmoid colon.
/workspace/igho/video_695_rango_30600_33840/frames_selected/frame_32599.png,This is a colonoscopy frame from a patient with a sessile adenoma polyp measuring 4 mm located in the sigmoid colon.
/workspace/igho/video_695_rango_30600_33840/frames_selected/frame_32600.png,This is a colonoscopy frame from a patient with a sessile adenoma polyp measuring 4 mm located in the sigmoid colon.
/workspace/igho/video_695_rango_30600_33840/frames_selected/frame_32601.png,This is a colonoscopy frame from a patient with a sessile adenoma polyp measuring 4 mm located in the sigmoid colon.
/workspace/igho/video_695_rango_30600_33840/frames_selected/frame_32602.png,This is a colonoscopy frame from a patient with a sessile adenoma polyp measuring 4 mm located in the sigmoid colon.
/workspace/igho/video_695_rango_30600_33840/frames_selected/frame_32603.png,This is a colonoscopy frame from a patient with a sessile adenoma polyp measuring 4 mm located in the sigmoid colon.
/workspace/igho/video_695_rango_30600_33840/frames_selected/frame_32604.png,This is a colonoscopy frame from a patient with a sessile adenoma polyp measuring 4 mm located in the sigmoid colon.
/workspace/igho/video_695_rango_30600_33840/frames_selected/frame_32605.png,This is a colonoscopy frame from a patient with a sessile adenoma polyp measuring 4 mm located in the sigmoid colon.
/workspace/igho/video_695_rango_30600_33840/frames_selected/frame_32606.png,This is a colonoscopy frame from a patient with a sessile adenoma polyp measuring 4 mm located in the sigmoid colon.
/workspace/igho/video_695_rango_30600_33840/frames_selected/frame_32607.png,This is a colonoscopy frame from a patient with no polyps.
/workspace/igho/video_695_rango_30600_33840/frames_selected/frame_32608.png,This is a colonoscopy frame from a patient with no polyps.
/workspace/igho/video_695_rango_30600_33840/frames_selected/frame_32609.png,This is a colonoscopy frame from a patient with a sessile adenoma polyp measuring 4 mm located in the sigmoid colon.
/workspace/igho/video_695_rango_30600_33840/frames_selected/frame_32610.png,This is a colonoscopy frame from a patient with a sessile adenoma polyp measuring 4 mm located in the sigmoid colon.
/workspace/igho/video_695_rango_30600_33840/frames_selected/frame_32611.png,This is a colonoscopy frame from a patient with a sessile adenoma polyp measuring 4 mm located in the sigmoid colon.
/workspace/igho/video_695_rango_30600_33840/frames_selected/frame_32612.png,This is a colonoscopy frame from a patient with a sessile adenoma polyp measuring 4 mm located in the sigmoid colon.
/workspace/igho/video_695_rango_30600_33840/frames_selected/frame_32613.png,This is a colonoscopy frame from a patient with a flat elevated mucosal adenoma polyp measuring 15 mm located in the rectum.
/workspace/igho/video_695_rango_30600_33840/frames_selected/frame_32614.png,This is a colonoscopy frame from a patient with a flat elevated mucosal adenoma polyp measuring 15 mm located in the rectum.
/workspace/igho/video_695_rango_30600_33840/frames_selected/frame_32615.png,This is a colonoscopy frame from a patient with no polyps.
/workspace/igho/video_695_rango_30600_33840/frames_selected/frame_32616.png,This is a colonoscopy frame from a patient with a flat elevated mucosal adenoma polyp measuring 15 mm located in the rectum.
/workspace/igho/video_695_rango_30600_33840/frames_selected/frame_32617.png,This is a colonoscopy frame from a patient with a flat elevated mucosal adenoma polyp measuring 15 mm located in the rectum.
/workspace/igho/video_695_rango_30600_33840/frames_selected/frame_32618.png,This is a colonoscopy frame from a patient with a sessile adenoma polyp measuring 4 mm located in the sigmoid colon.
/workspace/igho/video_695_rango_30600_33840/frames_selected/frame_32619.png,This is a colonoscopy frame from a patient with a sessile adenoma polyp measuring 4 mm located in the rectum.
/workspace/igho/video_695_rango_30600_33840/frames_selected/frame_32620.png,This is a colonoscopy frame from a patient with a sessile adenoma polyp measuring 4 mm located in the rectum.
/workspace/igho/video_695_rango_30600_33840/frames_selected/frame_32621.png,This is a colonoscopy frame from a patient with a flat elevated mucosal adenoma polyp measuring 15 mm located in the rectum.
/workspace/igho/video_695_rango_30600_33840/frames_selected/frame_32622.png,This is a colonoscopy frame from a patient with a flat elevated mucosal adenoma polyp measuring 15 mm located in the rectum.
/workspace/igho/video_695_rango_30600_33840/frames_selected/frame_32623.png,This is a colonoscopy frame from a patient with a flat elevated mucosal adenoma polyp measuring 15 mm located in the rectum.
/workspace/igho/video_695_rango_30600_33840/frames_selected/frame_32624.png,This is a colonoscopy frame from a patient with a flat elevated mucosal adenoma polyp measuring 15 mm located in the rectum.
/workspace/igho/video_695_rango_30600_33840/frames_selected/frame_32625.png,This is a colonoscopy frame from a patient with a flat elevated mucosal adenoma polyp measuring 15 mm located in the rectum.
/workspace/igho/video_695_rango_30600_33840/frames_selected/frame_32626.png,This is a colonoscopy frame from a patient with a flat elevated mucosal adenoma polyp measuring 15 mm located in the rectum.
/workspace/igho/video_695_rango_30600_33840/frames_selected/frame_32627.png,This is a colonoscopy frame from a patient with a sessile adenoma polyp measuring 4 mm located in the rectum.
/workspace/igho/video_695_rango_30600_33840/frames_selected/frame_32628.png,This is a colonoscopy frame from a patient with a flat elevated mucosal adenoma polyp measuring 3 mm located in the rectum.
/workspace/igho/video_695_rango_30600_33840/frames_selected/frame_32629.png,This is a colonoscopy frame from a patient with a flat elevated mucosal adenoma polyp measuring 3 mm located in the rectum.
/workspace/igho/video_695_rango_30600_33840/frames_selected/frame_32630.png,This is a colonoscopy frame from a patient with a flat elevated mucosal adenoma polyp measuring 15 mm located in the rectum.
/workspace/igho/video_695_rango_30600_33840/frames_selected/frame_32631.png,This is a colonoscopy frame from a patient with a flat elevated mucosal adenoma polyp measuring 15 mm located in the rectum.
/workspace/igho/video_695_rango_30600_33840/frames_selected/frame_32632.png,This is a colonoscopy frame from a patient with a flat elevated mucosal adenoma polyp measuring 15 mm located in the rectum.
/workspace/igho/video_695_rango_30600_33840/frames_selected/frame_32633.png,This is a colonoscopy frame from a patient with a flat elevated mucosal adenoma polyp measuring 15 mm located in the rectum.
/workspace/igho/video_695_rango_30600_33840/frames_selected/frame_32634.png,This is a colonoscopy frame from a patient with a flat elevated mucosal adenoma polyp measuring 15 mm located in the rectum.
/workspace/igho/video_695_rango_30600_33840/frames_selected/frame_32635.png,This is a colonoscopy frame from a patient with a flat elevated mucosal adenoma polyp measuring 15 mm located in the rectum.
/workspace/igho/video_695_rango_30600_33840/frames_selected/frame_32636.png,This is a colonoscopy frame from a patient with a flat elevated mucosal adenoma polyp measuring 3 mm located in the rectum.
/workspace/igho/video_695_rango_30600_33840/frames_selected/frame_32637.png,This is a colonoscopy frame from a patient with a sessile adenoma polyp measuring 4 mm located in the sigmoid colon.
/workspace/igho/video_695_rango_30600_33840/frames_selected/frame_32638.png,This is a colonoscopy frame from a patient with a sessile adenoma polyp measuring 4 mm located in the sigmoid colon.
/workspace/igho/video_695_rango_30600_33840/frames_selected/frame_32639.png,This is a colonoscopy frame from a patient with a flat elevated mucosal adenoma polyp measuring 15 mm located in the rectum.
/workspace/igho/video_695_rango_30600_33840/frames_selected/frame_32640.png,This is a colonoscopy frame from a patient with a sessile adenoma polyp measuring 4 mm located in the sigmoid colon.
/workspace/igho/video_695_rango_30600_33840/frames_selected/frame_32641.png,This is a colonoscopy frame from a patient with a sessile adenoma polyp measuring 4 mm located in the sigmoid colon.
/workspace/igho/video_695_rango_30600_33840/frames_selected/frame_32642.png,This is a colonoscopy frame from a patient with a flat elevated mucosal adenoma polyp measuring 15 mm located in the rectum.
/workspace/igho/video_695_rango_30600_33840/frames_selected/frame_32643.png,This is a colonoscopy frame from a patient with no polyps.
/workspace/igho/video_695_rango_30600_33840/frames_selected/frame_32644.png,This is a colonoscopy frame from a patient with no polyps.
/workspace/igho/video_695_rango_30600_33840/frames_selected/frame_32645.png,This is a colonoscopy frame from a patient with a sessile adenoma polyp measuring 4 mm located in the sigmoid colon.
/workspace/igho/video_695_rango_30600_33840/frames_selected/frame_32646.png,This is a colonoscopy frame from a patient with a sessile adenoma polyp measuring 4 mm located in the sigmoid colon.
/workspace/igho/video_695_rango_30600_33840/frames_selected/frame_32647.png,This is a colonoscopy frame from a patient with a sessile adenoma polyp measuring 4 mm located in the sigmoid colon.
/workspace/igho/video_695_rango_30600_33840/frames_selected/frame_32648.png,This is a colonoscopy frame from a patient with a sessile adenoma polyp measuring 4 mm located in the sigmoid colon.
/workspace/igho/video_695_rango_30600_33840/frames_selected/frame_32649.png,This is a colonoscopy frame from a patient with a sessile adenoma polyp measuring 4 mm located in the sigmoid colon.
/workspace/igho/video_695_rango_30600_33840/frames_selected/frame_32650.png,This is a colonoscopy frame from a patient with a sessile adenoma polyp measuring 4 mm located in the sigmoid colon.
/workspace/igho/video_695_rango_30600_33840/frames_selected/frame_32651.png,This is a colonoscopy frame from a patient with no polyps.
/workspace/igho/video_695_rango_30600_33840/frames_selected/frame_32652.png,This is a colonoscopy frame from a patient with a flat elevated mucosal adenoma polyp measuring 15 mm located in the sigmoid colon.
/workspace/igho/video_695_rango_30600_33840/frames_selected/frame_32653.png,This is a colonoscopy frame from a patient with a flat elevated mucosal adenoma polyp measuring 15 mm located in the sigmoid colon.
/workspace/igho/video_695_rango_30600_33840/frames_selected/frame_32654.png,This is a colonoscopy frame from a patient with a sessile adenoma polyp measuring 4 mm located in the sigmoid colon.
/workspace/igho/video_695_rango_30600_33840/frames_selected/frame_32655.png,This is a colonoscopy frame from a patient with a sessile adenoma polyp measuring 4 mm located in the sigmoid colon.
/workspace/igho/video_695_rango_30600_33840/frames_selected/frame_32656.png,This is a colonoscopy frame from a patient with a sessile adenoma polyp measuring 4 mm located in the sigmoid colon.
/workspace/igho/video_695_rango_30600_33840/frames_selected/frame_32657.png,This is a colonoscopy frame from a patient with a sessile adenoma polyp measuring 4 mm located in the sigmoid colon.
/workspace/igho/video_695_rango_30600_33840/frames_selected/frame_32658.png,This is a colonoscopy frame from a patient with no polyps.
/workspace/igho/video_695_rango_30600_33840/frames_selected/frame_32659.png,This is a colonoscopy frame from a patient with no polyps.
/workspace/igho/video_695_rango_30600_33840/frames_selected/frame_32660.png,This is a colonoscopy frame from a patient with a flat elevated mucosal adenoma polyp measuring 15 mm located in the sigmoid colon.
/workspace/igho/video_695_rango_30600_33840/frames_selected/frame_32661.png,This is a colonoscopy frame from a patient with a flat elevated mucosal adenoma polyp measuring 15 mm located in the sigmoid colon.
/workspace/igho/video_695_rango_30600_33840/frames_selected/frame_32662.png,This is a colonoscopy frame from a patient with a flat elevated mucosal adenoma polyp measuring 15 mm located in the sigmoid colon.
/workspace/igho/video_695_rango_30600_33840/frames_selected/frame_32663.png,This is a colonoscopy frame from a patient with a sessile adenoma polyp measuring 4 mm located in the sigmoid colon.
/workspace/igho/video_695_rango_30600_33840/frames_selected/frame_32664.png,This is a colonoscopy frame from a patient with a flat elevated mucosal adenoma polyp measuring 15 mm located in the sigmoid colon.
/workspace/igho/video_695_rango_30600_33840/frames_selected/frame_32665.png,This is a colonoscopy frame from a patient with a flat elevated mucosal adenoma polyp measuring 15 mm located in the sigmoid colon.
/workspace/igho/video_695_rango_30600_33840/frames_selected/frame_32666.png,This is a colonoscopy frame from a patient with no polyps.
/workspace/igho/video_695_rango_30600_33840/frames_selected/frame_32667.png,This is a colonoscopy frame from a patient with a flat elevated mucosal adenoma polyp measuring 15 mm located in the rectum.
/workspace/igho/video_695_rango_30600_33840/frames_selected/frame_32668.png,This is a colonoscopy frame from a patient with a flat elevated mucosal adenoma polyp measuring 15 mm located in the rectum.
/workspace/igho/video_695_rango_30600_33840/frames_selected/frame_32669.png,This is a colonoscopy frame from a patient with a flat elevated mucosal adenoma polyp measuring 15 mm located in the sigmoid colon.
/workspace/igho/video_695_rango_30600_33840/frames_selected/frame_32670.png,This is a colonoscopy frame from a patient with a flat elevated mucosal adenoma polyp measuring 15 mm located in the rectum.
/workspace/igho/video_695_rango_30600_33840/frames_selected/frame_32671.png,This is a colonoscopy frame from a patient with a flat elevated mucosal adenoma polyp measuring 15 mm located in the rectum.
/workspace/igho/video_695_rango_30600_33840/frames_selected/frame_32672.png,This is a colonoscopy frame from a patient with a flat elevated mucosal adenoma polyp measuring 15 mm located in the sigmoid colon.
/workspace/igho/video_695_rango_30600_33840/frames_selected/frame_32673.png,This is a colonoscopy frame from a patient with a sessile adenoma polyp measuring 4 mm located in the sigmoid colon.
/workspace/igho/video_695_rango_30600_33840/frames_selected/frame_32674.png,This is a colonoscopy frame from a patient with a sessile adenoma polyp measuring 4 mm located in the sigmoid colon.
/workspace/igho/video_695_rango_30600_33840/frames_selected/frame_32675.png,This is a colonoscopy frame from a patient with a flat elevated mucosal adenoma polyp measuring 15 mm located in the rectum.
/workspace/igho/video_695_rango_30600_33840/frames_selected/frame_32676.png,This is a colonoscopy frame from a patient with a flat elevated mucosal adenoma polyp measuring 15 mm located in the rectum.
/workspace/igho/video_695_rango_30600_33840/frames_selected/frame_32677.png,This is a colonoscopy frame from a patient with a flat elevated mucosal adenoma polyp measuring 15 mm located in the rectum.
/workspace/igho/video_695_rango_30600_33840/frames_selected/frame_32678.png,This is a colonoscopy frame from a patient with a flat elevated mucosal adenoma polyp measuring 15 mm located in the rectum.
/workspace/igho/video_695_rango_30600_33840/frames_selected/frame_32679.png,This is a colonoscopy frame from a patient with a sessile adenoma polyp measuring 4 mm located in the sigmoid colon.
/workspace/igho/video_695_rango_30600_33840/frames_selected/frame_32680.png,This is a colonoscopy frame from a patient with a sessile adenoma polyp measuring 4 mm located in the sigmoid colon.
/workspace/igho/video_695_rango_30600_33840/frames_selected/frame_32681.png,This is a colonoscopy frame from a patient with a sessile adenoma polyp measuring 4 mm located in the sigmoid colon.
/workspace/igho/video_695_rango_30600_33840/frames_selected/frame_32682.png,This is a colonoscopy frame from a patient with a sessile adenoma polyp measuring 4 mm located in the sigmoid colon.
/workspace/igho/video_695_rango_30600_33840/frames_selected/frame_32683.png,This is a colonoscopy frame from a patient with a sessile adenoma polyp measuring 4 mm located in the sigmoid colon.
/workspace/igho/video_695_rango_30600_33840/frames_selected/frame_32684.png,This is a colonoscopy frame from a patient with a flat elevated mucosal adenoma polyp measuring 15 mm located in the rectum.
/workspace/igho/video_695_rango_30600_33840/frames_selected/frame_32685.png,This is a colonoscopy frame from a patient with a sessile adenoma polyp measuring 6 mm located in the sigmoid colon.
/workspace/igho/video_695_rango_30600_33840/frames_selected/frame_32686.png,This is a colonoscopy frame from a patient with a sessile adenoma polyp measuring 6 mm located in the sigmoid colon.
/workspace/igho/video_695_rango_30600_33840/frames_selected/frame_32687.png,This is a colonoscopy frame from a patient with a sessile adenoma polyp measuring 4 mm located in the sigmoid colon.
/workspace/igho/video_695_rango_30600_33840/frames_selected/frame_32688.png,This is a colonoscopy frame from a patient with a sessile adenoma polyp measuring 4 mm located in the sigmoid colon.
/workspace/igho/video_695_rango_30600_33840/frames_selected/frame_32689.png,This is a colonoscopy frame from a patient with a sessile adenoma polyp measuring 4 mm located in the sigmoid colon.
/workspace/igho/video_695_rango_30600_33840/frames_selected/frame_32690.png,This is a colonoscopy frame from a patient with a sessile adenoma polyp measuring 4 mm located in the sigmoid colon.
/workspace/igho/video_695_rango_30600_33840/frames_selected/frame_32691.png,This is a colonoscopy frame from a patient with a flat elevated mucosal adenoma polyp measuring 15 mm located in the rectum.
/workspace/igho/video_695_rango_30600_33840/frames_selected/frame_32692.png,This is a colonoscopy frame from a patient with a flat elevated mucosal adenoma polyp measuring 15 mm located in the rectum.
/workspace/igho/video_695_rango_30600_33840/frames_selected/frame_32693.png,This is a colonoscopy frame from a patient with a sessile adenoma polyp measuring 6 mm located in the sigmoid colon.
/workspace/igho/video_695_rango_30600_33840/frames_selected/frame_32694.png,This is a colonoscopy frame from a patient with a sessile adenoma polyp measuring 4 mm located in the sigmoid colon.
/workspace/igho/video_695_rango_30600_33840/frames_selected/frame_32695.png,This is a colonoscopy frame from a patient with a sessile adenoma polyp measuring 4 mm located in the sigmoid colon.
/workspace/igho/video_695_rango_30600_33840/frames_selected/frame_32696.png,This is a colonoscopy frame from a patient with a sessile adenoma polyp measuring 4 mm located in the sigmoid colon.
/workspace/igho/video_695_rango_30600_33840/frames_selected/frame_32697.png,This is a colonoscopy frame from a patient with a flat elevated mucosal adenoma polyp measuring 15 mm located in the rectum.
/workspace/igho/video_695_rango_30600_33840/frames_selected/frame_32698.png,This is a colonoscopy frame from a patient with a flat elevated mucosal adenoma polyp measuring 15 mm located in the rectum.
/workspace/igho/video_695_rango_30600_33840/frames_selected/frame_32699.png,This is a colonoscopy frame from a patient with a flat elevated mucosal adenoma polyp measuring 15 mm located in the rectum.
/workspace/igho/video_695_rango_30600_33840/frames_selected/frame_32700.png,This is a colonoscopy frame from a patient with a flat elevated mucosal adenoma polyp measuring 15 mm located in the rectum.
/workspace/igho/video_695_rango_30600_33840/frames_selected/frame_32701.png,This is a colonoscopy frame from a patient with a flat elevated mucosal adenoma polyp measuring 15 mm located in the rectum.
/workspace/igho/video_695_rango_30600_33840/frames_selected/frame_32702.png,This is a colonoscopy frame from a patient with a sessile adenoma polyp measuring 4 mm located in the sigmoid colon.
/workspace/igho/video_695_rango_30600_33840/frames_selected/frame_32703.png,This is a colonoscopy frame from a patient with a flat elevated mucosal adenoma polyp measuring 15 mm located in the rectum.
/workspace/igho/video_695_rango_30600_33840/frames_selected/frame_32704.png,This is a colonoscopy frame from a patient with a flat elevated mucosal adenoma polyp measuring 15 mm located in the rectum.
/workspace/igho/video_695_rango_30600_33840/frames_selected/frame_32705.png,This is a colonoscopy frame from a patient with a flat elevated mucosal adenoma polyp measuring 15 mm located in the rectum.
/workspace/igho/video_695_rango_30600_33840/frames_selected/frame_32706.png,This is a colonoscopy frame from a patient with a flat elevated mucosal adenoma polyp measuring 15 mm located in the rectum.
/workspace/igho/video_695_rango_30600_33840/frames_selected/frame_32707.png,This is a colonoscopy frame from a patient with a flat elevated mucosal adenoma polyp measuring 15 mm located in the rectum.
/workspace/igho/video_695_rango_30600_33840/frames_selected/frame_32708.png,This is a colonoscopy frame from a patient with a flat elevated mucosal adenoma polyp measuring 15 mm located in the rectum.
/workspace/igho/video_695_rango_30600_33840/frames_selected/frame_32709.png,This is a colonoscopy frame from a patient with a flat elevated mucosal adenoma polyp measuring 15 mm located in the rectum.
/workspace/igho/video_695_rango_30600_33840/frames_selected/frame_32710.png,This is a colonoscopy frame from a patient with a flat elevated mucosal adenoma polyp measuring 15 mm located in the rectum.
/workspace/igho/video_695_rango_30600_33840/frames_selected/frame_32711.png,This is a colonoscopy frame from a patient with a flat elevated mucosal adenoma polyp measuring 15 mm located in the rectum.
/workspace/igho/video_695_rango_30600_33840/frames_selected/frame_32712.png,This is a colonoscopy frame from a patient with a flat elevated mucosal adenoma polyp measuring 15 mm located in the rectum.
/workspace/igho/video_695_rango_30600_33840/frames_selected/frame_32713.png,This is a colonoscopy frame from a patient with a flat elevated mucosal adenoma polyp measuring 15 mm located in the rectum.
/workspace/igho/video_695_rango_30600_33840/frames_selected/frame_32714.png,This is a colonoscopy frame from a patient with a flat elevated mucosal adenoma polyp measuring 15 mm located in the rectum.
/workspace/igho/video_695_rango_30600_33840/frames_selected/frame_32715.png,This is a colonoscopy frame from a patient with a flat elevated mucosal adenoma polyp measuring 15 mm located in the rectum.
/workspace/igho/video_695_rango_30600_33840/frames_selected/frame_32716.png,This is a colonoscopy frame from a patient with a flat elevated mucosal adenoma polyp measuring 15 mm located in the rectum.
/workspace/igho/video_695_rango_30600_33840/frames_selected/frame_32717.png,This is a colonoscopy frame from a patient with a flat elevated mucosal adenoma polyp measuring 15 mm located in the rectum.
/workspace/igho/video_695_rango_30600_33840/frames_selected/frame_32718.png,This is a colonoscopy frame from a patient with a flat elevated mucosal adenoma polyp measuring 15 mm located in the rectum.
/workspace/igho/video_695_rango_30600_33840/frames_selected/frame_32719.png,This is a colonoscopy frame from a patient with a flat elevated mucosal adenoma polyp measuring 15 mm located in the rectum.
/workspace/igho/video_695_rango_30600_33840/frames_selected/frame_32720.png,This is a colonoscopy frame from a patient with a flat elevated mucosal adenoma polyp measuring 15 mm located in the rectum.
/workspace/igho/video_695_rango_30600_33840/frames_selected/frame_32721.png,This is a colonoscopy frame from a patient with a flat elevated mucosal adenoma polyp measuring 15 mm located in the rectum.
/workspace/igho/video_695_rango_30600_33840/frames_selected/frame_32722.png,This is a colonoscopy frame from a patient with a flat elevated mucosal adenoma polyp measuring 15 mm located in the rectum.
/workspace/igho/video_695_rango_30600_33840/frames_selected/frame_32723.png,This is a colonoscopy frame from a patient with a flat elevated mucosal adenoma polyp measuring 15 mm located in the rectum.
/workspace/igho/video_695_rango_30600_33840/frames_selected/frame_32724.png,This is a colonoscopy frame from a patient with a sessile adenoma polyp measuring 4 mm located in the rectum.
/workspace/igho/video_695_rango_30600_33840/frames_selected/frame_32725.png,This is a colonoscopy frame from a patient with a sessile adenoma polyp measuring 4 mm located in the rectum.
/workspace/igho/video_695_rango_30600_33840/frames_selected/frame_32726.png,This is a colonoscopy frame from a patient with a flat elevated mucosal adenoma polyp measuring 15 mm located in the rectum.
/workspace/igho/video_695_rango_30600_33840/frames_selected/frame_32727.png,This is a colonoscopy frame from a patient with a flat elevated mucosal adenoma polyp measuring 15 mm located in the rectum.
/workspace/igho/video_695_rango_30600_33840/frames_selected/frame_32728.png,This is a colonoscopy frame from a patient with a flat elevated mucosal adenoma polyp measuring 15 mm located in the rectum.
/workspace/igho/video_695_rango_30600_33840/frames_selected/frame_32729.png,This is a colonoscopy frame from a patient with a flat elevated mucosal adenoma polyp measuring 15 mm located in the rectum.
/workspace/igho/video_695_rango_30600_33840/frames_selected/frame_32730.png,This is a colonoscopy frame from a patient with a flat elevated mucosal adenoma polyp measuring 15 mm located in the rectum.
/workspace/igho/video_695_rango_30600_33840/frames_selected/frame_32731.png,This is a colonoscopy frame from a patient with a flat elevated mucosal adenoma polyp measuring 15 mm located in the rectum.
/workspace/igho/video_695_rango_30600_33840/frames_selected/frame_32732.png,This is a colonoscopy frame from a patient with a sessile adenoma polyp measuring 4 mm located in the rectum.
/workspace/igho/video_695_rango_30600_33840/frames_selected/frame_32733.png,This is a colonoscopy frame from a patient with a flat elevated mucosal adenoma polyp measuring 15 mm located in the rectum.
/workspace/igho/video_695_rango_30600_33840/frames_selected/frame_32734.png,This is a colonoscopy frame from a patient with a flat elevated mucosal adenoma polyp measuring 15 mm located in the rectum.
/workspace/igho/video_695_rango_30600_33840/frames_selected/frame_32735.png,This is a colonoscopy frame from a patient with a flat elevated mucosal adenoma polyp measuring 15 mm located in the rectum.
/workspace/igho/video_695_rango_30600_33840/frames_selected/frame_32736.png,This is a colonoscopy frame from a patient with a flat elevated mucosal adenoma polyp measuring 15 mm located in the rectum.
/workspace/igho/video_695_rango_30600_33840/frames_selected/frame_32737.png,This is a colonoscopy frame from a patient with a flat elevated mucosal adenoma polyp measuring 15 mm located in the rectum.
/workspace/igho/video_695_rango_30600_33840/frames_selected/frame_32738.png,This is a colonoscopy frame from a patient with a flat elevated mucosal adenoma polyp measuring 15 mm located in the rectum.
/workspace/igho/video_695_rango_30600_33840/frames_selected/frame_32739.png,This is a colonoscopy frame from a patient with a flat elevated mucosal adenoma polyp measuring 15 mm located in the rectum.
/workspace/igho/video_695_rango_30600_33840/frames_selected/frame_32740.png,This is a colonoscopy frame from a patient with a flat elevated mucosal adenoma polyp measuring 15 mm located in the rectum.
/workspace/igho/video_695_rango_30600_33840/frames_selected/frame_32741.png,This is a colonoscopy frame from a patient with a flat elevated mucosal adenoma polyp measuring 15 mm located in the rectum.
/workspace/igho/video_695_rango_30600_33840/frames_selected/frame_32742.png,This is a colonoscopy frame from a patient with a flat elevated mucosal adenoma polyp measuring 15 mm located in the rectum.
/workspace/igho/video_695_rango_30600_33840/frames_selected/frame_32743.png,This is a colonoscopy frame from a patient with a flat elevated mucosal adenoma polyp measuring 15 mm located in the rectum.
/workspace/igho/video_695_rango_30600_33840/frames_selected/frame_32744.png,This is a colonoscopy frame from a patient with a flat elevated mucosal adenoma polyp measuring 15 mm located in the rectum.
/workspace/igho/video_695_rango_30600_33840/frames_selected/frame_32745.png,This is a colonoscopy frame from a patient with a flat elevated mucosal adenoma polyp measuring 15 mm located in the rectum.
/workspace/igho/video_695_rango_30600_33840/frames_selected/frame_32746.png,This is a colonoscopy frame from a patient with a flat elevated mucosal adenoma polyp measuring 15 mm located in the rectum.
/workspace/igho/video_695_rango_30600_33840/frames_selected/frame_32747.png,This is a colonoscopy frame from a patient with a flat elevated mucosal adenoma polyp measuring 15 mm located in the rectum.
/workspace/igho/video_695_rango_30600_33840/frames_selected/frame_32748.png,This is a colonoscopy frame from a patient with a flat elevated mucosal adenoma polyp measuring 15 mm located in the rectum.
/workspace/igho/video_695_rango_30600_33840/frames_selected/frame_32749.png,This is a colonoscopy frame from a patient with a flat elevated mucosal adenoma polyp measuring 15 mm located in the rectum.
/workspace/igho/video_695_rango_30600_33840/frames_selected/frame_32750.png,This is a colonoscopy frame from a patient with a flat elevated mucosal adenoma polyp measuring 15 mm located in the rectum.
/workspace/igho/video_695_rango_30600_33840/frames_selected/frame_32751.png,This is a colonoscopy frame from a patient with a flat elevated mucosal adenoma polyp measuring 15 mm located in the rectum.
/workspace/igho/video_695_rango_30600_33840/frames_selected/frame_32752.png,This is a colonoscopy frame from a patient with a flat elevated mucosal adenoma polyp measuring 15 mm located in the rectum.
/workspace/igho/video_695_rango_30600_33840/frames_selected/frame_32753.png,This is a colonoscopy frame from a patient with a flat elevated mucosal adenoma polyp measuring 15 mm located in the rectum.
/workspace/igho/video_695_rango_30600_33840/frames_selected/frame_32754.png,This is a colonoscopy frame from a patient with a flat elevated mucosal adenoma polyp measuring 15 mm located in the rectum.
/workspace/igho/video_695_rango_30600_33840/frames_selected/frame_32755.png,This is a colonoscopy frame from a patient with a flat elevated mucosal adenoma polyp measuring 15 mm located in the rectum.
/workspace/igho/video_695_rango_30600_33840/frames_selected/frame_32756.png,This is a colonoscopy frame from a patient with a flat elevated mucosal adenoma polyp measuring 15 mm located in the rectum.
/workspace/igho/video_695_rango_30600_33840/frames_selected/frame_32757.png,This is a colonoscopy frame from a patient with a flat elevated mucosal adenoma polyp measuring 15 mm located in the rectum.
/workspace/igho/video_695_rango_30600_33840/frames_selected/frame_32758.png,This is a colonoscopy frame from a patient with a flat elevated mucosal adenoma polyp measuring 15 mm located in the rectum.
/workspace/igho/video_695_rango_30600_33840/frames_selected/frame_32759.png,This is a colonoscopy frame from a patient with a flat elevated mucosal adenoma polyp measuring 15 mm located in the rectum.
/workspace/igho/video_695_rango_30600_33840/frames_selected/frame_32760.png,This is a colonoscopy frame from a patient with a flat elevated mucosal adenoma polyp measuring 15 mm located in the rectum.
/workspace/igho/video_695_rango_30600_33840/frames_selected/frame_32761.png,This is a colonoscopy frame from a patient with a flat elevated mucosal adenoma polyp measuring 15 mm located in the rectum.
/workspace/igho/video_695_rango_30600_33840/frames_selected/frame_32762.png,This is a colonoscopy frame from a patient with a flat elevated mucosal adenoma polyp measuring 15 mm located in the rectum.
/workspace/igho/video_695_rango_30600_33840/frames_selected/frame_32763.png,This is a colonoscopy frame from a patient with a flat elevated mucosal adenoma polyp measuring 15 mm located in the rectum.
/workspace/igho/video_695_rango_30600_33840/frames_selected/frame_32764.png,This is a colonoscopy frame from a patient with a flat elevated mucosal adenoma polyp measuring 15 mm located in the rectum.
/workspace/igho/video_695_rango_30600_33840/frames_selected/frame_32765.png,This is a colonoscopy frame from a patient with a flat elevated mucosal adenoma polyp measuring 15 mm located in the rectum.
/workspace/igho/video_695_rango_30600_33840/frames_selected/frame_32766.png,This is a colonoscopy frame from a patient with a subpedunculated adenoma polyp measuring 12 mm located in the sigmoid colon.
/workspace/igho/video_695_rango_30600_33840/frames_selected/frame_32767.png,This is a colonoscopy frame from a patient with a subpedunculated adenoma polyp measuring 12 mm located in the sigmoid colon.
/workspace/igho/video_695_rango_30600_33840/frames_selected/frame_32768.png,This is a colonoscopy frame from a patient with a flat elevated mucosal adenoma polyp measuring 15 mm located in the rectum.
/workspace/igho/video_695_rango_30600_33840/frames_selected/frame_32769.png,This is a colonoscopy frame from a patient with a flat elevated mucosal adenoma polyp measuring 15 mm located in the sigmoid colon.
/workspace/igho/video_695_rango_30600_33840/frames_selected/frame_32770.png,This is a colonoscopy frame from a patient with a flat elevated mucosal adenoma polyp measuring 15 mm located in the sigmoid colon.
/workspace/igho/video_695_rango_30600_33840/frames_selected/frame_32771.png,This is a colonoscopy frame from a patient with a flat elevated mucosal adenoma polyp measuring 15 mm located in the rectum.
/workspace/igho/video_695_rango_30600_33840/frames_selected/frame_32772.png,This is a colonoscopy frame from a patient with a flat elevated mucosal adenoma polyp measuring 12 mm located in the sigmoid colon.
/workspace/igho/video_695_rango_30600_33840/frames_selected/frame_32773.png,This is a colonoscopy frame from a patient with a flat elevated mucosal adenoma polyp measuring 12 mm located in the sigmoid colon.
/workspace/igho/video_695_rango_30600_33840/frames_selected/frame_32774.png,This is a colonoscopy frame from a patient with a subpedunculated adenoma polyp measuring 12 mm located in the sigmoid colon.
/workspace/igho/video_695_rango_30600_33840/frames_selected/frame_32775.png,This is a colonoscopy frame from a patient with a subpedunculated adenoma polyp measuring 12 mm located in the sigmoid colon.
/workspace/igho/video_695_rango_30600_33840/frames_selected/frame_32776.png,This is a colonoscopy frame from a patient with a subpedunculated adenoma polyp measuring 12 mm located in the sigmoid colon.
/workspace/igho/video_695_rango_30600_33840/frames_selected/frame_32777.png,This is a colonoscopy frame from a patient with a flat elevated mucosal adenoma polyp measuring 15 mm located in the sigmoid colon.
/workspace/igho/video_695_rango_30600_33840/frames_selected/frame_32778.png,This is a colonoscopy frame from a patient with no polyps.
/workspace/igho/video_695_rango_30600_33840/frames_selected/frame_32779.png,This is a colonoscopy frame from a patient with no polyps.
/workspace/igho/video_695_rango_30600_33840/frames_selected/frame_32780.png,This is a colonoscopy frame from a patient with a flat elevated mucosal adenoma polyp measuring 12 mm located in the sigmoid colon.
/workspace/igho/video_695_rango_30600_33840/frames_selected/frame_32781.png,This is a colonoscopy frame from a patient with a sessile adenoma polyp measuring 4 mm located in the rectum.
/workspace/igho/video_695_rango_30600_33840/frames_selected/frame_32782.png,This is a colonoscopy frame from a patient with a sessile adenoma polyp measuring 4 mm located in the rectum.
/workspace/igho/video_695_rango_30600_33840/frames_selected/frame_32783.png,This is a colonoscopy frame from a patient with a subpedunculated adenoma polyp measuring 12 mm located in the sigmoid colon.
/workspace/igho/video_695_rango_30600_33840/frames_selected/frame_32784.png,This is a colonoscopy frame from a patient with no polyps.
/workspace/igho/video_695_rango_30600_33840/frames_selected/frame_32785.png,This is a colonoscopy frame from a patient with no polyps.
/workspace/igho/video_695_rango_30600_33840/frames_selected/frame_32786.png,This is a colonoscopy frame from a patient with no polyps.
/workspace/igho/video_695_rango_30600_33840/frames_selected/frame_32787.png,This is a colonoscopy frame from a patient with a sessile adenoma polyp measuring 4 mm located in the sigmoid colon.
/workspace/igho/video_695_rango_30600_33840/frames_selected/frame_32788.png,This is a colonoscopy frame from a patient with a sessile adenoma polyp measuring 4 mm located in the sigmoid colon.
/workspace/igho/video_695_rango_30600_33840/frames_selected/frame_32789.png,This is a colonoscopy frame from a patient with a sessile adenoma polyp measuring 4 mm located in the rectum.
/workspace/igho/video_695_rango_30600_33840/frames_selected/frame_32790.png,This is a colonoscopy frame from a patient with a sessile adenoma polyp measuring 4 mm located in the sigmoid colon.
/workspace/igho/video_695_rango_30600_33840/frames_selected/frame_32791.png,This is a colonoscopy frame from a patient with a sessile adenoma polyp measuring 4 mm located in the sigmoid colon.
/workspace/igho/video_695_rango_30600_33840/frames_selected/frame_32792.png,This is a colonoscopy frame from a patient with no polyps.
/workspace/igho/video_695_rango_30600_33840/frames_selected/frame_32793.png,This is a colonoscopy frame from a patient with a sessile adenoma polyp measuring 4 mm located in the sigmoid colon.
/workspace/igho/video_695_rango_30600_33840/frames_selected/frame_32794.png,This is a colonoscopy frame from a patient with a sessile adenoma polyp measuring 4 mm located in the sigmoid colon.
/workspace/igho/video_695_rango_30600_33840/frames_selected/frame_32795.png,This is a colonoscopy frame from a patient with a sessile adenoma polyp measuring 4 mm located in the sigmoid colon.
/workspace/igho/video_695_rango_30600_33840/frames_selected/frame_32796.png,This is a colonoscopy frame from a patient with a sessile adenoma polyp measuring 4 mm located in the sigmoid colon.
/workspace/igho/video_695_rango_30600_33840/frames_selected/frame_32797.png,This is a colonoscopy frame from a patient with a sessile adenoma polyp measuring 4 mm located in the sigmoid colon.
/workspace/igho/video_695_rango_30600_33840/frames_selected/frame_32798.png,This is a colonoscopy frame from a patient with a sessile adenoma polyp measuring 4 mm located in the sigmoid colon.
/workspace/igho/video_695_rango_30600_33840/frames_selected/frame_32799.png,This is a colonoscopy frame from a patient with no polyps.
/workspace/igho/video_695_rango_30600_33840/frames_selected/frame_32800.png,This is a colonoscopy frame from a patient with no polyps.
/workspace/igho/video_695_rango_30600_33840/frames_selected/frame_32801.png,This is a colonoscopy frame from a patient with a sessile adenoma polyp measuring 4 mm located in the sigmoid colon.
/workspace/igho/video_695_rango_30600_33840/frames_selected/frame_32802.png,This is a colonoscopy frame from a patient with a flat elevated mucosal adenoma polyp measuring 15 mm located in the rectum.
/workspace/igho/video_695_rango_30600_33840/frames_selected/frame_32803.png,This is a colonoscopy frame from a patient with a flat elevated mucosal adenoma polyp measuring 15 mm located in the rectum.
/workspace/igho/video_695_rango_30600_33840/frames_selected/frame_32804.png,This is a colonoscopy frame from a patient with a sessile adenoma polyp measuring 4 mm located in the sigmoid colon.
/workspace/igho/video_695_rango_30600_33840/frames_selected/frame_32805.png,This is a colonoscopy frame from a patient with no polyps.
/workspace/igho/video_695_rango_30600_33840/frames_selected/frame_32806.png,This is a colonoscopy frame from a patient with no polyps.
/workspace/igho/video_695_rango_30600_33840/frames_selected/frame_32807.png,This is a colonoscopy frame from a patient with no polyps.
/workspace/igho/video_695_rango_30600_33840/frames_selected/frame_32808.png,This is a colonoscopy frame from a patient with a sessile adenoma polyp measuring 4 mm located in the rectum.
/workspace/igho/video_695_rango_30600_33840/frames_selected/frame_32809.png,This is a colonoscopy frame from a patient with a sessile adenoma polyp measuring 4 mm located in the rectum.
/workspace/igho/video_695_rango_30600_33840/frames_selected/frame_32810.png,This is a colonoscopy frame from a patient with a flat elevated mucosal adenoma polyp measuring 15 mm located in the rectum.
/workspace/igho/video_695_rango_30600_33840/frames_selected/frame_32811.png,This is a colonoscopy frame from a patient with a flat elevated mucosal adenoma polyp measuring 15 mm located in the rectum.
/workspace/igho/video_695_rango_30600_33840/frames_selected/frame_32812.png,This is a colonoscopy frame from a patient with a flat elevated mucosal adenoma polyp measuring 15 mm located in the rectum.
/workspace/igho/video_695_rango_30600_33840/frames_selected/frame_32813.png,This is a colonoscopy frame from a patient with no polyps.
/workspace/igho/video_695_rango_30600_33840/frames_selected/frame_32814.png,This is a colonoscopy frame from a patient with a sessile adenoma polyp measuring 4 mm located in the rectum.
/workspace/igho/video_695_rango_30600_33840/frames_selected/frame_32815.png,This is a colonoscopy frame from a patient with a sessile adenoma polyp measuring 4 mm located in the rectum.
/workspace/igho/video_695_rango_30600_33840/frames_selected/frame_32816.png,This is a colonoscopy frame from a patient with a sessile adenoma polyp measuring 4 mm located in the rectum.
/workspace/igho/video_695_rango_30600_33840/frames_selected/frame_32817.png,This is a colonoscopy frame from a patient with a sessile adenoma polyp measuring 4 mm located in the sigmoid colon.
/workspace/igho/video_695_rango_30600_33840/frames_selected/frame_32818.png,This is a colonoscopy frame from a patient with a sessile adenoma polyp measuring 4 mm located in the sigmoid colon.
/workspace/igho/video_695_rango_30600_33840/frames_selected/frame_32819.png,This is a colonoscopy frame from a patient with a flat elevated mucosal adenoma polyp measuring 15 mm located in the rectum.
/workspace/igho/video_695_rango_30600_33840/frames_selected/frame_32820.png,This is a colonoscopy frame from a patient with a flat elevated mucosal adenoma polyp measuring 15 mm located in the rectum.
/workspace/igho/video_695_rango_30600_33840/frames_selected/frame_32821.png,This is a colonoscopy frame from a patient with a flat elevated mucosal adenoma polyp measuring 15 mm located in the rectum.
/workspace/igho/video_695_rango_30600_33840/frames_selected/frame_32822.png,This is a colonoscopy frame from a patient with a sessile adenoma polyp measuring 4 mm located in the rectum.
/workspace/igho/video_695_rango_30600_33840/frames_selected/frame_32823.png,This is a colonoscopy frame from a patient with a flat elevated mucosal adenoma polyp measuring 15 mm located in the rectum.
/workspace/igho/video_695_rango_30600_33840/frames_selected/frame_32824.png,This is a colonoscopy frame from a patient with a flat elevated mucosal adenoma polyp measuring 15 mm located in the rectum.
/workspace/igho/video_695_rango_30600_33840/frames_selected/frame_32825.png,This is a colonoscopy frame from a patient with a sessile adenoma polyp measuring 4 mm located in the sigmoid colon.
/workspace/igho/video_695_rango_30600_33840/frames_selected/frame_32826.png,This is a colonoscopy frame from a patient with a flat elevated mucosal adenoma polyp measuring 15 mm located in the rectum.
/workspace/igho/video_695_rango_30600_33840/frames_selected/frame_32827.png,This is a colonoscopy frame from a patient with a flat elevated mucosal adenoma polyp measuring 15 mm located in the rectum.
/workspace/igho/video_695_rango_30600_33840/frames_selected/frame_32828.png,This is a colonoscopy frame from a patient with a flat elevated mucosal adenoma polyp measuring 15 mm located in the rectum.
/workspace/igho/video_695_rango_30600_33840/frames_selected/frame_32829.png,This is a colonoscopy frame from a patient with a flat elevated mucosal adenoma polyp measuring 15 mm located in the rectum.
/workspace/igho/video_695_rango_30600_33840/frames_selected/frame_32830.png,This is a colonoscopy frame from a patient with a flat elevated mucosal adenoma polyp measuring 15 mm located in the rectum.
/workspace/igho/video_695_rango_30600_33840/frames_selected/frame_32831.png,This is a colonoscopy frame from a patient with a flat elevated mucosal adenoma polyp measuring 15 mm located in the rectum.
/workspace/igho/video_695_rango_30600_33840/frames_selected/frame_32832.png,This is a colonoscopy frame from a patient with a sessile adenoma polyp measuring 4 mm located in the rectum.
/workspace/igho/video_695_rango_30600_33840/frames_selected/frame_32833.png,This is a colonoscopy frame from a patient with a sessile adenoma polyp measuring 4 mm located in the rectum.
/workspace/igho/video_695_rango_30600_33840/frames_selected/frame_32834.png,This is a colonoscopy frame from a patient with a flat elevated mucosal adenoma polyp measuring 15 mm located in the rectum.
/workspace/igho/video_695_rango_30600_33840/frames_selected/frame_32835.png,This is a colonoscopy frame from a patient with a sessile adenoma polyp measuring 4 mm located in the sigmoid colon.
/workspace/igho/video_695_rango_30600_33840/frames_selected/frame_32836.png,This is a colonoscopy frame from a patient with a sessile adenoma polyp measuring 4 mm located in the sigmoid colon.
/workspace/igho/video_695_rango_30600_33840/frames_selected/frame_32837.png,This is a colonoscopy frame from a patient with a flat elevated mucosal adenoma polyp measuring 15 mm located in the rectum.
/workspace/igho/video_695_rango_30600_33840/frames_selected/frame_32838.png,This is a colonoscopy frame from a patient with a flat elevated mucosal adenoma polyp measuring 15 mm located in the rectum.
/workspace/igho/video_695_rango_30600_33840/frames_selected/frame_32839.png,This is a colonoscopy frame from a patient with a flat elevated mucosal adenoma polyp measuring 15 mm located in the rectum.
/workspace/igho/video_695_rango_30600_33840/frames_selected/frame_32840.png,This is a colonoscopy frame from a patient with a sessile adenoma polyp measuring 4 mm located in the rectum.
/workspace/igho/video_695_rango_30600_33840/frames_selected/frame_32841.png,This is a colonoscopy frame from a patient with a flat elevated mucosal adenoma polyp measuring 15 mm located in the rectum.
/workspace/igho/video_695_rango_30600_33840/frames_selected/frame_32842.png,This is a colonoscopy frame from a patient with a flat elevated mucosal adenoma polyp measuring 15 mm located in the rectum.
/workspace/igho/video_695_rango_30600_33840/frames_selected/frame_32843.png,This is a colonoscopy frame from a patient with a sessile adenoma polyp measuring 4 mm located in the sigmoid colon.
/workspace/igho/video_695_rango_30600_33840/frames_selected/frame_32844.png,This is a colonoscopy frame from a patient with a flat elevated mucosal adenoma polyp measuring 15 mm located in the rectum.
/workspace/igho/video_695_rango_30600_33840/frames_selected/frame_32845.png,This is a colonoscopy frame from a patient with a flat elevated mucosal adenoma polyp measuring 15 mm located in the rectum.
/workspace/igho/video_695_rango_30600_33840/frames_selected/frame_32846.png,This is a colonoscopy frame from a patient with a flat elevated mucosal adenoma polyp measuring 15 mm located in the rectum.
/workspace/igho/video_695_rango_30600_33840/frames_selected/frame_32847.png,This is a colonoscopy frame from a patient with a flat elevated mucosal adenoma polyp measuring 15 mm located in the rectum.
/workspace/igho/video_695_rango_30600_33840/frames_selected/frame_32848.png,This is a colonoscopy frame from a patient with a flat elevated mucosal adenoma polyp measuring 15 mm located in the rectum.
/workspace/igho/video_695_rango_30600_33840/frames_selected/frame_32849.png,This is a colonoscopy frame from a patient with a flat elevated mucosal adenoma polyp measuring 15 mm located in the rectum.
/workspace/igho/video_695_rango_30600_33840/frames_selected/frame_32850.png,This is a colonoscopy frame from a patient with a flat elevated mucosal adenoma polyp measuring 15 mm located in the rectum.
/workspace/igho/video_695_rango_30600_33840/frames_selected/frame_32851.png,This is a colonoscopy frame from a patient with a flat elevated mucosal adenoma polyp measuring 15 mm located in the rectum.
/workspace/igho/video_695_rango_30600_33840/frames_selected/frame_32852.png,This is a colonoscopy frame from a patient with a flat elevated mucosal adenoma polyp measuring 15 mm located in the rectum.
/workspace/igho/video_695_rango_30600_33840/frames_selected/frame_32853.png,This is a colonoscopy frame from a patient with a sessile adenoma polyp measuring 4 mm located in the rectum.
/workspace/igho/video_695_rango_30600_33840/frames_selected/frame_32854.png,This is a colonoscopy frame from a patient with a sessile adenoma polyp measuring 4 mm located in the rectum.
/workspace/igho/video_695_rango_30600_33840/frames_selected/frame_32855.png,This is a colonoscopy frame from a patient with a flat elevated mucosal adenoma polyp measuring 15 mm located in the rectum.
/workspace/igho/video_695_rango_30600_33840/frames_selected/frame_32856.png,This is a colonoscopy frame from a patient with a sessile adenoma polyp measuring 4 mm located in the sigmoid colon.
/workspace/igho/video_695_rango_30600_33840/frames_selected/frame_32857.png,This is a colonoscopy frame from a patient with a sessile adenoma polyp measuring 4 mm located in the sigmoid colon.
/workspace/igho/video_695_rango_30600_33840/frames_selected/frame_32858.png,This is a colonoscopy frame from a patient with a flat elevated mucosal adenoma polyp measuring 15 mm located in the rectum.
/workspace/igho/video_695_rango_30600_33840/frames_selected/frame_32859.png,This is a colonoscopy frame from a patient with a sessile adenoma polyp measuring 4 mm located in the rectum.
/workspace/igho/video_695_rango_30600_33840/frames_selected/frame_32860.png,This is a colonoscopy frame from a patient with a sessile adenoma polyp measuring 4 mm located in the rectum.
/workspace/igho/video_695_rango_30600_33840/frames_selected/frame_32861.png,This is a colonoscopy frame from a patient with a sessile adenoma polyp measuring 4 mm located in the rectum.
/workspace/igho/video_695_rango_30600_33840/frames_selected/frame_32862.png,This is a colonoscopy frame from a patient with a sessile adenoma polyp measuring 4 mm located in the sigmoid colon.
/workspace/igho/video_695_rango_30600_33840/frames_selected/frame_32863.png,This is a colonoscopy frame from a patient with a sessile adenoma polyp measuring 4 mm located in the sigmoid colon.
/workspace/igho/video_695_rango_30600_33840/frames_selected/frame_32864.png,This is a colonoscopy frame from a patient with a sessile adenoma polyp measuring 4 mm located in the sigmoid colon.
/workspace/igho/video_695_rango_30600_33840/frames_selected/frame_32865.png,This is a colonoscopy frame from a patient with a sessile adenoma polyp measuring 4 mm located in the sigmoid colon.
/workspace/igho/video_695_rango_30600_33840/frames_selected/frame_32866.png,This is a colonoscopy frame from a patient with a sessile adenoma polyp measuring 4 mm located in the sigmoid colon.
/workspace/igho/video_695_rango_30600_33840/frames_selected/frame_32867.png,This is a colonoscopy frame from a patient with a sessile adenoma polyp measuring 4 mm located in the rectum.
/workspace/igho/video_695_rango_30600_33840/frames_selected/frame_32868.png,This is a colonoscopy frame from a patient with no polyps.
/workspace/igho/video_695_rango_30600_33840/frames_selected/frame_32869.png,This is a colonoscopy frame from a patient with no polyps.
/workspace/igho/video_695_rango_30600_33840/frames_selected/frame_32870.png,This is a colonoscopy frame from a patient with a sessile adenoma polyp measuring 4 mm located in the sigmoid colon.
/workspace/igho/video_695_rango_30600_33840/frames_selected/frame_32871.png,This is a colonoscopy frame from a patient with no polyps.
/workspace/igho/video_695_rango_30600_33840/frames_selected/frame_32872.png,This is a colonoscopy frame from a patient with no polyps.
/workspace/igho/video_695_rango_30600_33840/frames_selected/frame_32873.png,This is a colonoscopy frame from a patient with a sessile adenoma polyp measuring 4 mm located in the sigmoid colon.
/workspace/igho/video_695_rango_30600_33840/frames_selected/frame_32874.png,This is a colonoscopy frame from a patient with a sessile adenoma polyp measuring 4 mm located in the sigmoid colon.
/workspace/igho/video_695_rango_30600_33840/frames_selected/frame_32875.png,This is a colonoscopy frame from a patient with a sessile adenoma polyp measuring 4 mm located in the sigmoid colon.
/workspace/igho/video_695_rango_30600_33840/frames_selected/frame_32876.png,This is a colonoscopy frame from a patient with no polyps.
/workspace/igho/video_695_rango_30600_33840/frames_selected/frame_32877.png,This is a colonoscopy frame from a patient with a sessile adenoma polyp measuring 4 mm located in the sigmoid colon.
/workspace/igho/video_695_rango_30600_33840/frames_selected/frame_32878.png,This is a colonoscopy frame from a patient with a sessile adenoma polyp measuring 4 mm located in the sigmoid colon.
/workspace/igho/video_695_rango_30600_33840/frames_selected/frame_32879.png,This is a colonoscopy frame from a patient with no polyps.
/workspace/igho/video_695_rango_30600_33840/frames_selected/frame_32880.png,This is a colonoscopy frame from a patient with a sessile adenoma polyp measuring 4 mm located in the sigmoid colon.
/workspace/igho/video_695_rango_30600_33840/frames_selected/frame_32881.png,This is a colonoscopy frame from a patient with a sessile adenoma polyp measuring 4 mm located in the sigmoid colon.
/workspace/igho/video_695_rango_30600_33840/frames_selected/frame_32882.png,This is a colonoscopy frame from a patient with a sessile adenoma polyp measuring 4 mm located in the sigmoid colon.
/workspace/igho/video_695_rango_30600_33840/frames_selected/frame_32883.png,This is a colonoscopy frame from a patient with no polyps.
/workspace/igho/video_695_rango_30600_33840/frames_selected/frame_32884.png,This is a colonoscopy frame from a patient with no polyps.
/workspace/igho/video_695_rango_30600_33840/frames_selected/frame_32885.png,This is a colonoscopy frame from a patient with a sessile adenoma polyp measuring 4 mm located in the sigmoid colon.
/workspace/igho/video_695_rango_30600_33840/frames_selected/frame_32886.png,This is a colonoscopy frame from a patient with no polyps.
/workspace/igho/video_695_rango_30600_33840/frames_selected/frame_32887.png,This is a colonoscopy frame from a patient with no polyps.
/workspace/igho/video_695_rango_30600_33840/frames_selected/frame_32888.png,This is a colonoscopy frame from a patient with a sessile adenoma polyp measuring 4 mm located in the sigmoid colon.
/workspace/igho/video_695_rango_30600_33840/frames_selected/frame_32889.png,This is a colonoscopy frame from a patient with no polyps.
/workspace/igho/video_695_rango_30600_33840/frames_selected/frame_32890.png,This is a colonoscopy frame from a patient with no polyps.
/workspace/igho/video_695_rango_30600_33840/frames_selected/frame_32891.png,This is a colonoscopy frame from a patient with no polyps.
/workspace/igho/video_695_rango_30600_33840/frames_selected/frame_32892.png,This is a colonoscopy frame from a patient with no polyps.
/workspace/igho/video_695_rango_30600_33840/frames_selected/frame_32893.png,This is a colonoscopy frame from a patient with no polyps.
/workspace/igho/video_695_rango_30600_33840/frames_selected/frame_32894.png,This is a colonoscopy frame from a patient with no polyps.
/workspace/igho/video_695_rango_30600_33840/frames_selected/frame_32895.png,This is a colonoscopy frame from a patient with a sessile adenoma polyp measuring 4 mm located in the sigmoid colon.
/workspace/igho/video_695_rango_30600_33840/frames_selected/frame_32896.png,This is a colonoscopy frame from a patient with a sessile adenoma polyp measuring 4 mm located in the sigmoid colon.
/workspace/igho/video_695_rango_30600_33840/frames_selected/frame_32897.png,This is a colonoscopy frame from a patient with no polyps.
/workspace/igho/video_695_rango_30600_33840/frames_selected/frame_32898.png,This is a colonoscopy frame from a patient with a sessile adenoma polyp measuring 7 mm located in the sigmoid colon.
/workspace/igho/video_695_rango_30600_33840/frames_selected/frame_32899.png,This is a colonoscopy frame from a patient with a sessile adenoma polyp measuring 7 mm located in the sigmoid colon.
/workspace/igho/video_695_rango_30600_33840/frames_selected/frame_32900.png,This is a colonoscopy frame from a patient with no polyps.
/workspace/igho/video_695_rango_30600_33840/frames_selected/frame_32901.png,This is a colonoscopy frame from a patient with no polyps.
/workspace/igho/video_695_rango_30600_33840/frames_selected/frame_32902.png,This is a colonoscopy frame from a patient with no polyps.
/workspace/igho/video_695_rango_30600_33840/frames_selected/frame_32903.png,This is a colonoscopy frame from a patient with a sessile adenoma polyp measuring 4 mm located in the sigmoid colon.
/workspace/igho/video_695_rango_30600_33840/frames_selected/frame_32904.png,This is a colonoscopy frame from a patient with no polyps.
/workspace/igho/video_695_rango_30600_33840/frames_selected/frame_32905.png,This is a colonoscopy frame from a patient with no polyps.
/workspace/igho/video_695_rango_30600_33840/frames_selected/frame_32906.png,This is a colonoscopy frame from a patient with a sessile adenoma polyp measuring 7 mm located in the sigmoid colon.
/workspace/igho/video_695_rango_30600_33840/frames_selected/frame_32907.png,This is a colonoscopy frame from a patient with no polyps.
/workspace/igho/video_695_rango_30600_33840/frames_selected/frame_32908.png,This is a colonoscopy frame from a patient with no polyps.
/workspace/igho/video_695_rango_30600_33840/frames_selected/frame_32909.png,This is a colonoscopy frame from a patient with no polyps.
/workspace/igho/video_695_rango_30600_33840/frames_selected/frame_32910.png,This is a colonoscopy frame from a patient with a sessile adenoma polyp measuring 4 mm located in the sigmoid colon.
/workspace/igho/video_695_rango_30600_33840/frames_selected/frame_32911.png,This is a colonoscopy frame from a patient with a sessile adenoma polyp measuring 4 mm located in the sigmoid colon.
/workspace/igho/video_695_rango_30600_33840/frames_selected/frame_32912.png,This is a colonoscopy frame from a patient with no polyps.
/workspace/igho/video_695_rango_30600_33840/frames_selected/frame_32913.png,This is a colonoscopy frame from a patient with a sessile adenoma polyp measuring 4 mm located in the sigmoid colon.
/workspace/igho/video_695_rango_30600_33840/frames_selected/frame_32914.png,This is a colonoscopy frame from a patient with a sessile adenoma polyp measuring 4 mm located in the sigmoid colon.
/workspace/igho/video_695_rango_30600_33840/frames_selected/frame_32915.png,This is a colonoscopy frame from a patient with no polyps.
/workspace/igho/video_695_rango_30600_33840/frames_selected/frame_32916.png,This is a colonoscopy frame from a patient with a sessile adenoma polyp measuring 4 mm located in the sigmoid colon.
/workspace/igho/video_695_rango_30600_33840/frames_selected/frame_32917.png,This is a colonoscopy frame from a patient with a sessile adenoma polyp measuring 4 mm located in the sigmoid colon.
/workspace/igho/video_695_rango_30600_33840/frames_selected/frame_32918.png,This is a colonoscopy frame from a patient with a sessile adenoma polyp measuring 4 mm located in the sigmoid colon.
/workspace/igho/video_695_rango_30600_33840/frames_selected/frame_32919.png,This is a colonoscopy frame from a patient with a sessile adenoma polyp measuring 4 mm located in the sigmoid colon.
/workspace/igho/video_695_rango_30600_33840/frames_selected/frame_32920.png,This is a colonoscopy frame from a patient with a sessile adenoma polyp measuring 4 mm located in the sigmoid colon.
/workspace/igho/video_695_rango_30600_33840/frames_selected/frame_32921.png,This is a colonoscopy frame from a patient with a sessile adenoma polyp measuring 4 mm located in the sigmoid colon.
/workspace/igho/video_695_rango_30600_33840/frames_selected/frame_32922.png,This is a colonoscopy frame from a patient with a sessile adenoma polyp measuring 4 mm located in the sigmoid colon.
/workspace/igho/video_695_rango_30600_33840/frames_selected/frame_32923.png,This is a colonoscopy frame from a patient with a sessile adenoma polyp measuring 4 mm located in the sigmoid colon.
/workspace/igho/video_695_rango_30600_33840/frames_selected/frame_32924.png,This is a colonoscopy frame from a patient with a sessile adenoma polyp measuring 4 mm located in the sigmoid colon.
/workspace/igho/video_695_rango_30600_33840/frames_selected/frame_32925.png,This is a colonoscopy frame from a patient with a sessile adenoma polyp measuring 4 mm located in the sigmoid colon.
/workspace/igho/video_695_rango_30600_33840/frames_selected/frame_32926.png,This is a colonoscopy frame from a patient with a sessile adenoma polyp measuring 4 mm located in the sigmoid colon.
/workspace/igho/video_695_rango_30600_33840/frames_selected/frame_32927.png,This is a colonoscopy frame from a patient with a sessile adenoma polyp measuring 4 mm located in the sigmoid colon.
/workspace/igho/video_695_rango_30600_33840/frames_selected/frame_32928.png,This is a colonoscopy frame from a patient with no polyps.
/workspace/igho/video_695_rango_30600_33840/frames_selected/frame_32929.png,This is a colonoscopy frame from a patient with no polyps.
/workspace/igho/video_695_rango_30600_33840/frames_selected/frame_32930.png,This is a colonoscopy frame from a patient with a sessile adenoma polyp measuring 4 mm located in the sigmoid colon.
/workspace/igho/video_695_rango_30600_33840/frames_selected/frame_32931.png,This is a colonoscopy frame from a patient with no polyps.
/workspace/igho/video_695_rango_30600_33840/frames_selected/frame_32932.png,This is a colonoscopy frame from a patient with no polyps.
/workspace/igho/video_695_rango_30600_33840/frames_selected/frame_32933.png,This is a colonoscopy frame from a patient with a sessile adenoma polyp measuring 4 mm located in the sigmoid colon.
/workspace/igho/video_695_rango_30600_33840/frames_selected/frame_32934.png,This is a colonoscopy frame from a patient with no polyps.
/workspace/igho/video_695_rango_30600_33840/frames_selected/frame_32935.png,This is a colonoscopy frame from a patient with no polyps.
/workspace/igho/video_695_rango_30600_33840/frames_selected/frame_32936.png,This is a colonoscopy frame from a patient with no polyps.
/workspace/igho/video_695_rango_30600_33840/frames_selected/frame_32937.png,This is a colonoscopy frame from a patient with no polyps.
/workspace/igho/video_695_rango_30600_33840/frames_selected/frame_32938.png,This is a colonoscopy frame from a patient with no polyps.
/workspace/igho/video_695_rango_30600_33840/frames_selected/frame_32939.png,This is a colonoscopy frame from a patient with no polyps.
/workspace/igho/video_695_rango_30600_33840/frames_selected/frame_32940.png,This is a colonoscopy frame from a patient with no polyps.
/workspace/igho/video_695_rango_30600_33840/frames_selected/frame_32941.png,This is a colonoscopy frame from a patient with no polyps.
/workspace/igho/video_695_rango_30600_33840/frames_selected/frame_32942.png,This is a colonoscopy frame from a patient with no polyps.
/workspace/igho/video_695_rango_30600_33840/frames_selected/frame_32943.png,This is a colonoscopy frame from a patient with no polyps.
/workspace/igho/video_695_rango_30600_33840/frames_selected/frame_32944.png,This is a colonoscopy frame from a patient with no polyps.
/workspace/igho/video_695_rango_30600_33840/frames_selected/frame_32945.png,This is a colonoscopy frame from a patient with no polyps.
/workspace/igho/video_695_rango_30600_33840/frames_selected/frame_32946.png,This is a colonoscopy frame from a patient with a sessile adenoma polyp measuring 4 mm located in the sigmoid colon.
/workspace/igho/video_695_rango_30600_33840/frames_selected/frame_32947.png,This is a colonoscopy frame from a patient with a sessile adenoma polyp measuring 4 mm located in the sigmoid colon.
/workspace/igho/video_695_rango_30600_33840/frames_selected/frame_32948.png,This is a colonoscopy frame from a patient with no polyps.
/workspace/igho/video_695_rango_30600_33840/frames_selected/frame_32949.png,This is a colonoscopy frame from a patient with a sessile adenoma polyp measuring 4 mm located in the sigmoid colon.
/workspace/igho/video_695_rango_30600_33840/frames_selected/frame_32950.png,This is a colonoscopy frame from a patient with a sessile adenoma polyp measuring 4 mm located in the sigmoid colon.
/workspace/igho/video_695_rango_30600_33840/frames_selected/frame_32951.png,This is a colonoscopy frame from a patient with no polyps.
/workspace/igho/video_695_rango_30600_33840/frames_selected/frame_32952.png,This is a colonoscopy frame from a patient with a sessile adenoma polyp measuring 4 mm located in the sigmoid colon.
/workspace/igho/video_695_rango_30600_33840/frames_selected/frame_32953.png,This is a colonoscopy frame from a patient with a sessile adenoma polyp measuring 4 mm located in the sigmoid colon.
/workspace/igho/video_695_rango_30600_33840/frames_selected/frame_32954.png,This is a colonoscopy frame from a patient with a sessile adenoma polyp measuring 4 mm located in the sigmoid colon.
/workspace/igho/video_695_rango_30600_33840/frames_selected/frame_32955.png,This is a colonoscopy frame from a patient with a sessile adenoma polyp measuring 4 mm located in the sigmoid colon.
/workspace/igho/video_695_rango_30600_33840/frames_selected/frame_32956.png,This is a colonoscopy frame from a patient with a sessile adenoma polyp measuring 4 mm located in the sigmoid colon.
/workspace/igho/video_695_rango_30600_33840/frames_selected/frame_32957.png,This is a colonoscopy frame from a patient with a sessile adenoma polyp measuring 4 mm located in the sigmoid colon.
/workspace/igho/video_695_rango_30600_33840/frames_selected/frame_32958.png,This is a colonoscopy frame from a patient with a sessile adenoma polyp measuring 4 mm located in the sigmoid colon.
/workspace/igho/video_695_rango_30600_33840/frames_selected/frame_32959.png,This is a colonoscopy frame from a patient with a sessile adenoma polyp measuring 4 mm located in the sigmoid colon.
/workspace/igho/video_695_rango_30600_33840/frames_selected/frame_32960.png,This is a colonoscopy frame from a patient with a sessile adenoma polyp measuring 4 mm located in the sigmoid colon.
/workspace/igho/video_695_rango_30600_33840/frames_selected/frame_32961.png,This is a colonoscopy frame from a patient with a sessile adenoma polyp measuring 4 mm located in the sigmoid colon.
/workspace/igho/video_695_rango_30600_33840/frames_selected/frame_32962.png,This is a colonoscopy frame from a patient with a sessile adenoma polyp measuring 4 mm located in the sigmoid colon.
/workspace/igho/video_695_rango_30600_33840/frames_selected/frame_32963.png,This is a colonoscopy frame from a patient with a sessile adenoma polyp measuring 4 mm located in the sigmoid colon.
/workspace/igho/video_695_rango_30600_33840/frames_selected/frame_32964.png,This is a colonoscopy frame from a patient with a sessile adenoma polyp measuring 6 mm located in the sigmoid colon.
/workspace/igho/video_695_rango_30600_33840/frames_selected/frame_32965.png,This is a colonoscopy frame from a patient with a sessile adenoma polyp measuring 6 mm located in the sigmoid colon.
/workspace/igho/video_695_rango_30600_33840/frames_selected/frame_32966.png,This is a colonoscopy frame from a patient with a sessile adenoma polyp measuring 4 mm located in the sigmoid colon.
/workspace/igho/video_695_rango_30600_33840/frames_selected/frame_32967.png,This is a colonoscopy frame from a patient with a sessile adenoma polyp measuring 6 mm located in the sigmoid colon.
/workspace/igho/video_695_rango_30600_33840/frames_selected/frame_32968.png,This is a colonoscopy frame from a patient with a sessile adenoma polyp measuring 6 mm located in the sigmoid colon.
/workspace/igho/video_695_rango_30600_33840/frames_selected/frame_32969.png,This is a colonoscopy frame from a patient with a sessile adenoma polyp measuring 4 mm located in the sigmoid colon.
/workspace/igho/video_695_rango_30600_33840/frames_selected/frame_32970.png,This is a colonoscopy frame from a patient with a sessile adenoma polyp measuring 4 mm located in the sigmoid colon.
/workspace/igho/video_695_rango_30600_33840/frames_selected/frame_32971.png,This is a colonoscopy frame from a patient with a sessile adenoma polyp measuring 4 mm located in the sigmoid colon.
/workspace/igho/video_695_rango_30600_33840/frames_selected/frame_32972.png,This is a colonoscopy frame from a patient with a sessile adenoma polyp measuring 6 mm located in the sigmoid colon.
/workspace/igho/video_695_rango_30600_33840/frames_selected/frame_32973.png,This is a colonoscopy frame from a patient with no polyps.
/workspace/igho/video_695_rango_30600_33840/frames_selected/frame_32974.png,This is a colonoscopy frame from a patient with no polyps.
/workspace/igho/video_695_rango_30600_33840/frames_selected/frame_32975.png,This is a colonoscopy frame from a patient with a sessile adenoma polyp measuring 6 mm located in the sigmoid colon.
/workspace/igho/video_695_rango_30600_33840/frames_selected/frame_32976.png,This is a colonoscopy frame from a patient with a sessile adenoma polyp measuring 4 mm located in the sigmoid colon.
/workspace/igho/video_695_rango_30600_33840/frames_selected/frame_32977.png,This is a colonoscopy frame from a patient with a sessile adenoma polyp measuring 4 mm located in the sigmoid colon.
/workspace/igho/video_695_rango_30600_33840/frames_selected/frame_32978.png,This is a colonoscopy frame from a patient with a sessile adenoma polyp measuring 4 mm located in the sigmoid colon.
/workspace/igho/video_695_rango_30600_33840/frames_selected/frame_32979.png,This is a colonoscopy frame from a patient with no polyps.
/workspace/igho/video_695_rango_30600_33840/frames_selected/frame_32980.png,This is a colonoscopy frame from a patient with no polyps.
/workspace/igho/video_695_rango_30600_33840/frames_selected/frame_32981.png,This is a colonoscopy frame from a patient with no polyps.
/workspace/igho/video_695_rango_30600_33840/frames_selected/frame_32982.png,This is a colonoscopy frame from a patient with no polyps.
/workspace/igho/video_695_rango_30600_33840/frames_selected/frame_32983.png,This is a colonoscopy frame from a patient with no polyps.
/workspace/igho/video_695_rango_30600_33840/frames_selected/frame_32984.png,This is a colonoscopy frame from a patient with a sessile adenoma polyp measuring 4 mm located in the sigmoid colon.
/workspace/igho/video_695_rango_30600_33840/frames_selected/frame_32985.png,This is a colonoscopy frame from a patient with no polyps.
/workspace/igho/video_695_rango_30600_33840/frames_selected/frame_32986.png,This is a colonoscopy frame from a patient with no polyps.
/workspace/igho/video_695_rango_30600_33840/frames_selected/frame_32987.png,This is a colonoscopy frame from a patient with no polyps.
/workspace/igho/video_695_rango_30600_33840/frames_selected/frame_32988.png,This is a colonoscopy frame from a patient with a sessile adenoma polyp measuring 4 mm located in the sigmoid colon.
/workspace/igho/video_695_rango_30600_33840/frames_selected/frame_32989.png,This is a colonoscopy frame from a patient with a sessile adenoma polyp measuring 4 mm located in the sigmoid colon.
/workspace/igho/video_695_rango_30600_33840/frames_selected/frame_32990.png,This is a colonoscopy frame from a patient with no polyps.
/workspace/igho/video_695_rango_30600_33840/frames_selected/frame_32991.png,This is a colonoscopy frame from a patient with a sessile adenoma polyp measuring 4 mm located in the sigmoid colon.
/workspace/igho/video_695_rango_30600_33840/frames_selected/frame_32992.png,This is a colonoscopy frame from a patient with a sessile adenoma polyp measuring 4 mm located in the sigmoid colon.
/workspace/igho/video_695_rango_30600_33840/frames_selected/frame_32993.png,This is a colonoscopy frame from a patient with no polyps.
/workspace/igho/video_695_rango_30600_33840/frames_selected/frame_32994.png,This is a colonoscopy frame from a patient with a sessile adenoma polyp measuring 4 mm located in the sigmoid colon.
/workspace/igho/video_695_rango_30600_33840/frames_selected/frame_32995.png,This is a colonoscopy frame from a patient with a sessile adenoma polyp measuring 4 mm located in the sigmoid colon.
/workspace/igho/video_695_rango_30600_33840/frames_selected/frame_32996.png,This is a colonoscopy frame from a patient with a sessile adenoma polyp measuring 4 mm located in the sigmoid colon.
/workspace/igho/video_695_rango_30600_33840/frames_selected/frame_32997.png,This is a colonoscopy frame from a patient with no polyps.
/workspace/igho/video_695_rango_30600_33840/frames_selected/frame_32998.png,This is a colonoscopy frame from a patient with no polyps.
/workspace/igho/video_695_rango_30600_33840/frames_selected/frame_32999.png,This is a colonoscopy frame from a patient with a sessile adenoma polyp measuring 4 mm located in the sigmoid colon.
/workspace/igho/video_695_rango_30600_33840/frames_selected/frame_33000.png,This is a colonoscopy frame from a patient with no polyps.
/workspace/igho/video_695_rango_30600_33840/frames_selected/frame_33001.png,This is a colonoscopy frame from a patient with no polyps.
/workspace/igho/video_695_rango_30600_33840/frames_selected/frame_33002.png,This is a colonoscopy frame from a patient with a sessile adenoma polyp measuring 4 mm located in the sigmoid colon.
/workspace/igho/video_695_rango_30600_33840/frames_selected/frame_33003.png,This is a colonoscopy frame from a patient with no polyps.
/workspace/igho/video_695_rango_30600_33840/frames_selected/frame_33004.png,This is a colonoscopy frame from a patient with no polyps.
/workspace/igho/video_695_rango_30600_33840/frames_selected/frame_33005.png,This is a colonoscopy frame from a patient with no polyps.
/workspace/igho/video_695_rango_30600_33840/frames_selected/frame_33006.png,This is a colonoscopy frame from a patient with no polyps.
/workspace/igho/video_695_rango_30600_33840/frames_selected/frame_33007.png,This is a colonoscopy frame from a patient with no polyps.
/workspace/igho/video_695_rango_30600_33840/frames_selected/frame_33008.png,This is a colonoscopy frame from a patient with no polyps.
/workspace/igho/video_695_rango_30600_33840/frames_selected/frame_33009.png,This is a colonoscopy frame from a patient with no polyps.
/workspace/igho/video_695_rango_30600_33840/frames_selected/frame_33010.png,This is a colonoscopy frame from a patient with no polyps.
/workspace/igho/video_695_rango_30600_33840/frames_selected/frame_33011.png,This is a colonoscopy frame from a patient with no polyps.
/workspace/igho/video_695_rango_30600_33840/frames_selected/frame_33012.png,This is a colonoscopy frame from a patient with no polyps.
/workspace/igho/video_695_rango_30600_33840/frames_selected/frame_33013.png,This is a colonoscopy frame from a patient with no polyps.
/workspace/igho/video_695_rango_30600_33840/frames_selected/frame_33014.png,This is a colonoscopy frame from a patient with no polyps.
/workspace/igho/video_695_rango_30600_33840/frames_selected/frame_33015.png,This is a colonoscopy frame from a patient with no polyps.
/workspace/igho/video_695_rango_30600_33840/frames_selected/frame_33016.png,This is a colonoscopy frame from a patient with no polyps.
/workspace/igho/video_695_rango_30600_33840/frames_selected/frame_33017.png,This is a colonoscopy frame from a patient with no polyps.
/workspace/igho/video_695_rango_30600_33840/frames_selected/frame_33018.png,This is a colonoscopy frame from a patient with no polyps.
/workspace/igho/video_695_rango_30600_33840/frames_selected/frame_33019.png,This is a colonoscopy frame from a patient with no polyps.
/workspace/igho/video_695_rango_30600_33840/frames_selected/frame_33020.png,This is a colonoscopy frame from a patient with no polyps.
/workspace/igho/video_695_rango_30600_33840/frames_selected/frame_33021.png,This is a colonoscopy frame from a patient with no polyps.
/workspace/igho/video_695_rango_30600_33840/frames_selected/frame_33022.png,This is a colonoscopy frame from a patient with no polyps.
/workspace/igho/video_695_rango_30600_33840/frames_selected/frame_33023.png,This is a colonoscopy frame from a patient with no polyps.
/workspace/igho/video_695_rango_30600_33840/frames_selected/frame_33024.png,This is a colonoscopy frame from a patient with no polyps.
/workspace/igho/video_695_rango_30600_33840/frames_selected/frame_33025.png,This is a colonoscopy frame from a patient with no polyps.
/workspace/igho/video_695_rango_30600_33840/frames_selected/frame_33026.png,This is a colonoscopy frame from a patient with no polyps.
/workspace/igho/video_695_rango_30600_33840/frames_selected/frame_33027.png,This is a colonoscopy frame from a patient with no polyps.
/workspace/igho/video_695_rango_30600_33840/frames_selected/frame_33028.png,This is a colonoscopy frame from a patient with no polyps.
/workspace/igho/video_695_rango_30600_33840/frames_selected/frame_33029.png,This is a colonoscopy frame from a patient with no polyps.
/workspace/igho/video_695_rango_30600_33840/frames_selected/frame_33030.png,This is a colonoscopy frame from a patient with no polyps.
/workspace/igho/video_695_rango_30600_33840/frames_selected/frame_33031.png,This is a colonoscopy frame from a patient with no polyps.
/workspace/igho/video_695_rango_30600_33840/frames_selected/frame_33032.png,This is a colonoscopy frame from a patient with no polyps.
/workspace/igho/video_695_rango_30600_33840/frames_selected/frame_33033.png,This is a colonoscopy frame from a patient with no polyps.
/workspace/igho/video_695_rango_30600_33840/frames_selected/frame_33034.png,This is a colonoscopy frame from a patient with no polyps.
/workspace/igho/video_695_rango_30600_33840/frames_selected/frame_33035.png,This is a colonoscopy frame from a patient with no polyps.
/workspace/igho/video_695_rango_30600_33840/frames_selected/frame_33036.png,This is a colonoscopy frame from a patient with no polyps.
/workspace/igho/video_695_rango_30600_33840/frames_selected/frame_33037.png,This is a colonoscopy frame from a patient with no polyps.
/workspace/igho/video_695_rango_30600_33840/frames_selected/frame_33038.png,This is a colonoscopy frame from a patient with no polyps.
/workspace/igho/video_695_rango_30600_33840/frames_selected/frame_33039.png,This is a colonoscopy frame from a patient with no polyps.
/workspace/igho/video_695_rango_30600_33840/frames_selected/frame_33040.png,This is a colonoscopy frame from a patient with no polyps.
/workspace/igho/video_695_rango_30600_33840/frames_selected/frame_33041.png,This is a colonoscopy frame from a patient with no polyps.
/workspace/igho/video_695_rango_30600_33840/frames_selected/frame_33042.png,This is a colonoscopy frame from a patient with no polyps.
/workspace/igho/video_695_rango_30600_33840/frames_selected/frame_33043.png,This is a colonoscopy frame from a patient with no polyps.
/workspace/igho/video_695_rango_30600_33840/frames_selected/frame_33044.png,This is a colonoscopy frame from a patient with no polyps.
/workspace/igho/video_695_rango_30600_33840/frames_selected/frame_33045.png,This is a colonoscopy frame from a patient with no polyps.
/workspace/igho/video_695_rango_30600_33840/frames_selected/frame_33046.png,This is a colonoscopy frame from a patient with no polyps.
/workspace/igho/video_695_rango_30600_33840/frames_selected/frame_33047.png,This is a colonoscopy frame from a patient with no polyps.
/workspace/igho/video_695_rango_30600_33840/frames_selected/frame_33048.png,This is a colonoscopy frame from a patient with a sessile adenoma polyp measuring 4 mm located in the sigmoid colon.
/workspace/igho/video_695_rango_30600_33840/frames_selected/frame_33049.png,This is a colonoscopy frame from a patient with a sessile adenoma polyp measuring 4 mm located in the sigmoid colon.
/workspace/igho/video_695_rango_30600_33840/frames_selected/frame_33050.png,This is a colonoscopy frame from a patient with no polyps.
/workspace/igho/video_695_rango_30600_33840/frames_selected/frame_33051.png,This is a colonoscopy frame from a patient with a sessile adenoma polyp measuring 4 mm located in the sigmoid colon.
/workspace/igho/video_695_rango_30600_33840/frames_selected/frame_33052.png,This is a colonoscopy frame from a patient with a sessile adenoma polyp measuring 4 mm located in the sigmoid colon.
/workspace/igho/video_695_rango_30600_33840/frames_selected/frame_33053.png,This is a colonoscopy frame from a patient with no polyps.
/workspace/igho/video_695_rango_30600_33840/frames_selected/frame_33054.png,This is a colonoscopy frame from a patient with a sessile adenoma polyp measuring 4 mm located in the sigmoid colon.
/workspace/igho/video_695_rango_30600_33840/frames_selected/frame_33055.png,This is a colonoscopy frame from a patient with a sessile adenoma polyp measuring 4 mm located in the sigmoid colon.
/workspace/igho/video_695_rango_30600_33840/frames_selected/frame_33056.png,This is a colonoscopy frame from a patient with a sessile adenoma polyp measuring 4 mm located in the sigmoid colon.
/workspace/igho/video_695_rango_30600_33840/frames_selected/frame_33057.png,This is a colonoscopy frame from a patient with a sessile adenoma polyp measuring 4 mm located in the sigmoid colon.
/workspace/igho/video_695_rango_30600_33840/frames_selected/frame_33058.png,This is a colonoscopy frame from a patient with a sessile adenoma polyp measuring 4 mm located in the sigmoid colon.
/workspace/igho/video_695_rango_30600_33840/frames_selected/frame_33059.png,This is a colonoscopy frame from a patient with a sessile adenoma polyp measuring 4 mm located in the sigmoid colon.
/workspace/igho/video_695_rango_30600_33840/frames_selected/frame_33060.png,This is a colonoscopy frame from a patient with a sessile adenoma polyp measuring 4 mm located in the sigmoid colon.
/workspace/igho/video_695_rango_30600_33840/frames_selected/frame_33061.png,This is a colonoscopy frame from a patient with a sessile adenoma polyp measuring 4 mm located in the sigmoid colon.
/workspace/igho/video_695_rango_30600_33840/frames_selected/frame_33062.png,This is a colonoscopy frame from a patient with a sessile adenoma polyp measuring 4 mm located in the sigmoid colon.
/workspace/igho/video_695_rango_30600_33840/frames_selected/frame_33063.png,This is a colonoscopy frame from a patient with no polyps.
/workspace/igho/video_695_rango_30600_33840/frames_selected/frame_33064.png,This is a colonoscopy frame from a patient with no polyps.
/workspace/igho/video_695_rango_30600_33840/frames_selected/frame_33065.png,This is a colonoscopy frame from a patient with a sessile adenoma polyp measuring 4 mm located in the sigmoid colon.
/workspace/igho/video_695_rango_30600_33840/frames_selected/frame_33066.png,This is a colonoscopy frame from a patient with a sessile adenoma polyp measuring 4 mm located in the sigmoid colon.
/workspace/igho/video_695_rango_30600_33840/frames_selected/frame_33067.png,This is a colonoscopy frame from a patient with a sessile adenoma polyp measuring 4 mm located in the sigmoid colon.
/workspace/igho/video_695_rango_30600_33840/frames_selected/frame_33068.png,This is a colonoscopy frame from a patient with a sessile adenoma polyp measuring 4 mm located in the sigmoid colon.
/workspace/igho/video_695_rango_30600_33840/frames_selected/frame_33069.png,This is a colonoscopy frame from a patient with no polyps.
/workspace/igho/video_695_rango_30600_33840/frames_selected/frame_33070.png,This is a colonoscopy frame from a patient with no polyps.
/workspace/igho/video_695_rango_30600_33840/frames_selected/frame_33071.png,This is a colonoscopy frame from a patient with no polyps.
/workspace/igho/video_695_rango_30600_33840/frames_selected/frame_33072.png,This is a colonoscopy frame from a patient with no polyps.
/workspace/igho/video_695_rango_30600_33840/frames_selected/frame_33073.png,This is a colonoscopy frame from a patient with no polyps.
/workspace/igho/video_695_rango_30600_33840/frames_selected/frame_33074.png,This is a colonoscopy frame from a patient with a sessile adenoma polyp measuring 4 mm located in the sigmoid colon.
/workspace/igho/video_695_rango_30600_33840/frames_selected/frame_33075.png,This is a colonoscopy frame from a patient with no polyps.
/workspace/igho/video_695_rango_30600_33840/frames_selected/frame_33076.png,This is a colonoscopy frame from a patient with no polyps.
/workspace/igho/video_695_rango_30600_33840/frames_selected/frame_33077.png,This is a colonoscopy frame from a patient with no polyps.
/workspace/igho/video_695_rango_30600_33840/frames_selected/frame_33078.png,This is a colonoscopy frame from a patient with no polyps.
/workspace/igho/video_695_rango_30600_33840/frames_selected/frame_33079.png,This is a colonoscopy frame from a patient with no polyps.
/workspace/igho/video_695_rango_30600_33840/frames_selected/frame_33080.png,This is a colonoscopy frame from a patient with no polyps.
/workspace/igho/video_695_rango_30600_33840/frames_selected/frame_33081.png,This is a colonoscopy frame from a patient with a flat elevated mucosal adenoma polyp measuring 3 mm located in the rectum.
/workspace/igho/video_695_rango_30600_33840/frames_selected/frame_33082.png,This is a colonoscopy frame from a patient with a flat elevated mucosal adenoma polyp measuring 3 mm located in the rectum.
/workspace/igho/video_695_rango_30600_33840/frames_selected/frame_33083.png,This is a colonoscopy frame from a patient with no polyps.
/workspace/igho/video_695_rango_30600_33840/frames_selected/frame_33084.png,This is a colonoscopy frame from a patient with a sessile adenoma polyp measuring 5 mm located in the rectum.
/workspace/igho/video_695_rango_30600_33840/frames_selected/frame_33085.png,This is a colonoscopy frame from a patient with a sessile adenoma polyp measuring 5 mm located in the rectum.
/workspace/igho/video_695_rango_30600_33840/frames_selected/frame_33086.png,This is a colonoscopy frame from a patient with no polyps.
/workspace/igho/video_695_rango_30600_33840/frames_selected/frame_33087.png,This is a colonoscopy frame from a patient with a sessile adenoma polyp measuring 5 mm located in the rectum.
/workspace/igho/video_695_rango_30600_33840/frames_selected/frame_33088.png,This is a colonoscopy frame from a patient with a sessile adenoma polyp measuring 5 mm located in the rectum.
/workspace/igho/video_695_rango_30600_33840/frames_selected/frame_33089.png,This is a colonoscopy frame from a patient with a flat elevated mucosal adenoma polyp measuring 3 mm located in the rectum.
/workspace/igho/video_695_rango_30600_33840/frames_selected/frame_33090.png,This is a colonoscopy frame from a patient with a sessile adenoma polyp measuring 5 mm located in the rectum.
/workspace/igho/video_695_rango_30600_33840/frames_selected/frame_33091.png,This is a colonoscopy frame from a patient with a sessile adenoma polyp measuring 5 mm located in the rectum.
/workspace/igho/video_695_rango_30600_33840/frames_selected/frame_33092.png,This is a colonoscopy frame from a patient with a sessile adenoma polyp measuring 5 mm located in the rectum.
/workspace/igho/video_695_rango_30600_33840/frames_selected/frame_33093.png,This is a colonoscopy frame from a patient with a sessile adenoma polyp measuring 5 mm located in the rectum.
/workspace/igho/video_695_rango_30600_33840/frames_selected/frame_33094.png,This is a colonoscopy frame from a patient with a sessile adenoma polyp measuring 5 mm located in the rectum.
/workspace/igho/video_695_rango_30600_33840/frames_selected/frame_33095.png,This is a colonoscopy frame from a patient with a sessile adenoma polyp measuring 5 mm located in the rectum.
/workspace/igho/video_695_rango_30600_33840/frames_selected/frame_33096.png,This is a colonoscopy frame from a patient with a sessile adenoma polyp measuring 5 mm located in the rectum.
/workspace/igho/video_695_rango_30600_33840/frames_selected/frame_33097.png,This is a colonoscopy frame from a patient with a sessile adenoma polyp measuring 5 mm located in the rectum.
/workspace/igho/video_695_rango_30600_33840/frames_selected/frame_33098.png,This is a colonoscopy frame from a patient with a sessile adenoma polyp measuring 5 mm located in the rectum.
/workspace/igho/video_695_rango_30600_33840/frames_selected/frame_33099.png,This is a colonoscopy frame from a patient with a sessile adenoma polyp measuring 5 mm located in the rectum.
/workspace/igho/video_695_rango_30600_33840/frames_selected/frame_33100.png,This is a colonoscopy frame from a patient with a sessile adenoma polyp measuring 5 mm located in the rectum.
/workspace/igho/video_695_rango_30600_33840/frames_selected/frame_33101.png,This is a colonoscopy frame from a patient with a sessile adenoma polyp measuring 5 mm located in the rectum.
/workspace/igho/video_695_rango_30600_33840/frames_selected/frame_33102.png,This is a colonoscopy frame from a patient with a sessile adenoma polyp measuring 5 mm located in the rectum.
/workspace/igho/video_695_rango_30600_33840/frames_selected/frame_33103.png,This is a colonoscopy frame from a patient with a sessile adenoma polyp measuring 5 mm located in the rectum.
/workspace/igho/video_695_rango_30600_33840/frames_selected/frame_33104.png,This is a colonoscopy frame from a patient with a sessile adenoma polyp measuring 5 mm located in the rectum.
/workspace/igho/video_695_rango_30600_33840/frames_selected/frame_33105.png,This is a colonoscopy frame from a patient with a sessile adenoma polyp measuring 5 mm located in the rectum.
/workspace/igho/video_695_rango_30600_33840/frames_selected/frame_33106.png,This is a colonoscopy frame from a patient with a sessile adenoma polyp measuring 5 mm located in the rectum.
/workspace/igho/video_695_rango_30600_33840/frames_selected/frame_33107.png,This is a colonoscopy frame from a patient with a sessile adenoma polyp measuring 5 mm located in the rectum.
/workspace/igho/video_695_rango_30600_33840/frames_selected/frame_33108.png,This is a colonoscopy frame from a patient with a sessile adenoma polyp measuring 5 mm located in the rectum.
/workspace/igho/video_695_rango_30600_33840/frames_selected/frame_33109.png,This is a colonoscopy frame from a patient with a sessile adenoma polyp measuring 5 mm located in the rectum.
/workspace/igho/video_695_rango_30600_33840/frames_selected/frame_33110.png,This is a colonoscopy frame from a patient with a sessile adenoma polyp measuring 5 mm located in the rectum.
/workspace/igho/video_695_rango_30600_33840/frames_selected/frame_33111.png,This is a colonoscopy frame from a patient with a sessile adenoma polyp measuring 5 mm located in the rectum.
/workspace/igho/video_695_rango_30600_33840/frames_selected/frame_33112.png,This is a colonoscopy frame from a patient with a sessile adenoma polyp measuring 5 mm located in the rectum.
/workspace/igho/video_695_rango_30600_33840/frames_selected/frame_33113.png,This is a colonoscopy frame from a patient with a sessile adenoma polyp measuring 5 mm located in the rectum.
/workspace/igho/video_695_rango_30600_33840/frames_selected/frame_33114.png,This is a colonoscopy frame from a patient with a sessile adenoma polyp measuring 5 mm located in the rectum.
/workspace/igho/video_695_rango_30600_33840/frames_selected/frame_33115.png,This is a colonoscopy frame from a patient with a sessile adenoma polyp measuring 5 mm located in the rectum.
/workspace/igho/video_695_rango_30600_33840/frames_selected/frame_33116.png,This is a colonoscopy frame from a patient with a sessile adenoma polyp measuring 5 mm located in the rectum.
/workspace/igho/video_695_rango_30600_33840/frames_selected/frame_33117.png,This is a colonoscopy frame from a patient with a sessile adenoma polyp measuring 5 mm located in the rectum.
/workspace/igho/video_695_rango_30600_33840/frames_selected/frame_33118.png,This is a colonoscopy frame from a patient with a sessile adenoma polyp measuring 5 mm located in the rectum.
/workspace/igho/video_695_rango_30600_33840/frames_selected/frame_33119.png,This is a colonoscopy frame from a patient with a sessile adenoma polyp measuring 5 mm located in the rectum.
/workspace/igho/video_695_rango_30600_33840/frames_selected/frame_33120.png,This is a colonoscopy frame from a patient with a sessile adenoma polyp measuring 5 mm located in the rectum.
/workspace/igho/video_695_rango_30600_33840/frames_selected/frame_33121.png,This is a colonoscopy frame from a patient with a sessile adenoma polyp measuring 5 mm located in the rectum.
/workspace/igho/video_695_rango_30600_33840/frames_selected/frame_33122.png,This is a colonoscopy frame from a patient with a sessile adenoma polyp measuring 5 mm located in the rectum.
/workspace/igho/video_695_rango_30600_33840/frames_selected/frame_33123.png,This is a colonoscopy frame from a patient with a sessile adenoma polyp measuring 5 mm located in the rectum.
/workspace/igho/video_695_rango_30600_33840/frames_selected/frame_33124.png,This is a colonoscopy frame from a patient with a sessile adenoma polyp measuring 5 mm located in the rectum.
/workspace/igho/video_695_rango_30600_33840/frames_selected/frame_33125.png,This is a colonoscopy frame from a patient with a sessile adenoma polyp measuring 5 mm located in the rectum.
/workspace/igho/video_695_rango_30600_33840/frames_selected/frame_33126.png,This is a colonoscopy frame from a patient with a sessile adenoma polyp measuring 5 mm located in the rectum.
/workspace/igho/video_695_rango_30600_33840/frames_selected/frame_33127.png,This is a colonoscopy frame from a patient with a sessile adenoma polyp measuring 5 mm located in the rectum.
/workspace/igho/video_695_rango_30600_33840/frames_selected/frame_33128.png,This is a colonoscopy frame from a patient with a sessile adenoma polyp measuring 5 mm located in the rectum.
/workspace/igho/video_695_rango_30600_33840/frames_selected/frame_33129.png,This is a colonoscopy frame from a patient with a sessile adenoma polyp measuring 5 mm located in the rectum.
/workspace/igho/video_695_rango_30600_33840/frames_selected/frame_33130.png,This is a colonoscopy frame from a patient with a sessile adenoma polyp measuring 5 mm located in the rectum.
/workspace/igho/video_695_rango_30600_33840/frames_selected/frame_33131.png,This is a colonoscopy frame from a patient with a sessile adenoma polyp measuring 5 mm located in the rectum.
/workspace/igho/video_695_rango_30600_33840/frames_selected/frame_33132.png,This is a colonoscopy frame from a patient with a sessile adenoma polyp measuring 5 mm located in the rectum.
/workspace/igho/video_695_rango_30600_33840/frames_selected/frame_33133.png,This is a colonoscopy frame from a patient with a sessile adenoma polyp measuring 5 mm located in the rectum.
/workspace/igho/video_695_rango_30600_33840/frames_selected/frame_33134.png,This is a colonoscopy frame from a patient with a sessile adenoma polyp measuring 5 mm located in the rectum.
/workspace/igho/video_695_rango_30600_33840/frames_selected/frame_33135.png,This is a colonoscopy frame from a patient with a sessile adenoma polyp measuring 5 mm located in the rectum.
/workspace/igho/video_695_rango_30600_33840/frames_selected/frame_33136.png,This is a colonoscopy frame from a patient with a sessile adenoma polyp measuring 5 mm located in the rectum.
/workspace/igho/video_695_rango_30600_33840/frames_selected/frame_33137.png,This is a colonoscopy frame from a patient with a sessile adenoma polyp measuring 5 mm located in the rectum.
/workspace/igho/video_695_rango_30600_33840/frames_selected/frame_33138.png,This is a colonoscopy frame from a patient with a sessile adenoma polyp measuring 5 mm located in the rectum.
/workspace/igho/video_695_rango_30600_33840/frames_selected/frame_33139.png,This is a colonoscopy frame from a patient with a sessile adenoma polyp measuring 5 mm located in the rectum.
/workspace/igho/video_695_rango_30600_33840/frames_selected/frame_33140.png,This is a colonoscopy frame from a patient with a sessile adenoma polyp measuring 5 mm located in the rectum.
/workspace/igho/video_695_rango_30600_33840/frames_selected/frame_33141.png,This is a colonoscopy frame from a patient with a sessile adenoma polyp measuring 5 mm located in the rectum.
/workspace/igho/video_695_rango_30600_33840/frames_selected/frame_33142.png,This is a colonoscopy frame from a patient with a sessile adenoma polyp measuring 5 mm located in the rectum.
/workspace/igho/video_695_rango_30600_33840/frames_selected/frame_33143.png,This is a colonoscopy frame from a patient with a sessile adenoma polyp measuring 5 mm located in the rectum.
/workspace/igho/video_695_rango_30600_33840/frames_selected/frame_33144.png,This is a colonoscopy frame from a patient with a flat elevated mucosal adenoma polyp measuring 5 mm located in the rectum.
/workspace/igho/video_695_rango_30600_33840/frames_selected/frame_33145.png,This is a colonoscopy frame from a patient with a flat elevated mucosal adenoma polyp measuring 5 mm located in the rectum.
/workspace/igho/video_695_rango_30600_33840/frames_selected/frame_33146.png,This is a colonoscopy frame from a patient with a sessile adenoma polyp measuring 5 mm located in the rectum.
/workspace/igho/video_695_rango_30600_33840/frames_selected/frame_33147.png,This is a colonoscopy frame from a patient with a flat elevated mucosal adenoma polyp measuring 5 mm located in the rectum.
/workspace/igho/video_695_rango_30600_33840/frames_selected/frame_33148.png,This is a colonoscopy frame from a patient with a flat elevated mucosal adenoma polyp measuring 5 mm located in the rectum.
/workspace/igho/video_695_rango_30600_33840/frames_selected/frame_33149.png,This is a colonoscopy frame from a patient with a sessile adenoma polyp measuring 5 mm located in the rectum.
/workspace/igho/video_695_rango_30600_33840/frames_selected/frame_33150.png,This is a colonoscopy frame from a patient with a flat elevated mucosal adenoma polyp measuring 5 mm located in the rectum.
/workspace/igho/video_695_rango_30600_33840/frames_selected/frame_33151.png,This is a colonoscopy frame from a patient with a flat elevated mucosal adenoma polyp measuring 5 mm located in the rectum.
/workspace/igho/video_695_rango_30600_33840/frames_selected/frame_33152.png,This is a colonoscopy frame from a patient with a flat elevated mucosal adenoma polyp measuring 5 mm located in the rectum.
/workspace/igho/video_695_rango_30600_33840/frames_selected/frame_33153.png,This is a colonoscopy frame from a patient with a sessile adenoma polyp measuring 5 mm located in the rectum.
/workspace/igho/video_695_rango_30600_33840/frames_selected/frame_33154.png,This is a colonoscopy frame from a patient with a sessile adenoma polyp measuring 5 mm located in the rectum.
/workspace/igho/video_695_rango_30600_33840/frames_selected/frame_33155.png,This is a colonoscopy frame from a patient with a flat elevated mucosal adenoma polyp measuring 5 mm located in the rectum.
/workspace/igho/video_695_rango_30600_33840/frames_selected/frame_33156.png,This is a colonoscopy frame from a patient with a sessile adenoma polyp measuring 5 mm located in the rectum.
/workspace/igho/video_695_rango_30600_33840/frames_selected/frame_33157.png,This is a colonoscopy frame from a patient with a sessile adenoma polyp measuring 5 mm located in the rectum.
/workspace/igho/video_695_rango_30600_33840/frames_selected/frame_33158.png,This is a colonoscopy frame from a patient with a flat elevated mucosal adenoma polyp measuring 5 mm located in the rectum.
/workspace/igho/video_695_rango_30600_33840/frames_selected/frame_33159.png,This is a colonoscopy frame from a patient with a sessile adenoma polyp measuring 5 mm located in the rectum.
/workspace/igho/video_695_rango_30600_33840/frames_selected/frame_33160.png,This is a colonoscopy frame from a patient with a sessile adenoma polyp measuring 5 mm located in the rectum.
/workspace/igho/video_695_rango_30600_33840/frames_selected/frame_33161.png,This is a colonoscopy frame from a patient with a sessile adenoma polyp measuring 5 mm located in the rectum.
/workspace/igho/video_695_rango_30600_33840/frames_selected/frame_33162.png,This is a colonoscopy frame from a patient with a sessile adenoma polyp measuring 5 mm located in the rectum.
/workspace/igho/video_695_rango_30600_33840/frames_selected/frame_33163.png,This is a colonoscopy frame from a patient with a sessile adenoma polyp measuring 5 mm located in the rectum.
/workspace/igho/video_695_rango_30600_33840/frames_selected/frame_33164.png,This is a colonoscopy frame from a patient with a sessile adenoma polyp measuring 5 mm located in the rectum.
/workspace/igho/video_695_rango_30600_33840/frames_selected/frame_33165.png,This is a colonoscopy frame from a patient with a flat elevated mucosal adenoma polyp measuring 5 mm located in the rectum.
/workspace/igho/video_695_rango_30600_33840/frames_selected/frame_33166.png,This is a colonoscopy frame from a patient with a flat elevated mucosal adenoma polyp measuring 5 mm located in the rectum.
/workspace/igho/video_695_rango_30600_33840/frames_selected/frame_33167.png,This is a colonoscopy frame from a patient with a sessile adenoma polyp measuring 5 mm located in the rectum.
/workspace/igho/video_695_rango_30600_33840/frames_selected/frame_33168.png,This is a colonoscopy frame from a patient with a sessile adenoma polyp measuring 5 mm located in the rectum.
/workspace/igho/video_695_rango_30600_33840/frames_selected/frame_33169.png,This is a colonoscopy frame from a patient with a sessile adenoma polyp measuring 5 mm located in the rectum.
/workspace/igho/video_695_rango_30600_33840/frames_selected/frame_33170.png,This is a colonoscopy frame from a patient with a sessile adenoma polyp measuring 5 mm located in the rectum.
/workspace/igho/video_695_rango_30600_33840/frames_selected/frame_33171.png,This is a colonoscopy frame from a patient with a sessile adenoma polyp measuring 5 mm located in the rectum.
/workspace/igho/video_695_rango_30600_33840/frames_selected/frame_33172.png,This is a colonoscopy frame from a patient with a sessile adenoma polyp measuring 5 mm located in the rectum.
/workspace/igho/video_695_rango_30600_33840/frames_selected/frame_33173.png,This is a colonoscopy frame from a patient with a flat elevated mucosal adenoma polyp measuring 5 mm located in the rectum.
/workspace/igho/video_695_rango_30600_33840/frames_selected/frame_33174.png,This is a colonoscopy frame from a patient with a sessile adenoma polyp measuring 5 mm located in the rectum.
/workspace/igho/video_695_rango_30600_33840/frames_selected/frame_33175.png,This is a colonoscopy frame from a patient with a sessile adenoma polyp measuring 5 mm located in the rectum.
/workspace/igho/video_695_rango_30600_33840/frames_selected/frame_33176.png,This is a colonoscopy frame from a patient with a sessile adenoma polyp measuring 5 mm located in the rectum.
/workspace/igho/video_695_rango_30600_33840/frames_selected/frame_33177.png,This is a colonoscopy frame from a patient with a sessile adenoma polyp measuring 5 mm located in the rectum.
/workspace/igho/video_695_rango_30600_33840/frames_selected/frame_33178.png,This is a colonoscopy frame from a patient with a sessile adenoma polyp measuring 5 mm located in the rectum.
/workspace/igho/video_695_rango_30600_33840/frames_selected/frame_33179.png,This is a colonoscopy frame from a patient with a sessile adenoma polyp measuring 5 mm located in the rectum.
/workspace/igho/video_695_rango_30600_33840/frames_selected/frame_33180.png,This is a colonoscopy frame from a patient with a sessile adenoma polyp measuring 5 mm located in the rectum.
/workspace/igho/video_695_rango_30600_33840/frames_selected/frame_33181.png,This is a colonoscopy frame from a patient with a sessile adenoma polyp measuring 5 mm located in the rectum.
/workspace/igho/video_695_rango_30600_33840/frames_selected/frame_33182.png,This is a colonoscopy frame from a patient with a sessile adenoma polyp measuring 5 mm located in the rectum.
/workspace/igho/video_695_rango_30600_33840/frames_selected/frame_33183.png,This is a colonoscopy frame from a patient with a sessile adenoma polyp measuring 5 mm located in the rectum.
/workspace/igho/video_695_rango_30600_33840/frames_selected/frame_33184.png,This is a colonoscopy frame from a patient with a sessile adenoma polyp measuring 5 mm located in the rectum.
/workspace/igho/video_695_rango_30600_33840/frames_selected/frame_33185.png,This is a colonoscopy frame from a patient with a sessile adenoma polyp measuring 5 mm located in the rectum.
/workspace/igho/video_695_rango_30600_33840/frames_selected/frame_33186.png,This is a colonoscopy frame from a patient with a sessile adenoma polyp measuring 5 mm located in the rectum.
/workspace/igho/video_695_rango_30600_33840/frames_selected/frame_33187.png,This is a colonoscopy frame from a patient with a sessile adenoma polyp measuring 5 mm located in the rectum.
/workspace/igho/video_695_rango_30600_33840/frames_selected/frame_33188.png,This is a colonoscopy frame from a patient with a sessile adenoma polyp measuring 5 mm located in the rectum.
/workspace/igho/video_695_rango_30600_33840/frames_selected/frame_33189.png,This is a colonoscopy frame from a patient with a sessile adenoma polyp measuring 5 mm located in the rectum.
/workspace/igho/video_695_rango_30600_33840/frames_selected/frame_33190.png,This is a colonoscopy frame from a patient with a sessile adenoma polyp measuring 5 mm located in the rectum.
/workspace/igho/video_695_rango_30600_33840/frames_selected/frame_33191.png,This is a colonoscopy frame from a patient with a sessile adenoma polyp measuring 5 mm located in the rectum.
/workspace/igho/video_695_rango_30600_33840/frames_selected/frame_33192.png,This is a colonoscopy frame from a patient with no polyps.
/workspace/igho/video_695_rango_30600_33840/frames_selected/frame_33193.png,This is a colonoscopy frame from a patient with no polyps.
/workspace/igho/video_695_rango_30600_33840/frames_selected/frame_33194.png,This is a colonoscopy frame from a patient with a sessile adenoma polyp measuring 5 mm located in the rectum.
/workspace/igho/video_695_rango_30600_33840/frames_selected/frame_33195.png,This is a colonoscopy frame from a patient with a sessile adenoma polyp measuring 5 mm located in the rectum.
/workspace/igho/video_695_rango_30600_33840/frames_selected/frame_33196.png,This is a colonoscopy frame from a patient with a sessile adenoma polyp measuring 5 mm located in the rectum.
/workspace/igho/video_695_rango_30600_33840/frames_selected/frame_33197.png,This is a colonoscopy frame from a patient with a sessile adenoma polyp measuring 5 mm located in the rectum.
/workspace/igho/video_695_rango_30600_33840/frames_selected/frame_33198.png,This is a colonoscopy frame from a patient with a sessile adenoma polyp measuring 5 mm located in the rectum.
/workspace/igho/video_695_rango_30600_33840/frames_selected/frame_33199.png,This is a colonoscopy frame from a patient with a sessile adenoma polyp measuring 5 mm located in the rectum.
/workspace/igho/video_695_rango_30600_33840/frames_selected/frame_33200.png,This is a colonoscopy frame from a patient with no polyps.
/workspace/igho/video_695_rango_30600_33840/frames_selected/frame_33201.png,This is a colonoscopy frame from a patient with a sessile adenoma polyp measuring 5 mm located in the rectum.
/workspace/igho/video_695_rango_30600_33840/frames_selected/frame_33202.png,This is a colonoscopy frame from a patient with a sessile adenoma polyp measuring 5 mm located in the rectum.
/workspace/igho/video_695_rango_30600_33840/frames_selected/frame_33203.png,This is a colonoscopy frame from a patient with a sessile adenoma polyp measuring 5 mm located in the rectum.
/workspace/igho/video_695_rango_30600_33840/frames_selected/frame_33204.png,This is a colonoscopy frame from a patient with a sessile adenoma polyp measuring 5 mm located in the rectum.
/workspace/igho/video_695_rango_30600_33840/frames_selected/frame_33205.png,This is a colonoscopy frame from a patient with a sessile adenoma polyp measuring 5 mm located in the rectum.
/workspace/igho/video_695_rango_30600_33840/frames_selected/frame_33206.png,This is a colonoscopy frame from a patient with a sessile adenoma polyp measuring 5 mm located in the rectum.
/workspace/igho/video_695_rango_30600_33840/frames_selected/frame_33207.png,This is a colonoscopy frame from a patient with a sessile adenoma polyp measuring 5 mm located in the rectum.
/workspace/igho/video_695_rango_30600_33840/frames_selected/frame_33208.png,This is a colonoscopy frame from a patient with a sessile adenoma polyp measuring 5 mm located in the rectum.
/workspace/igho/video_695_rango_30600_33840/frames_selected/frame_33209.png,This is a colonoscopy frame from a patient with a sessile adenoma polyp measuring 5 mm located in the rectum.
/workspace/igho/video_695_rango_30600_33840/frames_selected/frame_33210.png,This is a colonoscopy frame from a patient with a sessile adenoma polyp measuring 5 mm located in the rectum.
/workspace/igho/video_695_rango_30600_33840/frames_selected/frame_33211.png,This is a colonoscopy frame from a patient with a sessile adenoma polyp measuring 5 mm located in the rectum.
/workspace/igho/video_695_rango_30600_33840/frames_selected/frame_33212.png,This is a colonoscopy frame from a patient with a sessile adenoma polyp measuring 5 mm located in the rectum.
/workspace/igho/video_695_rango_30600_33840/frames_selected/frame_33213.png,This is a colonoscopy frame from a patient with a flat elevated mucosal adenoma polyp measuring 3 mm located in the rectum.
/workspace/igho/video_695_rango_30600_33840/frames_selected/frame_33214.png,This is a colonoscopy frame from a patient with a flat elevated mucosal adenoma polyp measuring 3 mm located in the rectum.
/workspace/igho/video_695_rango_30600_33840/frames_selected/frame_33215.png,This is a colonoscopy frame from a patient with a sessile adenoma polyp measuring 5 mm located in the rectum.
/workspace/igho/video_695_rango_30600_33840/frames_selected/frame_33216.png,This is a colonoscopy frame from a patient with a flat elevated mucosal adenoma polyp measuring 3 mm located in the rectum.
/workspace/igho/video_695_rango_30600_33840/frames_selected/frame_33217.png,This is a colonoscopy frame from a patient with a flat elevated mucosal adenoma polyp measuring 3 mm located in the rectum.
/workspace/igho/video_695_rango_30600_33840/frames_selected/frame_33218.png,This is a colonoscopy frame from a patient with a sessile adenoma polyp measuring 5 mm located in the rectum.
/workspace/igho/video_695_rango_30600_33840/frames_selected/frame_33219.png,This is a colonoscopy frame from a patient with a sessile adenoma polyp measuring 4 mm located in the rectum.
/workspace/igho/video_695_rango_30600_33840/frames_selected/frame_33220.png,This is a colonoscopy frame from a patient with a sessile adenoma polyp measuring 4 mm located in the rectum.
/workspace/igho/video_695_rango_30600_33840/frames_selected/frame_33221.png,This is a colonoscopy frame from a patient with a flat elevated mucosal adenoma polyp measuring 3 mm located in the rectum.
/workspace/igho/video_695_rango_30600_33840/frames_selected/frame_33222.png,This is a colonoscopy frame from a patient with a flat elevated mucosal adenoma polyp measuring 3 mm located in the rectum.
/workspace/igho/video_695_rango_30600_33840/frames_selected/frame_33223.png,This is a colonoscopy frame from a patient with a flat elevated mucosal adenoma polyp measuring 3 mm located in the rectum.
/workspace/igho/video_695_rango_30600_33840/frames_selected/frame_33224.png,This is a colonoscopy frame from a patient with a flat elevated mucosal adenoma polyp measuring 3 mm located in the rectum.
/workspace/igho/video_695_rango_30600_33840/frames_selected/frame_33225.png,This is a colonoscopy frame from a patient with a flat elevated mucosal adenoma polyp measuring 3 mm located in the rectum.
/workspace/igho/video_695_rango_30600_33840/frames_selected/frame_33226.png,This is a colonoscopy frame from a patient with a flat elevated mucosal adenoma polyp measuring 3 mm located in the rectum.
/workspace/igho/video_695_rango_30600_33840/frames_selected/frame_33227.png,This is a colonoscopy frame from a patient with a sessile adenoma polyp measuring 4 mm located in the rectum.
/workspace/igho/video_695_rango_30600_33840/frames_selected/frame_33228.png,This is a colonoscopy frame from a patient with a flat elevated mucosal adenoma polyp measuring 3 mm located in the rectum.
/workspace/igho/video_695_rango_30600_33840/frames_selected/frame_33229.png,This is a colonoscopy frame from a patient with a flat elevated mucosal adenoma polyp measuring 3 mm located in the rectum.
/workspace/igho/video_695_rango_30600_33840/frames_selected/frame_33230.png,This is a colonoscopy frame from a patient with a flat elevated mucosal adenoma polyp measuring 3 mm located in the rectum.
/workspace/igho/video_695_rango_30600_33840/frames_selected/frame_33231.png,This is a colonoscopy frame from a patient with a flat elevated mucosal adenoma polyp measuring 3 mm located in the rectum.
/workspace/igho/video_695_rango_30600_33840/frames_selected/frame_33232.png,This is a colonoscopy frame from a patient with a flat elevated mucosal adenoma polyp measuring 3 mm located in the rectum.
/workspace/igho/video_695_rango_30600_33840/frames_selected/frame_33233.png,This is a colonoscopy frame from a patient with a flat elevated mucosal adenoma polyp measuring 3 mm located in the rectum.
/workspace/igho/video_695_rango_30600_33840/frames_selected/frame_33234.png,This is a colonoscopy frame from a patient with a flat elevated mucosal adenoma polyp measuring 3 mm located in the rectum.
/workspace/igho/video_695_rango_30600_33840/frames_selected/frame_33235.png,This is a colonoscopy frame from a patient with a flat elevated mucosal adenoma polyp measuring 3 mm located in the rectum.
/workspace/igho/video_695_rango_30600_33840/frames_selected/frame_33236.png,This is a colonoscopy frame from a patient with a flat elevated mucosal adenoma polyp measuring 3 mm located in the rectum.
/workspace/igho/video_695_rango_30600_33840/frames_selected/frame_33237.png,This is a colonoscopy frame from a patient with a flat elevated mucosal adenoma polyp measuring 3 mm located in the transverse colon.
/workspace/igho/video_695_rango_30600_33840/frames_selected/frame_33238.png,This is a colonoscopy frame from a patient with a flat elevated mucosal adenoma polyp measuring 3 mm located in the transverse colon.
/workspace/igho/video_695_rango_30600_33840/frames_selected/frame_33239.png,This is a colonoscopy frame from a patient with a flat elevated mucosal adenoma polyp measuring 3 mm located in the rectum.
/workspace/igho/video_695_rango_30600_33840/frames_selected/frame_33240.png,This is a colonoscopy frame from a patient with a flat elevated mucosal adenoma polyp measuring 3 mm located in the transverse colon.
/workspace/igho/video_695_rango_30600_33840/frames_selected/frame_33241.png,This is a colonoscopy frame from a patient with a flat elevated mucosal adenoma polyp measuring 3 mm located in the transverse colon.
/workspace/igho/video_695_rango_30600_33840/frames_selected/frame_33242.png,This is a colonoscopy frame from a patient with a flat elevated mucosal adenoma polyp measuring 3 mm located in the rectum.
/workspace/igho/video_695_rango_30600_33840/frames_selected/frame_33243.png,This is a colonoscopy frame from a patient with a flat elevated mucosal adenoma polyp measuring 3 mm located in the transverse colon.
/workspace/igho/video_695_rango_30600_33840/frames_selected/frame_33244.png,This is a colonoscopy frame from a patient with a flat elevated mucosal adenoma polyp measuring 3 mm located in the transverse colon.
/workspace/igho/video_695_rango_30600_33840/frames_selected/frame_33245.png,This is a colonoscopy frame from a patient with a flat elevated mucosal adenoma polyp measuring 3 mm located in the transverse colon.
/workspace/igho/video_695_rango_30600_33840/frames_selected/frame_33246.png,This is a colonoscopy frame from a patient with a sessile adenoma polyp measuring 4 mm located in the rectum.
/workspace/igho/video_695_rango_30600_33840/frames_selected/frame_33247.png,This is a colonoscopy frame from a patient with a sessile adenoma polyp measuring 4 mm located in the rectum.
/workspace/igho/video_695_rango_30600_33840/frames_selected/frame_33248.png,This is a colonoscopy frame from a patient with a flat elevated mucosal adenoma polyp measuring 3 mm located in the transverse colon.
/workspace/igho/video_695_rango_30600_33840/frames_selected/frame_33249.png,This is a colonoscopy frame from a patient with a sessile adenoma polyp measuring 4 mm located in the rectum.
/workspace/igho/video_695_rango_30600_33840/frames_selected/frame_33250.png,This is a colonoscopy frame from a patient with a sessile adenoma polyp measuring 4 mm located in the rectum.
/workspace/igho/video_695_rango_30600_33840/frames_selected/frame_33251.png,This is a colonoscopy frame from a patient with a flat elevated mucosal adenoma polyp measuring 3 mm located in the transverse colon.
/workspace/igho/video_695_rango_30600_33840/frames_selected/frame_33252.png,This is a colonoscopy frame from a patient with no polyps.
/workspace/igho/video_695_rango_30600_33840/frames_selected/frame_33253.png,This is a colonoscopy frame from a patient with no polyps.
/workspace/igho/video_695_rango_30600_33840/frames_selected/frame_33254.png,This is a colonoscopy frame from a patient with a sessile adenoma polyp measuring 4 mm located in the rectum.
/workspace/igho/video_695_rango_30600_33840/frames_selected/frame_33255.png,This is a colonoscopy frame from a patient with no polyps.
/workspace/igho/video_695_rango_30600_33840/frames_selected/frame_33256.png,This is a colonoscopy frame from a patient with no polyps.
/workspace/igho/video_695_rango_30600_33840/frames_selected/frame_33257.png,This is a colonoscopy frame from a patient with a sessile adenoma polyp measuring 4 mm located in the rectum.
/workspace/igho/video_695_rango_30600_33840/frames_selected/frame_33258.png,This is a colonoscopy frame from a patient with no polyps.
/workspace/igho/video_695_rango_30600_33840/frames_selected/frame_33259.png,This is a colonoscopy frame from a patient with no polyps.
/workspace/igho/video_695_rango_30600_33840/frames_selected/frame_33260.png,This is a colonoscopy frame from a patient with no polyps.
/workspace/igho/video_695_rango_30600_33840/frames_selected/frame_33261.png,This is a colonoscopy frame from a patient with no polyps.
/workspace/igho/video_695_rango_30600_33840/frames_selected/frame_33262.png,This is a colonoscopy frame from a patient with no polyps.
/workspace/igho/video_695_rango_30600_33840/frames_selected/frame_33263.png,This is a colonoscopy frame from a patient with no polyps.
/workspace/igho/video_695_rango_30600_33840/frames_selected/frame_33264.png,This is a colonoscopy frame from a patient with no polyps.
/workspace/igho/video_695_rango_30600_33840/frames_selected/frame_33265.png,This is a colonoscopy frame from a patient with no polyps.
/workspace/igho/video_695_rango_30600_33840/frames_selected/frame_33266.png,This is a colonoscopy frame from a patient with no polyps.
/workspace/igho/video_695_rango_30600_33840/frames_selected/frame_33267.png,This is a colonoscopy frame from a patient with no polyps.
/workspace/igho/video_695_rango_30600_33840/frames_selected/frame_33268.png,This is a colonoscopy frame from a patient with no polyps.
/workspace/igho/video_695_rango_30600_33840/frames_selected/frame_33269.png,This is a colonoscopy frame from a patient with no polyps.
/workspace/igho/video_695_rango_30600_33840/frames_selected/frame_33270.png,This is a colonoscopy frame from a patient with no polyps.
/workspace/igho/video_695_rango_30600_33840/frames_selected/frame_33271.png,This is a colonoscopy frame from a patient with no polyps.
/workspace/igho/video_695_rango_30600_33840/frames_selected/frame_33272.png,This is a colonoscopy frame from a patient with no polyps.
/workspace/igho/video_695_rango_30600_33840/frames_selected/frame_33273.png,This is a colonoscopy frame from a patient with no polyps.
/workspace/igho/video_695_rango_30600_33840/frames_selected/frame_33274.png,This is a colonoscopy frame from a patient with no polyps.
/workspace/igho/video_695_rango_30600_33840/frames_selected/frame_33275.png,This is a colonoscopy frame from a patient with no polyps.
/workspace/igho/video_695_rango_30600_33840/frames_selected/frame_33276.png,This is a colonoscopy frame from a patient with no polyps.
/workspace/igho/video_695_rango_30600_33840/frames_selected/frame_33277.png,This is a colonoscopy frame from a patient with no polyps.
/workspace/igho/video_695_rango_30600_33840/frames_selected/frame_33278.png,This is a colonoscopy frame from a patient with no polyps.
/workspace/igho/video_695_rango_30600_33840/frames_selected/frame_33279.png,This is a colonoscopy frame from a patient with no polyps.
/workspace/igho/video_695_rango_30600_33840/frames_selected/frame_33280.png,This is a colonoscopy frame from a patient with no polyps.
/workspace/igho/video_695_rango_30600_33840/frames_selected/frame_33281.png,This is a colonoscopy frame from a patient with no polyps.
/workspace/igho/video_695_rango_30600_33840/frames_selected/frame_33282.png,This is a colonoscopy frame from a patient with no polyps.
/workspace/igho/video_695_rango_30600_33840/frames_selected/frame_33283.png,This is a colonoscopy frame from a patient with no polyps.
/workspace/igho/video_695_rango_30600_33840/frames_selected/frame_33284.png,This is a colonoscopy frame from a patient with no polyps.
/workspace/igho/video_695_rango_30600_33840/frames_selected/frame_33285.png,This is a colonoscopy frame from a patient with no polyps.
/workspace/igho/video_695_rango_30600_33840/frames_selected/frame_33286.png,This is a colonoscopy frame from a patient with no polyps.
/workspace/igho/video_695_rango_30600_33840/frames_selected/frame_33287.png,This is a colonoscopy frame from a patient with no polyps.
/workspace/igho/video_695_rango_30600_33840/frames_selected/frame_33288.png,This is a colonoscopy frame from a patient with no polyps.
/workspace/igho/video_695_rango_30600_33840/frames_selected/frame_33289.png,This is a colonoscopy frame from a patient with no polyps.
/workspace/igho/video_695_rango_30600_33840/frames_selected/frame_33290.png,This is a colonoscopy frame from a patient with no polyps.
/workspace/igho/video_695_rango_30600_33840/frames_selected/frame_33291.png,This is a colonoscopy frame from a patient with no polyps.
/workspace/igho/video_695_rango_30600_33840/frames_selected/frame_33292.png,This is a colonoscopy frame from a patient with no polyps.
/workspace/igho/video_695_rango_30600_33840/frames_selected/frame_33293.png,This is a colonoscopy frame from a patient with no polyps.
/workspace/igho/video_695_rango_30600_33840/frames_selected/frame_33294.png,This is a colonoscopy frame from a patient with a sessile adenoma polyp measuring 4 mm located in the sigmoid colon.
/workspace/igho/video_695_rango_30600_33840/frames_selected/frame_33295.png,This is a colonoscopy frame from a patient with a sessile adenoma polyp measuring 4 mm located in the sigmoid colon.
/workspace/igho/video_695_rango_30600_33840/frames_selected/frame_33296.png,This is a colonoscopy frame from a patient with no polyps.
/workspace/igho/video_695_rango_30600_33840/frames_selected/frame_33297.png,This is a colonoscopy frame from a patient with a sessile adenoma polyp measuring 4 mm located in the sigmoid colon.
/workspace/igho/video_695_rango_30600_33840/frames_selected/frame_33298.png,This is a colonoscopy frame from a patient with a sessile adenoma polyp measuring 4 mm located in the sigmoid colon.
/workspace/igho/video_695_rango_30600_33840/frames_selected/frame_33299.png,This is a colonoscopy frame from a patient with no polyps.
/workspace/igho/video_695_rango_30600_33840/frames_selected/frame_33300.png,This is a colonoscopy frame from a patient with a sessile adenoma polyp measuring 4 mm located in the sigmoid colon.
/workspace/igho/video_695_rango_30600_33840/frames_selected/frame_33301.png,This is a colonoscopy frame from a patient with a sessile adenoma polyp measuring 4 mm located in the sigmoid colon.
/workspace/igho/video_695_rango_30600_33840/frames_selected/frame_33302.png,This is a colonoscopy frame from a patient with a sessile adenoma polyp measuring 4 mm located in the sigmoid colon.
/workspace/igho/video_695_rango_30600_33840/frames_selected/frame_33303.png,This is a colonoscopy frame from a patient with a sessile adenoma polyp measuring 4 mm located in the rectum.
/workspace/igho/video_695_rango_30600_33840/frames_selected/frame_33304.png,This is a colonoscopy frame from a patient with a sessile adenoma polyp measuring 4 mm located in the rectum.
/workspace/igho/video_695_rango_30600_33840/frames_selected/frame_33305.png,This is a colonoscopy frame from a patient with a sessile adenoma polyp measuring 4 mm located in the sigmoid colon.
/workspace/igho/video_695_rango_30600_33840/frames_selected/frame_33306.png,This is a colonoscopy frame from a patient with a sessile adenoma polyp measuring 4 mm located in the sigmoid colon.
/workspace/igho/video_695_rango_30600_33840/frames_selected/frame_33307.png,This is a colonoscopy frame from a patient with a sessile adenoma polyp measuring 4 mm located in the sigmoid colon.
/workspace/igho/video_695_rango_30600_33840/frames_selected/frame_33308.png,This is a colonoscopy frame from a patient with a sessile adenoma polyp measuring 4 mm located in the sigmoid colon.
/workspace/igho/video_695_rango_30600_33840/frames_selected/frame_33309.png,This is a colonoscopy frame from a patient with no polyps.
/workspace/igho/video_695_rango_30600_33840/frames_selected/frame_33310.png,This is a colonoscopy frame from a patient with no polyps.
/workspace/igho/video_695_rango_30600_33840/frames_selected/frame_33311.png,This is a colonoscopy frame from a patient with a sessile adenoma polyp measuring 4 mm located in the rectum.
/workspace/igho/video_695_rango_30600_33840/frames_selected/frame_33312.png,This is a colonoscopy frame from a patient with no polyps.
/workspace/igho/video_695_rango_30600_33840/frames_selected/frame_33313.png,This is a colonoscopy frame from a patient with no polyps.
/workspace/igho/video_695_rango_30600_33840/frames_selected/frame_33314.png,This is a colonoscopy frame from a patient with a sessile adenoma polyp measuring 4 mm located in the sigmoid colon.
/workspace/igho/video_695_rango_30600_33840/frames_selected/frame_33315.png,This is a colonoscopy frame from a patient with a sessile adenoma polyp measuring 5 mm located in the rectum.
/workspace/igho/video_695_rango_30600_33840/frames_selected/frame_33316.png,This is a colonoscopy frame from a patient with a sessile adenoma polyp measuring 5 mm located in the rectum.
/workspace/igho/video_695_rango_30600_33840/frames_selected/frame_33317.png,This is a colonoscopy frame from a patient with no polyps.
/workspace/igho/video_695_rango_30600_33840/frames_selected/frame_33318.png,This is a colonoscopy frame from a patient with a sessile adenoma polyp measuring 7 mm located in the rectum.
/workspace/igho/video_695_rango_30600_33840/frames_selected/frame_33319.png,This is a colonoscopy frame from a patient with a sessile adenoma polyp measuring 7 mm located in the rectum.
/workspace/igho/video_695_rango_30600_33840/frames_selected/frame_33320.png,This is a colonoscopy frame from a patient with no polyps.
/workspace/igho/video_695_rango_30600_33840/frames_selected/frame_33321.png,This is a colonoscopy frame from a patient with a sessile adenoma polyp measuring 7 mm located in the descending colon.
/workspace/igho/video_695_rango_30600_33840/frames_selected/frame_33322.png,This is a colonoscopy frame from a patient with a sessile adenoma polyp measuring 7 mm located in the descending colon.
/workspace/igho/video_695_rango_30600_33840/frames_selected/frame_33323.png,This is a colonoscopy frame from a patient with a sessile adenoma polyp measuring 5 mm located in the rectum.
/workspace/igho/video_695_rango_30600_33840/frames_selected/frame_33324.png,This is a colonoscopy frame from a patient with a sessile adenoma polyp measuring 4 mm located in the sigmoid colon.
/workspace/igho/video_695_rango_30600_33840/frames_selected/frame_33325.png,This is a colonoscopy frame from a patient with a sessile adenoma polyp measuring 4 mm located in the sigmoid colon.
/workspace/igho/video_695_rango_30600_33840/frames_selected/frame_33326.png,This is a colonoscopy frame from a patient with a sessile adenoma polyp measuring 7 mm located in the rectum.
/workspace/igho/video_695_rango_30600_33840/frames_selected/frame_33327.png,This is a colonoscopy frame from a patient with no polyps.
/workspace/igho/video_695_rango_30600_33840/frames_selected/frame_33328.png,This is a colonoscopy frame from a patient with no polyps.
/workspace/igho/video_695_rango_30600_33840/frames_selected/frame_33329.png,This is a colonoscopy frame from a patient with a sessile adenoma polyp measuring 7 mm located in the descending colon.
/workspace/igho/video_695_rango_30600_33840/frames_selected/frame_33330.png,This is a colonoscopy frame from a patient with no polyps.
/workspace/igho/video_695_rango_30600_33840/frames_selected/frame_33331.png,This is a colonoscopy frame from a patient with no polyps.
/workspace/igho/video_695_rango_30600_33840/frames_selected/frame_33332.png,This is a colonoscopy frame from a patient with a sessile adenoma polyp measuring 4 mm located in the sigmoid colon.
/workspace/igho/video_695_rango_30600_33840/frames_selected/frame_33333.png,This is a colonoscopy frame from a patient with a sessile adenoma polyp measuring 3 mm located in the descending colon.
/workspace/igho/video_695_rango_30600_33840/frames_selected/frame_33334.png,This is a colonoscopy frame from a patient with a sessile adenoma polyp measuring 3 mm located in the descending colon.
/workspace/igho/video_695_rango_30600_33840/frames_selected/frame_33335.png,This is a colonoscopy frame from a patient with no polyps.
/workspace/igho/video_695_rango_30600_33840/frames_selected/frame_33336.png,This is a colonoscopy frame from a patient with a sessile adenoma polyp measuring 7 mm located in the descending colon.
/workspace/igho/video_695_rango_30600_33840/frames_selected/frame_33337.png,This is a colonoscopy frame from a patient with a sessile adenoma polyp measuring 7 mm located in the descending colon.
/workspace/igho/video_695_rango_30600_33840/frames_selected/frame_33338.png,This is a colonoscopy frame from a patient with no polyps.
/workspace/igho/video_695_rango_30600_33840/frames_selected/frame_33339.png,This is a colonoscopy frame from a patient with no polyps.
/workspace/igho/video_695_rango_30600_33840/frames_selected/frame_33340.png,This is a colonoscopy frame from a patient with no polyps.
/workspace/igho/video_695_rango_30600_33840/frames_selected/frame_33341.png,This is a colonoscopy frame from a patient with a sessile adenoma polyp measuring 3 mm located in the descending colon.
/workspace/igho/video_695_rango_30600_33840/frames_selected/frame_33342.png,This is a colonoscopy frame from a patient with no polyps.
/workspace/igho/video_695_rango_30600_33840/frames_selected/frame_33343.png,This is a colonoscopy frame from a patient with no polyps.
/workspace/igho/video_695_rango_30600_33840/frames_selected/frame_33344.png,This is a colonoscopy frame from a patient with a sessile adenoma polyp measuring 7 mm located in the descending colon.
/workspace/igho/video_695_rango_30600_33840/frames_selected/frame_33345.png,This is a colonoscopy frame from a patient with a sessile adenoma polyp measuring 6 mm located in the sigmoid colon.
/workspace/igho/video_695_rango_30600_33840/frames_selected/frame_33346.png,This is a colonoscopy frame from a patient with a sessile adenoma polyp measuring 6 mm located in the sigmoid colon.
/workspace/igho/video_695_rango_30600_33840/frames_selected/frame_33347.png,This is a colonoscopy frame from a patient with no polyps.
/workspace/igho/video_695_rango_30600_33840/frames_selected/frame_33348.png,This is a colonoscopy frame from a patient with a sessile adenoma polyp measuring 6 mm located in the sigmoid colon.
/workspace/igho/video_695_rango_30600_33840/frames_selected/frame_33349.png,This is a colonoscopy frame from a patient with a sessile adenoma polyp measuring 6 mm located in the sigmoid colon.
/workspace/igho/video_695_rango_30600_33840/frames_selected/frame_33350.png,This is a colonoscopy frame from a patient with no polyps.
/workspace/igho/video_695_rango_30600_33840/frames_selected/frame_33351.png,This is a colonoscopy frame from a patient with a sessile adenoma polyp measuring 6 mm located in the sigmoid colon.
/workspace/igho/video_695_rango_30600_33840/frames_selected/frame_33352.png,This is a colonoscopy frame from a patient with a sessile adenoma polyp measuring 6 mm located in the sigmoid colon.
/workspace/igho/video_695_rango_30600_33840/frames_selected/frame_33353.png,This is a colonoscopy frame from a patient with a sessile adenoma polyp measuring 6 mm located in the sigmoid colon.
/workspace/igho/video_695_rango_30600_33840/frames_selected/frame_33354.png,This is a colonoscopy frame from a patient with a sessile adenoma polyp measuring 4 mm located in the sigmoid colon.
/workspace/igho/video_695_rango_30600_33840/frames_selected/frame_33355.png,This is a colonoscopy frame from a patient with a sessile adenoma polyp measuring 4 mm located in the sigmoid colon.
/workspace/igho/video_695_rango_30600_33840/frames_selected/frame_33356.png,This is a colonoscopy frame from a patient with a sessile adenoma polyp measuring 6 mm located in the sigmoid colon.
/workspace/igho/video_695_rango_30600_33840/frames_selected/frame_33357.png,This is a colonoscopy frame from a patient with a sessile adenoma polyp measuring 4 mm located in the sigmoid colon.
/workspace/igho/video_695_rango_30600_33840/frames_selected/frame_33358.png,This is a colonoscopy frame from a patient with a sessile adenoma polyp measuring 4 mm located in the sigmoid colon.
/workspace/igho/video_695_rango_30600_33840/frames_selected/frame_33359.png,This is a colonoscopy frame from a patient with a sessile adenoma polyp measuring 6 mm located in the sigmoid colon.
/workspace/igho/video_695_rango_30600_33840/frames_selected/frame_33360.png,This is a colonoscopy frame from a patient with a sessile adenoma polyp measuring 4 mm located in the sigmoid colon.
/workspace/igho/video_695_rango_30600_33840/frames_selected/frame_33361.png,This is a colonoscopy frame from a patient with a sessile adenoma polyp measuring 4 mm located in the sigmoid colon.
/workspace/igho/video_695_rango_30600_33840/frames_selected/frame_33362.png,This is a colonoscopy frame from a patient with a sessile adenoma polyp measuring 4 mm located in the sigmoid colon.
/workspace/igho/video_695_rango_30600_33840/frames_selected/frame_33363.png,This is a colonoscopy frame from a patient with a sessile adenoma polyp measuring 4 mm located in the sigmoid colon.
/workspace/igho/video_695_rango_30600_33840/frames_selected/frame_33364.png,This is a colonoscopy frame from a patient with a sessile adenoma polyp measuring 4 mm located in the sigmoid colon.
/workspace/igho/video_695_rango_30600_33840/frames_selected/frame_33365.png,This is a colonoscopy frame from a patient with a sessile adenoma polyp measuring 4 mm located in the sigmoid colon.
/workspace/igho/video_695_rango_30600_33840/frames_selected/frame_33366.png,This is a colonoscopy frame from a patient with a sessile adenoma polyp measuring 4 mm located in the sigmoid colon.
/workspace/igho/video_695_rango_30600_33840/frames_selected/frame_33367.png,This is a colonoscopy frame from a patient with a sessile adenoma polyp measuring 4 mm located in the sigmoid colon.
/workspace/igho/video_695_rango_30600_33840/frames_selected/frame_33368.png,This is a colonoscopy frame from a patient with a sessile adenoma polyp measuring 4 mm located in the sigmoid colon.
/workspace/igho/video_695_rango_30600_33840/frames_selected/frame_33369.png,This is a colonoscopy frame from a patient with no polyps.
/workspace/igho/video_695_rango_30600_33840/frames_selected/frame_33370.png,This is a colonoscopy frame from a patient with no polyps.
/workspace/igho/video_695_rango_30600_33840/frames_selected/frame_33371.png,This is a colonoscopy frame from a patient with a sessile adenoma polyp measuring 4 mm located in the sigmoid colon.
/workspace/igho/video_695_rango_30600_33840/frames_selected/frame_33372.png,This is a colonoscopy frame from a patient with no polyps.
/workspace/igho/video_695_rango_30600_33840/frames_selected/frame_33373.png,This is a colonoscopy frame from a patient with no polyps.
/workspace/igho/video_695_rango_30600_33840/frames_selected/frame_33374.png,This is a colonoscopy frame from a patient with a sessile adenoma polyp measuring 4 mm located in the sigmoid colon.
/workspace/igho/video_695_rango_30600_33840/frames_selected/frame_33375.png,This is a colonoscopy frame from a patient with no polyps.
/workspace/igho/video_695_rango_30600_33840/frames_selected/frame_33376.png,This is a colonoscopy frame from a patient with no polyps.
/workspace/igho/video_695_rango_30600_33840/frames_selected/frame_33377.png,This is a colonoscopy frame from a patient with no polyps.
/workspace/igho/video_695_rango_30600_33840/frames_selected/frame_33378.png,This is a colonoscopy frame from a patient with no polyps.
/workspace/igho/video_695_rango_30600_33840/frames_selected/frame_33379.png,This is a colonoscopy frame from a patient with no polyps.
/workspace/igho/video_695_rango_30600_33840/frames_selected/frame_33380.png,This is a colonoscopy frame from a patient with no polyps.
/workspace/igho/video_695_rango_30600_33840/frames_selected/frame_33381.png,This is a colonoscopy frame from a patient with no polyps.
/workspace/igho/video_695_rango_30600_33840/frames_selected/frame_33382.png,This is a colonoscopy frame from a patient with no polyps.
/workspace/igho/video_695_rango_30600_33840/frames_selected/frame_33383.png,This is a colonoscopy frame from a patient with no polyps.
/workspace/igho/video_695_rango_30600_33840/frames_selected/frame_33384.png,This is a colonoscopy frame from a patient with no polyps.
/workspace/igho/video_695_rango_30600_33840/frames_selected/frame_33385.png,This is a colonoscopy frame from a patient with no polyps.
/workspace/igho/video_695_rango_30600_33840/frames_selected/frame_33386.png,This is a colonoscopy frame from a patient with no polyps.
/workspace/igho/video_695_rango_30600_33840/frames_selected/frame_33387.png,This is a colonoscopy frame from a patient with no polyps.
/workspace/igho/video_695_rango_30600_33840/frames_selected/frame_33388.png,This is a colonoscopy frame from a patient with no polyps.
/workspace/igho/video_695_rango_30600_33840/frames_selected/frame_33389.png,This is a colonoscopy frame from a patient with no polyps.
/workspace/igho/video_695_rango_30600_33840/frames_selected/frame_33390.png,This is a colonoscopy frame from a patient with a sessile adenoma polyp measuring 4 mm located in the sigmoid colon.
/workspace/igho/video_695_rango_30600_33840/frames_selected/frame_33391.png,This is a colonoscopy frame from a patient with a sessile adenoma polyp measuring 4 mm located in the sigmoid colon.
/workspace/igho/video_695_rango_30600_33840/frames_selected/frame_33392.png,This is a colonoscopy frame from a patient with no polyps.
/workspace/igho/video_695_rango_30600_33840/frames_selected/frame_33393.png,This is a colonoscopy frame from a patient with a sessile adenoma polyp measuring 4 mm located in the sigmoid colon.
/workspace/igho/video_695_rango_30600_33840/frames_selected/frame_33394.png,This is a colonoscopy frame from a patient with a sessile adenoma polyp measuring 4 mm located in the sigmoid colon.
/workspace/igho/video_695_rango_30600_33840/frames_selected/frame_33395.png,This is a colonoscopy frame from a patient with no polyps.
/workspace/igho/video_695_rango_30600_33840/frames_selected/frame_33396.png,This is a colonoscopy frame from a patient with no polyps.
/workspace/igho/video_695_rango_30600_33840/frames_selected/frame_33397.png,This is a colonoscopy frame from a patient with no polyps.
/workspace/igho/video_695_rango_30600_33840/frames_selected/frame_33398.png,This is a colonoscopy frame from a patient with a sessile adenoma polyp measuring 4 mm located in the sigmoid colon.
/workspace/igho/video_695_rango_30600_33840/frames_selected/frame_33399.png,This is a colonoscopy frame from a patient with no polyps.
/workspace/igho/video_695_rango_30600_33840/frames_selected/frame_33400.png,This is a colonoscopy frame from a patient with no polyps.
/workspace/igho/video_695_rango_30600_33840/frames_selected/frame_33401.png,This is a colonoscopy frame from a patient with a sessile adenoma polyp measuring 4 mm located in the sigmoid colon.
/workspace/igho/video_695_rango_30600_33840/frames_selected/frame_33402.png,This is a colonoscopy frame from a patient with no polyps.
/workspace/igho/video_695_rango_30600_33840/frames_selected/frame_33403.png,This is a colonoscopy frame from a patient with no polyps.
/workspace/igho/video_695_rango_30600_33840/frames_selected/frame_33404.png,This is a colonoscopy frame from a patient with no polyps.
/workspace/igho/video_695_rango_30600_33840/frames_selected/frame_33405.png,This is a colonoscopy frame from a patient with a sessile adenoma polyp measuring 4 mm located in the rectum.
/workspace/igho/video_695_rango_30600_33840/frames_selected/frame_33406.png,This is a colonoscopy frame from a patient with a sessile adenoma polyp measuring 4 mm located in the rectum.
/workspace/igho/video_695_rango_30600_33840/frames_selected/frame_33407.png,This is a colonoscopy frame from a patient with no polyps.
/workspace/igho/video_695_rango_30600_33840/frames_selected/frame_33408.png,This is a colonoscopy frame from a patient with a sessile adenoma polyp measuring 4 mm located in the sigmoid colon.
/workspace/igho/video_695_rango_30600_33840/frames_selected/frame_33409.png,This is a colonoscopy frame from a patient with a sessile adenoma polyp measuring 4 mm located in the sigmoid colon.
/workspace/igho/video_695_rango_30600_33840/frames_selected/frame_33410.png,This is a colonoscopy frame from a patient with no polyps.
/workspace/igho/video_695_rango_30600_33840/frames_selected/frame_33411.png,This is a colonoscopy frame from a patient with a sessile adenoma polyp measuring 4 mm located in the sigmoid colon.
/workspace/igho/video_695_rango_30600_33840/frames_selected/frame_33412.png,This is a colonoscopy frame from a patient with a sessile adenoma polyp measuring 4 mm located in the sigmoid colon.
/workspace/igho/video_695_rango_30600_33840/frames_selected/frame_33413.png,This is a colonoscopy frame from a patient with a sessile adenoma polyp measuring 4 mm located in the rectum.
/workspace/igho/video_695_rango_30600_33840/frames_selected/frame_33414.png,This is a colonoscopy frame from a patient with no polyps.
/workspace/igho/video_695_rango_30600_33840/frames_selected/frame_33415.png,This is a colonoscopy frame from a patient with no polyps.
/workspace/igho/video_695_rango_30600_33840/frames_selected/frame_33416.png,This is a colonoscopy frame from a patient with a sessile adenoma polyp measuring 4 mm located in the sigmoid colon.
/workspace/igho/video_695_rango_30600_33840/frames_selected/frame_33417.png,This is a colonoscopy frame from a patient with no polyps.
/workspace/igho/video_695_rango_30600_33840/frames_selected/frame_33418.png,This is a colonoscopy frame from a patient with no polyps.
/workspace/igho/video_695_rango_30600_33840/frames_selected/frame_33419.png,This is a colonoscopy frame from a patient with a sessile adenoma polyp measuring 4 mm located in the sigmoid colon.
/workspace/igho/video_695_rango_30600_33840/frames_selected/frame_33420.png,This is a colonoscopy frame from a patient with no polyps.
/workspace/igho/video_695_rango_30600_33840/frames_selected/frame_33421.png,This is a colonoscopy frame from a patient with no polyps.
/workspace/igho/video_695_rango_30600_33840/frames_selected/frame_33422.png,This is a colonoscopy frame from a patient with no polyps.
/workspace/igho/video_695_rango_30600_33840/frames_selected/frame_33423.png,This is a colonoscopy frame from a patient with a sessile adenoma polyp measuring 4 mm located in the sigmoid colon.
/workspace/igho/video_695_rango_30600_33840/frames_selected/frame_33424.png,This is a colonoscopy frame from a patient with a sessile adenoma polyp measuring 4 mm located in the sigmoid colon.
/workspace/igho/video_695_rango_30600_33840/frames_selected/frame_33425.png,This is a colonoscopy frame from a patient with no polyps.
/workspace/igho/video_695_rango_30600_33840/frames_selected/frame_33426.png,This is a colonoscopy frame from a patient with no polyps.
/workspace/igho/video_695_rango_30600_33840/frames_selected/frame_33427.png,This is a colonoscopy frame from a patient with no polyps.
/workspace/igho/video_695_rango_30600_33840/frames_selected/frame_33428.png,This is a colonoscopy frame from a patient with no polyps.
/workspace/igho/video_695_rango_30600_33840/frames_selected/frame_33429.png,This is a colonoscopy frame from a patient with no polyps.
/workspace/igho/video_695_rango_30600_33840/frames_selected/frame_33430.png,This is a colonoscopy frame from a patient with no polyps.
/workspace/igho/video_695_rango_30600_33840/frames_selected/frame_33431.png,This is a colonoscopy frame from a patient with a sessile adenoma polyp measuring 4 mm located in the sigmoid colon.
/workspace/igho/video_695_rango_30600_33840/frames_selected/frame_33432.png,This is a colonoscopy frame from a patient with a sessile adenoma polyp measuring 4 mm located in the sigmoid colon.
/workspace/igho/video_695_rango_30600_33840/frames_selected/frame_33433.png,This is a colonoscopy frame from a patient with a sessile adenoma polyp measuring 4 mm located in the sigmoid colon.
/workspace/igho/video_695_rango_30600_33840/frames_selected/frame_33434.png,This is a colonoscopy frame from a patient with no polyps.
/workspace/igho/video_695_rango_30600_33840/frames_selected/frame_33435.png,This is a colonoscopy frame from a patient with a sessile adenoma polyp measuring 4 mm located in the sigmoid colon.
/workspace/igho/video_695_rango_30600_33840/frames_selected/frame_33436.png,This is a colonoscopy frame from a patient with a sessile adenoma polyp measuring 4 mm located in the sigmoid colon.
/workspace/igho/video_695_rango_30600_33840/frames_selected/frame_33437.png,This is a colonoscopy frame from a patient with no polyps.
/workspace/igho/video_695_rango_30600_33840/frames_selected/frame_33438.png,This is a colonoscopy frame from a patient with a sessile adenoma polyp measuring 4 mm located in the sigmoid colon.
/workspace/igho/video_695_rango_30600_33840/frames_selected/frame_33439.png,This is a colonoscopy frame from a patient with a sessile adenoma polyp measuring 4 mm located in the sigmoid colon.
/workspace/igho/video_695_rango_30600_33840/frames_selected/frame_33440.png,This is a colonoscopy frame from a patient with a sessile adenoma polyp measuring 4 mm located in the sigmoid colon.
/workspace/igho/video_695_rango_30600_33840/frames_selected/frame_33441.png,This is a colonoscopy frame from a patient with no polyps.
/workspace/igho/video_695_rango_30600_33840/frames_selected/frame_33442.png,This is a colonoscopy frame from a patient with no polyps.
/workspace/igho/video_695_rango_30600_33840/frames_selected/frame_33443.png,This is a colonoscopy frame from a patient with a sessile adenoma polyp measuring 4 mm located in the sigmoid colon.
/workspace/igho/video_695_rango_30600_33840/frames_selected/frame_33444.png,This is a colonoscopy frame from a patient with no polyps.
/workspace/igho/video_695_rango_30600_33840/frames_selected/frame_33445.png,This is a colonoscopy frame from a patient with no polyps.
/workspace/igho/video_695_rango_30600_33840/frames_selected/frame_33446.png,This is a colonoscopy frame from a patient with a sessile adenoma polyp measuring 4 mm located in the sigmoid colon.
/workspace/igho/video_695_rango_30600_33840/frames_selected/frame_33447.png,This is a colonoscopy frame from a patient with no polyps.
/workspace/igho/video_695_rango_30600_33840/frames_selected/frame_33448.png,This is a colonoscopy frame from a patient with no polyps.
/workspace/igho/video_695_rango_30600_33840/frames_selected/frame_33449.png,This is a colonoscopy frame from a patient with no polyps.
/workspace/igho/video_695_rango_30600_33840/frames_selected/frame_33450.png,This is a colonoscopy frame from a patient with a sessile adenoma polyp measuring 4 mm located in the sigmoid colon.
/workspace/igho/video_695_rango_30600_33840/frames_selected/frame_33451.png,This is a colonoscopy frame from a patient with a sessile adenoma polyp measuring 4 mm located in the sigmoid colon.
/workspace/igho/video_695_rango_30600_33840/frames_selected/frame_33452.png,This is a colonoscopy frame from a patient with no polyps.
/workspace/igho/video_695_rango_30600_33840/frames_selected/frame_33453.png,This is a colonoscopy frame from a patient with a sessile adenoma polyp measuring 4 mm located in the sigmoid colon.
/workspace/igho/video_695_rango_30600_33840/frames_selected/frame_33454.png,This is a colonoscopy frame from a patient with a sessile adenoma polyp measuring 4 mm located in the sigmoid colon.
/workspace/igho/video_695_rango_30600_33840/frames_selected/frame_33455.png,This is a colonoscopy frame from a patient with no polyps.
/workspace/igho/video_695_rango_30600_33840/frames_selected/frame_33456.png,This is a colonoscopy frame from a patient with no polyps.
/workspace/igho/video_695_rango_30600_33840/frames_selected/frame_33457.png,This is a colonoscopy frame from a patient with no polyps.
/workspace/igho/video_695_rango_30600_33840/frames_selected/frame_33458.png,This is a colonoscopy frame from a patient with a sessile adenoma polyp measuring 4 mm located in the sigmoid colon.
/workspace/igho/video_695_rango_30600_33840/frames_selected/frame_33459.png,This is a colonoscopy frame from a patient with a sessile adenoma polyp measuring 4 mm located in the rectum.
/workspace/igho/video_695_rango_30600_33840/frames_selected/frame_33460.png,This is a colonoscopy frame from a patient with a sessile adenoma polyp measuring 4 mm located in the rectum.
/workspace/igho/video_695_rango_30600_33840/frames_selected/frame_33461.png,This is a colonoscopy frame from a patient with a sessile adenoma polyp measuring 4 mm located in the sigmoid colon.
/workspace/igho/video_695_rango_30600_33840/frames_selected/frame_33462.png,This is a colonoscopy frame from a patient with a sessile adenoma polyp measuring 4 mm located in the rectum.
/workspace/igho/video_695_rango_30600_33840/frames_selected/frame_33463.png,This is a colonoscopy frame from a patient with a sessile adenoma polyp measuring 4 mm located in the rectum.
/workspace/igho/video_695_rango_30600_33840/frames_selected/frame_33464.png,This is a colonoscopy frame from a patient with no polyps.
/workspace/igho/video_695_rango_30600_33840/frames_selected/frame_33465.png,This is a colonoscopy frame from a patient with a sessile adenoma polyp measuring 4 mm located in the sigmoid colon.
/workspace/igho/video_695_rango_30600_33840/frames_selected/frame_33466.png,This is a colonoscopy frame from a patient with a sessile adenoma polyp measuring 4 mm located in the sigmoid colon.
/workspace/igho/video_695_rango_30600_33840/frames_selected/frame_33467.png,This is a colonoscopy frame from a patient with a sessile adenoma polyp measuring 4 mm located in the rectum.
/workspace/igho/video_695_rango_30600_33840/frames_selected/frame_33468.png,This is a colonoscopy frame from a patient with a sessile adenoma polyp measuring 4 mm located in the sigmoid colon.
/workspace/igho/video_695_rango_30600_33840/frames_selected/frame_33469.png,This is a colonoscopy frame from a patient with a sessile adenoma polyp measuring 4 mm located in the sigmoid colon.
/workspace/igho/video_695_rango_30600_33840/frames_selected/frame_33470.png,This is a colonoscopy frame from a patient with a sessile adenoma polyp measuring 4 mm located in the rectum.
/workspace/igho/video_695_rango_30600_33840/frames_selected/frame_33471.png,This is a colonoscopy frame from a patient with a sessile adenoma polyp measuring 4 mm located in the sigmoid colon.
/workspace/igho/video_695_rango_30600_33840/frames_selected/frame_33472.png,This is a colonoscopy frame from a patient with a sessile adenoma polyp measuring 4 mm located in the sigmoid colon.
/workspace/igho/video_695_rango_30600_33840/frames_selected/frame_33473.png,This is a colonoscopy frame from a patient with a sessile adenoma polyp measuring 4 mm located in the sigmoid colon.
/workspace/igho/video_695_rango_30600_33840/frames_selected/frame_33474.png,This is a colonoscopy frame from a patient with a sessile adenoma polyp measuring 4 mm located in the sigmoid colon.
/workspace/igho/video_695_rango_30600_33840/frames_selected/frame_33475.png,This is a colonoscopy frame from a patient with a sessile adenoma polyp measuring 4 mm located in the sigmoid colon.
/workspace/igho/video_695_rango_30600_33840/frames_selected/frame_33476.png,This is a colonoscopy frame from a patient with a sessile adenoma polyp measuring 4 mm located in the sigmoid colon.
/workspace/igho/video_695_rango_30600_33840/frames_selected/frame_33477.png,This is a colonoscopy frame from a patient with no polyps.
/workspace/igho/video_695_rango_30600_33840/frames_selected/frame_33478.png,This is a colonoscopy frame from a patient with no polyps.
/workspace/igho/video_695_rango_30600_33840/frames_selected/frame_33479.png,This is a colonoscopy frame from a patient with a sessile adenoma polyp measuring 4 mm located in the sigmoid colon.
/workspace/igho/video_695_rango_30600_33840/frames_selected/frame_33480.png,This is a colonoscopy frame from a patient with no polyps.
/workspace/igho/video_695_rango_30600_33840/frames_selected/frame_33481.png,This is a colonoscopy frame from a patient with no polyps.
/workspace/igho/video_695_rango_30600_33840/frames_selected/frame_33482.png,This is a colonoscopy frame from a patient with a sessile adenoma polyp measuring 4 mm located in the sigmoid colon.
/workspace/igho/video_695_rango_30600_33840/frames_selected/frame_33483.png,This is a colonoscopy frame from a patient with no polyps.
/workspace/igho/video_695_rango_30600_33840/frames_selected/frame_33484.png,This is a colonoscopy frame from a patient with no polyps.
/workspace/igho/video_695_rango_30600_33840/frames_selected/frame_33485.png,This is a colonoscopy frame from a patient with no polyps.
/workspace/igho/video_695_rango_30600_33840/frames_selected/frame_33486.png,This is a colonoscopy frame from a patient with a sessile adenoma polyp measuring 4 mm located in the sigmoid colon.
/workspace/igho/video_695_rango_30600_33840/frames_selected/frame_33487.png,This is a colonoscopy frame from a patient with a sessile adenoma polyp measuring 4 mm located in the sigmoid colon.
/workspace/igho/video_695_rango_30600_33840/frames_selected/frame_33488.png,This is a colonoscopy frame from a patient with no polyps.
/workspace/igho/video_695_rango_30600_33840/frames_selected/frame_33489.png,This is a colonoscopy frame from a patient with a sessile adenoma polyp measuring 4 mm located in the rectum.
/workspace/igho/video_695_rango_30600_33840/frames_selected/frame_33490.png,This is a colonoscopy frame from a patient with a sessile adenoma polyp measuring 4 mm located in the rectum.
/workspace/igho/video_695_rango_30600_33840/frames_selected/frame_33491.png,This is a colonoscopy frame from a patient with no polyps.
/workspace/igho/video_695_rango_30600_33840/frames_selected/frame_33492.png,This is a colonoscopy frame from a patient with a sessile adenoma polyp measuring 5 mm located in the rectum.
/workspace/igho/video_695_rango_30600_33840/frames_selected/frame_33493.png,This is a colonoscopy frame from a patient with a sessile adenoma polyp measuring 5 mm located in the rectum.
/workspace/igho/video_695_rango_30600_33840/frames_selected/frame_33494.png,This is a colonoscopy frame from a patient with a sessile adenoma polyp measuring 4 mm located in the sigmoid colon.
/workspace/igho/video_695_rango_30600_33840/frames_selected/frame_33495.png,This is a colonoscopy frame from a patient with a sessile adenoma polyp measuring 5 mm located in the rectum.
/workspace/igho/video_695_rango_30600_33840/frames_selected/frame_33496.png,This is a colonoscopy frame from a patient with a sessile adenoma polyp measuring 5 mm located in the rectum.
/workspace/igho/video_695_rango_30600_33840/frames_selected/frame_33497.png,This is a colonoscopy frame from a patient with a sessile adenoma polyp measuring 4 mm located in the rectum.
/workspace/igho/video_695_rango_30600_33840/frames_selected/frame_33498.png,This is a colonoscopy frame from a patient with a sessile adenoma polyp measuring 5 mm located in the rectum.
/workspace/igho/video_695_rango_30600_33840/frames_selected/frame_33499.png,This is a colonoscopy frame from a patient with a sessile adenoma polyp measuring 5 mm located in the rectum.
/workspace/igho/video_695_rango_30600_33840/frames_selected/frame_33500.png,This is a colonoscopy frame from a patient with a sessile adenoma polyp measuring 5 mm located in the rectum.
/workspace/igho/video_695_rango_30600_33840/frames_selected/frame_33501.png,This is a colonoscopy frame from a patient with a sessile adenoma polyp measuring 5 mm located in the rectum.
/workspace/igho/video_695_rango_30600_33840/frames_selected/frame_33502.png,This is a colonoscopy frame from a patient with a sessile adenoma polyp measuring 5 mm located in the rectum.
/workspace/igho/video_695_rango_30600_33840/frames_selected/frame_33503.png,This is a colonoscopy frame from a patient with a sessile adenoma polyp measuring 5 mm located in the rectum.
/workspace/igho/video_695_rango_30600_33840/frames_selected/frame_33504.png,This is a colonoscopy frame from a patient with a sessile adenoma polyp measuring 4 mm located in the rectum.
/workspace/igho/video_695_rango_30600_33840/frames_selected/frame_33505.png,This is a colonoscopy frame from a patient with a sessile adenoma polyp measuring 4 mm located in the rectum.
/workspace/igho/video_695_rango_30600_33840/frames_selected/frame_33506.png,This is a colonoscopy frame from a patient with a sessile adenoma polyp measuring 5 mm located in the rectum.
/workspace/igho/video_695_rango_30600_33840/frames_selected/frame_33507.png,This is a colonoscopy frame from a patient with a sessile adenoma polyp measuring 5 mm located in the rectum.
/workspace/igho/video_695_rango_30600_33840/frames_selected/frame_33508.png,This is a colonoscopy frame from a patient with a sessile adenoma polyp measuring 5 mm located in the rectum.
/workspace/igho/video_695_rango_30600_33840/frames_selected/frame_33509.png,This is a colonoscopy frame from a patient with a sessile adenoma polyp measuring 5 mm located in the rectum.
/workspace/igho/video_695_rango_30600_33840/frames_selected/frame_33510.png,This is a colonoscopy frame from a patient with a sessile adenoma polyp measuring 4 mm located in the rectum.
/workspace/igho/video_695_rango_30600_33840/frames_selected/frame_33511.png,This is a colonoscopy frame from a patient with a sessile adenoma polyp measuring 4 mm located in the rectum.
/workspace/igho/video_695_rango_30600_33840/frames_selected/frame_33512.png,This is a colonoscopy frame from a patient with a sessile adenoma polyp measuring 4 mm located in the rectum.
/workspace/igho/video_695_rango_30600_33840/frames_selected/frame_33513.png,This is a colonoscopy frame from a patient with a sessile adenoma polyp measuring 4 mm located in the rectum.
/workspace/igho/video_695_rango_30600_33840/frames_selected/frame_33514.png,This is a colonoscopy frame from a patient with a sessile adenoma polyp measuring 4 mm located in the rectum.
/workspace/igho/video_695_rango_30600_33840/frames_selected/frame_33515.png,This is a colonoscopy frame from a patient with a sessile adenoma polyp measuring 5 mm located in the rectum.
/workspace/igho/video_695_rango_30600_33840/frames_selected/frame_33516.png,This is a colonoscopy frame from a patient with a sessile adenoma polyp measuring 4 mm located in the rectum.
/workspace/igho/video_695_rango_30600_33840/frames_selected/frame_33517.png,This is a colonoscopy frame from a patient with a sessile adenoma polyp measuring 4 mm located in the rectum.
/workspace/igho/video_695_rango_30600_33840/frames_selected/frame_33518.png,This is a colonoscopy frame from a patient with a sessile adenoma polyp measuring 4 mm located in the rectum.
/workspace/igho/video_695_rango_30600_33840/frames_selected/frame_33519.png,This is a colonoscopy frame from a patient with a sessile adenoma polyp measuring 4 mm located in the rectum.
/workspace/igho/video_695_rango_30600_33840/frames_selected/frame_33520.png,This is a colonoscopy frame from a patient with a sessile adenoma polyp measuring 4 mm located in the rectum.
/workspace/igho/video_695_rango_30600_33840/frames_selected/frame_33521.png,This is a colonoscopy frame from a patient with a sessile adenoma polyp measuring 4 mm located in the rectum.
/workspace/igho/video_695_rango_30600_33840/frames_selected/frame_33522.png,This is a colonoscopy frame from a patient with a sessile adenoma polyp measuring 4 mm located in the rectum.
/workspace/igho/video_695_rango_30600_33840/frames_selected/frame_33523.png,This is a colonoscopy frame from a patient with a sessile adenoma polyp measuring 4 mm located in the rectum.
/workspace/igho/video_695_rango_30600_33840/frames_selected/frame_33524.png,This is a colonoscopy frame from a patient with a sessile adenoma polyp measuring 4 mm located in the rectum.
/workspace/igho/video_695_rango_30600_33840/frames_selected/frame_33525.png,This is a colonoscopy frame from a patient with a sessile adenoma polyp measuring 4 mm located in the rectum.
/workspace/igho/video_695_rango_30600_33840/frames_selected/frame_33526.png,This is a colonoscopy frame from a patient with a sessile adenoma polyp measuring 4 mm located in the rectum.
/workspace/igho/video_695_rango_30600_33840/frames_selected/frame_33527.png,This is a colonoscopy frame from a patient with a sessile adenoma polyp measuring 4 mm located in the rectum.
/workspace/igho/video_695_rango_30600_33840/frames_selected/frame_33528.png,This is a colonoscopy frame from a patient with a sessile adenoma polyp measuring 4 mm located in the rectum.
/workspace/igho/video_695_rango_30600_33840/frames_selected/frame_33529.png,This is a colonoscopy frame from a patient with a sessile adenoma polyp measuring 4 mm located in the rectum.
/workspace/igho/video_695_rango_30600_33840/frames_selected/frame_33530.png,This is a colonoscopy frame from a patient with a sessile adenoma polyp measuring 4 mm located in the rectum.
/workspace/igho/video_695_rango_30600_33840/frames_selected/frame_33531.png,This is a colonoscopy frame from a patient with a sessile adenoma polyp measuring 4 mm located in the rectum.
/workspace/igho/video_695_rango_30600_33840/frames_selected/frame_33532.png,This is a colonoscopy frame from a patient with a sessile adenoma polyp measuring 4 mm located in the rectum.
/workspace/igho/video_695_rango_30600_33840/frames_selected/frame_33533.png,This is a colonoscopy frame from a patient with a sessile adenoma polyp measuring 4 mm located in the rectum.
/workspace/igho/video_695_rango_30600_33840/frames_selected/frame_33534.png,This is a colonoscopy frame from a patient with a sessile adenoma polyp measuring 4 mm located in the rectum.
/workspace/igho/video_695_rango_30600_33840/frames_selected/frame_33535.png,This is a colonoscopy frame from a patient with a sessile adenoma polyp measuring 4 mm located in the rectum.
/workspace/igho/video_695_rango_30600_33840/frames_selected/frame_33536.png,This is a colonoscopy frame from a patient with a sessile adenoma polyp measuring 4 mm located in the rectum.
/workspace/igho/video_695_rango_30600_33840/frames_selected/frame_33537.png,This is a colonoscopy frame from a patient with a sessile adenoma polyp measuring 4 mm located in the rectum.
/workspace/igho/video_695_rango_30600_33840/frames_selected/frame_33538.png,This is a colonoscopy frame from a patient with a sessile adenoma polyp measuring 4 mm located in the rectum.
/workspace/igho/video_695_rango_30600_33840/frames_selected/frame_33539.png,This is a colonoscopy frame from a patient with a sessile adenoma polyp measuring 4 mm located in the rectum.
/workspace/igho/video_695_rango_30600_33840/frames_selected/frame_33540.png,This is a colonoscopy frame from a patient with a sessile adenoma polyp measuring 4 mm located in the rectum.
/workspace/igho/video_695_rango_30600_33840/frames_selected/frame_33541.png,This is a colonoscopy frame from a patient with a sessile adenoma polyp measuring 4 mm located in the rectum.
/workspace/igho/video_695_rango_30600_33840/frames_selected/frame_33542.png,This is a colonoscopy frame from a patient with a sessile adenoma polyp measuring 4 mm located in the rectum.
/workspace/igho/video_695_rango_30600_33840/frames_selected/frame_33543.png,This is a colonoscopy frame from a patient with a sessile adenoma polyp measuring 4 mm located in the rectum.
/workspace/igho/video_695_rango_30600_33840/frames_selected/frame_33544.png,This is a colonoscopy frame from a patient with a sessile adenoma polyp measuring 4 mm located in the rectum.
/workspace/igho/video_695_rango_30600_33840/frames_selected/frame_33545.png,This is a colonoscopy frame from a patient with a sessile adenoma polyp measuring 4 mm located in the rectum.
/workspace/igho/video_695_rango_30600_33840/frames_selected/frame_33546.png,This is a colonoscopy frame from a patient with a flat elevated mucosal adenoma polyp measuring 3 mm located in the rectum.
/workspace/igho/video_695_rango_30600_33840/frames_selected/frame_33547.png,This is a colonoscopy frame from a patient with a flat elevated mucosal adenoma polyp measuring 3 mm located in the rectum.
/workspace/igho/video_695_rango_30600_33840/frames_selected/frame_33548.png,This is a colonoscopy frame from a patient with a sessile adenoma polyp measuring 4 mm located in the rectum.
/workspace/igho/video_695_rango_30600_33840/frames_selected/frame_33549.png,This is a colonoscopy frame from a patient with a sessile adenoma polyp measuring 4 mm located in the rectum.
/workspace/igho/video_695_rango_30600_33840/frames_selected/frame_33550.png,This is a colonoscopy frame from a patient with a sessile adenoma polyp measuring 4 mm located in the rectum.
/workspace/igho/video_695_rango_30600_33840/frames_selected/frame_33551.png,This is a colonoscopy frame from a patient with a sessile adenoma polyp measuring 4 mm located in the rectum.
/workspace/igho/video_695_rango_30600_33840/frames_selected/frame_33552.png,This is a colonoscopy frame from a patient with a sessile adenoma polyp measuring 5 mm located in the rectum.
/workspace/igho/video_695_rango_30600_33840/frames_selected/frame_33553.png,This is a colonoscopy frame from a patient with a sessile adenoma polyp measuring 5 mm located in the rectum.
/workspace/igho/video_695_rango_30600_33840/frames_selected/frame_33554.png,This is a colonoscopy frame from a patient with a flat elevated mucosal adenoma polyp measuring 3 mm located in the rectum.
/workspace/igho/video_695_rango_30600_33840/frames_selected/frame_33555.png,This is a colonoscopy frame from a patient with a sessile adenoma polyp measuring 5 mm located in the rectum.
/workspace/igho/video_695_rango_30600_33840/frames_selected/frame_33556.png,This is a colonoscopy frame from a patient with a sessile adenoma polyp measuring 5 mm located in the rectum.
/workspace/igho/video_695_rango_30600_33840/frames_selected/frame_33557.png,This is a colonoscopy frame from a patient with a sessile adenoma polyp measuring 4 mm located in the rectum.
/workspace/igho/video_695_rango_30600_33840/frames_selected/frame_33558.png,This is a colonoscopy frame from a patient with a sessile adenoma polyp measuring 5 mm located in the rectum.
/workspace/igho/video_695_rango_30600_33840/frames_selected/frame_33559.png,This is a colonoscopy frame from a patient with a sessile adenoma polyp measuring 5 mm located in the rectum.
/workspace/igho/video_695_rango_30600_33840/frames_selected/frame_33560.png,This is a colonoscopy frame from a patient with a sessile adenoma polyp measuring 5 mm located in the rectum.
/workspace/igho/video_695_rango_30600_33840/frames_selected/frame_33561.png,This is a colonoscopy frame from a patient with a sessile adenoma polyp measuring 5 mm located in the rectum.
/workspace/igho/video_695_rango_30600_33840/frames_selected/frame_33562.png,This is a colonoscopy frame from a patient with a sessile adenoma polyp measuring 5 mm located in the rectum.
/workspace/igho/video_695_rango_30600_33840/frames_selected/frame_33563.png,This is a colonoscopy frame from a patient with a sessile adenoma polyp measuring 5 mm located in the rectum.
/workspace/igho/video_695_rango_30600_33840/frames_selected/frame_33564.png,This is a colonoscopy frame from a patient with a sessile adenoma polyp measuring 5 mm located in the rectum.
/workspace/igho/video_695_rango_30600_33840/frames_selected/frame_33565.png,This is a colonoscopy frame from a patient with a sessile adenoma polyp measuring 5 mm located in the rectum.
/workspace/igho/video_695_rango_30600_33840/frames_selected/frame_33566.png,This is a colonoscopy frame from a patient with a sessile adenoma polyp measuring 5 mm located in the rectum.
/workspace/igho/video_695_rango_30600_33840/frames_selected/frame_33567.png,This is a colonoscopy frame from a patient with a sessile adenoma polyp measuring 5 mm located in the rectum.
/workspace/igho/video_695_rango_30600_33840/frames_selected/frame_33568.png,This is a colonoscopy frame from a patient with a sessile adenoma polyp measuring 5 mm located in the rectum.
/workspace/igho/video_695_rango_30600_33840/frames_selected/frame_33569.png,This is a colonoscopy frame from a patient with a sessile adenoma polyp measuring 5 mm located in the rectum.
/workspace/igho/video_695_rango_30600_33840/frames_selected/frame_33570.png,This is a colonoscopy frame from a patient with a sessile adenoma polyp measuring 5 mm located in the rectum.
/workspace/igho/video_695_rango_30600_33840/frames_selected/frame_33571.png,This is a colonoscopy frame from a patient with a sessile adenoma polyp measuring 5 mm located in the rectum.
/workspace/igho/video_695_rango_30600_33840/frames_selected/frame_33572.png,This is a colonoscopy frame from a patient with a sessile adenoma polyp measuring 5 mm located in the rectum.
/workspace/igho/video_695_rango_30600_33840/frames_selected/frame_33573.png,This is a colonoscopy frame from a patient with a sessile adenoma polyp measuring 5 mm located in the rectum.
/workspace/igho/video_695_rango_30600_33840/frames_selected/frame_33574.png,This is a colonoscopy frame from a patient with a sessile adenoma polyp measuring 5 mm located in the rectum.
/workspace/igho/video_695_rango_30600_33840/frames_selected/frame_33575.png,This is a colonoscopy frame from a patient with a sessile adenoma polyp measuring 5 mm located in the rectum.
/workspace/igho/video_695_rango_30600_33840/frames_selected/frame_33576.png,This is a colonoscopy frame from a patient with a sessile adenoma polyp measuring 5 mm located in the rectum.
/workspace/igho/video_695_rango_30600_33840/frames_selected/frame_33577.png,This is a colonoscopy frame from a patient with a sessile adenoma polyp measuring 5 mm located in the rectum.
/workspace/igho/video_695_rango_30600_33840/frames_selected/frame_33578.png,This is a colonoscopy frame from a patient with a sessile adenoma polyp measuring 5 mm located in the rectum.
/workspace/igho/video_695_rango_30600_33840/frames_selected/frame_33579.png,This is a colonoscopy frame from a patient with a sessile adenoma polyp measuring 5 mm located in the rectum.
/workspace/igho/video_695_rango_30600_33840/frames_selected/frame_33580.png,This is a colonoscopy frame from a patient with a sessile adenoma polyp measuring 5 mm located in the rectum.
/workspace/igho/video_695_rango_30600_33840/frames_selected/frame_33581.png,This is a colonoscopy frame from a patient with a sessile adenoma polyp measuring 5 mm located in the rectum.
/workspace/igho/video_695_rango_30600_33840/frames_selected/frame_33582.png,This is a colonoscopy frame from a patient with a sessile adenoma polyp measuring 5 mm located in the rectum.
/workspace/igho/video_695_rango_30600_33840/frames_selected/frame_33583.png,This is a colonoscopy frame from a patient with a sessile adenoma polyp measuring 5 mm located in the rectum.
/workspace/igho/video_695_rango_30600_33840/frames_selected/frame_33584.png,This is a colonoscopy frame from a patient with a sessile adenoma polyp measuring 5 mm located in the rectum.
/workspace/igho/video_695_rango_30600_33840/frames_selected/frame_33585.png,This is a colonoscopy frame from a patient with a sessile adenoma polyp measuring 4 mm located in the rectum.
/workspace/igho/video_695_rango_30600_33840/frames_selected/frame_33586.png,This is a colonoscopy frame from a patient with a sessile adenoma polyp measuring 4 mm located in the rectum.
/workspace/igho/video_695_rango_30600_33840/frames_selected/frame_33587.png,This is a colonoscopy frame from a patient with a sessile adenoma polyp measuring 5 mm located in the rectum.
/workspace/igho/video_695_rango_30600_33840/frames_selected/frame_33588.png,This is a colonoscopy frame from a patient with a sessile adenoma polyp measuring 4 mm located in the rectum.
/workspace/igho/video_695_rango_30600_33840/frames_selected/frame_33589.png,This is a colonoscopy frame from a patient with a sessile adenoma polyp measuring 4 mm located in the rectum.
/workspace/igho/video_695_rango_30600_33840/frames_selected/frame_33590.png,This is a colonoscopy frame from a patient with a sessile adenoma polyp measuring 5 mm located in the rectum.
/workspace/igho/video_695_rango_30600_33840/frames_selected/frame_33591.png,This is a colonoscopy frame from a patient with a sessile adenoma polyp measuring 4 mm located in the rectum.
/workspace/igho/video_695_rango_30600_33840/frames_selected/frame_33592.png,This is a colonoscopy frame from a patient with a sessile adenoma polyp measuring 4 mm located in the rectum.
/workspace/igho/video_695_rango_30600_33840/frames_selected/frame_33593.png,This is a colonoscopy frame from a patient with a sessile adenoma polyp measuring 4 mm located in the rectum.
/workspace/igho/video_695_rango_30600_33840/frames_selected/frame_33594.png,This is a colonoscopy frame from a patient with a sessile adenoma polyp measuring 5 mm located in the rectum.
/workspace/igho/video_695_rango_30600_33840/frames_selected/frame_33595.png,This is a colonoscopy frame from a patient with a sessile adenoma polyp measuring 5 mm located in the rectum.
/workspace/igho/video_695_rango_30600_33840/frames_selected/frame_33596.png,This is a colonoscopy frame from a patient with a sessile adenoma polyp measuring 4 mm located in the rectum.
/workspace/igho/video_695_rango_30600_33840/frames_selected/frame_33597.png,This is a colonoscopy frame from a patient with a sessile adenoma polyp measuring 5 mm located in the rectum.
/workspace/igho/video_695_rango_30600_33840/frames_selected/frame_33598.png,This is a colonoscopy frame from a patient with a sessile adenoma polyp measuring 5 mm located in the rectum.
/workspace/igho/video_695_rango_30600_33840/frames_selected/frame_33599.png,This is a colonoscopy frame from a patient with a sessile adenoma polyp measuring 4 mm located in the rectum.
/workspace/igho/video_695_rango_30600_33840/frames_selected/frame_33600.png,This is a colonoscopy frame from a patient with a sessile adenoma polyp measuring 5 mm located in the rectum.
/workspace/igho/video_695_rango_30600_33840/frames_selected/frame_33601.png,This is a colonoscopy frame from a patient with a sessile adenoma polyp measuring 5 mm located in the rectum.
/workspace/igho/video_695_rango_30600_33840/frames_selected/frame_33602.png,This is a colonoscopy frame from a patient with a sessile adenoma polyp measuring 5 mm located in the rectum.
/workspace/igho/video_695_rango_30600_33840/frames_selected/frame_33603.png,This is a colonoscopy frame from a patient with a sessile adenoma polyp measuring 4 mm located in the rectum.
/workspace/igho/video_695_rango_30600_33840/frames_selected/frame_33604.png,This is a colonoscopy frame from a patient with a sessile adenoma polyp measuring 4 mm located in the rectum.
/workspace/igho/video_695_rango_30600_33840/frames_selected/frame_33605.png,This is a colonoscopy frame from a patient with a sessile adenoma polyp measuring 5 mm located in the rectum.
/workspace/igho/video_695_rango_30600_33840/frames_selected/frame_33606.png,This is a colonoscopy frame from a patient with a sessile adenoma polyp measuring 4 mm located in the rectum.
/workspace/igho/video_695_rango_30600_33840/frames_selected/frame_33607.png,This is a colonoscopy frame from a patient with a sessile adenoma polyp measuring 4 mm located in the rectum.
/workspace/igho/video_695_rango_30600_33840/frames_selected/frame_33608.png,This is a colonoscopy frame from a patient with a sessile adenoma polyp measuring 5 mm located in the rectum.
/workspace/igho/video_695_rango_30600_33840/frames_selected/frame_33609.png,This is a colonoscopy frame from a patient with a sessile adenoma polyp measuring 5 mm located in the rectum.
/workspace/igho/video_695_rango_30600_33840/frames_selected/frame_33610.png,This is a colonoscopy frame from a patient with a sessile adenoma polyp measuring 5 mm located in the rectum.
/workspace/igho/video_695_rango_30600_33840/frames_selected/frame_33611.png,This is a colonoscopy frame from a patient with a sessile adenoma polyp measuring 4 mm located in the rectum.
/workspace/igho/video_695_rango_30600_33840/frames_selected/frame_33612.png,This is a colonoscopy frame from a patient with a sessile adenoma polyp measuring 5 mm located in the rectum.
/workspace/igho/video_695_rango_30600_33840/frames_selected/frame_33613.png,This is a colonoscopy frame from a patient with a sessile adenoma polyp measuring 5 mm located in the rectum.
/workspace/igho/video_695_rango_30600_33840/frames_selected/frame_33614.png,This is a colonoscopy frame from a patient with a sessile adenoma polyp measuring 4 mm located in the rectum.
/workspace/igho/video_695_rango_30600_33840/frames_selected/frame_33615.png,This is a colonoscopy frame from a patient with a sessile adenoma polyp measuring 5 mm located in the rectum.
/workspace/igho/video_695_rango_30600_33840/frames_selected/frame_33616.png,This is a colonoscopy frame from a patient with a sessile adenoma polyp measuring 5 mm located in the rectum.
/workspace/igho/video_695_rango_30600_33840/frames_selected/frame_33617.png,This is a colonoscopy frame from a patient with a sessile adenoma polyp measuring 5 mm located in the rectum.
/workspace/igho/video_695_rango_30600_33840/frames_selected/frame_33618.png,This is a colonoscopy frame from a patient with a sessile adenoma polyp measuring 5 mm located in the rectum.
/workspace/igho/video_695_rango_30600_33840/frames_selected/frame_33619.png,This is a colonoscopy frame from a patient with a sessile adenoma polyp measuring 5 mm located in the rectum.
/workspace/igho/video_695_rango_30600_33840/frames_selected/frame_33620.png,This is a colonoscopy frame from a patient with a sessile adenoma polyp measuring 5 mm located in the rectum.
/workspace/igho/video_695_rango_30600_33840/frames_selected/frame_33621.png,This is a colonoscopy frame from a patient with a sessile adenoma polyp measuring 4 mm located in the rectum.
/workspace/igho/video_695_rango_30600_33840/frames_selected/frame_33622.png,This is a colonoscopy frame from a patient with a sessile adenoma polyp measuring 4 mm located in the rectum.
/workspace/igho/video_695_rango_30600_33840/frames_selected/frame_33623.png,This is a colonoscopy frame from a patient with a sessile adenoma polyp measuring 5 mm located in the rectum.
/workspace/igho/video_695_rango_30600_33840/frames_selected/frame_33624.png,This is a colonoscopy frame from a patient with a sessile adenoma polyp measuring 4 mm located in the rectum.
/workspace/igho/video_695_rango_30600_33840/frames_selected/frame_33625.png,This is a colonoscopy frame from a patient with a sessile adenoma polyp measuring 4 mm located in the rectum.
/workspace/igho/video_695_rango_30600_33840/frames_selected/frame_33626.png,This is a colonoscopy frame from a patient with a sessile adenoma polyp measuring 5 mm located in the rectum.
/workspace/igho/video_695_rango_30600_33840/frames_selected/frame_33627.png,This is a colonoscopy frame from a patient with a sessile adenoma polyp measuring 4 mm located in the rectum.
/workspace/igho/video_695_rango_30600_33840/frames_selected/frame_33628.png,This is a colonoscopy frame from a patient with a sessile adenoma polyp measuring 4 mm located in the rectum.
/workspace/igho/video_695_rango_30600_33840/frames_selected/frame_33629.png,This is a colonoscopy frame from a patient with a sessile adenoma polyp measuring 4 mm located in the rectum.
/workspace/igho/video_695_rango_30600_33840/frames_selected/frame_33630.png,This is a colonoscopy frame from a patient with a sessile adenoma polyp measuring 4 mm located in the rectum.
/workspace/igho/video_695_rango_30600_33840/frames_selected/frame_33631.png,This is a colonoscopy frame from a patient with a sessile adenoma polyp measuring 4 mm located in the rectum.
/workspace/igho/video_695_rango_30600_33840/frames_selected/frame_33632.png,This is a colonoscopy frame from a patient with a sessile adenoma polyp measuring 4 mm located in the rectum.
/workspace/igho/video_695_rango_30600_33840/frames_selected/frame_33633.png,This is a colonoscopy frame from a patient with a sessile adenoma polyp measuring 4 mm located in the rectum.
/workspace/igho/video_695_rango_30600_33840/frames_selected/frame_33634.png,This is a colonoscopy frame from a patient with a sessile adenoma polyp measuring 4 mm located in the rectum.
/workspace/igho/video_695_rango_30600_33840/frames_selected/frame_33635.png,This is a colonoscopy frame from a patient with a sessile adenoma polyp measuring 4 mm located in the rectum.
/workspace/igho/video_695_rango_30600_33840/frames_selected/frame_33636.png,This is a colonoscopy frame from a patient with a sessile adenoma polyp measuring 5 mm located in the rectum.
/workspace/igho/video_695_rango_30600_33840/frames_selected/frame_33637.png,This is a colonoscopy frame from a patient with a sessile adenoma polyp measuring 5 mm located in the rectum.
/workspace/igho/video_695_rango_30600_33840/frames_selected/frame_33638.png,This is a colonoscopy frame from a patient with a sessile adenoma polyp measuring 4 mm located in the rectum.
/workspace/igho/video_695_rango_30600_33840/frames_selected/frame_33639.png,This is a colonoscopy frame from a patient with a sessile adenoma polyp measuring 4 mm located in the rectum.
/workspace/igho/video_695_rango_30600_33840/frames_selected/frame_33640.png,This is a colonoscopy frame from a patient with a sessile adenoma polyp measuring 4 mm located in the rectum.
/workspace/igho/video_695_rango_30600_33840/frames_selected/frame_33641.png,This is a colonoscopy frame from a patient with a sessile adenoma polyp measuring 4 mm located in the rectum.
/workspace/igho/video_695_rango_30600_33840/frames_selected/frame_33642.png,This is a colonoscopy frame from a patient with a sessile adenoma polyp measuring 4 mm located in the rectum.
/workspace/igho/video_695_rango_30600_33840/frames_selected/frame_33643.png,This is a colonoscopy frame from a patient with a sessile adenoma polyp measuring 4 mm located in the rectum.
/workspace/igho/video_695_rango_30600_33840/frames_selected/frame_33644.png,This is a colonoscopy frame from a patient with a sessile adenoma polyp measuring 5 mm located in the rectum.
/workspace/igho/video_695_rango_30600_33840/frames_selected/frame_33645.png,This is a colonoscopy frame from a patient with a sessile adenoma polyp measuring 4 mm located in the rectum.
/workspace/igho/video_695_rango_30600_33840/frames_selected/frame_33646.png,This is a colonoscopy frame from a patient with a sessile adenoma polyp measuring 4 mm located in the rectum.
/workspace/igho/video_695_rango_30600_33840/frames_selected/frame_33647.png,This is a colonoscopy frame from a patient with a sessile adenoma polyp measuring 4 mm located in the rectum.
/workspace/igho/video_695_rango_30600_33840/frames_selected/frame_33648.png,This is a colonoscopy frame from a patient with a sessile adenoma polyp measuring 4 mm located in the rectum.
/workspace/igho/video_695_rango_30600_33840/frames_selected/frame_33649.png,This is a colonoscopy frame from a patient with a sessile adenoma polyp measuring 4 mm located in the rectum.
/workspace/igho/video_695_rango_30600_33840/frames_selected/frame_33650.png,This is a colonoscopy frame from a patient with a sessile adenoma polyp measuring 4 mm located in the rectum.
/workspace/igho/video_695_rango_30600_33840/frames_selected/frame_33651.png,This is a colonoscopy frame from a patient with a sessile adenoma polyp measuring 4 mm located in the rectum.
/workspace/igho/video_695_rango_30600_33840/frames_selected/frame_33652.png,This is a colonoscopy frame from a patient with a sessile adenoma polyp measuring 4 mm located in the rectum.
/workspace/igho/video_695_rango_30600_33840/frames_selected/frame_33653.png,This is a colonoscopy frame from a patient with a sessile adenoma polyp measuring 4 mm located in the rectum.
/workspace/igho/video_695_rango_30600_33840/frames_selected/frame_33654.png,This is a colonoscopy frame from a patient with a sessile adenoma polyp measuring 4 mm located in the rectum.
/workspace/igho/video_695_rango_30600_33840/frames_selected/frame_33655.png,This is a colonoscopy frame from a patient with a sessile adenoma polyp measuring 4 mm located in the rectum.
/workspace/igho/video_695_rango_30600_33840/frames_selected/frame_33656.png,This is a colonoscopy frame from a patient with a sessile adenoma polyp measuring 4 mm located in the rectum.
/workspace/igho/video_695_rango_30600_33840/frames_selected/frame_33657.png,This is a colonoscopy frame from a patient with a sessile adenoma polyp measuring 4 mm located in the rectum.
/workspace/igho/video_695_rango_30600_33840/frames_selected/frame_33658.png,This is a colonoscopy frame from a patient with a sessile adenoma polyp measuring 4 mm located in the rectum.
/workspace/igho/video_695_rango_30600_33840/frames_selected/frame_33659.png,This is a colonoscopy frame from a patient with a sessile adenoma polyp measuring 4 mm located in the rectum.
/workspace/igho/video_695_rango_30600_33840/frames_selected/frame_33660.png,This is a colonoscopy frame from a patient with a sessile adenoma polyp measuring 4 mm located in the rectum.
/workspace/igho/video_695_rango_30600_33840/frames_selected/frame_33661.png,This is a colonoscopy frame from a patient with a sessile adenoma polyp measuring 4 mm located in the rectum.
/workspace/igho/video_695_rango_30600_33840/frames_selected/frame_33662.png,This is a colonoscopy frame from a patient with a sessile adenoma polyp measuring 4 mm located in the rectum.
/workspace/igho/video_695_rango_30600_33840/frames_selected/frame_33663.png,This is a colonoscopy frame from a patient with a sessile adenoma polyp measuring 4 mm located in the rectum.
/workspace/igho/video_695_rango_30600_33840/frames_selected/frame_33664.png,This is a colonoscopy frame from a patient with a sessile adenoma polyp measuring 4 mm located in the rectum.
/workspace/igho/video_695_rango_30600_33840/frames_selected/frame_33665.png,This is a colonoscopy frame from a patient with a sessile adenoma polyp measuring 4 mm located in the rectum.
/workspace/igho/video_695_rango_30600_33840/frames_selected/frame_33666.png,This is a colonoscopy frame from a patient with a sessile adenoma polyp measuring 4 mm located in the rectum.
/workspace/igho/video_695_rango_30600_33840/frames_selected/frame_33667.png,This is a colonoscopy frame from a patient with a sessile adenoma polyp measuring 4 mm located in the rectum.
/workspace/igho/video_695_rango_30600_33840/frames_selected/frame_33668.png,This is a colonoscopy frame from a patient with a sessile adenoma polyp measuring 4 mm located in the rectum.
/workspace/igho/video_695_rango_30600_33840/frames_selected/frame_33669.png,This is a colonoscopy frame from a patient with a sessile adenoma polyp measuring 4 mm located in the rectum.
/workspace/igho/video_695_rango_30600_33840/frames_selected/frame_33670.png,This is a colonoscopy frame from a patient with a sessile adenoma polyp measuring 4 mm located in the rectum.
/workspace/igho/video_695_rango_30600_33840/frames_selected/frame_33671.png,This is a colonoscopy frame from a patient with a sessile adenoma polyp measuring 4 mm located in the rectum.
/workspace/igho/video_695_rango_30600_33840/frames_selected/frame_33672.png,This is a colonoscopy frame from a patient with a sessile adenoma polyp measuring 5 mm located in the rectum.
/workspace/igho/video_695_rango_30600_33840/frames_selected/frame_33673.png,This is a colonoscopy frame from a patient with a sessile adenoma polyp measuring 5 mm located in the rectum.
/workspace/igho/video_695_rango_30600_33840/frames_selected/frame_33674.png,This is a colonoscopy frame from a patient with a sessile adenoma polyp measuring 4 mm located in the rectum.
/workspace/igho/video_695_rango_30600_33840/frames_selected/frame_33675.png,This is a colonoscopy frame from a patient with a sessile adenoma polyp measuring 4 mm located in the rectum.
/workspace/igho/video_695_rango_30600_33840/frames_selected/frame_33676.png,This is a colonoscopy frame from a patient with a sessile adenoma polyp measuring 4 mm located in the rectum.
/workspace/igho/video_695_rango_30600_33840/frames_selected/frame_33677.png,This is a colonoscopy frame from a patient with a sessile adenoma polyp measuring 4 mm located in the rectum.
/workspace/igho/video_695_rango_30600_33840/frames_selected/frame_33678.png,This is a colonoscopy frame from a patient with a sessile adenoma polyp measuring 4 mm located in the rectum.
/workspace/igho/video_695_rango_30600_33840/frames_selected/frame_33679.png,This is a colonoscopy frame from a patient with a sessile adenoma polyp measuring 4 mm located in the rectum.
/workspace/igho/video_695_rango_30600_33840/frames_selected/frame_33680.png,This is a colonoscopy frame from a patient with a sessile adenoma polyp measuring 5 mm located in the rectum.
/workspace/igho/video_695_rango_30600_33840/frames_selected/frame_33681.png,This is a colonoscopy frame from a patient with a sessile adenoma polyp measuring 4 mm located in the rectum.
/workspace/igho/video_695_rango_30600_33840/frames_selected/frame_33682.png,This is a colonoscopy frame from a patient with a sessile adenoma polyp measuring 4 mm located in the rectum.
/workspace/igho/video_695_rango_30600_33840/frames_selected/frame_33683.png,This is a colonoscopy frame from a patient with a sessile adenoma polyp measuring 4 mm located in the rectum.
/workspace/igho/video_695_rango_30600_33840/frames_selected/frame_33684.png,This is a colonoscopy frame from a patient with a sessile adenoma polyp measuring 4 mm located in the rectum.
/workspace/igho/video_695_rango_30600_33840/frames_selected/frame_33685.png,This is a colonoscopy frame from a patient with a sessile adenoma polyp measuring 4 mm located in the rectum.
/workspace/igho/video_695_rango_30600_33840/frames_selected/frame_33686.png,This is a colonoscopy frame from a patient with a sessile adenoma polyp measuring 4 mm located in the rectum.
/workspace/igho/video_695_rango_30600_33840/frames_selected/frame_33687.png,This is a colonoscopy frame from a patient with no polyps.
/workspace/igho/video_695_rango_30600_33840/frames_selected/frame_33688.png,This is a colonoscopy frame from a patient with no polyps.
/workspace/igho/video_695_rango_30600_33840/frames_selected/frame_33689.png,This is a colonoscopy frame from a patient with a sessile adenoma polyp measuring 4 mm located in the rectum.
/workspace/igho/video_695_rango_30600_33840/frames_selected/frame_33690.png,This is a colonoscopy frame from a patient with no polyps.
/workspace/igho/video_695_rango_30600_33840/frames_selected/frame_33691.png,This is a colonoscopy frame from a patient with no polyps.
/workspace/igho/video_695_rango_30600_33840/frames_selected/frame_33692.png,This is a colonoscopy frame from a patient with a sessile adenoma polyp measuring 4 mm located in the rectum.
/workspace/igho/video_695_rango_30600_33840/frames_selected/frame_33693.png,This is a colonoscopy frame from a patient with a sessile adenoma polyp measuring 4 mm located in the rectum.
/workspace/igho/video_695_rango_30600_33840/frames_selected/frame_33694.png,This is a colonoscopy frame from a patient with a sessile adenoma polyp measuring 4 mm located in the rectum.
/workspace/igho/video_695_rango_30600_33840/frames_selected/frame_33695.png,This is a colonoscopy frame from a patient with no polyps.
/workspace/igho/video_695_rango_30600_33840/frames_selected/frame_33696.png,This is a colonoscopy frame from a patient with a flat elevated mucosal adenoma polyp measuring 5 mm located in the rectum.
/workspace/igho/video_695_rango_30600_33840/frames_selected/frame_33697.png,This is a colonoscopy frame from a patient with a flat elevated mucosal adenoma polyp measuring 5 mm located in the rectum.
/workspace/igho/video_695_rango_30600_33840/frames_selected/frame_33698.png,This is a colonoscopy frame from a patient with no polyps.
/workspace/igho/video_695_rango_30600_33840/frames_selected/frame_33699.png,This is a colonoscopy frame from a patient with a sessile adenoma polyp measuring 5 mm located in the rectum.
/workspace/igho/video_695_rango_30600_33840/frames_selected/frame_33700.png,This is a colonoscopy frame from a patient with a sessile adenoma polyp measuring 5 mm located in the rectum.
/workspace/igho/video_695_rango_30600_33840/frames_selected/frame_33701.png,This is a colonoscopy frame from a patient with a sessile adenoma polyp measuring 4 mm located in the rectum.
/workspace/igho/video_695_rango_30600_33840/frames_selected/frame_33702.png,This is a colonoscopy frame from a patient with a sessile adenoma polyp measuring 4 mm located in the rectum.
/workspace/igho/video_695_rango_30600_33840/frames_selected/frame_33703.png,This is a colonoscopy frame from a patient with a sessile adenoma polyp measuring 4 mm located in the rectum.
/workspace/igho/video_695_rango_30600_33840/frames_selected/frame_33704.png,This is a colonoscopy frame from a patient with a flat elevated mucosal adenoma polyp measuring 5 mm located in the rectum.
/workspace/igho/video_695_rango_30600_33840/frames_selected/frame_33705.png,This is a colonoscopy frame from a patient with a flat elevated mucosal adenoma polyp measuring 5 mm located in the rectum.
/workspace/igho/video_695_rango_30600_33840/frames_selected/frame_33706.png,This is a colonoscopy frame from a patient with a flat elevated mucosal adenoma polyp measuring 5 mm located in the rectum.
/workspace/igho/video_695_rango_30600_33840/frames_selected/frame_33707.png,This is a colonoscopy frame from a patient with a sessile adenoma polyp measuring 5 mm located in the rectum.
/workspace/igho/video_695_rango_30600_33840/frames_selected/frame_33708.png,This is a colonoscopy frame from a patient with a sessile adenoma polyp measuring 4 mm located in the rectum.
/workspace/igho/video_695_rango_30600_33840/frames_selected/frame_33709.png,This is a colonoscopy frame from a patient with a sessile adenoma polyp measuring 4 mm located in the rectum.
/workspace/igho/video_695_rango_30600_33840/frames_selected/frame_33710.png,This is a colonoscopy frame from a patient with a sessile adenoma polyp measuring 4 mm located in the rectum.
/workspace/igho/video_695_rango_30600_33840/frames_selected/frame_33711.png,This is a colonoscopy frame from a patient with a sessile adenoma polyp measuring 4 mm located in the rectum.
/workspace/igho/video_695_rango_30600_33840/frames_selected/frame_33712.png,This is a colonoscopy frame from a patient with a sessile adenoma polyp measuring 4 mm located in the rectum.
/workspace/igho/video_695_rango_30600_33840/frames_selected/frame_33713.png,This is a colonoscopy frame from a patient with a flat elevated mucosal adenoma polyp measuring 5 mm located in the rectum.
/workspace/igho/video_695_rango_30600_33840/frames_selected/frame_33714.png,This is a colonoscopy frame from a patient with a sessile adenoma polyp measuring 4 mm located in the rectum.
/workspace/igho/video_695_rango_30600_33840/frames_selected/frame_33715.png,This is a colonoscopy frame from a patient with a sessile adenoma polyp measuring 4 mm located in the rectum.
/workspace/igho/video_695_rango_30600_33840/frames_selected/frame_33716.png,This is a colonoscopy frame from a patient with a sessile adenoma polyp measuring 4 mm located in the rectum.
/workspace/igho/video_695_rango_30600_33840/frames_selected/frame_33717.png,This is a colonoscopy frame from a patient with a sessile adenoma polyp measuring 4 mm located in the rectum.
/workspace/igho/video_695_rango_30600_33840/frames_selected/frame_33718.png,This is a colonoscopy frame from a patient with a sessile adenoma polyp measuring 4 mm located in the rectum.
/workspace/igho/video_695_rango_30600_33840/frames_selected/frame_33719.png,This is a colonoscopy frame from a patient with a sessile adenoma polyp measuring 4 mm located in the rectum.
/workspace/igho/video_695_rango_30600_33840/frames_selected/frame_33720.png,This is a colonoscopy frame from a patient with a sessile adenoma polyp measuring 4 mm located in the rectum.
/workspace/igho/video_695_rango_30600_33840/frames_selected/frame_33721.png,This is a colonoscopy frame from a patient with a sessile adenoma polyp measuring 4 mm located in the rectum.
/workspace/igho/video_695_rango_30600_33840/frames_selected/frame_33722.png,This is a colonoscopy frame from a patient with a sessile adenoma polyp measuring 4 mm located in the rectum.
/workspace/igho/video_695_rango_30600_33840/frames_selected/frame_33723.png,This is a colonoscopy frame from a patient with a sessile adenoma polyp measuring 4 mm located in the rectum.
/workspace/igho/video_695_rango_30600_33840/frames_selected/frame_33724.png,This is a colonoscopy frame from a patient with a sessile adenoma polyp measuring 4 mm located in the rectum.
/workspace/igho/video_695_rango_30600_33840/frames_selected/frame_33725.png,This is a colonoscopy frame from a patient with a sessile adenoma polyp measuring 4 mm located in the rectum.
/workspace/igho/video_695_rango_30600_33840/frames_selected/frame_33726.png,This is a colonoscopy frame from a patient with a sessile adenoma polyp measuring 4 mm located in the rectum.
/workspace/igho/video_695_rango_30600_33840/frames_selected/frame_33727.png,This is a colonoscopy frame from a patient with a sessile adenoma polyp measuring 4 mm located in the rectum.
/workspace/igho/video_695_rango_30600_33840/frames_selected/frame_33728.png,This is a colonoscopy frame from a patient with a sessile adenoma polyp measuring 4 mm located in the rectum.
/workspace/igho/video_695_rango_30600_33840/frames_selected/frame_33729.png,This is a colonoscopy frame from a patient with a sessile adenoma polyp measuring 4 mm located in the rectum.
/workspace/igho/video_695_rango_30600_33840/frames_selected/frame_33730.png,This is a colonoscopy frame from a patient with a sessile adenoma polyp measuring 4 mm located in the rectum.
/workspace/igho/video_695_rango_30600_33840/frames_selected/frame_33731.png,This is a colonoscopy frame from a patient with a sessile adenoma polyp measuring 4 mm located in the rectum.
/workspace/igho/video_695_rango_30600_33840/frames_selected/frame_33732.png,This is a colonoscopy frame from a patient with a sessile adenoma polyp measuring 5 mm located in the rectum.
/workspace/igho/video_695_rango_30600_33840/frames_selected/frame_33733.png,This is a colonoscopy frame from a patient with a sessile adenoma polyp measuring 5 mm located in the rectum.
/workspace/igho/video_695_rango_30600_33840/frames_selected/frame_33734.png,This is a colonoscopy frame from a patient with a sessile adenoma polyp measuring 4 mm located in the rectum.
/workspace/igho/video_695_rango_30600_33840/frames_selected/frame_33735.png,This is a colonoscopy frame from a patient with a sessile adenoma polyp measuring 5 mm located in the rectum.
/workspace/igho/video_695_rango_30600_33840/frames_selected/frame_33736.png,This is a colonoscopy frame from a patient with a sessile adenoma polyp measuring 5 mm located in the rectum.
/workspace/igho/video_695_rango_30600_33840/frames_selected/frame_33737.png,This is a colonoscopy frame from a patient with a sessile adenoma polyp measuring 4 mm located in the rectum.
/workspace/igho/video_695_rango_30600_33840/frames_selected/frame_33738.png,This is a colonoscopy frame from a patient with a sessile adenoma polyp measuring 4 mm located in the rectum.
/workspace/igho/video_695_rango_30600_33840/frames_selected/frame_33739.png,This is a colonoscopy frame from a patient with a sessile adenoma polyp measuring 4 mm located in the rectum.
/workspace/igho/video_695_rango_30600_33840/frames_selected/frame_33740.png,This is a colonoscopy frame from a patient with a sessile adenoma polyp measuring 5 mm located in the rectum.
/workspace/igho/video_695_rango_30600_33840/frames_selected/frame_33741.png,This is a colonoscopy frame from a patient with a sessile adenoma polyp measuring 4 mm located in the rectum.
/workspace/igho/video_695_rango_30600_33840/frames_selected/frame_33742.png,This is a colonoscopy frame from a patient with a sessile adenoma polyp measuring 4 mm located in the rectum.
/workspace/igho/video_695_rango_30600_33840/frames_selected/frame_33743.png,This is a colonoscopy frame from a patient with a sessile adenoma polyp measuring 5 mm located in the rectum.
/workspace/igho/video_695_rango_30600_33840/frames_selected/frame_33744.png,This is a colonoscopy frame from a patient with a flat elevated mucosal adenoma polyp measuring 4 mm located in the rectum.
/workspace/igho/video_695_rango_30600_33840/frames_selected/frame_33745.png,This is a colonoscopy frame from a patient with a flat elevated mucosal adenoma polyp measuring 4 mm located in the rectum.
/workspace/igho/video_695_rango_30600_33840/frames_selected/frame_33746.png,This is a colonoscopy frame from a patient with a sessile adenoma polyp measuring 4 mm located in the rectum.
/workspace/igho/video_695_rango_30600_33840/frames_selected/frame_33747.png,This is a colonoscopy frame from a patient with a sessile adenoma polyp measuring 4 mm located in the rectum.
/workspace/igho/video_695_rango_30600_33840/frames_selected/frame_33748.png,This is a colonoscopy frame from a patient with a sessile adenoma polyp measuring 4 mm located in the rectum.
/workspace/igho/video_695_rango_30600_33840/frames_selected/frame_33749.png,This is a colonoscopy frame from a patient with a sessile adenoma polyp measuring 4 mm located in the rectum.
/workspace/igho/video_695_rango_30600_33840/frames_selected/frame_33750.png,This is a colonoscopy frame from a patient with no polyps.
/workspace/igho/video_695_rango_30600_33840/frames_selected/frame_33751.png,This is a colonoscopy frame from a patient with no polyps.
/workspace/igho/video_695_rango_30600_33840/frames_selected/frame_33752.png,This is a colonoscopy frame from a patient with a flat elevated mucosal adenoma polyp measuring 4 mm located in the rectum.
/workspace/igho/video_695_rango_30600_33840/frames_selected/frame_33753.png,This is a colonoscopy frame from a patient with no polyps.
/workspace/igho/video_695_rango_30600_33840/frames_selected/frame_33754.png,This is a colonoscopy frame from a patient with no polyps.
/workspace/igho/video_695_rango_30600_33840/frames_selected/frame_33755.png,This is a colonoscopy frame from a patient with a sessile adenoma polyp measuring 4 mm located in the rectum.
/workspace/igho/video_695_rango_30600_33840/frames_selected/frame_33756.png,This is a colonoscopy frame from a patient with a sessile adenoma polyp measuring 4 mm located in the rectum.
/workspace/igho/video_695_rango_30600_33840/frames_selected/frame_33757.png,This is a colonoscopy frame from a patient with a sessile adenoma polyp measuring 4 mm located in the rectum.
/workspace/igho/video_695_rango_30600_33840/frames_selected/frame_33758.png,This is a colonoscopy frame from a patient with no polyps.
/workspace/igho/video_695_rango_30600_33840/frames_selected/frame_33759.png,This is a colonoscopy frame from a patient with a sessile adenoma polyp measuring 4 mm located in the rectum.
/workspace/igho/video_695_rango_30600_33840/frames_selected/frame_33760.png,This is a colonoscopy frame from a patient with a sessile adenoma polyp measuring 4 mm located in the rectum.
/workspace/igho/video_695_rango_30600_33840/frames_selected/frame_33761.png,This is a colonoscopy frame from a patient with no polyps.
/workspace/igho/video_695_rango_30600_33840/frames_selected/frame_33762.png,This is a colonoscopy frame from a patient with a sessile adenoma polyp measuring 4 mm located in the rectum.
/workspace/igho/video_695_rango_30600_33840/frames_selected/frame_33763.png,This is a colonoscopy frame from a patient with a sessile adenoma polyp measuring 4 mm located in the rectum.
/workspace/igho/video_695_rango_30600_33840/frames_selected/frame_33764.png,This is a colonoscopy frame from a patient with a sessile adenoma polyp measuring 4 mm located in the rectum.
/workspace/igho/video_695_rango_30600_33840/frames_selected/frame_33765.png,This is a colonoscopy frame from a patient with a sessile adenoma polyp measuring 4 mm located in the rectum.
/workspace/igho/video_695_rango_30600_33840/frames_selected/frame_33766.png,This is a colonoscopy frame from a patient with a sessile adenoma polyp measuring 4 mm located in the rectum.
/workspace/igho/video_695_rango_30600_33840/frames_selected/frame_33767.png,This is a colonoscopy frame from a patient with a sessile adenoma polyp measuring 4 mm located in the rectum.
/workspace/igho/video_695_rango_30600_33840/frames_selected/frame_33768.png,This is a colonoscopy frame from a patient with a sessile adenoma polyp measuring 4 mm located in the rectum.
/workspace/igho/video_695_rango_30600_33840/frames_selected/frame_33769.png,This is a colonoscopy frame from a patient with a sessile adenoma polyp measuring 4 mm located in the rectum.
/workspace/igho/video_695_rango_30600_33840/frames_selected/frame_33770.png,This is a colonoscopy frame from a patient with a sessile adenoma polyp measuring 4 mm located in the rectum.
/workspace/igho/video_695_rango_30600_33840/frames_selected/frame_33771.png,This is a colonoscopy frame from a patient with a sessile adenoma polyp measuring 4 mm located in the rectum.
/workspace/igho/video_695_rango_30600_33840/frames_selected/frame_33772.png,This is a colonoscopy frame from a patient with a sessile adenoma polyp measuring 4 mm located in the rectum.
/workspace/igho/video_695_rango_30600_33840/frames_selected/frame_33773.png,This is a colonoscopy frame from a patient with a sessile adenoma polyp measuring 4 mm located in the rectum.
/workspace/igho/video_695_rango_30600_33840/frames_selected/frame_33774.png,This is a colonoscopy frame from a patient with a sessile adenoma polyp measuring 4 mm located in the rectum.
/workspace/igho/video_695_rango_30600_33840/frames_selected/frame_33775.png,This is a colonoscopy frame from a patient with a sessile adenoma polyp measuring 4 mm located in the rectum.
/workspace/igho/video_695_rango_30600_33840/frames_selected/frame_33776.png,This is a colonoscopy frame from a patient with a sessile adenoma polyp measuring 4 mm located in the rectum.
/workspace/igho/video_695_rango_30600_33840/frames_selected/frame_33777.png,This is a colonoscopy frame from a patient with a sessile adenoma polyp measuring 4 mm located in the rectum.
/workspace/igho/video_695_rango_30600_33840/frames_selected/frame_33778.png,This is a colonoscopy frame from a patient with a sessile adenoma polyp measuring 4 mm located in the rectum.
/workspace/igho/video_695_rango_30600_33840/frames_selected/frame_33779.png,This is a colonoscopy frame from a patient with a sessile adenoma polyp measuring 4 mm located in the rectum.
/workspace/igho/video_695_rango_30600_33840/frames_selected/frame_33780.png,This is a colonoscopy frame from a patient with a sessile adenoma polyp measuring 4 mm located in the rectum.
/workspace/igho/video_695_rango_30600_33840/frames_selected/frame_33781.png,This is a colonoscopy frame from a patient with a sessile adenoma polyp measuring 4 mm located in the rectum.
/workspace/igho/video_695_rango_30600_33840/frames_selected/frame_33782.png,This is a colonoscopy frame from a patient with a sessile adenoma polyp measuring 4 mm located in the rectum.
/workspace/igho/video_695_rango_30600_33840/frames_selected/frame_33783.png,This is a colonoscopy frame from a patient with a sessile adenoma polyp measuring 4 mm located in the rectum.
/workspace/igho/video_695_rango_30600_33840/frames_selected/frame_33784.png,This is a colonoscopy frame from a patient with a sessile adenoma polyp measuring 4 mm located in the rectum.
/workspace/igho/video_695_rango_30600_33840/frames_selected/frame_33785.png,This is a colonoscopy frame from a patient with a sessile adenoma polyp measuring 4 mm located in the rectum.
/workspace/igho/video_695_rango_30600_33840/frames_selected/frame_33786.png,This is a colonoscopy frame from a patient with a sessile adenoma polyp measuring 4 mm located in the rectum.
/workspace/igho/video_695_rango_30600_33840/frames_selected/frame_33787.png,This is a colonoscopy frame from a patient with a sessile adenoma polyp measuring 4 mm located in the rectum.
/workspace/igho/video_695_rango_30600_33840/frames_selected/frame_33788.png,This is a colonoscopy frame from a patient with a sessile adenoma polyp measuring 4 mm located in the rectum.
/workspace/igho/video_695_rango_30600_33840/frames_selected/frame_33789.png,This is a colonoscopy frame from a patient with no polyps.
/workspace/igho/video_695_rango_30600_33840/frames_selected/frame_33790.png,This is a colonoscopy frame from a patient with no polyps.
/workspace/igho/video_695_rango_30600_33840/frames_selected/frame_33791.png,This is a colonoscopy frame from a patient with a sessile adenoma polyp measuring 4 mm located in the rectum.
/workspace/igho/video_695_rango_30600_33840/frames_selected/frame_33792.png,This is a colonoscopy frame from a patient with no polyps.
/workspace/igho/video_695_rango_30600_33840/frames_selected/frame_33793.png,This is a colonoscopy frame from a patient with no polyps.
/workspace/igho/video_695_rango_30600_33840/frames_selected/frame_33794.png,This is a colonoscopy frame from a patient with a sessile adenoma polyp measuring 4 mm located in the rectum.
/workspace/igho/video_695_rango_30600_33840/frames_selected/frame_33795.png,This is a colonoscopy frame from a patient with no polyps.
/workspace/igho/video_695_rango_30600_33840/frames_selected/frame_33796.png,This is a colonoscopy frame from a patient with no polyps.
/workspace/igho/video_695_rango_30600_33840/frames_selected/frame_33797.png,This is a colonoscopy frame from a patient with no polyps.
/workspace/igho/video_695_rango_30600_33840/frames_selected/frame_33798.png,This is a colonoscopy frame from a patient with no polyps.
/workspace/igho/video_695_rango_30600_33840/frames_selected/frame_33799.png,This is a colonoscopy frame from a patient with no polyps.
/workspace/igho/video_695_rango_30600_33840/frames_selected/frame_33800.png,This is a colonoscopy frame from a patient with no polyps.
/workspace/igho/video_695_rango_30600_33840/frames_selected/frame_33801.png,This is a colonoscopy frame from a patient with no polyps.
/workspace/igho/video_695_rango_30600_33840/frames_selected/frame_33802.png,This is a colonoscopy frame from a patient with no polyps.
/workspace/igho/video_695_rango_30600_33840/frames_selected/frame_33803.png,This is a colonoscopy frame from a patient with no polyps.
/workspace/igho/video_695_rango_30600_33840/frames_selected/frame_33804.png,This is a colonoscopy frame from a patient with a sessile adenoma polyp measuring 4 mm located in the sigmoid colon.
/workspace/igho/video_695_rango_30600_33840/frames_selected/frame_33805.png,This is a colonoscopy frame from a patient with a sessile adenoma polyp measuring 4 mm located in the sigmoid colon.
/workspace/igho/video_695_rango_30600_33840/frames_selected/frame_33806.png,This is a colonoscopy frame from a patient with no polyps.
/workspace/igho/video_695_rango_30600_33840/frames_selected/frame_33807.png,This is a colonoscopy frame from a patient with a sessile adenoma polyp measuring 4 mm located in the sigmoid colon.
/workspace/igho/video_695_rango_30600_33840/frames_selected/frame_33808.png,This is a colonoscopy frame from a patient with a sessile adenoma polyp measuring 4 mm located in the sigmoid colon.
/workspace/igho/video_695_rango_30600_33840/frames_selected/frame_33809.png,This is a colonoscopy frame from a patient with no polyps.
/workspace/igho/video_695_rango_30600_33840/frames_selected/frame_33810.png,This is a colonoscopy frame from a patient with a sessile adenoma polyp measuring 4 mm located in the sigmoid colon.
/workspace/igho/video_695_rango_30600_33840/frames_selected/frame_33811.png,This is a colonoscopy frame from a patient with a sessile adenoma polyp measuring 4 mm located in the sigmoid colon.
/workspace/igho/video_695_rango_30600_33840/frames_selected/frame_33812.png,This is a colonoscopy frame from a patient with a sessile adenoma polyp measuring 4 mm located in the sigmoid colon.
/workspace/igho/video_695_rango_30600_33840/frames_selected/frame_33813.png,This is a colonoscopy frame from a patient with a sessile adenoma polyp measuring 4 mm located in the sigmoid colon.
/workspace/igho/video_695_rango_30600_33840/frames_selected/frame_33814.png,This is a colonoscopy frame from a patient with a sessile adenoma polyp measuring 4 mm located in the sigmoid colon.
/workspace/igho/video_695_rango_30600_33840/frames_selected/frame_33815.png,This is a colonoscopy frame from a patient with a sessile adenoma polyp measuring 4 mm located in the sigmoid colon.
/workspace/igho/video_695_rango_30600_33840/frames_selected/frame_33816.png,This is a colonoscopy frame from a patient with a sessile adenoma polyp measuring 4 mm located in the sigmoid colon.
/workspace/igho/video_695_rango_30600_33840/frames_selected/frame_33817.png,This is a colonoscopy frame from a patient with a sessile adenoma polyp measuring 4 mm located in the sigmoid colon.
/workspace/igho/video_695_rango_30600_33840/frames_selected/frame_33818.png,This is a colonoscopy frame from a patient with a sessile adenoma polyp measuring 4 mm located in the sigmoid colon.
/workspace/igho/video_695_rango_30600_33840/frames_selected/frame_33819.png,This is a colonoscopy frame from a patient with a sessile adenoma polyp measuring 4 mm located in the sigmoid colon.
/workspace/igho/video_695_rango_30600_33840/frames_selected/frame_33820.png,This is a colonoscopy frame from a patient with a sessile adenoma polyp measuring 4 mm located in the sigmoid colon.
/workspace/igho/video_695_rango_30600_33840/frames_selected/frame_33821.png,This is a colonoscopy frame from a patient with a sessile adenoma polyp measuring 4 mm located in the sigmoid colon.
/workspace/igho/video_695_rango_30600_33840/frames_selected/frame_33822.png,This is a colonoscopy frame from a patient with a sessile adenoma polyp measuring 4 mm located in the sigmoid colon.
/workspace/igho/video_695_rango_30600_33840/frames_selected/frame_33823.png,This is a colonoscopy frame from a patient with a sessile adenoma polyp measuring 4 mm located in the sigmoid colon.
/workspace/igho/video_695_rango_30600_33840/frames_selected/frame_33824.png,This is a colonoscopy frame from a patient with a sessile adenoma polyp measuring 4 mm located in the sigmoid colon.
/workspace/igho/video_695_rango_30600_33840/frames_selected/frame_33825.png,This is a colonoscopy frame from a patient with no polyps.
/workspace/igho/video_695_rango_30600_33840/frames_selected/frame_33826.png,This is a colonoscopy frame from a patient with no polyps.
/workspace/igho/video_695_rango_30600_33840/frames_selected/frame_33827.png,This is a colonoscopy frame from a patient with a sessile adenoma polyp measuring 4 mm located in the sigmoid colon.
/workspace/igho/video_695_rango_30600_33840/frames_selected/frame_33828.png,This is a colonoscopy frame from a patient with no polyps.
/workspace/igho/video_695_rango_30600_33840/frames_selected/frame_33829.png,This is a colonoscopy frame from a patient with no polyps.
/workspace/igho/video_695_rango_30600_33840/frames_selected/frame_33830.png,This is a colonoscopy frame from a patient with a sessile adenoma polyp measuring 4 mm located in the sigmoid colon.
/workspace/igho/video_695_rango_30600_33840/frames_selected/frame_33831.png,This is a colonoscopy frame from a patient with a sessile adenoma polyp measuring 4 mm located in the sigmoid colon.
/workspace/igho/video_695_rango_30600_33840/frames_selected/frame_33832.png,This is a colonoscopy frame from a patient with a sessile adenoma polyp measuring 4 mm located in the sigmoid colon.
/workspace/igho/video_695_rango_30600_33840/frames_selected/frame_33833.png,This is a colonoscopy frame from a patient with no polyps.
/workspace/igho/video_695_rango_30600_33840/frames_selected/frame_33834.png,This is a colonoscopy frame from a patient with a sessile adenoma polyp measuring 4 mm located in the sigmoid colon.
/workspace/igho/video_695_rango_30600_33840/frames_selected/frame_33835.png,This is a colonoscopy frame from a patient with a sessile adenoma polyp measuring 4 mm located in the sigmoid colon.
/workspace/igho/video_695_rango_30600_33840/frames_selected/frame_33836.png,This is a colonoscopy frame from a patient with no polyps.
/workspace/igho/video_695_rango_30600_33840/frames_selected/frame_33837.png,This is a colonoscopy frame from a patient with a sessile adenoma polyp measuring 4 mm located in the sigmoid colon.
/workspace/igho/video_695_rango_30600_33840/frames_selected/frame_33838.png,This is a colonoscopy frame from a patient with a sessile adenoma polyp measuring 4 mm located in the sigmoid colon.
/workspace/igho/video_695_rango_30600_33840/frames_selected/frame_33839.png,This is a colonoscopy frame from a patient with a sessile adenoma polyp measuring 4 mm located in the sigmoid colon.
/workspace/igho/video_695_rango_30600_33840/frames_selected/frame_33840.png,This is a colonoscopy frame from a patient with a sessile adenoma polyp measuring 4 mm located in the sigmoid colon.
